year,title,authors,venue,publicationDate,citationCount,category,keywordTags,doi,sourceId,url,workType,language,relevanceScore,relevanceReason,abstractSnippet
1985,Two receptor systems for corticosterone in rat brain: microdistribution and differential occupation.,"J. Reul, E. R. Kloet",Endocrinology,1985-12-01,2707,General Brain-AI Structure Reviews and Methods,brain-structure,10.1210/ENDO-117-6-2505,81d9daa29cf3b7df606e9c293269d1c0e16b490f,https://doi.org/10.1210/ENDO-117-6-2505,JournalArticle,unknown,4,brain; brain/neural structure in title,
1985,Epilepsy and the functional anatomy of the human brain,"W. Penfield, H. Jasper",Unknown venue,1985,2116,Clinical NeuroAI and Brain Disorders,brain-structure;clinical-neuroai,,70c53af9eae2eab8c60b70e42ca42aaa47bf5ff9,https://www.semanticscholar.org/paper/70c53af9eae2eab8c60b70e42ca42aaa47bf5ff9,paper,unknown,4,brain; brain/neural structure in title,
1985,Quantitative autoradiographic mapping of serotonin receptors in the rat brain. I. Serotonin-1 receptors.,"Á. Pazos, J. Palacios",Brain Research,1985-11-04,1858,"Connectomics, Graph Models, and Brain Networks",brain-structure;connectome,10.1016/0006-8993(85)90856-X,fdb8e682df2d6234c00041b60828de508bea4651,https://doi.org/10.1016/0006-8993(85)90856-X,JournalArticle,unknown,8,brain; brain/neural structure in title; historical computation/learning bridge,
1985,Graphical Evaluation of Blood-to-Brain Transfer Constants from Multiple-Time Uptake Data. Generalizations,"C. Patlak, R. Blasberg",Journal of Cerebral Blood Flow and Metabolism,1985-12-01,1772,"Connectomics, Graph Models, and Brain Networks",brain-structure;connectome,10.1038/jcbfm.1985.87,d74c3d3f3ef3879f6ddc101ad790e5ae4732d399,https://doi.org/10.1038/jcbfm.1985.87,JournalArticle,unknown,8,brain; brain/neural structure in title; historical computation/learning bridge,
1985,Current source-density method and application in cat cerebral cortex: investigation of evoked potentials and EEG phenomena.,U. Mitzdorf,Physiological Reviews,1985,1752,"Electrophysiology, Neural Signals, and AI Decoding",brain-structure;neural-signals,10.1152/PHYSREV.1985.65.1.37,fc3681ef39409c0a02be2b5729ed62a5d679a6b8,https://doi.org/10.1152/PHYSREV.1985.65.1.37,Review; JournalArticle,unknown,7,brain; cerebral; cortex; eeg; brain/neural structure in title,
1985,Limbic seizure and brain damage produced by kainic acid: mechanisms and relevance to human temporal lobe epilepsy.,Y. Ben-Ari,Neuroscience,1985-02-01,1742,General Brain-AI Structure Reviews and Methods,brain-structure;clinical-neuroai,10.1016/0306-4522(85)90299-4,421aff7da83c500add85cab838e255a65b3b8534,https://doi.org/10.1016/0306-4522(85)90299-4,Review; JournalArticle; Study,unknown,4,brain; brain/neural structure in title,
1985,The distribution of tau in the mammalian central nervous system,"L. Binder, A. Frankfurter, L. Rebhun",Journal of Cell Biology,1985-10-01,1525,"Cellular, Synaptic, and Neuromorphic Foundations",brain-structure;neuroimaging,10.1083/jcb.101.4.1371,a05fdf29472de7f028eb675e4cf3ffd71ec8b324,https://doi.org/10.1083/jcb.101.4.1371,JournalArticle; Study,unknown,14,brain; neuron; neuromorphic; explicit brain-structure/AI bridge,We have determined the biochemical and immunocytochemical localization of the heterogeneous microtubule-associated protein tau using a monoclonal antibody that binds to all of the tau polypeptides in both bovine and rat brain.
1985,"Amplification, enhanced expression and possible rearrangement of EGF receptor gene in primary human brain tumours of glial origin","T. Libermann, Harris R. Nusbaum, N. Razon, R. Kris, I. Lax, H. Soreq, et al.",Nature,1985-01-10,1524,General Brain-AI Structure Reviews and Methods,brain-structure,10.1038/313144A0,80b86fc638a04c9d9d395f1674450bd19c3fd510,https://doi.org/10.1038/313144A0,JournalArticle,unknown,4,brain; brain/neural structure in title,
1985,Effect of anoxia on ion distribution in the brain.,A. Hansen,Physiological Reviews,1985,1376,General Brain-AI Structure Reviews and Methods,brain-structure,10.1152/PHYSREV.1985.65.1.101,e56a4f89c6e95a6a647692ad07bbfcf4b8af955a,https://doi.org/10.1152/PHYSREV.1985.65.1.101,Review; JournalArticle; Study,unknown,4,brain; brain/neural structure in title,
1985,Developmental dyslexia: Four consecutive patients with cortical anomalies,"A. Galaburda, G. Sherman, G. Rosen, F. Aboitiz, N. Geschwind",Annals of Neurology,1985-08-01,1310,Clinical NeuroAI and Brain Disorders,brain-structure;clinical-neuroai,10.1002/ANA.410180210,cdd2d044207d0d8c024f555ef07759049a566dbe,https://doi.org/10.1002/ANA.410180210,JournalArticle; CaseReport,unknown,2,brain; cortical,
1985,"Parkinsonism-inducing neurotoxin, N-methyl-4-phenyl-1,2,3,6 -tetrahydropyridine: uptake of the metabolite N-methyl-4-phenylpyridine by dopamine neurons explains selective toxicity.","J. Javitch, R. D'Amato, S. Strittmatter, S. Snyder",Proceedings of the National Academy of Sciences of the United States of America,1985-04-01,1295,"Cellular, Synaptic, and Neuromorphic Foundations",clinical-neuroai,10.1073/PNAS.82.7.2173,ee2971aafef27ae7dec55733ac559a1fb7bd6172,https://doi.org/10.1073/PNAS.82.7.2173,JournalArticle,unknown,13,neuron; neuromorphic; explicit brain-structure/AI bridge,
1985,"Inhibition of NADH-linked oxidation in brain mitochondria by 1-methyl-4-phenyl-pyridine, a metabolite of the neurotoxin, 1-methyl-4-phenyl-1,2,5,6-tetrahydropyridine.","W. Nicklas, Ivy Vyas, R. Heikkila",Life Science,1985-07-01,1282,General Brain-AI Structure Reviews and Methods,brain-structure,10.1016/0024-3205(85)90146-8,2a71f5d432e6a5e551f54c0b73d46e854fbb2a3f,https://doi.org/10.1016/0024-3205(85)90146-8,JournalArticle,unknown,4,brain; brain/neural structure in title,
1985,Distribution of N-methyl-D-aspartate-sensitive L-[3H]glutamate-binding sites in rat brain,"D. Monaghan, C. Cotman",Journal of Neuroscience,1985-11-01,1277,"Connectomics, Graph Models, and Brain Networks",brain-structure;connectome,10.1523/JNEUROSCI.05-11-02909.1985,5571b767f6e0f81d8c94b724639cb61772adc1ed,https://doi.org/10.1523/JNEUROSCI.05-11-02909.1985,JournalArticle,unknown,14,brain; cerebral; cortex; hippocampus; basal ganglia; brainstem; brain/neural structure in title; historical computation/learning bridge,N-methyl-D-aspartate (NMDA) is an acidic amino acid which depolarizes neurons by selectively interacting with a distinct class of excitatory amino acid receptor.
1985,Inhibition of return : Neural basis and function,"M. Posner, R. Rafal, Lisa S. Choate, J. Vaughan",Unknown venue,1985-08-01,1229,General Brain-AI Structure Reviews and Methods,brain-structure,10.1080/02643298508252866,451c867b4eafc97453ed5573511c011b6909c8f2,https://doi.org/10.1080/02643298508252866,paper,unknown,5,brain; neural; brain/neural structure in title,
1985,"Left, right, hand and brain : the right shift theory",M. Annett,Unknown venue,1985,1155,General Brain-AI Structure Reviews and Methods,brain-structure,,7b1a478adc1439047e1bd26e675cad4364645af0,https://www.semanticscholar.org/paper/7b1a478adc1439047e1bd26e675cad4364645af0,paper,unknown,4,brain; brain/neural structure in title,
1985,Induction of reproducible brain infarction by photochemically initiated thrombosis,"B. Watson, W. Dietrich, R. Busto, M. Wachtel, M. Ginsberg",Annals of Neurology,1985-05-01,1135,General Brain-AI Structure Reviews and Methods,brain-structure,10.1002/ana.410170513,091e6b3849cef011376f1270ab27860236690172,https://doi.org/10.1002/ana.410170513,JournalArticle,unknown,4,brain; brain/neural structure in title,
1985,The anatomy of neuropeptide-Y-containing neurons in rat brain.,"B. Chronwall, D. Dimaggio, V. J. Massari, V. J. Massari, V. Pickel, D. Ruggiero, et al.",Neuroscience,1985-08-01,1100,"Cellular, Synaptic, and Neuromorphic Foundations",brain-structure,10.1016/0306-4522(85)90260-X,eb3ea0b9e01c27325bc799876511b5b780d1ad07,https://doi.org/10.1016/0306-4522(85)90260-X,JournalArticle,unknown,17,brain; neuron; neuromorphic; brain/neural structure in title; explicit brain-structure/AI bridge,
1985,"Nicotinic binding in rat brain: autoradiographic comparison of [3H]acetylcholine, [3H]nicotine, and [125I]-alpha-bungarotoxin","P. Clarke, R. Schwartz, S. Paul, C. Pert, A. Pert",Journal of Neuroscience,1985-05-01,1042,"Connectomics, Graph Models, and Brain Networks",brain-structure;connectome,10.1523/JNEUROSCI.05-05-01307.1985,4b6dff7298a19fbadd6c340f04c2e8a5349177af,https://doi.org/10.1523/JNEUROSCI.05-05-01307.1985,JournalArticle; Study,unknown,13,brain; cerebral; cortex; hippocampus; thalamus; hypothalamus; brain/neural structure in title; historical computation/learning bridge,"Three radioligands have been commonly used to label putative nicotinic cholinoceptors in the mammalian central nervous system: the agonists [3H]nicotine and [3H]acetylcholine ([3H]ACh--in the presence of atropine to block muscarinic receptors), and the snake venom extract, [125I]-alpha-bungarotoxin([125I]BTX), which acts as a nicotinic antagonist at the neuromuscular junction."
1985,Isolation of HTLV-III from cerebrospinal fluid and neural tissues of patients with neurologic syndromes related to the acquired immunodeficiency syndrome.,"D. Ho, T. Rota, R. Schooley, J. Kaplan, J. Allan, J. Groopman, et al.",New England Journal of Medicine,1985-12-12,1035,Clinical NeuroAI and Brain Disorders,brain-structure;clinical-neuroai,10.1056/NEJM198512123132401,c5aa06856bacfca3d62f042ca389d8356e0ad3a9,https://doi.org/10.1056/NEJM198512123132401,JournalArticle; CaseReport,unknown,5,brain; neural; brain/neural structure in title,
1985,Anatomical correlates of the distribution of the pathological changes in the neocortex in Alzheimer disease.,"R. Pearson, M. Esiri, R. Hiorns, G. Wilcock, T. Powell",Proceedings of the National Academy of Sciences of the United States of America,1985-07-01,1015,Clinical NeuroAI and Brain Disorders,brain-structure;clinical-neuroai,10.1073/PNAS.82.13.4531,471313f15a18191fbf1354077f2aee496a621583,https://doi.org/10.1073/PNAS.82.13.4531,JournalArticle,unknown,5,brain; cortex; brain/neural structure in title,
1985,Histoanatomic observations of the brain in early infantile autism,"M. Bauman, T. Kemper",Neurology,1985-06-01,932,General Brain-AI Structure Reviews and Methods,brain-structure,10.1212/WNL.35.6.866,bcbd08fb7ff7ee7296fda2e78fabb88b7876d499,https://doi.org/10.1212/WNL.35.6.866,JournalArticle; Study,unknown,4,brain; brain/neural structure in title,
1985,Immunohistochemical localization of macrophages and microglia in the adult and developing mouse brain.,"V. Perry, D. Hume, S. Gordon",Neuroscience,1985-06-01,914,General Brain-AI Structure Reviews and Methods,brain-structure,10.1016/0306-4522(85)90215-5,94e97422e2f459c4c974258c2329030bfecf6e34,https://doi.org/10.1016/0306-4522(85)90215-5,JournalArticle,unknown,4,brain; brain/neural structure in title,
1985,Human cerebral malaria. A quantitative ultrastructural analysis of parasitized erythrocyte sequestration.,"G. Macpherson, M. Warrell, N. White, S. Looareesuwan, D. Warrell",American Journal of Pathology,1985-06-01,891,General Brain-AI Structure Reviews and Methods,brain-structure,,0bdce06e4054e71a26244b0359ebda0ee437ad41,https://www.semanticscholar.org/paper/0bdce06e4054e71a26244b0359ebda0ee437ad41,JournalArticle,unknown,2,brain; cerebral,
1985,Basal Ganglia and Limbic System Pathology in Schizophrenia: A Morphometric Study of Brain Volume and Shrinkage,"B. Bogerts, E. Meertz, R. Schönfeldt-Bausch",Unknown venue,1985-08-01,888,General Brain-AI Structure Reviews and Methods,brain-structure,10.1001/ARCHPSYC.1985.01790310046006,b5d32d0a3cf328b59f3eeb58b182c1194c27fd6e,https://doi.org/10.1001/ARCHPSYC.1985.01790310046006,paper,unknown,5,brain; basal ganglia; brain/neural structure in title,
1985,"The suprachiasmatic nucleus of the human brain in relation to sex, age and senile dementia.","D. Swaab, E. Fliers, T. Partiman",Brain Research,1985-09-02,857,Clinical NeuroAI and Brain Disorders,brain-structure;clinical-neuroai,10.1016/0006-8993(85)91350-2,75dcf7da37e2d1d42587eba48f55bc9583de64a9,https://doi.org/10.1016/0006-8993(85)91350-2,JournalArticle; Study,unknown,4,brain; brain/neural structure in title,
1985,Interleukin-1 stimulation of astroglial proliferation after brain injury.,"D. Giulian, L. Lachman",Science,1985-04-26,827,General Brain-AI Structure Reviews and Methods,brain-structure,10.1126/SCIENCE.3872478,d26213f40477104684e35bd2186bcb91db92c960,https://doi.org/10.1126/SCIENCE.3872478,JournalArticle,unknown,4,brain; brain/neural structure in title,
1985,Organizational and activational effects of sex steroids on brain and behavior: a reanalysis.,"A. Arnold, S. M. Breedlove",Hormones and Behavior,1985-12-01,793,"Cognitive Architectures, Learning, and Systems Neuroscience",brain-structure,10.1016/0018-506X(85)90042-X,4bfee1ca097bd89f38e24fe585554b9168fc309a,https://doi.org/10.1016/0018-506X(85)90042-X,Review; JournalArticle; Study,unknown,16,brain; cognitive architecture; brain/neural structure in title; explicit brain-structure/AI bridge,
1985,Selective sparing of a class of striatal neurons in Huntington's disease.,"R. Ferrante, N. Kowall, Beal Mf, E. Richardson, E. Bird, Jens Martin",Science,1985-11-01,792,"Cellular, Synaptic, and Neuromorphic Foundations",,10.1126/SCIENCE.2931802,7bfc3b03791228dc5f2389c55ace7efff5ab47c0,https://doi.org/10.1126/SCIENCE.2931802,JournalArticle,unknown,13,neuron; neuromorphic; explicit brain-structure/AI bridge,
1985,What is the Correct Value for the Brain-Blood Partition Coefficient for Water?,"P. Herscovitch, M. Raichle",Journal of Cerebral Blood Flow and Metabolism,1985-03-01,761,General Brain-AI Structure Reviews and Methods,brain-structure,10.1038/jcbfm.1985.9,a19ef046198da6b2b118ef7adfc2852327abea70,https://doi.org/10.1038/jcbfm.1985.9,JournalArticle,unknown,4,brain; brain/neural structure in title,
1985,Glutamate stimulates inositol phosphate formation in striatal neurones,"F. Sladeczek, J. Pin, M. Récasens, J. Bockaert, S. Weiss",Nature,1985-10-24,759,"Cellular, Synaptic, and Neuromorphic Foundations",,10.1038/317717A0,56c8b6e5a909fb102185000e6425dc428279f8d7,https://doi.org/10.1038/317717A0,JournalArticle,unknown,13,neuron; neuromorphic; explicit brain-structure/AI bridge,
1985,"Evidence for a 'paravascular' fluid circulation in the mammalian central nervous system, provided by the rapid distribution of tracer protein throughout the brain from the subarachnoid space.","M. Rennels, Thomas F. Gregory, Blaumanis Or, K. Fujimoto, P. A. Grady",Brain Research,1985-02-04,739,General Brain-AI Structure Reviews and Methods,brain-structure,10.1016/0006-8993(85)91383-6,73572b7c454652ed713a7ca283391c98d07ea34a,https://doi.org/10.1016/0006-8993(85)91383-6,JournalArticle,unknown,4,brain; brain/neural structure in title,
1985,Loss of M2 muscarine receptors in the cerebral cortex in Alzheimer's disease and experimental cholinergic denervation.,"D. Mash, D. D. Flynn, L. Potter",Science,1985-05-31,708,Clinical NeuroAI and Brain Disorders,brain-structure;clinical-neuroai,10.1126/SCIENCE.3992249,3574be9d5461aabc6a5e40731635553deaf5eb3c,https://doi.org/10.1126/SCIENCE.3992249,JournalArticle,unknown,6,brain; cerebral; cortex; brain/neural structure in title,
1985,Glucocorticoids potentiate ischemic injury to neurons: therapeutic implications.,"R. Sapolsky, W. Pulsinelli",Science,1985-09-27,703,"Cellular, Synaptic, and Neuromorphic Foundations",,10.1126/SCIENCE.4035356,847abaa273cc58174211e8ae5e24297fbf975cd9,https://doi.org/10.1126/SCIENCE.4035356,JournalArticle,unknown,13,neuron; neuromorphic; explicit brain-structure/AI bridge,
1985,Ten Percent Electrode System for Topographic Studies of Spontaneous and Evoked EEG Activities,"G. Chatrian, E. Lettich, P. L. Nelson",Unknown venue,1985-06-01,697,"Electrophysiology, Neural Signals, and AI Decoding",connectome;neural-signals,10.1080/00029238.1985.11080163,f7144858d2b3c842f217f68ceaef0cc84e0c4e13,https://doi.org/10.1080/00029238.1985.11080163,paper,unknown,6,brain; eeg; historical computation/learning bridge,
1985,The brain connection: the corpus callosum is larger in left-handers.,S. F. Witelson,Science,1985-08-16,692,General Brain-AI Structure Reviews and Methods,brain-structure,10.1126/SCIENCE.4023705,cac1fdd4abeabcb7781891ad4d02051b7fa93186,https://doi.org/10.1126/SCIENCE.4023705,JournalArticle,unknown,4,brain; brain/neural structure in title,
1985,Primary structure of bovine pituitary basic fibroblast growth factor (FGF) and comparison with the amino-terminal sequence of bovine brain acidic FGF.,"F. Esch, A. Baird, N. Ling, N. Ueno, Fred Hill, L. Denoroy, et al.",Proceedings of the National Academy of Sciences of the United States of America,1985-10-01,653,General Brain-AI Structure Reviews and Methods,brain-structure,10.1073/PNAS.82.19.6507,0753d1af7047df084d1f02cf8fe52689a1f9f640,https://doi.org/10.1073/PNAS.82.19.6507,JournalArticle; Study,unknown,4,brain; brain/neural structure in title,
1985,The neostriatal mosaic: compartmental distribution of calcium-binding protein and parvalbumin in the basal ganglia of the rat and monkey.,"C. Gerfen, Kenneth G. BAIMBRIDGEt, James J. MILLERt",Proceedings of the National Academy of Sciences of the United States of America,1985-12-01,649,General Brain-AI Structure Reviews and Methods,,10.1073/PNAS.82.24.8780,d4470f2b813f844023248c0e117788985dfe9044,https://doi.org/10.1073/PNAS.82.24.8780,JournalArticle,unknown,2,brain; basal ganglia,
1985,Evidence of Chaotic Dynamics of Brain Activity During the Sleep Cycle,"A. Babloyantz, J. Salazar, C. Nicolis",Unknown venue,1985-09-02,634,General Brain-AI Structure Reviews and Methods,brain-structure,10.1016/0375-9601(85)90444-X,58dd2e8d91e31b94654099b8bb3f4ce2ebcce12f,https://doi.org/10.1016/0375-9601(85)90444-X,paper,unknown,4,brain; brain/neural structure in title,
1985,Regional distribution of type II Ca2+/calmodulin-dependent protein kinase in rat brain,"N. Erondu, M. Kennedy",Journal of Neuroscience,1985-12-01,633,General Brain-AI Structure Reviews and Methods,brain-structure,10.1523/JNEUROSCI.05-12-03270.1985,95e469358c72695a6a4e364bee37f7b2215024d6,https://doi.org/10.1523/JNEUROSCI.05-12-03270.1985,JournalArticle,unknown,9,brain; cortex; cortical; hippocampus; cerebellum; neuron; brain/neural structure in title,The distribution of type II Ca2+/calmodulin-dependent protein kinase has been mapped in rat brain by immunochemical and immunohistochemical methods using an antibody against its alpha-subunit.
1985,Localization of cortical areas activated by thinking.,"P. Roland, L. Friberg",Journal of Neurophysiology,1985-05-01,620,General Brain-AI Structure Reviews and Methods,brain-structure,10.1152/JN.1985.53.5.1219,51e6e957853a42dad95695a46b8e8360cdc56e1f,https://doi.org/10.1152/JN.1985.53.5.1219,JournalArticle,unknown,2,brain; cortical,
1985,Expression in brain of a messenger RNA encoding a novel neuropeptide homologous to calcitonin gene-related peptide.,"S. Amara, J. Arriza, S. Leff, L. Swanson, R. Evans, M. Rosenfeld",Science,1985-09-13,619,"Brain Decoding, Representation Learning, and BCI",brain-structure,10.1126/SCIENCE.2994212,c15bb02f3c6f4cb3308f22a54592a4887862b68d,https://doi.org/10.1126/SCIENCE.2994212,JournalArticle,unknown,24,brain; decoding; representation learning; bci; brain/neural structure in title; explicit brain-structure/AI bridge,
1985,A novel brain ATPase with properties expected for the fast axonal transport motor,S. Brady,Nature,1985,607,General Brain-AI Structure Reviews and Methods,brain-structure,10.1038/317073A0,581cc2a5ae7dca39fb9c170465cb1ee5771b082a,https://doi.org/10.1038/317073A0,JournalArticle,unknown,4,brain; brain/neural structure in title,
1985,Cerebral metabolic rates for glucose in mood disorders. Studies with positron emission tomography and fluorodeoxyglucose F 18.,"L. Baxter, M. Phelps, J. Mazziotta, Jeffrey M. Schwartz, R. Gerner, C. Selin, et al.",Archives of General Psychiatry,1985-05-01,592,"Connectomics, Graph Models, and Brain Networks",brain-structure;connectome,10.1001/ARCHPSYC.1985.01790280019002,bb2aa972d6179f100fcece0c94ccc9df4c7f9f1f,https://doi.org/10.1001/ARCHPSYC.1985.01790280019002,JournalArticle; Study,unknown,6,brain; cerebral; historical computation/learning bridge,
1985,"Isolation, sequencing, synthesis, and pharmacological characterization of two brain neuropeptides that modulate the action of morphine.","H. Y. Yang, W. Fratta, E. Majane, E. Costa",Proceedings of the National Academy of Sciences of the United States of America,1985-11-01,584,General Brain-AI Structure Reviews and Methods,brain-structure,10.1073/PNAS.82.22.7757,fdb2afd133386fbbd580b1867259d9d4aeee0449,https://doi.org/10.1073/PNAS.82.22.7757,JournalArticle,unknown,4,brain; brain/neural structure in title,
1985,"Spatial EEG patterns, non-linear dynamics and perception: the neo-Sherringtonian view.","W. Freeman, C. Skarda",Brain Research,1985-12-01,559,"Cellular, Synaptic, and Neuromorphic Foundations",brain-structure;neural-signals;neuromorphic-bci,10.1016/0165-0173(85)90022-0,c38a0f653fba479343b9e6779c21183020bbe5fe,https://doi.org/10.1016/0165-0173(85)90022-0,Review; JournalArticle,unknown,19,brain; cerebral; cortex; cortical; eeg; neural; neuromorphic; explicit brain-structure/AI bridge,Spatial analysis with preamplifier arrays and computers offers fresh perspectives on brain function.
1985,"Molecular pharmacology of 5-HT1 and 5-HT2 recognition sites in rat and pig brain membranes: radioligand binding studies with [3H]5-HT, [3H]8-OH-DPAT, (-)[125I]iodocyanopindolol, [3H]mesulergine and [3H]ketanserin.","D. Hoyer, G. Engel, H. Kalkman",European Journal of Pharmacology,1985-11-26,558,"Electrophysiology, Neural Signals, and AI Decoding",brain-structure;neural-signals,10.1016/0014-2999(85)90658-2,c633f847517b5a3320720357e27c5654d063d1e9,https://doi.org/10.1016/0014-2999(85)90658-2,JournalArticle,unknown,17,brain; ecog; cognitive architecture; brain/neural structure in title; explicit brain-structure/AI bridge,
1985,Cerebral intracellular pH by 31P nuclear magnetic resonance spectroscopy,"O. Petroff, J. Prichard, K. Behar, J. Alger, J. D. den Hollander, R. Shulman",Neurology,1985-06-01,552,"Cellular, Synaptic, and Neuromorphic Foundations",brain-structure;neuroimaging,10.1212/WNL.35.6.781,01803bf294cee5b5cf41a749ce582784ec842e68,https://doi.org/10.1212/WNL.35.6.781,JournalArticle; Study,unknown,13,cerebral; neuromorphic; explicit brain-structure/AI bridge,
1985,"The primate premotor cortex: past, present, and preparatory.",S. Wise,Annual Review of Neuroscience,1985,545,General Brain-AI Structure Reviews and Methods,brain-structure,10.1146/ANNUREV.NE.08.030185.000245,1bd0a550e95cd98c9b4640aa2e43f4bafa810b21,https://doi.org/10.1146/ANNUREV.NE.08.030185.000245,Review; JournalArticle,unknown,5,brain; cortex; brain/neural structure in title,
1985,Architecture and Connections of Cortical Association Areas,"D. Pandya, E. Yeterian",Unknown venue,1985,539,General Brain-AI Structure Reviews and Methods,brain-structure,10.1007/978-1-4757-9619-3_1,fb5a2135ffda8d5cccad6aae5bf047ccd4d2fde6,https://doi.org/10.1007/978-1-4757-9619-3_1,paper,unknown,2,brain; cortical,
1985,EEG quantitation of narcotic effect: the comparative pharmacodynamics of fentanyl and alfentanil.,"J. Scott, K. V. Ponganis, D. Stanski",Anesthesiology,1985-03-01,538,"Electrophysiology, Neural Signals, and AI Decoding",neural-signals,10.1097/00000542-198503000-00005,7c9e3cb2adfbd9a5cefe1a42922c3c50142389c5,https://doi.org/10.1097/00000542-198503000-00005,JournalArticle; Study,unknown,14,eeg; neural; decoding; explicit brain-structure/AI bridge,
1985,The vasopressinergic innervation of the brain in normal and castrated rats,"G. Devries, R. M. Buijs, F. V. Leeuwen, A. R. Caffé, Dick F. Swaab",The Journal of comparative neurology,1985-03-08,537,General Brain-AI Structure Reviews and Methods,brain-structure,10.1002/CNE.902330206,e9f1cb2a2021328854accab76b1c96284265d4a7,https://doi.org/10.1002/CNE.902330206,JournalArticle,unknown,4,brain; brain/neural structure in title,
1985,The central neural connections of the area postrema of the rat,"R. Shapiro, R. Miselis",The Journal of comparative neurology,1985-04-15,531,General Brain-AI Structure Reviews and Methods,brain-structure,10.1002/cne.902340306,4e5e3a9b252a0ade3c483aa902c90c9b8bc10d47,https://doi.org/10.1002/cne.902340306,JournalArticle,unknown,5,brain; neural; brain/neural structure in title,
1985,A sexually dimorphic nucleus in the human brain.,"D. Swaab, E. Fliers",Science,1985-05-31,509,General Brain-AI Structure Reviews and Methods,brain-structure,10.1126/SCIENCE.3992248,15de3c6210f378e521162947f949dcec05ea39fe,https://doi.org/10.1126/SCIENCE.3992248,JournalArticle; Study,unknown,4,brain; brain/neural structure in title,
1985,Specific in vitro and in vivo binding of 3H-raclopride. A potent substituted benzamide drug with high affinity for dopamine D-2 receptors in the rat brain.,"C. Köhler, Håkan Hall, Sven Ove Ögren, L. Gawell",Biochemical Pharmacology,1985-07-01,503,General Brain-AI Structure Reviews and Methods,brain-structure,10.1016/0006-2952(85)90778-6,963629374fa79fd056755fe0dfebbe4fa0328dd2,https://doi.org/10.1016/0006-2952(85)90778-6,JournalArticle,unknown,4,brain; brain/neural structure in title,
1985,Distinct monoamine oxidase A and B populations in primate brain.,"K. Westlund, R. Denney, L. Kochersperger, R. M. Rose, C. Abell",Science,1985-10-11,499,General Brain-AI Structure Reviews and Methods,brain-structure,10.1126/SCIENCE.3875898,05b4ca5a637e0243ff6127ff9387fcf74caf042a,https://doi.org/10.1126/SCIENCE.3875898,JournalArticle,unknown,4,brain; brain/neural structure in title,
1985,Protein kinases in the brain.,"Angus C. Naira, H. Hemmings, P. Greengard",Annual Review of Biochemistry,1985,495,General Brain-AI Structure Reviews and Methods,brain-structure,10.1146/ANNUREV.BI.54.070185.004435,be3fc68a1e1dd96c6561767d50553ebda358e860,https://doi.org/10.1146/ANNUREV.BI.54.070185.004435,Review; JournalArticle,unknown,4,brain; brain/neural structure in title,
1985,Studies of the earliest generated cells of the cat's visual cortex: cogeneration of subplate and marginal zones,"M. Luskin, C. Shatz",Journal of Neuroscience,1985-04-01,494,"Connectomics, Graph Models, and Brain Networks",brain-structure;connectome,10.1523/JNEUROSCI.05-04-01062.1985,586e94314826ce18e375d6cfb93d4609d43cea09,https://doi.org/10.1523/JNEUROSCI.05-04-01062.1985,JournalArticle; Study,unknown,10,brain; cortex; cortical; brain/neural structure in title; historical computation/learning bridge,The earliest generated cells of the cat's telencephalon that may play a role in the formation of the primary visual cortex are the subject of this study.
1985,Chemoarchitecture of the Brain,R. Nieuwenhuys,Springer Berlin Heidelberg,1985,489,General Brain-AI Structure Reviews and Methods,brain-structure,10.1007/978-3-642-70426-0,26013dabfae9c16a207b267bfde181cf1bebbe82,https://doi.org/10.1007/978-3-642-70426-0,Review,unknown,4,brain; brain/neural structure in title,
1985,"Apolipoprotein E mRNA is abundant in the brain and adrenals, as well as in the liver, and is present in other peripheral tissues of rats and marmosets.","N. Elshourbagy, W S Liao, R. Mahley, John M. TAYLORt",Proceedings of the National Academy of Sciences of the United States of America,1985,481,General Brain-AI Structure Reviews and Methods,brain-structure,10.1073/PNAS.82.1.203,42560cc681b5439e84d9df95cbf49572f9a3a1f4,https://doi.org/10.1073/PNAS.82.1.203,JournalArticle,unknown,4,brain; brain/neural structure in title,
1985,Corticopontine projection in the macaque: The distribution of labelled cortical cells after large injections of horseradish peroxidase in the pontine nuclei,"M. Glickstein, J. May, B. Mercier",The Journal of comparative neurology,1985-05-15,479,"Cellular, Synaptic, and Neuromorphic Foundations",brain-structure,10.1002/cne.902350306,413168d06880189303c6cf6c41c0dee57d149d09,https://doi.org/10.1002/cne.902350306,JournalArticle,unknown,13,cortical; neuromorphic; explicit brain-structure/AI bridge,
1985,Cellular Origin of Ischemia-Induced Glutamate Release from Brain Tissue In Vivo and In Vitro,"J. Drejer, H. Benveniste, N. Diemer, A. Schousboe",Journal of Neurochemistry,1985-07-01,477,"Cellular, Synaptic, and Neuromorphic Foundations",brain-structure,10.1111/j.1471-4159.1985.tb05486.x,2fe50bbab247cc6f609c882b425b40c8550931cf,https://doi.org/10.1111/j.1471-4159.1985.tb05486.x,JournalArticle,unknown,16,brain; neuromorphic; brain/neural structure in title; explicit brain-structure/AI bridge,
1985,"Reduction, Qualia, and the Direct Introspection of Brain States",P. Churchland,Unknown venue,1985,477,General Brain-AI Structure Reviews and Methods,brain-structure,10.2307/2026509,859f31c15b339f388e1b84ab2d420d3ddffcbf3e,https://doi.org/10.2307/2026509,Review,unknown,4,brain; brain/neural structure in title,
1985,Selective neuronal vulnerability: morphological and molecular characteristics.,W. Pulsinelli,Progress in Brain Research,1985,468,"Cellular, Synaptic, and Neuromorphic Foundations",brain-structure,10.1016/S0079-6123(08)61973-1,b2e63a64fbc2d3318315de6e4810db971d7b9588,https://doi.org/10.1016/S0079-6123(08)61973-1,JournalArticle,unknown,13,neuron; neuromorphic; explicit brain-structure/AI bridge,
1985,Identification of scrapie prion protein-specific mRNA in scrapie-infected and uninfected brain,"B. Chesebro, R. Race, K. Wehrly, J. Nishio, M. Bloom, D. Lechner, et al.",Nature,1985-05-23,467,General Brain-AI Structure Reviews and Methods,brain-structure,10.1038/315331A0,94252fbb0253c4e2622b2ed5bb504ad94625e35a,https://doi.org/10.1038/315331A0,JournalArticle,unknown,4,brain; brain/neural structure in title,
1985,Organization of cerebral cortical afferent systems in the rat. II. Hypothalamocortical projections,C. Saper,The Journal of comparative neurology,1985-07-01,463,General Brain-AI Structure Reviews and Methods,brain-structure,10.1002/cne.902370103,851890a86b918d35753d5d159076b5c89815f9a9,https://doi.org/10.1002/cne.902370103,JournalArticle,unknown,3,brain; cerebral; cortical,
1985,Receptor-binding properties in vitro and in vivo of ritanserin: A very potent and long acting serotonin-S2 antagonist.,"J. Leysen, W. Gommeren, P. Gompel, J. Wynants, P. Janssen, P. Laduron",Molecular Pharmacology,1985-06-01,460,General Brain-AI Structure Reviews and Methods,brain-structure;neuroimaging,10.1016/s0026-895x(25)12558-3,b19d6449713039e46011b4920d9891f7eff9c9b7,https://doi.org/10.1016/s0026-895x(25)12558-3,JournalArticle,unknown,4,brain; cortex; cortical; cerebellum,"In vitro and in vivo receptor-binding properties of the new serotonin antagonist, ritanserin, are reported."
1985,Enhancement of calcium current in Aplysia neurones by phorbol ester and protein kinase C,"S. DeRiemer, S. DeRiemer, Judith A. Strong, K. Albert, P. Greengard, Leonard K. Kaczmarek",Nature,1985-01-24,458,"Cellular, Synaptic, and Neuromorphic Foundations",,10.1038/313313A0,7f389dbaadd169cec5d629f19da684d408a66e9f,https://doi.org/10.1038/313313A0,JournalArticle,unknown,13,neuron; neuromorphic; explicit brain-structure/AI bridge,
1985,Quantitative autoradiographic mapping of serotonin receptors in the rat brain. II. Serotonin-2 receptors.,"Á. Pazos, R. Cortės, J. Palacios",Brain Research,1985,458,"Connectomics, Graph Models, and Brain Networks",brain-structure;connectome,10.1016/0006-8993(85)90857-1,7e4c52a6679c879820d842a5ac39e649659999f1,https://doi.org/10.1016/0006-8993(85)90857-1,JournalArticle; Study,unknown,8,brain; brain/neural structure in title; historical computation/learning bridge,
1985,Positron emission tomography: human brain function and biochemistry.,"M. Phelps, J. Mazziotta",Science,1985-05-17,455,"Connectomics, Graph Models, and Brain Networks",brain-structure;connectome,10.1126/SCIENCE.2860723,46768d672c58461c930b01fbe8c29ad61905fc13,https://doi.org/10.1126/SCIENCE.2860723,Review; JournalArticle,unknown,8,brain; brain/neural structure in title; historical computation/learning bridge,
1985,Category-specific naming deficit following cerebral infarction,"J. Hart, R. Berndt, A. Caramazza",Nature,1985-08-01,454,General Brain-AI Structure Reviews and Methods,brain-structure,10.1038/316439A0,cf0dc92fd14c37a2a1720190e1f5779f4bb02c60,https://doi.org/10.1038/316439A0,JournalArticle; CaseReport,unknown,2,brain; cerebral,
1985,The Social Brain: Discovering the Networks of the Mind,M. Gazzaniga,Unknown venue,1985-11-24,453,"Connectomics, Graph Models, and Brain Networks",brain-structure;connectome,,8928e6f0f0c2f03f967cb202c459884eefc3a475,https://www.semanticscholar.org/paper/8928e6f0f0c2f03f967cb202c459884eefc3a475,paper,unknown,8,brain; brain/neural structure in title; historical computation/learning bridge,
1985,Quantitative studies on some antagonists of N-methyl D-aspartate in slices of rat cerebral cortex,"N. Harrison, M. Simmonds",British Journal of Pharmacology,1985-02-01,444,General Brain-AI Structure Reviews and Methods,brain-structure,10.1111/j.1476-5381.1985.tb12922.x,50df92613823a2fde869794eb21c79f777fd0873,https://doi.org/10.1111/j.1476-5381.1985.tb12922.x,JournalArticle,unknown,6,brain; cerebral; cortex; brain/neural structure in title,
1985,"Thrombomodulin is found on endothelium of arteries, veins, capillaries, and lymphatics, and on syncytiotrophoblast of human placenta","I. Maruyama, C. Bell, P. Majerus",Journal of Cell Biology,1985-08-01,442,"Cellular, Synaptic, and Neuromorphic Foundations",brain-structure,10.1083/jcb.101.2.363,2f00d5d117f88a073483acbe94994a5e133b06d1,https://doi.org/10.1083/jcb.101.2.363,JournalArticle,unknown,13,brain; neuromorphic; explicit brain-structure/AI bridge,We have used antibodies to human thrombomodulin isolated from placenta to investigate the distribution of this cofactor for protein C activation in human tissues.
1985,Astrocytes as antigen-presenting cells. I. Induction of Ia antigen expression on astrocytes by T cells via immune interferon and its effect on antigen presentation.,"W. Fierz, B. Endler, K. Reske, H. Wekerle, A. Fontana",Journal of Immunology,1985-06-01,439,"Electrophysiology, Neural Signals, and AI Decoding",brain-structure;neural-signals,10.4049/jimmunol.134.6.3785,fe0d282bb1d4909c104464446bf072cd1b5d7a9a,https://doi.org/10.4049/jimmunol.134.6.3785,JournalArticle,unknown,14,brain; ecog; neuromorphic; explicit brain-structure/AI bridge,Ia antigens seem to control immune responses on at least two levels.
1985,Cognitive deficits in adolescents who developed diabetes early in life.,"C. Ryan, Arthur Vega, A. Drash",Pediatrics,1985-05-01,437,"Cognitive Architectures, Learning, and Systems Neuroscience",brain-structure;connectome;machine-learning;clinical-neuroai,10.1542/peds.75.5.921,bf2db09511917c64602328c028799946f244e1a5,https://doi.org/10.1542/peds.75.5.921,JournalArticle,unknown,5,brain; historical computation/learning bridge,"A comprehensive battery of neuropsychological tests was administered to 125 adolescents with a history of insulin-dependent diabetes, and to 83 demographically similar nondiabetic control subjects."
1985,Distribution of galanin immunoreactivity in the central nervous system and the responses of galanin-containing neuronal pathways to injury.,"J. Ch'ng, N. Christofides, Praveen Anand, S. Gibson, Y. Allen, H. Su, et al.",Neuroscience,1985-10-01,436,"Cellular, Synaptic, and Neuromorphic Foundations",,10.1016/0306-4522(85)90007-7,8c6d1dd40ab8049131e8109dc2aa2db79eea196a,https://doi.org/10.1016/0306-4522(85)90007-7,JournalArticle; Study,unknown,13,neuron; neuromorphic; explicit brain-structure/AI bridge,
1985,[3H]8-Hydroxy-2-(Di-n-Propylamino)Tetralin Binding to Pre- and Postsynaptic 5-Hydroxytryptamine Sites in Various Regions of the Rat Brain,"M. D. Hall, S. Mestikawy, M. Emerit, L. Pichat, M. Hamon, H. Gozlan",Journal of Neurochemistry,1985-06-01,434,"Cellular, Synaptic, and Neuromorphic Foundations",brain-structure,10.1111/j.1471-4159.1985.tb07155.x,bf172af374545468ceda27ab7c59dc9790838bf9,https://doi.org/10.1111/j.1471-4159.1985.tb07155.x,JournalArticle,unknown,16,brain; neuromorphic; brain/neural structure in title; explicit brain-structure/AI bridge,
1985,Cerebral Blood Flow and Cerebral Metabolic Rate of Oxygen Requirements for Cerebral Function and Viability in Humans,"W. Powers, R. Grubb, D. Darriet, M. Raichle",Journal of Cerebral Blood Flow and Metabolism,1985-12-01,434,General Brain-AI Structure Reviews and Methods,brain-structure,10.1038/jcbfm.1985.89,1dc10641700451d07d8df6f9bb0b495a0950b842,https://doi.org/10.1038/jcbfm.1985.89,JournalArticle,unknown,2,brain; cerebral,
1985,Differential lateralization for positive and negative emotion in the human brain: EEG spectral analysis.,"G. Ahern, G. Schwartz",Neuropsychologia,1985,428,"Electrophysiology, Neural Signals, and AI Decoding",brain-structure;neural-signals,10.1016/0028-3932(85)90081-8,3cc22dbf00a66e2c4c1a43f66114fef860bd82cc,https://doi.org/10.1016/0028-3932(85)90081-8,JournalArticle,unknown,18,brain; eeg; neural; decoding; brain/neural structure in title; explicit brain-structure/AI bridge,
1985,An N-methylaspartate receptor-mediated synapse in rat cerebral cortex: a site of action of ketamine?,"A. Thomson, D. C. West, D. Lodge",Nature,1985-02-07,427,"Cellular, Synaptic, and Neuromorphic Foundations",brain-structure,10.1038/313479A0,e7b09359b387c83d261f3356bcda001456657022,https://doi.org/10.1038/313479A0,JournalArticle,unknown,18,cerebral; cortex; synapse; neuromorphic; brain/neural structure in title; explicit brain-structure/AI bridge,
1985,The role of cerebral cortex in the generation of voluntary saccades: a positron emission tomographic study.,"P. T. Fox, J. M. Fox, M. Raichle, R. Burde",Journal of Neurophysiology,1985-08-01,421,"Connectomics, Graph Models, and Brain Networks",brain-structure;connectome,10.1152/JN.1985.54.2.348,c0096856e5dd942f5eeeb4456e5f0e85301984af,https://doi.org/10.1152/JN.1985.54.2.348,JournalArticle,unknown,10,brain; cerebral; cortex; brain/neural structure in title; historical computation/learning bridge,
1985,A mechanism for glucocorticoid toxicity in the hippocampus: increased neuronal vulnerability to metabolic insults,R. Sapolsky,Journal of Neuroscience,1985-05-01,415,"Cellular, Synaptic, and Neuromorphic Foundations",brain-structure,10.1523/JNEUROSCI.05-05-01228.1985,6515edef25a2c20b241413fe1d128d6afa516569,https://doi.org/10.1523/JNEUROSCI.05-05-01228.1985,JournalArticle,unknown,15,brain; hippocampus; neuron; neuromorphic; explicit brain-structure/AI bridge,Glucocorticoids appear capable of damaging or destroying hippocampal neurons.
1985,Early events in insect neurogenesis. II. The role of cell interactions and cell lineage in the determination of neuronal precursor cells.,"C. Doe, C. Goodman",Developmental Biology,1985-09-01,412,"Cellular, Synaptic, and Neuromorphic Foundations",,10.1016/0012-1606(85)90446-4,f58c095ca3348e48ba230f994d4e88202470e722,https://doi.org/10.1016/0012-1606(85)90446-4,JournalArticle,unknown,13,neuron; neuromorphic; explicit brain-structure/AI bridge,
1985,"Brain evolution relating to family, play, and the separation call.",P. Maclean,Archives of General Psychiatry,1985-04-01,409,General Brain-AI Structure Reviews and Methods,brain-structure,10.1001/ARCHPSYC.1985.01790270095011,792201ff53e45b4825ef67ed675cfff0191984c3,https://doi.org/10.1001/ARCHPSYC.1985.01790270095011,JournalArticle,unknown,4,brain; brain/neural structure in title,
1985,Organization of the nigrothalamocortical system in the rhesus monkey,"I. Ilinsky, M. L. Jouandet, P. Goldman-Rakic",The Journal of comparative neurology,1985-06-15,409,General Brain-AI Structure Reviews and Methods,brain-structure,10.1002/cne.902360304,9aea1986431b046476174aac5128c77baa80ed01,https://doi.org/10.1002/cne.902360304,JournalArticle,unknown,2,brain; cortical,
1985,Immunocytochemical localization of choline acetyltransferase in rat cerebral cortex: A study of cholinergic neurons and synapses,"C. Houser, G. Crawford, P. Salvaterra, J. E. Vaughn",The Journal of comparative neurology,1985-04-01,405,"Cellular, Synaptic, and Neuromorphic Foundations",brain-structure,10.1002/cne.902340103,0a90e5aa933689bc76b62357a308d4d1199de679,https://doi.org/10.1002/cne.902340103,JournalArticle,unknown,19,cerebral; cortex; neuron; synapse; neuromorphic; brain/neural structure in title; explicit brain-structure/AI bridge,
1985,Intra-blood-brain-barrier synthesis of HTLV-III-specific IgG in patients with neurologic symptoms associated with AIDS or AIDS-related complex.,"L. Resnick, Fulvia diMarzo-Veronese, J. Schüpbach, W. Tourtellotte, D. Ho, F. Müller, et al.",New England Journal of Medicine,1985-12-12,404,Clinical NeuroAI and Brain Disorders,brain-structure;clinical-neuroai,10.1056/NEJM198512123132402,4f47b574972b77c97fb273d1418d801556401406,https://doi.org/10.1056/NEJM198512123132402,JournalArticle,unknown,4,brain; brain/neural structure in title,
1985,"Biochemical characterization of a filtered synaptoneurosome preparation from guinea pig cerebral cortex: cyclic adenosine 3':5'-monophosphate- generating systems, receptors, and enzymes","E. Hollingsworth, E. McNeal, J. L. Burton, R. J. Williams, J. Daly, C. Creveling",Journal of Neuroscience,1985-08-01,402,"Cellular, Synaptic, and Neuromorphic Foundations",brain-structure,10.1523/JNEUROSCI.05-08-02240.1985,0dffe48df267a69d4b4d84b25685cb2bd4828532,https://doi.org/10.1523/JNEUROSCI.05-08-02240.1985,JournalArticle,unknown,19,cerebral; cortex; cortical; neuron; neuromorphic; brain/neural structure in title; explicit brain-structure/AI bridge,A particulate preparation was obtained by low speed centrifugation of guinea pig cerebral cortical homogenates prepared with a Krebs- Henseleit buffer.
1985,"Induction of nuclear envelope breakdown, chromosome condensation, and spindle formation in cell-free extracts","M. Lohka, J. Maller",Journal of Cell Biology,1985-08-01,392,"Electrophysiology, Neural Signals, and AI Decoding",brain-structure;neural-signals,10.1083/jcb.101.2.518,5c1b82291b07dbfcd23052e4d831e7b7e008c3ef,https://doi.org/10.1083/jcb.101.2.518,JournalArticle,unknown,13,brain; neuromorphic; explicit brain-structure/AI bridge,"Incubation of demembranated sperm chromatin in cytoplasmic extracts of unfertilized Xenopus laevis eggs resulted in nuclear envelope assembly, chromosome decondensation, and sperm pronuclear formation."
1985,Human Blood-Brain Barrier Insulin Receptor,"W. Pardridge, J. Eisenberg, Jing Yang",Journal of Neurochemistry,1985-06-01,388,General Brain-AI Structure Reviews and Methods,brain-structure,10.1111/j.1471-4159.1985.tb07167.x,e6d6d8e3b3240c2d098d4eba56c6f014b7e93a5d,https://doi.org/10.1111/j.1471-4159.1985.tb07167.x,JournalArticle,unknown,4,brain; brain/neural structure in title,
1985,"Mapping of the early neural primordium in quail-chick chimeras. I. Developmental relationships between placodes, facial ectoderm, and prosencephalon.","G. Couly, N. L. Le Douarin",Developmental Biology,1985-08-01,388,General Brain-AI Structure Reviews and Methods,brain-structure,10.1016/0012-1606(85)90101-0,b1efa991193f282393ba9dc0c97c8f82e4ba0a3d,https://doi.org/10.1016/0012-1606(85)90101-0,JournalArticle,unknown,5,brain; neural; brain/neural structure in title,
1985,High-performance liquid chromatographic determination of plasma and brain histamine without previous purification of biological samples: cation-exchange chromatography coupled with post-column derivatization fluorometry.,"Atsushi Yamatodani, H. Fukuda, Hiroshi Wada, T. Iwaeda, Takehiko Watanabe",Journal of Chromatography A,1985,385,"Connectomics, Graph Models, and Brain Networks",brain-structure;connectome,10.1016/S0378-4347(00)82012-5,47ec6dfb75379bd3985fe1b4c07a2b5a37a7864c,https://doi.org/10.1016/S0378-4347(00)82012-5,JournalArticle,unknown,8,brain; brain/neural structure in title; historical computation/learning bridge,
1985,George E. Brown memorial lecture. Oxygen radicals in cerebral vascular injury.,H. Kontos,Circulation Research,1985-10-01,384,General Brain-AI Structure Reviews and Methods,brain-structure,10.1161/01.RES.57.4.508,f85f70e256f4cf609071d01f86be59163a09adfa,https://doi.org/10.1161/01.RES.57.4.508,Review; JournalArticle,unknown,2,brain; cerebral,
1985,Placode and neural crest-derived sensory neurons are responsive at early developmental stages to brain-derived neurotrophic factor.,"R. Lindsay, H. Thoenen, Y. Barde",Developmental Biology,1985-12-01,382,"Cellular, Synaptic, and Neuromorphic Foundations",brain-structure,10.1016/0012-1606(85)90402-6,394370361d5f491ccff22dab56c3c764d5905baf,https://doi.org/10.1016/0012-1606(85)90402-6,JournalArticle; Study,unknown,18,brain; neuron; neural; neuromorphic; brain/neural structure in title; explicit brain-structure/AI bridge,
1985,Conus geographus toxins that discriminate between neuronal and muscle sodium channels.,"L. Cruz, W. Gray, B. Olivera, R. Zeikus, L. M. Kerr, D. Yoshikami, et al.",Journal of Biological Chemistry,1985-08-05,381,"Connectomics, Graph Models, and Brain Networks",brain-structure;connectome,10.1016/s0021-9258(17)39364-x,9e77fceab7300da47dd324d35186f94a0472370e,https://doi.org/10.1016/s0021-9258(17)39364-x,JournalArticle,unknown,6,brain; neuron; historical computation/learning bridge,"We describe the properties of a family of 22-amino acid peptides, the mu-conotoxins, which are useful probes for investigating voltage-dependent sodium channels of excitable tissues."
1985,Isolation of AIDS-associated retroviruses from cerebrospinal fluid and brain of patients with neurological symptoms.,"J. Levy, H. Hollander, J. Shimabukuro, J. Mills, L. Kaminsky",The Lancet,1985-09-14,381,Clinical NeuroAI and Brain Disorders,brain-structure;clinical-neuroai,10.1016/S0140-6736(85)90587-2,dc26639477a057618cdc3df7012b322b93c1d554,https://doi.org/10.1016/S0140-6736(85)90587-2,JournalArticle,unknown,4,brain; brain/neural structure in title,
1985,"Neuronal growth, atrophy and death in a sexually dimorphic song nucleus in the zebra finch brain","M. Konishi, E. Akutagawa",Nature,1985-05-09,378,"Cellular, Synaptic, and Neuromorphic Foundations",brain-structure,10.1038/315145A0,ed4412cb105f61399babbdfc058506093309894b,https://doi.org/10.1038/315145A0,JournalArticle; Study,unknown,17,brain; neuron; neuromorphic; brain/neural structure in title; explicit brain-structure/AI bridge,
1985,Positron emission tomography and autoradiography: Principles and applications for the brain and heart,"M. Phelps, J. Mazziotta, H. Schelbert",Unknown venue,1985,376,"Connectomics, Graph Models, and Brain Networks",brain-structure;connectome,,a051b551fc42f7bc4675557fd397b4e2346b34a9,https://www.semanticscholar.org/paper/a051b551fc42f7bc4675557fd397b4e2346b34a9,paper,unknown,8,brain; brain/neural structure in title; historical computation/learning bridge,
1985,Activation of protein kinase C by Triton X-100 mixed micelles containing diacylglycerol and phosphatidylserine.,"Y. Hannun, C. Loomis, R. Bell",Journal of Biological Chemistry,1985-08-25,373,"Connectomics, Graph Models, and Brain Networks",brain-structure;connectome,10.1016/s0021-9258(17)39208-6,db62a12a5b3e595684c2a4d7c8b33ef12e0c44c4,https://doi.org/10.1016/s0021-9258(17)39208-6,JournalArticle,unknown,5,brain; historical computation/learning bridge,A mixed micellar assay for protein kinase C was developed to investigate the specificity and stoichiometry of activation by phospholipids and diacylglycerols.
1985,"Autoradiographic characterization of N-methyl-D-aspartate-, quisqualate- and kainate-sensitive glutamate binding sites.","J. Greenamyre, James M. Olson, J. Penney, A. B. Young",Journal of Pharmacology and Experimental Therapeutics,1985-04-01,372,"Connectomics, Graph Models, and Brain Networks",brain-structure;connectome;neuroimaging,10.1016/s0022-3565(25)21125-9,b09b50e4e907a9ff8ccbdab17dad9e263a345df3,https://doi.org/10.1016/s0022-3565(25)21125-9,JournalArticle,unknown,6,brain; hippocampus; historical computation/learning bridge,Quantitative autoradiography was used to characterize the pharmacological specificity and anatomical distributions of subtypes of L-[3H]glutamate binding sites in rat brain.
1985,Hallucinogenic amphetamine selectively destroys brain serotonin nerve terminals.,"George A. Ricaurte, George A. Ricaurte, G. Bryan, L. Strauss, L. Seiden, Charles R. Schuster",Science,1985-09-06,371,General Brain-AI Structure Reviews and Methods,brain-structure,10.1126/SCIENCE.4023719,1037d9b7f3093a5b8542f6afdec7d277fb4f7ad6,https://doi.org/10.1126/SCIENCE.4023719,JournalArticle,unknown,4,brain; brain/neural structure in title,
1985,Calcitonin gene-related peptide coexists with substance P in capsaicin sensitive neurons and sensory ganglia of the rat.,"G. Skofitsch, D. Jacobowitz",Peptides,1985-07-01,368,"Cellular, Synaptic, and Neuromorphic Foundations",,10.1016/0196-9781(85)90179-2,e032005671e076204869cdd184201c2f817363fc,https://doi.org/10.1016/0196-9781(85)90179-2,JournalArticle,unknown,13,neuron; neuromorphic; explicit brain-structure/AI bridge,
1985,A role for the magnetic field in the radiation-induced efflux of calcium ions from brain tissue in vitro.,"Carl F. Blackman, Carl F. Blackman, S. Benane, J. Rabinowitz, Dennis E. House, William T. Joines",Bioelectromagnetics,1985,367,General Brain-AI Structure Reviews and Methods,brain-structure,10.1002/BEM.2250060402,2511f6fae2c2ca302c77d5425bd66ef87573f6f2,https://doi.org/10.1002/BEM.2250060402,JournalArticle,unknown,4,brain; brain/neural structure in title,
1985,Diffusion from an injected volume of a substance in brain tissue with arbitrary volume fraction and tortuosity.,C. Nicholson,Brain Research,1985-05-06,365,General Brain-AI Structure Reviews and Methods,brain-structure,10.1016/0006-8993(85)91586-0,78d080b060a6b134d870988aa2c6a51ce14eb18d,https://doi.org/10.1016/0006-8993(85)91586-0,JournalArticle,unknown,4,brain; brain/neural structure in title,
1985,Purification and characterization of a neurite extension factor from bovine brain.,"D. Kligman, D. Marshak",Proceedings of the National Academy of Sciences of the United States of America,1985-10-01,365,General Brain-AI Structure Reviews and Methods,brain-structure,10.1073/PNAS.82.20.7136,d6928bac11283e3b1f7f741341ce4bc92a867f9d,https://doi.org/10.1073/PNAS.82.20.7136,JournalArticle,unknown,4,brain; brain/neural structure in title,
1985,The frequency and distribution of medium-sized neurons with indented nuclei in the primate and rodent neostriatum.,"G. Graveland, M. Difiglia",Brain Research,1985-02-18,360,"Cellular, Synaptic, and Neuromorphic Foundations",brain-structure,10.1016/0006-8993(85)91524-0,f1a138c28e0b441c41c9be0588317e36cd6448b7,https://doi.org/10.1016/0006-8993(85)91524-0,JournalArticle; Study,unknown,13,neuron; neuromorphic; explicit brain-structure/AI bridge,
1985,Observations on the astrocyte response to a cerebral stab wound in adult rats.,"A. Mathewson, M. Berry",Brain Research,1985-02-18,358,General Brain-AI Structure Reviews and Methods,brain-structure,10.1016/0006-8993(85)91499-4,8f9f124397799e8359eae9c0c81916ba360c6660,https://doi.org/10.1016/0006-8993(85)91499-4,JournalArticle,unknown,2,brain; cerebral,
1985,Studies on the phosphorylation of myelin basic protein by protein kinase C and adenosine 3':5'-monophosphate-dependent protein kinase.,"A. Kishimoto, K. Nishiyama, H. Nakanishi, Y. Uratsuji, H. Nomura, Y. Takeyama, et al.",Journal of Biological Chemistry,1985-10-15,358,Computational Neuroscience and Brain-Inspired AI,brain-structure;connectome;brain-inspired-ai,10.1016/s0021-9258(17)38898-1,42068d0c331fcc7893e6f33b5417b8949c16c6f2,https://doi.org/10.1016/s0021-9258(17)38898-1,JournalArticle; Study,unknown,5,brain; historical computation/learning bridge,The substrate specificity of protein kinase C was studied and compared with that of cyclic AMP-dependent protein kinase (protein kinase A) by using bovine brain myelin basic protein as a model substrate.
1985,Atriopeptin-immunoreactive neurons in the brain: presence in cardiovascular regulatory areas.,"C. Saper, D. Standaert, M. Currie, D. Schwartz, D. Geller, P. Needleman",Science,1985-03-01,357,"Cellular, Synaptic, and Neuromorphic Foundations",brain-structure,10.1126/SCIENCE.2858127,396c922e6fe979cf08f41239c0ed7d3584cd8bde,https://doi.org/10.1126/SCIENCE.2858127,JournalArticle,unknown,17,brain; neuron; neuromorphic; brain/neural structure in title; explicit brain-structure/AI bridge,
1985,Epidemiology of brain tumors,"A. Walker, M. Robins, F. D. Weinfeld",Neurology,1985-02-01,352,Clinical NeuroAI and Brain Disorders,brain-structure,10.1212/WNL.35.2.219,68cbb572cb99339818542a4821f514ab0d7804dc,https://doi.org/10.1212/WNL.35.2.219,JournalArticle; Review,unknown,4,brain; brain/neural structure in title,
1985,Neuropsychological Rehabilitation After Brain Injury,G. Prigatano,Unknown venue,1985-10-01,348,General Brain-AI Structure Reviews and Methods,brain-structure,,dcd0c95f923a039f5a2262a6aa897f3e2284edcf,https://www.semanticscholar.org/paper/dcd0c95f923a039f5a2262a6aa897f3e2284edcf,paper,unknown,4,brain; brain/neural structure in title,
1985,Nucleus raphe dorsalis in Alzheimer's disease: Neurofibrillary tangles and loss of large neurons,"Toru Yamamoto, A. Hirano",Annals of Neurology,1985-06-01,346,"Cellular, Synaptic, and Neuromorphic Foundations",clinical-neuroai,10.1002/ANA.410170608,d0a18ff45687c8301433e721433560868fe931a6,https://doi.org/10.1002/ANA.410170608,JournalArticle,unknown,13,neuron; neuromorphic; explicit brain-structure/AI bridge,
1985,"Beyond the Brain: Birth, Death, and Transcendence in Psychotherapy","S. Grof, C. Tart, Roger J. Woolger, E. Haraldsson, M. Grosso, P. Fenwick",Unknown venue,1985-08-01,344,General Brain-AI Structure Reviews and Methods,brain-structure,,3e5f0755ff68e73b0befded26e29b08c45099b95,https://www.semanticscholar.org/paper/3e5f0755ff68e73b0befded26e29b08c45099b95,paper,unknown,4,brain; brain/neural structure in title,
1985,Cerebral Energy Metabolism,Richard A. Hawkins,Unknown venue,1985,341,General Brain-AI Structure Reviews and Methods,brain-structure,10.1007/978-1-4684-1209-3_1,54db3c0d257d58fa4496304c6c997cc77172830e,https://doi.org/10.1007/978-1-4684-1209-3_1,Review,unknown,2,brain; cerebral,
1985,Early postnatal handling alters glucocorticoid receptor concentrations in selected brain regions.,"M. Meaney, D. Aitken, S. Bodnoff, L. Iny, J. E. Tatarewicz, R. Sapolsky",Behavioral Neuroscience,1985-08-01,338,"Cognitive Architectures, Learning, and Systems Neuroscience",brain-structure,10.1037//0735-7044.99.4.765,8fa6271031617938bfe8477b7499d44f4964cb48,https://doi.org/10.1037//0735-7044.99.4.765,JournalArticle,unknown,16,brain; cognitive architecture; brain/neural structure in title; explicit brain-structure/AI bridge,
1985,"Memory, imprinting, and the brain : an inquiry into mechanisms",G. Horn,Unknown venue,1985,337,"Cognitive Architectures, Learning, and Systems Neuroscience",brain-structure,10.1093/acprof:oso/9780198521563.001.0001,3e7fffb3e46fd57d617f476753a3bf5967a5f100,https://doi.org/10.1093/acprof:oso/9780198521563.001.0001,paper,unknown,16,brain; cognitive architecture; brain/neural structure in title; explicit brain-structure/AI bridge,
1985,Nucleotide sequences of two mRNAs for rat brain myelin proteolipid protein.,"R. J. Milner, Cary Lai, K. Nave, D. Lenoir, Judy Ogata, J. Sutcliffe",Cell,1985-10-01,336,"Cellular, Synaptic, and Neuromorphic Foundations",brain-structure,10.1016/0092-8674(85)90289-2,944185c366b3916919367069b32fca430e0288d1,https://doi.org/10.1016/0092-8674(85)90289-2,JournalArticle,unknown,16,brain; neuromorphic; brain/neural structure in title; explicit brain-structure/AI bridge,
1985,"Ischemic brain edema following occlusion of the middle cerebral artery in the rat. I: The time courses of the brain water, sodium and potassium contents and blood-brain barrier permeability to 125I-albumin.","O. Gotoh, T. Asano, T. Koide, K. Takakura",Stroke,1985,330,Clinical NeuroAI and Brain Disorders,brain-structure;clinical-neuroai,10.1161/01.STR.16.1.101,89a538e27bb27c7129a6b60f0f9e88da20d9ff73,https://doi.org/10.1161/01.STR.16.1.101,JournalArticle,unknown,5,brain; cerebral; brain/neural structure in title,
1985,Co-localization of GABAA receptors and benzodiazepine receptors in the brain shown by monoclonal antibodies,"P. Schoch, J. Richards, P. Häring, B. Takács, C. Stähli, T. Staehelin, et al.",Nature,1985-03-14,326,General Brain-AI Structure Reviews and Methods,brain-structure,10.1038/314168A0,24d2de41cad3bac14eecdfbe9d58ec3414643926,https://doi.org/10.1038/314168A0,JournalArticle,unknown,4,brain; brain/neural structure in title,
1985,Establishment of a line of human fetal glial cells that supports JC virus multiplication.,"Andra E. Miller, Pascale Mourrain, Renee G. Traub, D. Erik, Widt, John L. Sever",Proceedings of the National Academy of Sciences of the United States of America,1985-02-01,325,"Cellular, Synaptic, and Neuromorphic Foundations",brain-structure,10.1073/PNAS.82.4.1257,5cb9241f79eee57152861c5bd5f54a2c241211b0,https://doi.org/10.1073/PNAS.82.4.1257,JournalArticle; Study,unknown,4,neuromorphic,
1985,Brainstem control of saccadic eye movements.,"A. Fuchs, C. Kaneko, C. Scudder",Annual Review of Neuroscience,1985,322,General Brain-AI Structure Reviews and Methods,brain-structure,10.1146/ANNUREV.NE.08.030185.001515,8de8de30cdb34783036992cbea4d32675d897c5b,https://doi.org/10.1146/ANNUREV.NE.08.030185.001515,Review; JournalArticle,unknown,5,brain; brainstem; brain/neural structure in title,
1985,Stress and brain noradrenaline: a review.,"G. B. Glavin, G. B. Glavin",Neuroscience and Biobehavioral Reviews,1985-06-01,322,General Brain-AI Structure Reviews and Methods,brain-structure,10.1016/0149-7634(85)90048-X,73db90c046b72db8a17b36135fdb46f60095e6a9,https://doi.org/10.1016/0149-7634(85)90048-X,Review; JournalArticle,unknown,4,brain; brain/neural structure in title,
1985,Visual analysis of body movements by neurones in the temporal cortex of the macaque monkey: a preliminary report.,"D. Perrett, P. A. Smith, A. J. Mistlin, A. Chitty, A. S. Head, D. Potter, et al.",Behavioural Brain Research,1985-08-01,322,"Cellular, Synaptic, and Neuromorphic Foundations",brain-structure,10.1016/0166-4328(85)90089-0,49bfcb9e382094847c09722eb9d024a21ea6111c,https://doi.org/10.1016/0166-4328(85)90089-0,JournalArticle,unknown,17,cortex; neuron; neuromorphic; brain/neural structure in title; explicit brain-structure/AI bridge,
1985,Electrical sources in human somatosensory cortex: identification by combined magnetic and potential recordings.,"C. C. Wood, D. Cohen, B. Cuffin, M. Yarita, T. Allison",Science,1985-03-01,321,General Brain-AI Structure Reviews and Methods,brain-structure,10.1126/SCIENCE.3975600,48ae140a736c8d740ecdcd76967e48a2d42e1867,https://doi.org/10.1126/SCIENCE.3975600,JournalArticle,unknown,5,brain; cortex; brain/neural structure in title,
1985,Appearance of Superoxide Anion Radical in Cerebral Extracellular Space during Increased Prostaglandin Synthesis in Cats,"H. Kontos, E. P. Wei, E. Ellis, L. Jenkins, J. Povlishock, G. Rowe, et al.",Circulation Research,1985-07-01,318,"Cellular, Synaptic, and Neuromorphic Foundations",brain-structure,10.1161/01.RES.57.1.142,f7aa5f10cd5c8f22d1bcd2ea018ddfa8905c66e6,https://doi.org/10.1161/01.RES.57.1.142,JournalArticle,unknown,13,cerebral; neuromorphic; explicit brain-structure/AI bridge,
1985,Five mouse tubulin isotypes and their regulated expression during development,"S. Lewis, M. G. Lee, N. Cowan",Journal of Cell Biology,1985-09-01,318,"Cellular, Synaptic, and Neuromorphic Foundations",brain-structure,10.1083/jcb.101.3.852,b5ec307e7d1a8cd8cac28abef59e7301a41bf369,https://doi.org/10.1083/jcb.101.3.852,JournalArticle,unknown,13,brain; neuromorphic; explicit brain-structure/AI bridge,"We describe five mouse tubulin cloned cDNAs, two (M alpha 1 and M alpha 2) that encode alpha-tubulin and three (M beta 2, M beta 4, and M beta 5) that encode beta-tubulin."
1985,Substituted benzamides as ligands for visualization of dopamine receptor binding in the human brain by positron emission tomography.,"L. Farde, E. Ehrin, Lars Eriksson, Torgny Greitz, Håkan Hall, Carl-Goran Hedstrom, et al.",Proceedings of the National Academy of Sciences of the United States of America,1985-06-01,316,"Connectomics, Graph Models, and Brain Networks",brain-structure;connectome,10.1073/PNAS.82.11.3863,85c111229e1ad3b4aabd8936a5092d2a2da44496,https://doi.org/10.1073/PNAS.82.11.3863,JournalArticle,unknown,8,brain; brain/neural structure in title; historical computation/learning bridge,
1985,"Depletion of norepinephrine, but not serotonin, reduces long-term potentiation in the dentate gyrus of rat hippocampal slices","P. Stanton, J. Sarvey",Journal of Neuroscience,1985-08-01,314,"Cellular, Synaptic, and Neuromorphic Foundations",brain-structure;neuroimaging,10.1523/JNEUROSCI.05-08-02169.1985,8f66a8f0eea1306422213c3261f151d802fe2eb1,https://doi.org/10.1523/JNEUROSCI.05-08-02169.1985,JournalArticle,unknown,14,brain; hippocampus; neuromorphic; explicit brain-structure/AI bridge,"Long-term potentiation (LTP) in the hippocampus is a long-lasting enhancement of synaptic efficacy produced by a brief, high frequency repetitive stimulation of afferents."
1985,Galanin-like immunoreactivity in cholinergic neurons of the septum-basal forebrain complex projecting to the hippocampus of the rat.,"T. Melander, W. Staines, T. Hökfelt, Åke Rökaeus, F. Eckenstein, P. Salvaterra, et al.",Brain Research,1985-12-23,312,"Cellular, Synaptic, and Neuromorphic Foundations",brain-structure,10.1016/0006-8993(85)91228-4,010d30f520faeed9aa72ddbd3672a3de4db00c8a,https://doi.org/10.1016/0006-8993(85)91228-4,JournalArticle,unknown,18,brain; hippocampus; neuron; neuromorphic; brain/neural structure in title; explicit brain-structure/AI bridge,
1985,Temperature dependence of intrinsic membrane properties and synaptic potentials in hippocampal CA1 neurons in vitro,"S. Thompson, L. Masukawa, D. Prince",Journal of Neuroscience,1985-03-01,312,"Cellular, Synaptic, and Neuromorphic Foundations",brain-structure;neural-signals,10.1523/JNEUROSCI.05-03-00817.1985,8da6c4139332361178247c9d339740158995e02d,https://doi.org/10.1523/JNEUROSCI.05-03-00817.1985,JournalArticle,unknown,14,brain; neuron; neuromorphic; explicit brain-structure/AI bridge,The temperature dependence of intrinsic membrane conductances and synaptic potentials in guinea pig hippocampal CA1 pyramidal neurons were examined in vitro as they were cooled from 37 degrees C to between 33 and 27 degrees C.
1985,Brain-derived acidic fibroblast growth factor: complete amino acid sequence and homologies.,"G. Giménez-Gallego, J. Rodkey, C. Bennett, M. Rios-Candelore, J. Disalvo, K. Thomas",Science,1985-12-20,311,General Brain-AI Structure Reviews and Methods,brain-structure,10.1126/SCIENCE.4071057,948bb4506c231a9a93ec2d1b3890f192243ba25e,https://doi.org/10.1126/SCIENCE.4071057,JournalArticle; Study,unknown,4,brain; brain/neural structure in title,
1985,Immune-neuroendocrine interactions.,"H. Besedovsky, A. del Rey, E. Sorkin",Journal of Immunology,1985-08-01,311,"Cellular, Synaptic, and Neuromorphic Foundations",brain-structure,10.4049/jimmunol.135.2.750,104f99832406e5c17ecca90a35269cbbb1fd6f7f,https://doi.org/10.4049/jimmunol.135.2.750,JournalArticle,unknown,13,brain; neuromorphic; explicit brain-structure/AI bridge,Concepts and facts concerning immune-neuroendocrine interactions are discussed.
1985,In Vivo Regulation of [3H]Acetylcholine Recognition Sites in Brain by Nicotinic Cholinergic Drugs,"R. D. Schwartz, K. Kellar",Journal of Neurochemistry,1985-08-01,309,"Electrophysiology, Neural Signals, and AI Decoding",brain-structure;neural-signals,10.1111/j.1471-4159.1985.tb04005.x,440ef304d031a146c0e23501c8ad27e21fc9359b,https://doi.org/10.1111/j.1471-4159.1985.tb04005.x,JournalArticle,unknown,17,brain; ecog; cognitive architecture; brain/neural structure in title; explicit brain-structure/AI bridge,
1985,Peptides and the blood-brain barrier: lipophilicity as a predictor of permeability.,"W. Banks, A. Kastin",Brain Research Bulletin,1985-09-01,309,General Brain-AI Structure Reviews and Methods,brain-structure,10.1016/0361-9230(85)90153-4,b21c034c27cf573d6084cbddd57a740b9ec5d3f4,https://doi.org/10.1016/0361-9230(85)90153-4,JournalArticle,unknown,4,brain; brain/neural structure in title,
1985,Status epilepticus in well-oxygenated rats causes neuronal necrosis,"G. Nevander, M. Ingvar, R. Auer, B. Siesjö",Annals of Neurology,1985-09-01,309,"Cellular, Synaptic, and Neuromorphic Foundations",,10.1002/ana.410180303,278d9af14511ff9c32ac2832a7f74ed943df8a37,https://doi.org/10.1002/ana.410180303,JournalArticle,unknown,13,neuron; neuromorphic; explicit brain-structure/AI bridge,
1985,Carbonic anhydrase II deficiency in 12 families with the autosomal recessive syndrome of osteopetrosis with renal tubular acidosis and cerebral calcification.,"W. Sly, M. Whyte, V. Sundaram, R. Tashian, D. Hewett-Emmett, P. Guibaud, et al.",New England Journal of Medicine,1985-07-18,308,General Brain-AI Structure Reviews and Methods,brain-structure;neuroimaging,10.1056/NEJM198507183130302,cfa9d75a77f42928ba640bfa2884c0bb88be7e31,https://doi.org/10.1056/NEJM198507183130302,JournalArticle,unknown,2,brain; cerebral,
1985,"Evidence for corticotropin-releasing factor, neurotensin, and somatostatin in the neural pathway from the central nucleus of the amygdala to the parabrachial nucleus","M. Moga, T. Gray",The Journal of comparative neurology,1985-11-15,308,General Brain-AI Structure Reviews and Methods,brain-structure,10.1002/cne.902410304,62cb565ba687e2dc4978f2a872038390ef71f059,https://doi.org/10.1002/cne.902410304,JournalArticle,unknown,6,brain; amygdala; neural; brain/neural structure in title,
1985,Neuronal man : the biology of mind,J. Changeux,Unknown venue,1985,308,"Cellular, Synaptic, and Neuromorphic Foundations",,,59c9c44d177e785eec5ba069f2567aabe8ac083b,https://www.semanticscholar.org/paper/59c9c44d177e785eec5ba069f2567aabe8ac083b,paper,unknown,13,neuron; neuromorphic; explicit brain-structure/AI bridge,
1985,Mass transfer in brain dialysis devices--a new method for the estimation of extracellular amino acids concentration.,"I. Jacobson, M. Sandberg, A. Hamberger",Journal of Neuroscience Methods,1985-11-01,307,General Brain-AI Structure Reviews and Methods,brain-structure,10.1016/0165-0270(85)90107-4,ae36324dbba11ebec45a0c0846ab1bf96d17ec25,https://doi.org/10.1016/0165-0270(85)90107-4,JournalArticle,unknown,4,brain; brain/neural structure in title,
1985,Laminin-immunoreactive glia distinguish regenerative adult CNS systems from non-regenerative ones.,P. Liesi,EMBO Journal,1985-10-01,304,General Brain-AI Structure Reviews and Methods,brain-structure,10.1002/j.1460-2075.1985.tb03963.x,86f49e354c8b36cad3003964c5591f4fcd15eab0,https://doi.org/10.1002/j.1460-2075.1985.tb03963.x,JournalArticle,unknown,1,brain,
1985,"Involvement of the amygdala in learning and memory: a critical review, with emphasis on anatomical relations.","M. Sarter, H. Markowitsch",Behavioral Neuroscience,1985,303,"Cognitive Architectures, Learning, and Systems Neuroscience",,10.1037/0735-7044.99.2.342,defa7a6600e9591ce93c7a5e3b3b0af62c4cde78,https://doi.org/10.1037/0735-7044.99.2.342,Review; JournalArticle,unknown,13,amygdala; cognitive architecture; explicit brain-structure/AI bridge,
1985,Cerebral radiation surgery using moving field irradiation at a linear accelerator facility.,"G. Hartmann, W. Schlegel, V. Sturm, B. Kober, O. Pastyr, W. Lorenz","International Journal of Radiation Oncology, Biology, Physics",1985-06-01,297,General Brain-AI Structure Reviews and Methods,brain-structure,10.1016/0360-3016(85)90068-9,cc20f95f2fdd1cf2f521b961ab55af2e701031b1,https://doi.org/10.1016/0360-3016(85)90068-9,JournalArticle,unknown,2,brain; cerebral,
1985,Glutathione peroxidase activity in Parkinson's disease brain.,"S. Kish, Caryl Morito, O. Hornykiewicz",Neuroscience Letters,1985-08-05,297,Clinical NeuroAI and Brain Disorders,brain-structure;clinical-neuroai,10.1016/0304-3940(85)90078-3,e38b37ddffb55725915b3aa71cbc4b2ffd9a1eb6,https://doi.org/10.1016/0304-3940(85)90078-3,JournalArticle,unknown,4,brain; brain/neural structure in title,
1985,Involvement of peripheral and central catecholamine systems in neural-immune interactions.,"S. Livnat, S. Felten, S. L. Carlson, D. Bellinger, D. Felten",Journal of Neuroimmunology,1985-11-01,297,General Brain-AI Structure Reviews and Methods,brain-structure,10.1016/0165-5728(85)90031-1,f48bb32b61c04abfa05a70d60c6e9f013ac3c6c1,https://doi.org/10.1016/0165-5728(85)90031-1,Review; JournalArticle,unknown,5,brain; neural; brain/neural structure in title,
1985,Revision of the world health organization classification of brain tumors for childhood brain tumors,"L. Rorke, F. Gilles, R. Davis, L. Becker",Cancer,1985-10-01,295,Structural Neuroimaging and AI,brain-structure;machine-learning,10.1002/1097-0142(19851001)56:7+<1869::AID-CNCR2820561330>3.0.CO;2-0,0940c5416ef306e031001467463e3f380560661e,https://doi.org/10.1002/1097-0142(19851001)56:7+<1869::AID-CNCR2820561330>3.0.CO;2-0,JournalArticle,unknown,16,brain; classification; brain/neural structure in title; explicit brain-structure/AI bridge,
1985,Time course study of the effects of chronic nicotine infusion on drug response and brain receptors.,"M. Marks, J. Stitzel, A. C. Collins",Journal of Pharmacology and Experimental Therapeutics,1985-12-01,294,General Brain-AI Structure Reviews and Methods,brain-structure;neuromorphic-bci,10.1016/s0022-3565(25)24213-6,7e90d695a333d167ad4b87a03cb3463219694556,https://doi.org/10.1016/s0022-3565(25)24213-6,JournalArticle,unknown,4,brain; brain/neural structure in title,The experiments reported here examined the time course of the development and loss of tolerance to nicotine as well as the time course for the up-regulation and return to basal levels of brain nicotinic receptors.
1985,Intrinsic projections of the retrohippocampal region in the rat brain. I. The subicular complex,C. Köhler,The Journal of comparative neurology,1985-06-22,293,General Brain-AI Structure Reviews and Methods,brain-structure,10.1002/cne.902360407,acc355ca7763f10198a263cd4d790ee86ac32787,https://doi.org/10.1002/cne.902360407,JournalArticle,unknown,4,brain; brain/neural structure in title,
1985,Fate of immunoprecipitable protein kinase C in GH3 cells treated with phorbol 12-myristate 13-acetate.,"R. Ballester, Ora M. Rosens",Journal of Biological Chemistry,1985-12-05,290,"Cellular, Synaptic, and Neuromorphic Foundations",brain-structure,10.1016/s0021-9258(18)95721-2,3346b51a86f155917008d0b016f067b10ec2165e,https://doi.org/10.1016/s0021-9258(18)95721-2,JournalArticle,unknown,13,brain; neuromorphic; explicit brain-structure/AI bridge,The effect of phorbol 12-myristate 13-acetate (PMA) on protein kinase C was studied by metabolically labeling GH3 cells with [35S]methionine and using a polyclonal antibody raised against rat brain protein kinase C to immunoprecipitate the enzyme.
1985,Fundamental importance of arterial oxygen content in the regulation of cerebral blood flow in man.,"M. Brown, J. Wade, J. Marshall",Brain : a journal of neurology,1985-03-01,290,General Brain-AI Structure Reviews and Methods,brain-structure,10.1093/BRAIN/108.1.81,47f07099a4d3b50d2d7520de259626f9ea362152,https://doi.org/10.1093/BRAIN/108.1.81,JournalArticle,unknown,2,brain; cerebral,
1985,Regulation of Acetylcholine Synthesis in the Brain,S. Tuček,Journal of Neurochemistry,1985-01-01,289,General Brain-AI Structure Reviews and Methods,brain-structure,10.1111/j.1471-4159.1985.tb07106.x,f1bf2dd98279a8eaa9d3a80ec8b887a814d106e5,https://doi.org/10.1111/j.1471-4159.1985.tb07106.x,Review; JournalArticle,unknown,4,brain; brain/neural structure in title,
1985,Distinct forebrain and cerebellar isozymes of type II Ca2+/calmodulin-dependent protein kinase associate differently with the postsynaptic density fraction.,"S. G. Miller, M. Kennedy",Journal of Biological Chemistry,1985-07-25,287,"Cellular, Synaptic, and Neuromorphic Foundations",brain-structure,10.1016/s0021-9258(17)39454-1,d5afd9f2ad2cecdda7d65bf114bf70b245c75b9c,https://doi.org/10.1016/s0021-9258(17)39454-1,JournalArticle,unknown,17,brain; cerebellum; neuromorphic; brain/neural structure in title; explicit brain-structure/AI bridge,Forebrain and cerebellar Type II Ca2+/calmodulin-dependent protein kinases have different subunit compositions.
1985,Identification of prion amyloid filaments in scrapie-infected brain.,"S. DeArmond, M. McKinley, R. A. Barry, M. Braunfeld, John R. McColloch, Stanley B. Prusinert",Cell,1985-05-01,286,"Cellular, Synaptic, and Neuromorphic Foundations",brain-structure,10.1016/0092-8674(85)90076-5,685ce86ff65da877953cc684c467f64e6028ed88,https://doi.org/10.1016/0092-8674(85)90076-5,JournalArticle,unknown,16,brain; neuromorphic; brain/neural structure in title; explicit brain-structure/AI bridge,
1985,"Neurochemical and Histochemical Characterization of Neurotoxic Effects of 1-Methyl-4-Phenyl-1,2,3,6-Tetrahydropyridine on Brain Catecholamine Neurones in the Mouse","H. Hallman, J. Lange, Lars Olson, I. Strömberg, Gösta Jonsson",Journal of Neurochemistry,1985-01-01,285,"Cellular, Synaptic, and Neuromorphic Foundations",brain-structure,10.1111/j.1471-4159.1985.tb07120.x,141ba18d5aa2f8d8716e6f7283124397db7861f9,https://doi.org/10.1111/j.1471-4159.1985.tb07120.x,JournalArticle,unknown,17,brain; neuron; neuromorphic; brain/neural structure in title; explicit brain-structure/AI bridge,
1985,Neuronal Replacement in Adulthood,F. Nottebohm,Annals of the New York Academy of Sciences,1985-12-01,285,"Cellular, Synaptic, and Neuromorphic Foundations",,10.1111/j.1749-6632.1985.tb20803.x,8f4ae8d3184731d24ea295add2f237e760da6c21,https://doi.org/10.1111/j.1749-6632.1985.tb20803.x,Review; JournalArticle; Study,unknown,13,neuron; neuromorphic; explicit brain-structure/AI bridge,
1985,Cancer among farmers. A review.,"PhD Aaron Blair, MS Hans Malker, PhD Kenneth P Cantor, PhD Leon Burmeister, K. Wiklund","Scandinavian Journal of Work, Environment and Health",1985-12-01,284,General Brain-AI Structure Reviews and Methods,brain-structure,10.5271/SJWEH.2208,e2b1b9d83254ac9f834b9b5c203b9876495dcba8,https://doi.org/10.5271/SJWEH.2208,Review; JournalArticle,unknown,1,brain,"During the performance of routine tasks farmers may come in contact with a variety of substances, including pesticides, solvents, oils and fuels, dusts, paints, welding fumes, zoonotic viruses, microbes, and fungi."
1985,MR imaging of the aging brain: patchy white-matter lesions and dementia.,"Michael Brant-Zawadzki1, George Fein, C. V. Dyke, R. Kiernan, Linda Davenpore, J. D. Groot, et al.",AJNR. American journal of neuroradiology,1985-09-01,283,Clinical NeuroAI and Brain Disorders,brain-structure;clinical-neuroai,,207381c9b1b5c75c7643509103ac0cf4fc6b5af8,https://www.semanticscholar.org/paper/207381c9b1b5c75c7643509103ac0cf4fc6b5af8,JournalArticle,unknown,4,brain; brain/neural structure in title,
1985,Functional coupling of gamma-aminobutyric acid receptors to chloride channels in brain membranes.,"R. Harris, A. Allan",Science,1985-05-31,281,General Brain-AI Structure Reviews and Methods,brain-structure,10.1126/SCIENCE.2581319,107d9fa401733d5d62dff9f14b7cbf114e088917,https://doi.org/10.1126/SCIENCE.2581319,JournalArticle,unknown,4,brain; brain/neural structure in title,
1985,"Active uptake of MPP+, a metabolite of MPTP, by brain synaptosomes.","K. Chiba, A. Trevor, N. Castagnoli",Biochemical and Biophysical Research Communications - BBRC,1985-05-16,280,General Brain-AI Structure Reviews and Methods,brain-structure,10.1016/0006-291X(85)91071-X,1df9e97b5a4fdef350c5548b5691305a8b911726,https://doi.org/10.1016/0006-291X(85)91071-X,JournalArticle,unknown,4,brain; brain/neural structure in title,
1985,Influence of Acidosis on Lipid Peroxidation in Brain Tissues in vitro,"B. Siesjö, G. Béndek, T. Koide, E. Westerberg, T. Wieloch",Journal of Cerebral Blood Flow and Metabolism,1985-06-01,280,General Brain-AI Structure Reviews and Methods,brain-structure,10.1038/jcbfm.1985.32,af3972c59fd1c0db0dfd3a573137cbd721cce6e7,https://doi.org/10.1038/jcbfm.1985.32,JournalArticle,unknown,4,brain; brain/neural structure in title,
1985,Specific alteration of NCAM-mediated cell adhesion by an endoneuraminidase,"Urs Rutishauser, Michiko Watanabe, Jerry Silver, F. A. Troy, E. Vimr",Journal of Cell Biology,1985-11-01,279,"Cellular, Synaptic, and Neuromorphic Foundations",brain-structure,10.1083/jcb.101.5.1842,9f6dee935e1457f6868f6ada49cd83b2bce481df,https://doi.org/10.1083/jcb.101.5.1842,JournalArticle,unknown,14,brain; neural; neuromorphic; explicit brain-structure/AI bridge,"A phage endoneuraminidase that specifically cleaves alpha-2, 8-linked polysialic acid has been found to be a useful probe for examining the biological role of this sugar moiety on the neural cell adhesion molecule (NCAM)."
1985,Characterization of the 5-HT1B recognition site in rat brain: binding studies with (-)[125I]iodocyanopindolol.,"D. Hoyer, G. Engel, H. Kalkman",European Journal of Pharmacology,1985-11-26,277,"Electrophysiology, Neural Signals, and AI Decoding",brain-structure;neural-signals,10.1016/0014-2999(85)90657-0,434a89c8238e710d03533756c447fc6a06f2774d,https://doi.org/10.1016/0014-2999(85)90657-0,JournalArticle,unknown,17,brain; ecog; cognitive architecture; brain/neural structure in title; explicit brain-structure/AI bridge,
1985,"Neuropeptide K: isolation, structure and biological activities of a novel brain tachykinin.","Kazuhiko Tatemoto, Jan M. Lundberg, Hans Jörnvall, Viktor Mutt",Biochemical and Biophysical Research Communications - BBRC,1985-04-30,276,General Brain-AI Structure Reviews and Methods,brain-structure,10.1016/0006-291X(85)90138-X,6e3f714e53988f8a6c0732dae3970a3434ff5d84,https://doi.org/10.1016/0006-291X(85)90138-X,JournalArticle,unknown,4,brain; brain/neural structure in title,
1985,"Widespread distribution of brain dopamine receptors evidenced with [125I]iodosulpride, a highly selective ligand.","M. Martres, M. Bouthenet, N. Salès, P. Sokoloff, J. Schwartz",Science,1985-05-10,275,General Brain-AI Structure Reviews and Methods,brain-structure,10.1126/SCIENCE.3838821,7dfad8fed2e5e4e509c5701177f205f827d137ac,https://doi.org/10.1126/SCIENCE.3838821,JournalArticle,unknown,4,brain; brain/neural structure in title,
1985,Monitoring of cell viability in suspensions of embryonic CNS tissue and its use as a criterion for intracerebral graft survival.,"P. Brundin, O. Isacson, A. Bjo¨rklund",Brain Research,1985-04-08,274,"Cellular, Synaptic, and Neuromorphic Foundations",brain-structure,10.1016/0006-8993(85)91550-1,fd0f8397d919a4798022a404e322fe745b202420,https://doi.org/10.1016/0006-8993(85)91550-1,JournalArticle; Study,unknown,13,cerebral; neuromorphic; explicit brain-structure/AI bridge,
1985,Immunohistochemical localization of a melanin concentrating hormone-like peptide in the rat brain.,"G. Skofitsch, D. Jacobowitz, N. Zamir",Brain Research Bulletin,1985-12-01,273,General Brain-AI Structure Reviews and Methods,brain-structure,10.1016/0361-9230(85)90213-8,dfe6dc6b4c9730cad0b67e6f18c7caa55dcf6fb5,https://doi.org/10.1016/0361-9230(85)90213-8,JournalArticle,unknown,4,brain; brain/neural structure in title,
1985,The complete pattern of ocular dominance stripes in the striate cortex and visual field of the macaque monkey,"S. Levay, M. Connolly, J. Houde, D. van Essen",Journal of Neuroscience,1985-02-01,273,"Connectomics, Graph Models, and Brain Networks",brain-structure;connectome;decoding,10.1523/JNEUROSCI.05-02-00486.1985,3c8ebc7c7902c083e35b1739c393cc81aa479856,https://doi.org/10.1523/JNEUROSCI.05-02-00486.1985,JournalArticle,unknown,10,brain; cortex; cortical; brain/neural structure in title; historical computation/learning bridge,Ocular dominance stripes in the striate cortex of a macaque monkey were labeled by autoradiography after injection of [3H]proline into one eye.
1985,Pure brain-derived acidic fibroblast growth factor is a potent angiogenic vascular endothelial cell mitogen with sequence homology to interleukin 1.,"K. Thomas, M. Rios-Candelore, GUILLEkMO GIMENEZ-GALLEGO, J. Disalvo, Carl BENNETTt, John RODKEYt, et al.",Proceedings of the National Academy of Sciences of the United States of America,1985-10-01,271,"Cellular, Synaptic, and Neuromorphic Foundations",brain-structure,10.1073/PNAS.82.19.6409,b625af8220ecea3e95f40840c22d29225fbc961f,https://doi.org/10.1073/PNAS.82.19.6409,JournalArticle,unknown,16,brain; neuromorphic; brain/neural structure in title; explicit brain-structure/AI bridge,
1985,Regional Mitochondrial Respiratory Activity in Huntington's Disease Brain,"W. A. Brennan, E. Bird, J. Aprille",Journal of Neurochemistry,1985-06-01,270,General Brain-AI Structure Reviews and Methods,brain-structure,10.1111/j.1471-4159.1985.tb07192.x,ae02e6ffc510dce66605592eefc23ea2ea5aba87,https://doi.org/10.1111/j.1471-4159.1985.tb07192.x,JournalArticle,unknown,4,brain; brain/neural structure in title,
1985,Atrial natriuretic polypeptide: topographical distribution in the rat brain by radioimmunoassay and immunohistochemistry.,"M. Kawata, K. Nakao, N. Morii, Y. Kiso, H. Yamashita, H. Imura, et al.",Neuroscience,1985-11-01,268,"Connectomics, Graph Models, and Brain Networks",brain-structure;connectome,10.1016/0306-4522(85)90190-3,e5f5294182411888d742654d58a1972df860c530,https://doi.org/10.1016/0306-4522(85)90190-3,JournalArticle,unknown,8,brain; brain/neural structure in title; historical computation/learning bridge,
1985,Lesions of premotor cortex in man.,"H. Freund, H. Hummelsheim",Brain : a journal of neurology,1985-09-01,267,General Brain-AI Structure Reviews and Methods,brain-structure,10.1093/BRAIN/108.3.697,449d378bd95839ab9755960936889b436d7d0a16,https://doi.org/10.1093/BRAIN/108.3.697,JournalArticle; CaseReport; Review,unknown,5,brain; cortex; brain/neural structure in title,
1985,"Effects of ampicillin and corticosteroids on brain water content, cerebrospinal fluid pressure, and cerebrospinal fluid lactate levels in experimental pneumococcal meningitis.","M. Täuber, H. Khayam-Bashi, M. Sande",Journal of Infectious Diseases,1985-03-01,265,General Brain-AI Structure Reviews and Methods,brain-structure,10.1093/INFDIS/151.3.528,3325886373a65a95cf7d2303bb33e2e5ade69f2f,https://doi.org/10.1093/INFDIS/151.3.528,JournalArticle,unknown,4,brain; brain/neural structure in title,
1985,Neurochemical correlates to selective neuronal vulnerability.,T. Wieloch,Progress in Brain Research,1985,262,"Cellular, Synaptic, and Neuromorphic Foundations",brain-structure,10.1016/S0079-6123(08)61976-7,7e35969f3e211ed399122fcbec8dc1ad07ce22a8,https://doi.org/10.1016/S0079-6123(08)61976-7,Review; JournalArticle,unknown,2,brain; neuron,
1985,Subclinical brain swelling in children during treatment of diabetic ketoacidosis.,"E. Krane, M. Rockoff, J. Wallman, J. Wolfsdorf",New England Journal of Medicine,1985-05-02,256,Clinical NeuroAI and Brain Disorders,brain-structure;clinical-neuroai,10.1056/NEJM198505023121803,58f453c14098b1df33bd01f5ab862baf7b2d4a8d,https://doi.org/10.1056/NEJM198505023121803,JournalArticle,unknown,4,brain; brain/neural structure in title,
1985,Correlations between aminergic metabolites simultaneously obtained from human CSF and brain.,"Michael Stanley, L. Traskman-Bendz, Katrina Dorovini-Zis",Life Science,1985-10-07,255,General Brain-AI Structure Reviews and Methods,brain-structure,10.1016/0024-3205(85)90242-5,7b03cc3491737af41f4d1cc0d31139e80a844eca,https://doi.org/10.1016/0024-3205(85)90242-5,JournalArticle; Study,unknown,4,brain; brain/neural structure in title,
1985,Differential expression of distinct microtubule-associated proteins during brain development.,"B. Riederer, A. Matus",Proceedings of the National Academy of Sciences of the United States of America,1985-09-01,253,General Brain-AI Structure Reviews and Methods,brain-structure,10.1073/PNAS.82.17.6006,de6796b823b23b0be93944da3024fe2894abd2f7,https://doi.org/10.1073/PNAS.82.17.6006,JournalArticle,unknown,4,brain; brain/neural structure in title,
1985,Demonstration of transthyretin mRNA in the brain and other extrahepatic tissues in the rat.,"D. Soprano, J. Herbert, K. Soprano, E. Schon, D. Goodman",Journal of Biological Chemistry,1985-09-25,252,General Brain-AI Structure Reviews and Methods,brain-structure,10.1016/s0021-9258(17)39100-7,61a0ec98401413afb26c6b18036f2fba37bde4d1,https://doi.org/10.1016/s0021-9258(17)39100-7,JournalArticle; Review,unknown,4,brain; brain/neural structure in title,Studies were conducted to ascertain if transthyretin mRNA was present in extrahepatic tissues of the rat.
1985,"""Epileptic"" brain damage is replicated qualitatively in the rat hippocampus by central injection of glutamate or aspartate but not by GABA or acetylcholine.","R. S. Sloviter, D. Dempster",Brain Research Bulletin,1985-07-01,251,General Brain-AI Structure Reviews and Methods,brain-structure,10.1016/0361-9230(85)90059-0,29089ed8d2b92d9ad6b8039602b64cc74ccfeb0f,https://doi.org/10.1016/0361-9230(85)90059-0,JournalArticle,unknown,5,brain; hippocampus; brain/neural structure in title,
1985,Reduced numbers of somatostatin receptors in the cerebral cortex in Alzheimer's disease.,"M. Beal, M. Mazurek, V. Tran, G. Chattha, E. Bird, J. B. Martin",Science,1985-07-19,251,Clinical NeuroAI and Brain Disorders,brain-structure;clinical-neuroai,10.1126/SCIENCE.2861661,ee3f002b228e4a841283b505737ec630e8c841d3,https://doi.org/10.1126/SCIENCE.2861661,JournalArticle,unknown,6,brain; cerebral; cortex; brain/neural structure in title,
1985,A glia-derived neurite-promoting factor with protease inhibitory activity.,"J. Guenther, H. Nick, D. Monard",EMBO Journal,1985-08-01,250,General Brain-AI Structure Reviews and Methods,brain-structure,10.1002/j.1460-2075.1985.tb03878.x,0ecc80d826b0cfa53724285055f04c0a65f9f681,https://doi.org/10.1002/j.1460-2075.1985.tb03878.x,JournalArticle,unknown,1,brain,
1985,Neuropeptides and their receptors: a psychosomatic network.,"C. Pert, M. Ruff, R. Weber, M. Herkenham",Journal of Immunology,1985-08-01,250,"Cellular, Synaptic, and Neuromorphic Foundations",brain-structure;connectome;neural-signals,10.4049/jimmunol.135.2.820,8da7ea0b66b06ac7ddcd826c2dfb3c798fffe898,https://doi.org/10.4049/jimmunol.135.2.820,JournalArticle,unknown,15,brain; ecog; synapse; neuromorphic; explicit brain-structure/AI bridge,A major conceptual shift in neuroscience has been wrought by the realization that brain function is modulated by numerous chemicals in addition to classical neurotransmitters.
1985,Peripheral-type benzodiazepine receptors: autoradiographic localization in whole-body sections of neonatal rats.,"R. Anholt, E. Souza, M. Oster-Granite, S. Snyder",Journal of Pharmacology and Experimental Therapeutics,1985-05-01,250,"Connectomics, Graph Models, and Brain Networks",brain-structure;connectome,10.1016/s0022-3565(25)21237-x,5f58ec5d156cf4ffcbc9a0fe7d4d30f144ae5d03,https://doi.org/10.1016/s0022-3565(25)21237-x,JournalArticle,unknown,6,brain; cortex; historical computation/learning bridge,We have developed a procedure that allows the autoradiographic localization of benzodiazepine receptors in whole-body sections of neonatal rats.
1985,Primary glial cultures as a model for studying hormone action.,"B. Hamprecht, F. Löffler",Methods in Enzymology,1985,250,Computational Neuroscience and Brain-Inspired AI,brain-structure,10.1016/0076-6879(85)09097-8,cf67b0726c612b1a53ebdd05f05e17154cebede3,https://doi.org/10.1016/0076-6879(85)09097-8,JournalArticle; Study,unknown,17,brain; computational neuroscience; brain-inspired; explicit brain-structure/AI bridge,
1985,Differential visualization of dopamine and norepinephrine uptake sites in rat brain using [3H]mazindol autoradiography,"J. Javitch, S. Strittmatter, S. Snyder",Journal of Neuroscience,1985-06-01,249,"Cellular, Synaptic, and Neuromorphic Foundations",brain-structure;connectome,10.1523/JNEUROSCI.05-06-01513.1985,2b047bc10e632a809a1c0196be060cca585b29c1,https://doi.org/10.1523/JNEUROSCI.05-06-01513.1985,JournalArticle,unknown,19,brain; thalamus; hypothalamus; neuron; neuromorphic; brain/neural structure in title; explicit brain-structure/AI bridge,Mazindol is a potent inhibitor of neuronal dopamine (DA) and norepinephrine (NE) uptake.
1985,Do neurons in the vertebrate CNS migrate on laminin?,P. Liesi,EMBO Journal,1985-05-01,249,"Cellular, Synaptic, and Neuromorphic Foundations",,10.1002/j.1460-2075.1985.tb03755.x,80bd06c85ce1e094be292a22db1fa683c969f630,https://doi.org/10.1002/j.1460-2075.1985.tb03755.x,JournalArticle,unknown,13,neuron; neuromorphic; explicit brain-structure/AI bridge,
1985,Receptor function of mouse sperm surface galactosyltransferase during fertilization,"L. C. Lopez, E. Bayna, D. Litoff, N. Shaper, J. H. Shaper, B. Shur",Journal of Cell Biology,1985-10-01,249,"Electrophysiology, Neural Signals, and AI Decoding",brain-structure;connectome;neural-signals,10.1083/jcb.101.4.1501,a9ce004c1664d941fa42a164f80a336b67e91d64,https://doi.org/10.1083/jcb.101.4.1501,JournalArticle,unknown,6,brain; ecog; historical computation/learning bridge,"Past studies from this laboratory have suggested that mouse sperm binding to the egg zona pellucida is mediated by a sperm galactosyltransferase (GalTase), which recognizes and binds to terminal N-acetylglucosamine (GlcNAc) residues in the zona pellucida (Shur, B."
1985,Imaging Opiate Receptors in the Human Brain by Positron Tomography,"J. Frost, Henry N. Wagner, R. Dannals, H. Ravert, Jonathan M. Links, Alan A. Wilson, et al.",Journal of computer assisted tomography,1985-03-01,248,"Connectomics, Graph Models, and Brain Networks",brain-structure;connectome,10.1097/00004728-198503000-00001,f4e9b4de2df6d260126ee31cceb4674937b8b622,https://doi.org/10.1097/00004728-198503000-00001,JournalArticle,unknown,8,brain; brain/neural structure in title; historical computation/learning bridge,
1985,Pertussis toxin reverses adenosine inhibition of neuronal glutamate release,"A. Dolphin, S. Prestwich",Nature,1985-07-11,248,"Cellular, Synaptic, and Neuromorphic Foundations",,10.1038/316148A0,4d93d7ba930922a19380830b74683a85fd531546,https://doi.org/10.1038/316148A0,JournalArticle,unknown,13,neuron; neuromorphic; explicit brain-structure/AI bridge,
1985,"Some morphometric observations on the cerebral cortex and hippocampus in presenile Alzheimer's disease, senile dementia of Alzheimer type and Down's syndrome in middle age.","D. Mann, P. Yates, B. Marcyniuk",Journal of Neurological Sciences,1985-07-01,247,Clinical NeuroAI and Brain Disorders,brain-structure;clinical-neuroai,10.1016/0022-510X(85)90129-7,9a3258367d6c308d025bd7990287bc804c811429,https://doi.org/10.1016/0022-510X(85)90129-7,JournalArticle; Study,unknown,7,brain; cerebral; cortex; hippocampus; brain/neural structure in title,
1985,Neural Mechanisms of Female Reproductive Behavior,"D. Pfaff, D. Modianos",Unknown venue,1985,246,"Cognitive Architectures, Learning, and Systems Neuroscience",brain-structure,10.1007/978-1-4684-4832-0_10,8babbfa9b3c9b26485c56b7f2e647199e61370f7,https://doi.org/10.1007/978-1-4684-4832-0_10,paper,unknown,16,neural; cognitive architecture; brain/neural structure in title; explicit brain-structure/AI bridge,
1985,A glycophospholipid tail at the carboxyl terminus of the Thy-1 glycoprotein of neurons and thymocytes.,"S. Mosher, Iditoeralux America, Ultfimate Christmas, Cataog E G Jefferson, Thymocytes, A. Tse, et al.",Science,1985-11-29,245,"Cellular, Synaptic, and Neuromorphic Foundations",,10.1126/SCIENCE.2865810,0fe8c1c4e7588e9019a701a26ef6c513948fca06,https://doi.org/10.1126/SCIENCE.2865810,JournalArticle,unknown,13,neuron; neuromorphic; explicit brain-structure/AI bridge,
1985,Taurine: its biological role and clinical implications.,R. Chesney,Advances in Pediatrics,1985,244,Computational Neuroscience and Brain-Inspired AI,brain-structure;clinical-neuroai,10.1016/s0065-3101(24)00213-5,bcfe63002a2fef37f2aed805df5b7733c2bb86c3,https://doi.org/10.1016/s0065-3101(24)00213-5,Review; JournalArticle,unknown,17,brain; computational neuroscience; brain-inspired; explicit brain-structure/AI bridge,"More than simply cataloging the numerous experimental models in which taurine plays a modulating role, this discussion aims at stimulating further investigation of the potential clinical value of this abundant sulfur amino acid."
1985,Influence of the centrosome on the structure of nucleated microtubules,"L. Evans, T. Mitchison, M. Kirschner",Journal of Cell Biology,1985-04-01,242,"Cellular, Synaptic, and Neuromorphic Foundations",brain-structure,10.1083/jcb.100.4.1185,775b5366272ed2565688130441db8329941248cc,https://doi.org/10.1083/jcb.100.4.1185,JournalArticle,unknown,13,brain; neuromorphic; explicit brain-structure/AI bridge,The capacity of the centrosome to influence the lattice structure of nucleated microtubules was studied in vitro.
1985,A functional correlate for the dihydropyridine binding site in rat brain,"D. Middlemiss, M. Spedding",Nature,1985-03-07,241,General Brain-AI Structure Reviews and Methods,brain-structure,10.1038/314094A0,6955b7a93afa0068ad7efb716a3207d637f35f75,https://doi.org/10.1038/314094A0,JournalArticle,unknown,4,brain; brain/neural structure in title,
1985,Ca2+/calmodulin-dependent protein kinase II. Isozymic forms from rat forebrain and cerebellum.,"T. McGuinness, Y. Lai, P. Greengard",Journal of Biological Chemistry,1985-02-10,240,"Cellular, Synaptic, and Neuromorphic Foundations",brain-structure,10.1016/s0021-9258(18)89650-8,4a464426aa24b1f97c4d033880b26ea3abd1e66b,https://doi.org/10.1016/s0021-9258(18)89650-8,JournalArticle; Study,unknown,6,brain; cerebellum; neuron; brain/neural structure in title,"Ca2+/calmodulin-dependent protein kinase II, an abundant brain protein proposed to mediate a number of Ca2+-regulated processes in neuronal tissue, is composed of autophosphorylatable subunits of Mr 50,000 and 60,000/58,000."
1985,Identification of Hypoxanthine Transport and Xanthine Oxidase Activity in Brain Capillaries,A. Betz,Journal of Neurochemistry,1985-02-01,240,General Brain-AI Structure Reviews and Methods,brain-structure,10.1111/j.1471-4159.1985.tb05451.x,72398514a1afbcb133b73a20a104a2ced0271370,https://doi.org/10.1111/j.1471-4159.1985.tb05451.x,JournalArticle; Study,unknown,4,brain; brain/neural structure in title,
1985,Stimulus rate determines regional brain blood flow in striate cortex,"P. Fox, M. Raichle",Annals of Neurology,1985-03-01,240,General Brain-AI Structure Reviews and Methods,brain-structure,10.1002/ANA.410170315,20eceaf6560697eee46a0d88edaae98f04e13fd3,https://doi.org/10.1002/ANA.410170315,JournalArticle,unknown,5,brain; cortex; brain/neural structure in title,
1985,Effects of ELF (1-120 Hz) and modulated (50 Hz) RF fields on the efflux of calcium ions from brain tissue in vitro.,"Carl F. Blackman, Carl F. Blackman, S. Benane, Dennis E. House, William T. Joines",Bioelectromagnetics,1985,239,General Brain-AI Structure Reviews and Methods,brain-structure,10.1002/BEM.2250060102,6a362396a80ef63d2f6f639a9348b678c5de93f0,https://doi.org/10.1002/BEM.2250060102,JournalArticle,unknown,4,brain; brain/neural structure in title,
1985,Brain tumors: MR imaging with gadolinium-DTPA.,"R. Felix, W. Schörner, M. Laniado, Niendorf Hp, C. Claussen, W. Fiegler, et al.",Radiology,1985-09-01,238,Clinical NeuroAI and Brain Disorders,brain-structure,10.1148/RADIOLOGY.156.3.4040643,2a0271970fdf182c7bb7208332e8260d683887d3,https://doi.org/10.1148/RADIOLOGY.156.3.4040643,JournalArticle,unknown,4,brain; brain/neural structure in title,
1985,Purification of two astroglial growth factors from bovine brain,"B. Pettmann, M. Weibel, M. Sensenbrenner, G. Labourdette",FEBS Letters,1985-09-09,238,General Brain-AI Structure Reviews and Methods,brain-structure,10.1016/0014-5793(85)80851-6,6bb59b5524af13cac0d2b756c47b685eb0edf6fa,https://doi.org/10.1016/0014-5793(85)80851-6,JournalArticle,unknown,4,brain; brain/neural structure in title,
1985,Cognitive event-related brain potentials in children with attention and reading deficits.,"P. Holcomb, P. Ackerman, R. Dykman",Psychophysiology,1985-11-01,237,"Cognitive Architectures, Learning, and Systems Neuroscience",brain-structure,10.1111/J.1469-8986.1985.TB01663.X,e31b188e6a8ae1bbbfea4b1eb3400fc9ebf59ae1,https://doi.org/10.1111/J.1469-8986.1985.TB01663.X,JournalArticle,unknown,16,brain; cognitive architecture; brain/neural structure in title; explicit brain-structure/AI bridge,
1985,Cerebral neuromagnetic responses evoked by short auditory stimuli.,"Mikko Sams, Matti S. Hämäläinen, A. Antervo, E. Kaukoranta, K. Reinikainen, Riitta Hari",Electroencephalography and Clinical Neurophysiology,1985-10-01,236,"Electrophysiology, Neural Signals, and AI Decoding",brain-structure;connectome;neural-signals;clinical-neuroai,10.1016/0013-4694(85)91092-2,6b18c298d4a02f86d599b79b11a602e1729f0e56,https://doi.org/10.1016/0013-4694(85)91092-2,JournalArticle,unknown,6,brain; cerebral; historical computation/learning bridge,
1985,Nerve growth factor promotes cholinergic development in brain striatal cultures.,"H. J. Martinez, C. Dreyfus, G. Jonakait, I. Black",Proceedings of the National Academy of Sciences of the United States of America,1985-11-01,236,General Brain-AI Structure Reviews and Methods,brain-structure,10.1073/PNAS.82.22.7777,1f51954c651bfa28925db70f7fa37039d6c65b72,https://doi.org/10.1073/PNAS.82.22.7777,JournalArticle,unknown,4,brain; brain/neural structure in title,
1985,Anatomy of brain alpha1-adrenergic receptors: In vitro autoradiography with [125I]-heat,"L. Jones, L. Gauger, James N. Davis",The Journal of comparative neurology,1985-01-08,235,"Connectomics, Graph Models, and Brain Networks",brain-structure;connectome,10.1002/cne.902310207,45ac4c35df9c7494cb6c38765a4d6fcbc50a6a8f,https://doi.org/10.1002/cne.902310207,JournalArticle,unknown,8,brain; brain/neural structure in title; historical computation/learning bridge,
1985,Galanin-like immunoreactivity in capsaicin sensitive sensory neurons and ganglia.,"G. Skofitsch, D. Jacobowitz",Brain Research Bulletin,1985-08-01,233,"Cellular, Synaptic, and Neuromorphic Foundations",brain-structure,10.1016/0361-9230(85)90135-2,427384b0adfcc4553f57aa5d4b57dc6f9e4ebb89,https://doi.org/10.1016/0361-9230(85)90135-2,JournalArticle,unknown,13,neuron; neuromorphic; explicit brain-structure/AI bridge,
1985,Signal enhancement in distal cortical dendrites by means of interactions between active dendritic spines.,"G. Shepherd, R. Brayton, J. Miller, Idan Segev, J. Rinzel, W. Rall",Proceedings of the National Academy of Sciences of the United States of America,1985-04-01,228,General Brain-AI Structure Reviews and Methods,brain-structure,10.1073/PNAS.82.7.2192,24d6e2741eddb6fc4af6e7db23400ff924630bc0,https://doi.org/10.1073/PNAS.82.7.2192,JournalArticle,unknown,2,brain; cortical,
1985,Substance P raises neuronal membrane excitability by reducing inward rectification,"P. Stanfield, Y. Nakajima, K. Yamaguchi",Nature,1985-06-06,228,"Cellular, Synaptic, and Neuromorphic Foundations",,10.1038/315498A0,e22586b2956e541d1299c828881aaab91aaf8ed0,https://doi.org/10.1038/315498A0,JournalArticle,unknown,13,neuron; neuromorphic; explicit brain-structure/AI bridge,
1985,Autoregulation of histamine release in brain by presynaptic H3-receptors.,"J. Arrang, M. Garbarg, J. Schwartz",Neuroscience,1985-06-01,227,"Cellular, Synaptic, and Neuromorphic Foundations",brain-structure,10.1016/0306-4522(85)90233-7,f240437bb2a0bedcc5e9a4b31e0d38d1adcfee82,https://doi.org/10.1016/0306-4522(85)90233-7,JournalArticle,unknown,16,brain; neuromorphic; brain/neural structure in title; explicit brain-structure/AI bridge,
1985,Ontogeny of brain nuclei controlling song learning and behavior in zebra finches,"S. Bottjer, S. L. Glaessner, A. Arnold",Journal of Neuroscience,1985-06-01,227,"Cellular, Synaptic, and Neuromorphic Foundations",brain-structure,10.1523/JNEUROSCI.05-06-01556.1985,c6fbd463a5faadeb8855c2553f75ed266a165caf,https://doi.org/10.1523/JNEUROSCI.05-06-01556.1985,JournalArticle,unknown,17,brain; neuron; neuromorphic; brain/neural structure in title; explicit brain-structure/AI bridge,An anatomically discrete system of interconnected brain nuclei controls production of learned song patterns in adult male zebra finches (Poephila guttata).
1985,Transplants of Schwann cell cultures promote axonal regeneration in the adult mammalian brain.,"L. F. Kromer, C. Cornbrooks",Proceedings of the National Academy of Sciences of the United States of America,1985-09-01,227,"Cellular, Synaptic, and Neuromorphic Foundations",brain-structure,10.1073/PNAS.82.18.6330,85f17cd243e2e25be368ede5643c39bdd6e0773e,https://doi.org/10.1073/PNAS.82.18.6330,JournalArticle,unknown,16,brain; neuromorphic; brain/neural structure in title; explicit brain-structure/AI bridge,
1985,"Differential ontogeny of multiple opioid receptors (mu, delta, and kappa)","JW Spain, B. Roth, C. Coscia",Journal of Neuroscience,1985-03-01,226,General Brain-AI Structure Reviews and Methods,brain-structure,10.1523/JNEUROSCI.05-03-00584.1985,e99e687fcba46f6b543364c8dc34f17eeb5f7ce2,https://doi.org/10.1523/JNEUROSCI.05-03-00584.1985,JournalArticle,unknown,1,brain,"We investigated the postnatal ontogeny of opioid receptors in rat brain under assay conditions which, when combined with computerized analysis, effectively reflect the developmental profile of high affinity binding to mu, delta, and kappa subpopulations."
1985,Diazepam-binding inhibitor: a neuropeptide located in selected neuronal populations of rat brain.,"H. Alho, E. Costa, P. Ferrero, M. Fujimoto, D. Cosenza-Murphy, A. Guidotti",Science,1985-07-12,225,"Cellular, Synaptic, and Neuromorphic Foundations",brain-structure,10.1126/SCIENCE.3892688,7972b8f4c7ee544ec3e6572e354e30e893839bf1,https://doi.org/10.1126/SCIENCE.3892688,JournalArticle,unknown,17,brain; neuron; neuromorphic; brain/neural structure in title; explicit brain-structure/AI bridge,
1985,Purification and characterization of rat brain prostaglandin D synthetase.,"Y. Urade, N. Fujimoto, O. Hayaishi",Journal of Biological Chemistry,1985-10-15,225,General Brain-AI Structure Reviews and Methods,brain-structure,10.1016/s0021-9258(17)38889-0,f9b4823163d86c6e4007be87c3380092342f7fbb,https://doi.org/10.1016/s0021-9258(17)38889-0,JournalArticle,unknown,4,brain; brain/neural structure in title,"Prostaglandin D synthetase was purified 2,600-fold from rat brain to apparent homogeneity, as judged by polyacrylamide gel electrophoresis and ultracentrifugation."
1985,Head injury and brain ischaemia--implications for therapy.,J. Miller,British Journal of Anaesthesia,1985,224,General Brain-AI Structure Reviews and Methods,brain-structure,10.1093/BJA/57.1.120,6bad8aa1548f8a18f56de76c869e98ff7acb2aa6,https://doi.org/10.1093/BJA/57.1.120,Review; JournalArticle,unknown,4,brain; brain/neural structure in title,
1985,Superoxide generation and reversal of acetylcholine-induced cerebral arteriolar dilation after acute hypertension.,"E. P. Wei, H. Kontos, C. W. Christman, D. Dewitt, J. Povlishock",Circulation Research,1985-11-01,224,General Brain-AI Structure Reviews and Methods,brain-structure,10.1161/01.RES.57.5.781,3df407db7ac9edb25e5af5e600f5744c71b73f19,https://doi.org/10.1161/01.RES.57.5.781,JournalArticle,unknown,2,brain; cerebral,
1985,The development of the glucocorticoid receptor system in the rat limbic brain. I. Ontogeny and autoregulation.,"M. Meaney, R. Sapolsky, B. McEwen",Brain Research,1985-02-01,224,General Brain-AI Structure Reviews and Methods,brain-structure,10.1016/0165-3806(85)90259-7,82b43b6275bf173d5e4560c2b61a5d5ad8238c66,https://doi.org/10.1016/0165-3806(85)90259-7,JournalArticle; Study,unknown,4,brain; brain/neural structure in title,
1985,Transport of molecules from nose to brain: transneuronal anterograde and retrograde labeling in the rat olfactory system by wheat germ agglutinin-horseradish peroxidase applied to the nasal epithelium.,M. T. Shipley,Brain Research Bulletin,1985-08-01,223,"Cellular, Synaptic, and Neuromorphic Foundations",brain-structure,10.1016/0361-9230(85)90129-7,71e7d49517b0bc4149b7e1281773dd66c5ec4bd6,https://doi.org/10.1016/0361-9230(85)90129-7,JournalArticle,unknown,17,brain; neuron; neuromorphic; brain/neural structure in title; explicit brain-structure/AI bridge,
1985,Brain mechanisms of drug reward and euphoria.,"R. Wise, M. Bozarth",Psychiatric medicine,1985,222,General Brain-AI Structure Reviews and Methods,brain-structure,,03aa2612a2a7f921e188597ceecdfe28ca55bf3d,https://www.semanticscholar.org/paper/03aa2612a2a7f921e188597ceecdfe28ca55bf3d,Review; JournalArticle,unknown,4,brain; brain/neural structure in title,
1985,Evidence for the existence of atrial natriuretic factor-containing neurons in the rat brain.,"D. Jacobowitz, G. Skofitsch, H. Keiser, R. Eskay, N. Zamir",Neuroendocrinology,1985,221,"Cellular, Synaptic, and Neuromorphic Foundations",brain-structure,10.1159/000124058,f051d12e92aab3a249df85ff67abe554b1e60414,https://doi.org/10.1159/000124058,JournalArticle,unknown,17,brain; neuron; neuromorphic; brain/neural structure in title; explicit brain-structure/AI bridge,
1985,Changes in brain concentrations of catecholamines and indoleamines in Toxoplasma gondii infected mice.,H. Stibbs,Annals of Tropical Medicine and Parasitology,1985-04-01,220,General Brain-AI Structure Reviews and Methods,brain-structure,10.1080/00034983.1985.11811902,25658abc1349da3eceb7cf35a27f7557820533f9,https://doi.org/10.1080/00034983.1985.11811902,JournalArticle,unknown,4,brain; brain/neural structure in title,
1985,Nerve growth cones isolated from fetal rat brain. IV. Preparation of a membrane subfraction and identification of a membrane glycoprotein expressed on sprouting neurons,"L. Ellis, I. Wallis, E. Abreu, K. Pfenninger",Journal of Cell Biology,1985-11-01,220,"Cellular, Synaptic, and Neuromorphic Foundations",brain-structure;neural-signals,10.1083/jcb.101.5.1977,7b3646d170708fb62b899e24bd53114cb9790d25,https://doi.org/10.1083/jcb.101.5.1977,JournalArticle,unknown,18,brain; ecog; neuron; neuromorphic; brain/neural structure in title; explicit brain-structure/AI bridge,"This study describes the preparation of a membrane subfraction from isolated nerve growth cone particles (GCPs) (see Pfenninger, K."
1985,Distribution of atrial natriuretic factor-like immunoreactive neurons in the rat brain.,"G. Skofitsch, D. M. Jacobowitz, R. Eskay, Nadav Zamir",Neuroscience,1985-12-01,217,"Cellular, Synaptic, and Neuromorphic Foundations",brain-structure,10.1016/0306-4522(85)90106-X,06fb69a66aca446577ac238b349fb5c13b5c7198,https://doi.org/10.1016/0306-4522(85)90106-X,JournalArticle,unknown,17,brain; neuron; neuromorphic; brain/neural structure in title; explicit brain-structure/AI bridge,
1985,Pirenzepine distinguishes between muscarinic receptor-mediated phosphoinositide breakdown and inhibition of adenylate cyclase.,"D. Gil, B. Wolfe",Journal of Pharmacology and Experimental Therapeutics,1985-03-01,217,General Brain-AI Structure Reviews and Methods,brain-structure,10.1016/s0022-3565(25)20880-1,8bf7b675e78f725d2f217d93cfe27121bed83033,https://doi.org/10.1016/s0022-3565(25)20880-1,JournalArticle,unknown,1,brain,"Subtypes of muscarinic cholinergic receptors have been proposed to exist, but the biochemical responses mediated by the putative subtypes are unknown."
1985,Subunit structure of paired helical filaments in Alzheimer's disease,"C. Wischik, R. Crowther, Murray Stewart, Martin, Roth",Journal of Cell Biology,1985-06-01,217,Clinical NeuroAI and Brain Disorders,brain-structure;clinical-neuroai,10.1083/jcb.100.6.1905,dc3c35de208b47e9ea6933f07c191a4b291f0d6f,https://doi.org/10.1083/jcb.100.6.1905,JournalArticle,unknown,5,brain; historical computation/learning bridge,"The neurofibrillary tangles that occur in the brain in cases of senile dementia of the Alzheimer type contain a distinctive type of filament, the paired helical filament (PHF)."
1985,Transferrin receptors in rat brain: neuropeptide-like pattern and relationship to iron distribution.,"J. Hill, M. Ruff, R. Weber, C. Pert",Proceedings of the National Academy of Sciences of the United States of America,1985-07-01,217,General Brain-AI Structure Reviews and Methods,brain-structure,10.1073/PNAS.82.13.4553,c2a64998a36fb6ddfb54b2e1369a95295e95d532,https://doi.org/10.1073/PNAS.82.13.4553,JournalArticle,unknown,4,brain; brain/neural structure in title,
1985,Removal of ocular artifacts from the EEG--a biophysical approach to the EOG.,"T. Elbert, W. Lutzenberger, B. Rockstroh, N. Birbaumer",Electroencephalography and Clinical Neurophysiology,1985-05-01,214,"Electrophysiology, Neural Signals, and AI Decoding",connectome;neural-signals;clinical-neuroai,10.1016/0013-4694(85)91020-X,bd3a97ac97dae63eec3d787be0693618836f3668,https://doi.org/10.1016/0013-4694(85)91020-X,JournalArticle,unknown,6,brain; eeg; historical computation/learning bridge,
1985,Transferrin gene expression visualized in oligodendrocytes of the rat brain by using in situ hybridization and immunohistochemistry.,"B. Bloch, T. Popovici, M. Levin, D. Tuil, A. Kahn",Proceedings of the National Academy of Sciences of the United States of America,1985-10-01,213,General Brain-AI Structure Reviews and Methods,brain-structure,10.1073/PNAS.82.19.6706,39ea7cadabdb1e7c083a0b8857a0896b5ef88945,https://doi.org/10.1073/PNAS.82.19.6706,JournalArticle,unknown,4,brain; brain/neural structure in title,
1985,Presynaptic localization of B-50 phosphoprotein: the (ACTH)-sensitive protein kinase substrate involved in rat brain polyphosphoinositide metabolism.,"W. Gispen, J. Leunissen, A. Oestreicher, A. Verkleij, H. Zwiers",Brain Research,1985-03-04,212,"Cellular, Synaptic, and Neuromorphic Foundations",brain-structure,10.1016/0006-8993(85)91054-6,cd3b5cf076d6d72772734ea6014cf17fae04042d,https://doi.org/10.1016/0006-8993(85)91054-6,JournalArticle,unknown,16,brain; neuromorphic; brain/neural structure in title; explicit brain-structure/AI bridge,
1985,Primary structure of bovine brain acidic fibroblast growth factor (FGF).,"F. Esch, N. Ueno, A. Baird, Fred Hill, L. Denoroy, N. Ling, et al.",Biochemical and Biophysical Research Communications - BBRC,1985-12-17,212,General Brain-AI Structure Reviews and Methods,brain-structure,10.1016/0006-291X(85)90942-8,aea724f63e26e48e06f8cefbd3e4cca1efc76464,https://doi.org/10.1016/0006-291X(85)90942-8,JournalArticle,unknown,4,brain; brain/neural structure in title,
1985,"Localization, colocalization, and plasticity of corticotropin-releasing factor immunoreactivity in rat brain.","P. Sawchenko, L. Swanson",Federation proceedings,1985,211,"Cellular, Synaptic, and Neuromorphic Foundations",brain-structure,,e7e84a182a24f2216904c0bce133f0c62ee4dc75,https://www.semanticscholar.org/paper/e7e84a182a24f2216904c0bce133f0c62ee4dc75,JournalArticle; Review,unknown,16,brain; neuromorphic; brain/neural structure in title; explicit brain-structure/AI bridge,
1985,Location of neuronal tangles in somatostatin neurones in Alzheimer's disease,"G. Roberts, T. Crow, J. Polak",Nature,1985-03-07,211,"Cellular, Synaptic, and Neuromorphic Foundations",clinical-neuroai,10.1038/314092A0,7bd181f3075c2444c5ba506ecd00e763652a97e1,https://doi.org/10.1038/314092A0,JournalArticle,unknown,13,neuron; neuromorphic; explicit brain-structure/AI bridge,
1985,Upregulation of gamma-aminobutyric acid (GABA) B binding sites in rat frontal cortex: a common action of repeated administration of different classes of antidepressants and electroshock.,"K. Lloyd, F. Thuret, Andrzej Pilc",Journal of Pharmacology and Experimental Therapeutics,1985-10-01,211,"Electrophysiology, Neural Signals, and AI Decoding",brain-structure;neural-signals;clinical-neuroai,10.1016/s0022-3565(25)23855-1,1c291e00d384f2f59c762eeede07c6b29b56c7ba,https://doi.org/10.1016/s0022-3565(25)23855-1,JournalArticle,unknown,21,brain; cortex; hippocampus; ecog; neural; synapse; decoding; brain/neural structure in title; explicit brain-structure/AI bridge,The action of different classes of clinically effective antidepressants and electroshock on gamma-aminobutyric acid (GABA) B recognition sites in the frontal cortex was compared to that of other psychotropic agents.
1985,"CBF and time thresholds for the formation of ischemic cerebral edema, and effect of reperfusion in baboons.","B. Bell, L. Symon, N. Branston",Journal of Neurosurgery,1985,210,General Brain-AI Structure Reviews and Methods,brain-structure,10.3171/JNS.1985.62.1.0031,33729d7eab8cd6c7033f2efa43ac435a57d32a69,https://doi.org/10.3171/JNS.1985.62.1.0031,JournalArticle,unknown,2,brain; cerebral,
1985,Hormones and growth factors induce the synthesis of glial fibrillary acidic protein in rat brain astrocytes,"R. Morrison, J. Vellis, Y. L. Lee, R. Bradshaw, L. Eng",Journal of Neuroscience Research,1985,209,General Brain-AI Structure Reviews and Methods,brain-structure,10.1002/jnr.490140202,5fcdb63d597a2866d226b539e655334e819178fa,https://doi.org/10.1002/jnr.490140202,JournalArticle,unknown,4,brain; brain/neural structure in title,
1985,Peptides released by ameboid microglia regulate astroglial proliferation,"Dana Giulian, Timothy Baker",Journal of Cell Biology,1985-12-01,209,"Cellular, Synaptic, and Neuromorphic Foundations",brain-structure,10.1083/jcb.101.6.2411,ec21ce4c6b935f24626163876f360df23d910708,https://doi.org/10.1083/jcb.101.6.2411,JournalArticle,unknown,13,brain; neuromorphic; explicit brain-structure/AI bridge,Peptides that stimulate astroglial proliferation are produced in traumatized adult rat brain by 10 d after injury.
1985,The hyaluronic acid binding region as a specific probe for the localization of hyaluronic acid in tissue sections. Application to chick embryo and rat brain.,"J. A. Ripellino, M. Klinger, R. U. Margolis, R. Margolis",Journal of Histochemistry and Cytochemistry,1985-10-01,209,General Brain-AI Structure Reviews and Methods,brain-structure,10.1177/33.10.4045184,e448f2aa73d1fd18a8a618d7eb8a3af119a06cf4,https://doi.org/10.1177/33.10.4045184,JournalArticle,unknown,4,brain; brain/neural structure in title,
1985,Brain shrinkage in chronic alcoholics: a pathological study.,"C. Harper, J. Kril, R. Holloway,",British medical journal,1985-02-16,208,General Brain-AI Structure Reviews and Methods,brain-structure,10.1136/bmj.290.6467.501,7b2a5dc3b69ae783f0104c6c93bf4f7c9e9b8917,https://doi.org/10.1136/bmj.290.6467.501,JournalArticle,unknown,4,brain; brain/neural structure in title,
1985,Immunoaffinity Purification of Human Choline Acetyltransferase: Comparison of the Brain and Placental Enzymes,"G. Bruce, B. Wainer, L. Hersh",Journal of Neurochemistry,1985-08-01,208,General Brain-AI Structure Reviews and Methods,brain-structure,10.1111/j.1471-4159.1985.tb04030.x,2c57caa6dfaedf3ccb0b513ee73452c0303576a1,https://doi.org/10.1111/j.1471-4159.1985.tb04030.x,JournalArticle; Study,unknown,4,brain; brain/neural structure in title,
1985,Size and shape of the cerebral cortex in mammals. I. The cortical surface.,M. Hofman,"Brain, Behavior and Evolution",1985,208,"Cognitive Architectures, Learning, and Systems Neuroscience",brain-structure,10.1159/000116529,0cfb1127b8b01e6d9ceff6897332369fddaad151,https://doi.org/10.1159/000116529,JournalArticle; Study,unknown,18,cerebral; cortex; cortical; cognitive architecture; brain/neural structure in title; explicit brain-structure/AI bridge,
1985,1H-Observe/13C-decouple spectroscopic measurements of lactate and glutamate in the rat brain in vivo.,"D. Rothman, K. Behar, H. Hetherington, J. A. Hollander, M. Bendall, O. Petroff, et al.",Proceedings of the National Academy of Sciences of the United States of America,1985-03-01,207,General Brain-AI Structure Reviews and Methods,brain-structure,10.1073/PNAS.82.6.1633,4b588e15bfed7026aa7ab1f9a022608b89c11240,https://doi.org/10.1073/PNAS.82.6.1633,JournalArticle; Study,unknown,4,brain; brain/neural structure in title,
1985,Calcium channels in rat brain synaptosomes: identification and pharmacological characterization. High affinity blockade by organic Ca2+ channel blockers,"T. Turner, S. M. Goldin",Journal of Neuroscience,1985-03-01,207,"Electrophysiology, Neural Signals, and AI Decoding",brain-structure;neural-signals,10.1523/JNEUROSCI.05-03-00841.1985,7c433af83f521ab702fba55aaf5ebcebd6284293,https://doi.org/10.1523/JNEUROSCI.05-03-00841.1985,JournalArticle,unknown,17,brain; neural; decoding; brain/neural structure in title; explicit brain-structure/AI bridge,Rat brain synaptosomes are shown to contain functional voltage- sensitive Ca2+ channels that are inhibited by organic Ca2+ channel blockers.
1985,"Effects of age on the P300 component of the event-related potential from auditory stimuli: peak definition, variation, and measurement.","J. Polich, L. Howard, A. Starr",Journal of Gerontology,1985-11-01,207,"Electrophysiology, Neural Signals, and AI Decoding",brain-structure;neural-signals,10.1093/GERONJ/40.6.721,95e9492b26cb7fd6099ac3c96d7c2af69279700a,https://doi.org/10.1093/GERONJ/40.6.721,JournalArticle,unknown,14,brain; neural; decoding; explicit brain-structure/AI bridge,"An auditory ""oddball"" paradigm was used to elicit the P300 component of the event-related brain potential (ERP) from a large sample of young (5 to 15 years) and older (20 to 86 years) persons."
1985,Evidence for the localization of 5HT1A binding sites on serotonin containing neurons in the raphe dorsalis and raphe centralis nuclei of the rat brain.,"D. Weissmann-Nanopoulos, Evelyne Mach, J. Magré, Y. Demassey, J. Pujol",Neurochemistry International,1985,207,"Cellular, Synaptic, and Neuromorphic Foundations",brain-structure,10.1016/0197-0186(85)90156-1,d972e218304beb6ddf8a8fd587e2fca0c226cd9f,https://doi.org/10.1016/0197-0186(85)90156-1,JournalArticle,unknown,17,brain; neuron; neuromorphic; brain/neural structure in title; explicit brain-structure/AI bridge,
1985,Fetal occipital cortical neurons transplanted to the rostral cortex can extend and maintain a pyramidal tract axon,"B. Stanfield, D. O'Leary",Nature,1985-01-10,207,"Cellular, Synaptic, and Neuromorphic Foundations",brain-structure,10.1038/313135A0,9e3d04d81c327c992a29ec075c0d9b3da3482265,https://doi.org/10.1038/313135A0,JournalArticle,unknown,18,cortex; cortical; neuron; neuromorphic; brain/neural structure in title; explicit brain-structure/AI bridge,
1985,Neurochemical and functional correlates of naltrexone-induced opiate receptor up-regulation.,"A. Tempel, E. Gardner, R. Zukin",Journal of Pharmacology and Experimental Therapeutics,1985-02-01,207,General Brain-AI Structure Reviews and Methods,brain-structure,10.1016/s0022-3565(25)20595-x,b0a0b6c119c72b589e3221b21033c0dd3b780b68,https://doi.org/10.1016/s0022-3565(25)20595-x,JournalArticle,unknown,1,brain,The neurochemical and functional correlates of opioid receptor up-regulation after chronic antagonist administration in vivo and of down-regulation after withdrawal of antagonist were examined.
1985,Distribution of neurons containing phenylethanolamine N-methyltransferase in medulla and hypothalamus of rat,"D. Ruggiero, C. Ross, M. Anwar, D. Park, T. Joh, D. Reis",The Journal of comparative neurology,1985-09-08,205,"Cellular, Synaptic, and Neuromorphic Foundations",,10.1002/cne.902390202,5636f0d106ffed396a134992d779430e35f249ad,https://doi.org/10.1002/cne.902390202,JournalArticle,unknown,15,thalamus; hypothalamus; neuron; neuromorphic; explicit brain-structure/AI bridge,
1985,Event-related brain potential correlates of the processing of novel visual and auditory information in autism,"E. Courchesne, A. Lincoln, B. Kilman, R. Galamboš",Journal of Autism and Developmental Disorders,1985-03-01,205,General Brain-AI Structure Reviews and Methods,brain-structure,10.1007/BF01837899,ec9113e139d9baf2e005ee2ac0380201ad58b231,https://doi.org/10.1007/BF01837899,JournalArticle,unknown,4,brain; brain/neural structure in title,
1985,Origin of cholinergic nerves to the rat major cerebral arteries: coexistence with vasoactive intestinal polypeptide.,"H. Hara, G. Hamill, D. Jacobowitz",Brain Research Bulletin,1985-02-01,205,General Brain-AI Structure Reviews and Methods,brain-structure,10.1016/0361-9230(85)90077-2,88f67d9cb021347b06c08ca21299f2dd773d3125,https://doi.org/10.1016/0361-9230(85)90077-2,JournalArticle,unknown,2,brain; cerebral,
1985,"Rat medulla oblongata. III. Adrenergic (C1 and C2) neurons, nerve fibers and presumptive terminal processes","M. Kalia, K. Fuxe, M. Goldstein",The Journal of comparative neurology,1985-03-15,204,"Cellular, Synaptic, and Neuromorphic Foundations",,10.1002/cne.902330304,6ba5f2495215ccce526aaf56caf228324c36c491,https://doi.org/10.1002/cne.902330304,JournalArticle,unknown,13,neuron; neuromorphic; explicit brain-structure/AI bridge,
1985,Ultrastructural localization of choline acetyltransferase in vascular endothelial cells in rat brain,"J. Parnavelas, W. Kelly, G. Burnstock",Nature,1985-08-22,204,"Cellular, Synaptic, and Neuromorphic Foundations",brain-structure,10.1038/316724A0,077b96f9835aa3bb06f2db722e41f0b4f53dcb69,https://doi.org/10.1038/316724A0,JournalArticle,unknown,16,brain; neuromorphic; brain/neural structure in title; explicit brain-structure/AI bridge,
1985,"Acid-base homeostasis in the brain: physiology, chemistry, and neurochemical pathology.",B. Siesjö,Progress in Brain Research,1985,203,General Brain-AI Structure Reviews and Methods,brain-structure,10.1016/S0079-6123(08)61980-9,9731865b6fcfb2772c4d539423f423f82ae7d446,https://doi.org/10.1016/S0079-6123(08)61980-9,Review; JournalArticle,unknown,4,brain; brain/neural structure in title,
1985,"Coupling of the guanine nucleotide regulatory protein to chemotactic peptide receptors in neutrophil membranes and its uncoupling by islet-activating protein, pertussis toxin. A possible role of the toxin substrate in Ca2+-mobilizing receptor-mediated signal transduction.","F. Okajima, T. Katada, M. Ui",Journal of Biological Chemistry,1985-06-10,203,"Cellular, Synaptic, and Neuromorphic Foundations",brain-structure,10.1016/s0021-9258(18)88845-7,41a2771f6d7654710f5ab351844937e5a3945e02,https://doi.org/10.1016/s0021-9258(18)88845-7,JournalArticle,unknown,13,brain; neuromorphic; explicit brain-structure/AI bridge,A chemotactic peptide stimulated the high-affinity GTPase activity in membrane preparations from guinea pig neutrophils.
1985,17 beta-Estradiol at a physiological dose acutely increases dopamine turnover in rat brain.,"T. D. Paolo, C. Rouillard, P. J. Bédard",European Journal of Pharmacology,1985-11-05,202,General Brain-AI Structure Reviews and Methods,brain-structure,10.1016/0014-2999(85)90604-1,334233867b757bf4250c523688488a9719f02969,https://doi.org/10.1016/0014-2999(85)90604-1,JournalArticle,unknown,4,brain; brain/neural structure in title,
1985,"Immunohistochemical evidence for the coexistence of calcitonin gene-related peptide- and choline acetyltransferase-like immunoreactivity in neurons of the rat hypoglossal, facial and ambiguus nuclei.","K. Takami, Y. Kawai, Sadao Shiosaka, Y. Lee, S. Girgis, C. Hillyard, et al.",Brain Research,1985-03-04,202,"Cellular, Synaptic, and Neuromorphic Foundations",brain-structure,10.1016/0006-8993(85)91055-8,bd5c9604b8cafc5d64c8c4bc608420e00b452e33,https://doi.org/10.1016/0006-8993(85)91055-8,JournalArticle,unknown,13,neuron; neuromorphic; explicit brain-structure/AI bridge,
1985,"Neuroanatomical tracing by use of Phaseolus vulgaris-leucoagglutinin (PHA-L): electron microscopy of PHA-L-filled neuronal somata, dendrites, axons and axon terminals.","F. Wouterlood, H. Groenewegen",Brain Research,1985-02-04,201,"Cellular, Synaptic, and Neuromorphic Foundations",brain-structure,10.1016/0006-8993(85)91402-7,0036ee94256eb86c6fcc21faa4313ad1e92cc1d3,https://doi.org/10.1016/0006-8993(85)91402-7,JournalArticle,unknown,13,neuron; neuromorphic; explicit brain-structure/AI bridge,
1985,Serotonin-stimulated phosphoinositide turnover: mediation by the S2 binding site in rat cerebral cortex but not in subcortical regions.,"P. Conn, E. sanders-Bush",Journal of Pharmacology and Experimental Therapeutics,1985-07-01,201,General Brain-AI Structure Reviews and Methods,brain-structure,10.1016/s0022-3565(25)23298-0,290c10e068bfcdde1e7f05edd4042058d5462a22,https://doi.org/10.1016/s0022-3565(25)23298-0,JournalArticle,unknown,8,brain; cerebral; cortex; cortical; hippocampus; brain/neural structure in title,"In rat cerebral cortex, serotonin (5-HT) stimulates phosphoinositide turnover with an EC50 of 1 microM in the presence of pargyline."
1985,Sexually dimorphic regions in the medial preoptic area and the bed nucleus of the stria terminalis of the guinea pig brain: a description and an investigation of their relationship to gonadal steroids in adulthood,"M. Hines, F. Davis, A. Coquelin, R. Goy, R. Gorski",Journal of Neuroscience,1985-01-01,200,"Cognitive Architectures, Learning, and Systems Neuroscience",brain-structure,10.1523/JNEUROSCI.05-01-00040.1985,0a05b72c9a9395b3145f8f64ddeccaf6eb18bfb0,https://doi.org/10.1523/JNEUROSCI.05-01-00040.1985,JournalArticle; Study,unknown,17,brain; neural; cognitive architecture; brain/neural structure in title; explicit brain-structure/AI bridge,Sexually dimorphic regions are described in two areas of the guinea pig brain: the medial preoptic area (MPOA) and the bed nucleus of the stria terminalis (BNST).
1985,Insulin receptors and insulin modulation of norepinephrine uptake in neuronal cultures from rat brain.,"F. Boyd, D. Clarke, T. Muther, M. Raizada",Journal of Biological Chemistry,1985-12-15,199,"Cellular, Synaptic, and Neuromorphic Foundations",brain-structure,,cff3435287ab9c769182bd1349cc3021bff17363,https://www.semanticscholar.org/paper/cff3435287ab9c769182bd1349cc3021bff17363,JournalArticle,unknown,17,brain; neuron; neuromorphic; brain/neural structure in title; explicit brain-structure/AI bridge,
1985,Permeability of blood-brain barrier to various sized molecules.,"W. Mayhan, D. Heistad",American Journal of Physiology,1985-05-01,199,General Brain-AI Structure Reviews and Methods,brain-structure,10.1152/AJPHEART.1985.248.5.H712,786cb6ecb142876fbb2e6b58579b4ee83603d454,https://doi.org/10.1152/AJPHEART.1985.248.5.H712,JournalArticle,unknown,4,brain; brain/neural structure in title,
1985,"Regional brain dopamine metabolism: a marker for the speed, direction, and posture of moving animals.","Curt R. Freed, Bryan Yamamoto",Science,1985-07-05,199,General Brain-AI Structure Reviews and Methods,brain-structure,10.1126/SCIENCE.4012312,4f7460d4391bd0140643a2722ca3277d7d0ee47e,https://doi.org/10.1126/SCIENCE.4012312,JournalArticle,unknown,4,brain; brain/neural structure in title,
1985,Neural regulation of the circadian vasopressin rhythm in cerebrospinal fluid: a pre-eminent role for the suprachiasmatic nuclei,"W. Schwartz, S. Reppert",Journal of Neuroscience,1985-10-01,198,"Connectomics, Graph Models, and Brain Networks",brain-structure;connectome,10.1523/JNEUROSCI.05-10-02771.1985,718fcfa0c2efe1cd0ad5cb8a65348c9305ec6b3c,https://doi.org/10.1523/JNEUROSCI.05-10-02771.1985,JournalArticle,unknown,9,brain; neural; brain/neural structure in title; historical computation/learning bridge,The neuroanatomical system responsible for the generation and expression of the circadian vasopressin rhythm in cerebrospinal fluid (CSF) is investigated.
1985,"Characterization of protein F1 (47 kDa, 4.5 pI): a kinase C substrate directly related to neural plasticity.","R. Nelson, A. Routtenberg",Experimental Neurology,1985-07-01,197,"Cellular, Synaptic, and Neuromorphic Foundations",brain-structure,10.1016/0014-4886(85)90277-8,0facd54a2fd5e5c4a0a1cde1f10a4f424a27db9d,https://doi.org/10.1016/0014-4886(85)90277-8,JournalArticle,unknown,16,neural; neuromorphic; brain/neural structure in title; explicit brain-structure/AI bridge,
1985,Uptake of chemically modified low density lipoproteins in vivo is mediated by specific endothelial cells,"R. Pitas, J. Boyles, R. Mahley, D. Bissell",Journal of Cell Biology,1985-01-01,197,"Cellular, Synaptic, and Neuromorphic Foundations",brain-structure,10.1083/jcb.100.1.103,6b59bf6cc7ceaedcc3ee31a9c7fac58439b6e0e9,https://doi.org/10.1083/jcb.100.1.103,JournalArticle,unknown,13,brain; neuromorphic; explicit brain-structure/AI bridge,Acetoacetylated (AcAc) and acetylated (Ac) low density lipoproteins (LDL) are rapidly cleared from the plasma (t1/2 approximately equal to 1 min).
1985,5-Hydroxytryptamine-stimulated inositol phospholipid hydrolysis in rat cerebral cortex slices: pharmacological characterization and effects of antidepressants.,"D. Kendall, S. Nahorski",Journal of Pharmacology and Experimental Therapeutics,1985-05-01,195,General Brain-AI Structure Reviews and Methods,brain-structure,10.1016/s0022-3565(25)21236-8,510089bc9a852c26338a9a64172d36b4f81d6b2d,https://doi.org/10.1016/s0022-3565(25)21236-8,JournalArticle,unknown,7,brain; cerebral; cortex; cortical; brain/neural structure in title,The ability of 5-hydroxytryptamine (5-HT) and related agonists to stimulate hydrolysis of inositol phospholipids was examined in rat cerebral cortex slices using a direct assay which involves prelabeling with [3H]inositol and assaying [3H]inositol phosphates in the presence of lithium.
1985,Angiogenesis in developing rat brain: an in vivo and in vitro study.,"P. Robertson, M. Bois, P. Bowman, G. Goldstein",Brain Research,1985-12-01,194,General Brain-AI Structure Reviews and Methods,brain-structure,10.1016/0165-3806(85)90044-6,8fcb8720f1aab06547e5eac7ef06c7ababf96125,https://doi.org/10.1016/0165-3806(85)90044-6,JournalArticle,unknown,4,brain; brain/neural structure in title,
1985,Glucocorticoids are modulators of GABAA receptors in brain.,"M. D. Majewska, J. Bisserbe, R. Eskay",Brain Research,1985-07-22,194,General Brain-AI Structure Reviews and Methods,brain-structure,10.1016/0006-8993(85)90641-9,88421a4de60313bf8598b39087945298104f74c8,https://doi.org/10.1016/0006-8993(85)90641-9,JournalArticle; Study,unknown,4,brain; brain/neural structure in title,
1985,Complex structure of quisqualate-sensitive glutamate receptors in rat cortex.,"T. Honoré, M. Nielsen",Neuroscience Letters,1985-02-28,193,General Brain-AI Structure Reviews and Methods,brain-structure,10.1016/S0304-3940(85)80113-0,e716416a60911f9e4f80be0c81e61000e18ff213,https://doi.org/10.1016/S0304-3940(85)80113-0,JournalArticle,unknown,5,brain; cortex; brain/neural structure in title,
1985,Insulin-like growth factor II (IGF II) in human brain: regional distribution of IGF II and of higher molecular mass forms.,"G. Haselbacher, Martin E. SCHWABt, A. Pasi, Rent, E. Humbel",Proceedings of the National Academy of Sciences of the United States of America,1985-04-01,193,General Brain-AI Structure Reviews and Methods,brain-structure,10.1073/PNAS.82.7.2153,2922286b16ee2568ab7b871143a4d735a2063517,https://doi.org/10.1073/PNAS.82.7.2153,JournalArticle,unknown,4,brain; brain/neural structure in title,
1985,Changes in Brain Energy Metabolism and Protein Synthesis Following Transient Bilateral Ischemia in the Gerbil,"T. Nowak, Richard L. Fried, W. Lust, J. Passonneau",Journal of Neurochemistry,1985-02-01,192,General Brain-AI Structure Reviews and Methods,brain-structure,10.1111/j.1471-4159.1985.tb05440.x,1281c4762cd309df140c1df445beb0b12145ccde,https://doi.org/10.1111/j.1471-4159.1985.tb05440.x,JournalArticle,unknown,4,brain; brain/neural structure in title,
1985,Furosemide- and bumetanide-sensitive ion transport and volume control in primary astrocyte cultures from rat brain.,"H. Kimelberg, M. Frangakis",Brain Research,1985-12-30,192,General Brain-AI Structure Reviews and Methods,brain-structure,10.1016/0006-8993(85)91282-X,b7090f8c72ec01ba788c20399081b97b8c69ab27,https://doi.org/10.1016/0006-8993(85)91282-X,JournalArticle,unknown,4,brain; brain/neural structure in title,
1985,"Oxygen radicals in the adult respiratory distress syndrome, in myocardial ischemia and reperfusion injury, and in cerebral vascular damage.","B. Hammond, H. Kontos, M. Hess",Canadian Journal of Physiology and Pharmacology,1985-03-01,192,General Brain-AI Structure Reviews and Methods,brain-structure,10.1139/Y85-034,8e4b8ab35366ebb66399f9f5c05b9a571773fd52,https://doi.org/10.1139/Y85-034,Review; JournalArticle,unknown,2,brain; cerebral,
1985,Selective expression of the 180-kD component of the neural cell adhesion molecule N-CAM during development,"E. Pollerberg, R. Sadoul, C. Goridis, M. Schachner",Journal of Cell Biology,1985-11-01,191,"Cellular, Synaptic, and Neuromorphic Foundations",brain-structure;neural-signals,10.1083/jcb.101.5.1921,c424a33e294482c80a930690bd5597d97acc13d2,https://doi.org/10.1083/jcb.101.5.1921,JournalArticle,unknown,19,brain; ecog; neuron; neural; neuromorphic; brain/neural structure in title; explicit brain-structure/AI bridge,"The rodent neural cell adhesion molecule (N-CAM) consists of three glycoprotein chains of 180, 140, and 120 kD in their adult forms."
1985,The blood-brain barrier. Transport across the cerebral endothelium.,M. Bradbury,Circulation Research,1985-08-01,191,General Brain-AI Structure Reviews and Methods,brain-structure,10.1161/01.RES.57.2.213,7aad2f38876b9c74d28c5993317b002fbc03a55f,https://doi.org/10.1161/01.RES.57.2.213,Review; JournalArticle,unknown,5,brain; cerebral; brain/neural structure in title,
1985,A monoclonal antibody disrupting calcium-dependent cell-cell adhesion of brain tissues: possible role of its target antigen in animal pattern formation.,"K. Hatta, T. Okada, M. Takeichi",Proceedings of the National Academy of Sciences of the United States of America,1985-05-01,188,"Cellular, Synaptic, and Neuromorphic Foundations",brain-structure,10.1073/PNAS.82.9.2789,19ea2246dd89c5bec16355684d36f94bcecc60ed,https://doi.org/10.1073/PNAS.82.9.2789,JournalArticle,unknown,16,brain; neuromorphic; brain/neural structure in title; explicit brain-structure/AI bridge,
1985,Biochemical and neuropsychological effects of elevated plasma phenylalanine in patients with treated phenylketonuria. A model for the study of phenylalanine and brain function in man.,"W. Krause, M. Halminski, L. McDonald, P. Dembure, R. Salvo, D. Freides, et al.",Journal of Clinical Investigation,1985,188,Clinical NeuroAI and Brain Disorders,brain-structure;clinical-neuroai,10.1172/JCI111695,386a5204980c8068dd8a9d5a0e0a7a5789b2f981,https://doi.org/10.1172/JCI111695,JournalArticle; ClinicalTrial; Study,unknown,8,brain; brain/neural structure in title; historical computation/learning bridge,
1985,Monoclonal antibodies reveal structural homogeneity of gamma-aminobutyric acid/benzodiazepine receptors in different brain areas.,"P. Häring, C. Stähli, P. Schoch, B. Takács, T. Staehelin, H. Möhler",Proceedings of the National Academy of Sciences of the United States of America,1985-07-01,188,General Brain-AI Structure Reviews and Methods,brain-structure,10.1073/PNAS.82.14.4837,e9fe74c72f95dd6c2afce94502c61b8c0b6f048b,https://doi.org/10.1073/PNAS.82.14.4837,JournalArticle,unknown,4,brain; brain/neural structure in title,
1985,Timing function of the frontal cortex in sequential motor and learning tasks.,"L. Deecke, H. Kornhuber, W. Lang, M. Lang, H. Schreiber",Human neurobiology,1985,188,"Cognitive Architectures, Learning, and Systems Neuroscience",brain-structure,,b0a61bcac373d4bf677fc26d9fb92d74c98f18d8,https://www.semanticscholar.org/paper/b0a61bcac373d4bf677fc26d9fb92d74c98f18d8,JournalArticle,unknown,16,cortex; cognitive architecture; brain/neural structure in title; explicit brain-structure/AI bridge,
1985,Brain metabolism in autism. Resting cerebral glucose utilization rates as measured with positron emission tomography.,"J. Rumsey, R. Duara, C. Grady, J. Rapoport, R. Margolin, S. Rapoport, et al.",Archives of General Psychiatry,1985-05-01,187,"Connectomics, Graph Models, and Brain Networks",brain-structure;connectome,10.1001/ARCHPSYC.1985.01790280026003,a09b22ff03f8fe3a007e11cb8158e1b2a960eab1,https://doi.org/10.1001/ARCHPSYC.1985.01790280026003,JournalArticle,unknown,9,brain; cerebral; brain/neural structure in title; historical computation/learning bridge,
1985,Oxygen Radicals in Cerebral Vascular Injury,H. Kontos,Unknown venue,1985-10-01,187,General Brain-AI Structure Reviews and Methods,brain-structure,,686780129d79c4f9e1a6eefdb6e5041529392806,https://www.semanticscholar.org/paper/686780129d79c4f9e1a6eefdb6e5041529392806,paper,unknown,2,brain; cerebral,
1985,"Some Comparisons between Auditory Brain Stem Response Thresholds, Latencies, and the Pure-Tone Audiogram","M. Gorga, D. Worthington, Jan K. Reiland, Kathryn A. Beauchaine, D. Goldgar",Ear and Hearing,1985-03-01,187,General Brain-AI Structure Reviews and Methods,brain-structure,10.1097/00003446-198503000-00008,c379ada8a3e830df69a2f6d0a930cb7be250e27e,https://doi.org/10.1097/00003446-198503000-00008,JournalArticle,unknown,4,brain; brain/neural structure in title,
1985,Atlas of the Rabbit Brain and Spinal Cord,"J. Shek, G. Wen, H. Wisniewski, M. D., G. Wen, D. Ph., et al.",Unknown venue,1985-06-01,186,General Brain-AI Structure Reviews and Methods,brain-structure,,37d4a2cb705e7f626521c06255a94d4a2f63b343,https://www.semanticscholar.org/paper/37d4a2cb705e7f626521c06255a94d4a2f63b343,paper,unknown,4,brain; brain/neural structure in title,
1985,Occurrence of atrial natriuretic polypeptide in brain.,"N. Morii, K. Nakao, A. Sugawara, M. Sakamoto, M. Suda, M. Shimokura, et al.",Biochemical and Biophysical Research Communications - BBRC,1985-03-15,186,General Brain-AI Structure Reviews and Methods,brain-structure,10.1016/S0006-291X(85)80176-5,d946557e6dfdaa532275e76118426b1a955841c8,https://doi.org/10.1016/S0006-291X(85)80176-5,JournalArticle,unknown,4,brain; brain/neural structure in title,
1985,Autoradiographic localization of thyrotropin-releasing hormone receptors in the rat central nervous system,"S. Manaker., A. Winokur, W. Rostène, T. Rainbow",Journal of Neuroscience,1985-01-01,184,"Connectomics, Graph Models, and Brain Networks",brain-structure;connectome,10.1523/JNEUROSCI.05-01-00167.1985,844499d211a408c14c2cf1e78dde73b63ab3d55f,https://doi.org/10.1523/JNEUROSCI.05-01-00167.1985,JournalArticle,unknown,11,brain; cortex; hippocampus; amygdala; thalamus; hypothalamus; historical computation/learning bridge,We employed quantitative autoradiography to examine the distribution of thyrotropin-releasing hormone (TRH) receptors in the rat CNS.
1985,Glial cells express N-CAM/D2-CAM-like polypeptides in vitro,"M. Noble, M. Albrechtsen, Claus Møllert, J. Lyles, E. Bock, C. Goridis, et al.",Nature,1985-08-22,184,"Cellular, Synaptic, and Neuromorphic Foundations",brain-structure,10.1038/316725A0,7e393aef88d67ae3d6445ded8251a8d70007f2a9,https://doi.org/10.1038/316725A0,JournalArticle,unknown,4,neuromorphic,
1985,Microtubule-associated protein 1B: identification of a major component of the neuronal cytoskeleton.,"G. Bloom, F. Luca, R. Vallee",Proceedings of the National Academy of Sciences of the United States of America,1985-08-01,184,"Cellular, Synaptic, and Neuromorphic Foundations",,10.1073/PNAS.82.16.5404,e1d2aa62df5e556b94804f3f4d7a6d757e7b1e40,https://doi.org/10.1073/PNAS.82.16.5404,JournalArticle; Study,unknown,13,neuron; neuromorphic; explicit brain-structure/AI bridge,
1985,Brain atrophy in chronic alcoholic patients: a quantitative pathological study.,"C. Harper, J. Kril",Journal of Neurology Neurosurgery & Psychiatry,1985-03-01,183,Clinical NeuroAI and Brain Disorders,brain-structure;clinical-neuroai,10.1136/jnnp.48.3.211,5c20f753f8b045bfe4c2103837bfcacfb8976e04,https://doi.org/10.1136/jnnp.48.3.211,JournalArticle,unknown,4,brain; brain/neural structure in title,
1985,Stimulus- and amino acid-induced calcium and potassium changes in rat neocortex.,"R. Pumain, U. Heinemann",Journal of Neurophysiology,1985,181,General Brain-AI Structure Reviews and Methods,brain-structure,10.1152/JN.1985.53.1.1,ad41af0065cdce0f5f18318ae73fddb6a107159a,https://doi.org/10.1152/JN.1985.53.1.1,JournalArticle,unknown,5,brain; cortex; brain/neural structure in title,
1985,Topographical projections of the cerebral cortex to the subthalamic nucleus,Salman Afsharpour,The Journal of comparative neurology,1985-06-01,181,"Connectomics, Graph Models, and Brain Networks",brain-structure;connectome,10.1002/cne.902360103,adf47ead049d1d559e2133e2235dd367abb792f3,https://doi.org/10.1002/cne.902360103,JournalArticle,unknown,10,brain; cerebral; cortex; brain/neural structure in title; historical computation/learning bridge,
1985,High prealbumin and transferrin mRNA levels in the choroid plexus of rat brain.,"Phillip W. Dickson, A. R. Aldred, Philip D. Marley, Guo-fen Tu, G. J. Howlett, Gerhard Schreiber",Biochemical and Biophysical Research Communications - BBRC,1985-03-29,180,General Brain-AI Structure Reviews and Methods,brain-structure,10.1016/S0006-291X(85)80027-9,5dda843629f8fa6d69e8b83ce43a0ab37d7ca62e,https://doi.org/10.1016/S0006-291X(85)80027-9,JournalArticle; Study,unknown,4,brain; brain/neural structure in title,
1985,The development of the glucocorticoid receptor system in the rat limbic brain. III. Negative-feedback regulation.,"R. Sapolsky, M. Meaney, B. McEwen",Brain Research,1985-02-01,180,General Brain-AI Structure Reviews and Methods,brain-structure,10.1016/0165-3806(85)90261-5,5fb956745069de39fee9b645671969ec62c6f42e,https://doi.org/10.1016/0165-3806(85)90261-5,JournalArticle,unknown,4,brain; brain/neural structure in title,
1985,Abnormal neuronal excitability in hippocampal slices from kindled rats.,"G. King, R. Dingledine, J. Giacchino, J. McNamara",Journal of Neurophysiology,1985-11-01,178,"Cellular, Synaptic, and Neuromorphic Foundations",,10.1152/JN.1985.54.5.1295,c9e36cf07cf618524de563f71e30e3b8eebe8e2b,https://doi.org/10.1152/JN.1985.54.5.1295,JournalArticle,unknown,13,neuron; neuromorphic; explicit brain-structure/AI bridge,
1985,Effects of prenatal stress on differentiation of the sexually dimorphic nucleus of the preoptic area (SDN-POA) of the rat brain.,"David K. Anderson, R. W. Rhees, D. E. Fleming",Brain Research,1985-04-15,178,General Brain-AI Structure Reviews and Methods,brain-structure,10.1016/0006-8993(85)90394-4,85a64cdb8e5b63c0e148b8efbac8179cde982d10,https://doi.org/10.1016/0006-8993(85)90394-4,JournalArticle; Study,unknown,4,brain; brain/neural structure in title,
1985,"Genetics, evolution, and expression of the 68,000-mol-wt neurofilament protein: isolation of a cloned cDNA probe","S. Lewis, N. Cowan",Journal of Cell Biology,1985-03-01,178,"Brain Decoding, Representation Learning, and BCI",brain-structure,10.1083/jcb.100.3.843,a0c7397e13b70b47909b3daf241fe0ae09b29dd9,https://doi.org/10.1083/jcb.100.3.843,JournalArticle; Study,unknown,21,brain; decoding; representation learning; bci; explicit brain-structure/AI bridge,"A 1.2-kilobase (kb) cDNA clone (NF68) encoding the mouse 68,000-mol-wt neurofilament protein is described."
1985,"Rat transthyretin (prealbumin). Molecular cloning, nucleotide sequence, and gene expression in liver and brain.","P. Dickson, G. Howlett, G. Schreiber",Journal of Biological Chemistry,1985-07-05,178,General Brain-AI Structure Reviews and Methods,brain-structure,10.1016/s0021-9258(17)39583-2,8cd01371d91d2b28edf1d4de6c2f20dc3e5462c7,https://doi.org/10.1016/s0021-9258(17)39583-2,JournalArticle,unknown,4,brain; brain/neural structure in title,Transthyretin cDNA was isolated from a rat liver cDNA library.
1985,"Kinetics and displacement of [11C]RO 15-1788, a benzodiazepine antagonist, studied in human brain in vivo by positron tomography.","Y. Samson, P. Hantraye, J. Baron, F. Soussaline, D. Comar, M. Maziére",European Journal of Pharmacology,1985-04-02,177,"Connectomics, Graph Models, and Brain Networks",brain-structure;connectome,10.1016/0014-2999(85)90218-3,8d2011bfaeb340ddd8d754cbf4f4a215f4715804,https://doi.org/10.1016/0014-2999(85)90218-3,JournalArticle,unknown,8,brain; brain/neural structure in title; historical computation/learning bridge,
1985,Subcortical dementia. Frontal cortex hypometabolism detected by positron tomography in patients with progressive supranuclear palsy.,Unknown authors,Brain : a journal of neurology,1985-09-01,177,Clinical NeuroAI and Brain Disorders,brain-structure;connectome;clinical-neuroai,10.1093/BRAIN/108.3.785,2cbe2194c596b8e2901ca3d637fb27944421ab68,https://doi.org/10.1093/BRAIN/108.3.785,JournalArticle,unknown,6,brain; cortex; cortical; brain/neural structure in title,
1985,The transoral approach to the base of the brain and upper cervical cord.,Crockard Ha,Unknown venue,1985-09-01,177,General Brain-AI Structure Reviews and Methods,brain-structure,,a70be389a9fc3f55863d57666b8bea44cce6b01b,https://www.semanticscholar.org/paper/a70be389a9fc3f55863d57666b8bea44cce6b01b,paper,unknown,4,brain; brain/neural structure in title,
1985,Long term potentiation in the hippocampus: mechanisms of initiation and modulation by neurotransmitters,G. Collingridge,Unknown venue,1985,176,General Brain-AI Structure Reviews and Methods,brain-structure,10.1016/0165-6147(85)90192-0,f6504145f271f2c3e20206758213bd3061a2ad03,https://doi.org/10.1016/0165-6147(85)90192-0,paper,unknown,2,brain; hippocampus,
1985,Polyclonal antibodies to phospholipid/Ca2+-dependent protein kinase and immunocytochemical localization of the enzyme in rat brain.,"P. Girard, G. Mazzei, J. Wood, J. Kuo",Proceedings of the National Academy of Sciences of the United States of America,1985-05-01,176,General Brain-AI Structure Reviews and Methods,brain-structure,10.1073/PNAS.82.9.3030,0f92727846a5a8ef376cdd64a2b49861b2894fa2,https://doi.org/10.1073/PNAS.82.9.3030,JournalArticle,unknown,4,brain; brain/neural structure in title,
1985,"Effects of conditioned running on plasma, liver and brain tryptophan and on brain 5-hydroxytryptamine metabolism of the rat","F. Chaouloff, J. Elghozi, Y. Guezennec, D. Laude",British Journal of Pharmacology,1985-09-01,175,General Brain-AI Structure Reviews and Methods,brain-structure,10.1111/j.1476-5381.1985.tb09432.x,252bb8af4613bc1e38ccdb1051fb3841051efb5b,https://doi.org/10.1111/j.1476-5381.1985.tb09432.x,JournalArticle,unknown,4,brain; brain/neural structure in title,
1985,Expression of cell-adhesion molecules in embryonic induction. I. Morphogenesis of nestling feathers,"C. Chuong, G. Edelman",Journal of Cell Biology,1985-09-01,175,"Cellular, Synaptic, and Neuromorphic Foundations",brain-structure,10.1083/jcb.101.3.1009,b61127aa5b4a7ed13f2a52a86664ad8349a65cf8,https://doi.org/10.1083/jcb.101.3.1009,JournalArticle,unknown,15,brain; neuron; neural; neuromorphic; explicit brain-structure/AI bridge,"The potential relationship of cell adhesion to embryonic induction during feather formation was examined by immunohistochemical analysis of the spatiotemporal distribution of three cell-adhesion molecules (CAMs), neural CAM (N-CAM), liver CAM (L-CAM), and neuron-glia CAM (Ng- CAM), and of substrate molecules (laminin and fibronectin) in embryonic chicken skin."
1985,Schizophrenia with Good and Poor Outcome II: Cerebral Ventricular Size and its Clinical Significance,"A. O. Williams, M. Reveley, T. Kołakowska, M. Ardern, B. Mandelbrote",British Journal of Psychiatry,1985-03-01,175,Clinical NeuroAI and Brain Disorders,brain-structure;clinical-neuroai,10.1192/bjp.146.3.239,6d2e10e64063dfa303f341bfbd2632233a4e9da3,https://doi.org/10.1192/bjp.146.3.239,JournalArticle,unknown,2,brain; cerebral,
1985,The role of hippocampus in memory: a hypothesis.,"T. Teyler, P. DiScenna",Neuroscience and Biobehavioral Reviews,1985-09-01,175,"Cognitive Architectures, Learning, and Systems Neuroscience",brain-structure,10.1016/0149-7634(85)90016-8,df59ad65501e90a1b8fb5fa68fc0e7c8b27b4b64,https://doi.org/10.1016/0149-7634(85)90016-8,Review; JournalArticle,unknown,13,hippocampus; cognitive architecture; explicit brain-structure/AI bridge,
1985,Cogeneration of retrogradely labeled corticocortical projection and GABA-immunoreactive local circuit neurons in cerebral cortex.,Michael W. Miller,Brain Research,1985-12-01,174,"Cellular, Synaptic, and Neuromorphic Foundations",brain-structure,10.1016/0165-3806(85)90040-9,4ef96cc9e2ededfa43b16dcc47df0c9fff622975,https://doi.org/10.1016/0165-3806(85)90040-9,JournalArticle,unknown,19,cerebral; cortex; cortical; neuron; neuromorphic; brain/neural structure in title; explicit brain-structure/AI bridge,
1985,Size and Shape of the Cerebral Cortex in Mammals (Part 1 of 2),M. Hofman,Unknown venue,1985-07-01,174,General Brain-AI Structure Reviews and Methods,brain-structure,10.1159/000118718,2124dfd796ef6c083b06a16f202d44a466051a90,https://doi.org/10.1159/000118718,paper,unknown,6,brain; cerebral; cortex; brain/neural structure in title,
1985,Two basic properties of space representation in the brain: evidence from unilateral neglect.,"E. Bisiach, E. Capitani, E. Porta",Journal of Neurology Neurosurgery & Psychiatry,1985-02-01,174,"Brain Decoding, Representation Learning, and BCI",brain-structure;decoding,10.1136/jnnp.48.2.141,c3d5613b179fa82d9071fbe5662d82115a124ff5,https://doi.org/10.1136/jnnp.48.2.141,JournalArticle,unknown,24,brain; decoding; representation learning; bci; brain/neural structure in title; explicit brain-structure/AI bridge,
1985,Focal increase of blood flow in the cerebral cortex of man during vestibular stimulation.,"L. Friberg, T. Olsen, P. Roland, O. Paulson, N. Lassen",Brain : a journal of neurology,1985-09-01,173,General Brain-AI Structure Reviews and Methods,brain-structure,10.1093/BRAIN/108.3.609,276c8241c02bbb5427a4d4b6d5c48bb4bd3d3482,https://doi.org/10.1093/BRAIN/108.3.609,JournalArticle,unknown,6,brain; cerebral; cortex; brain/neural structure in title,
1985,Cellular uptake disguises action of L-glutamate on N-methyl-D-aspartate receptors: With an appendix: Diffusion of transported amino acids into brain slices,J. Garthwaite,British Journal of Pharmacology,1985-05-01,172,"Cellular, Synaptic, and Neuromorphic Foundations",brain-structure,10.1111/j.1476-5381.1985.tb08860.x,7a2d2ea686440ce5c0015ab0184abb772f39c781,https://doi.org/10.1111/j.1476-5381.1985.tb08860.x,JournalArticle,unknown,16,brain; neuromorphic; brain/neural structure in title; explicit brain-structure/AI bridge,
1985,On the brain of a scientist: Albert Einstein.,"M. Diamond, A. Scheibel, G. Murphy, T. Harvey",Experimental Neurology,1985-04-01,172,General Brain-AI Structure Reviews and Methods,brain-structure,10.1016/0014-4886(85)90123-2,270e52b8995636c52b321f874644420dfaa007a3,https://doi.org/10.1016/0014-4886(85)90123-2,JournalArticle; Study,unknown,4,brain; brain/neural structure in title,
1985,The perforating branches of the middle cerebral artery. A microanatomical study.,"Felix Umansky, Francisco B. Gomes, M. Dujovny, Fernando G. Diaz, J. I. Ausman, H. Mirchandani, et al.",Journal of Neurosurgery,1985-02-01,172,General Brain-AI Structure Reviews and Methods,brain-structure,10.3171/jns.1985.62.2.0261,55d50cb6749fb3ba1001c609ed3c4f52435f4faa,https://doi.org/10.3171/jns.1985.62.2.0261,JournalArticle,unknown,2,brain; cerebral,
1985,Astrocytes of the brain synthesize interleukin 3-like factors.,"K. Frei, S. Bodmer, C. Schwerdel, A. Fontana",Journal of Immunology,1985-12-01,171,"Cellular, Synaptic, and Neuromorphic Foundations",brain-structure,10.4049/jimmunol.135.6.4044,42234783c3c8ba78e2e648c4846a5f950882f815,https://doi.org/10.4049/jimmunol.135.6.4044,JournalArticle,unknown,16,brain; neuromorphic; brain/neural structure in title; explicit brain-structure/AI bridge,"Interleukin 3 (IL 3) is produced by T lymphocytes and T cell lines, as well as by a myelomonocytic cell line (WEHI-3), and it activates lymphocytes and mast cells, as well as macrophages."
1985,"Effects of Systemically Administered Lithium on Phosphoinositide Metabolism in Rat Brain, Kidney, and Testis","W. Sherman, L. Munsell, B. G. Gish, M. P. Honchar",Journal of Neurochemistry,1985-03-01,171,General Brain-AI Structure Reviews and Methods,brain-structure,10.1111/j.1471-4159.1985.tb12886.x,63f5e943e425087659a927334689bdfd2c5556cb,https://doi.org/10.1111/j.1471-4159.1985.tb12886.x,JournalArticle,unknown,4,brain; brain/neural structure in title,
1985,"Different neuronal localization of aspartate-like and glutamate-like immunoreactivities in the hippocampus of rat, guinea-pig and Senegalese baboon (Papio papio), with a note on the distribution of gamma-aminobutyrate.","O. Ottersen, J. Storm-Mathisen",Neuroscience,1985-11-01,170,"Cellular, Synaptic, and Neuromorphic Foundations",brain-structure,10.1016/0306-4522(85)90194-0,b216bb69a37ce6fec4c9b16a020727a317ad902a,https://doi.org/10.1016/0306-4522(85)90194-0,JournalArticle; Study,unknown,14,hippocampus; neuron; neuromorphic; explicit brain-structure/AI bridge,
1985,Diffusion coefficients of neurotransmitters and their metabolites in brain extracellular fluid space.,"M. Rice, G. Gerhardt, P. Hierl, G. Nagy, R. Adams",Neuroscience,1985-07-01,170,"Cellular, Synaptic, and Neuromorphic Foundations",brain-structure,10.1016/0306-4522(85)90087-9,c560184efd250e0be780a3d475cb0a6ecacd568e,https://doi.org/10.1016/0306-4522(85)90087-9,JournalArticle,unknown,16,brain; neuromorphic; brain/neural structure in title; explicit brain-structure/AI bridge,
1985,"Aromatase and 5α-reductase in the teleost brain, spinal cord, and pituitary gland ☆","M. Pasmanik, G. Callard",Unknown venue,1985-11-01,169,General Brain-AI Structure Reviews and Methods,brain-structure,10.1016/0016-6480(85)90320-X,d69c5c16f21cb237c1127471db9e1f0e0df0d022,https://doi.org/10.1016/0016-6480(85)90320-X,paper,unknown,4,brain; brain/neural structure in title,
1985,Bacterial expression and characterization of proteins derived from the chicken calmodulin cDNA and a calmodulin processed gene.,"J. Putkey, G. Slaughter, A. R. Means",Journal of Biological Chemistry,1985-04-25,169,General Brain-AI Structure Reviews and Methods,brain-structure,10.1016/s0021-9258(18)89127-x,be92b13ff5f6ec620c630cc38ba060bef057e0f0,https://doi.org/10.1016/s0021-9258(18)89127-x,JournalArticle,unknown,1,brain,"Both normal chicken calmodulin (CaM) and a CaM-like mutant protein have been expressed in bacteria, isolated and evaluated with respect to several physical and biological properties."
1985,Extra-neural glial fibrillary acidic protein (GFAP) immunoreactivity in perisinusoidal stellate cells of rat liver.,"A. Gard, F. P. White, G. Dutton",Journal of Neuroimmunology,1985,169,"Cellular, Synaptic, and Neuromorphic Foundations",brain-structure,10.1016/S0165-5728(85)80073-4,cc9d8829dc4db63af357bb219d93206a91bde846,https://doi.org/10.1016/S0165-5728(85)80073-4,JournalArticle,unknown,16,neural; neuromorphic; brain/neural structure in title; explicit brain-structure/AI bridge,
1985,Induction of angiogenesis by bovine brain derived class 1 heparin-binding growth factor.,"R. Lobb, E. Alderman, J. Fett",Biochemistry,1985-09-10,169,General Brain-AI Structure Reviews and Methods,brain-structure,10.1021/BI00340A001,2a7a1a073b49ff855fefbfa1cd304fdd3523ddcc,https://doi.org/10.1021/BI00340A001,JournalArticle,unknown,4,brain; brain/neural structure in title,
1985,"Leukotriene production in gerbil brain after ischemic insult, subarachnoid hemorrhage, and concussive injury.","K. J. Kiwak, M. Moskowitz, L. Levine",Journal of Neurosurgery,1985-06-01,169,General Brain-AI Structure Reviews and Methods,brain-structure,10.3171/JNS.1985.62.6.0865,21afdceb42217b62a0719f1406eaaa810c0b3c81,https://doi.org/10.3171/JNS.1985.62.6.0865,JournalArticle,unknown,4,brain; brain/neural structure in title,
1985,Opposite effects of cofilin and profilin from porcine brain on rate of exchange of actin-bound adenosine 5'-triphosphate.,E. Nishida,Biochemistry,1985-02-26,169,General Brain-AI Structure Reviews and Methods,brain-structure,10.1021/BI00326A015,ae22451fd89baffeecfee99459e16b034e249944,https://doi.org/10.1021/BI00326A015,JournalArticle; Study,unknown,4,brain; brain/neural structure in title,
1985,"Potassium Reduces Cerebral Hemorrhage and Death Rate in Hypertensive Rats, Even When Blood Pressure Is Not Lowered","L. Tobian, J. Lange, K. Ulm, L. Wold, J. Iwai",HYPERTENSION,1985-05-01,169,General Brain-AI Structure Reviews and Methods,brain-structure,10.1161/01.HYP.7.3_PT_2.I110,53abdac2cf1982ef2f872529e892639b46aa6679,https://doi.org/10.1161/01.HYP.7.3_PT_2.I110,JournalArticle,unknown,2,brain; cerebral,
1985,Sequence and significance of dopamine metabolism in the rat brain.,B. Westerink,Neurochemistry International,1985,169,General Brain-AI Structure Reviews and Methods,brain-structure,10.1016/0197-0186(85)90108-1,39d1ed37d647e555a128ffa5c5a0b8adab1a7e4d,https://doi.org/10.1016/0197-0186(85)90108-1,JournalArticle,unknown,4,brain; brain/neural structure in title,
1985,Cerebral protein synthesis and ischemia.,"W. Bodsch, K. Takahashi, A. Barbier, B. Ophoff, K. Hossmann",Progress in Brain Research,1985,168,General Brain-AI Structure Reviews and Methods,brain-structure,10.1016/S0079-6123(08)61984-6,6291689f4be8da2f8897a236831f52206550fadb,https://doi.org/10.1016/S0079-6123(08)61984-6,JournalArticle,unknown,2,brain; cerebral,
1985,Imaging of [11C]-labelled Ro 15-1788 binding to benzodiazepine receptors in the human brain by positron emission tomography.,"A. Persson, A. Persson, E. Ehrin, L. Eriksson, L. Farde, Carl-Goran Hedstrom, et al.",Journal of Psychiatric Research,1985,168,"Connectomics, Graph Models, and Brain Networks",brain-structure;connectome,10.1016/0022-3956(85)90080-9,34f5164585ee2adedc30ef4e3d88b111b70dad1b,https://doi.org/10.1016/0022-3956(85)90080-9,JournalArticle,unknown,8,brain; brain/neural structure in title; historical computation/learning bridge,
1985,Retinal GABA neurons: Localization in vertebrate species using an antiserum to rabbit brain glutamate decar☐ylase,C. Brandon,Unknown venue,1985-10-07,168,"Cellular, Synaptic, and Neuromorphic Foundations",brain-structure,10.1016/0006-8993(85)90806-6,9313752c05a1c59501811a2900378def04f16ec2,https://doi.org/10.1016/0006-8993(85)90806-6,paper,unknown,17,brain; neuron; neuromorphic; brain/neural structure in title; explicit brain-structure/AI bridge,
1985,Cholecystokinin potentiates dopamine-mediated behaviors: evidence for modulation specific to a site of coexistence,"J. Crawley, J. Stivers, L. Blumstein, S. Paul",Journal of Neuroscience,1985-08-01,167,"Cellular, Synaptic, and Neuromorphic Foundations",brain-structure,10.1523/JNEUROSCI.05-08-01972.1985,4adfbe83f1ce99aaaea6e1e5bd01cb03cb71efac,https://doi.org/10.1523/JNEUROSCI.05-08-01972.1985,JournalArticle,unknown,14,brain; neuron; neuromorphic; explicit brain-structure/AI bridge,Cholecystokinin coexists with dopamine in mesolimbic neurons in mammalian brain.
1985,An immunochemical study of the pyruvate dehydrogenase deficit in Alzheimer's disease brain,"K. Rex Sheu, Young-Tai Kim, J. Blass, M. Weksler",Annals of Neurology,1985-05-01,166,Clinical NeuroAI and Brain Disorders,brain-structure;clinical-neuroai,10.1002/ana.410170505,0b0685427b5a57ac6e7c099aed81f4dbebca744c,https://doi.org/10.1002/ana.410170505,JournalArticle,unknown,4,brain; brain/neural structure in title,
1985,"Computed tomographic analysis of brain morphometrics in 30 healthy men, aged 21 to 81 years","M. Schwartz, H. Creasey, C. Grady, J. DeLeo, Hal A. Frederickson, N. Cutler, et al.",Annals of Neurology,1985-02-01,166,"Connectomics, Graph Models, and Brain Networks",brain-structure;connectome,10.1002/ana.410170208,3a41c830a6ff5e66ef7ddd166416cf1ccd5f3220,https://doi.org/10.1002/ana.410170208,JournalArticle,unknown,8,brain; brain/neural structure in title; historical computation/learning bridge,
1985,Functional mapping of the human cerebellum with positron emission tomography.,"P. T. Fox, M. Raichle, W. T. Thach",Proceedings of the National Academy of Sciences of the United States of America,1985-11-01,166,"Connectomics, Graph Models, and Brain Networks",brain-structure;connectome,10.1073/PNAS.82.21.7462,2320a2f8a08821eff3028677b1bf2922b42ea218,https://doi.org/10.1073/PNAS.82.21.7462,JournalArticle,unknown,6,brain; cerebellum; historical computation/learning bridge,
1985,A computational analysis of mental image generation: evidence from functional dissociations in split-brain patients.,"S. Kosslyn, J. D. Holtzman, M. Farah, M. Gazzaniga",Journal of experimental psychology. General,1985-09-01,165,Computational Neuroscience and Brain-Inspired AI,brain-structure;clinical-neuroai,10.1037//0096-3445.114.3.311,4a21531d77437b8ca0cbfc1b3805f0a1664f4a2f,https://doi.org/10.1037//0096-3445.114.3.311,JournalArticle,unknown,20,brain; computational neuroscience; brain-inspired; brain/neural structure in title; explicit brain-structure/AI bridge,
1985,Extra- and Intracellular pH in the Brain during Seizures and in the Recovery Period following the Arrest of Seizure Activity,"B. Siesjö, R. von Hanwehr, G. Nergelius, G. Nevander, M. Ingvar",Journal of Cerebral Blood Flow and Metabolism,1985-03-01,165,"Cellular, Synaptic, and Neuromorphic Foundations",brain-structure,10.1038/jcbfm.1985.7,dfa41d158840c7cfcfe12edf9a2f134667413bf3,https://doi.org/10.1038/jcbfm.1985.7,JournalArticle,unknown,16,brain; neuromorphic; brain/neural structure in title; explicit brain-structure/AI bridge,
1985,Selective vulnerability of the hippocampus to ischemia--reversible and irreversible types of ischemic cell damage.,"Takaaki Kirino, Akira Tamura, Keiji Sano",Progress in Brain Research,1985,165,"Cellular, Synaptic, and Neuromorphic Foundations",brain-structure,10.1016/S0079-6123(08)61974-3,22d645d5ee4d5bec92fb9117826a1295895a8e52,https://doi.org/10.1016/S0079-6123(08)61974-3,JournalArticle,unknown,13,hippocampus; neuromorphic; explicit brain-structure/AI bridge,
1985,Surgical treatment of brain metastases. Clinical and computerized tomography evaluation of the results of treatment,"N. Sundaresan, J. Galicich",Cancer,1985-03-15,165,"Connectomics, Graph Models, and Brain Networks",brain-structure;connectome;clinical-neuroai,10.1002/1097-0142(19850315)55:6<1382::AID-CNCR2820550637>3.0.CO;2-Z,12c11769c4c83301877cd6d5cc8f33d7e557fdd3,https://doi.org/10.1002/1097-0142(19850315)55:6<1382::AID-CNCR2820550637>3.0.CO;2-Z,JournalArticle,unknown,8,brain; brain/neural structure in title; historical computation/learning bridge,
1985,Brain mechanisms and spatial vision,"D. Ingle, M. Jeannerod, David N. Lee",Unknown venue,1985,164,General Brain-AI Structure Reviews and Methods,brain-structure,10.1007/978-94-009-5071-9,1cb29b2601c1feb0b52b371beb0894da32a506d5,https://doi.org/10.1007/978-94-009-5071-9,paper,unknown,4,brain; brain/neural structure in title,
1985,Cell kinetic studies of in situ human brain tumors with bromodeoxyuridine.,"T. Hoshino, T. Nagashima, J. Murovic, E. M. Levin, V. Levin, S. Rupp",Cytometry,1985-11-01,164,"Cellular, Synaptic, and Neuromorphic Foundations",brain-structure,10.1002/CYTO.990060619,d4c12dfca24f4f690811a3e600b2e24cd5343b59,https://doi.org/10.1002/CYTO.990060619,JournalArticle,unknown,16,brain; neuromorphic; brain/neural structure in title; explicit brain-structure/AI bridge,
1985,Cleavage of the polysialosyl units of brain glycoproteins by a bacteriophage endosialidase. Involvement of a long oligosaccharide segment in molecular interactions of polysialic acid.,"Jukka Finne, P. Mäkelä",Journal of Biological Chemistry,1985-01-25,164,General Brain-AI Structure Reviews and Methods,brain-structure,,184191cce92fff0dd9dc859afe375c181aacdc40,https://www.semanticscholar.org/paper/184191cce92fff0dd9dc859afe375c181aacdc40,JournalArticle,unknown,4,brain; brain/neural structure in title,
1985,Episodes of apnea and bradycardia in the preterm newborn: impact on cerebral circulation.,"J. M. Perlman, Joseph J. Volpe",Pediatrics,1985-09-01,164,General Brain-AI Structure Reviews and Methods,brain-structure,10.1542/peds.76.3.333,46de81b607ca868cd91c622d22dcc6fb34cdad99,https://doi.org/10.1542/peds.76.3.333,JournalArticle,unknown,2,brain; cerebral,The effect of episodes of apnea with bradycardia on cerebral circulation was studied during 101 episodes in 15 premature infants.
1985,Real-time optical mapping of neuronal activity: from single growth cones to the intact mammalian brain.,A. Grinvald,Annual Review of Neuroscience,1985,164,General Brain-AI Structure Reviews and Methods,brain-structure,10.1146/ANNUREV.NE.08.030185.001403,4f06ba1f9ad2af80d61d11249978aa1d11300f47,https://doi.org/10.1146/ANNUREV.NE.08.030185.001403,Review; JournalArticle,unknown,5,brain; neuron; brain/neural structure in title,
1985,The timely expression of myelin basic protein gene in cultured rat brain oligodendrocytes is independent of continuous neuronal influences,"N. Zeller, T. Behar, M. Dubois-Dalcq, R. Lazzarini",Journal of Neuroscience,1985-11-01,164,"Cellular, Synaptic, and Neuromorphic Foundations",brain-structure,10.1523/JNEUROSCI.05-11-02955.1985,fad10e41d310442710620219ed1229f688eb6b8b,https://doi.org/10.1523/JNEUROSCI.05-11-02955.1985,JournalArticle,unknown,17,brain; neuron; neuromorphic; brain/neural structure in title; explicit brain-structure/AI bridge,The developmental expression of the myelin basic protein (MBP) gene was studied in rat cultured oligodendrocytes using immunofluorescence and in situ hybridization.
1985,Alterations of regional cerebral blood flow and oxygen metabolism in Parkinson's disease,"L. Wolfson, K. Leenders, L. Brown, T. Jones",Neurology,1985-10-01,163,Clinical NeuroAI and Brain Disorders,brain-structure;clinical-neuroai,10.1212/WNL.35.10.1399,f1be0159e7d1b3845cefdd0fa2dea7a86d7de489,https://doi.org/10.1212/WNL.35.10.1399,JournalArticle,unknown,2,brain; cerebral,
1985,Lipid Peroxidation-Induced Inhibition of γ-Aminobutyric Acid Uptake in Rat Brain Synaptosomes: Protection by Glucocorticoids,J. Braughler,Journal of Neurochemistry,1985-04-01,163,General Brain-AI Structure Reviews and Methods,brain-structure,10.1111/j.1471-4159.1985.tb08755.x,4624fff49b092f6458a5209adef59abaad7d615d,https://doi.org/10.1111/j.1471-4159.1985.tb08755.x,JournalArticle,unknown,4,brain; brain/neural structure in title,
1985,Opposite motivational effects of endogenous opioids in brain and periphery,"A. Bechara, D. Kooy",Nature,1985-04-11,163,General Brain-AI Structure Reviews and Methods,brain-structure,10.1038/314533A0,89889ff9fe06efa56b2162fac41c2a11a9d71156,https://doi.org/10.1038/314533A0,JournalArticle; Study,unknown,4,brain; brain/neural structure in title,
1985,The aging human brain,"H. Creasey, S. Rapoport",Annals of Neurology,1985-01-01,163,General Brain-AI Structure Reviews and Methods,brain-structure,10.1002/ana.410170103,d68ae5e0e9b440b721af7c9953dfc34d34c5875c,https://doi.org/10.1002/ana.410170103,Review; JournalArticle,unknown,4,brain; brain/neural structure in title,
1985,Acidic fibroblast growth factor (FGF) from bovine brain: amino-terminal sequence and comparison with basic FGF.,"P. Bőhlen, F. Esch, A. Baird, D. Gospodarowicz",EMBO Journal,1985-08-01,162,General Brain-AI Structure Reviews and Methods,brain-structure,10.1002/j.1460-2075.1985.tb03876.x,5c9590fdd1d3ecff2a408a4b4bc90d30d0bb5fc1,https://doi.org/10.1002/j.1460-2075.1985.tb03876.x,JournalArticle; Study,unknown,4,brain; brain/neural structure in title,
1985,Brain mechanisms of sleep,D. McGinty,Unknown venue,1985,162,General Brain-AI Structure Reviews and Methods,brain-structure,,365bac3108b7a2f2a8e0806bf7b4569151286fee,https://www.semanticscholar.org/paper/365bac3108b7a2f2a8e0806bf7b4569151286fee,paper,unknown,4,brain; brain/neural structure in title,
1985,Involvement of the nerve growth factor-inducible large external glycoprotein (NILE) in neurite fasciculation in primary cultures of rat brain.,"W. Stallcup, L. Beasley",Proceedings of the National Academy of Sciences of the United States of America,1985-02-01,162,General Brain-AI Structure Reviews and Methods,brain-structure,10.1073/PNAS.82.4.1276,bc4cfd7da4cc9d1b99f4a6bb28c60b26db12daee,https://doi.org/10.1073/PNAS.82.4.1276,JournalArticle; Study,unknown,4,brain; brain/neural structure in title,
1985,Stenotic and occlusive disease of the venous drainage system of deep brain AVM's.,"F. Viñuela, L. Nombela, M. R. Roach, A. Fox, D. Pelz",Journal of Neurosurgery,1985-08-01,162,General Brain-AI Structure Reviews and Methods,brain-structure,10.3171/JNS.1985.63.2.0180,9ba1fc74b1bc631f4d9bc39979eb9e315613ee54,https://doi.org/10.3171/JNS.1985.63.2.0180,JournalArticle,unknown,4,brain; brain/neural structure in title,
1985,Glial fibrillary acidic (GFA) protein in vertebrates: Immunofluorescence and immunoblotting study with monoclonal and polyclonal antibodies,"D. Dahl, D. Dahl, C. J. Crosby, C. J. Crosby, J. S. Sethi, J. S. Sethi, et al.",The Journal of comparative neurology,1985-09-01,161,General Brain-AI Structure Reviews and Methods,brain-structure,10.1002/cne.902390107,693d9495962b8303a9b578e242de2ed09092c9f9,https://doi.org/10.1002/cne.902390107,JournalArticle; Study,unknown,1,brain,
1985,The sodium channel from rat brain. Separation and characterization of subunits.,"D. Messner, W. A. Catterall",Journal of Biological Chemistry,1985-09-05,161,General Brain-AI Structure Reviews and Methods,brain-structure,10.1016/S0021-9258(19)85127-X,b7e72b88fd47625ffaa8ce558bcb8e112b6e89fe,https://doi.org/10.1016/S0021-9258(19)85127-X,JournalArticle,unknown,4,brain; brain/neural structure in title,"Procedures are described for separation of the alpha, beta 1, and beta 2 subunits of the voltage-sensitive sodium channel from rat brain by gel filtration in sodium dodecyl sulfate (SDS) before and after reduction of intersubunit disulfide bonds or by preparative SDS-gel electrophoresis."
1985,125I-lysergic acid diethylamide binds to a novel serotonergic site on rat choroid plexus epithelial cells,"K. Yagaloff, P. Hartig",Journal of Neuroscience,1985-12-01,160,"Cellular, Synaptic, and Neuromorphic Foundations",brain-structure;connectome,10.1523/JNEUROSCI.05-12-03178.1985,4c735cdcb4807d743172d7d71c084b822fd668ef,https://doi.org/10.1523/JNEUROSCI.05-12-03178.1985,JournalArticle,unknown,14,brain; neuron; neuromorphic; explicit brain-structure/AI bridge,125I-Lysergic acid diethylamide (125I-LSD) binds with high affinity to serotonergic sites on rat choroid plexus.
1985,Biosynthesis and membrane topography of the neural cell adhesion molecule L1.,"Andreas Faissner, D. Teplow, D. Kubler, Gerhard Keilhauer, V. Kinzel, M. Schachner",EMBO Journal,1985-12-01,160,"Connectomics, Graph Models, and Brain Networks",brain-structure;connectome,10.1002/j.1460-2075.1985.tb04052.x,b01b0d210969ab31cb99231651fb132096e7b131,https://doi.org/10.1002/j.1460-2075.1985.tb04052.x,JournalArticle,unknown,9,brain; neural; brain/neural structure in title; historical computation/learning bridge,
1985,Cerebral Ammonia Metabolism in Hyperammonemic Rats,"Arthur J. L. Cooper, S. Mora, N. Cruz, A. Gelbard",Journal of Neurochemistry,1985-06-01,160,General Brain-AI Structure Reviews and Methods,brain-structure,10.1111/j.1471-4159.1985.tb07159.x,10830c362111135476f9db59340ae1235b2d62bf,https://doi.org/10.1111/j.1471-4159.1985.tb07159.x,JournalArticle,unknown,2,brain; cerebral,
1985,Distribution of neuropeptide Y immunoreactivity in the basal forebrain and upper brainstem of the squirrel monkey (saimiri sciureus),"Y. Smith, A. Parent, L. Kerkérian, G. Pelletier",The Journal of comparative neurology,1985-06-01,160,General Brain-AI Structure Reviews and Methods,brain-structure,10.1002/cne.902360107,e29b7093dda40dbcd141fd717262bd8717c65c1d,https://doi.org/10.1002/cne.902360107,JournalArticle,unknown,5,brain; brainstem; brain/neural structure in title,
1985,Perceptual remediation in patients with right brain damage: a comprehensive program.,"W. Gordon, M. Hibbard, S. Egelko, L. Diller, Shaver Ms, A. Lieberman, et al.",Archives of Physical Medicine and Rehabilitation,1985-06-01,160,Clinical NeuroAI and Brain Disorders,brain-structure;clinical-neuroai,,db366b21fe32087f81e4059fd5b63246fc050ccf,https://www.semanticscholar.org/paper/db366b21fe32087f81e4059fd5b63246fc050ccf,JournalArticle,unknown,4,brain; brain/neural structure in title,
1985,Topography of binding sites for neurohypophyseal hormones in rat brain.,"E. R. Kloet, F. Rotteveel, T. Voorhuis, M. Terlou",European Journal of Pharmacology,1985-03-26,160,"Connectomics, Graph Models, and Brain Networks",brain-structure;connectome,10.1016/0014-2999(85)90036-6,49c6bad5462112d0b8a38893d47842a3135a1032,https://doi.org/10.1016/0014-2999(85)90036-6,JournalArticle,unknown,8,brain; brain/neural structure in title; historical computation/learning bridge,
1985,Actions of betahistine at histamine receptors in the brain.,"J. Arrang, M. Garbarg, T. Quach, M. D. Tuong, E. Yeramian, J.-C. Schwartz",European Journal of Pharmacology,1985-04-23,159,General Brain-AI Structure Reviews and Methods,brain-structure,10.1016/0014-2999(85)90115-3,e79cf4e5b88a2f644e2d16f167bca3ae0d5ae358,https://doi.org/10.1016/0014-2999(85)90115-3,JournalArticle,unknown,4,brain; brain/neural structure in title,
1985,"Clinical history, brain metabolism, and neuropsychological function in Alzheimer's disease","N. Cutler, J. Haxby, R. Duara, C. Grady, A. Kay, R. Kessler, et al.",Annals of Neurology,1985-09-01,159,Clinical NeuroAI and Brain Disorders,brain-structure;clinical-neuroai,10.1002/ana.410180305,91d48bb99ce715e2756bc186ea250f7fd373033f,https://doi.org/10.1002/ana.410180305,JournalArticle; CaseReport,unknown,4,brain; brain/neural structure in title,
1985,Localization and identification of neuropeptide Y (NPY)-like immunoreactivity in the frog brain.,"J. Danger, J. Guy, M. Benyamina, S. Jégou, F. Leboulenger, J. Côté, et al.",Peptides,1985-11-01,159,General Brain-AI Structure Reviews and Methods,brain-structure,10.1016/0196-9781(85)90455-3,ca648073c99b8281f4e39eebef5089cca55f8040,https://doi.org/10.1016/0196-9781(85)90455-3,JournalArticle,unknown,4,brain; brain/neural structure in title,
1985,The concept of culture-bound syndromes: anorexia nervosa and brain-fag.,R. Prince,Social Science & Medicine (1967),1985,159,General Brain-AI Structure Reviews and Methods,brain-structure,10.1016/0277-9536(85)90089-9,e0081f40358d8531b20003b918573982bea35938,https://doi.org/10.1016/0277-9536(85)90089-9,JournalArticle; CaseReport,unknown,4,brain; brain/neural structure in title,
1985,An assessment of the antinociceptive and aversive effects of stimulating identified sites in the rat brain.,"W. Prado, M. Roberts",Brain Research,1985-08-12,158,General Brain-AI Structure Reviews and Methods,brain-structure,10.1016/0006-8993(85)90917-5,91b976ec4dfaf58cd7c3847bbf7400b5f3b339ad,https://doi.org/10.1016/0006-8993(85)90917-5,JournalArticle,unknown,4,brain; brain/neural structure in title,
1985,Leukotrienes increase blood-brain barrier permeability following intraparenchymal injections in rats,"K. Black, J. Hoff",Annals of Neurology,1985-09-01,158,General Brain-AI Structure Reviews and Methods,brain-structure,10.1002/ANA.410180313,b807e89bab473bcebe40234e4b40e1c733934537,https://doi.org/10.1002/ANA.410180313,JournalArticle,unknown,4,brain; brain/neural structure in title,
1985,Neuronal pathology in the nucleus basalis and associated cell groups in senile dementia of the Alzheimer's type,"C. Saper, D. German, C. White",Neurology,1985-08-01,158,"Cellular, Synaptic, and Neuromorphic Foundations",clinical-neuroai,10.1212/WNL.35.8.1089,a13151d6e95f0f20335429ba27f523b6066da408,https://doi.org/10.1212/WNL.35.8.1089,JournalArticle; Study,unknown,13,neuron; neuromorphic; explicit brain-structure/AI bridge,
1985,A Golgi study of the human neostriatum: Neurons and afferent fibers,"G. Graveland, Roger S. Williams, M. Difiglia",The Journal of comparative neurology,1985-04-15,157,"Cellular, Synaptic, and Neuromorphic Foundations",,10.1002/cne.902340304,1b3b445ff899ddefb3926b2021d43cc98d1198a7,https://doi.org/10.1002/cne.902340304,JournalArticle,unknown,13,neuron; neuromorphic; explicit brain-structure/AI bridge,
1985,The output of neuronotrophic and neurite-promoting agents from rat brain astroglial cells: a microculture method for screening potential regulatory molecules.,"John S. Rudge, M. Manthorpe, Silvio Varon",Brain Research,1985-04-01,157,"Cellular, Synaptic, and Neuromorphic Foundations",brain-structure,10.1016/0165-3806(85)90188-9,e9097317718b07fc6024d1b884908a8afcd12a70,https://doi.org/10.1016/0165-3806(85)90188-9,JournalArticle,unknown,17,brain; neuron; neuromorphic; brain/neural structure in title; explicit brain-structure/AI bridge,
1985,Electrical stimulation of the brain in treatment of chronic pain. Experience over 5 years.,"R. Young, R. Kroening, W. Fulton, R. Feldman, I. Chambi",Journal of Neurosurgery,1985-03-01,156,General Brain-AI Structure Reviews and Methods,brain-structure,10.3171/JNS.1985.62.3.0389,79d5ecc71072858f0109d7777091289d58d36c6e,https://doi.org/10.3171/JNS.1985.62.3.0389,JournalArticle,unknown,4,brain; brain/neural structure in title,
1985,Immunohistochemical analysis of the early ontogeny of the neuropeptide Y system in rat brain.,"P. Woodhams, Y. Allen, J. McGovern, J. Allen, S. Bloom, R. Balázs, et al.",Neuroscience,1985-05-01,155,General Brain-AI Structure Reviews and Methods,brain-structure,10.1016/0306-4522(85)90131-9,bae6f3659c4cbe06d6a47eeb87fe6e7087ed8106,https://doi.org/10.1016/0306-4522(85)90131-9,JournalArticle,unknown,4,brain; brain/neural structure in title,
1985,Parental fever phobia and its correlates.,"M. Kramer, L. Naimark, D. Leduc",Pediatrics,1985-06-01,155,General Brain-AI Structure Reviews and Methods,brain-structure,10.1542/peds.75.6.1110,90393db370b41775d2ca6ba4c0fe0c668cd5d2fc,https://doi.org/10.1542/peds.75.6.1110,JournalArticle; Review,unknown,1,brain,"Parents of 202 young febrile children were surveyed about their knowledge, attitudes, and fears concerning fever and its treatment."
1985,Role of the brain-stem reticular formation in tonic-clonic seizures: lesion and pharmacological studies.,Browning Ra,Unknown venue,1985-05-01,155,General Brain-AI Structure Reviews and Methods,brain-structure,,cf6ffe0b7a5172fd756e7c4df69e1928ba81d947,https://www.semanticscholar.org/paper/cf6ffe0b7a5172fd756e7c4df69e1928ba81d947,paper,unknown,4,brain; brain/neural structure in title,
1985,Two types of receptor for insulin-like growth factors in mammalian brain.,"S. Gammeltoft, G. Haselbacher, R. Humbel, M. Fehlmann, E. Obberghen",EMBO Journal,1985-12-01,155,General Brain-AI Structure Reviews and Methods,brain-structure,10.1002/j.1460-2075.1985.tb04097.x,05e89ef3e0530abbc660cf6d1c128037330ad7be,https://doi.org/10.1002/j.1460-2075.1985.tb04097.x,JournalArticle,unknown,4,brain; brain/neural structure in title,
1985,"Adaptation of rats to diets containing different levels of protein: effects on food intake, plasma and brain amino acid concentrations and brain neurotransmitter metabolism.","John C. Peters, Alfred E. Harper",Journal of NutriLife,1985-03-01,154,General Brain-AI Structure Reviews and Methods,brain-structure,10.1093/JN/115.3.382,29a66ee8c641cd904c7e3df068cc81d1a4864b6f,https://doi.org/10.1093/JN/115.3.382,JournalArticle,unknown,4,brain; brain/neural structure in title,
1985,"Cytoskeletal architecture and immunocytochemical localization of microtubule-associated proteins in regions of axons associated with rapid axonal transport: the beta,beta'-iminodipropionitrile-intoxicated axon as a model system","N. Hirokawa, G. Bloom, R. Vallee",Journal of Cell Biology,1985-07-01,154,"Connectomics, Graph Models, and Brain Networks",brain-structure;connectome,10.1083/jcb.101.1.227,1c0464ddd04de711b4c82766db331e30d7c1ed56,https://doi.org/10.1083/jcb.101.1.227,JournalArticle,unknown,5,brain; historical computation/learning bridge,"Axons from rats treated with the neurotoxic agent beta,beta'- iminodipropionitrile (IDPN) were examined by quick-freeze, deep-etch electron microscopy."
1985,Neuronal Cholecystokinin: One or Multiple Transmitters?,J. Rehfeld,Journal of Neurochemistry,1985-01-01,154,"Cellular, Synaptic, and Neuromorphic Foundations",,10.1111/j.1471-4159.1985.tb07105.x,9444c130383380eecf996cb474832f0f99386c89,https://doi.org/10.1111/j.1471-4159.1985.tb07105.x,Review; JournalArticle,unknown,13,neuron; neuromorphic; explicit brain-structure/AI bridge,
1985,P300 and long-term memory: latency predicts recognition performance.,"Ray Johnson, Adolf Pfefferbaum, B. S. Kopell",Psychophysiology,1985-09-01,154,"Cognitive Architectures, Learning, and Systems Neuroscience",neural-signals,10.1111/J.1469-8986.1985.TB01639.X,dbdccac8a7fb118cdf0a32143a63621f0150cb55,https://doi.org/10.1111/J.1469-8986.1985.TB01639.X,JournalArticle,unknown,13,ecog; cognitive architecture; explicit brain-structure/AI bridge,
1985,Passive avoidance training results in lasting changes in deoxyglucose metabolism in left hemisphere regions of chick brain.,"Steven P. R. Rose, A. Csillag",Behavioral and Neural Biology,1985-09-01,154,"Cognitive Architectures, Learning, and Systems Neuroscience",brain-structure,10.1016/S0163-1047(85)90324-3,4e69db5db0a3aa3606353e720edf77ec6c9cac27,https://doi.org/10.1016/S0163-1047(85)90324-3,JournalArticle,unknown,16,brain; cognitive architecture; brain/neural structure in title; explicit brain-structure/AI bridge,
1985,Physical and immunological characterization of a guanine nucleotide-binding protein purified from bovine cerebral cortex.,"R. Huff, J. Axton, E. Neer",Journal of Biological Chemistry,1985-09-05,154,General Brain-AI Structure Reviews and Methods,brain-structure,,5cdfb14469e2d777be9f759542311dfe154e4135,https://www.semanticscholar.org/paper/5cdfb14469e2d777be9f759542311dfe154e4135,JournalArticle,unknown,6,brain; cerebral; cortex; brain/neural structure in title,
1985,Reciprocal inhibitory interneurones in the Xenopus embryo spinal cord.,N. Dale,Journal of Physiology,1985-06-01,154,"Cellular, Synaptic, and Neuromorphic Foundations",,10.1113/jphysiol.1985.sp015695,a1490fe830a81f66a456e5ce2200bedd3fc7efe8,https://doi.org/10.1113/jphysiol.1985.sp015695,JournalArticle,unknown,13,neuron; neuromorphic; explicit brain-structure/AI bridge,
1985,The blood-brain barrier in vitro: Ten years of research on microvessels isolated from the brain.,F. Joó,Neurochemistry International,1985,154,General Brain-AI Structure Reviews and Methods,brain-structure,10.1016/0197-0186(85)90002-6,32d4baafb15a9b339e9822cb4ccfadfff3387e37,https://doi.org/10.1016/0197-0186(85)90002-6,JournalArticle,unknown,4,brain; brain/neural structure in title,
1985,1 - Brain Opioids and Social Emotions,"J. Panksepp, S. Siviy, Larry Normansell",Unknown venue,1985,153,General Brain-AI Structure Reviews and Methods,brain-structure,10.1016/B978-0-12-586780-1.50006-9,bac992badb6352b03cb8a3414a18e6a10cac425c,https://doi.org/10.1016/B978-0-12-586780-1.50006-9,paper,unknown,4,brain; brain/neural structure in title,
1985,Calcium/Ganglioside-Dependent Protein Kinase Activity in Rat Brain Membrane,"J. Goldenring, Laura C. Otis, R. Yu, R. Delorenzo",Journal of Neurochemistry,1985-04-01,153,General Brain-AI Structure Reviews and Methods,brain-structure,10.1111/j.1471-4159.1985.tb08748.x,da07df19a5ea1b174d3fafcc6ba4b0ecdddb56c5,https://doi.org/10.1111/j.1471-4159.1985.tb08748.x,JournalArticle,unknown,4,brain; brain/neural structure in title,
1985,Early vascularization of the embryonic cerebral cortex: Golgi and electron microscopic studies,M. Marín-padilla,The Journal of comparative neurology,1985-11-08,153,General Brain-AI Structure Reviews and Methods,brain-structure,10.1002/cne.902410210,6a7559ac080a86d5de5a2e3090a02fb13b248660,https://doi.org/10.1002/cne.902410210,JournalArticle,unknown,6,brain; cerebral; cortex; brain/neural structure in title,
1985,Infection of chimpanzees by human T-lymphotropic retroviruses in brain and other tissues from AIDS patients.,"D. Gajdusek, Clarence J. Gibbs, P. Rodgers-Johnson, H. Amyx, D. Asher, L. G. Epstein, et al.",Unknown venue,1985-01-05,153,Clinical NeuroAI and Brain Disorders,brain-structure;clinical-neuroai,10.1016/S0140-6736(85)91011-6,6df6d97f3150e2f6a283cafacc6eda5d14f20713,https://doi.org/10.1016/S0140-6736(85)91011-6,paper,unknown,4,brain; brain/neural structure in title,
1985,Long-term neuropsychologic sequelae of childhood leukemia: correlation with CT brain scan abnormalities.,"P. Brouwers, R. Riccardi, P. Fedio, D. Poplack",Jornal de Pediatria,1985-05-01,153,General Brain-AI Structure Reviews and Methods,brain-structure,10.1016/S0022-3476(85)80343-7,51b3e75b44f83ac69edfec6e73f875b3dae45dd1,https://doi.org/10.1016/S0022-3476(85)80343-7,JournalArticle,unknown,4,brain; brain/neural structure in title,
1985,Cerebral Air Embolism Resulting from Invasive Medical Procedures Treatment with Hyperbaric Oxygen,"B. Murphy, F. Harford, F. Cramer",Annals of Surgery,1985-02-01,152,General Brain-AI Structure Reviews and Methods,brain-structure,10.1097/00000658-198502000-00019,9279e8d2f80441f536284b194e6d864e2cc71f06,https://doi.org/10.1097/00000658-198502000-00019,JournalArticle; CaseReport,unknown,2,brain; cerebral,
1985,Changes in the structure of synapses associated with learning,"G. Horn, P. Bradley, B. McCabe",Journal of Neuroscience,1985-12-01,152,"Cellular, Synaptic, and Neuromorphic Foundations",brain-structure;connectome,10.1523/JNEUROSCI.05-12-03161.1985,16196f3e2ea3f6b0908415a11ba95ea0a648e578,https://doi.org/10.1523/JNEUROSCI.05-12-03161.1985,JournalArticle,unknown,14,brain; synapse; neuromorphic; explicit brain-structure/AI bridge,"Two experiments were conducted to investigate the effects of training on a region of the chick brain known to be critically involved in imprinting, the intermediate and medial extent of the hyperstriatum ventrale (IMHV)."
1985,The hippocampus and thalamus: their roles in short- and long-term memory and the effects of interference.,G. Winocur,Behavioural Brain Research,1985-08-01,152,"Cognitive Architectures, Learning, and Systems Neuroscience",brain-structure,10.1016/0166-4328(85)90088-9,de7786d451a913160d2cb9053a5ab705584916ff,https://doi.org/10.1016/0166-4328(85)90088-9,JournalArticle,unknown,14,hippocampus; thalamus; cognitive architecture; explicit brain-structure/AI bridge,
1985,Tissue specific expression and developmental regulation of two genes coding for rat fatty acid binding proteins.,"J I Gordon, N. Elshourbagy, J. B. Lowe, W S Liao, D. Alpers, J. M. Taylor",Journal of Biological Chemistry,1985-02-25,152,"Cellular, Synaptic, and Neuromorphic Foundations",brain-structure,10.1016/s0021-9258(18)89501-1,7b75065160a363f32566273ee1b30a6227bda579,https://doi.org/10.1016/s0021-9258(18)89501-1,JournalArticle; Study,unknown,13,brain; neuromorphic; explicit brain-structure/AI bridge,We have examined the tissue distribution and developmental regulation of two low molecular weight cytosolic fatty acid binding proteins.
1985,Brain concentrations of cocaine and benzoylecgonine in fatal cases.,"V. Spiehler, D. Reed",Journal of Forensic Sciences,1985-10-01,151,General Brain-AI Structure Reviews and Methods,brain-structure,10.1520/JFS11042J,f610a26435c88b89b3933c780258094c42c33221,https://doi.org/10.1520/JFS11042J,JournalArticle; Review,unknown,4,brain; brain/neural structure in title,
1985,"Effect of Hypoglycemic Encephalopathy upon Amino Acids, High-Energy Phosphates, and pHi in the Rat Brain In Vivo: Detection by Sequential 1H and 31P NMR Spectroscopy","K. Behar, J. D. Hollander, O. Petroff, H. Hetherington, J. W. Prichard, Robert G. Shulman",Journal of Neurochemistry,1985-04-01,151,General Brain-AI Structure Reviews and Methods,brain-structure,10.1111/j.1471-4159.1985.tb08723.x,1c481b45dfea2ab8418d34237e8e746b8b4f87d0,https://doi.org/10.1111/j.1471-4159.1985.tb08723.x,JournalArticle,unknown,4,brain; brain/neural structure in title,
1985,Endogenous opioid peptides and hypothalamic neuroendocrine neurones.,R. Bicknell,Journal of Endocrinology,1985-12-01,150,"Cellular, Synaptic, and Neuromorphic Foundations",,10.1677/JOE.0.1070437,6313057bac4da8f82b88ae5c002cbb9fbb3b394f,https://doi.org/10.1677/JOE.0.1070437,Review; JournalArticle,unknown,13,neuron; neuromorphic; explicit brain-structure/AI bridge,
1985,Functional reconstitution of the purified brain sodium channel in planar lipid bilayers.,"R. Hartshorne, B. Keller, J. Talvenheimo, W. Catterall, M. Montal",Proceedings of the National Academy of Sciences of the United States of America,1985,150,General Brain-AI Structure Reviews and Methods,brain-structure,10.1073/PNAS.82.1.240,f5ca52bc11aed0560b70cd3883823a844308ab38,https://doi.org/10.1073/PNAS.82.1.240,JournalArticle,unknown,4,brain; brain/neural structure in title,
1985,Relationship of aluminum to Alzheimer's disease.,D. Perl,Environmental Health Perspectives,1985-11-01,150,Clinical NeuroAI and Brain Disorders,brain-structure;clinical-neuroai,10.1289/ehp.8563149,134ea88099c0004b7c52025a94f12f9488d62295,https://doi.org/10.1289/ehp.8563149,JournalArticle,unknown,2,brain; neuron,"Alzheimer's disease is a progressive degenerative brain disease of unknown etiology, characterized by the development of large numbers of neurofibrillary tangles and senile plaques in the brain."
1985,Activity of neurons in putamen during active and passive movements of wrist.,S. L. Liles,Journal of Neurophysiology,1985,149,"Cellular, Synaptic, and Neuromorphic Foundations",,10.1152/JN.1985.53.1.217,d8a641ca8fe9b26f07efaf145a53f6131efde5ba,https://doi.org/10.1152/JN.1985.53.1.217,JournalArticle,unknown,13,neuron; neuromorphic; explicit brain-structure/AI bridge,
1985,Long-term effects of cranial irradiation on endocrine function in children with brain tumors a prospective study,"P. Duffner, Michael E. Cohen, M. Voorhess, M. Macgillivray, M. Brecher, A. Panahon, et al.",Cancer,1985-11-01,149,Clinical NeuroAI and Brain Disorders,brain-structure,10.1002/1097-0142(19851101)56:9<2189::AID-CNCR2820560909>3.0.CO;2-I,2cb4fd5c4a2666bd9d62554f178a17c4fc600ee6,https://doi.org/10.1002/1097-0142(19851101)56:9<2189::AID-CNCR2820560909>3.0.CO;2-I,JournalArticle,unknown,4,brain; brain/neural structure in title,
1985,"Progressive supranuclear palsy: Relationship between extrapyramidal disturbances, dementia, and brain neurotransmitter markers","PhD"" S. J. Kish, MSc L. J. Chang, BSc "" L. Mirchandani, BSc"" "" K. Shannak, MD S Hornykiewicz",Annals of Neurology,1985-11-01,149,Clinical NeuroAI and Brain Disorders,brain-structure;clinical-neuroai,10.1002/ana.410180504,fb9cbba885295049ace40aa6068af5109e6fce5f,https://doi.org/10.1002/ana.410180504,JournalArticle,unknown,4,brain; brain/neural structure in title,
1985,Regional Differences in the Coupling of Muscarinic Receptors to Inositol Phospholipid Hydrolysis in Guinea Pig Brain,"S. Fisher, R. Bartus",Journal of Neurochemistry,1985-10-01,149,General Brain-AI Structure Reviews and Methods,brain-structure,10.1111/j.1471-4159.1985.tb05527.x,0dbbd0bdf553b3f3cf6d66f989a4c9b3790d3363,https://doi.org/10.1111/j.1471-4159.1985.tb05527.x,JournalArticle,unknown,4,brain; brain/neural structure in title,
1985,The Twelfth Bartlett Memorial Lecture: The Role of Single Neurons in the Psychology of Perception,Horace Barlow,"The Quarterly journal of experimental psychology. A, Human experimental psychology",1985-05-01,149,"Cellular, Synaptic, and Neuromorphic Foundations",,10.1080/14640748508400927,6711ba2277ccfba5349d5d8fc616e6a5e18d712d,https://doi.org/10.1080/14640748508400927,JournalArticle,unknown,13,neuron; neuromorphic; explicit brain-structure/AI bridge,
1985,Antineuronal antibodies in neuropsychiatric systemic lupus erythematosus.,"A. How, Peter B. Dent, S. Liao, J. Denburg",Arthritis & Rheumatism,1985-07-01,148,"Cellular, Synaptic, and Neuromorphic Foundations",,10.1002/ART.1780280710,70041361a32c3daf155bd64a38b6f242cab64eff,https://doi.org/10.1002/ART.1780280710,JournalArticle,unknown,13,neuron; neuromorphic; explicit brain-structure/AI bridge,
1985,AUTOREGULATION OF SPINAL CORD BLOOD FLOW: IS THE CORD A MICROCOSM OF THE BRAIN?,"R. Hickey, M. Albin, L. Bunegin, J. Gelineau",Stroke,1985-09-01,148,Clinical NeuroAI and Brain Disorders,brain-structure;clinical-neuroai,10.1097/00000542-198509001-00571,de3156e1ca8f4ccb42cf2e7df4497e992bcbfce5,https://doi.org/10.1097/00000542-198509001-00571,JournalArticle,unknown,4,brain; brain/neural structure in title,
1985,"Coexistence of adenosine deaminase, histidine decarboxylase, and glutamate decarboxylase in hypothalamic neurons of the rat","Emiko Senba, P. Daddona, Takehiko Watanabe, Wu Jy, James I. Nagy",Journal of Neuroscience,1985-12-01,148,"Cellular, Synaptic, and Neuromorphic Foundations",brain-structure,10.1523/JNEUROSCI.05-12-03393.1985,b99fcafa3bda17dbcd936837d7a00a38a90d67e5,https://doi.org/10.1523/JNEUROSCI.05-12-03393.1985,JournalArticle,unknown,17,brain; thalamus; hypothalamus; neuron; neural; neuromorphic; explicit brain-structure/AI bridge,"Neurons immunoreactive for the enzyme adenosine deaminase (ADA) in the posterior basal hypothalamus of the rat have a distribution pattern similar to those immunoreactive for histidine decarboxylase (HDC) and are particularly numerous in the tuberal (TM), caudal (CM) and postmammillary caudal (PCM) hypothalamic magnocellular nuclei which harbor neurons containing glutamic acid decarboxylase (GAD)."
1985,Human Brain Electrophysiology and Alcoholism,"B. Porjesz, H. Begleiter",Unknown venue,1985,148,"Electrophysiology, Neural Signals, and AI Decoding",brain-structure;neural-signals,10.1007/978-1-4757-9134-1_6,9a0acd4d0e453c977a06039d083b99b0aba713d7,https://doi.org/10.1007/978-1-4757-9134-1_6,paper,unknown,17,brain; neural; decoding; brain/neural structure in title; explicit brain-structure/AI bridge,
1985,Control by fibroblast growth factor of differentiation in the BC3H1 muscle cell line,"B. Lathrop, E. Olson, L. Glaser",Journal of Cell Biology,1985-05-01,147,"Cellular, Synaptic, and Neuromorphic Foundations",brain-structure,10.1083/jcb.100.5.1540,7b050e83a838ea842d9d6fdc04fe29f02061c5da,https://doi.org/10.1083/jcb.100.5.1540,JournalArticle,unknown,13,brain; neuromorphic; explicit brain-structure/AI bridge,The regulation of creatine phosphokinase (CPK) expression by polypeptide growth factors has been examined in the clonal mouse muscle BC3H1 cell line.
1985,Genetically obese Zucker rats have abnormally low brain insulin content.,"D. Baskin, L. Stein, H. Ikeda, S. Woods, D. Figlewicz, D. Porte, et al.",Life Science,1985-02-18,147,General Brain-AI Structure Reviews and Methods,brain-structure,10.1016/0024-3205(85)90166-3,6455ebaba20d4b4848414714b0a26dad4c433885,https://doi.org/10.1016/0024-3205(85)90166-3,JournalArticle,unknown,4,brain; brain/neural structure in title,
1985,New specific radioligand for one subpopulation of brain somatostatin receptors.,J. Reubi,Life Science,1985-05-13,147,General Brain-AI Structure Reviews and Methods,brain-structure,10.1016/0024-3205(85)90155-9,306114fac62bdfc3f1a0962e4cf497e475ac98c8,https://doi.org/10.1016/0024-3205(85)90155-9,JournalArticle,unknown,4,brain; brain/neural structure in title,
1985,"Recirculation model following MCA occlusion in rats. Cerebral blood flow, cerebrovascular permeability, and brain edema.","T. Shigeno, G. Teasdale, J. Mcculloch, D. Graham",Journal of Neurosurgery,1985-08-01,147,Computational Neuroscience and Brain-Inspired AI,brain-structure,10.3171/JNS.1985.63.2.0272,8a48485299bac968224b9248278e93a9a36cfc0e,https://doi.org/10.3171/JNS.1985.63.2.0272,JournalArticle,unknown,21,brain; cerebral; computational neuroscience; brain-inspired; brain/neural structure in title; explicit brain-structure/AI bridge,
1985,"Variations in the size of the human brain. Influence of age, sex, body length, body mass index, alcoholism, Alzheimer changes, and cerebral atherosclerosis.",K. Skullerud,"Acta Neurologica Scandinavica, Supplementum",1985,147,Clinical NeuroAI and Brain Disorders,brain-structure;clinical-neuroai,,4497a51397484296c080326ce4fdbd1bfda89652,https://www.semanticscholar.org/paper/4497a51397484296c080326ce4fdbd1bfda89652,Review; JournalArticle; Study,unknown,5,brain; cerebral; brain/neural structure in title,
1985,Barbiturates in brain ischaemia.,H. Shapiro,British Journal of Anaesthesia,1985,146,General Brain-AI Structure Reviews and Methods,brain-structure,10.1093/BJA/57.1.82,a262761bf0224c800cc7a6fd0767684296c328bb,https://doi.org/10.1093/BJA/57.1.82,Review; JournalArticle,unknown,4,brain; brain/neural structure in title,
1985,Brain stem area with C1 epinephrine neurons mediates baroreflex vasodepressor responses.,"A. Granata, D. Ruggiero, D. H. Park, T. Joh, D. Reis",American Journal of Physiology,1985-04-01,146,"Cellular, Synaptic, and Neuromorphic Foundations",brain-structure,10.1152/AJPHEART.1985.248.4.H547,f3b19ba9085162ec5b013d53183a4f739c2c67b2,https://doi.org/10.1152/AJPHEART.1985.248.4.H547,JournalArticle,unknown,17,brain; neuron; neuromorphic; brain/neural structure in title; explicit brain-structure/AI bridge,
1985,"Cerebral glucose use measured with [14C]glucose labeled in the 1, 2, or 6 position.","R. Hawkins, A. Mans, D. W. Davis, J. Viña, L. Hibbard",American Journal of Physiology,1985,146,General Brain-AI Structure Reviews and Methods,brain-structure,10.1152/AJPCELL.1985.248.1.C170,36dd0a0451b1a55a143fb025fc95f3a673a47a8c,https://doi.org/10.1152/AJPCELL.1985.248.1.C170,JournalArticle; Study,unknown,2,brain; cerebral,
1985,II. Cortical neurons immunoreactive with antisera against neuropeptide Y are altered in Alzheimer's-type dementia,"V. Chan-Palay, V. Chan-Palay, W. Lang, Y. Allen, U. Haesler, J. Polak",The Journal of comparative neurology,1985-08-22,146,Clinical NeuroAI and Brain Disorders,brain-structure;clinical-neuroai,10.1002/cne.902380404,bbbc245920f24c38ac020bec3acbc86822812b89,https://doi.org/10.1002/cne.902380404,JournalArticle; Study,unknown,3,brain; cortical; neuron,
1985,Pathways of the early propagation of virulent and avirulent rabies strains from the eye to the brain,"P. Kucera, M. Dolivo, P. Coulon, A. Flamand",Journal of Virology,1985-07-01,146,General Brain-AI Structure Reviews and Methods,brain-structure,10.1128/jvi.55.1.158-162.1985,8a825a17206eda15f181f6170324d629963ca714,https://doi.org/10.1128/jvi.55.1.158-162.1985,JournalArticle,unknown,4,brain; brain/neural structure in title,
1985,Rehabilitation after severe brain injury: a follow-up study of a behaviour modification approach.,"P. Eames, R. Wood",Journal of Neurology Neurosurgery & Psychiatry,1985-07-01,146,General Brain-AI Structure Reviews and Methods,brain-structure,10.1136/jnnp.48.7.613,b51b0916bd055a1ab3eaf7fae7e5760329464e9e,https://doi.org/10.1136/jnnp.48.7.613,JournalArticle,unknown,4,brain; brain/neural structure in title,
1985,Brain and muscle nicotinic acetylcholine receptors are different but homologous proteins.,"B. Conti-Tronconi, S. M. Dunn, E. Barnard, J. Dolly, F. A. Lai, N. Ray, et al.",Proceedings of the National Academy of Sciences of the United States of America,1985-08-01,145,General Brain-AI Structure Reviews and Methods,brain-structure,10.1073/PNAS.82.15.5208,db6afc0ae25ec3fc473f6365378aeb2ab6ad154b,https://doi.org/10.1073/PNAS.82.15.5208,JournalArticle; Study,unknown,4,brain; brain/neural structure in title,
1985,Cerebral cortical activity associated with the orientation of visual attention in the rhesus monkey.,"M. Goldberg, C. Bruce",Vision Research,1985,145,"Cognitive Architectures, Learning, and Systems Neuroscience",brain-structure,10.1016/0042-6989(85)90072-0,90c77c5c245a227e0f0b703e70146c24f4d65468,https://doi.org/10.1016/0042-6989(85)90072-0,JournalArticle,unknown,14,cerebral; cortical; cognitive architecture; explicit brain-structure/AI bridge,
1985,The control of glial populations in brain: changes in astrocyte mitogenic and morphogenic factors in response to injury.,"M. Nieto-Sampedro, R. Saneto, J. Vellis, C. W. Cotman",Brain Research,1985-09-23,145,General Brain-AI Structure Reviews and Methods,brain-structure,10.1016/0006-8993(85)90750-4,98dbb3cd16a5bfd3d2c3f380916e3c74b451f948,https://doi.org/10.1016/0006-8993(85)90750-4,JournalArticle,unknown,4,brain; brain/neural structure in title,
1985,Autoradiographic distribution of 125I calcitonin gene-related peptide binding sites in the rat central nervous system.,"G. Skofitsch, D. Jacobowitz",Peptides,1985-09-01,144,"Connectomics, Graph Models, and Brain Networks",brain-structure;connectome,10.1016/0196-9781(85)90331-6,75b91843f46b145860fdafa33f9631bb6ba37f31,https://doi.org/10.1016/0196-9781(85)90331-6,JournalArticle,unknown,4,brain; cortex; hippocampus; cerebellum,"Using autoradiographic method and 125I-Tyro rat CGRP as a ligand, receptor binding sites were demonstrated in the rat central nervous system."
1985,Cortical organization of voluntary behavior in man.,P. Roland,Human neurobiology,1985,144,"Cognitive Architectures, Learning, and Systems Neuroscience",brain-structure,,b61cf1f84c194afb3bed8ee160bd6b96c1a451f7,https://www.semanticscholar.org/paper/b61cf1f84c194afb3bed8ee160bd6b96c1a451f7,JournalArticle; Review,unknown,13,cortical; cognitive architecture; explicit brain-structure/AI bridge,
1985,"Primate model of parkinsonism: selective lesion of nigrostriatal neurons by 1-methyl-4-phenyl-1,2,3,6-tetrahydropyridine produces an extrapyramidal syndrome in rhesus monkeys.","Chuang-Ching Chiueh, R. Burns, Sanford P. Markey, D. M. Jacobowitz, I. Kopin",Life Science,1985-01-21,144,Computational Neuroscience and Brain-Inspired AI,clinical-neuroai,10.1016/0024-3205(85)90061-X,cd813d902747fdf08ba8b1d80dfcaf6f717df99d,https://doi.org/10.1016/0024-3205(85)90061-X,JournalArticle,unknown,18,brain; neuron; computational neuroscience; brain-inspired; explicit brain-structure/AI bridge,
1985,"(+)-[^3H]SKF-10,047, (+)[^3H]ethylketocyclazocine, μ,κ,δ and phencyclidine binding sites in guinea pig brain membranes",S. Tam,Unknown venue,1985-02-12,143,General Brain-AI Structure Reviews and Methods,brain-structure,10.1016/0014-2999(85)90536-9,8b4b006f572652c24700684aa79e9ceadbc11ae8,https://doi.org/10.1016/0014-2999(85)90536-9,paper,unknown,4,brain; brain/neural structure in title,
1985,"A unique family of endothelial cell polypeptide mitogens: the antigenic and receptor cross-reactivity of bovine endothelial cell growth factor, brain-derived acidic fibroblast growth factor, and eye-derived growth factor-II","Alain B Schreiber, J. Kenney, Joseph Kowalski, Kenneth A. Thomas, G. Giménez-Gallego, M. Rios-Candelore, et al.",Journal of Cell Biology,1985-10-01,143,"Cellular, Synaptic, and Neuromorphic Foundations",brain-structure;neuroimaging;neural-signals,10.1083/jcb.101.4.1623,4f0626d37f2f074fcd94feaf239e667b844f8ac1,https://doi.org/10.1083/jcb.101.4.1623,JournalArticle,unknown,19,brain; thalamus; hypothalamus; ecog; neuromorphic; brain/neural structure in title; explicit brain-structure/AI bridge,"Bovine brain, hypothalamus, pituitary, and retina contain potent anionic polypeptide mitogens for endothelial cells."
1985,Antibody guided irradiation of brain glioma by arterial infusion of radioactive monoclonal antibody against epidermal growth factor receptor and blood group A antigen.,"A. Epenetos, N. Courtenay-Luck, D. Pickering, G. Hooker, H. Durbin, J. P. Lavender, et al.",British medical journal,1985-05-18,143,General Brain-AI Structure Reviews and Methods,brain-structure,10.1136/bmj.290.6480.1463,2539f01f0d74b6625c0b955f9ce3d14395ebb3f9,https://doi.org/10.1136/bmj.290.6480.1463,JournalArticle; CaseReport,unknown,4,brain; brain/neural structure in title,
1985,Stereotactic surgery for mass lesions of the midbrain and pons.,"Robert J. Coffey, Lunsford Ld",Neurosurgery,1985-07-01,143,General Brain-AI Structure Reviews and Methods,brain-structure,10.1227/00006123-198507000-00003,bad7dae4c5238ed9e755a6965c622227035f42bc,https://doi.org/10.1227/00006123-198507000-00003,JournalArticle; CaseReport,unknown,4,brain; brain/neural structure in title,
1985,"Neuronotrophic factors for mammalian brain neurons: injury induction in neonatal, adult and aged rat brain.","S. Whittemore, M. Nieto-Sampedro, D. Needels, C. Cotman",Brain Research,1985-06-01,142,"Cellular, Synaptic, and Neuromorphic Foundations",brain-structure,10.1016/0165-3806(85)90102-6,da391ded0dd8400b2da7de7d25b767f184a8c2ed,https://doi.org/10.1016/0165-3806(85)90102-6,JournalArticle,unknown,17,brain; neuron; neuromorphic; brain/neural structure in title; explicit brain-structure/AI bridge,
1985,"New dopaminergic terminal fields in the motor, visual (area 18b) and retrosplenial cortex in the young and adult rat. Immunocytochemical and catecholamine histochemical analyses.","B. Berger, C. Verney, C. Alvarez, A. Vigny, K. Helle",Neuroscience,1985-08-01,142,General Brain-AI Structure Reviews and Methods,brain-structure,10.1016/0306-4522(85)90248-9,f0af12d82c66ccefc98a41d9b16deac92d86d16e,https://doi.org/10.1016/0306-4522(85)90248-9,JournalArticle,unknown,5,brain; cortex; brain/neural structure in title,
1985,Systemic administration of recombinant interleukin 2 stimulates in vivo lymphoid cell proliferation in tissues.,"S. Ettinghausen, E. Lipford, J. Mulé, S. A. Rosenberg",Journal of Immunology,1985-08-01,142,Computational Neuroscience and Brain-Inspired AI,brain-structure;brain-inspired-ai,10.4049/jimmunol.135.2.1488,36f1c7a5bee627f57713c27ad87bc9c20ea56c5f,https://doi.org/10.4049/jimmunol.135.2.1488,JournalArticle,unknown,17,brain; computational neuroscience; brain-inspired; explicit brain-structure/AI bridge,Recent work in our laboratory has demonstrated that the repeated injections of high doses of recombinant interleukin 2 (IL 2) can dramatically reduce the number of established pulmonary and hepatic metastases and the growth of intradermal tumors in a variety of murine tumor models.
1985,D-1 dopamine receptors in the rat brain: autoradiographic localization using [3H]SCH 23390.,"T. M. Dawson, D. Gehlert, Henry I. Yamamura, Allen Barnett, J. K. Wamsley",European Journal of Pharmacology,1985-02-05,141,"Connectomics, Graph Models, and Brain Networks",brain-structure;connectome,10.1016/0014-2999(85)90458-3,d85dac5cc7a855a2e93a2c8d93c856462858bd6d,https://doi.org/10.1016/0014-2999(85)90458-3,JournalArticle,unknown,8,brain; brain/neural structure in title; historical computation/learning bridge,
1985,"Distribution of phosphate-activated glutaminase, succinic dehydrogenase, pyruvate dehydrogenase and gamma-glutamyl transpeptidase in post-mortem brain from Huntington's disease and agonal cases.","J. Butterworth, C. Yates, G. Reynolds",Journal of Neurological Sciences,1985-02-01,141,General Brain-AI Structure Reviews and Methods,brain-structure,10.1016/0022-510X(85)90112-1,f10ac958ad97c79964f1ba7d8c7a378d37708713,https://doi.org/10.1016/0022-510X(85)90112-1,JournalArticle,unknown,4,brain; brain/neural structure in title,
1985,Functional innervation of cultured hippocampal neurones by cholinergic afferents from co-cultured septal explants,"B. H. Gähwiler, David A. Brown",Nature,1985,141,"Cellular, Synaptic, and Neuromorphic Foundations",,10.1038/313577A0,3a6685fda05826a8c0540d47b43a287178d463e7,https://doi.org/10.1038/313577A0,JournalArticle,unknown,13,neuron; neuromorphic; explicit brain-structure/AI bridge,
1985,Phosphoprotein B-50 in nerve growth cones from fetal rat brain.,"P. Graan, C. O. M. V. Hooff, B. Tilly, A. Oestreicher, P. Schotman, W. Gispen",Neuroscience Letters,1985-11-11,141,General Brain-AI Structure Reviews and Methods,brain-structure,10.1016/0304-3940(85)90470-7,4589d77b4c021aef299ad20ba6782b485496a8fd,https://doi.org/10.1016/0304-3940(85)90470-7,JournalArticle,unknown,4,brain; brain/neural structure in title,
1985,Rates of brain development in mammals including man.,R. Passingham,"Brain, Behavior and Evolution",1985,141,"Cognitive Architectures, Learning, and Systems Neuroscience",brain-structure,10.1159/000118773,b20df3c78a2e0df0f4670fd530d05441f6f401fa,https://doi.org/10.1159/000118773,JournalArticle; Study,unknown,16,brain; cognitive architecture; brain/neural structure in title; explicit brain-structure/AI bridge,
1985,Cerebral preservation during cardiopulmonary resuscitation,"N. Bircher, P. Safar",Critical Care Medicine,1985-03-01,140,General Brain-AI Structure Reviews and Methods,brain-structure,10.1097/00003246-198503000-00009,ab2f92a50e26896278b717dd456a5df61952e395,https://doi.org/10.1097/00003246-198503000-00009,JournalArticle; Study,unknown,2,brain; cerebral,
1985,Sexual dimorphism of glucocorticoid binding in rat brain.,"Barbara B. Turner, Barbara B. Turner, A. W. Debra, A. W. Debra",Brain Research,1985-09-16,140,General Brain-AI Structure Reviews and Methods,brain-structure,10.1016/0006-8993(85)91153-9,1b751baf6d6d10669ea2baaa58090b15d2b16498,https://doi.org/10.1016/0006-8993(85)91153-9,JournalArticle; Study,unknown,4,brain; brain/neural structure in title,
1985,Soluble metalloendopeptidase from rat brain: action on enkephalin-containing peptides and other bioactive peptides.,"T. G. Chu, Marian Orlowski",Endocrinology,1985-04-01,140,General Brain-AI Structure Reviews and Methods,brain-structure,10.1210/ENDO-116-4-1418,747d52b61465c20328910ab929314f1103101dd9,https://doi.org/10.1210/ENDO-116-4-1418,JournalArticle,unknown,4,brain; brain/neural structure in title,
1985,Distribution and chromatographic characterisation of CGRP-like immunoreactivity in the brain and gut of the rat.,"P. Mulderry, M. Ghatei, A. Bishop, Y. Allen, J. Polak, S. Bloom",Regulatory Peptides,1985-10-01,139,"Connectomics, Graph Models, and Brain Networks",brain-structure;connectome,10.1016/0167-0115(85)90194-6,eef51974d8e17869c84a17f322bc75d3d52d851c,https://doi.org/10.1016/0167-0115(85)90194-6,JournalArticle; Study,unknown,8,brain; brain/neural structure in title; historical computation/learning bridge,
1985,"Preparation of 11C-labelled Raclopride, a new potent dopamine receptor antagonist: preliminary PET studies of cerebral dopamine receptors in the monkey.","E. Ehrin, L. Farde, T. de Paulis, L. Eriksson, T. Greitz, P. Johnström, et al.",The international journal of applied radiation and isotopes,1985-04-01,139,General Brain-AI Structure Reviews and Methods,brain-structure;neuroimaging,10.1016/0020-708X(85)90083-3,3f75105f3b34c4e2e392682b72a2cbc94aedcf70,https://doi.org/10.1016/0020-708X(85)90083-3,JournalArticle,unknown,2,brain; cerebral,
1985,The cortico-medial amygdala in the central nervous system organization of agonistic behavior.,"P. Luiten, Jaap M. Koolhaas, de Sietse Boer, S. Koopmans",Brain Research,1985-04-22,139,"Cognitive Architectures, Learning, and Systems Neuroscience",brain-structure,10.1016/0006-8993(85)90597-9,cec1028f094cc357d41b1217fef2f6ccef5698fa,https://doi.org/10.1016/0006-8993(85)90597-9,JournalArticle,unknown,13,amygdala; cognitive architecture; explicit brain-structure/AI bridge,
1985,THE DEVELOPMENT OF THE HUMAN BLOOD-CSF-BRAIN BARRIER,M. Adinolfi,Developmental Medicine & Child Neurology,1985-08-01,139,General Brain-AI Structure Reviews and Methods,brain-structure,10.1111/j.1469-8749.1985.tb04581.x,b4b34c8915d45789395c7e2ad03ac81c46900b3e,https://doi.org/10.1111/j.1469-8749.1985.tb04581.x,JournalArticle,unknown,4,brain; brain/neural structure in title,
1985,Genetics of Growth Predict Patterns of Brain-Size Evolution,"B. Riska, W. Atchley",Science,1985-08-16,138,General Brain-AI Structure Reviews and Methods,brain-structure,10.1126/science.229.4714.668,80cd324ba528782813e2f1a63dddb9e064b0cfd7,https://doi.org/10.1126/science.229.4714.668,JournalArticle,unknown,4,brain; brain/neural structure in title,
1985,Morphological artifacts induced in intracellularly stained neurons by dehydration: circumvention using rapid dimethyl sulfoxide clearing.,"A. Grace, Rodolfo R. Llinás",Neuroscience,1985-10-01,138,"Cellular, Synaptic, and Neuromorphic Foundations",,10.1016/0306-4522(85)90018-1,75ddf2dadc340dcb93fb3b57712536854760475e,https://doi.org/10.1016/0306-4522(85)90018-1,JournalArticle,unknown,13,neuron; neuromorphic; explicit brain-structure/AI bridge,
1985,P-57 is a neural specific calmodulin-binding protein.,"B. Cimler, T. Andreasen, K. Andreasen, D. Storm",Journal of Biological Chemistry,1985-09-05,138,General Brain-AI Structure Reviews and Methods,brain-structure,,a0cf66b50a10e41573cba483b415425b6010d26b,https://www.semanticscholar.org/paper/a0cf66b50a10e41573cba483b415425b6010d26b,JournalArticle,unknown,5,brain; neural; brain/neural structure in title,
1985,"Regional brain uptake of 2-deoxyglucose in N-methyl-4-phenyl-1,2,3,6-tetrahydropyridine (MPTP)-induced parkinsonism in the macaque monkey.","A. Crossman, I. Mitchell, M. Sambrook",Neuropharmacology,1985-06-01,138,Clinical NeuroAI and Brain Disorders,brain-structure;clinical-neuroai,10.1016/0028-3908(85)90070-X,3ba72ddf61296c444a11a6cda6d648ce75078951,https://doi.org/10.1016/0028-3908(85)90070-X,JournalArticle,unknown,4,brain; brain/neural structure in title,
1985,Cholinergic systems in the rat brain: II. Projections to the interpeduncular nucleus.,"N. Woolf, L. Butcher",Brain Research Bulletin,1985,137,"Electrophysiology, Neural Signals, and AI Decoding",brain-structure;neural-signals,10.1016/0361-9230(85)90178-9,2a61c5f7f0b1191bbb816f8db0f2eaeb9075b665,https://doi.org/10.1016/0361-9230(85)90178-9,JournalArticle,unknown,17,brain; neural; decoding; brain/neural structure in title; explicit brain-structure/AI bridge,
1985,Distribution of central cholinergic neurons in the baboon (papio papio). I. General morphology,"K. Satoh, H. Fibiger",The Journal of comparative neurology,1985-06-08,137,"Cellular, Synaptic, and Neuromorphic Foundations",,10.1002/cne.902360205,be3745f08b055cd0e61982682336eccbc88fad3f,https://doi.org/10.1002/cne.902360205,JournalArticle,unknown,13,neuron; neuromorphic; explicit brain-structure/AI bridge,
1985,Isolation of a clone coding for the alpha-subunit of a mouse acetylcholine receptor,"J. Boulter, W. Luyten, K. Evans, P. Mason, M. Ballivet, D. Goldman, et al.",Journal of Neuroscience,1985-09-01,137,Computational Neuroscience and Brain-Inspired AI,brain-structure;brain-inspired-ai,10.1523/JNEUROSCI.05-09-02545.1985,fd795e57035dd4f57d375175eef474e80ff6f16f,https://doi.org/10.1523/JNEUROSCI.05-09-02545.1985,JournalArticle; Study,unknown,17,brain; computational neuroscience; brain-inspired; explicit brain-structure/AI bridge,The mouse cell line BC3H-I synthesizes an acetylcholine receptor (AChR) with the pharmacological properties of a muscle nicotinic cholinergic receptor.
1985,"l-Glutamate, excitatory amino acid receptors and brain function",G. Fagg,Unknown venue,1985,137,General Brain-AI Structure Reviews and Methods,brain-structure,10.1016/0166-2236(85)90080-3,466eb0724d7a0b99e06aa424a78179ca1959c84c,https://doi.org/10.1016/0166-2236(85)90080-3,paper,unknown,4,brain; brain/neural structure in title,
1985,Opiate- and alpha 2-adrenoceptor-induced hyperpolarizations of locus ceruleus neurons in brain slices: reversal by cyclic adenosine 3':5'- monophosphate analogues,"Rodrigo Andrade, G. Aghajanian",Journal of Neuroscience,1985-09-01,137,"Electrophysiology, Neural Signals, and AI Decoding",brain-structure;neural-signals,10.1523/JNEUROSCI.05-09-02359.1985,ae844b2993a19bcd921d90966ee618194c4a714b,https://doi.org/10.1523/JNEUROSCI.05-09-02359.1985,JournalArticle,unknown,17,brain; neuron; neuromorphic; brain/neural structure in title; explicit brain-structure/AI bridge,The purpose of this study was to investigate the ionic and second messenger mechanisms underlying the hyperpolarizations induced by the selective alpha 2-adrenoceptor agonist clonidine and the opiate agonist morphine in the locus ceruleus.
1985,Channels of emotional expression in patients with unilateral brain damage.,"J. Borod, E. Koff, M. Lorch, M. Nicholas",Archives of Neurology,1985-04-01,136,Clinical NeuroAI and Brain Disorders,brain-structure;clinical-neuroai,10.1001/ARCHNEUR.1985.04060040055011,64e00794884b2db1d449232cf37f9d0a8520e9b2,https://doi.org/10.1001/ARCHNEUR.1985.04060040055011,JournalArticle,unknown,4,brain; brain/neural structure in title,
1985,Cytomegalovirus and herpes simplex virus ascending myelitis in a patient with acquired immune deficiency syndrome,"Tarvez Tucker, R. Dix, Carolyn Katzen, R. Davis, J. Schmidley",Annals of Neurology,1985-07-01,136,"Electrophysiology, Neural Signals, and AI Decoding",neural-signals;clinical-neuroai,10.1002/ana.410180113,7f89a3aa6f85e8d9b62145f9c00be1da184d00ab,https://doi.org/10.1002/ana.410180113,JournalArticle; CaseReport,unknown,14,meg; neural; decoding; explicit brain-structure/AI bridge,
1985,High-affinity stereospecific binding of cyclodiene insecticides and γ-hexachlorocyclohexane to γ-aminobutyric acid receptors of rat brain,"I. Abalis, M. Eldefrawi, A. Eldefrawi",Unknown venue,1985-08-01,136,General Brain-AI Structure Reviews and Methods,brain-structure,10.1016/0048-3575(85)90118-X,9c50b683457ca3cc0989d3abfbd7787dc4a75cf0,https://doi.org/10.1016/0048-3575(85)90118-X,paper,unknown,4,brain; brain/neural structure in title,
1985,Multiple forms of endothelial cell growth factor. Rapid isolation and biological and chemical characterization.,"W. Burgess, T. Mehlman, R. Friesel, W. Johnson, T. Maciag",Journal of Biological Chemistry,1985-09-25,136,"Connectomics, Graph Models, and Brain Networks",brain-structure;connectome,10.1016/s0021-9258(17)39038-5,cb03e049b993907fdf6770724e3744e013955d2d,https://doi.org/10.1016/s0021-9258(17)39038-5,JournalArticle,unknown,5,brain; historical computation/learning bridge,Endothelial cell growth factor (ECGF) can be rapidly purified from bovine brain to high specific activity using heparin-Sepharose affinity chromatography.
1985,Brain neurotransmitters in food and drug reward.,B. G. Hoebel,American Journal of Clinical Nutrition,1985-11-01,135,Clinical NeuroAI and Brain Disorders,brain-structure;clinical-neuroai,10.1093/ajcn/42.5.1133,cfde293e95b91be7cb8cde8640f5c784e7b9af87,https://doi.org/10.1093/ajcn/42.5.1133,Review; JournalArticle,unknown,4,brain; brain/neural structure in title,
1985,Brain Size Allometry Ontogeny and Phylogeny,"Robert D. Martin, P. Harvey",Unknown venue,1985,135,General Brain-AI Structure Reviews and Methods,brain-structure,10.1007/978-1-4899-3647-9_8,251359dc4cefddb38fe4746761cf19ef3a304aea,https://doi.org/10.1007/978-1-4899-3647-9_8,paper,unknown,4,brain; brain/neural structure in title,
1985,Distribution of corticotropin-releasing factor in rat brain.,"M. Palkovits, M. Brownstein, W. Vale",Federation proceedings,1985,135,General Brain-AI Structure Reviews and Methods,brain-structure,,c2486a50b12f0e7a7c736a044447c68c23bc148c,https://www.semanticscholar.org/paper/c2486a50b12f0e7a7c736a044447c68c23bc148c,JournalArticle,unknown,4,brain; brain/neural structure in title,
1985,Ischemic Brain Damage in Rats following Cardiac Arrest Using a Long-Term Recovery Model,"P. Blomqvist, T. Wieloch",Journal of Cerebral Blood Flow and Metabolism,1985-09-01,135,Computational Neuroscience and Brain-Inspired AI,brain-structure;brain-inspired-ai,10.1038/jcbfm.1985.57,03ee7ef080ecacd87d0aa497ba220e1aeb21bae5,https://doi.org/10.1038/jcbfm.1985.57,JournalArticle,unknown,20,brain; computational neuroscience; brain-inspired; brain/neural structure in title; explicit brain-structure/AI bridge,
1985,Regional cerebral blood flow decreases during hyperglycemia,"R. Duckrow, D. Beard, R. Brennan",Annals of Neurology,1985-03-01,135,General Brain-AI Structure Reviews and Methods,brain-structure,10.1002/ana.410170308,113600263a94a6d14fab6fd8c6907abf5462ac4d,https://doi.org/10.1002/ana.410170308,JournalArticle,unknown,2,brain; cerebral,
1985,Sexual dimorphisms of the brain.,R. Gorski,Journal of Animal Science,1985,135,General Brain-AI Structure Reviews and Methods,brain-structure,10.1093/ANSCI/61.SUPPLEMENT_3.38,b0089f0d66ad8417454e867b08a788b9862eb178,https://doi.org/10.1093/ANSCI/61.SUPPLEMENT_3.38,Review; JournalArticle,unknown,4,brain; brain/neural structure in title,
1985,Somatostatin receptors: Distribution in rat central nervous system and human frontal cortex,"G. Uhl, V. Tran, S. Snyder, Joseph B. Martin",The Journal of comparative neurology,1985-10-15,135,General Brain-AI Structure Reviews and Methods,brain-structure,10.1002/cne.902400306,353de0f278408e3aee878b60240cad722301e5ca,https://doi.org/10.1002/cne.902400306,JournalArticle,unknown,5,brain; cortex; brain/neural structure in title,
1985,Symptomatic gastroesophageal reflux following gastrostomy in neurologically impaired patients.,"D. Mollitt, E. Golladay, J. Seibert",Pediatrics,1985-06-01,135,"Connectomics, Graph Models, and Brain Networks",brain-structure;connectome;clinical-neuroai,10.1542/peds.75.6.1124,14a08d469aa99a931c42cecafc5972b81abdc8c1,https://doi.org/10.1542/peds.75.6.1124,JournalArticle,unknown,5,brain; historical computation/learning bridge,"Utilizing the sequence of contrast radiography, gastric technetium scintigraphy, and 24-hour pH probe, 30 of 46 (65%) neurologically impaired patients, referred for feeding gastrostomy, were demonstrated to have gastroesophageal reflux and underwent a Nissen fundoplication and gastrostomy."
1985,"Complete Conversion of Brain D2 Dopamine Receptors from the High- to the Low-Affinity State for Dopamine Agonists, Using Sodium Ions and Guanine Nucleotide","Dimitris Grigoriadis, P. Seeman",Journal of Neurochemistry,1985-06-01,134,General Brain-AI Structure Reviews and Methods,brain-structure,10.1111/j.1471-4159.1985.tb07189.x,3e2953e7a6cbe3b2a9c2748b6d572e7088b43bf4,https://doi.org/10.1111/j.1471-4159.1985.tb07189.x,JournalArticle,unknown,4,brain; brain/neural structure in title,
1985,"Sialylation of glycoprotein oligosaccharides with N-acetyl-, N-glycolyl-, and N-O-diacetylneuraminic acids.","H. Higa, J. Paulson",Journal of Biological Chemistry,1985-07-25,134,General Brain-AI Structure Reviews and Methods,brain-structure,10.1016/s0021-9258(17)39428-0,60565d62da2c6b9d25173fb4e2e6d71fce8a95fe,https://doi.org/10.1016/s0021-9258(17)39428-0,JournalArticle,unknown,1,brain,"Four common sialic acids (Sia), NeuAc, N-glycolyl-neuraminic acid (NeuGc), 4-O-acetyl-N-acetylneuraminic acid (4-O-Ac-NeuAc), and 9-O-Ac-NeuAc were examined for activation to their corresponding CMP-sialic acid conjugates and subsequently for their transfer to glycoprotein oligosaccharides by purified mammalian sialyltransferases."
1985,"Effect of tamoxifen, a nonsteroidal antiestrogen, on phospholipid/calcium-dependent protein kinase and phosphorylation of its endogenous substrate proteins from the rat brain and ovary.","H. Su, G. Mazzei, W. Vogler, J. Kuo",Biochemical Pharmacology,1985-10-15,133,General Brain-AI Structure Reviews and Methods,brain-structure,10.1016/0006-2952(85)90225-4,5a431da1dd4a5e7d6e417426e33586230894367a,https://doi.org/10.1016/0006-2952(85)90225-4,JournalArticle,unknown,4,brain; brain/neural structure in title,
1985,Imaging of leukocytic infiltration in human cerebral infarcts.,"C. Pozzilli, G. Lenzi, C. Argentino, A. Carolei, M. Rasura, A. Signore, et al.",Stroke,1985-03-01,133,Clinical NeuroAI and Brain Disorders,brain-structure;clinical-neuroai,10.1161/01.STR.16.2.251,9ee9792c0f17936a7a7e9a57cfcffa9d7e48af28,https://doi.org/10.1161/01.STR.16.2.251,JournalArticle,unknown,2,brain; cerebral,
1985,[3H]Dexamethasone binding in rat frontal cortex.,"M. Meaney, D. Aitken",Brain Research,1985-02-25,132,General Brain-AI Structure Reviews and Methods,brain-structure,10.1016/0006-8993(85)91340-X,7260751c0da6d15727001e96bd82c054727f85af,https://doi.org/10.1016/0006-8993(85)91340-X,JournalArticle; Study,unknown,5,brain; cortex; brain/neural structure in title,
1985,Hyperinnervation of the striatum by dorsal raphe afferents after dopamine-depleting brain lesions in neonatal rats.,"T. Berger, Sushma Kaul, E. Stricker, M. Zigmond",Brain Research,1985-06-17,132,General Brain-AI Structure Reviews and Methods,brain-structure,10.1016/0006-8993(85)90667-5,4cbaac3a20e8626c249e9dd4ee6e0d5c7dd041ca,https://doi.org/10.1016/0006-8993(85)90667-5,JournalArticle,unknown,4,brain; brain/neural structure in title,
1985,Positron emmission tomography in the asphyxiated term newborn: Parasagittal impairment of cerebral blood flow,"J. Volpe, P. Herscovitch, J. Perlman, K. Kreusser, M. Raichle",Unknown venue,1985-03-01,132,"Connectomics, Graph Models, and Brain Networks",brain-structure;connectome,10.1002/ana.410170312,38ceb27b614df3e28bee879926635d3340a131d7,https://doi.org/10.1002/ana.410170312,paper,unknown,6,brain; cerebral; historical computation/learning bridge,
1985,The development of the glucocorticoid receptor system in the rat limbic brain. II. An autoradiographic study.,"Michael J. Meaney, R. M. Sapolsky, Bruce S. McEwen",Brain Research,1985-02-01,132,"Connectomics, Graph Models, and Brain Networks",brain-structure;connectome,10.1016/0165-3806(85)90260-3,af6315d7b62e6e5226dae388a3e84038ed6fef6d,https://doi.org/10.1016/0165-3806(85)90260-3,JournalArticle,unknown,8,brain; brain/neural structure in title; historical computation/learning bridge,
1985,"Controlled induction of paired helical filaments of the Alzheimer type in cultured human neurons, by glutamate and aspartate.","U. Boni, D. C. McLachlan",Journal of Neurological Sciences,1985-05-01,131,"Cellular, Synaptic, and Neuromorphic Foundations",clinical-neuroai,10.1016/0022-510X(85)90093-0,1fea6feaa4af2be82e302876443dd78f277ac79b,https://doi.org/10.1016/0022-510X(85)90093-0,JournalArticle; Study,unknown,13,neuron; neuromorphic; explicit brain-structure/AI bridge,
1985,Memory search and visual spatial attention: an event-related brain potential analysis.,"T. Okita, A. A. Wijers, G. Mulder, L. Mulder",Acta Psychologica,1985-12-01,131,"Cognitive Architectures, Learning, and Systems Neuroscience",brain-structure,10.1016/0001-6918(85)90058-7,7f68f1870171216ec29dd78860057fadd6c15a16,https://doi.org/10.1016/0001-6918(85)90058-7,JournalArticle,unknown,16,brain; cognitive architecture; brain/neural structure in title; explicit brain-structure/AI bridge,
1985,Estrogen formation in the developing rat brain: sex differences in aromatase activity during early post-natal life.,"N. MacLusky, A. Philip, C. Hurlburt, F. Naftolin",Psychoneuroendocrinology,1985,130,General Brain-AI Structure Reviews and Methods,brain-structure,10.1016/0306-4530(85)90013-7,c0beb675b78fd85ae7290b151467474dda80f01f,https://doi.org/10.1016/0306-4530(85)90013-7,JournalArticle; Study,unknown,4,brain; brain/neural structure in title,
1985,"Mortality among employees of lead battery plants and lead-producing plants, 1947-1980.","W. C. Cooper, O. Wong, L. Kheifets","Scandinavian Journal of Work, Environment and Health",1985-10-01,130,General Brain-AI Structure Reviews and Methods,brain-structure,10.5271/SJWEH.2215,6b115daf907419fab4f8dbb647a8b17233352ee5,https://doi.org/10.5271/SJWEH.2215,JournalArticle,unknown,1,brain,"Two cohorts of male lead workers, 4 519 battery plant workers and 2 300 lead production workers, all of whom had been employed for at least one year during the period 1 January 1946 through 31 December 1970, were observed for mortality during the 34 years from 1 January 1947 through 31 December 1980."
1985,Purification of human brain tissue factor.,"G. Broze, J. Leykam, B. Schwartz, J. Miletich",Journal of Biological Chemistry,1985-09-15,130,"Connectomics, Graph Models, and Brain Networks",brain-structure;connectome,10.1016/S0021-9258(17)39121-4,20c6156e9b89dd18c6749b351f386b29735c6f6f,https://doi.org/10.1016/S0021-9258(17)39121-4,JournalArticle,unknown,8,brain; brain/neural structure in title; historical computation/learning bridge,Tissue factor (factor III) is a lipoprotein cofactor which markedly enhances the catalytic effect of coagulation factor VIIa upon factors IX and X.
1985,Correlation between senile plaque and neurofibrillary tangle counts in cerebral cortex and neuronal counts in cortex and subcortical structures in Alzheimer's disease.,"D. Mann, P. Yates, B. Marcyniuk",Neuroscience Letters,1985-05-01,129,"Cellular, Synaptic, and Neuromorphic Foundations",brain-structure;clinical-neuroai,10.1016/0304-3940(85)90439-2,0b2895ba2e2cc516012a054c9fd86aa5071889f8,https://doi.org/10.1016/0304-3940(85)90439-2,JournalArticle,unknown,19,cerebral; cortex; cortical; neuron; neuromorphic; brain/neural structure in title; explicit brain-structure/AI bridge,
1985,Pancreatic polypeptide immunoreactivity in rat brain is actually neuropeptide Y.,"D. Dimaggio, B. Chronwall, K. Buchanan, T. O'Donohue",Neuroscience,1985-08-01,129,General Brain-AI Structure Reviews and Methods,brain-structure,10.1016/0306-4522(85)90259-3,27b7b12501301a4731a32037541c825171df0dad,https://doi.org/10.1016/0306-4522(85)90259-3,JournalArticle; Study,unknown,4,brain; brain/neural structure in title,
1985,Sites of primary malignancies in patients presenting with cerebral metastases. A review of 120 cases,"T. le Chevalier, FrederickJ. Smith, P. Caillé, Jean Paul Constans, J. Rouesse",Cancer,1985-08-15,129,Clinical NeuroAI and Brain Disorders,brain-structure;clinical-neuroai,10.1002/1097-0142(19850815)56:4<880::AID-CNCR2820560430>3.0.CO;2-I,0c8d83a01d9daeb3653c0bc20a1b79b5d95cb614,https://doi.org/10.1002/1097-0142(19850815)56:4<880::AID-CNCR2820560430>3.0.CO;2-I,JournalArticle; Review,unknown,2,brain; cerebral,
1985,Brain damage and neuroplasticity: mechanisms of recovery or development?,"S. Finger, Almli Cr",Brain Research,1985-12-01,128,"Cellular, Synaptic, and Neuromorphic Foundations",brain-structure,10.1016/0165-0173(85)90023-2,0a337f7dd073fb82dd3847adc37e358ddbe1c1fa,https://doi.org/10.1016/0165-0173(85)90023-2,Review; JournalArticle,unknown,16,brain; neuromorphic; brain/neural structure in title; explicit brain-structure/AI bridge,
1985,Brain targets in surgery for Parkinson's disease. Results of a survey of neurosurgeons.,L. Laitinen,Journal of Neurosurgery,1985-03-01,128,General Brain-AI Structure Reviews and Methods,brain-structure;clinical-neuroai,10.3171/JNS.1985.62.3.0349,73a18295a17d851f78fab937bc95cd08d4746e98,https://doi.org/10.3171/JNS.1985.62.3.0349,JournalArticle; Review,unknown,4,brain; brain/neural structure in title,
1985,"Differences between the release of radiolabelled and endogenous dopamine from superfused rat brain slices: effects of depolarizing stimuli, amphetamine and synthesis inhibition.","H. Herdon, J. Strupish, S. Nahorski",Brain Research,1985-12-02,128,General Brain-AI Structure Reviews and Methods,brain-structure,10.1016/0006-8993(85)90450-0,f5105b60fef6496f5256bff3b3145fd359e83243,https://doi.org/10.1016/0006-8993(85)90450-0,JournalArticle; Study,unknown,4,brain; brain/neural structure in title,
1985,Further studies of brain aldosterone binding sites employing new mineralocorticoid and glucocorticoid receptor markers in vitro.,"H. Coirini, A. M. Magarin˜os, A. F. Nicola, T. Rainbow, B. McEwen",Brain Research,1985-12-30,128,General Brain-AI Structure Reviews and Methods,brain-structure,10.1016/0006-8993(85)91291-0,1c111d86d0d0ee5287a42ec02411eb87918ef7fe,https://doi.org/10.1016/0006-8993(85)91291-0,JournalArticle,unknown,4,brain; brain/neural structure in title,
1985,Reduced calcium uptake by rat brain mitochondria and synaptosomes in response to aging.,"S. W. Leslie, L. Chandler, E. Barr, R. Farrar",Brain Research,1985-03-11,128,General Brain-AI Structure Reviews and Methods,brain-structure,10.1016/0006-8993(85)90523-2,9a4aa165a4742452456c7f0fedf68e1e8a4d0500,https://doi.org/10.1016/0006-8993(85)90523-2,JournalArticle,unknown,4,brain; brain/neural structure in title,
1985,Autoradiographic localization of adenosine uptake sites in rat brain using [3H]nitrobenzylthioinosine,"J. Bisserbe, J. Patel, P. Marangos",Journal of Neuroscience,1985-02-01,127,General Brain-AI Structure Reviews and Methods,brain-structure;connectome,10.1523/jneurosci.05-02-00544.1985,2b8eaa25dec2b8ae41e591ad53298d7f59980c97,https://doi.org/10.1523/jneurosci.05-02-00544.1985,JournalArticle,unknown,4,brain; brain/neural structure in title,"The adenosine uptake site has been localized in rat brain by an in vitro light microscopic autoradiographic method, using [3H]nitrobenzylthioinosine ( [3H]NBI) as the probe."
1985,Cholinergic involvement in lateral hypothalamic rewarding brain stimulation.,"J. Yeomans, O. Kofman, V. McFarlane",Brain Research,1985-03-11,127,"Brain Decoding, Representation Learning, and BCI",brain-structure;decoding;neuromorphic-bci,10.1016/0006-8993(85)90508-6,4b06c1116e0a4b8c2e6d61e11ab0473c8b500596,https://doi.org/10.1016/0006-8993(85)90508-6,JournalArticle,unknown,4,brain; brain/neural structure in title,
1985,Formation and persistence of benzo(a)pyrene metabolite-DNA adducts.,"Jill Stowers, M. W. Anderson",Environmental Health Perspectives,1985-10-01,127,"Cellular, Synaptic, and Neuromorphic Foundations",brain-structure,10.1289/ehp.856231,a41df9751c2151789400fa4c5799ef116555b187,https://doi.org/10.1289/ehp.856231,JournalArticle,unknown,13,brain; neuromorphic; explicit brain-structure/AI bridge,Benzo(a)pyrene (BP) and other polycyclic aromatic hydrocarbons (PAH) are ubiquitous environmental pollutants and are suspected to be carcinogenic in man.
1985,I. Cytology and distribution in normal human cerebral cortex of neurons immunoreactive with antisera against neuropeptide Y,"V. Chan-Palay, V. Chan-Palay, Y. Allen, W. Lang, U. Haesler, J. Polak",Unknown venue,1985-08-22,127,"Cellular, Synaptic, and Neuromorphic Foundations",brain-structure,10.1002/cne.902380403,131f365d2170b3156ceb013a244b66d385afdc7d,https://doi.org/10.1002/cne.902380403,paper,unknown,18,cerebral; cortex; neuron; neuromorphic; brain/neural structure in title; explicit brain-structure/AI bridge,
1985,Occupational exposure to electromagnetic fields and the occurrence of brain tumors. An analysis of possible associations.,"R. Lin, P. Dischinger, J. Conde, K. Farrell",Journal of Occupational Medicine,1985-06-01,127,Clinical NeuroAI and Brain Disorders,brain-structure,,70fbef5da07b1dc55e17665cdcad49d825322596,https://www.semanticscholar.org/paper/70fbef5da07b1dc55e17665cdcad49d825322596,JournalArticle,unknown,4,brain; brain/neural structure in title,
1985,Postoperative intracerebral hemorrhages: a survey of computed tomographic findings after 1074 intracranial operations.,"A. Fukamachi, H. Koizumi, H. Nukui",Surgical Neurology,1985-06-01,127,"Connectomics, Graph Models, and Brain Networks",brain-structure;connectome,10.1016/0090-3019(85)90006-0,23ca2d8882c7364f46f25cc7a3176b4d46aa2804,https://doi.org/10.1016/0090-3019(85)90006-0,JournalArticle; Review,unknown,6,brain; cerebral; historical computation/learning bridge,
1985,Purification and characterization of cytosolic sialidase from rat liver.,"T. Miyagi, S. Tsuiki",Journal of Biological Chemistry,1985-06-10,127,"Connectomics, Graph Models, and Brain Networks",brain-structure;connectome,10.1016/s0021-9258(18)88837-8,dae7d6c4be3747f54aed79791dbb9feb360c94c7,https://doi.org/10.1016/s0021-9258(18)88837-8,JournalArticle,unknown,5,brain; historical computation/learning bridge,"Sialidase has been purified from rat liver cytosol 83,000-fold by sequential chromatography on DEAE-cellulose, CM-cellulose, Blue-Sepharose, Sephadex G-200, and heparin-Sepharose."
1985,"Stereospecific transport of triiodothyronine from plasma to cytosol and from cytosol to nucleus in rat liver, kidney, brain, and heart.","J. Oppenheimer, H. L. Schwartz",Journal of Clinical Investigation,1985,127,Clinical NeuroAI and Brain Disorders,brain-structure;clinical-neuroai,10.1172/JCI111667,90b528b3611bf796f6e76182c572257ee6d53add,https://doi.org/10.1172/JCI111667,JournalArticle,unknown,4,brain; brain/neural structure in title,
1985,Brain acidosis.,S. Rehncrona,Annals of Emergency Medicine,1985,126,General Brain-AI Structure Reviews and Methods,brain-structure,10.1016/s0196-0644(85)80055-x,cc98b8de466362f2b715cd13255bc2b7834ac85b,https://doi.org/10.1016/s0196-0644(85)80055-x,Review; JournalArticle,unknown,4,brain; brain/neural structure in title,
1985,Clathrin structure characterized with monoclonal antibodies. I. Analysis of multiple antigenic sites,F. Brodsky,Journal of Cell Biology,1985-12-01,126,"Cellular, Synaptic, and Neuromorphic Foundations",brain-structure;neuroimaging,10.1083/jcb.101.6.2047,0b8ad6fd2468112a5d7e3a4fe12f77edf092fd0e,https://doi.org/10.1083/jcb.101.6.2047,JournalArticle,unknown,13,brain; neuromorphic; explicit brain-structure/AI bridge,Three monoclonal antibodies that react with previously undefined antigenic determinants on the clathrin molecule have been produced and characterized.
1985,Postischemic Cerebral Lipid Peroxidation In Vitro: Modification by Dietary Vitamin E,"S. Yoshida, R. Busto, B. Watson, M. Santiso, M. Ginsberg",Journal of Neurochemistry,1985-05-01,126,General Brain-AI Structure Reviews and Methods,brain-structure,10.1111/j.1471-4159.1985.tb08800.x,d503a1c550ba90f35f499a20dbb164a29c188006,https://doi.org/10.1111/j.1471-4159.1985.tb08800.x,JournalArticle,unknown,2,brain; cerebral,
1985,Protein kinase C catalyzes phosphorylation of guanylate cyclase in vitro.,"J. Zwiller, M. Revel, A. Malviya",Journal of Biological Chemistry,1985-02-10,126,General Brain-AI Structure Reviews and Methods,brain-structure,10.1016/s0021-9258(18)89593-x,dcf040e4cdaf27402ad444c63355427d23261538,https://doi.org/10.1016/s0021-9258(18)89593-x,JournalArticle,unknown,1,brain,Protein kinase C catalyzes phosphorylation of purified rat brain guanylate cyclase.
1985,Cerebral events preceding self-paced and visually triggered saccades. A study of presaccadic potentials.,"G. Thickbroom, F. Mastaglia",Electroencephalography and Clinical Neurophysiology,1985-07-01,125,"Electrophysiology, Neural Signals, and AI Decoding",brain-structure;connectome;neural-signals;clinical-neuroai,10.1016/0168-5597(85)90005-X,246bd2d6afb9b6e9dc560451d98df6661fa70e77,https://doi.org/10.1016/0168-5597(85)90005-X,JournalArticle,unknown,6,brain; cerebral; historical computation/learning bridge,
1985,Development of a 99Tcm-labelled radiopharmaceutical for cerebral blood flow imaging,"D. Nowotnik, L. R. Canning, S. Cumming, R. Harrison, B. Higley, G. Nechvatal, et al.",Nuclear medicine communications,1985-09-01,125,General Brain-AI Structure Reviews and Methods,brain-structure,10.1097/00006231-198509000-00002,15e955e4c5af7296d917ff063e7b127bcbb8c3f8,https://doi.org/10.1097/00006231-198509000-00002,JournalArticle,unknown,2,brain; cerebral,
1985,"Prevention of the agonist binding to gamma-aminobutyric acid B receptors by guanine nucleotides and islet-activating protein, pertussis toxin, in bovine cerebral cortex. Possible coupling of the toxin-sensitive GTP-binding proteins to receptors.","T. Asano, M. Ui, N. Ogasawara",Journal of Biological Chemistry,1985-10-15,125,"Connectomics, Graph Models, and Brain Networks",brain-structure;connectome,10.1016/s0021-9258(17)38921-4,e2edeb63b69ee7b0052e91cce231254f0431cb61,https://doi.org/10.1016/s0021-9258(17)38921-4,JournalArticle,unknown,10,brain; cerebral; cortex; brain/neural structure in title; historical computation/learning bridge,"Using the membranes treated with Triton X-100, we studied the interaction between gamma-aminobutyric acid (GABA)B receptors and the GTP-binding proteins which are the substrates for ADP-ribosylation by the islet-activating protein (IAP), pertussis toxin."
1985,Regional lipid peroxidation in rat brain in vitro: Possible role of endogenous iron,"M. Zaleska, R. Floyd",Neurochemical Research,1985-03-01,125,General Brain-AI Structure Reviews and Methods,brain-structure,10.1007/BF00964608,fd55f9bdd6e29c3a6b06f5cec675a6da1dae07e6,https://doi.org/10.1007/BF00964608,JournalArticle,unknown,4,brain; brain/neural structure in title,
1985,A microtubule-associated protein (MAP1) which is expressed at elevated levels during development of the rat cerebellum.,"R. Calvert, B. Anderton",EMBO Journal,1985-05-01,124,General Brain-AI Structure Reviews and Methods,brain-structure,10.1002/j.1460-2075.1985.tb03756.x,6d92afd4c3ec41b82f9a01db49b9d14e9caa3d81,https://doi.org/10.1002/j.1460-2075.1985.tb03756.x,JournalArticle,unknown,2,brain; cerebellum,
1985,"Regional cerebral glucose metabolism in man during wakefulness, sleep, and dreaming.","W. Heiss, G. Pawlik, K. Herholz, R. Wagner, K. Wienhard",Brain Research,1985-02-18,124,General Brain-AI Structure Reviews and Methods,brain-structure,10.1016/0006-8993(85)91537-9,0deb66518ec41e6c6b42cceebd8273c5073250f3,https://doi.org/10.1016/0006-8993(85)91537-9,JournalArticle,unknown,2,brain; cerebral,
1985,Central nervous system involvement in patients with acquired immune deficiency syndrome (AIDS),"B. Koppel, G. Wormser, A. Tuchman, S. Maayan, D. Hewlett, M. Daras",Acta Neurologica Scandinavica,1985-05-01,123,"Electrophysiology, Neural Signals, and AI Decoding",brain-structure;neural-signals;clinical-neuroai,10.1111/j.1600-0404.1985.tb03211.x,f8348d21a766c9f24cdec7a51eac9136180984f2,https://doi.org/10.1111/j.1600-0404.1985.tb03211.x,JournalArticle,unknown,2,brain; meg,ABSTRACT - Central nervous system involvement occurred in 28 of 121 patients with acquired immune deficiency syndrome (AIDS).
1985,Continuous non invasive monitoring of human brain by near infrared spectroscopy.,"Marco Ferrari, Ivo Giannini, G. Sideri, E. Zanette",Advances in Experimental Medicine and Biology,1985,123,General Brain-AI Structure Reviews and Methods,brain-structure,10.1007/978-1-4684-3291-6_88,e64b370853eb3ac0c34f1a44f13589d386951990,https://doi.org/10.1007/978-1-4684-3291-6_88,JournalArticle,unknown,4,brain; brain/neural structure in title,
1985,Dexamethasone treatment of brain tumor patients,"K. L. Leenders, R. Beaney, David J. Brooks, A. A. Lammertsma, J. Heather, C. McKenzie",Neurology,1985-11-01,123,Clinical NeuroAI and Brain Disorders,brain-structure;clinical-neuroai,10.1212/WNL.35.11.1610,46a4dfab6155c640805f36dfe5c242dbd2b518cd,https://doi.org/10.1212/WNL.35.11.1610,JournalArticle,unknown,4,brain; brain/neural structure in title,
1985,Mechanism of autophosphorylation of the multifunctional Ca2+/calmodulin-dependent protein kinase.,"J. Kuret, H. Schulman",Journal of Biological Chemistry,1985-05-25,123,"Cellular, Synaptic, and Neuromorphic Foundations",brain-structure,10.1016/s0021-9258(18)88990-6,a9dfb2d18c989a44616ce9bf44dc70b411157a3b,https://doi.org/10.1016/s0021-9258(18)88990-6,JournalArticle; Study,unknown,14,brain; neuron; neuromorphic; explicit brain-structure/AI bridge,The multifunctional Ca2+/calmodulin-dependent protein kinase purified from rat brain cytosol undergoes a self-phosphorylation or autophosphorylation reaction.
1985,Ontogeny of receptors for insulin-like peptides in chick embryo tissues: early dominance of insulin-like growth factor over insulin receptors in brain.,"L. Bassas, F. Pablo, M. Lesniak, J. Roth",Endocrinology,1985-12-01,123,General Brain-AI Structure Reviews and Methods,brain-structure,10.1210/ENDO-117-6-2321,2a5c7b025502a88dba0bcf5f16704df64986f7b5,https://doi.org/10.1210/ENDO-117-6-2321,JournalArticle,unknown,4,brain; brain/neural structure in title,
1985,Permeability of the blood-brain barrier to neuropeptides: the case for penetration.,"W. Banks, A. Kastin",Psychoneuroendocrinology,1985,123,General Brain-AI Structure Reviews and Methods,brain-structure,10.1016/0306-4530(85)90079-4,92d6c3b0e76f60ebcff27cc0cb9dbe796e0e51ee,https://doi.org/10.1016/0306-4530(85)90079-4,JournalArticle; Study; Review,unknown,4,brain; brain/neural structure in title,
1985,The Brain of the Planarian as the Ancestor of the Human Brain,"H. Sarnat, M. Netsky",Canadian Journal of Neurological Sciences / Journal Canadien des Sciences Neurologiques,1985-11-01,123,General Brain-AI Structure Reviews and Methods,brain-structure,10.1017/S031716710003537X,070d8ee084866ce17185a66261ae8bf0006e8f76,https://doi.org/10.1017/S031716710003537X,JournalArticle; Study,unknown,4,brain; brain/neural structure in title,
1985,"6R-L-erythro-5,6,7,8-tetrahydrobiopterin as a regulator of dopamine and serotonin biosynthesis in the rat brain.","S. Miwa, Y. Watanabe, O. Hayaishi, O. Hayaishi",Archives of Biochemistry and Biophysics,1985-05-15,122,General Brain-AI Structure Reviews and Methods,brain-structure,10.1016/0003-9861(85)90831-8,85c9f519011a056569f12159bf2345131a8eb699,https://doi.org/10.1016/0003-9861(85)90831-8,JournalArticle,unknown,4,brain; brain/neural structure in title,
1985,Cerebral oxidative metabolism in the fetal lamb: relationship to electrocortical state.,"B. Richardson, B. Richardson, J. Patrick, J. Patrick, H. Abduljabbar, H. Abduljabbar",American Journal of Obstetrics and Gynecology,1985-10-15,122,General Brain-AI Structure Reviews and Methods,brain-structure,10.1016/0002-9378(85)90081-X,ab570b2b6edf92e0b39788ed4674a5984f1762ec,https://doi.org/10.1016/0002-9378(85)90081-X,JournalArticle,unknown,3,brain; cerebral; cortical,
1985,"Brain Plasticity, Learning, and Memory","B. Will, P. Schmitt, J. Dalrymple-Alford, Société française pour l'étude du comportement animal",Advances in behavioral biology,1985,121,"Cognitive Architectures, Learning, and Systems Neuroscience",brain-structure,10.1007/978-1-4684-5003-3,b20d0c4d25cad0bed46ddb23982592bd02a3a19b,https://doi.org/10.1007/978-1-4684-5003-3,paper,unknown,16,brain; cognitive architecture; brain/neural structure in title; explicit brain-structure/AI bridge,
1985,Creutzfeldt-Jakob disease prion proteins in human brains.,"J. Bockman, D. Kingsbury, M. McKinley, P. Bendheim, S. Prusiner",New England Journal of Medicine,1985-01-10,121,General Brain-AI Structure Reviews and Methods,brain-structure,10.1056/NEJM198501103120202,0296109166d0bf9dc2e1ec4b4f30545f6b9e3b77,https://doi.org/10.1056/NEJM198501103120202,JournalArticle; CaseReport,unknown,4,brain; brain/neural structure in title,
1985,Excitatory amino acids and anoxic/ischaemic brain damage,Richard J. Miller,Unknown venue,1985,121,General Brain-AI Structure Reviews and Methods,brain-structure,10.1016/0166-2236(85)90024-4,d12fbd052e0f1e59d25a53f04914a921f3e895f3,https://doi.org/10.1016/0166-2236(85)90024-4,paper,unknown,4,brain; brain/neural structure in title,
1985,Monitoring the Effect of a Tryptophan Load on Brain Indole Metabolism in Freely Moving Rats by Simultaneous Cerebrospinal Fluid Sampling and Brain Dialysis,"P. Hutson, G. Sarna, B. D. Kantamaneni, G. Curzon",Journal of Neurochemistry,1985-04-01,121,General Brain-AI Structure Reviews and Methods,brain-structure,10.1111/j.1471-4159.1985.tb08753.x,8330debab26eecf1a81eff1f77861baa2fb1e9e7,https://doi.org/10.1111/j.1471-4159.1985.tb08753.x,JournalArticle; Study,unknown,4,brain; brain/neural structure in title,
1985,Phencyclidine and σ opiate receptors in brain: Biochemical and autoradiographical differentiation,"A. Gundlach, B. Largent, S. Snyder",Unknown venue,1985-07-31,121,"Connectomics, Graph Models, and Brain Networks",brain-structure;connectome,10.1016/0014-2999(85)90100-1,94bf4ed31efeaf17a4a89150ebdd476c5c2aa512,https://doi.org/10.1016/0014-2999(85)90100-1,paper,unknown,8,brain; brain/neural structure in title; historical computation/learning bridge,
1985,"Some in vitro receptor binding properties of [3H]eticlopride, a novel substituted benzamide, selective for dopamine-D2 receptors in the rat brain.","Håkan Hall, C. Köhler, L. Gawell",European Journal of Pharmacology,1985-05-08,121,General Brain-AI Structure Reviews and Methods,brain-structure,10.1016/0014-2999(85)90756-3,d7348640e6bd1743d22b36f969720da785fe3868,https://doi.org/10.1016/0014-2999(85)90756-3,JournalArticle,unknown,4,brain; brain/neural structure in title,
1985,Superoxide dismutase isoenzymes in normal brains and in brains from patients with dementia of Alzheimer type.,"S. Marklund, R. Adolfsson, C. Gottfries, C. Gottfries, Bengt Winblad, Bengt Winblad",Journal of Neurological Sciences,1985-03-01,121,Clinical NeuroAI and Brain Disorders,brain-structure;clinical-neuroai,10.1016/0022-510X(85)90156-X,245b9f18a54c627259d09014db3706c8c1c1f853,https://doi.org/10.1016/0022-510X(85)90156-X,JournalArticle,unknown,4,brain; brain/neural structure in title,
1985,Wilson disease of the brain: MR imaging.,"A. Aisen, W. Martel, T. Gabrielsen, G. Glazer, G. Brewer, A. Young, et al.",Radiology,1985-10-01,121,General Brain-AI Structure Reviews and Methods,brain-structure,10.1148/RADIOLOGY.157.1.4034959,70b0b0a68e52e72d692c977571e7ad1812f4d533,https://doi.org/10.1148/RADIOLOGY.157.1.4034959,JournalArticle,unknown,4,brain; brain/neural structure in title,
1985,An empirical assessment of stereological formulae applied to the counting of synaptic disks in the cerebral cortex,"M. Colonnier, C. Beaulieu",The Journal of comparative neurology,1985-01-08,120,"Cellular, Synaptic, and Neuromorphic Foundations",brain-structure,10.1002/cne.902310205,6c8375007e0b4af73c641b7e978f060dc812f839,https://doi.org/10.1002/cne.902310205,JournalArticle; Study,unknown,17,cerebral; cortex; neuromorphic; brain/neural structure in title; explicit brain-structure/AI bridge,
1985,Binding of [3H]SCH23390 in Rat Brain: Regional Distribution and Effects of Assay Conditions and GTP Suggest Interactions at a D1-Like Dopamine Receptor,"D. Schulz, Edward J. Stanford, Stephen W. Wyrick, R. Mailman",Journal of Neurochemistry,1985-11-01,120,General Brain-AI Structure Reviews and Methods,brain-structure,10.1111/j.1471-4159.1985.tb07233.x,5215af4d8825c6dceb3daaadec638860a2a24640,https://doi.org/10.1111/j.1471-4159.1985.tb07233.x,JournalArticle; Study,unknown,4,brain; brain/neural structure in title,
1985,Chapter 7 Neuron - Glia interaction in the brain and retina,"H. Ripps, P. Witkovsky",Unknown venue,1985,120,"Cellular, Synaptic, and Neuromorphic Foundations",brain-structure,10.1016/0278-4327(85)90009-4,8eaebb4c7c8bad3dcc81b53b949e4b256dc7ebb3,https://doi.org/10.1016/0278-4327(85)90009-4,paper,unknown,17,brain; neuron; neuromorphic; brain/neural structure in title; explicit brain-structure/AI bridge,
1985,Differentiated cardiovascular afferent regulation of locus coeruleus neurons and sympathetic nerves.,"M. Elam, T. Svensson, P. Thoren",Brain Research,1985-12-09,120,"Cellular, Synaptic, and Neuromorphic Foundations",brain-structure,10.1016/0006-8993(85)90950-3,7c3ac87e0e4f4868fb785b3f19330f5d37a8584f,https://doi.org/10.1016/0006-8993(85)90950-3,JournalArticle,unknown,13,neuron; neuromorphic; explicit brain-structure/AI bridge,
1985,Dopaminergic Systems in the Brain and Pituitary,"K. Fuxe, L. Agnati, M. Kalia, M. Goldstein, K. Andersson, A. Härfstrand",Unknown venue,1985,120,General Brain-AI Structure Reviews and Methods,brain-structure,10.1007/978-3-642-69948-1_2,f109a7c097ea634062c2f66966ca9bbfd27f4c38,https://doi.org/10.1007/978-3-642-69948-1_2,paper,unknown,4,brain; brain/neural structure in title,
1985,MR imaging of systemic lupus erythematosus involving the brain.,"A. Aisen, T. O. Gabrielsen', W. McCune",AJR. American journal of roentgenology,1985-03-01,120,General Brain-AI Structure Reviews and Methods,brain-structure,10.2214/AJR.144.5.1027,1f1c40079afb7eb8c77a1c4ea2db12814234117d,https://doi.org/10.2214/AJR.144.5.1027,JournalArticle; Study,unknown,4,brain; brain/neural structure in title,
1985,Proton NMR and fast-atom bombardment mass spectrometry analysis of the melanoma-associated ganglioside 9-O-acetyl-GD3.,"J. Thurin, M. Herlyn, O. Hindsgaul, N. Strömberg, K. Karlsson, D. Elder, et al.",Journal of Biological Chemistry,1985-11-25,120,"Connectomics, Graph Models, and Brain Networks",brain-structure;connectome,10.1016/s0021-9258(17)38604-0,6e017599a8dea8b0168dcd84fda82b50cd2cf866,https://doi.org/10.1016/s0021-9258(17)38604-0,JournalArticle,unknown,5,brain; historical computation/learning bridge,"A glycolipid antigen, detected by a monoclonal antibody (ME 311) obtained by immunizing mice with a human metastatic melanoma cell line (WM 46), was isolated and structurally characterized."
1985,'Gating' of somatosensory evoked potentials begins before the onset of voluntary movement in man.,"A. Starr, L. Cohen",Brain Research,1985-11-25,119,"Electrophysiology, Neural Signals, and AI Decoding",brain-structure;neural-signals,10.1016/0006-8993(85)90377-4,c18ebcb4e0134846c41a889af88e6e03bae575e3,https://doi.org/10.1016/0006-8993(85)90377-4,JournalArticle,unknown,3,brain; cerebral; cortex,The inflow of somatosensory information to the cerebral cortex is modified before and during active movement in animals.
1985,A large intracellular pool of inactive Na channel alpha subunits in developing rat brain.,"John W. Schmidt, S. Rossie, W. A. Catterall",Proceedings of the National Academy of Sciences of the United States of America,1985-07-01,119,"Cellular, Synaptic, and Neuromorphic Foundations",brain-structure,10.1073/PNAS.82.14.4847,547701b096584b380cfbdde3f5f9653b125ebe24,https://doi.org/10.1073/PNAS.82.14.4847,JournalArticle,unknown,16,brain; neuromorphic; brain/neural structure in title; explicit brain-structure/AI bridge,
1985,"Benefits, Shortcomings, and Costs of EEG Monitoring","R. Green, W. J. Messick, J. Ricotta, M. Charlton, R. Satran, M. M. McBride, et al.",Annals of Surgery,1985-06-01,119,"Electrophysiology, Neural Signals, and AI Decoding",neural-signals,10.1097/00000658-198506000-00017,5ecfd5438dca97c78c86ff75a61912967eb87215,https://doi.org/10.1097/00000658-198506000-00017,JournalArticle; Review,unknown,14,eeg; neural; decoding; explicit brain-structure/AI bridge,
1985,"Binding of a new opiate antagonist, nalmefene, to rat brain membranes.","Michel Me, G. Bolger, Weissman Ba",Methods and Findings in Experimental and Clinical Pharmacology,1985-04-01,119,Clinical NeuroAI and Brain Disorders,brain-structure;clinical-neuroai,,b616337dc5afa95d2ae14b73bc9517a1de1132f0,https://www.semanticscholar.org/paper/b616337dc5afa95d2ae14b73bc9517a1de1132f0,JournalArticle,unknown,4,brain; brain/neural structure in title,
1985,"Blood-brain barrier permeability to leucine-enkephalin, D-alanine2-D-leucine5-enkephalin and their N-terminal amino acid (tyrosine).","B. Zlokovic, D. Begley, Daniel G. Chain-Eliash",Brain Research,1985-06-10,119,General Brain-AI Structure Reviews and Methods,brain-structure,10.1016/0006-8993(85)90423-8,fc02154c955eb7cab1573d1329f3b9da331f6846,https://doi.org/10.1016/0006-8993(85)90423-8,JournalArticle; Study,unknown,4,brain; brain/neural structure in title,
1985,"Convergence of visual, haltere, and prosternai inputs at neck motor neurons of Calliphora erythrocephala","N. Strausfeld, H. Seyan",Cell and Tissue Research,1985-06-01,119,"Cellular, Synaptic, and Neuromorphic Foundations",,10.1007/BF00216350,ee1cc9d8bc1ca2be09a2804bfc6ceeaa0c095710,https://doi.org/10.1007/BF00216350,paper,unknown,13,neuron; neuromorphic; explicit brain-structure/AI bridge,
1985,Development of cholinergic markers in mouse forebrain. I. Choline acetyltransferase enzyme activity and acetylcholinesterase histochemistry.,"C. Hohmann, F. Ebner",Brain Research,1985-12-01,119,General Brain-AI Structure Reviews and Methods,brain-structure,10.1016/0165-3806(85)90045-8,e190ac1944de6021b9779d408bf0677d3c1c23a1,https://doi.org/10.1016/0165-3806(85)90045-8,JournalArticle,unknown,4,brain; brain/neural structure in title,
1985,Morphine and other opiates from beef brain and adrenal.,"A. Goldstein, R. Barrett, I. James, L. I. Lowney, C. Weitz, L. L. Knipmeyer, et al.",Proceedings of the National Academy of Sciences of the United States of America,1985-08-01,119,General Brain-AI Structure Reviews and Methods,brain-structure,10.1073/PNAS.82.15.5203,95b9fedd7fbb1d4f557672c20938b99197fafd01,https://doi.org/10.1073/PNAS.82.15.5203,JournalArticle,unknown,4,brain; brain/neural structure in title,
1985,Purification of the muscarinic acetylcholine receptor from porcine brain.,"K. Haga, T. Haga",Journal of Biological Chemistry,1985-07-05,119,"Connectomics, Graph Models, and Brain Networks",brain-structure;connectome,10.1016/s0021-9258(17)39541-8,c516707bf3685571b277f18b61caf0887cec2cb2,https://doi.org/10.1016/s0021-9258(17)39541-8,JournalArticle,unknown,9,brain; cerebrum; brain/neural structure in title; historical computation/learning bridge,"The muscarinic acetylcholine receptor of porcine cerebrum has been purified to apparent homogeneity by affinity chromatography, with conjugated 3-(2'-aminobenzhydryloxy)tropane (ABT) as described previously (Haga, K., and Haga, T."
1985,The connections between the olfactory bulb and the brain in the goldfish,"R. L. Levine, S. Dethier",The Journal of comparative neurology,1985-07-22,119,General Brain-AI Structure Reviews and Methods,brain-structure,10.1002/cne.902370402,fd6429ec708f2f7444e5b7f7e7eb3a6d837b7d1e,https://doi.org/10.1002/cne.902370402,JournalArticle,unknown,4,brain; brain/neural structure in title,
1985,Effects of Indomethacin upon Cerebral Hemodynamics of Newborn Pigs,"C. Leffler, D. Busija, A. Fletcher, D. G. Beasley, J. Hessler, R. Green",Pediatric Research,1985-11-01,118,General Brain-AI Structure Reviews and Methods,brain-structure,10.1203/00006450-198511000-00009,e8ae47a6d4c2640d85b55adb61684bcbf9099af0,https://doi.org/10.1203/00006450-198511000-00009,JournalArticle,unknown,2,brain; cerebral,
1985,Electrophysiological properties of single units in dopamine-rich mesencephalic transplants in rat brain.,"G. Arbuthnott, S. Dunnett, N. Macleod",Neuroscience Letters,1985-06-12,118,General Brain-AI Structure Reviews and Methods,brain-structure,10.1016/0304-3940(85)90064-3,6021071edc959cd05caa0ce4182b305b6c94c128,https://doi.org/10.1016/0304-3940(85)90064-3,JournalArticle,unknown,4,brain; brain/neural structure in title,
1985,Immunocytochemical studies on the localization of glucocorticoid receptor immunoreactive nerve cells in the lower brain stem and spinal cord of the male rat using a monoclonal antibody against rat liver glucocorticoid receptor.,"K. Fuxe, A. Härfstrand, L. Agnati, Zhao-Ying Yu, A. Cintra, A. Wikström, et al.",Neuroscience Letters,1985-09-16,118,"Cellular, Synaptic, and Neuromorphic Foundations",brain-structure,10.1016/0304-3940(85)90372-6,45027833a5c13a73588db41f39123aff33f16af7,https://doi.org/10.1016/0304-3940(85)90372-6,JournalArticle,unknown,16,brain; neuromorphic; brain/neural structure in title; explicit brain-structure/AI bridge,
1985,Afferent influences on brain stem auditory nuclei of the chicken: Cessation of amino acid incorporation as an antecedent to age-dependent transneuronal degeneration,"O. Steward, E. Rubel",The Journal of comparative neurology,1985-01-15,117,"Cellular, Synaptic, and Neuromorphic Foundations",brain-structure,10.1002/CNE.902310308,068d656d7e005d76a52123149d623afc6051493f,https://doi.org/10.1002/CNE.902310308,JournalArticle,unknown,17,brain; neuron; neuromorphic; brain/neural structure in title; explicit brain-structure/AI bridge,
1985,Age-related dendritic growth in dentate gyrus of human brain is followed by regression in the 'oldest old'.,"D. Flood, S. J. Buell, Charles H. Defiore, Gary J. Horwitz, P. Coleman",Brain Research,1985-10-21,117,General Brain-AI Structure Reviews and Methods,brain-structure;machine-learning,10.1016/0006-8993(85)91018-2,01349bb5940819b803f7044254dc871400078532,https://doi.org/10.1016/0006-8993(85)91018-2,JournalArticle; Study,unknown,4,brain; brain/neural structure in title,
1985,Autoradiographic localization of [3H]nicotine binding sites in the rat brain.,"E. London, S. B. Waller, J. Wamsley",Neuroscience Letters,1985-01-21,117,"Connectomics, Graph Models, and Brain Networks",brain-structure;connectome,10.1016/0304-3940(85)90182-X,541ec67233dd4181816205e693fa83a712d9b347,https://doi.org/10.1016/0304-3940(85)90182-X,JournalArticle,unknown,8,brain; brain/neural structure in title; historical computation/learning bridge,
1985,"Dopamine, Serotonin, and Acid Metabolites in Brain Regions from the Developing Offspring of Ethanol-Treated Rats","W. Rathbun, M. Druse",Journal of Neurochemistry,1985-01-01,117,General Brain-AI Structure Reviews and Methods,brain-structure,10.1111/J.1471-4159.1985.TB07112.X,51c7bdfc57d1868324a058606de60f4d6a479c9a,https://doi.org/10.1111/J.1471-4159.1985.TB07112.X,JournalArticle,unknown,4,brain; brain/neural structure in title,
1985,Lesions of the glutamatergic cortico-striatal projections in the rat ameliorate hypoglycemic brain damage in the striatum.,"T. Wieloch, B. Engelsen, E. Westerberg, R. Auer",Neuroscience Letters,1985-07-04,117,General Brain-AI Structure Reviews and Methods,brain-structure,10.1016/0304-3940(85)90323-4,c8e8983551b8e6e8de47878df34e96214837cd99,https://doi.org/10.1016/0304-3940(85)90323-4,JournalArticle,unknown,4,brain; brain/neural structure in title,
1985,"On the blood-brain barrier to peptides: accumulation of labelled vasopressin, DesGlyNH2-vasopressin and oxytocin by brain regions.","A. Ermisch, T. Barth, H. Rühle, J. Škopková, P. Hrbas, R. Landgraf",Endocrinologia experimentalis,1985-03-01,117,General Brain-AI Structure Reviews and Methods,brain-structure,,d7e2369c24b12eaa7f2cc4f4cb90c259524cfbbe,https://www.semanticscholar.org/paper/d7e2369c24b12eaa7f2cc4f4cb90c259524cfbbe,JournalArticle,unknown,4,brain; brain/neural structure in title,
1985,Phorbol ester and calcium act synergistically to enhance neurotransmitter release by brain neurons in culture,"N. Zurgil, N. Zisapel",FEBS Letters,1985-06-17,117,"Cellular, Synaptic, and Neuromorphic Foundations",brain-structure,10.1016/0014-5793(85)80918-2,b294e55235ca5d2613cd18c59719f8138c4b1f7e,https://doi.org/10.1016/0014-5793(85)80918-2,JournalArticle,unknown,17,brain; neuron; neuromorphic; brain/neural structure in title; explicit brain-structure/AI bridge,
1985,Purification of the calmodulin-sensitive adenylate cyclase from bovine cerebral cortex.,"R. E. Yeager, Warren Heideman, Gary B. Rosenberg, Daniel R. Storm",Biochemistry,1985-07-02,117,General Brain-AI Structure Reviews and Methods,brain-structure,10.1021/BI00335A054,c887ba62ea854f609bfb67f0f69b9575bd69eff8,https://doi.org/10.1021/BI00335A054,JournalArticle,unknown,6,brain; cerebral; cortex; brain/neural structure in title,
1985,Topographic localization of calcitonin gene-related peptide in the rat brain: an immunohistochemical analysis.,"Y. Kawai, K. Takami, Yasuhide Lee, Sadao Shiosaka, P. Emson, C. Hillyard, et al.",Neuroscience,1985-07-01,117,"Connectomics, Graph Models, and Brain Networks",brain-structure;connectome,10.1016/S0921-8696(85)80163-8,8f74b9d336bb326eb31f71211eb847fabbe1bba5,https://doi.org/10.1016/S0921-8696(85)80163-8,JournalArticle,unknown,8,brain; brain/neural structure in title; historical computation/learning bridge,
1985,An intact hydrophobic N-terminal sequence is critical for binding of rat brain hexokinase to mitochondria.,"Paul Polakis, John E. Wilson",Archives of Biochemistry and Biophysics,1985,116,General Brain-AI Structure Reviews and Methods,brain-structure,10.1016/0003-9861(85)90633-2,daa4f9c833174db7a59c88d694bcd31cee0ab146,https://doi.org/10.1016/0003-9861(85)90633-2,JournalArticle,unknown,4,brain; brain/neural structure in title,
1985,Antibody against nerve growth factor-inducible large external (NILE) glycoprotein labels nerve fiber tracts in the developing rat nervous system,"W. Stallcup, L. Beasley, J. Levine",Journal of Neuroscience,1985-04-01,116,"Cellular, Synaptic, and Neuromorphic Foundations",brain-structure;neural-signals,10.1523/JNEUROSCI.05-04-01090.1985,38e22e475084a3620d2099c1adc46e80b0d86819,https://doi.org/10.1523/JNEUROSCI.05-04-01090.1985,JournalArticle,unknown,17,brain; cortex; cerebellum; ecog; neuron; neuromorphic; explicit brain-structure/AI bridge,"The NILE (nerve growth factor-inducible large external) glycoprotein is a 230,000-dalton molecule found on the surface of PC12 cells."
1985,Blood-brain barrier: endogenous modulation by adrenal-cortical function.,"J. Long, J. Holaday",Science,1985-03-29,116,General Brain-AI Structure Reviews and Methods,brain-structure,10.1126/SCIENCE.3975627,0bf29884ef04f8c4c3432e190294121575b3c074,https://doi.org/10.1126/SCIENCE.3975627,JournalArticle,unknown,5,brain; cortical; brain/neural structure in title,
1985,Brain And Psyche: The Biology Of The Unconscious,J. Winson,Unknown venue,1985-11-12,116,General Brain-AI Structure Reviews and Methods,brain-structure,,63ce00bb4b0f7be030dcadd7fff6ca90afb43187,https://www.semanticscholar.org/paper/63ce00bb4b0f7be030dcadd7fff6ca90afb43187,paper,unknown,4,brain; brain/neural structure in title,
1985,Golgi and Nissl studies of the visual cortex of the bottlenose dolphin,"L. Garey, E. Winkelmann, K. Brauer",The Journal of comparative neurology,1985-10-15,116,"Cognitive Architectures, Learning, and Systems Neuroscience",brain-structure,10.1002/cne.902400307,03385052b0620f77269abb6bcd2bb7aee3acf576,https://doi.org/10.1002/cne.902400307,JournalArticle,unknown,16,cortex; cognitive architecture; brain/neural structure in title; explicit brain-structure/AI bridge,
1985,Hydrogen ion buffering during complete brain ischemia.,"R. P. Kraig, W. Pulsinelli, F. Plum",Brain Research,1985-09-09,116,General Brain-AI Structure Reviews and Methods,brain-structure,10.1016/0006-8993(85)91127-8,c277c333b6f0e931f39a0c99ef50d1819717a207,https://doi.org/10.1016/0006-8993(85)91127-8,JournalArticle,unknown,4,brain; brain/neural structure in title,
1985,Initial appearance and regional distribution of the neuron-glia cell adhesion molecule in the chick embryo,"J. Thiery, A. Delouvée, M. Grumet, G. Edelman",Journal of Cell Biology,1985-02-01,116,"Cellular, Synaptic, and Neuromorphic Foundations",brain-structure;connectome,10.1083/jcb.100.2.442,e60b73b887a2b808041d66d28abd0cdbba25c672,https://doi.org/10.1083/jcb.100.2.442,JournalArticle; Review,unknown,3,brain; neuron; neural,This study represents a global survey of the times of the first appearance of the neuron-glia cell adhesion molecule (Ng-CAM) in various regions and on particular cells of the chick embryonic nervous system.
1985,Localization and characterization of brain somatostatin receptors as studied with somatostatin-14 and somatostatin-28 receptor radioautography.,"P. Leroux, R. Quirion, Georges Pelletier",Brain Research,1985-11-11,116,"Connectomics, Graph Models, and Brain Networks",brain-structure;connectome,10.1016/0006-8993(85)90890-X,17c352edfad54db5a39cd4fb23bc2d2092a491f8,https://doi.org/10.1016/0006-8993(85)90890-X,JournalArticle,unknown,8,brain; brain/neural structure in title; historical computation/learning bridge,
1985,The laminar distribution of cortical connections with the tecto- and cortico-recipient zones in the cat's lateral posterior nucleus.,"B. P. Abramson, L. Chalupa",Neuroscience,1985-05-01,116,General Brain-AI Structure Reviews and Methods,brain-structure,10.1016/0306-4522(85)90125-3,80926da4d39506c55424f16a094193bf7a76860e,https://doi.org/10.1016/0306-4522(85)90125-3,JournalArticle,unknown,2,brain; cortical,
1985,β-Adrenoceptor blocking agents recognize a subpopulation of serotonin receptors in brain,"Á. Pazos, G. Engel, J. Palacios",Unknown venue,1985-09-23,116,"Electrophysiology, Neural Signals, and AI Decoding",brain-structure;neural-signals,10.1016/0006-8993(85)90766-8,63090f2379204ea64d3030d44d0d61a2ad73f82f,https://doi.org/10.1016/0006-8993(85)90766-8,paper,unknown,18,brain; ecog; neural; decoding; brain/neural structure in title; explicit brain-structure/AI bridge,
1985,1H NMR detection of cerebral myo-inositol,"S. Cerdán, R. Parrilla, J. Santoro, M. Rico",FEBS Letters,1985-07-22,115,General Brain-AI Structure Reviews and Methods,brain-structure,10.1016/0014-5793(85)81235-7,7e67c77dce5d0e6943d1762989078e7f484715b6,https://doi.org/10.1016/0014-5793(85)81235-7,JournalArticle,unknown,2,brain; cerebral,
1985,Are Neurons of the Human Cerebral Cortex Really Lost During Aging? A Morphometric Examination,H. Haug,Unknown venue,1985,115,"Cellular, Synaptic, and Neuromorphic Foundations",brain-structure,10.1007/978-3-642-70644-8_12,41547e96097678f0fd2e3b850bc36dd1e0b67e30,https://doi.org/10.1007/978-3-642-70644-8_12,paper,unknown,18,cerebral; cortex; neuron; neuromorphic; brain/neural structure in title; explicit brain-structure/AI bridge,
1985,Brain potentials during sentence verification: automatic aspects of comprehension.,"I. Fischler, D. Childers, T. Achariyapaopan, N. W. Perry",Biological Psychology,1985-09-01,115,General Brain-AI Structure Reviews and Methods,brain-structure,10.1016/0301-0511(85)90008-0,551c170dc2659c8554d636272b456e0e495bec79,https://doi.org/10.1016/0301-0511(85)90008-0,JournalArticle,unknown,4,brain; brain/neural structure in title,
1985,Differences in the developmental patterns of three microtubule- associated proteins in the rat cerebellum,"R. Bernhardt, Gerda Huber, Andrew Matus, Antibodies",Journal of Neuroscience,1985-04-01,115,"Cellular, Synaptic, and Neuromorphic Foundations",brain-structure,10.1523/JNEUROSCI.05-04-00977.1985,53d0a6bc9099778c7138551ae30477a6b3d62d2c,https://doi.org/10.1523/JNEUROSCI.05-04-00977.1985,JournalArticle,unknown,15,brain; cerebellum; neuron; neuromorphic; explicit brain-structure/AI bridge,"The developmental distribution patterns of microtubule-associated proteins (MAPs) 1, 2, and 3 were studied using three monoclonal antibodies."
1985,"Late-Onset Epilepsy: Etiologies, Types of Seizure, and Value of Clinical Investigation, EEG, and Computerized Tomography Scan","A. M. Dam, A. Fuglsang-Frederiksen, Ulla Svarre-Olsen, M. Dam",Epilepsia,1985-06-01,115,Clinical NeuroAI and Brain Disorders,connectome;neural-signals;clinical-neuroai,10.1111/j.1528-1157.1985.tb05410.x,d6b3d5aa08c8c557668046a65cef1574265cf158,https://doi.org/10.1111/j.1528-1157.1985.tb05410.x,JournalArticle; Study,unknown,2,brain; eeg,
1985,Localization of glutaminase-like and aspartate aminotransferase-like immunoreactivity in neurons of cerebral neocortex,"J. Donoghue, R. Wenthold, R. Altschuler",Journal of Neuroscience,1985-10-01,115,"Cellular, Synaptic, and Neuromorphic Foundations",brain-structure,10.1523/JNEUROSCI.05-10-02597.1985,ceec68beb277d715f72e498f495fa8a2568f15a2,https://doi.org/10.1523/JNEUROSCI.05-10-02597.1985,JournalArticle,unknown,19,cerebral; cortex; cortical; neuron; neuromorphic; brain/neural structure in title; explicit brain-structure/AI bridge,The distribution of glutaminase (GLNase)- and aspartate aminotransferase (AATase)-immunoreactive cells was examined in the cerebral neocortex of rat and guinea pig and in the somatic sensorimotor and primary visual cortex of the Macaca fascicularis monkey.
1985,Ontogenetic development of glutamate and GABA metabolizing enzymes in cultured cerebral cortex interneurons and in cerebral cortex in vivo,"O. M. Larsson, J. Drejer, Elling Kvamme, G. Svenneby, Leif Hertz, A. Schousboe",International Journal of Developmental Neuroscience,1985,115,"Cellular, Synaptic, and Neuromorphic Foundations",brain-structure,10.1016/0736-5748(85)90008-5,4096434a25f6fa6cf2676c4b8e63b6a564548640,https://doi.org/10.1016/0736-5748(85)90008-5,JournalArticle,unknown,18,cerebral; cortex; neuron; neuromorphic; brain/neural structure in title; explicit brain-structure/AI bridge,
1985,Regulation of cytosolic calcium concentration in presynaptic nerve endings isolated from rat brain.,D. Nachshen,Journal of Physiology,1985-06-01,115,"Cellular, Synaptic, and Neuromorphic Foundations",brain-structure,10.1113/jphysiol.1985.sp015697,493095810a5d134d45c3a105a526ed4437e22290,https://doi.org/10.1113/jphysiol.1985.sp015697,JournalArticle,unknown,16,brain; neuromorphic; brain/neural structure in title; explicit brain-structure/AI bridge,
1985,Restricted Transport of Vitamin D and A Derivatives Through the Rat Blood-Brain Barrier,"W. Pardridge, Roland Sakiyama, W. Coty",Journal of Neurochemistry,1985-04-01,115,General Brain-AI Structure Reviews and Methods,brain-structure,10.1111/j.1471-4159.1985.tb08735.x,e3c43c6fc2cfa9e17798d97198b7cb7092e87913,https://doi.org/10.1111/j.1471-4159.1985.tb08735.x,JournalArticle,unknown,4,brain; brain/neural structure in title,
1985,Androgen and estrogen receptors in fetal rhesus monkey brain and anterior pituitary.,"S. M. Pomerantz, T. O. Fox, S. Sholl, C. C. Vito, R. W. Goy",Endocrinology,1985,114,General Brain-AI Structure Reviews and Methods,brain-structure,10.1210/ENDO-116-1-83,9e3ecb2ca81c5c44bfb7857476df8f65ddf4cf96,https://doi.org/10.1210/ENDO-116-1-83,JournalArticle; Study,unknown,4,brain; brain/neural structure in title,
1985,Characterization of the relationship between gamma-aminobutyric acid B agonists and transmitter-coupled cyclic nucleotide-generating systems in rat brain.,"E. Karbon, S. Enna",Molecular Pharmacology,1985-01-01,114,"Cognitive Architectures, Learning, and Systems Neuroscience",brain-structure;neural-signals,10.1016/s0026-895x(25)11441-7,722c3bef05e49c741b5ab270045986ee610201d7,https://doi.org/10.1016/s0026-895x(25)11441-7,JournalArticle,unknown,21,brain; cerebral; cortex; hippocampus; cerebellum; ecog; cognitive architecture; brain/neural structure in title; explicit brain-structure/AI bridge,"Baclofen and other gamma-aminobutyric acid B (GABAB) agonists potentiate the cyclic AMP response in rat brain slices that occurs during exposure to norepinephrine, isoproterenol, adenosine, vasoactive intestinal peptide, and histamine."
1985,Cisplatin in recurrent pediatric brain tumors A pog phase II study a pediatric oncology group study,"C. Sexauer, Atiya B. Khan, P. Burger, J. Krischer, J. van Eys, T. Vats, et al.",Cancer,1985-10-01,114,Clinical NeuroAI and Brain Disorders,brain-structure,10.1002/1097-0142(19851001)56:7<1497::AID-CNCR2820560703>3.0.CO;2-7,5034c8f1ae8478441bbac407c907a086150d1ba8,https://doi.org/10.1002/1097-0142(19851001)56:7<1497::AID-CNCR2820560703>3.0.CO;2-7,JournalArticle,unknown,4,brain; brain/neural structure in title,
1985,Effects of ovarian hormones on the concentrations of immunoreactive neuropeptide Y in discrete brain regions of the female rat: correlation with serum luteinizing hormone (LH) and median eminence LH-releasing hormone.,"W. R. Crowley, R. Tessel, T. O'Donohue, B. Adler, S. Kalra",Endocrinology,1985-09-01,114,General Brain-AI Structure Reviews and Methods,brain-structure,10.1210/ENDO-117-3-1151,c09d7943072b483d2f7c44ebb4724fec0301a4de,https://doi.org/10.1210/ENDO-117-3-1151,JournalArticle,unknown,4,brain; brain/neural structure in title,
1985,Evolutionary psychiatry and the triune brain,P. Maclean,Psychological Medicine,1985-05-01,114,General Brain-AI Structure Reviews and Methods,brain-structure,10.1017/S0033291700023485,e2187c20e7b45d43b8201b4b682d5808e1c1f9de,https://doi.org/10.1017/S0033291700023485,JournalArticle,unknown,4,brain; brain/neural structure in title,
1985,Inhibitory influence of GABA on central serotonergic transmission. Raphé nuclei as the neuroanatomical site of the GABAergic inhibition of cerebral serotonergic neurons.,"T. Nishikawa, B. Scatton",Brain Research,1985-04-01,114,"Cellular, Synaptic, and Neuromorphic Foundations",brain-structure,10.1016/0006-8993(85)90718-8,8f22f12f7a863a3473b5a5558b59982167d75dae,https://doi.org/10.1016/0006-8993(85)90718-8,JournalArticle,unknown,14,cerebral; neuron; neuromorphic; explicit brain-structure/AI bridge,
1985,Nerve terminal damage in cerebral ischemia: protective effect of alpha-methyl-para-tyrosine.,"J. Weinberger, J. Nieves-Rosa, G. Cohen",Stroke,1985-09-01,114,Clinical NeuroAI and Brain Disorders,brain-structure;clinical-neuroai,10.1161/01.STR.16.5.864,f7171731d22c5ab4530668eade1196cf3feb3802,https://doi.org/10.1161/01.STR.16.5.864,JournalArticle,unknown,2,brain; cerebral,
1985,Postoperative contrast enhancement in patients with brain tumor,"J. Gregory Caincross, J. H. Pexman, M. Rathbone, Ronaldo F. DelMaestro",Annals of Neurology,1985-06-01,114,Clinical NeuroAI and Brain Disorders,brain-structure;clinical-neuroai,10.1002/ana.410170607,67fe209f1ab3425ad1fc54118ef4f81dd80cf506,https://doi.org/10.1002/ana.410170607,JournalArticle,unknown,4,brain; brain/neural structure in title,
1985,Rat Brain Mast Cells: Contribution to Brain Histamine Levels,"R. C. Goldschmidt, L. Hough, S. D. Glick",Journal of Neurochemistry,1985-06-01,114,"Cellular, Synaptic, and Neuromorphic Foundations",brain-structure,10.1111/j.1471-4159.1985.tb07191.x,b7f7fac6e17c9ccb12b666b1393672cdbeb931c2,https://doi.org/10.1111/j.1471-4159.1985.tb07191.x,JournalArticle,unknown,16,brain; neuromorphic; brain/neural structure in title; explicit brain-structure/AI bridge,
1985,"Second cancer following cutaneous melanoma and cancers of the brain, thyroid, connective tissue, bone, and eye in Connecticut, 1935-82.","M. Tucker, J. Boice, D. A. Hoffman",National Cancer Institute monograph,1985,114,"Connectomics, Graph Models, and Brain Networks",brain-structure;connectome,,ce0192b7a6c4aee9ae5966591f7f0fb60cd4e5a7,https://www.semanticscholar.org/paper/ce0192b7a6c4aee9ae5966591f7f0fb60cd4e5a7,JournalArticle,unknown,8,brain; brain/neural structure in title; historical computation/learning bridge,
1985,Blood-Brain Barrier Transport of Valproic Acid,"E. Cornford, C. Diep, W. Pardridge",Journal of Neurochemistry,1985-05-01,113,General Brain-AI Structure Reviews and Methods,brain-structure,10.1111/j.1471-4159.1985.tb08793.x,0c3c26fd1ebbf152a2acefdecffea28f42643c3d,https://doi.org/10.1111/j.1471-4159.1985.tb08793.x,JournalArticle,unknown,4,brain; brain/neural structure in title,
1985,"Cerebral Blood Flow and Metabolism in Normal Human Aging, Pathological Aging, and Senile Dementia:",Dastur Dk,Unknown venue,1985-03-01,113,Clinical NeuroAI and Brain Disorders,brain-structure;clinical-neuroai,10.1038/JCBFM.1985.1,7d2f0b63b2a4bb14b88f6592cdff0580b4f49250,https://doi.org/10.1038/JCBFM.1985.1,Review,unknown,2,brain; cerebral,
1985,Comparison of prostanoid forming capacity of neuronal and astroglial cells in primary cultures.,"M. Keller, R. Jackisch, A. Seregi, G. Hertting",Neurochemistry International,1985,113,"Cellular, Synaptic, and Neuromorphic Foundations",,10.1016/0197-0186(85)90063-4,1e0b83a150ed5eefb81e6e87e9ddb6f3952a1989,https://doi.org/10.1016/0197-0186(85)90063-4,JournalArticle,unknown,13,neuron; neuromorphic; explicit brain-structure/AI bridge,
1985,Memory systems of the brain : animal and human cognitive processes,"N. Weinberger, J. McGaugh, G. Lynch",Unknown venue,1985,113,"Cognitive Architectures, Learning, and Systems Neuroscience",brain-structure,,fee29f8ef294d06f9adff8c523dbf5ce922a2636,https://www.semanticscholar.org/paper/fee29f8ef294d06f9adff8c523dbf5ce922a2636,paper,unknown,16,brain; cognitive architecture; brain/neural structure in title; explicit brain-structure/AI bridge,
1985,Rapid Sequestration and Degradation of Somatostatin Analogues by Isolated Brain Microvessels,"W. Pardridge, J. Eisenberg, Tadataka Yamada",Journal of Neurochemistry,1985-04-01,113,General Brain-AI Structure Reviews and Methods,brain-structure,10.1111/j.1471-4159.1985.tb08741.x,d5ada70689cad0ae39f7a66cf588de394428bd99,https://doi.org/10.1111/j.1471-4159.1985.tb08741.x,JournalArticle,unknown,4,brain; brain/neural structure in title,
1985,Characterization of a variant virus selected in rat brains after infection by coronavirus mouse hepatitis virus JHM,"F. Taguchi, S. Siddell, H. Wege, V. Meulen",Journal of Virology,1985-05-01,112,General Brain-AI Structure Reviews and Methods,brain-structure,10.1128/jvi.54.2.429-435.1985,547b6656ca3a76739d3b5cb6b70f6bf760dea9b7,https://doi.org/10.1128/jvi.54.2.429-435.1985,JournalArticle,unknown,4,brain; brain/neural structure in title,
1985,Dihydropyridine calcium channel activators and antagonists influence depolarization-evoked inositol phospholipid hydrolysis in brain.,"D. Kendall, S. Nahorski",European Journal of Pharmacology,1985-09-10,112,General Brain-AI Structure Reviews and Methods,brain-structure,10.1016/0014-2999(85)90580-1,38ac9813143a6f92ff4f41749e7728395b335913,https://doi.org/10.1016/0014-2999(85)90580-1,JournalArticle,unknown,4,brain; brain/neural structure in title,
1985,Down-regulation of neural corticosterone receptors by corticosterone and dexamethasone.,"R. Sapolsky, B. McEwen",Brain Research,1985-07-22,112,General Brain-AI Structure Reviews and Methods,brain-structure,10.1016/0006-8993(85)90638-9,ad96eb4739df6ae296f999aab08f2d123cecc914,https://doi.org/10.1016/0006-8993(85)90638-9,JournalArticle; Study,unknown,5,brain; neural; brain/neural structure in title,
1985,In Vivo Brain Dialysis of Amino Acids and Simultaneous EEG Measurements Following Intrahippocampal Quinolinic Acid Injection: Evidence for a Dissociation Between Neurochemical Changes and Seizures,"A. Vezzani, U. Ungerstedt, E. French, R. Schwarcz",Journal of Neurochemistry,1985-08-01,112,"Electrophysiology, Neural Signals, and AI Decoding",brain-structure;neural-signals,10.1111/j.1471-4159.1985.tb03993.x,a97a0a372efae0f8235238c5f95b41af17170eca,https://doi.org/10.1111/j.1471-4159.1985.tb03993.x,JournalArticle,unknown,18,brain; eeg; neural; decoding; brain/neural structure in title; explicit brain-structure/AI bridge,
1985,"Macroglial cell development in embryonic rat brain: studies using monoclonal antibodies, fluorescence activated cell sorting, and cell culture.","B. Williams, E. Abney, M. Raff",Developmental Biology,1985-11-01,112,"Cellular, Synaptic, and Neuromorphic Foundations",brain-structure,10.1016/0012-1606(85)90126-5,dee0ea8efc0d58586281c17ac4db350898de957c,https://doi.org/10.1016/0012-1606(85)90126-5,JournalArticle,unknown,16,brain; neuromorphic; brain/neural structure in title; explicit brain-structure/AI bridge,
1985,Regional brain metabolite levels following mild experimental head injury in the cat.,"M. Yang, D. Dewitt, D. Becker, R. Hayes",Journal of Neurosurgery,1985-10-01,112,General Brain-AI Structure Reviews and Methods,brain-structure,10.3171/JNS.1985.63.4.0617,89bd9d635d39b89e481932ed42f3033d274fa032,https://doi.org/10.3171/JNS.1985.63.4.0617,JournalArticle,unknown,4,brain; brain/neural structure in title,
1985,"Vasoactive Intestinal Polypeptide Receptors Linked to an Adenylate Cyclase, and Their Relationship with Biogenic Amine- and Somatostatin-Sensitive Adenylate Cyclases on Central Neuronal and Glial Cells in Primary Cultures","Hervé Chneiweiss, J. Glowinski, J. Prémont",Journal of Neurochemistry,1985-03-01,112,"Cellular, Synaptic, and Neuromorphic Foundations",,10.1111/j.1471-4159.1985.tb12883.x,8dd3f656b872a8f0a0dd565aaa80c8a173c94d28,https://doi.org/10.1111/j.1471-4159.1985.tb12883.x,JournalArticle,unknown,13,neuron; neuromorphic; explicit brain-structure/AI bridge,
1985,A rat brain isozyme of angiotensin-converting enzyme. Unique specificity for amidated peptide substrates.,"Stephen M. Strittmatter, E. A. Thiele, M. Kapiloff, Solomon H. Snyder",Journal of Biological Chemistry,1985-08-15,111,"Connectomics, Graph Models, and Brain Networks",brain-structure;connectome,10.1016/s0021-9258(17)39310-9,d2f3050403da685bf559f21eb6566e614c46a44f,https://doi.org/10.1016/s0021-9258(17)39310-9,JournalArticle,unknown,8,brain; brain/neural structure in title; historical computation/learning bridge,"We have purified angiotensin-converting enzyme (ACE, EC 3.4.15.1) from rat brain corpus striatum and rat lung."
1985,Conservative features of neocortical evolution in dolphin brain.,"P. Morgane, M. S. Jacobs, A. Galaburda","Brain, Behavior and Evolution",1985,111,"Cognitive Architectures, Learning, and Systems Neuroscience",brain-structure,10.1159/000118774,20d912ec274fa4e032b95710697831fc69fb1b48,https://doi.org/10.1159/000118774,Review; JournalArticle,unknown,17,brain; cortical; cognitive architecture; brain/neural structure in title; explicit brain-structure/AI bridge,
1985,Contrast-enhanced MR imaging of malignant brain tumors.,"M. Graif, G. Bydder, R. Steiner, P. Niendorf, D. Thomas, I. Young",AJNR. American journal of neuroradiology,1985-11-01,111,Clinical NeuroAI and Brain Disorders,brain-structure,,38cd5f74f0d721becf0cc7a58a4d6c2f12f58ac8,https://www.semanticscholar.org/paper/38cd5f74f0d721becf0cc7a58a4d6c2f12f58ac8,JournalArticle; Study,unknown,4,brain; brain/neural structure in title,
1985,Differences in regional brain concentrations of neuropeptide Y in spontaneously hypertensive (SH) and Wistar-Kyoto (WKY) rats.,"C. Maccarrone, Bevyn Jarrott",Brain Research,1985-10-14,111,General Brain-AI Structure Reviews and Methods,brain-structure,10.1016/0006-8993(85)90848-0,400741dec3d1576cb95235736e724401b239cbc5,https://doi.org/10.1016/0006-8993(85)90848-0,JournalArticle; Study,unknown,4,brain; brain/neural structure in title,
1985,Fucose-containing glycolipids are stage- and region-specific antigens in developing embryonic brain of rodents.,"M. Yamamoto, A. Boyer, G. Schwarting",Proceedings of the National Academy of Sciences of the United States of America,1985-05-01,111,General Brain-AI Structure Reviews and Methods,brain-structure,10.1073/PNAS.82.9.3045,3c853208b99653d2e8264778450c2c82cf66671d,https://doi.org/10.1073/PNAS.82.9.3045,JournalArticle,unknown,4,brain; brain/neural structure in title,
1985,Functional capacity of solid tissue transplants in the brain: evidence for immunological privilege,"J. Head, Sue T. Griffin",Proceedings of the Royal Society of London. Series B. Biological Sciences,1985-05-22,111,General Brain-AI Structure Reviews and Methods,brain-structure,10.1098/rspb.1985.0039,3e4b11f4e77295a4c39151d165336ea5eb5c0e67,https://doi.org/10.1098/rspb.1985.0039,JournalArticle,unknown,4,brain; brain/neural structure in title,
1985,Ischaemic brain damage: the role of excitatory activity and of calcium entry.,"B. Meldrum, M. Evans, T. Griffiths, R. Simon",British Journal of Anaesthesia,1985,111,General Brain-AI Structure Reviews and Methods,brain-structure,10.1093/BJA/57.1.44,292e40cd7e6e8c17ca22c84953a6aa2cb20ef7bc,https://doi.org/10.1093/BJA/57.1.44,JournalArticle,unknown,4,brain; brain/neural structure in title,
1985,Plasticity in the 904-day-old male rat cerebral cortex.,"M. Diamond, R. Johnson, A. Protti, C. Ott, L. Kajisa",Experimental Neurology,1985-02-01,111,"Cellular, Synaptic, and Neuromorphic Foundations",brain-structure,10.1016/0014-4886(85)90221-3,0e8ce7a82bc0443a3d70861092c3406cec2c116f,https://doi.org/10.1016/0014-4886(85)90221-3,JournalArticle,unknown,17,cerebral; cortex; neuromorphic; brain/neural structure in title; explicit brain-structure/AI bridge,
1985,The basis of intra-blood-brain-barrier IgG synthesis,"W. Tourtellotte, S. Staugaitis, M. J. Walsh, P. Shapshak, R. Baumhefner, A. Potvin, et al.",Annals of Neurology,1985-01-01,111,General Brain-AI Structure Reviews and Methods,brain-structure,10.1002/ana.410170107,905e79eb6e1f5fa9f7521d3143868a2faae472c7,https://doi.org/10.1002/ana.410170107,JournalArticle; Study,unknown,4,brain; brain/neural structure in title,
1985,"Tubulin, hybrid dimers, and tubulin S. Stepwise charge reduction and polymerization.","B. Bhattacharyya, D. Sackett, J. Wolff",Journal of Biological Chemistry,1985-08-25,111,General Brain-AI Structure Reviews and Methods,brain-structure;neuroimaging,10.1016/s0021-9258(17)39233-5,fbf52853ebc7db92f1cc61f1273ade04d66c5b14,https://doi.org/10.1016/s0021-9258(17)39233-5,JournalArticle,unknown,1,brain,Limited proteolysis of rat brain tubulin (alpha beta) by subtilisin cleaves a 1-2-kDa fragment from the carboxyl-terminal ends of both the alpha and beta subunits with a corresponding loss in negative charge of the proteins.
1985,1H homonuclear editing of rat brain using semiselective pulses.,"H. Hetherington, M. Avison, R. Shulman",Proceedings of the National Academy of Sciences of the United States of America,1985-05-01,110,General Brain-AI Structure Reviews and Methods,brain-structure,10.1073/PNAS.82.10.3115,0cf89b5ca9147078398b6b93e94b6fdad4ef17b8,https://doi.org/10.1073/PNAS.82.10.3115,JournalArticle,unknown,4,brain; brain/neural structure in title,
1985,Identification of aminopeptidase M as an enkephalin-inactivating enzyme in rat cerebral membranes.,"C. Gros, B. Giros, J. Schwartz",Biochemistry,1985-04-23,110,General Brain-AI Structure Reviews and Methods,brain-structure,10.1021/BI00330A011,d8275af548f893d0abb0445bdf1d6c54be607aeb,https://doi.org/10.1021/BI00330A011,JournalArticle,unknown,2,brain; cerebral,
1985,"Vasopressin- and neurophysin-immunoreactive neurons in the septal region, medial amygdala and locus coeruleus in colchicine-treated rats.",M. Sofroniew,Neuroscience,1985-06-01,110,"Cellular, Synaptic, and Neuromorphic Foundations",,10.1016/0306-4522(85)90217-9,3c66927bb7d3ae267f207ecfcdead3a61320c64f,https://doi.org/10.1016/0306-4522(85)90217-9,JournalArticle,unknown,14,amygdala; neuron; neuromorphic; explicit brain-structure/AI bridge,
1985,Neurotoxic insecticides inhibit GABA-dependent chloride uptake by mouse brain vesicles.,"J. Bloomquist, David M. Soderlund",Biochemical and Biophysical Research Communications - BBRC,1985-11-27,109,General Brain-AI Structure Reviews and Methods,brain-structure,10.1016/0006-291X(85)91838-8,2376590c6aad3c1cea3b6d2b256047c6672b2f8c,https://doi.org/10.1016/0006-291X(85)91838-8,JournalArticle,unknown,4,brain; brain/neural structure in title,
1985,Nigral inhibitory termination on efferent neurons of the superior colliculus: An intracellular horseradish peroxidase study in the cat,"A. Karabelas, A. Moschovakis",The Journal of comparative neurology,1985-09-15,109,"Cellular, Synaptic, and Neuromorphic Foundations",,10.1002/cne.902390305,5d99c986aea9f2a2a291b0feae81ef9763c4cb11,https://doi.org/10.1002/cne.902390305,JournalArticle,unknown,13,neuron; neuromorphic; explicit brain-structure/AI bridge,
1985,Sensori-motor transformations in the brain (with a critique of the tensor theory of cerebellum).,"M. Arbib, S. Amari",Journal of Theoretical Biology,1985-01-07,109,General Brain-AI Structure Reviews and Methods,brain-structure,10.1016/S0022-5193(85)80120-X,6da10cdc3d90be2c7c67d34089bd4eb150685180,https://doi.org/10.1016/S0022-5193(85)80120-X,JournalArticle; Review,unknown,5,brain; cerebellum; brain/neural structure in title,
1985,Cerebral uptake and retention of 99Tcm-hexamethylpropyleneamine oxime (99Tcm-HM-PAO),"R. A. Holmes, S. B. Chaplin, K. G. Royston, T. Hoffman, W. Volkert, D. Nowotnik, et al.",Nuclear medicine communications,1985-08-01,108,General Brain-AI Structure Reviews and Methods,brain-structure,10.1097/00006231-198508000-00003,2e1b1e78573bb4aabad4f858aa700a4bd7c4cfbd,https://doi.org/10.1097/00006231-198508000-00003,JournalArticle,unknown,2,brain; cerebral,
1985,Distribution of corticotropin releasing factor-like immunoreactivity in the rat brain by immunohistochemistry and radioimmunoassay: comparison and characterization of ovine and rat/human CRF antisera.,"G. Skofitsch, D. Jacobowitz",Peptides,1985-03-01,108,General Brain-AI Structure Reviews and Methods,brain-structure,10.1016/0196-9781(85)90058-0,69b92aa6d6b64ace9a539b51f6f9359d702794b2,https://doi.org/10.1016/0196-9781(85)90058-0,JournalArticle; Study,unknown,4,brain; brain/neural structure in title,
1985,Effects of the cannabinoids on physical properties of brain membranes and phospholipid vesicles: fluorescence studies.,"C. Hillard, R. Harris, A. Bloom",Journal of Pharmacology and Experimental Therapeutics,1985-03-01,108,"Cellular, Synaptic, and Neuromorphic Foundations",brain-structure,10.1016/s0022-3565(25)20892-8,abde3003b15369fa15f754ddd96ac676ce38d8e0,https://doi.org/10.1016/s0022-3565(25)20892-8,JournalArticle; Study,unknown,16,brain; neuromorphic; brain/neural structure in title; explicit brain-structure/AI bridge,"The effects of four cannabinoids on the physical properties of brain synaptic plasma membranes (SPM), lipid extracts of SPM and phospholipid vesicles were evaluated using fluorescence probes."
1985,Fine structure and primary sensory projections of sensilla on the maxillary palp of Drosophila melanogaster Meigen (Diptera : Drosophilidae),"R. N. Singh, Shubha V. Nayak",Unknown venue,1985,108,"Cellular, Synaptic, and Neuromorphic Foundations",brain-structure,10.1016/0020-7322(85)90044-3,e94d7ab2dc04601e582f75ab610cc51708a6ddf1,https://doi.org/10.1016/0020-7322(85)90044-3,paper,unknown,14,brain; neuron; neuromorphic; explicit brain-structure/AI bridge,"Abstract Three types of hairs were identified on the maxillary palp of Drosophila melanogaster Meigen (Diptera : Drosophilidae): (i) single-walled, multiporous sensilla basiconica, which constitute 75% of the innervated hairs; (ii) thick walled non-porous sensilla trichodea, which make up the remaining 25% of the innervated hairs; and (iii) numerous spinules, which are un-innervated."
1985,Selective labeling of 5-HT1A and 5-HT1B binding sites in bovine brain.,S. Peroutka,Brain Research,1985-09-30,108,General Brain-AI Structure Reviews and Methods,brain-structure,10.1016/0006-8993(85)91204-1,8bca5c7e033971d426d788fcae73e7f0cbb1aaa4,https://doi.org/10.1016/0006-8993(85)91204-1,JournalArticle; Study,unknown,4,brain; brain/neural structure in title,
1985,Synaptogenesis in rat cerebral cortex cultures is affected during chronic blockade of spontaneous bioelectric activity by tetrodotoxin.,"F. Huizen, H. Romijn, A. Habets",Brain Research,1985-03-01,108,General Brain-AI Structure Reviews and Methods,brain-structure,10.1016/0165-3806(85)90232-9,e010b8b7c2596a9c6e62f7460fb2e3a037ba680f,https://doi.org/10.1016/0165-3806(85)90232-9,JournalArticle,unknown,6,brain; cerebral; cortex; brain/neural structure in title,
1985,Use of brain slices in the study of the auditory system: spatial and temporal summation of synaptic inputs in cells in the anteroventral cochlear nucleus of the mouse.,D. Oertel,Journal of the Acoustical Society of America,1985-07-01,108,"Cellular, Synaptic, and Neuromorphic Foundations",brain-structure,10.1121/1.392494,fcda770e3ca29a376cb2d3282dcae5234b0b1def,https://doi.org/10.1121/1.392494,JournalArticle,unknown,16,brain; neuromorphic; brain/neural structure in title; explicit brain-structure/AI bridge,
1985,EEG monitoring and evoked potentials in brain ischaemia.,P. Prior,British Journal of Anaesthesia,1985,107,"Electrophysiology, Neural Signals, and AI Decoding",brain-structure;neural-signals,10.1093/BJA/57.1.63,c6dc3d85727b0cd8c7774cf53faf4a4af8cf7c64,https://doi.org/10.1093/BJA/57.1.63,Review; JournalArticle,unknown,18,brain; eeg; neural; decoding; brain/neural structure in title; explicit brain-structure/AI bridge,
1985,Ethanol's Effects on Cortical Adenylate Cyclase Activity,"T. Saito, John M. Lee, B. Tabakoff",Journal of Neurochemistry,1985-04-01,107,General Brain-AI Structure Reviews and Methods,brain-structure,10.1111/j.1471-4159.1985.tb08722.x,29643b4977c8bf43c7765d0f44feb26f8a400eb2,https://doi.org/10.1111/j.1471-4159.1985.tb08722.x,JournalArticle; Study,unknown,2,brain; cortical,
1985,Functional mapping of limbic seizures originating in the hippocampus: a combined 2-deoxyglucose and electrophysiologic study.,"E. Lothman, J. Hatlelid, C. Zorumski",Brain Research,1985-12-23,107,General Brain-AI Structure Reviews and Methods,brain-structure,10.1016/0006-8993(85)91224-7,2986f8ecff8503f0dcbf9f8ee9433280f210cd92,https://doi.org/10.1016/0006-8993(85)91224-7,JournalArticle,unknown,2,brain; hippocampus,
1985,"N-(2-Aminoethyl)-5-isoquinolinesulfonamide, a newly synthesized protein kinase inhibitor, functions as a ligand in affinity chromatography. Purification of Ca2+-activated, phospholipid-dependent and other protein kinases.","M. Inagaki, M. Watanabe, H. Hidaka",Journal of Biological Chemistry,1985-03-10,107,"Connectomics, Graph Models, and Brain Networks",brain-structure;connectome;neuroimaging,10.1016/s0021-9258(18)89453-4,d180b5c5d55a48ea2102aaadeaf2f2fc672629d5,https://doi.org/10.1016/s0021-9258(18)89453-4,JournalArticle,unknown,5,brain; historical computation/learning bridge,"We designed a simple procedure for the purification of Ca2+-activated, phospholipid-dependent protein kinase (protein kinase C) from rabbit brain, using affinity chromatography with a new affinity adsorbent."
1985,"Chemiluminescence in hypoxic brain--the second report: cerebral protective effect of mannitol, vitamin E and glucocorticoid.","J. Suzuki, S. Imaizumi, T. Kayama, T. Yoshimoto",Stroke,1985-07-01,106,Clinical NeuroAI and Brain Disorders,brain-structure;clinical-neuroai,10.1161/01.STR.16.4.695,fce25786fb8e1ae45d8bda935fb25ea8ab629d26,https://doi.org/10.1161/01.STR.16.4.695,JournalArticle,unknown,5,brain; cerebral; brain/neural structure in title,
1985,Ginseng Saponins: Influence on Neurotransmitter Uptake in Rat Brain Synaptosomes,"D. Tsang, H. Yeung, W. Tso, H. Peck",Planta Medica,1985-06-01,106,General Brain-AI Structure Reviews and Methods,brain-structure,10.1055/s-2007-969463,ab825e7bc6ee2bbd7132e3c3dd6db3b9173ff338,https://doi.org/10.1055/s-2007-969463,JournalArticle,unknown,4,brain; brain/neural structure in title,
1985,Long ascending projections to the midbrain from cells of lamina I and nucleus of the dorsolateral funiculus of the rat spinal cord,"J. Swett, S. McMahon, P. Wall",The Journal of comparative neurology,1985-08-22,106,"Cellular, Synaptic, and Neuromorphic Foundations",brain-structure,10.1002/cne.902380405,6ee07937c28421e5bebe87a23845ddd8b0318fc5,https://doi.org/10.1002/cne.902380405,JournalArticle,unknown,16,brain; neuromorphic; brain/neural structure in title; explicit brain-structure/AI bridge,
1985,Relative prognostic value of best motor response and brain stem reflexes in patients with severe head injury.,"J. Born, A. Albert, P. Hans, J. Bonnal",Neurosurgery,1985-05-01,106,Clinical NeuroAI and Brain Disorders,brain-structure;clinical-neuroai,10.1227/00006123-198505000-00002,db1be2464251b5b9b7f574e7f3df0a159ebe2a9f,https://doi.org/10.1227/00006123-198505000-00002,JournalArticle,unknown,4,brain; brain/neural structure in title,
1985,Detection of measles virus RNA in lymphocytes from peripheral-blood and brain perivascular infiltrates of patients with subacute sclerosing panencephalitis.,"J. Fournier, M. Tardieu, P. Lebon, O. Robain, G. Ponsot, S. Rozenblatt, et al.",New England Journal of Medicine,1985-10-10,105,Clinical NeuroAI and Brain Disorders,brain-structure;clinical-neuroai,10.1056/NEJM198510103131502,8689fdedf4b90ddc0c29cd9078996cd93c5f89a2,https://doi.org/10.1056/NEJM198510103131502,JournalArticle,unknown,4,brain; brain/neural structure in title,
1985,Estrogen effects on neuronal responsiveness to electrical and neurotransmitter stimulation: an in vitro study on the ventromedial nucleus of the hypothalamus.,"L. Kow, D. Pfaff",Brain Research,1985-11-11,105,"Cellular, Synaptic, and Neuromorphic Foundations",brain-structure,10.1016/0006-8993(85)90883-2,f3b14204e5c295ee3d5bee3c0fb6d6ec76f56ca3,https://doi.org/10.1016/0006-8993(85)90883-2,JournalArticle; Study,unknown,15,thalamus; hypothalamus; neuron; neuromorphic; explicit brain-structure/AI bridge,
1985,Hemodynamic Responses in Brain Dead Organ Donor Patients,"R. Wetzel, N. Setzer, J. Stiff, M. C. Rogers",Anesthesia and Analgesia,1985-02-01,105,Clinical NeuroAI and Brain Disorders,brain-structure;clinical-neuroai,10.1213/00000539-198502000-00005,08dc232c4639fd1495d2ead94a91a9f0c6dbfc8b,https://doi.org/10.1213/00000539-198502000-00005,JournalArticle; CaseReport,unknown,4,brain; brain/neural structure in title,
1985,Homeostatic changes during post-nap sleep maintain baseline levels of delta EEG.,"I. Feinberg, J. March, T. Floyd, R. Jimison, L. Bossom-Demitrack, P. H. Katz",Electroencephalography and Clinical Neurophysiology,1985-08-01,105,"Electrophysiology, Neural Signals, and AI Decoding",connectome;neural-signals;clinical-neuroai,10.1016/0013-4694(85)91051-X,9dc0e3e64ae2cb590b4be833cd9823701fb60753,https://doi.org/10.1016/0013-4694(85)91051-X,JournalArticle,unknown,6,brain; eeg; historical computation/learning bridge,
1985,"Intracerebroventricular administration of 5,7-dihydroxytryptamine to mice increases both head-twitch response and the number of cortical 5-HT2 receptors.","D. Heal, J. Philpot, S. Molyneux, A. Metz",Neuropharmacology,1985-12-01,105,General Brain-AI Structure Reviews and Methods,brain-structure,10.1016/0028-3908(85)90155-8,274a1aeca9fbcd205e98aca0be7f178191524fa4,https://doi.org/10.1016/0028-3908(85)90155-8,JournalArticle,unknown,2,brain; cortical,
1985,Immunohistochemical Investigation of Cerebral Ischemia in Gerbils,"T. Yoshimine, K. Morimoto, Kazumi Yamamoto, H. Homburger",Journal of Neuropathology and Experimental Neurology,1985-03-01,104,General Brain-AI Structure Reviews and Methods,brain-structure,10.1097/00005072-198503000-00009,44eb66660bf0198df752a0d23ec9c9faa1d164c8,https://doi.org/10.1097/00005072-198503000-00009,JournalArticle,unknown,2,brain; cerebral,
1985,Kinetic Constants for Blood-Brain Barrier Amino Acid Transport in Conscious Rats,"L. P. Miller, W. Pardridge, L. Braun, W. Oldendorf",Journal of Neurochemistry,1985-11-01,103,General Brain-AI Structure Reviews and Methods,brain-structure,10.1111/j.1471-4159.1985.tb07209.x,35695c2e208fae3693a9e30be47974a58315c151,https://doi.org/10.1111/j.1471-4159.1985.tb07209.x,JournalArticle,unknown,4,brain; brain/neural structure in title,
1985,Cultured neurons as model systems for biochemical and pharmacological studies on receptors for neurotransmitter amino acids.,"A. Schousboe, J. Drejer, G. Hansen, E. Meier",Developmental Neuroscience,1985,101,General Brain-AI Structure Reviews and Methods,brain-structure,10.1159/000112294,673c8fd5200c899e2d8da44a522b8b7c2c9ca9fb,https://doi.org/10.1159/000112294,Review; JournalArticle,unknown,18,brain; neuron; computational neuroscience; brain-inspired; explicit brain-structure/AI bridge,
1985,"Cholinergic- and Adrenergic-Stimulated Inositide Hydrolysis in Brain: Interaction, Regional Distribution, and Coupling Mechanisms","R. Gonzales, F. Crews",Journal of Neurochemistry,1985-10-01,100,General Brain-AI Structure Reviews and Methods,brain-structure,10.1111/j.1471-4159.1985.tb05526.x,f7e8275f6647d1d955059e7ddf03afad6aa05c6b,https://doi.org/10.1111/j.1471-4159.1985.tb05526.x,JournalArticle,unknown,4,brain; brain/neural structure in title,
1985,"On the presence in the cerebral cortex of muscarinic receptor subtypes which differ in neuronal localization, function and pharmacological properties.","M. Marchi, M. Raiteri",Journal of Pharmacology and Experimental Therapeutics,1985-10-01,100,"Cellular, Synaptic, and Neuromorphic Foundations",brain-structure,10.1016/s0022-3565(25)23866-6,9506ea54845cdaa83ebb5560c61a05f0ab054918,https://doi.org/10.1016/s0022-3565(25)23866-6,JournalArticle,unknown,18,cerebral; cortex; neuron; neuromorphic; brain/neural structure in title; explicit brain-structure/AI bridge,The existence in rat frontal cerebral cortex of subtypes of muscarinic receptors was investigated by using as a receptor-mediated functional response the release of neurotransmitters from isolated nerve endings.
1985,Subcortical degeneration in Alzheimer's disease,"T. McDuff, S. Sumi",Neurology,1985-01-01,99,Clinical NeuroAI and Brain Disorders,brain-structure;clinical-neuroai,10.1212/WNL.35.1.123,4e7c063f6adeddd5c2abd64c29c9cfc0d8af950e,https://doi.org/10.1212/WNL.35.1.123,JournalArticle; CaseReport,unknown,2,brain; cortical,
1985,Cerebral effects of isovolemic hemodilution with a hypertonic saline solution.,"M. Todd, C. Tommasino, S. Moore",Journal of Neurosurgery,1985-12-01,97,General Brain-AI Structure Reviews and Methods,brain-structure,10.3171/JNS.1985.63.6.0944,7658c25eb98570b65f002402f707710dd7e5cb77,https://doi.org/10.3171/JNS.1985.63.6.0944,JournalArticle,unknown,2,brain; cerebral,
1985,Earlier is not always better: behavioral dysfunction and abnormal cerebral morphogenesis following neonatal cortical lesions in the rat.,"B. Kolb, I. Whishaw",Behavioural Brain Research,1985-09-01,97,"Cognitive Architectures, Learning, and Systems Neuroscience",brain-structure,10.1016/0166-4328(85)90005-1,ec3374747ff5d8c758ab41bcc6558fd8c7b25334,https://doi.org/10.1016/0166-4328(85)90005-1,JournalArticle; Study,unknown,14,cerebral; cortical; cognitive architecture; explicit brain-structure/AI bridge,
1985,Topographic EEG changes with benzodiazepine administration in generalized anxiety disorder.,"M. Buchsbaum, E. Hazlett, N. Sicotte, M. Stein, Joe-Wei Wu, M. Zetin",Biological Psychiatry,1985-08-01,97,"Electrophysiology, Neural Signals, and AI Decoding",connectome;neural-signals;clinical-neuroai,10.1016/0006-3223(85)90208-2,389c8610557acc537d37fa2f2cb3ed480265aca7,https://doi.org/10.1016/0006-3223(85)90208-2,JournalArticle; ClinicalTrial,unknown,6,brain; eeg; historical computation/learning bridge,
1985,Brain and liver insulin binding is decreased in Zucker rats carrying the 'fa' gene.,"D. Figlewicz, D. Dorsa, L. Stein, D. Baskin, T. Paquette, M. Greenwood, et al.",Endocrinology,1985-10-01,96,General Brain-AI Structure Reviews and Methods,brain-structure,10.1210/ENDO-117-4-1537,4172b412ed0f3baeb795fe63570cc80eee078601,https://doi.org/10.1210/ENDO-117-4-1537,JournalArticle,unknown,4,brain; brain/neural structure in title,
1985,Degeneration of cholinergic neurons in the basal nucleus following kainic or N-methyl-D-aspartic acid application to the cerebral cortex in the rat.,"M. Sofroniew, R. Pearson",Brain Research,1985-07-22,96,"Cellular, Synaptic, and Neuromorphic Foundations",brain-structure,10.1016/0006-8993(85)90643-2,41df5f1f31bcdb24af47860d4eae7cb3a8676b9d,https://doi.org/10.1016/0006-8993(85)90643-2,JournalArticle,unknown,18,cerebral; cortex; neuron; neuromorphic; brain/neural structure in title; explicit brain-structure/AI bridge,
1985,Modulation by Monoamines of Somatostatin-Sensitive Adenylate Cyclase on Neuronal and Glial Cells from the Mouse Brain in Primary Cultures,"Hervé Chneiweiss, Jacques Glowinski, J. Prémont",Journal of Neurochemistry,1985-06-01,96,"Cellular, Synaptic, and Neuromorphic Foundations",brain-structure,10.1111/j.1471-4159.1985.tb07175.x,cfb686af6adc45e2d06caa455ee5244c20b9e732,https://doi.org/10.1111/j.1471-4159.1985.tb07175.x,JournalArticle,unknown,17,brain; neuron; neuromorphic; brain/neural structure in title; explicit brain-structure/AI bridge,
1985,Effects of ganglioside treatment in rats with a lesion of the cholinergic forebrain nuclei.,"F. Casamenti, L. Bracco, L. Bartolini, G. Pepeu",Brain Research,1985-07-08,95,General Brain-AI Structure Reviews and Methods,brain-structure,10.1016/0006-8993(85)90246-X,5c0682078cdd4b6a9018fa3a124a99bcc02b6e72,https://doi.org/10.1016/0006-8993(85)90246-X,JournalArticle,unknown,4,brain; brain/neural structure in title,
1985,The A1 adenosine receptor. Solubilization and characterization of a guanine nucleotide-sensitive form of the receptor.,G. Stiles,Journal of Biological Chemistry,1985-06-10,95,General Brain-AI Structure Reviews and Methods,brain-structure,10.1016/s0021-9258(18)88840-8,e76b9208866ae1da08641fb3302406bb50260c7f,https://doi.org/10.1016/s0021-9258(18)88840-8,JournalArticle,unknown,3,brain; cerebral; cortex,Adenosine acting through membrane-bound A1 receptors is capable of inhibiting the enzyme adenylate cyclase.
1985,Vibration and muscle contraction affect somatosensory evoked potentials,"Leo G. Cohen, A. Starr",Neurology,1985-05-01,95,"Cellular, Synaptic, and Neuromorphic Foundations",brain-structure,10.1212/WNL.35.5.691,bc416295e5db475d9547efb44c234b7855b6a8fd,https://doi.org/10.1212/WNL.35.5.691,JournalArticle,unknown,16,cerebral; cortex; thalamus; neuron; neuromorphic; explicit brain-structure/AI bridge,"We recorded potentials evoked by specific somatosensory stimuli over peripheral nerve, spinal cord, and cerebral cortex."
1985,GABAB receptor modulation of adenylate cyclase activity in rat brain slices.,Hill Dr,Unknown venue,1985,94,General Brain-AI Structure Reviews and Methods,brain-structure,,d9912a7107e08c1ed631328648a82c490425d6d2,https://www.semanticscholar.org/paper/d9912a7107e08c1ed631328648a82c490425d6d2,paper,unknown,4,brain; brain/neural structure in title,
1985,Localisation and pharmacological characterisation of D-2 dopamine receptors in rat cerebral neocortex and cerebellum using [125I]iodosulpride.,"M. Martres, N. Salès, M. Bouthenet, J. Schwartz",European Journal of Pharmacology,1985-12-03,94,General Brain-AI Structure Reviews and Methods,brain-structure,10.1016/0014-2999(85)90131-1,c22ba7d075d8cde8ccda82d9be305414a1341b2a,https://doi.org/10.1016/0014-2999(85)90131-1,JournalArticle,unknown,7,brain; cerebral; cortex; cerebellum; brain/neural structure in title,
1985,The locus coeruleus and cerebral metabolism: Recovery of function after cortical injury,"D. M. Feeney, R. Sutton, M. Boyeson, D. Hovda, W. G. Dail",Unknown venue,1985-09-01,94,General Brain-AI Structure Reviews and Methods,brain-structure,10.3758/BF03326520,c4b0f681ef1c26b47e735c31d48f91807c8a4bfd,https://doi.org/10.3758/BF03326520,paper,unknown,3,brain; cerebral; cortical,
1985,Therapeutic implications of modulation of metabolism and functional activity of cerebral cortex by chronic stimulation of cerebellum and thalamus.,"I. S. Cooper, Adrian R. M. Upton",Biological Psychiatry,1985-07-01,94,General Brain-AI Structure Reviews and Methods,brain-structure,10.1016/0006-3223(85)90164-7,575cfcc5522e9f64a21fc19ea9889b2849ca7153,https://doi.org/10.1016/0006-3223(85)90164-7,JournalArticle,unknown,8,brain; cerebral; cortex; thalamus; cerebellum; brain/neural structure in title,
1985,Autoradiographic localization of calcium channel antagonist receptors in rat brain with [3H]nitrendipine.,"R. Gould, K. Murphy, S. Snyder",Brain Research,1985-03-25,93,"Connectomics, Graph Models, and Brain Networks",brain-structure;connectome,10.1016/0006-8993(85)90680-8,9862e12051122a077a6fe26a0a7f065e3f6f547b,https://doi.org/10.1016/0006-8993(85)90680-8,JournalArticle,unknown,8,brain; brain/neural structure in title; historical computation/learning bridge,
1985,Morphological and functional types of neurons in cat ventral posterior thalamic nucleus,"C. Yen, M. Conley, E. Jones",Journal of Neuroscience,1985-05-01,92,"Cellular, Synaptic, and Neuromorphic Foundations",brain-structure,10.1523/JNEUROSCI.05-05-01316.1985,9a80d829ffb1972864c1e23313a13ce62c4717df,https://doi.org/10.1523/JNEUROSCI.05-05-01316.1985,JournalArticle,unknown,16,cerebral; cortex; cortical; neuron; neuromorphic; explicit brain-structure/AI bridge,Neurons in the thalamic ventral posterior (VB) nucleus of the cat were investigated by extracellular and intracellular recording and by anatomical methods involving either the retrograde transport of horseradish peroxidase (HRP) or the intracellular injection of HRP.
1985,Pathway to the cerebral cortex for impulses from tendon organs in the cat's hind limb.,"A. Mcintyre, U. Proske, J. Rawson",Journal of Physiology,1985-12-01,92,General Brain-AI Structure Reviews and Methods,brain-structure,10.1113/jphysiol.1985.sp015891,a50a7db91a8fa57e9795a441f70863aafe74891d,https://doi.org/10.1113/jphysiol.1985.sp015891,JournalArticle,unknown,6,brain; cerebral; cortex; brain/neural structure in title,
1985,Attenuating effect of diazepam on stress-induced increases in noradrenaline turnover in specific brain regions of rats: antagonism by Ro 15-1788.,"Y. Ida, M. Tanaka, A. Tsuda, S. Tsujimaru, N. Nagasaki",Life Science,1985-12-30,90,General Brain-AI Structure Reviews and Methods,brain-structure,10.1016/0024-3205(85)90606-X,fabf6fcc92947178219bb6887e07a75de705fec6,https://doi.org/10.1016/0024-3205(85)90606-X,JournalArticle,unknown,4,brain; brain/neural structure in title,
1985,The Broken Brain: The Biological Revolution in Psychiatry,D. M. Bernstein,Unknown venue,1985-03-22,90,General Brain-AI Structure Reviews and Methods,brain-structure,10.1001/jama.1985.03350360124035,cb226309191c0f3d2def7c2e9d3871aaee60f82c,https://doi.org/10.1001/jama.1985.03350360124035,paper,unknown,4,brain; brain/neural structure in title,
1985,The prefrontal 'cortex' in the pigeon. Biochemical evidence.,"I. Divac, J. Mogensen, A. Björklund",Brain Research,1985-04-22,90,"Cognitive Architectures, Learning, and Systems Neuroscience",brain-structure,10.1016/0006-8993(85)90606-7,1efdd7a4c07ce7ddf5999b4fd79d05c4dc791150,https://doi.org/10.1016/0006-8993(85)90606-7,JournalArticle; Study,unknown,16,cortex; cognitive architecture; brain/neural structure in title; explicit brain-structure/AI bridge,
1985,Biochemical Characterization of the Nicotinic Cholinergic Receptors in Human Brain: Binding of (-)-[3H]Nicotine,"S. Shimohama, T. Taniguchi, M. Fujiwara, Masakuni Kameyama",Journal of Neurochemistry,1985-08-01,89,General Brain-AI Structure Reviews and Methods,brain-structure,10.1111/j.1471-4159.1985.tb04029.x,71dce2feac2517584af395606f702549185458ae,https://doi.org/10.1111/j.1471-4159.1985.tb04029.x,JournalArticle,unknown,4,brain; brain/neural structure in title,
1985,Differential Effects of Lithium on Muscarinic Receptor Stimulation of Inositol Phosphates in Rat Cerebral Cortex Slices,"Ian Batty, S. Nahorski",Journal of Neurochemistry,1985-11-01,89,General Brain-AI Structure Reviews and Methods,brain-structure,10.1111/J.1471-4159.1985.TB07221.X,ae80488fc4d0e3a57cdf7a54ae9fe88b56648607,https://doi.org/10.1111/J.1471-4159.1985.TB07221.X,JournalArticle,unknown,6,brain; cerebral; cortex; brain/neural structure in title,
1985,Muscarinic Receptors and Hydrolysis of Inositol Phospholipids in Rat Cerebral Cortex and Parotid Gland,"M. Jacobson, M. Wusteman, C. Downes",Journal of Neurochemistry,1985-02-01,89,General Brain-AI Structure Reviews and Methods,brain-structure,10.1111/j.1471-4159.1985.tb05437.x,0a3f3aca3734a1986405a6f79b768f7c732ac2e7,https://doi.org/10.1111/j.1471-4159.1985.tb05437.x,JournalArticle; Study,unknown,6,brain; cerebral; cortex; brain/neural structure in title,
1985,Characterization of barbiturate-stimulated chloride efflux from rat brain synaptoneurosomes,"R. D. Schwartz, J. Jackson, D. Weigert, P. Skolnick, S. Paul",Journal of Neuroscience,1985-11-01,88,"Cellular, Synaptic, and Neuromorphic Foundations",brain-structure,10.1523/JNEUROSCI.05-11-02963.1985,f0ff25052cdddad1957a9f59da70709babea929a,https://doi.org/10.1523/JNEUROSCI.05-11-02963.1985,JournalArticle,unknown,21,brain; cerebral; cortex; cortical; hippocampus; cerebellum; neuromorphic; brain/neural structure in title; explicit brain-structure/AI bridge,"Membrane chloride (Cl-) permeability was studied in a novel subcellular brain preparation, the synaptoneurosome."
1985,Effects of bilateral ibotenate-induced lesions of the nucleus basalis magnocellularis upon selective cholinergic biochemical markers in the rat anterior cerebral cortex.,"M. Watson, T. Vickroy, H. Fibiger, W. Roeske, H. Yamamura",Brain Research,1985-11-04,88,"Cellular, Synaptic, and Neuromorphic Foundations",brain-structure,10.1016/0006-8993(85)90876-5,cdc74e47dd18239957919dcab725d472ec2db49c,https://doi.org/10.1016/0006-8993(85)90876-5,JournalArticle,unknown,17,cerebral; cortex; neuromorphic; brain/neural structure in title; explicit brain-structure/AI bridge,
1985,On the representation of two languages in one brain,M. Paradis,Unknown venue,1985-04-01,88,"Brain Decoding, Representation Learning, and BCI",brain-structure;decoding,10.1016/S0388-0001(85)80010-3,2ce2c31664bc2924d284398a011ffb24b7e42cc9,https://doi.org/10.1016/S0388-0001(85)80010-3,Review,unknown,24,brain; decoding; representation learning; bci; brain/neural structure in title; explicit brain-structure/AI bridge,
1985,Regional comparisons of brain glucose influx.,"J. LaManna, S. Harik",Brain Research,1985-02-11,88,General Brain-AI Structure Reviews and Methods,brain-structure,10.1016/0006-8993(85)90039-3,c8158eccc961bf4649773e3750f94a6ddc6c654b,https://doi.org/10.1016/0006-8993(85)90039-3,JournalArticle,unknown,4,brain; brain/neural structure in title,
1985,The effect of age on glucose and energy metabolism in brain cortex of rats.,S. Hoyer,Archives of gerontology and geriatrics (Print),1985-10-01,88,General Brain-AI Structure Reviews and Methods,brain-structure,10.1016/0167-4943(85)90001-9,bc857198016cd6e658f9df75f274560d0ff1a5d5,https://doi.org/10.1016/0167-4943(85)90001-9,JournalArticle,unknown,5,brain; cortex; brain/neural structure in title,
1985,Angiotensin II receptor binding sites in brain microvessels.,"R. Speth, S. Harik",Proceedings of the National Academy of Sciences of the United States of America,1985-09-01,86,General Brain-AI Structure Reviews and Methods,brain-structure,10.1073/PNAS.82.18.6340,cb12ff80cc8ebab2fba964ec7226606decba72dd,https://doi.org/10.1073/PNAS.82.18.6340,JournalArticle,unknown,4,brain; brain/neural structure in title,
1985,Differential changes in noradrenaline turnover in specific regions of rat brain produced by controllable and uncontrollable shocks.,"A. Tsuda, M. Tanaka",Behavioral Neuroscience,1985-10-01,85,"Cognitive Architectures, Learning, and Systems Neuroscience",brain-structure,10.1037//0735-7044.99.5.802,efaaa586f3f0c0133f2739913aef4260691176be,https://doi.org/10.1037//0735-7044.99.5.802,JournalArticle,unknown,16,brain; cognitive architecture; brain/neural structure in title; explicit brain-structure/AI bridge,
1985,The effects of hyperglycaemia on changes during reperfusion following focal cerebral ischaemia in the cat.,"G. Venables, S. A. Miller, G. Gibson, J. A. Hardy, A. Strong",Journal of Neurology Neurosurgery & Psychiatry,1985-07-01,85,General Brain-AI Structure Reviews and Methods,brain-structure,10.1136/jnnp.48.7.663,0d3ce0d0fa95660576e65b04e249ef02debfe9df,https://doi.org/10.1136/jnnp.48.7.663,JournalArticle,unknown,2,brain; cerebral,
1985,Thyrotropin-releasing hormone (TRH) receptors. Localization by light microscopic autoradiography in rat brain using [3H][3-Me-His2]TRH as the radioligand,"P. Mantyh, S. P. Hunt",Journal of Neuroscience,1985-02-01,85,"Connectomics, Graph Models, and Brain Networks",brain-structure;connectome,10.1523/JNEUROSCI.05-02-00551.1985,47cfd2dd7c26b343e20b1ea1235e897b3cadcf3f,https://doi.org/10.1523/JNEUROSCI.05-02-00551.1985,JournalArticle,unknown,14,brain; cerebral; cortex; amygdala; thalamus; hypothalamus; brain/neural structure in title; historical computation/learning bridge,Thyrotropin releasing hormone (TRH) is a putative neurotransmitter in both the central and peripheral nervous system.
1985,Blood-Brain Barrier Transport of Butanol and Water Relative to N-Isopropyl-p-Iodoamphetamine as the Internal Reference,"W. Pardridge, G. Fierer",Journal of Cerebral Blood Flow and Metabolism,1985-06-01,84,General Brain-AI Structure Reviews and Methods,brain-structure,10.1038/jcbfm.1985.35,8577818d33b3b65134313b3f8d9814fabee37b89,https://doi.org/10.1038/jcbfm.1985.35,JournalArticle,unknown,4,brain; brain/neural structure in title,
1985,Cyclosporin A enhances the survivability of mouse cerebral cortex grafted into the third ventricle of rat brain.,"H. Inoue, S. Kohsaka, Kazunari Yoshida, M. Ohtani, S. Toya, Y. Tsukada",Neuroscience Letters,1985-02-28,84,General Brain-AI Structure Reviews and Methods,brain-structure,10.1016/S0304-3940(85)80122-1,d828196024c01942c3d86f106243a53aecb8a538,https://doi.org/10.1016/S0304-3940(85)80122-1,JournalArticle,unknown,6,brain; cerebral; cortex; brain/neural structure in title,
1985,Cytoarchitectonics of substantia nigra grafts: A light and electron microscopic study of immunocytochemically identified dopaminergic neurons and fibrous astrocytes,C. Jaeger,The Journal of comparative neurology,1985,84,"Cellular, Synaptic, and Neuromorphic Foundations",,10.1002/cne.902310110,0d9042164334a1ba8ba552e132c1a40f91227420,https://doi.org/10.1002/cne.902310110,JournalArticle,unknown,13,neuron; neuromorphic; explicit brain-structure/AI bridge,
1985,Neuron Production in the Hippocampus and Olfactory Bulb of the Adult Rat Brain: Addition or Replacement? a,S. A. Bayer,Annals of the New York Academy of Sciences,1985-12-01,82,"Cellular, Synaptic, and Neuromorphic Foundations",brain-structure,10.1111/j.1749-6632.1985.tb20804.x,a3707f298b869b7a942c88225769f61fc3a6ffc0,https://doi.org/10.1111/j.1749-6632.1985.tb20804.x,JournalArticle; Study,unknown,18,brain; hippocampus; neuron; neuromorphic; brain/neural structure in title; explicit brain-structure/AI bridge,
1985,Vertical organization of gamma-aminobutyric acid-accumulating intrinsic neuronal systems in monkey cerebral cortex,"J. DeFelipe, E. Jones",Journal of Neuroscience,1985-12-01,82,"Cellular, Synaptic, and Neuromorphic Foundations",brain-structure;connectome,10.1523/JNEUROSCI.05-12-03246.1985,b345ab772f1381cc8439c04cab03298a1153d24e,https://doi.org/10.1523/JNEUROSCI.05-12-03246.1985,JournalArticle,unknown,20,cerebral; cortex; cortical; neuron; synapse; neuromorphic; brain/neural structure in title; explicit brain-structure/AI bridge,Light and electron microscopic methods were used to examine the neurons in the monkey cerebral cortex labeled autoradiographically following the uptake and transport of [3H]-gamma-aminobutyric acid (GABA).
1985,Bilateral corticosubthalamic nucleus projections: an electrophysiological study in rats with chronic cerebral lesions.,"B. Rouzaire-Dubois, E. Scarnati",Neuroscience,1985-05-01,81,General Brain-AI Structure Reviews and Methods,brain-structure,10.1016/0306-4522(85)90124-1,8b47d368df0f7a0b1187291270c1d50e5e836aaa,https://doi.org/10.1016/0306-4522(85)90124-1,JournalArticle,unknown,2,brain; cerebral,
1985,"Pharmacological interference with the neurotoxic action of 1-methyl-4-phenyl-1,2,3,6-tetrahydropyridine (MPTP) on central catecholamine neurons in the mouse.","E. Sundström, G. Jonsson",European Journal of Pharmacology,1985-04-16,81,"Cellular, Synaptic, and Neuromorphic Foundations",,10.1016/0014-2999(85)90555-2,184852f84ec4562b9728c2293e1457150a1e3170,https://doi.org/10.1016/0014-2999(85)90555-2,JournalArticle,unknown,13,neuron; neuromorphic; explicit brain-structure/AI bridge,
1985,Studies on the role of brain cholinergic systems in the therapeutic mechanisms and adverse effects of ECT and lithium,"B. Lerer, B. Lerer",Biological Psychiatry,1985-06-01,81,General Brain-AI Structure Reviews and Methods,brain-structure,10.1016/0006-3223(85)90132-5,dfe6ebf2c19097b0a480f413c783cd37bea38a4b,https://doi.org/10.1016/0006-3223(85)90132-5,JournalArticle,unknown,4,brain; brain/neural structure in title,
1985,Unfolding and flattening the cortex of gyrencephalic brains.,"J. Olavarria, R. C. Sluyters",Journal of Neuroscience Methods,1985-11-01,81,General Brain-AI Structure Reviews and Methods,brain-structure,10.1016/0165-0270(85)90098-6,6066c6416152c169894044afc2c440176b7bea4a,https://doi.org/10.1016/0165-0270(85)90098-6,JournalArticle,unknown,5,brain; cortex; brain/neural structure in title,
1985,Antidepressant drugs given repeatedly increase binding to α1-adrenoceptors in the rat cortex,"J. Maj, V. Klimek, G. Nowak",Unknown venue,1985-12-10,80,General Brain-AI Structure Reviews and Methods,brain-structure,10.1016/0014-2999(85)90328-0,511bc542ab861eb5fcc4904bcc9d651f94f7eb6b,https://doi.org/10.1016/0014-2999(85)90328-0,paper,unknown,5,brain; cortex; brain/neural structure in title,
1985,Regulation of cardiac vulnerability by the cerebral defense system.,J. E. Skinner,Journal of the American College of Cardiology,1985-06-01,80,General Brain-AI Structure Reviews and Methods,brain-structure,10.1016/S0735-1097(85)80534-9,adcd4a2f7f042314f3b63fa5a852efa912c1b10d,https://doi.org/10.1016/S0735-1097(85)80534-9,Review; JournalArticle,unknown,2,brain; cerebral,
1985,Cell counts in cerebral cortex of an autistic patient,"P. Coleman, J. Romano, L. Lapham, W. Simon",Journal of Autism and Developmental Disorders,1985-09-01,79,"Cellular, Synaptic, and Neuromorphic Foundations",brain-structure;clinical-neuroai,10.1007/BF01531496,ad6b4a02f7bf5afe4386e577af4a3a7999f342e0,https://doi.org/10.1007/BF01531496,JournalArticle; CaseReport,unknown,17,cerebral; cortex; neuromorphic; brain/neural structure in title; explicit brain-structure/AI bridge,
1985,Post resuscitation iron delocalization and malondialdehyde production in the brain following prolonged cardiac arrest.,"N. Nayini, Blaine C. White, S. D. Aust, Raywin R. Huang, R. J. Indrieri, A. Evans, et al.",Journal of Free Radicals in Biology & Medicine,1985,79,General Brain-AI Structure Reviews and Methods,brain-structure,10.1016/0748-5514(85)90014-5,645e35b900cb69b435f7e738faa8412d8a9b4dd6,https://doi.org/10.1016/0748-5514(85)90014-5,JournalArticle,unknown,4,brain; brain/neural structure in title,
1985,Multiple tachykinin receptors in guinea pig brain. High densities of substance K (neurokinin A) binding sites in the substantia nigra.,"R. Quirion, T. Dam",Neuropeptides,1985-06-01,77,General Brain-AI Structure Reviews and Methods,brain-structure,10.1016/0143-4179(85)90090-3,f480d15d88bdae038c6aa47d58af2e86dfb45c9d,https://doi.org/10.1016/0143-4179(85)90090-3,JournalArticle; Study,unknown,4,brain; brain/neural structure in title,
1985,Day-night cycle of lipid peroxidation in rat cerebral cortex and their relationship to the glutathione cycle and superoxide dismutase activity.,"M. Díaz-Mun˜oz, R. Hernández-Mun˜oz, J. Suarez, V. C. Sánchez",Neuroscience,1985-12-01,76,General Brain-AI Structure Reviews and Methods,brain-structure,10.1016/0306-4522(85)90100-9,60ca58979d3709d3675991569e91dd7cccd3d26a,https://doi.org/10.1016/0306-4522(85)90100-9,JournalArticle,unknown,6,brain; cerebral; cortex; brain/neural structure in title,
1985,Effects of ageing on local rates of cerebral protein synthesis in Sprague-Dawley rats.,"M. Ingvar, P. Maeder, L. Sokoloff, C. Smith",Brain : a journal of neurology,1985-03-01,75,General Brain-AI Structure Reviews and Methods,brain-structure,10.1093/BRAIN/108.1.155,6d3e06283919925116f11c647ad4cf18c631c0a9,https://doi.org/10.1093/BRAIN/108.1.155,JournalArticle,unknown,2,brain; cerebral,
1985,Protective effect of diazepam pretreatment on soman-induced brain lesion formation.,"L. Martin, J. Doebler, T. Shih, A. Anthony",Brain Research,1985-01-28,75,General Brain-AI Structure Reviews and Methods,brain-structure,10.1016/0006-8993(85)90324-5,61ecab2f73b5811ffe105416e2c7206cc5eb37f2,https://doi.org/10.1016/0006-8993(85)90324-5,JournalArticle,unknown,4,brain; brain/neural structure in title,
1985,"Projections of the entorhinal area to the striatum, nucleus accumbens, and cerebral cortex in the guinea pig",K. E. Sørensen,The Journal of comparative neurology,1985-08-15,74,General Brain-AI Structure Reviews and Methods,brain-structure,10.1002/cne.902380306,32e247adfd82f1f17f65c6754f26311490ec0519,https://doi.org/10.1002/cne.902380306,JournalArticle,unknown,6,brain; cerebral; cortex; brain/neural structure in title,
1985,Cerebral cortical projections to the reticular regions around the trigeminal motor nucleus in the cat,"Y. Yasui, K. Itoh, A. Mitani, M. Takada, N. Mizuno",The Journal of comparative neurology,1985-11-15,72,General Brain-AI Structure Reviews and Methods,brain-structure,10.1002/cne.902410308,f04cb956c29db4d6ded8969baff830bb1ef71df9,https://doi.org/10.1002/cne.902410308,JournalArticle,unknown,3,brain; cerebral; cortical,
1985,Postnatal ontogenesis of the dopaminergic innervation in the rat anterior cingulate cortex (area 24). Immunocytochemical and catecholamine fluorescence histochemical analysis.,"Brigitte Berger, C. Verney, A. Febvret, A. Vigny, Karen B. Helle",Brain Research,1985-07-01,72,General Brain-AI Structure Reviews and Methods,brain-structure,10.1016/0165-3806(85)90021-5,f7d0aa8ed87d147e5bc56bf271a571f730d83d5d,https://doi.org/10.1016/0165-3806(85)90021-5,JournalArticle,unknown,5,brain; cortex; brain/neural structure in title,
1985,Alpha 1-adrenoceptor-mediated inositol phospholipid hydrolysis in rat cerebral cortex: relationship between receptor occupancy and response and effects of denervation.,"D. Kendall, E. Brown, S. Nahorski",European Journal of Pharmacology,1985,71,General Brain-AI Structure Reviews and Methods,brain-structure,,0b1e48d5323c738ee1a500c3c826dd21cfb38d5f,https://www.semanticscholar.org/paper/0b1e48d5323c738ee1a500c3c826dd21cfb38d5f,JournalArticle,unknown,6,brain; cerebral; cortex; brain/neural structure in title,
1985,The Distribution and Some Connections of Cholecystokinin Neurons in the Rat Brain a,"J. Fallon, K. Seroogy",Annals of the New York Academy of Sciences,1985-07-01,71,"Cellular, Synaptic, and Neuromorphic Foundations",brain-structure,10.1111/j.1749-6632.1985.tb29912.x,01f56ff680c6df941d983ffd5f64a25aba7c62d3,https://doi.org/10.1111/j.1749-6632.1985.tb29912.x,JournalArticle,unknown,17,brain; neuron; neuromorphic; brain/neural structure in title; explicit brain-structure/AI bridge,
1985,Synaptic organization of the cerebello-thalamo-cerebral pathway in the cat. II. Input-output organization of single thalamocortical neurons in the ventrolateral thalamus.,"Y. Shinoda, T. Futami, M. Kano",Neurosciences research,1985-02-01,70,"Cellular, Synaptic, and Neuromorphic Foundations",brain-structure,10.1016/0168-0102(85)90010-0,8150a01f4f071a177b014bd066d457edfd34f766,https://doi.org/10.1016/0168-0102(85)90010-0,JournalArticle,unknown,16,cerebral; cortical; thalamus; neuron; neuromorphic; explicit brain-structure/AI bridge,
1985,AGE-RELATED VARIATIONS IN THE NEURON CONTENT OF THE CEREBRAL CORTEX IN SENILE DEMENTIA OF ALZHEIMER TYPE,"B. Hubbard, J. Anderson",Neuropathology and Applied Neurobiology,1985-09-01,69,Clinical NeuroAI and Brain Disorders,brain-structure;clinical-neuroai,10.1111/j.1365-2990.1985.tb00033.x,8cc6ea6ea4530778487627ec46e77783c61ac7c2,https://doi.org/10.1111/j.1365-2990.1985.tb00033.x,JournalArticle,unknown,7,brain; cerebral; cortex; neuron; brain/neural structure in title,
1985,"Blood flow and oxygen utilisation in the contralateral cerebral cortex of patients with untreated intracranial tumours as studied by positron emission tomography, with observations on the effect of decompressive surgery.","R. Beaney, David J. Brooks, K. L. Leenders, D. Thomas, Terry Jones, Keith E HALNANt",Journal of Neurology Neurosurgery & Psychiatry,1985-04-01,69,"Connectomics, Graph Models, and Brain Networks",brain-structure;connectome;clinical-neuroai,10.1136/jnnp.48.4.310,fec80eb2a1faaea5530c47072249e20e2c173fc3,https://doi.org/10.1136/jnnp.48.4.310,JournalArticle,unknown,10,brain; cerebral; cortex; brain/neural structure in title; historical computation/learning bridge,
1985,Cortical projections of the dorsolateral visual area in owl monkeys: The prestriate relay to inferior temporal cortex,"R. Weller, J. Kaas",The Journal of comparative neurology,1985-04-01,69,General Brain-AI Structure Reviews and Methods,brain-structure,10.1002/CNE.902340104,014d418b51e71c7832b05b38b134344a97cc52b8,https://doi.org/10.1002/CNE.902340104,JournalArticle,unknown,6,brain; cortex; cortical; brain/neural structure in title,
1985,Projections to the basilar pontine nuclei from face sensory and motor regions of the cerebral cortex in the rat,"G. Mihailoff, H. Lee, C. Watt, R. Yates",The Journal of comparative neurology,1985-07-08,69,General Brain-AI Structure Reviews and Methods,brain-structure,10.1002/cne.902370209,b4cccc6b3b22ccc7a4e35b73f30b6dfedca4a0ff,https://doi.org/10.1002/cne.902370209,JournalArticle,unknown,6,brain; cerebral; cortex; brain/neural structure in title,
1985,"Pure cortical ischemia versus striatal ischemia. Circulatory, metabolic, and neuropathologic consequences.","T. Shigeno, J. Mcculloch, D. Graham, A. Mendelow, G. Teasdale",Surgical Neurology,1985-07-01,69,General Brain-AI Structure Reviews and Methods,brain-structure,10.1016/0090-3019(85)90063-1,c60bfe26b50c9322021e5de4d6484d4922e5d6f4,https://doi.org/10.1016/0090-3019(85)90063-1,JournalArticle,unknown,2,brain; cortical,
1985,"Changes in the local cerebral metabolic rate for glucose in the 1-methyl-4-phenyl-1,2,3,6-tetrahydropyridine (MPTP) primate model of Parkinson's disease.","R. Schwartzman, G. Alexander",Brain Research,1985-12-09,68,Computational Neuroscience and Brain-Inspired AI,brain-structure;clinical-neuroai,10.1016/0006-8993(85)90957-6,1d82b7697efd5c02b53feb1698b1a3db334a1e49,https://doi.org/10.1016/0006-8993(85)90957-6,JournalArticle,unknown,18,brain; cerebral; computational neuroscience; brain-inspired; explicit brain-structure/AI bridge,
1985,"Patterns of cerebral glucose utilization in depression, multiple infarct dementia, and Alzheimer's disease.","Kuhl De, E. Metter, Riege Wh",Research publications - Association for Research in Nervous and Mental Disease,1985,67,Clinical NeuroAI and Brain Disorders,brain-structure;clinical-neuroai,,1eea8f4159dc89b0ba8ae3bc7c457013dca784f6,https://www.semanticscholar.org/paper/1eea8f4159dc89b0ba8ae3bc7c457013dca784f6,JournalArticle,unknown,2,brain; cerebral,
1985,Radiation inactivation of brain [35S]t-butylbicyclophosphorothionate binding sites reveals complicated molecular arrangements of the GABA/benzodiazepine receptor chloride channel complex.,"M. Nielsen, T. Honoré, C. Braestrup",Biochemical Pharmacology,1985-10-15,67,General Brain-AI Structure Reviews and Methods,brain-structure,10.1016/0006-2952(85)90223-0,c49f506b5f8d68cf57c5b4a3a817f3178db436e6,https://doi.org/10.1016/0006-2952(85)90223-0,JournalArticle,unknown,4,brain; brain/neural structure in title,
1985,Similarities of cerebral glucose metabolism in Alzheimer's and Parkinsonian dementia,"D. Kuhl, E. Metter, D. Benson, J. Ashford, W. Riege, D. Fujikawa, et al.",Unknown venue,1985-05-01,67,Clinical NeuroAI and Brain Disorders,brain-structure;clinical-neuroai,,0fa3069210719f878bd11c302ae501083bbef079,https://www.semanticscholar.org/paper/0fa3069210719f878bd11c302ae501083bbef079,paper,unknown,2,brain; cerebral,
1985,Somatosensory evoked potentials as a measure of experimental cerebral ischemia.,"K. Meyer, R. Dempsey, M. Roy, D. Donaldson",Journal of Neurosurgery,1985-02-01,67,"Electrophysiology, Neural Signals, and AI Decoding",brain-structure;neural-signals,10.3171/JNS.1985.62.2.0269,2011414dec3bcf524af359b6a9bdef8e3a9adc31,https://doi.org/10.3171/JNS.1985.62.2.0269,JournalArticle,unknown,2,brain; cerebral,
1985,Cerebal norepinephrine depletion enhances recovery after brain ischemia,"R. Busto, S. Harik, S. Yoshida, P. Scheinberg, M. Ginsberg",Annals of Neurology,1985-09-01,66,General Brain-AI Structure Reviews and Methods,brain-structure,10.1002/ana.410180310,00a40388240190c09633530e2f6d7a1b9fcba6ad,https://doi.org/10.1002/ana.410180310,JournalArticle,unknown,4,brain; brain/neural structure in title,
1985,Cerebral cortex. Vol. 2. Functional properties of cortical cells,J. R. Hughes,Unknown venue,1985-07-01,66,"Cellular, Synaptic, and Neuromorphic Foundations",brain-structure,10.1016/0013-4694(85)91079-X,1b9841133a315b65934cc427976820dd055f4a1d,https://doi.org/10.1016/0013-4694(85)91079-X,paper,unknown,18,cerebral; cortex; cortical; neuromorphic; brain/neural structure in title; explicit brain-structure/AI bridge,
1985,Evidence for down-regulation of 3H-nitrendipine recognition sites in mouse brain after long-term treatment with nifedipine or verapamil.,"G. Panza, J. Grebb, E. Sanna, A. Wright, Ingeborg Hanbauer",Neuropharmacology,1985-11-01,66,"Electrophysiology, Neural Signals, and AI Decoding",brain-structure;neural-signals,10.1016/0028-3908(85)90200-X,7d14ada292d8946bf0c7640c1d43492835403335,https://doi.org/10.1016/0028-3908(85)90200-X,JournalArticle,unknown,17,brain; ecog; cognitive architecture; brain/neural structure in title; explicit brain-structure/AI bridge,
1985,Immunocytochemical localization of actin in dendritic spines of the cerebral cortex using colloidal gold as a probe,"R. Cohen, Sookja K. Chung, D. Pfaff",Cellular and molecular neurobiology,1985-09-01,65,"Cellular, Synaptic, and Neuromorphic Foundations",brain-structure,10.1007/BF00711012,5d5c7d4ced8f17aca7f4f37e13d90965011c2bac,https://doi.org/10.1007/BF00711012,JournalArticle,unknown,17,cerebral; cortex; neuromorphic; brain/neural structure in title; explicit brain-structure/AI bridge,
1985,Complications of cerebral revascularization with autogenous vein grafts.,"Fernando G. Diaz, J. Pearce, J. I. Ausman",Neurosurgery,1985-08-01,64,General Brain-AI Structure Reviews and Methods,brain-structure,10.1227/00006123-198508000-00004,50dc810c020934f1e71a6a343c5a3efc9de95a9b,https://doi.org/10.1227/00006123-198508000-00004,JournalArticle,unknown,2,brain; cerebral,
1985,Formation and Turnover of Neurons in Young and Senescent Animals: An Electronmicroscopic and Morphometric Analysis,M. Kaplan,Annals of the New York Academy of Sciences,1985-12-01,64,"Cellular, Synaptic, and Neuromorphic Foundations",,10.1111/j.1749-6632.1985.tb20805.x,af18db039bcd360d8e23123bef47f629314d958f,https://doi.org/10.1111/j.1749-6632.1985.tb20805.x,Review; JournalArticle; Study,unknown,13,neuron; neuromorphic; explicit brain-structure/AI bridge,
1985,Responses of precentral cells during cooling of post-central cortex in conscious monkeys.,"J. Brinkman, J. Colebatch, R. Porter, D. York",Journal of Physiology,1985-11-01,64,"Cellular, Synaptic, and Neuromorphic Foundations",brain-structure,10.1113/jphysiol.1985.sp015879,7eaa2ed00d0e540a633c5beca4d0fdf695537c9a,https://doi.org/10.1113/jphysiol.1985.sp015879,JournalArticle,unknown,16,cortex; neuromorphic; brain/neural structure in title; explicit brain-structure/AI bridge,
1985,"Transplantation of fetal postmitotic neurons to rat cortex: survival, early pathway choices and long-term projections of outgrowing axons.","M. Floeter, E. Jones",Brain Research,1985-09-01,64,"Cellular, Synaptic, and Neuromorphic Foundations",brain-structure,10.1016/0165-3806(85)90065-3,782ffbb4c3cdab3db97111da60ae4065821bb659,https://doi.org/10.1016/0165-3806(85)90065-3,JournalArticle,unknown,17,cortex; neuron; neuromorphic; brain/neural structure in title; explicit brain-structure/AI bridge,
1985,Vasoactive intestinal polypeptide acts synergistically with norepinephrine to depress spontaneous discharge rate in cerebral cortical neurons.,"A. Ferron, G. Siggins, F. Bloom",Proceedings of the National Academy of Sciences of the United States of America,1985-12-01,64,"Cellular, Synaptic, and Neuromorphic Foundations",brain-structure,10.1073/PNAS.82.24.8810,99abdb44b3e0aa3657e5b20de4b8da3b936efcde,https://doi.org/10.1073/PNAS.82.24.8810,JournalArticle,unknown,15,cerebral; cortical; neuron; neuromorphic; explicit brain-structure/AI bridge,
1985,Androgen aromatization and 5 alpha-reduction in ferret brain during perinatal development: effects of sex and testosterone manipulation.,"S. Tobet, J. Shim, S. T. Osiecki, M. J. Baum, J. Canick",Endocrinology,1985-05-01,63,General Brain-AI Structure Reviews and Methods,brain-structure,10.1210/ENDO-116-5-1869,6f05f04670534a437823cb12f58b12bc9830bffc,https://doi.org/10.1210/ENDO-116-5-1869,JournalArticle,unknown,4,brain; brain/neural structure in title,
1985,Cerebral blood flow and cognitive impairment in Parkinson's disease,"M. Globus, B. Mildworf, E. Melamed",Neurology,1985-08-01,63,Clinical NeuroAI and Brain Disorders,brain-structure;clinical-neuroai,10.1212/WNL.35.8.1135,8b45435e7f884778709a6e1096ea157c2af1b301,https://doi.org/10.1212/WNL.35.8.1135,JournalArticle; Study,unknown,2,brain; cerebral,
1985,"Comparison of glucose metabolism, x-ray CT, and postmortem data in a patient with multiple cerebral infarcts","E. Metter, J. Mazziotta, H. Itabashi, N. Mankovich, M. Phelps, D. Kuhl",Neurology,1985-12-01,62,Clinical NeuroAI and Brain Disorders,brain-structure;clinical-neuroai,10.1212/WNL.35.12.1695,b86bbff20f51ddf83d35b1e43addbcdd3389bfc7,https://doi.org/10.1212/WNL.35.12.1695,JournalArticle; Study; CaseReport,unknown,2,brain; cerebral,
1985,"Down-regulation of β-adrenoceptors in rat cortex by repeated administration of desipramine, electroconvulsive shock and clenbuterol requires 5-HT neurones but not 5-HT","V. Nimgaonkar, G. Goodwin, C. L. Daves, A. Green",Unknown venue,1985-04-01,62,"Cellular, Synaptic, and Neuromorphic Foundations",brain-structure,10.1016/0028-3908(85)90132-7,f994390b147794a6b6040d53c4e16bb764f00a8b,https://doi.org/10.1016/0028-3908(85)90132-7,paper,unknown,17,cortex; neuron; neuromorphic; brain/neural structure in title; explicit brain-structure/AI bridge,
1985,Evidence for widespread effects of noradrenaline on axon terminals in the rat frontal cortex.,"P. Mobley, P. Greengard",Proceedings of the National Academy of Sciences of the United States of America,1985-02-01,62,General Brain-AI Structure Reviews and Methods,brain-structure,10.1073/PNAS.82.3.945,b3a82852bbf5093ebcd89f38fb04c20b135d5e90,https://doi.org/10.1073/PNAS.82.3.945,JournalArticle,unknown,5,brain; cortex; brain/neural structure in title,
1985,Interleukin 1 reduces opioid binding in guinea pig brain.,"Mahmoud Ahmed, J. Llanos, C. Dinarello, C. Blatteis",Peptides,1985-11-01,62,General Brain-AI Structure Reviews and Methods,brain-structure,10.1016/0196-9781(85)90442-5,bd462f6c4349dee0820f11bda3cbcd4b2dd9db8c,https://doi.org/10.1016/0196-9781(85)90442-5,JournalArticle,unknown,4,brain; brain/neural structure in title,
1985,Pirenzepine indicates heterogeneity of muscarinic receptors linked to cerebral inositol phospholipid metabolism.,"S. Lazareno, S. Lazareno, D. Kendall, S. R. Nahorski",Neuropharmacology,1985-06-01,62,General Brain-AI Structure Reviews and Methods,brain-structure,10.1016/0028-3908(85)90071-1,252a95e48e6f720098089f4eaa3b5a6d7eacaa04,https://doi.org/10.1016/0028-3908(85)90071-1,JournalArticle,unknown,2,brain; cerebral,
1985,Effect of imipramine and adrenocorticotropin administration on the rat brain norepinephrine-coupled cyclic nucleotide generating system: alterations in alpha and beta adrenergic components.,"R. Duman, S. Strada, S. Enna",Journal of Pharmacology and Experimental Therapeutics,1985-08-01,61,General Brain-AI Structure Reviews and Methods,brain-structure,10.1016/s0022-3565(25)23460-7,cc6af785cd4a8d089d6890068e31df1aa95a0c4f,https://doi.org/10.1016/s0022-3565(25)23460-7,JournalArticle,unknown,6,brain; cerebral; cortex; brain/neural structure in title,Continuous treatment (1-3 weeks) with imipramine or adrenocorticotropin (ACTH) decreases the responsiveness of the norepinephrine-coupled cyclic nucleotide generating system in rat brain cerebral cortex.
1985,Transplantation of fetal cortex to the brain of newborn rats: a retrograde fluorescent analysis of callosal and thalamic projections from transplant to host.,"A. Castro, J. Zimmer, N. Sunde, E. Bold",Neuroscience Letters,1985-10-10,61,General Brain-AI Structure Reviews and Methods,brain-structure,10.1016/0304-3940(85)90591-9,1df1d93515f23bd6577d7ce4f7f25b43b6e5fe42,https://doi.org/10.1016/0304-3940(85)90591-9,JournalArticle,unknown,5,brain; cortex; brain/neural structure in title,
1985,Ultrastructural immunocytochemistry of gamma-aminobutyrate in the cerebral and cerebellar cortex of the rat.,"P. Séguéla, H. Gamrani, M. Geffard, A. Calas, M. Moal",Neuroscience,1985-12-01,61,General Brain-AI Structure Reviews and Methods,brain-structure,10.1016/0306-4522(85)90101-0,bbb1595285e3897df0b6be59db7a884c76903d84,https://doi.org/10.1016/0306-4522(85)90101-0,JournalArticle,unknown,6,brain; cerebral; cortex; brain/neural structure in title,
1985,Functional and neurochemical cortical cholinergic impairment following neurotoxic lesions of the nucleus basalis magnocellularis in the rat.,"S. El-Defrawy, F. Coloma, K. Jhamandas, R. J. Boegman, R. Beninger, B. A. Wirsching",Neurobiology of Aging,1985-12-01,60,"Cellular, Synaptic, and Neuromorphic Foundations",brain-structure,10.1016/0197-4580(85)90011-9,8c6c553399ad8e6a1d44e8108bc720932e72dcb0,https://doi.org/10.1016/0197-4580(85)90011-9,JournalArticle; Study,unknown,13,cortical; neuromorphic; explicit brain-structure/AI bridge,
1985,Developmental assessment of spinal cord and cortical evoked potentials after tibial nerve stimulation: effects of age and stature on normative data during childhood.,"R. Gilmore, N. H. Bass, E. Wright, D. Greathouse, Katherine Stanback, Elaine Norvell",Electroencephalography and Clinical Neurophysiology,1985-07-01,59,"Connectomics, Graph Models, and Brain Networks",brain-structure;connectome;neural-signals;clinical-neuroai,10.1016/0168-5597(85)90002-4,0eb9efbb6d69629617e942cde4824f258e43dc35,https://doi.org/10.1016/0168-5597(85)90002-4,JournalArticle,unknown,6,brain; cortical; historical computation/learning bridge,
1985,Role of cerebral cortex in voluntary movements. A review.,P. Cheney,Physical Therapy,1985-05-01,59,General Brain-AI Structure Reviews and Methods,brain-structure,10.1093/PTJ/65.5.624,e7b15ed2bd362be00ae045a1a0042c7bd7608ba6,https://doi.org/10.1093/PTJ/65.5.624,Review; JournalArticle,unknown,6,brain; cerebral; cortex; brain/neural structure in title,
1985,Synaptic organization of the cerebello-thalamo-cerebral pathway in the cat. I. Projection of individual cerebellar nuclei to single pyramidal tract neurons in areas 4 and 6.,"Y. Shinoda, M. Kano, T. Futami",Neurosciences research,1985-02-01,59,"Cellular, Synaptic, and Neuromorphic Foundations",brain-structure,10.1016/0168-0102(85)90009-4,cfc29d188dd7ca7ec8127531b5a15bf9cf5ca277,https://doi.org/10.1016/0168-0102(85)90009-4,JournalArticle,unknown,14,cerebral; neuron; neuromorphic; explicit brain-structure/AI bridge,
1985,[3H]diltiazem binding to calcium channel antagonists recognition sites in rat cerebral cortex.,"H. Schoemaker, S. Z. Langer",European Journal of Pharmacology,1985-05-08,58,"Electrophysiology, Neural Signals, and AI Decoding",brain-structure;neural-signals,10.1016/0014-2999(85)90768-X,34ceecef552f63f9f8adde6d7dc28d48d4dc1f1a,https://doi.org/10.1016/0014-2999(85)90768-X,JournalArticle,unknown,18,cerebral; cortex; ecog; cognitive architecture; brain/neural structure in title; explicit brain-structure/AI bridge,
1985,Functions of the Brain,C. Coen,Unknown venue,1985-10-24,58,General Brain-AI Structure Reviews and Methods,brain-structure,10.1001/jama.1887.02391410027013,64b4b8c6f8e4077f158beb1651c008003e9d52c7,https://doi.org/10.1001/jama.1887.02391410027013,paper,unknown,4,brain; brain/neural structure in title,
1985,Parvalbumin in Human Brain,"M. Berchtold, M. Celio, C. Heizmann",Journal of Neurochemistry,1985-07-01,58,General Brain-AI Structure Reviews and Methods,brain-structure,10.1111/j.1471-4159.1985.tb05498.x,2061de1047f377067114baea1a31d3fb76311930,https://doi.org/10.1111/j.1471-4159.1985.tb05498.x,JournalArticle; Study,unknown,4,brain; brain/neural structure in title,
1985,Positron emission tomography in the asphyxiated term newborn: parasagittal impairment of cerebral blood flow.,"J. Volpe, P. Herscovitch, J. Perlman, K. Kreusser, M. Raichle",Annals of Neurology,1985,58,"Connectomics, Graph Models, and Brain Networks",brain-structure;connectome,,da385fa756617381e9438944274e50e5b6e438bf,https://www.semanticscholar.org/paper/da385fa756617381e9438944274e50e5b6e438bf,JournalArticle,unknown,6,brain; cerebral; historical computation/learning bridge,
1985,"Postnatal development of brain alpha 1-adrenergic receptors: in vitro autoradiography with [125I]HEAT in normal rats and rats treated with alpha-difluoromethylornithine, a specific, irreversible inhibitor of ornithine decarboxylase.","L. Jones, L. Gauger, James N. Davis, James N. Davis, T. Slotkin, J. Bartolome",Neuroscience,1985-08-01,58,"Connectomics, Graph Models, and Brain Networks",brain-structure;connectome,10.1016/0306-4522(85)90262-3,056ae5a6149aa893182097d9d84bd6b2ce8e0f14,https://doi.org/10.1016/0306-4522(85)90262-3,JournalArticle,unknown,8,brain; brain/neural structure in title; historical computation/learning bridge,
1985,Trophic effects of skeletal muscle extracts on ventral spinal cord neurons in vitro: separation of a protein with morphologic activity from proteins with cholinergic activity,"Roy G. Smith, J. McManaman, S. H. Appel",Journal of Cell Biology,1985-10-01,58,"Cellular, Synaptic, and Neuromorphic Foundations",brain-structure,10.1083/jcb.101.4.1608,43a77aa3ef2f798b308581f7eecdd98d6fd8fa2b,https://doi.org/10.1083/jcb.101.4.1608,JournalArticle,unknown,15,cerebral; cortex; neuron; neuromorphic; explicit brain-structure/AI bridge,Protein factors derived from skeletal muscle separately promote neurite elongation and acetylcholine synthesis in cultured rat ventral spinal neurons.
1985,Cortical and brain stem afferents to the ventral thalamic nuclei of the cat demonstrated by retrograde axonal transport of horseradish peroxidase,"K. Nakano, M. Kohno, Y. Hasegawa, A. Tokushige",The Journal of comparative neurology,1985,57,General Brain-AI Structure Reviews and Methods,brain-structure,10.1002/cne.902310109,724074e1791cf13d5bda42f47b1c5b7aeabc9d1d,https://doi.org/10.1002/cne.902310109,JournalArticle,unknown,5,brain; cortical; brain/neural structure in title,
1985,Serotonin release in human cerebral cortex and its modulation via serotonin receptors.,"E. Schlicker, F. Brandt, K. Classen, M. Göthert",Brain Research,1985-04-08,57,General Brain-AI Structure Reviews and Methods,brain-structure,10.1016/0006-8993(85)91559-8,8324109f083f2cc8f6ce20cc7969b713aa083fea,https://doi.org/10.1016/0006-8993(85)91559-8,JournalArticle,unknown,6,brain; cerebral; cortex; brain/neural structure in title,
1985,[3H]WB4101 labels the 5-HT1A serotonin receptor subtype in rat brain. Guanine nucleotide and divalent cation sensitivity.,"A. Norman, G. Battaglia, I. Creese",Molecular Pharmacology,1985-12-01,56,Computational Neuroscience and Brain-Inspired AI,brain-structure;neuroimaging,10.1016/s0026-895x(25)14186-2,e7e5f2916b7c7372a7c6b62d0d953b73c671f37f,https://doi.org/10.1016/s0026-895x(25)14186-2,JournalArticle,unknown,22,brain; cerebral; cortex; computational neuroscience; brain-inspired; brain/neural structure in title; explicit brain-structure/AI bridge,"In the presence of a 30 nM prazosin mask, [3H]-2-(2,6-dimethoxyphenoxyethyl) aminomethyl-1,4-benzodioxane ([3H]WB4101) can selectively label 5-HT1 serotonin receptors."
1985,Alpha 2-adrenoceptors in rat hypothalamus and cerebral cortex: functional evidence for pharmacologically distinct subpopulations.,"G. Maura, A. Gemignani, M. Raiteri",European Journal of Pharmacology,1985,56,General Brain-AI Structure Reviews and Methods,brain-structure,,09d182a5192063e2231c05207646503413b114c0,https://www.semanticscholar.org/paper/09d182a5192063e2231c05207646503413b114c0,JournalArticle,unknown,8,brain; cerebral; cortex; thalamus; hypothalamus; brain/neural structure in title,
1985,Depolarisation-Dependent Protein Phosphorylation and Dephosphorylation in Rat Cortical Synaptosomes Is Modulated by Calcium,"P. Robinson, P. Dunkley",Journal of Neurochemistry,1985-02-01,56,General Brain-AI Structure Reviews and Methods,brain-structure,10.1111/j.1471-4159.1985.tb05422.x,fd503503a3188fe6f3d37e9bd3bdf2cc2b6bcbbc,https://doi.org/10.1111/j.1471-4159.1985.tb05422.x,JournalArticle,unknown,2,brain; cortical,
1985,Regional Brain Energy Metabolism after Complete versus Incomplete Ischemia in the Rat in the Absence of Severe Lactic Acidosis,"S. Yoshida, R. Busto, E. Martinez, P. Scheinberg, M. Ginsberg",Journal of Cerebral Blood Flow and Metabolism,1985-12-01,56,General Brain-AI Structure Reviews and Methods,brain-structure,10.1038/jcbfm.1985.75,31dd367389c5685f825c10c25c0d132e3570bf17,https://doi.org/10.1038/jcbfm.1985.75,JournalArticle,unknown,4,brain; brain/neural structure in title,
1985,Arecoline-induced elevations of regional cerebral metabolism in the conscious rat.,"T. T. Soncrant, H. Holloway, S. Rapoport",Brain Research,1985-11-18,55,General Brain-AI Structure Reviews and Methods,brain-structure,10.1016/0006-8993(85)90179-9,4d7755ce0940d1b764a937e4a92e3927d8df42de,https://doi.org/10.1016/0006-8993(85)90179-9,JournalArticle,unknown,2,brain; cerebral,
1985,Immunohistochemical investigation of cerebral ischemia during recirculation.,"T. Yoshimine, K. Morimoto, J. Brengman, H. Homburger, H. Mogami, T. Yanagihara",Journal of Neurosurgery,1985-12-01,54,General Brain-AI Structure Reviews and Methods,brain-structure,10.3171/JNS.1985.63.6.0922,7ddb1fc475f7bddf0685f4bc52c4f15f17b0ef02,https://doi.org/10.3171/JNS.1985.63.6.0922,JournalArticle,unknown,2,brain; cerebral,
1985,Interhemispheric connections of cortical sensory areas in tree shrews,"C. Cusick, M. Macavoy, J. Kaas",The Journal of comparative neurology,1985-05-01,54,General Brain-AI Structure Reviews and Methods,brain-structure,10.1002/cne.902350109,18cb65504a7792bcc83c13c5a68fd4f5b5f5c169,https://doi.org/10.1002/cne.902350109,JournalArticle,unknown,2,brain; cortical,
1985,Cerebral edema associated with craniectomy and arterial hypertension.,"S. Hatashita, J. Koike, T. Sonokawa, S. Ishii",Stroke,1985-07-01,53,Clinical NeuroAI and Brain Disorders,brain-structure;clinical-neuroai,10.1161/01.STR.16.4.661,f9e772ec815a6572aacd5054511ae266ebbd38a3,https://doi.org/10.1161/01.STR.16.4.661,JournalArticle,unknown,2,brain; cerebral,
1985,"Reduction of the cyclic adenosine 3',5'-monophosphate response to catecholamines in rat brain slices after repeated restraint stress.","E. Stone, A. V. Slucky, J. E. Platt, R. Trullás",Journal of Pharmacology and Experimental Therapeutics,1985-05-01,53,General Brain-AI Structure Reviews and Methods,brain-structure,10.1016/s0022-3565(25)21226-5,ef3226c7c71c53ec762051d914ca6a318f3b144b,https://doi.org/10.1016/s0022-3565(25)21226-5,JournalArticle,unknown,8,brain; cerebral; cortex; thalamus; hypothalamus; brain/neural structure in title,Restraint stress reduces the cyclic AMP (cAMP) response to norepinephrine (NE) in slices of the rat cerebral cortex and hypothalamus.
1985,Neural Systems of the Non-human Primate Forebrain Implicated in Memory a,G. W. Hoesen,Unknown venue,1985-05-01,52,"Cognitive Architectures, Learning, and Systems Neuroscience",brain-structure,10.1111/j.1749-6632.1985.tb37582.x,f805008b2b607438453f3f4c05b073c703a6c885,https://doi.org/10.1111/j.1749-6632.1985.tb37582.x,paper,unknown,17,brain; neural; cognitive architecture; brain/neural structure in title; explicit brain-structure/AI bridge,
1985,Thyroid hormone metabolism in primary cultures of fetal rat brain cells.,J. L. Leonard,Brain Research,1985-02-18,52,"Cellular, Synaptic, and Neuromorphic Foundations",brain-structure,10.1016/0006-8993(85)91493-3,c7a3103f92aba3a4f02336e14ccc779caa7b39a7,https://doi.org/10.1016/0006-8993(85)91493-3,JournalArticle,unknown,16,brain; neuromorphic; brain/neural structure in title; explicit brain-structure/AI bridge,
1985,Widespread reductions in cerebral blood flow and metabolism elicited by electrical stimulation of the parabrachial nucleus in rat.,"S. Mraovitch, C. Iadecola, D. Ruggiero, D. Reis",Brain Research,1985-08-26,52,General Brain-AI Structure Reviews and Methods,brain-structure,10.1016/0006-8993(85)91067-4,db285457be692f4c00cdcecdcf77083bf687f302,https://doi.org/10.1016/0006-8993(85)91067-4,JournalArticle; Study,unknown,2,brain; cerebral,
1985,A demonstration of glial filament distribution in astrocytes isolated from rat cerebral cortex.,"J. Connor, E. Berkowitz",Neuroscience,1985-09-01,51,General Brain-AI Structure Reviews and Methods,brain-structure,10.1016/0306-4522(85)90044-2,bfbfeda75cdf36dac1225537f357f823f7add239,https://doi.org/10.1016/0306-4522(85)90044-2,JournalArticle,unknown,6,brain; cerebral; cortex; brain/neural structure in title,
1985,Adrenergic-Induced Enhancement of Brain Barrier System Permeability to Small Nonelectrolytes: Choroid Plexus versus Cerebral Capillaries,"V. A. Murphy, C. Johanson",Journal of Cerebral Blood Flow and Metabolism,1985-09-01,51,General Brain-AI Structure Reviews and Methods,brain-structure,10.1038/jcbfm.1985.55,417834670a4c30bf5d1a771dcaf2d3d20f109c88,https://doi.org/10.1038/jcbfm.1985.55,JournalArticle,unknown,5,brain; cerebral; brain/neural structure in title,
1985,Dystonia and calcification of the basal ganglia,"T. Larsen, H. G. Dunn, J. Jan, D. Calne",Neurology,1985-04-01,51,General Brain-AI Structure Reviews and Methods,,10.1212/WNL.35.4.533,74ae9a43c6c1430a981dd9997f9c5292808a71a7,https://doi.org/10.1212/WNL.35.4.533,JournalArticle,unknown,2,brain; basal ganglia,
1985,Intraneuronal accumulation of myeloma proteins.,"L. Borges, N. Busis",Archives of Neurology,1985-07-01,51,"Cellular, Synaptic, and Neuromorphic Foundations",,10.1001/ARCHNEUR.1985.04060070084021,451a889bb2cb45dda573159ee6a6aacc8a905716,https://doi.org/10.1001/ARCHNEUR.1985.04060070084021,JournalArticle; CaseReport,unknown,13,neuron; neuromorphic; explicit brain-structure/AI bridge,
1985,MR imaging and positron emission tomography of cortical heterotopia.,"D. Bairamian, G. D. Chiro, W. Theodore, M. Holmes, R. Dorwart, S. Larson",Journal of computer assisted tomography,1985-11-01,51,"Connectomics, Graph Models, and Brain Networks",brain-structure;connectome,10.1097/00004728-198511000-00031,a0a19a7cddf3e05ebfe20683ca5a5698d078568e,https://doi.org/10.1097/00004728-198511000-00031,JournalArticle; CaseReport,unknown,6,brain; cortical; historical computation/learning bridge,
1985,Prenatal exposure of rats to antidepressant drugs down-regulates beta-adrenoceptors and 5-HT2 receptors in cerebral cortex. Lack of correlation between 5-HT2 receptors and serotonin-mediated behaviour.,"M. L. de Ceballos, A. Benedi, C. Urdin, J. Del Río",Neuropharmacology,1985-10-01,51,General Brain-AI Structure Reviews and Methods,brain-structure,10.1016/0028-3908(85)90120-0,1bc783faa8d6d46d17641f8d0686e049801b3a77,https://doi.org/10.1016/0028-3908(85)90120-0,JournalArticle; Study,unknown,6,brain; cerebral; cortex; brain/neural structure in title,
1985,Regulation of noradrenergic neuronal activity in the rat locus coeruleus by serotoninergic afferents,"A. McRae-Degueurce, T. Dennis, L. Léger, B. Scatton",Unknown venue,1985-09-01,51,"Cellular, Synaptic, and Neuromorphic Foundations",,10.3758/BF03326519,83255ba038279198f293532c3a0d3e197e656a3c,https://doi.org/10.3758/BF03326519,paper,unknown,13,neuron; neuromorphic; explicit brain-structure/AI bridge,
1985,Vasomotor responses of cerebral arterioles in situ to putative dopamine receptor agonists,"L. Edvinsson, J. Mcculloch, J. Sharkey",British Journal of Pharmacology,1985-06-01,51,General Brain-AI Structure Reviews and Methods,brain-structure,10.1111/j.1476-5381.1985.tb08875.x,3d0687a3f59d65c4399bcbf3f09d134e1099e495,https://doi.org/10.1111/j.1476-5381.1985.tb08875.x,JournalArticle,unknown,2,brain; cerebral,
1985,Glycogen accumulation of the aging human brain.,"Hermann-Joseph Gertz, J. Cervós-Navarro, V. Frydl, F. Schultz",Mechanisms of Ageing and Development,1985-06-01,49,General Brain-AI Structure Reviews and Methods,brain-structure,10.1016/0047-6374(85)90024-7,b250c6e1025b95efafd7b29f039ac5254365c35a,https://doi.org/10.1016/0047-6374(85)90024-7,JournalArticle,unknown,4,brain; brain/neural structure in title,
1985,Perinatal Brain Injury and Cerebral Blood Flow in Newborn Infants,B. Friis-Hansen,Acta Paediatrica Scandinavica,1985-05-01,49,General Brain-AI Structure Reviews and Methods,brain-structure,10.1111/j.1651-2227.1985.tb10978.x,75f30122b6d5e77bb56dd720b51620906a4a9c8b,https://doi.org/10.1111/j.1651-2227.1985.tb10978.x,Review; JournalArticle,unknown,5,brain; cerebral; brain/neural structure in title,
1985,Thyroid status and adrenergic receptor subtypes in the rat: comparison of receptor density and responsiveness.,"A. Fox, E. N. Juberg, J. May, R. D. Johnson, Peter W. Abel, K. Minneman",Journal of Pharmacology and Experimental Therapeutics,1985-12-01,49,General Brain-AI Structure Reviews and Methods,brain-structure,10.1016/s0022-3565(25)24199-4,05a661536ebd363500ae212c665073f19e68bedd,https://doi.org/10.1016/s0022-3565(25)24199-4,JournalArticle; Study,unknown,3,brain; cerebral; cortex,"The density and functional responsiveness of adrenergic receptor subtypes were determined in tissues from control, hyperthyroid and hypothyroid rats."
1985,Delayed effects of Soman: brain glucose use and pathology.,"T. Pazdernik, R. Cross, M. Giesler, S. Nelson, F. Samson, J. McDonough",Neurotoxicology,1985,48,General Brain-AI Structure Reviews and Methods,brain-structure,,9a616306a4a1b30a4e29aed185ea6c4932c66cf1,https://www.semanticscholar.org/paper/9a616306a4a1b30a4e29aed185ea6c4932c66cf1,JournalArticle,unknown,4,brain; brain/neural structure in title,
1985,Effect of ketamine on amino acid-evoked release of acetylcholine from rat cerebral cortex in vitro.,"D. Lodge, G. Johnston",Neuroscience Letters,1985-05-23,48,General Brain-AI Structure Reviews and Methods,brain-structure,10.1016/0304-3940(85)90271-X,3b56f39e983ac61600a6a715d1300f22d63460f1,https://doi.org/10.1016/0304-3940(85)90271-X,JournalArticle,unknown,6,brain; cerebral; cortex; brain/neural structure in title,
1985,Human Phenol Sulfotransferase: Correlation of Brain and Platelet Activities,"W. Young, E. Laws, F. Sharbrough, R. Weinshilboum",Journal of Neurochemistry,1985-04-01,48,General Brain-AI Structure Reviews and Methods,brain-structure,10.1111/j.1471-4159.1985.tb08734.x,681abbe634245647dba0cb8f653a01116e9af583,https://doi.org/10.1111/j.1471-4159.1985.tb08734.x,JournalArticle; Study,unknown,4,brain; brain/neural structure in title,
1985,Ammonia Intoxication: Effects on Cerebral Cortex and Spinal Cord,"Sping Lin, W. Raabe",Journal of Neurochemistry,1985-04-01,47,General Brain-AI Structure Reviews and Methods,brain-structure,10.1111/j.1471-4159.1985.tb08751.x,858b041c3bd625243dbd6d66b04ce3e26b69d891,https://doi.org/10.1111/j.1471-4159.1985.tb08751.x,JournalArticle,unknown,6,brain; cerebral; cortex; brain/neural structure in title,
1985,Correspondence between Humans and Animals in Coding of Temporal Attributes: Role of Hippocampus and Prefrontal Cortex,R. Kesner,Annals of the New York Academy of Sciences,1985-05-01,47,"Cognitive Architectures, Learning, and Systems Neuroscience",brain-structure,10.1111/j.1749-6632.1985.tb37584.x,4577833dddf4b0fb1a034a5d8613b8d800e21ea3,https://doi.org/10.1111/j.1749-6632.1985.tb37584.x,JournalArticle,unknown,17,cortex; hippocampus; cognitive architecture; brain/neural structure in title; explicit brain-structure/AI bridge,
1985,Adenosine analogues stimulate cyclic AMP formation in rabbit cerebral microvessels via adenosine A2-receptors.,"Ying-Ou Li, B. Fredholm",Acta Physiologica Scandinavica,1985-06-01,46,General Brain-AI Structure Reviews and Methods,brain-structure,10.1111/J.1748-1716.1985.TB07659.X,a879109a2f7388cf69e1980eb1eb485937cd00c6,https://doi.org/10.1111/J.1748-1716.1985.TB07659.X,JournalArticle,unknown,2,brain; cerebral,
1985,Basal ganglia glucose utilization after recent precentral ablation in the monkey,"G. Dauth, S. Gilman, K. Frey, J. Penney",Annals of Neurology,1985-05-01,46,General Brain-AI Structure Reviews and Methods,,10.1002/ana.410170503,17f5fbfba4a85b8c42510892562c265a507fb7f3,https://doi.org/10.1002/ana.410170503,JournalArticle,unknown,2,brain; basal ganglia,
1985,Development of cholinergic markers in mouse forebrain. II. Muscarinic receptor binding in cortex.,"C. Hohmann, Candace C. Pert, F. Ebner",Brain Research,1985-12-01,46,General Brain-AI Structure Reviews and Methods,brain-structure,10.1016/0165-3806(85)90046-X,379cadd668802034775e40781c879c3cc5a7fc6d,https://doi.org/10.1016/0165-3806(85)90046-X,JournalArticle; Study,unknown,5,brain; cortex; brain/neural structure in title,
1985,Direct cortical projections to the parabrachial nucleus in the cat,"Y. Yasui, K. Itoh, M. Takada, A. Mitani, T. Kaneko, N. Mizuno",The Journal of comparative neurology,1985-04-01,46,General Brain-AI Structure Reviews and Methods,brain-structure,10.1002/cne.902340106,423369b0e4a860834e0dfb8c62690665bc232c86,https://doi.org/10.1002/cne.902340106,JournalArticle,unknown,2,brain; cortical,
1985,Intravital fluorescence microscopy for the study of blood-brain-barrier function.,"M. Wahl, A. Unterberg, A. Baethmann","International journal of microcirculation, clinical and experimental",1985,46,Clinical NeuroAI and Brain Disorders,brain-structure;clinical-neuroai,,17130378efdd4ecad1a6ee0ed3bdd076bbff483b,https://www.semanticscholar.org/paper/17130378efdd4ecad1a6ee0ed3bdd076bbff483b,JournalArticle,unknown,4,brain; brain/neural structure in title,
1985,Monoamine Innervation of the Cerebral Cortex,J. Krystal,The Yale Journal of Biology and Medicine,1985,46,General Brain-AI Structure Reviews and Methods,brain-structure,,f5b3261f78f7b9f55bbf34d3f137616f5057dcc0,https://www.semanticscholar.org/paper/f5b3261f78f7b9f55bbf34d3f137616f5057dcc0,Review,unknown,9,brain; cerebral; cortex; cortical; neuron; neural; brain/neural structure in title,"investor. With this care and interest, the physician should have a strong ally in this book."
1985,Autoregulation of cerebral blood flow in the newborn beagle puppy.,"J. Pasternak, D. Groothuis",Biology of the Neonate,1985,45,General Brain-AI Structure Reviews and Methods,brain-structure,10.1159/000242160,0f6aa4ecd65f1d156d21f066a23513d5c040b2d8,https://doi.org/10.1159/000242160,JournalArticle,unknown,2,brain; cerebral,
1985,Evidence for the early prenatal development of cortical cholinergic afferents from the nucleus of Meynert in the human foetus.,"J. Candy, E. Perry, R. Perry, C. Bloxham, J. Thompson, M. Johnson, et al.",Neuroscience Letters,1985-10-24,45,General Brain-AI Structure Reviews and Methods,brain-structure,10.1016/0304-3940(85)90406-9,9072852e5ade8bf69228fa7d93f4e80afe66c7bd,https://doi.org/10.1016/0304-3940(85)90406-9,JournalArticle,unknown,2,brain; cortical,
1985,Selective Changes in Local Cerebral Glucose Utilization Induced by Phenobarbital in the Rat,"J. Hodes, T. T. Soncrant, D. Larson, S. G. Carlson, S. I. Rapoport",Anesthesiology,1985-12-01,45,General Brain-AI Structure Reviews and Methods,brain-structure,10.1097/00000542-198512000-00013,9797a5a533b3aa31077853e2de652b8e04c24662,https://doi.org/10.1097/00000542-198512000-00013,JournalArticle,unknown,2,brain; cerebral,
1985,Autoradiographic quantitation of beta-adrenergic receptors on neural cells in primary cultures. I. Pharmacological studies of [125I] pindolol binding of individual astroglial cells.,"S. K. Burgess, K. D. McCarthy",Brain Research,1985,44,"Connectomics, Graph Models, and Brain Networks",brain-structure;connectome,,c8105caf145421db93b0dab8378e966154243e7a,https://www.semanticscholar.org/paper/c8105caf145421db93b0dab8378e966154243e7a,JournalArticle,unknown,9,brain; neural; brain/neural structure in title; historical computation/learning bridge,
1985,Autoradiographic quantitation of beta-adrenergic receptors on neural cells in primary cultures. II. Comparison of receptors on various types of immunocytochemically identified cells.,"S. K. Burgess, P. A. Trimmer, K. D. McCarthy",Brain Research,1985,44,"Connectomics, Graph Models, and Brain Networks",brain-structure;connectome,,195bd57d4652eb4fedfc51f9ca4c80a7b59a7b97,https://www.semanticscholar.org/paper/195bd57d4652eb4fedfc51f9ca4c80a7b59a7b97,JournalArticle; Study,unknown,9,brain; neural; brain/neural structure in title; historical computation/learning bridge,
1985,Effects of intermittent feeding on neurochemical markers in aging rat brain.,"E. London, S. B. Waller, A. Ellis, D. Ingram",Neurobiology of Aging,1985-09-01,44,General Brain-AI Structure Reviews and Methods,brain-structure,10.1016/0197-4580(85)90050-8,9beeb9e6e7f87541a2d28da4726de94a531aad6c,https://doi.org/10.1016/0197-4580(85)90050-8,JournalArticle,unknown,4,brain; brain/neural structure in title,
1985,Pharmacological characterisation of two tachykinin binding sites in the rat cerebral cortex.,"Y. Torrens, J. Beaujouan, J. Glowinski",Neuropeptides,1985-03-01,44,General Brain-AI Structure Reviews and Methods,brain-structure,10.1016/0143-4179(85)90131-3,d4572c86739a5dfe7b1e1077f8802a5dd1e08a20,https://doi.org/10.1016/0143-4179(85)90131-3,JournalArticle,unknown,6,brain; cerebral; cortex; brain/neural structure in title,
1985,Metabolic alterations in rat somatosensory cortex following unilateral vibrissal removal,"W. Dietrich, M. Ginsberg, R. Busto, David W. Smith, O. Alonso, Mayra Gonza-Carvajal, et al.",Journal of Neuroscience,1985-04-01,43,"Connectomics, Graph Models, and Brain Networks",brain-structure;connectome,10.1523/JNEUROSCI.05-04-00874.1985,df69372c16feaa4ace65601ab312ba15f34e9a28,https://doi.org/10.1523/JNEUROSCI.05-04-00874.1985,JournalArticle,unknown,11,brain; cerebral; cortex; cortical; brain/neural structure in title; historical computation/learning bridge,"Local cerebral metabolic rates for glucose were studied by [14C]-2- deoxyglucose autoradiography in adult rats following acute and chronic unilateral deafferentation, with particular attention to the barrel field regions of the primary somatosensory cortex."
1985,Neuropeptide localisation in the substantia innominata and adjacent regions of the human brain.,"J. Candy, R. Perry, J. Thompson, M. Johnson, A. Oakley",Journal of Anatomy,1985-03-01,43,General Brain-AI Structure Reviews and Methods,brain-structure,,8919275c7c1de46d2ad533b4cb9e81b8a9630c76,https://www.semanticscholar.org/paper/8919275c7c1de46d2ad533b4cb9e81b8a9630c76,JournalArticle,unknown,4,brain; brain/neural structure in title,
1985,Changes in Alzheimer's disease in the magnocellular neurones of the supraoptic and paraventricular nuclei of the hypothalamus and their relationship to the noradrenergic deficit.,"D. Mann, P. Yates, B. Marcyniuk",Clinical Neuropathology,1985-05-01,42,"Cellular, Synaptic, and Neuromorphic Foundations",clinical-neuroai,,f8ed15683ad980cce8c5afb8a1603c23a57a40aa,https://www.semanticscholar.org/paper/f8ed15683ad980cce8c5afb8a1603c23a57a40aa,JournalArticle; Study,unknown,15,thalamus; hypothalamus; neuron; neuromorphic; explicit brain-structure/AI bridge,
1985,Comparison of benzodiazepine receptor binding in membranes from human or rat brain.,"W. Sieghart, A. Eichinger, P. Riederer, K. Jellinger",Neuropharmacology,1985-08-01,42,General Brain-AI Structure Reviews and Methods,brain-structure,10.1016/0028-3908(85)90009-7,f1958612a51d7d1558a66d9941dfccc9d9445ec6,https://doi.org/10.1016/0028-3908(85)90009-7,JournalArticle; Study,unknown,4,brain; brain/neural structure in title,
1985,"Effects of bifemelane hydrochloride (MCI-2016) on acetylcholine level reduced by scopolamine, hypoxia and ischemia in the rats and mongolian gerbils.","K. Saito, S. Honda, A. Tobe, I. Yanagiya",Japanese Journal of Pharmacology,1985,42,"Cognitive Architectures, Learning, and Systems Neuroscience",brain-structure,10.1254/JJP.38.375,8528193947f264f8a730b31f25654ed0209cc090,https://doi.org/10.1254/JJP.38.375,JournalArticle; Study,unknown,16,brain; cerebral; cortex; hippocampus; cognitive architecture; explicit brain-structure/AI bridge,Effects of bifemelane hydrochloride (MCI-2016) on acetylcholine (ACh) level in the cerebral cortex and hippocampus of rats and Mongolian gerbils were examined.
1985,Evidence for a cortical projection to the magnocellular basal nucleus in the rat: an electron microscopic axonal transport study.,"W. Lemann, C. Saper",Brain Research,1985-05-20,42,"Cellular, Synaptic, and Neuromorphic Foundations",brain-structure,10.1016/0006-8993(85)90228-8,485044ec082f9f2e938a9e25bc3d29cd4fe25d8d,https://doi.org/10.1016/0006-8993(85)90228-8,JournalArticle,unknown,13,cortical; neuromorphic; explicit brain-structure/AI bridge,
1985,Identification of subtypes of [3H]prazosin-labelled α1 receptor binding sites in rat brain,"A. Morrow, G. Battaglia, A. Norman, I. Creese",Unknown venue,1985-02-26,42,General Brain-AI Structure Reviews and Methods,brain-structure,10.1016/0014-2999(85)90432-7,2798448dcdb729dc35e8d433ef1735bbf74fce48,https://doi.org/10.1016/0014-2999(85)90432-7,paper,unknown,4,brain; brain/neural structure in title,
1985,Prodynorphin peptide immunocytochemistry in rhesus monkey brain.,"H. Khachaturian, M. E. Lewis, S. Haber, R. Houghten, H. Akil, S. Watson",Peptides,1985,42,General Brain-AI Structure Reviews and Methods,brain-structure,10.1016/0196-9781(85)90149-4,a999837d516c3c67e578557b96935a73c2354283,https://doi.org/10.1016/0196-9781(85)90149-4,JournalArticle; Study,unknown,4,brain; brain/neural structure in title,
1985,Reduction in brain immunoreactive corticotropin-releasing factor (CRF) in spontaneously hypertensive rats.,"K. Hashimoto, T. Hattori, K. Murakami, S. Suemaru, Y. Kawada, J. Kageyama, et al.",Life Science,1985-02-18,42,General Brain-AI Structure Reviews and Methods,brain-structure,10.1016/0024-3205(85)90168-7,1a2ce644e1d6c9230bd6ac210ab3b2ddc66b587f,https://doi.org/10.1016/0024-3205(85)90168-7,JournalArticle,unknown,4,brain; brain/neural structure in title,
1985,Regional differences in ethylcholine mustard aziridinium ion (AF64A)-induced deficits in presynaptic cholinergic markers for the rat central nervous system.,"T. Vickroy, Mark Watson, S. Leventer, W. Roeske, I. Hanin, Henry I. Yamamura",Journal of Pharmacology and Experimental Therapeutics,1985-12-01,42,"Cellular, Synaptic, and Neuromorphic Foundations",brain-structure,10.1016/s0022-3565(25)24206-9,ddd57f33d6ab9a1f8bff833ca51e0fb58d6abe2c,https://doi.org/10.1016/s0022-3565(25)24206-9,JournalArticle,unknown,14,cerebral; cortex; neuromorphic; explicit brain-structure/AI bridge,Several highly selective biochemical markers were used to assess the persistent central cholinergic dysfunction which accompanies administration of the cholinergic neurotoxin ethylcholine mustard aziridinium ion (AF64A).
1985,"Selective culture of neurons from rat cerebral cortex: morphological characterization, glutamate uptake and related enzymes during maturation in various culture media.","J. Borg, B. Spitz, G. Hamel, J. Mark",Brain Research,1985-02-01,42,"Cellular, Synaptic, and Neuromorphic Foundations",brain-structure,10.1016/0165-3806(85)90248-2,384d3473b5f2dfae9b1b9b7397ca574b9da4ffe2,https://doi.org/10.1016/0165-3806(85)90248-2,JournalArticle,unknown,18,cerebral; cortex; neuron; neuromorphic; brain/neural structure in title; explicit brain-structure/AI bridge,
1985,Subcellular distribution of calcium- and calmodulin-dependent myosin light chain phosphorylating activity in rat cerebral cortex,"A. Edelman, D. D. Hunter, A. Hendrickson, E. Krebs",Journal of Neuroscience,1985-10-01,42,"Cellular, Synaptic, and Neuromorphic Foundations",brain-structure,10.1523/JNEUROSCI.05-10-02609.1985,2c860032222a771c53ef5769edad0d1eec8d50c0,https://doi.org/10.1523/JNEUROSCI.05-10-02609.1985,JournalArticle,unknown,17,cerebral; cortex; neuromorphic; brain/neural structure in title; explicit brain-structure/AI bridge,The subcellular distribution of Ca2+- and calmodulin-dependent myosin light chain phosphorylating activity in rat cerebral cortex was studied.
1985,The projection of three extrathalamic cell groups to the cerebral cortex of the turtle Pseudemys,"C. Ouimet, R. Patrick, F. Ebner",The Journal of comparative neurology,1985-07-01,42,"Cellular, Synaptic, and Neuromorphic Foundations",brain-structure,10.1002/cne.902370106,6c3b9141c0d1a75856fc2f2c9551fa82f25235af,https://doi.org/10.1002/cne.902370106,JournalArticle,unknown,17,cerebral; cortex; neuromorphic; brain/neural structure in title; explicit brain-structure/AI bridge,
1985,Tonic desynchronisation of cortical electroencephalogram by electrical and chemical stimulation of superior colliculus and surrounding structures in urethane-anaesthetised rats.,"P. Redgrave, Paul Dean",Neuroscience,1985-11-01,42,"Electrophysiology, Neural Signals, and AI Decoding",brain-structure;neural-signals,10.1016/0306-4522(85)90199-X,6ad2a5688a099b59f368adfb536146fcbada9649,https://doi.org/10.1016/0306-4522(85)90199-X,JournalArticle,unknown,2,brain; cortical,
1985,Altered Composition of Polyunsaturated Fatty Acyl Groups in Phosphoglycerides of Down's Syndrome Fetal Brain,"B. Brooksbank, Manuela Martínez, R. Balázs",Journal of Neurochemistry,1985-03-01,41,General Brain-AI Structure Reviews and Methods,brain-structure,10.1111/j.1471-4159.1985.tb12896.x,8b97cb43b7b7b0943aec05a9eb4a41979f55b0ac,https://doi.org/10.1111/j.1471-4159.1985.tb12896.x,JournalArticle,unknown,4,brain; brain/neural structure in title,
1985,Changes in cortical amino acids during electrical kindling in rats.,"M. Leach, C. Marden, A. Miller, R. A. O'donnell, S. Weston",Neuropharmacology,1985-10-01,41,General Brain-AI Structure Reviews and Methods,brain-structure,10.1016/0028-3908(85)90118-2,250f2c3e0b2f1c71b80cd90d51d8c7d290e61f92,https://doi.org/10.1016/0028-3908(85)90118-2,JournalArticle,unknown,2,brain; cortical,
1985,Effect of chronic middle cerebral artery stenosis on the local cerebral hemodynamics.,"H. Naritomi, T. Sawada, Y. Kuriyama, H. Kinugawa, T. Kaneko, M. Takamiya",Stroke,1985-03-01,41,Clinical NeuroAI and Brain Disorders,brain-structure;clinical-neuroai,10.1161/01.STR.16.2.214,807dfc0821a2d62fdcdb4f52d94be3d461210f1c,https://doi.org/10.1161/01.STR.16.2.214,JournalArticle,unknown,2,brain; cerebral,
1985,EFFECTS OF PRENATAL EXPOSURE TO ETHANOL ON THE MATURATION OF THE PYRAMIDAL NEURONS IN THE CEREBRAL CORTEX OF THE GUINEA-PIG: A QUANTITATIVE GOLGI STUDY,"I. Fábregues, I. Ferrer, J. M. Gairi, À. Cahuana, P. Giner",Neuropathology and Applied Neurobiology,1985-07-01,41,"Cellular, Synaptic, and Neuromorphic Foundations",brain-structure,10.1111/j.1365-2990.1985.tb00026.x,9501600fb7506df232baa3b2b057e490b446feb7,https://doi.org/10.1111/j.1365-2990.1985.tb00026.x,JournalArticle; Study,unknown,18,cerebral; cortex; neuron; neuromorphic; brain/neural structure in title; explicit brain-structure/AI bridge,
1985,Graded focal cerebral ischemia in the rat by unilateral carotid artery occlusion and elevated intracranial pressure: hemodynamic and biochemical characterization.,"R. Busto, M. Ginsberg",Stroke,1985-05-01,41,Clinical NeuroAI and Brain Disorders,brain-structure;clinical-neuroai,10.1161/01.STR.16.3.466,78f79c24a6e9df0c115336cd641d708bbd7954a5,https://doi.org/10.1161/01.STR.16.3.466,JournalArticle,unknown,2,brain; cerebral,
1985,Kinetics of Regional Blood-Brain Barrier Glucose Transport and Cerebral Blood Flow Determined with the Carotid Injection Technique in Conscious Rats,"L. Braun, L. Miller, W. Pardridge, W. Oldendorf",Journal of Neurochemistry,1985-03-01,41,General Brain-AI Structure Reviews and Methods,brain-structure,10.1111/j.1471-4159.1985.tb12903.x,814e01ce171d536b8733373a0b9d9cd61abcfd66,https://doi.org/10.1111/j.1471-4159.1985.tb12903.x,JournalArticle,unknown,5,brain; cerebral; brain/neural structure in title,
1985,Morphology of synapses formed by cholecystokinin-immunoreactive axon terminals in regio superior of rat hippocampus.,"S. Hendry, E. G. Jones",Neuroscience,1985-09-01,41,"Cellular, Synaptic, and Neuromorphic Foundations",brain-structure,10.1016/0306-4522(85)90047-8,fa7ec2f597f362227efb370f5cc763a8f0f626ed,https://doi.org/10.1016/0306-4522(85)90047-8,JournalArticle,unknown,14,hippocampus; synapse; neuromorphic; explicit brain-structure/AI bridge,
1985,Regional Acetylcholine Metabolism in Brain During Acute Hypoglycemia and Recovery,"J. Ghajar, Gary E. Gibson, T. Duffy",Journal of Neurochemistry,1985-01-01,41,General Brain-AI Structure Reviews and Methods,brain-structure,10.1111/j.1471-4159.1985.tb07117.x,dd0a144cedbb954deb9854ab0d5bf7a68f476d5c,https://doi.org/10.1111/j.1471-4159.1985.tb07117.x,JournalArticle,unknown,4,brain; brain/neural structure in title,
1985,The Brain: An Introduction to Neuroscience,Richard F. Thompson,Unknown venue,1985-06-01,41,General Brain-AI Structure Reviews and Methods,brain-structure,,e4c38ea6ca17e06c261eea3bf51378c0993550e7,https://www.semanticscholar.org/paper/e4c38ea6ca17e06c261eea3bf51378c0993550e7,paper,unknown,4,brain; brain/neural structure in title,
1985,The monoaminergic innervation of the rat visual cortex,"J. Parnavelas, H. C. Moises, S. Speciale",Proceedings of the Royal Society of London. Series B. Biological Sciences,1985-01-22,41,"Cognitive Architectures, Learning, and Systems Neuroscience",brain-structure,10.1098/rspb.1985.0004,95de48c0855626bc5cad8f902f6cb445a2ea133d,https://doi.org/10.1098/rspb.1985.0004,JournalArticle,unknown,16,cortex; cognitive architecture; brain/neural structure in title; explicit brain-structure/AI bridge,
1985,"5-Methoxytryptoline, a Competitive Endocoid Acting at [3H]Imipramine Recognition Sites in Human Platelets","A. Segonzac, H. Schoemaker, T. Tateishi, S. Z. Langer",Journal of Neurochemistry,1985-07-01,40,"Cognitive Architectures, Learning, and Systems Neuroscience",brain-structure;neuroimaging;neural-signals,10.1111/j.1471-4159.1985.tb05501.x,547cdf1870182c263307879fc2e97f5398e0a61e,https://doi.org/10.1111/j.1471-4159.1985.tb05501.x,JournalArticle; Study,unknown,13,ecog; cognitive architecture; explicit brain-structure/AI bridge,
1985,Age-dependent increase in [3H]verapamil binding to rat cortical membranes.,"F. Battaini, S. Govoni, R. Rius, M. Trabucchi",Neuroscience Letters,1985-10-24,40,General Brain-AI Structure Reviews and Methods,brain-structure,10.1016/0304-3940(85)90402-1,1c6c51f1f0343657607d3b4834756eb8b74fdb95,https://doi.org/10.1016/0304-3940(85)90402-1,JournalArticle; Study,unknown,2,brain; cortical,
1985,"Single intralaminar thalamic neurons project to cerebral cortex, striatum and nucleus reticularis thalami. A retrograde anatomical tracing study in the rat.","P. Césaro, J. Nguyen-Legros, B. Pollin, S. Laplante",Brain Research,1985-01-28,40,"Cellular, Synaptic, and Neuromorphic Foundations",brain-structure,10.1016/0006-8993(85)90299-9,17e9bc9892324fc8701b3e37b69dfbc93698125c,https://doi.org/10.1016/0006-8993(85)90299-9,JournalArticle,unknown,18,cerebral; cortex; neuron; neuromorphic; brain/neural structure in title; explicit brain-structure/AI bridge,
1985,The regulatory subunit of neural cAMP-dependent protein kinase II represents a unique gene product.,"S. Weldon, M. Mumby, S. Taylor",Journal of Biological Chemistry,1985-05-25,40,General Brain-AI Structure Reviews and Methods,brain-structure,10.1016/s0021-9258(18)88992-x,e9d6ee2d079665b3f80a12ee37cb59dd1949ffe8,https://doi.org/10.1016/s0021-9258(18)88992-x,JournalArticle; Study,unknown,7,brain; cerebral; cortex; neural; brain/neural structure in title,"Although the major form of soluble cAMP-dependent protein kinase in bovine cerebral cortex can be classified as a type II kinase, the regulatory subunit (RII) can be distinguished from RII found in other tissues such as heart."
1985,Fetal brain tissue transplant techniques: A cautionary note,D. Stein,Unknown venue,1985-06-01,39,General Brain-AI Structure Reviews and Methods,brain-structure,10.1016/0197-4580(85)90036-3,69ebeaeb495e489aa483d108e2b9c879b96b5a31,https://doi.org/10.1016/0197-4580(85)90036-3,paper,unknown,4,brain; brain/neural structure in title,
1985,Movements of the jaw and orofacial regions evoked by stimulation of two different cortical areas in cats.,"K. Iwata, H. Itoga, A. Ikukawa, N. Hanashima, R. Sumino",Brain Research,1985-12-16,39,General Brain-AI Structure Reviews and Methods,brain-structure,10.1016/0006-8993(85)91445-3,466e7b18ce384238a1baa9b04e32feb3419ae3c3,https://doi.org/10.1016/0006-8993(85)91445-3,JournalArticle,unknown,2,brain; cortical,
1985,Rat brain membranes possess two high-affinity binding sites for [3H]somatostatin.,"D. Weightman, C. Whitford, C. Whitford, C. Snell, Barry H. Hirst, D. Brundish, et al.",Neuroscience Letters,1985-04-09,39,General Brain-AI Structure Reviews and Methods,brain-structure,10.1016/0304-3940(85)90013-8,4507e9fdad4db6ca9a6a7db6be1964775254bb28,https://doi.org/10.1016/0304-3940(85)90013-8,JournalArticle; Study,unknown,4,brain; brain/neural structure in title,
1985,The effects of a glycine antagonist (strychnine) on cortically induced rhythmical jaw movements in the anesthetized guinea pig.,"S. H. Chandler, Sonja A. Nielsen, L. J. Goldberg",Brain Research,1985-01-28,39,General Brain-AI Structure Reviews and Methods,brain-structure,10.1016/0006-8993(85)90314-2,836242d55251eb3a0bd1d77f2e1fd8b012eca50c,https://doi.org/10.1016/0006-8993(85)90314-2,JournalArticle,unknown,2,brain; cortical,
1985,α1-Adrenergic receptors and stimulation of [3H]inositol metabolism in rat brain: Regional distribution and parallel inactivation,"Ronald D. Johnson, K. Minneman",Unknown venue,1985-08-19,39,General Brain-AI Structure Reviews and Methods,brain-structure,10.1016/0006-8993(85)91466-0,578b47372a0209bfbb94a7b6a1669bd67dc74bcf,https://doi.org/10.1016/0006-8993(85)91466-0,paper,unknown,4,brain; brain/neural structure in title,
1985,"Astrogliosis in the cerebral cortex of gerbils after long-term exposure to 1,1,1-trichloroethane.","L. Rosengren, A. Aurell, P. Kjellstrand, K. Haglid","Scandinavian Journal of Work, Environment and Health",1985-12-01,38,General Brain-AI Structure Reviews and Methods,brain-structure,10.5271/SJWEH.2201,b1d87f7daa5a38ccd56ee847c3d9ff663d724c8a,https://doi.org/10.5271/SJWEH.2201,JournalArticle,unknown,6,brain; cerebral; cortex; brain/neural structure in title,"Mongolian gerbils (Meriones ungiculatus) were continuously exposed by inhalation to 1,1,1-trichloroethane at 70, 210, or 1 000 ppm for three months, followed by a four-month postexposure solvent-free period."
1985,Bisquaternary pyridinium oximes as allosteric inhibitors of rat brain muscarinic receptors.,"Y. Kloog, M. Sokolovsky",Molecular Pharmacology,1985-04-01,38,General Brain-AI Structure Reviews and Methods,brain-structure,10.1016/s0026-895x(25)12381-x,99c746c7ef0efe16fe020c87791378499dba01a9,https://doi.org/10.1016/s0026-895x(25)12381-x,JournalArticle,unknown,7,brain; cerebral; cortex; cortical; brain/neural structure in title,The mode of interaction of bisquaternary pyridinium oximes with rat brain muscarinic receptors in cerebral cortex and brain stem preparations was studied by the use of the tritium-labeled antagonist N-methyl-4-piperidyl benzilate ( [3H] 4NMPB).
1985,Cerebral vascular autoregulation of blood flow and tissue PO2 in diabetic rats.,"M. Rubin, H. Bohlen",American Journal of Physiology,1985-09-01,38,General Brain-AI Structure Reviews and Methods,brain-structure,10.1152/AJPHEART.1985.249.3.H540,16927140d1e635383f1566c3a4e41012a52db899,https://doi.org/10.1152/AJPHEART.1985.249.3.H540,JournalArticle,unknown,2,brain; cerebral,
1985,Differential ontogeny of putative M1 and M2 muscarinic receptor binding sites in the murine cerebral cortex and heart.,"R. Evans, M. Watson, Henry I. Yamamura, W. Roeske",Journal of Pharmacology and Experimental Therapeutics,1985-12-01,38,General Brain-AI Structure Reviews and Methods,brain-structure,10.1016/s0022-3565(25)24207-0,9c5fc9efe90419906b3edd05337ac21dc0c3f5e9,https://doi.org/10.1016/s0022-3565(25)24207-0,JournalArticle,unknown,7,brain; cerebral; cortex; cortical; brain/neural structure in title,Studies with [3H]pirenzepine [( 3H]PZ) suggest that this nonclassical muscarinic antagonist selectively identifies putative M1 muscarinic receptors.
1985,Distribution of enkephalin-immunoreactive neurons in the forebrain and upper brainstem of the squirrel monkey.,"S. Inagaki, A. Parent",Brain Research,1985-12-16,38,"Cellular, Synaptic, and Neuromorphic Foundations",brain-structure,10.1016/0006-8993(85)91437-4,7ac16293f71a34174608cf7c19478712f6eed428,https://doi.org/10.1016/0006-8993(85)91437-4,JournalArticle,unknown,18,brain; brainstem; neuron; neuromorphic; brain/neural structure in title; explicit brain-structure/AI bridge,
1985,Effect of progesterone upon adenylate cyclase activity and cAMP levels on brain areas.,"M. Collado, G. Rodríguez-Manzo, M. L. Cruz","Pharmacology, Biochemistry and Behavior",1985-10-01,38,"Cognitive Architectures, Learning, and Systems Neuroscience",brain-structure,10.1016/0091-3057(85)90408-3,6d378e17e07af73844e5a151b3bb2cc1bbc53167,https://doi.org/10.1016/0091-3057(85)90408-3,JournalArticle,unknown,16,brain; cognitive architecture; brain/neural structure in title; explicit brain-structure/AI bridge,
1985,Effects of clenbuterol and antidepressant drugs on beta adrenergic receptor/N-protein coupling in the cerebral cortex of the rat.,"J. O'Donnell, Alan Frazer",Journal of Pharmacology and Experimental Therapeutics,1985-07-01,38,Computational Neuroscience and Brain-Inspired AI,brain-structure;neuroimaging,10.1016/s0022-3565(25)23304-3,953ca5ec892c149b622462665b5a9c52e4bd10b1,https://doi.org/10.1016/s0022-3565(25)23304-3,JournalArticle,unknown,22,brain; cerebral; cortex; computational neuroscience; brain-inspired; brain/neural structure in title; explicit brain-structure/AI bridge,Repeated administration of the centrally acting beta adrenergic agonist clenbuterol to rats reduced the ability of isoproterenol to increase levels of cyclic AMP in slices of cerebral cortex.
1985,Effects of norepinephrine on rat neocortical neurons in dissociated cell culture.,"P. Rosenberg, J. Schweitzer, M. Dichter",Brain Research,1985-10-07,38,"Cellular, Synaptic, and Neuromorphic Foundations",brain-structure,10.1016/0006-8993(85)90817-0,ee3b088427e34b65009de053723b13a1fe72f8ed,https://doi.org/10.1016/0006-8993(85)90817-0,JournalArticle,unknown,14,cortical; neuron; neuromorphic; explicit brain-structure/AI bridge,
1985,Neurochemical Abnormalities in Brains of Renal Failure Patients Treated by Repeated Hemodialysis,"T. Perry, V. W. Yong, S. Kish, Masatoshi Ito, J. Foulks, W. Godolphin, et al.",Journal of Neurochemistry,1985-10-01,38,Clinical NeuroAI and Brain Disorders,brain-structure;clinical-neuroai,10.1111/j.1471-4159.1985.tb05521.x,5bc87992a98d9e56ab50dacf1f9bbddf0aa6ad75,https://doi.org/10.1111/j.1471-4159.1985.tb05521.x,JournalArticle,unknown,4,brain; brain/neural structure in title,
1985,Performance of complex arm movements and facial-movement sequences after cerebral commissurotomy.,"B. Milner, B. Kolb",Neuropsychologia,1985,38,General Brain-AI Structure Reviews and Methods,brain-structure,10.1016/0028-3932(85)90085-5,c162984406559063b6581448b375a7cd4d768b7e,https://doi.org/10.1016/0028-3932(85)90085-5,JournalArticle,unknown,2,brain; cerebral,
1985,Evidence for the existence of substance P-like immunoreactive neurons in the human cerebral cortex: an immunohistochemical analysis.,"N. Sakamoto, K. Takatsuji, Sadao Shiosaka, M. Tohyama",Brain Research,1985-01-28,37,"Cellular, Synaptic, and Neuromorphic Foundations",brain-structure,10.1016/0006-8993(85)90332-4,d220f6661157f2d617d17bc8c8718e532df2fe47,https://doi.org/10.1016/0006-8993(85)90332-4,JournalArticle,unknown,18,cerebral; cortex; neuron; neuromorphic; brain/neural structure in title; explicit brain-structure/AI bridge,
1985,Neurochemical effects of IDPN on the mouse brain.,"G. Gianutsos, P. Suzdak",Neurotoxicology,1985,37,General Brain-AI Structure Reviews and Methods,brain-structure,,993dbfefd1f96c763b2fe50f462053aba0316580,https://www.semanticscholar.org/paper/993dbfefd1f96c763b2fe50f462053aba0316580,JournalArticle,unknown,4,brain; brain/neural structure in title,
1985,Non-cholinergic globus pallidus cells that project to the cortex but not to the subthalamic nucleus in rat.,"D. Kooy, B. Kolb",Neuroscience Letters,1985-06-12,37,"Cellular, Synaptic, and Neuromorphic Foundations",brain-structure,10.1016/0304-3940(85)90048-5,393f0afe30ca10ad5e1b125053504e8142917af3,https://doi.org/10.1016/0304-3940(85)90048-5,JournalArticle,unknown,16,cortex; neuromorphic; brain/neural structure in title; explicit brain-structure/AI bridge,
1985,Alpha-adrenoceptor antagonists and the release of noradrenaline in rabbit cerebral cortex slices: support for the alpha-autoreceptor hypothesis.,"P. Heepe, K. Starke",British Journal of Pharmacology,1985,36,General Brain-AI Structure Reviews and Methods,brain-structure,,08dc2aa75b011d96e6e1cf1b2b988bfe8e7bcfd7,https://www.semanticscholar.org/paper/08dc2aa75b011d96e6e1cf1b2b988bfe8e7bcfd7,JournalArticle,unknown,6,brain; cerebral; cortex; brain/neural structure in title,
1985,Amino acid and monoamine transport in primary astroglial cultures from defined brain regions,"E. Hansson, P. Eriksson, M. Nilsson",Neurochemical Research,1985-10-01,36,General Brain-AI Structure Reviews and Methods,brain-structure,10.1007/BF00964976,0f0ed674e25f7149ea45acfa0b3421727c395281,https://doi.org/10.1007/BF00964976,JournalArticle,unknown,4,brain; brain/neural structure in title,
1985,Calcium transport abnormality in uremic rat brain synaptosomes.,"C. L. Fraser, P. Sarnacki, A. Arieff",Journal of Clinical Investigation,1985-11-01,36,Clinical NeuroAI and Brain Disorders,brain-structure;clinical-neuroai,10.1172/JCI112170,6ad0421e63eed45cb306b6cb2b4c21b2b4dfe0b3,https://doi.org/10.1172/JCI112170,JournalArticle,unknown,4,brain; brain/neural structure in title,
1985,Characterization of histamine receptors mediating the stimulation of cyclic AMP accumulation in rabbit cerebral cortical slices,"M. Al-Gadi, S. Hill",British Journal of Pharmacology,1985-08-01,36,General Brain-AI Structure Reviews and Methods,brain-structure,10.1111/j.1476-5381.1985.tb11087.x,2b10fc7636103e12027229441fbe5636abaa54a1,https://doi.org/10.1111/j.1476-5381.1985.tb11087.x,JournalArticle,unknown,3,brain; cerebral; cortical,
1985,"Characterization of the uptake of GABA, nipecotic acid and cis-4-OH-nipecotic acid in cultured neurons and astrocytes.","O. M. Larsson, P. Krogsgaard-Larsen, A. Schousboe",Neurochemistry International,1985,36,"Cellular, Synaptic, and Neuromorphic Foundations",,10.1016/0197-0186(85)90041-5,931f0f1c8686ac8ce1137fb0fe51b017fe4c2c38,https://doi.org/10.1016/0197-0186(85)90041-5,JournalArticle,unknown,13,neuron; neuromorphic; explicit brain-structure/AI bridge,
1985,GABAB receptor modulation of adenylate cyclase activity in rat brain slices.,D. Hill,British Journal of Pharmacology,1985,36,General Brain-AI Structure Reviews and Methods,brain-structure,,28f875aff54ba2ca0c0536f9deb61990b19b205c,https://www.semanticscholar.org/paper/28f875aff54ba2ca0c0536f9deb61990b19b205c,JournalArticle,unknown,4,brain; brain/neural structure in title,
1985,Local cerebral glucose utilization in the free moving mouse: a comparison during two stages of the activity-rest cycle.,"T. Jay, M. Jouvet, M. D. Rosiers",Brain Research,1985-09-09,36,General Brain-AI Structure Reviews and Methods,brain-structure,10.1016/0006-8993(85)91129-1,7881b40d2ff4c9b0fbd0f50b7cf5113fc73f83a0,https://doi.org/10.1016/0006-8993(85)91129-1,JournalArticle; Study,unknown,2,brain; cerebral,
1985,Melatonin reverses pinealectomy-induced decrease of benzodiazepine binding in rat cerebral cortex.,"P. Lowenstein, R. Rosenstein, D. Cardinali",Neurochemistry International,1985,36,General Brain-AI Structure Reviews and Methods,brain-structure,10.1016/0197-0186(85)90065-8,11dd8ec45c763279445beea117a6beafceafee15,https://doi.org/10.1016/0197-0186(85)90065-8,JournalArticle,unknown,6,brain; cerebral; cortex; brain/neural structure in title,
1985,Neural regulation of the cardiovascular system during exercise.,"H. L. Stone, K. Dormer, R. Foreman, R. Thies, R. Blair",Federation proceedings,1985-04-01,36,General Brain-AI Structure Reviews and Methods,brain-structure,,328b4930f093dc588d6e2ba0a9300329ccc08be1,https://www.semanticscholar.org/paper/328b4930f093dc588d6e2ba0a9300329ccc08be1,Review; JournalArticle,unknown,5,brain; neural; brain/neural structure in title,
1985,"Specific bindings of prostaglandin D2, E2 and F2 alpha in postmortem human brain.","Yasuyoshi Watanabe, H. Tokumoto, A. Yamashita, S. Narumiya, N. Mizuno, O. Hayaishi",Brain Research,1985-09-02,36,General Brain-AI Structure Reviews and Methods,brain-structure,10.1016/0006-8993(85)91358-7,7bff280d6959d3f36b3194dad089512f090b980f,https://doi.org/10.1016/0006-8993(85)91358-7,JournalArticle; Study,unknown,4,brain; brain/neural structure in title,
1985,Corticotropin-Peptide Regulation of Intracellular Cyclic AMP Production in Cortical Neurons in Primary Culture,"S. Weiss, M. Sebben, J. Bockaert",Journal of Neurochemistry,1985-09-01,35,"Cellular, Synaptic, and Neuromorphic Foundations",brain-structure,10.1111/J.1471-4159.1985.TB04074.X,faf935a34ccaa1baeffd8c23a8a2d821a3b34487,https://doi.org/10.1111/J.1471-4159.1985.TB04074.X,JournalArticle,unknown,14,cortical; neuron; neuromorphic; explicit brain-structure/AI bridge,
1985,"Decrease of Clonidine Binding Affinity to α2-Adrenoceptor by ADP-Ribosylation of 41,000-Dalton Proteins in Rat Cerebral Cortical Membranes by Islet-Activating Protein","Y. Nomura, Y. Kitamura, T. Segawa",Journal of Neurochemistry,1985-02-01,35,General Brain-AI Structure Reviews and Methods,brain-structure,10.1111/j.1471-4159.1985.tb05425.x,f28c90bc9a66ce3d7d70a7130999ebbce2df019f,https://doi.org/10.1111/j.1471-4159.1985.tb05425.x,JournalArticle,unknown,3,brain; cerebral; cortical,
1985,Effects of some atypical antidepressants on beta-adrenoceptor binding and adenylate cyclase activity in the rat forebrain.,"G. Garcha, R. Smokcum, J. Stephenson, T. B. Weeramanthri",European Journal of Pharmacology,1985-01-15,35,General Brain-AI Structure Reviews and Methods,brain-structure,10.1016/0014-2999(85)90276-6,05f081fa5e8f447af55007236cb2ab24a9c0d71a,https://doi.org/10.1016/0014-2999(85)90276-6,JournalArticle,unknown,4,brain; brain/neural structure in title,
1985,"In vitro 3,5,3'-triiodothyronine binding to rat cerebrocortical neuronal and glial nuclei suggests the presence of binding sites unavailable in vivo.","J. Kolodny, P. Larsen, J. E. Silva",Endocrinology,1985-05-01,35,"Cellular, Synaptic, and Neuromorphic Foundations",brain-structure,10.1210/ENDO-116-5-2019,fc32dc6c79be49fbc26213803aef3fb9982e4c50,https://doi.org/10.1210/ENDO-116-5-2019,JournalArticle,unknown,14,cortical; neuron; neuromorphic; explicit brain-structure/AI bridge,
1985,"Metabolic, ionic, and electrical responses of gerbil brain to ischemia.","A. Mayevsky, C. Friedli, M. Reivich",American Journal of Physiology,1985,35,General Brain-AI Structure Reviews and Methods,brain-structure,10.1152/AJPREGU.1985.248.1.R99,d5f7713b0d1505fd973525bd6260aa96c9680e93,https://doi.org/10.1152/AJPREGU.1985.248.1.R99,JournalArticle; Study,unknown,4,brain; brain/neural structure in title,
1985,Possible Involvement of Inhibitory GTP Binding Regulatory Protein in α2-Adrenoceptor-Mediated Inhibition of Adenylate Cyclase Activity in Cerebral Cortical Membranes of Rats,"Y. Kitamura, Y. Nomura, T. Segawa",Journal of Neurochemistry,1985-11-01,35,General Brain-AI Structure Reviews and Methods,brain-structure,10.1111/j.1471-4159.1985.tb07219.x,705a5dc82c7999f37ab7e916ef4807c588dc4ba3,https://doi.org/10.1111/j.1471-4159.1985.tb07219.x,JournalArticle,unknown,3,brain; cerebral; cortical,
1985,The binding of doxepin to histamine H1-preceptors in guinea-pig and rat brain,"J. Aceves, S. Mariscal, K. Morrison, J. Young",British Journal of Pharmacology,1985-02-01,35,General Brain-AI Structure Reviews and Methods,brain-structure,10.1111/j.1476-5381.1985.tb12925.x,2437e2fb46b9739907b886ebb34f7bbeaf579c35,https://doi.org/10.1111/j.1476-5381.1985.tb12925.x,JournalArticle,unknown,4,brain; brain/neural structure in title,
1985,Acute changes in regional cerebral metabolite values following experimental blunt head trauma.,"K. Wagner, P. A. Tornheim, M. K. Eichhold",Journal of Neurosurgery,1985-07-01,34,General Brain-AI Structure Reviews and Methods,brain-structure,10.3171/JNS.1985.63.1.0088,32bc2d4a3801c5cdac738c04d40d343fc00af03b,https://doi.org/10.3171/JNS.1985.63.1.0088,JournalArticle,unknown,2,brain; cerebral,
1985,Characterization of a tyrosine sulfotransferase in rat brain using cholecystokinin derivatives as acceptors.,"F. Vargas, O. Frerot, M. D. Tuong, J. Schwartz",Biochemistry,1985-10-08,34,General Brain-AI Structure Reviews and Methods,brain-structure,10.1021/BI00342A037,0150963d6176b5620b9cd9d7273a641ae6df0ada,https://doi.org/10.1021/BI00342A037,JournalArticle,unknown,4,brain; brain/neural structure in title,
1985,Effects of indomethacin on rCBF during and after focal cerebral ischemia in the cat.,"S. Shigeno, E. Fritschka, T. Shigeno, M. Brock",Stroke,1985-03-01,34,Clinical NeuroAI and Brain Disorders,brain-structure;clinical-neuroai,10.1161/01.STR.16.2.235,1a776572d596f3e97d73a81c894ce63c21b51a0c,https://doi.org/10.1161/01.STR.16.2.235,JournalArticle,unknown,2,brain; cerebral,
1985,Effects of sex steroids on the growth of neuronal processes in neonatal rat hypothalamus-preoptic area and cerebral cortex in primary culture,"M. Uchibori, S. Kawashima",International Journal of Developmental Neuroscience,1985,34,"Cellular, Synaptic, and Neuromorphic Foundations",brain-structure,10.1016/0736-5748(85)90007-3,ebddb0fc133cfad2b12682a07807b4709f6574a2,https://doi.org/10.1016/0736-5748(85)90007-3,JournalArticle,unknown,20,cerebral; cortex; thalamus; hypothalamus; neuron; neuromorphic; brain/neural structure in title; explicit brain-structure/AI bridge,
1985,High- and Low-Affinity Binding Components for [3H]Imipramine in Rat Cerebral Cortex,"P. Conway, D. J. Brunswick",Journal of Neurochemistry,1985-07-01,34,General Brain-AI Structure Reviews and Methods,brain-structure,10.1111/j.1471-4159.1985.tb05494.x,7155436a9597451d766eb23eb2c79a4e0bad9eef,https://doi.org/10.1111/j.1471-4159.1985.tb05494.x,JournalArticle,unknown,6,brain; cerebral; cortex; brain/neural structure in title,
1985,Time course and spatial distribution of neodymium: yttrium-aluminum-garnet (Nd:YAG) laser-induced lesions in the rat brain.,"H. Eggert, M. Kiessling, P. Kleihues",Neurosurgery,1985-04-01,34,General Brain-AI Structure Reviews and Methods,brain-structure,10.1227/00006123-198504000-00001,ef058bcccc598f011cc518071d7fe63a0832bf67,https://doi.org/10.1227/00006123-198504000-00001,JournalArticle,unknown,4,brain; brain/neural structure in title,
1985,Alterations in biodistribution of [3H]Ro 15-1788 in mice by acute stress: possible changes in in vivo binding availability of brain benzodiazepine receptor.,"Osamu Inoue, Yoshio Akimoto, Kenji Hashimoto, T. Yamasaki",International Journal of Nuclear Medicine and Biology,1985,33,General Brain-AI Structure Reviews and Methods,brain-structure,10.1016/S0047-0740(85)80006-1,ccbc4a3c136b808f05b1bdc6ac55f8842b848897,https://doi.org/10.1016/S0047-0740(85)80006-1,JournalArticle,unknown,4,brain; brain/neural structure in title,
1985,"Incongruence of regional cerebral blood flow increase and blood-brain barrier opening in rabbits at the onset of seizures induced by bicuculline, methoxypyridoxine, and kainic acid.","C. Nitsch, R. Suzuki, K. Fujiwara, I. Klatzo",Journal of Neurological Sciences,1985,33,General Brain-AI Structure Reviews and Methods,brain-structure,10.1016/0022-510X(85)90023-1,ba8a05fd82d7b5715df3db0f4af63a0f88280599,https://doi.org/10.1016/0022-510X(85)90023-1,JournalArticle; Study,unknown,5,brain; cerebral; brain/neural structure in title,
1985,"Relations Between DC Potentials, Extracellular Ion Activities, and Extracellular Volume Fraction in the Cerebral Cortex with Changes in PCO2","A. Lehmenkühler, H. Caspers, U. Kersting",Unknown venue,1985,33,"Cellular, Synaptic, and Neuromorphic Foundations",brain-structure,10.1007/978-3-642-70518-2_31,75f2b96dff56bb34e576e7f691775c602ecfa4d2,https://doi.org/10.1007/978-3-642-70518-2_31,paper,unknown,17,cerebral; cortex; neuromorphic; brain/neural structure in title; explicit brain-structure/AI bridge,
1985,Seizures in an atelencephalic infant. Is the cortex essential for neonatal seizures?,"R. Danner, D. A. Shewmon, M. Sherman",Archives of Neurology,1985-10-01,33,General Brain-AI Structure Reviews and Methods,brain-structure,10.1001/ARCHNEUR.1985.04060090096024,cf9d7be094520f4be5949f449725b8cfc5a11e09,https://doi.org/10.1001/ARCHNEUR.1985.04060090096024,JournalArticle; CaseReport,unknown,5,brain; cortex; brain/neural structure in title,
1985,Distribution of vasopressin and oxytocin in rat brain.,"H. Hashimoto, Kenji Fukui, T. Noto, T. Nakajima, N. Kato",Endocrinologia Japonica,1985-02-01,32,General Brain-AI Structure Reviews and Methods,brain-structure,10.1507/ENDOCRJ1954.32.89,2b63b01cc775c3a03fbab0ec8273b9cd13fea034,https://doi.org/10.1507/ENDOCRJ1954.32.89,JournalArticle,unknown,4,brain; brain/neural structure in title,
1985,Effect of age on the rate of recovery of beta-adrenergic receptors in rat brain following desmethylimipramine-induced subsensitivity.,"L. Greenberg, D. Brunswick, Weiss Benjamin",Brain Research,1985-02-25,32,General Brain-AI Structure Reviews and Methods,brain-structure,10.1016/0006-8993(85)91325-3,7e495cbbf9b242ca2bd69d815a0f63b3f799b7ed,https://doi.org/10.1016/0006-8993(85)91325-3,JournalArticle; Study,unknown,4,brain; brain/neural structure in title,
1985,Expected and actual behavioural capacity after diffuse reduction in cerebral cortex: a review and suggestions for rehabilitative techniques with the mentally handicapped and head injured.,"L. Goldstein, D. Oakley",British Journal of Clinical Psychology,1985-02-01,32,Clinical NeuroAI and Brain Disorders,brain-structure;clinical-neuroai,10.1111/J.2044-8260.1985.TB01309.X,a09a99ab186e81594c4ad7b66859694e424760e1,https://doi.org/10.1111/J.2044-8260.1985.TB01309.X,JournalArticle; Review,unknown,6,brain; cerebral; cortex; brain/neural structure in title,
1985,Neurite-promoting effects of 12-O-tetradecanoylphorbol-13-acetate on chick embryo neurons.,Linda Hsu,Neuroscience Letters,1985-12-04,32,"Cellular, Synaptic, and Neuromorphic Foundations",,10.1016/0304-3940(85)90369-6,f4a29d50360e961caa589ae894b57692f426675d,https://doi.org/10.1016/0304-3940(85)90369-6,JournalArticle,unknown,13,neuron; neuromorphic; explicit brain-structure/AI bridge,
1985,Solubilization and characterization of putative alpha-2 adrenergic isoceptors from the human platelet and the rat cerebral cortex.,"R. Kawahara, D. Bylund",Journal of Pharmacology and Experimental Therapeutics,1985-06-01,32,General Brain-AI Structure Reviews and Methods,brain-structure,10.1016/s0022-3565(25)22868-3,fd3a8773ec9ca5380f3309624b610799c7f20751,https://doi.org/10.1016/s0022-3565(25)22868-3,JournalArticle,unknown,7,brain; cerebral; cortex; cortical; brain/neural structure in title,Alpha-2 adrenergic receptor isotypes have been proposed to explain several pharmacologic differences between rodent and nonrodent species.
1985,Synthesis of acetylcholine and γ-aminobutyric acid by dissociated cerebral cortical cells in vitro,W. Thomas,Unknown venue,1985-04-15,32,"Cellular, Synaptic, and Neuromorphic Foundations",brain-structure,10.1016/0006-8993(85)90391-9,a787cbc1f331e0a72086348e935ddda641cc5d11,https://doi.org/10.1016/0006-8993(85)90391-9,paper,unknown,14,cerebral; cortical; neuromorphic; explicit brain-structure/AI bridge,
1985,Age-related changes in 5HT uptake and [3H]imipramine binding sites in rat cerebral cortex.,"N. Brunello, M. Riva, A. Volterra, G. Racagni",European Journal of Pharmacology,1985-04-16,31,General Brain-AI Structure Reviews and Methods,brain-structure,10.1016/0014-2999(85)90573-4,7a409613c8df22de91ca401c953695421773338b,https://doi.org/10.1016/0014-2999(85)90573-4,JournalArticle,unknown,6,brain; cerebral; cortex; brain/neural structure in title,
1985,Effects of an extract of Ginkgo biloba on noradrenergic systems of rat cerebral cortex.,"N. Brunello, G. Racagni, F. Clostre, K. Drieu, P. Braquet",Pharmacological Research Communications,1985-11-01,31,General Brain-AI Structure Reviews and Methods,brain-structure,10.1016/0031-6989(85)90112-2,aab3d9392c9fddbc9125c4ceeb513d6b34c7df40,https://doi.org/10.1016/0031-6989(85)90112-2,JournalArticle,unknown,6,brain; cerebral; cortex; brain/neural structure in title,
1985,Free amino acids in post-mortem cerebral cortices from patients with Alzheimer-type dementia.,"H. Arai, Kazunari Kobayashi, Y. Ichimiya, K. Kosaka, R. Iizuka",Neurosciences research,1985-08-01,31,Clinical NeuroAI and Brain Disorders,brain-structure;clinical-neuroai,10.1016/0168-0102(85)90020-3,8c54c3bb96fc7e7a0a348a75a1c241bd6f710e8d,https://doi.org/10.1016/0168-0102(85)90020-3,JournalArticle,unknown,2,brain; cerebral,
1985,Proportional localization system for anatomical interpretation of cerebral computed tomograms.,"M. Vanier, A. Lecours, R. Ethier, M. Habib, M. Poncet, P. Milette, et al.",Journal of computer assisted tomography,1985-07-01,31,"Electrophysiology, Neural Signals, and AI Decoding",brain-structure;connectome;neural-signals,10.1097/00004728-198507010-00010,a4535b448d711513ab90bbd8c93ad95a44c0396b,https://doi.org/10.1097/00004728-198507010-00010,JournalArticle,unknown,6,brain; cerebral; historical computation/learning bridge,
1985,Batrachotoxin changes the properties of the muscarinic receptor in rat brain and heart: possible interaction(s) between muscarinic receptors and sodium channels.,"M. Cohen-Armon, Y. Kloog, Y. Henis, M. Sokolovsky",Proceedings of the National Academy of Sciences of the United States of America,1985-05-01,30,General Brain-AI Structure Reviews and Methods,brain-structure,10.1073/PNAS.82.10.3524,46f18ce5574b980ea307d9dfa16c1df55724d6a6,https://doi.org/10.1073/PNAS.82.10.3524,JournalArticle,unknown,4,brain; brain/neural structure in title,
1985,Cerebral Ischemia in Rabbit: A New Experimental Model with Immunohistochemical Investigation,"Kazumi Yamamoto, T. Yoshimine, T. Yanagihara",Journal of Cerebral Blood Flow and Metabolism,1985-12-01,30,Computational Neuroscience and Brain-Inspired AI,brain-structure,10.1038/jcbfm.1985.80,da37aa82fb8280edd93240af138697624499bbc3,https://doi.org/10.1038/jcbfm.1985.80,JournalArticle,unknown,18,brain; cerebral; computational neuroscience; brain-inspired; explicit brain-structure/AI bridge,
1985,Characterization of cholecystokinin receptor sites in guinea-pig cortical membranes using [125I]Bolton Hunter-cholecystokinin octapeptide.,"C. W. Lin, T. Miller",Journal of Pharmacology and Experimental Therapeutics,1985-03-01,30,General Brain-AI Structure Reviews and Methods,brain-structure;neuroimaging,10.1016/s0022-3565(25)20899-0,12eaff53926ddac1bb99cf76e2a896e6dbc968b4,https://doi.org/10.1016/s0022-3565(25)20899-0,JournalArticle,unknown,4,brain; cerebral; cortex; cortical,[125I]Bolton Hunter-cholecystokinin octapeptide (BH-CCK8) has been prepared using a modified method and was used to study putative cholecystokinin (CCK) receptor sites in the guinea-pig cerebral cortex.
1985,Chronic clonidine induces functional down-regulation of presynaptic alpha 2-adrenoceptors regulating [3H]noradrenaline and [3H]5-hydroxytryptamine release in the rat brain.,"G. Maura, G. Bonanno, M. Raiteri",European Journal of Pharmacology,1985-05-28,30,"Cellular, Synaptic, and Neuromorphic Foundations",brain-structure,10.1016/0014-2999(85)90244-4,80d6d8babd3353858e7d361eaaac2ff2a5fb7656,https://doi.org/10.1016/0014-2999(85)90244-4,JournalArticle,unknown,16,brain; neuromorphic; brain/neural structure in title; explicit brain-structure/AI bridge,
1985,Down-regulation of α2- and β-adrenoceptor binding sites in rat cortex caused by amygdalar kindling,"S. Stanford, John Gordon Ralph Jefferys",Unknown venue,1985-10-01,30,General Brain-AI Structure Reviews and Methods,brain-structure,10.1016/0014-4886(85)90044-5,f5b6f4671bdf657643b322dbd05bb9eaff7dfc7b,https://doi.org/10.1016/0014-4886(85)90044-5,paper,unknown,6,brain; cortex; amygdala; brain/neural structure in title,
1985,Involvement of benzodiazepine recognition sites in the foot shock-induced decrease of low affinity GABA receptors in the rat cerebral cortex.,"A. Concas, M. Corda, G. Biggio",Brain Research,1985-08-19,30,"Electrophysiology, Neural Signals, and AI Decoding",brain-structure;neural-signals,10.1016/0006-8993(85)91471-4,8ea1cc776a21450581eaa0bb22b0cb336a33f382,https://doi.org/10.1016/0006-8993(85)91471-4,JournalArticle,unknown,18,cerebral; cortex; ecog; cognitive architecture; brain/neural structure in title; explicit brain-structure/AI bridge,
1985,Methylmercury poisoning of the developing nervous system in the rat: decreased activity of glutamic acid decarboxylase in cerebral cortex and neostriatum.,"J. O'kusky, E. Mcgeer",Brain Research,1985-08-01,30,General Brain-AI Structure Reviews and Methods,brain-structure,10.1016/0165-3806(85)90219-6,f539b4a49fcf0d5e103c7582f14860a7e4db3182,https://doi.org/10.1016/0165-3806(85)90219-6,JournalArticle,unknown,6,brain; cerebral; cortex; brain/neural structure in title,
1985,Properties and distribution of vasoactive intestinal polypeptide receptors in the rat brain.,"N. Ogawa, S. Mizuno, A. Mori, I. Nukina, N. Yanaihara",Peptides,1985,30,General Brain-AI Structure Reviews and Methods,brain-structure,10.1016/0196-9781(85)90017-8,cb719b22a46fbc39eee0972fd3d0fa59288a211c,https://doi.org/10.1016/0196-9781(85)90017-8,JournalArticle,unknown,4,brain; brain/neural structure in title,
1985,5-Hydroxytryptamine innervation of vessels in the rat cerebral cortex. Immunohistochemical findings and hydrogen clearance study of rCBF.,"T. Itakura, H. Yokote, H. Kimura, I. Kamei, K. Nakakita, Y. Naka, et al.",Journal of Neurosurgery,1985,29,General Brain-AI Structure Reviews and Methods,brain-structure,10.3171/JNS.1985.62.1.0042,687db76e35bdad0e775af2eb4202ec5a0fc13350,https://doi.org/10.3171/JNS.1985.62.1.0042,JournalArticle,unknown,6,brain; cerebral; cortex; brain/neural structure in title,
1985,Forebrain damage following prenatal exposure to low-dose X-irradiation.,"S. Norton, J. Donoso",Experimental Neurology,1985-02-01,29,General Brain-AI Structure Reviews and Methods,brain-structure,10.1016/0014-4886(85)90209-2,1d5e7898049632268a7bf5135624ffef46896c72,https://doi.org/10.1016/0014-4886(85)90209-2,JournalArticle,unknown,4,brain; brain/neural structure in title,
1985,Glycogen accumulation in rat cerebral cortex in dissociated cell culture.,"P. Rosenberg, M. Dichter",Journal of Neuroscience Methods,1985-10-01,29,General Brain-AI Structure Reviews and Methods,brain-structure,10.1016/0165-0270(85)90048-2,2f18c596d65a4b52f04908374d2b2574eaf8a990,https://doi.org/10.1016/0165-0270(85)90048-2,JournalArticle,unknown,17,cerebral; cortex; neuromorphic; brain/neural structure in title; explicit brain-structure/AI bridge,
1985,Management of the upper extremity in cerebral palsy.,"H. Skoff, D. Woodbury",Journal of Bone and Joint Surgery. American volume,1985-03-01,29,General Brain-AI Structure Reviews and Methods,brain-structure,10.2106/00004623-198567030-00027,ac165c3fba04a2f21ad8bb9e9793d71092a220c8,https://doi.org/10.2106/00004623-198567030-00027,JournalArticle,unknown,2,brain; cerebral,
1985,Neuronal correlates of corticalization in mammals: a theory.,M. Hofman,Journal of Theoretical Biology,1985-01-07,29,"Cellular, Synaptic, and Neuromorphic Foundations",brain-structure,10.1016/S0022-5193(85)80117-X,f0a963dc7630a392689ba2ef1fe78c32b57a02ed,https://doi.org/10.1016/S0022-5193(85)80117-X,JournalArticle,unknown,14,cortical; neuron; neuromorphic; explicit brain-structure/AI bridge,
1985,"Primary cultures from defined brain areas; effects of seeding time on cell growth, astroglial content and protein synthesis.","E. Hansson, L. Rönnbäck, A. Lowenthal, M. Noppe",Brain Research,1985-08-01,29,"Cellular, Synaptic, and Neuromorphic Foundations",brain-structure,10.1016/0165-3806(85)90206-8,22fbc046f5290ceb75e22ea1c722430c24fe7cac,https://doi.org/10.1016/0165-3806(85)90206-8,JournalArticle,unknown,16,brain; neuromorphic; brain/neural structure in title; explicit brain-structure/AI bridge,
1985,Psychosocial Stress and Sudden Cardiac Death: Brain Mechanisms,J. E. Skinner,Unknown venue,1985,29,General Brain-AI Structure Reviews and Methods,brain-structure,10.1007/978-1-4613-2587-1_3,606220b4fee8762c6712ab893ab76dbd85488c32,https://doi.org/10.1007/978-1-4613-2587-1_3,paper,unknown,4,brain; brain/neural structure in title,
1985,Studies on Cholecystokinin-containing Neuronal Pathways in Rat Cerebral Cortex and Striatum a,"D. K. Meyer, Z. Protopapas",Annals of the New York Academy of Sciences,1985-07-01,29,"Cellular, Synaptic, and Neuromorphic Foundations",brain-structure,10.1111/j.1749-6632.1985.tb29913.x,35beeafa3701969145e5783bce2aa1954129cf8f,https://doi.org/10.1111/j.1749-6632.1985.tb29913.x,JournalArticle,unknown,18,cerebral; cortex; neuron; neuromorphic; brain/neural structure in title; explicit brain-structure/AI bridge,
1985,"The effects of ischemia and CDPamines on Na+, K+-ATPase and acetylcholinesterase activities in rat brain.","W. Goldberg, R. Dorman, Z. Dąbrowiecki, L. Horrocks",Molecular and Chemical Neuropathology,1985,29,General Brain-AI Structure Reviews and Methods,brain-structure,,0225aae09aca1f30de9b28981aee4f2a75c3ce88,https://www.semanticscholar.org/paper/0225aae09aca1f30de9b28981aee4f2a75c3ce88,JournalArticle,unknown,4,brain; brain/neural structure in title,
1985,The formation and regional distribution of prostaglandins D2 and F2 alpha in the brain of spontaneously convulsing gerbils.,"A. Seregi, Ulrich Fo¨rstermann, R. Heldt, G. Hertting",Brain Research,1985-06-24,29,General Brain-AI Structure Reviews and Methods,brain-structure,10.1016/0006-8993(85)91626-9,94d001a7b1da82bb0efdf01ca2f325ccf3b3d341,https://doi.org/10.1016/0006-8993(85)91626-9,JournalArticle,unknown,4,brain; brain/neural structure in title,
1985,Depolarization-induced release of propranolol and atenolol from rat cortical synaptosomes,"P. Bright, T. Gaffney, J. A. Street, J. G. Webb",British Journal of Pharmacology,1985-02-01,28,General Brain-AI Structure Reviews and Methods,brain-structure,10.1111/j.1476-5381.1985.tb12934.x,c44948603d242d0d12eb40b2f6f1eec8cdc49e63,https://doi.org/10.1111/j.1476-5381.1985.tb12934.x,JournalArticle,unknown,2,brain; cortical,
1985,Membrane-bound lipoxygenase of rat cerebral microvessels.,"A. Baba, M. Kimoto, T. Tatsuno, T. Inoue, H. Iwata",Biochemical and Biophysical Research Communications - BBRC,1985-02-28,28,General Brain-AI Structure Reviews and Methods,brain-structure,10.1016/S0006-291X(85)80156-X,02a125e4dfd971f80d4239044cc28e24616a4ce2,https://doi.org/10.1016/S0006-291X(85)80156-X,JournalArticle,unknown,2,brain; cerebral,
1985,Cellular behavior of metastatic B16 melanoma in experimental blood-borne implantation and cerebral invasion. An electron microscopic study.,"T. Kawaguchi, M. Kawaguchi, K. Dulski, G. Nicolson",Invasion and Metastasis,1985,27,"Cellular, Synaptic, and Neuromorphic Foundations",brain-structure;neuromorphic-bci,,e69b7ca0a075186e3c6212eea694b4621c3ec151,https://www.semanticscholar.org/paper/e69b7ca0a075186e3c6212eea694b4621c3ec151,JournalArticle,unknown,13,cerebral; neuromorphic; explicit brain-structure/AI bridge,
1985,Cortical topography of thalamic intralaminar nuclei.,Jose´ Ulla´n,Brain Research,1985-03-04,27,"Connectomics, Graph Models, and Brain Networks",brain-structure;connectome,10.1016/0006-8993(85)91045-5,c5fbd65cee863894cec819523411827ed4ea2b2d,https://doi.org/10.1016/0006-8993(85)91045-5,JournalArticle,unknown,6,brain; cortical; historical computation/learning bridge,
1985,Detection of Receptor-Linked Phosphoinositide Metabolism in Brain of Lithium-Treated Rats,"W. Sherman, M. P. Honchar, L. Munsell",Unknown venue,1985,27,General Brain-AI Structure Reviews and Methods,brain-structure,10.1007/978-1-4612-5184-2_4,c3ab8bf311150d0480d6d47701eab06d2e35c101,https://doi.org/10.1007/978-1-4612-5184-2_4,paper,unknown,4,brain; brain/neural structure in title,
1985,Effect of hypothyroidism on the size of spines of pyramidal neurons of the cerebral cortex.,"Pere Berbel, F. E. D. Rey, G. M. Escobar, A. Ruiz-marcos",Brain Research,1985-07-01,27,"Cellular, Synaptic, and Neuromorphic Foundations",brain-structure,10.1016/0006-8993(85)90057-5,0d97efa1389e08a1ba6bb07dfddbf55be6599af2,https://doi.org/10.1016/0006-8993(85)90057-5,JournalArticle,unknown,18,cerebral; cortex; neuron; neuromorphic; brain/neural structure in title; explicit brain-structure/AI bridge,
1985,Excitatory neuronal responses to dopamine in the cerebral cortex: involvement of D2 but not D1 dopamine receptors,"C. Bradshaw, R. Sheridan, E. Szabadi",British Journal of Pharmacology,1985-10-01,27,"Cellular, Synaptic, and Neuromorphic Foundations",brain-structure,10.1111/j.1476-5381.1985.tb08918.x,8399f10683da1600288d9fe332c96c6f380adb26,https://doi.org/10.1111/j.1476-5381.1985.tb08918.x,JournalArticle,unknown,18,cerebral; cortex; neuron; neuromorphic; brain/neural structure in title; explicit brain-structure/AI bridge,
1985,Neuronal responses of medullary relay cells to controlled stretches of forearm muscles in the monkey.,"H. Hummelsheim, M. Wiesendanger",Neuroscience,1985-12-01,27,"Cellular, Synaptic, and Neuromorphic Foundations",,10.1016/0306-4522(85)90111-3,251a0003c1b636602e827bc60d1a8c61b79138d7,https://doi.org/10.1016/0306-4522(85)90111-3,JournalArticle; Study,unknown,13,neuron; neuromorphic; explicit brain-structure/AI bridge,
1985,Pantoyl-gamma-aminobutyric acid facilitates cholinergic function in the central nervous system.,"M. Nakahiro, N. Fujita, I. Fukuchi, K. Saito, T. Nishimura, H. Yoshida",Journal of Pharmacology and Experimental Therapeutics,1985-02-01,27,Clinical NeuroAI and Brain Disorders,brain-structure;clinical-neuroai,10.1016/s0022-3565(25)20597-3,096c01ab96f32d7fa6bfb61ff320cb88795f0c76,https://doi.org/10.1016/s0022-3565(25)20597-3,JournalArticle,unknown,4,brain; cerebral; cortex; hippocampus,Pantoyl-gamma-aminobutyric acid (P-GABA) administered i.p.
1985,Serial waking-sleep EEGs and evolution of somatosensory potentials in Creutzfeldt-Jakob disease.,"J. Calleja, R. Carpizo, J. Berciano, C. Quintial, J. Polo",Electroencephalography and Clinical Neurophysiology,1985-06-01,27,"Electrophysiology, Neural Signals, and AI Decoding",connectome;neural-signals;clinical-neuroai,10.1016/0013-4694(85)91111-3,80f07b26ac235328ce28342c64f44e3176919e64,https://doi.org/10.1016/0013-4694(85)91111-3,JournalArticle; CaseReport,unknown,6,brain; eeg; historical computation/learning bridge,
1985,Effect of repeated dietary exposure of aflatoxin B1 on brain biogenic amines and metabolites in the rat.,"R. Coulombe, R. Sharma",Toxicology and Applied Pharmacology,1985-09-30,26,General Brain-AI Structure Reviews and Methods,brain-structure,10.1016/0041-008X(85)90394-1,5baf38329920b4669964daa1ed693b830b7d48bc,https://doi.org/10.1016/0041-008X(85)90394-1,JournalArticle,unknown,4,brain; brain/neural structure in title,
1985,"Effects of idebenone (CV-2619) on metabolism of monoamines, especially serotonin, in the brain of normal rats and rats with cerebral ischemia.","S. Narumi, Yasuo Nagai, M. Kakihana, N. Yamazaki, Akinobu Nagaoka, Yuji Nagawa",Japanese Journal of Pharmacology,1985,26,General Brain-AI Structure Reviews and Methods,brain-structure,10.1254/JJP.37.235,c4c3368c1e596c301dda6629cb433298bc2dcf49,https://doi.org/10.1254/JJP.37.235,JournalArticle,unknown,7,brain; cerebral; cortex; hippocampus; brain/neural structure in title,"The effects of 6-(10-hydroxydecyl)-2,3-dimethoxy-5-methyl-1,4-benzoquinone (idebenone, CV-2619) on the contents, turnover, release and uptake of monoamines, especially serotonin (5-HT), in various brain regions of Wistar rats were studied in vivo and in vitro."
1985,Carbachol stimulation of phosphatidic acid synthesis: competitive inhibition by pirenzepine in synaptosomes from rat cerebral cortex.,"T. Smith, H. Yamamura",Biochemical and Biophysical Research Communications - BBRC,1985-07-16,25,General Brain-AI Structure Reviews and Methods,brain-structure;neuroimaging,10.1016/0006-291X(85)90414-0,babbe8c22ba5c5538d20ce1b9584ae55b71638c8,https://doi.org/10.1016/0006-291X(85)90414-0,JournalArticle,unknown,6,brain; cerebral; cortex; brain/neural structure in title,
1985,"Monoamine, amino acid and cholinergic interactions in slices of rat cerebral cortex.","R. S. Flint, J. Murphy, P. Calkins, W. J. Mcbride",Brain Research Bulletin,1985-08-01,25,General Brain-AI Structure Reviews and Methods,brain-structure,10.1016/0361-9230(85)90136-4,1b7e5f385df09db0f25a1277bd5ceb2a57006836,https://doi.org/10.1016/0361-9230(85)90136-4,JournalArticle; Study,unknown,6,brain; cerebral; cortex; brain/neural structure in title,
1985,Neuronal responses in subfornical organ and other regions to angiotensin II applied by various routes.,"S. Ishibashi, Y. Oomura, B. Gueguen, Stylianos Nicolaidis",Brain Research Bulletin,1985-04-01,25,"Cellular, Synaptic, and Neuromorphic Foundations",brain-structure,10.1016/0361-9230(85)90190-X,0470eb6cce68400a1533d1dd0cbf0b7ca837d27b,https://doi.org/10.1016/0361-9230(85)90190-X,JournalArticle,unknown,13,neuron; neuromorphic; explicit brain-structure/AI bridge,
1985,Superselective injection of polyvinyl alcohol microemboli for the treatment of cerebral arteriovenous malformations.,"G. Scialfa, G. Scotti",AJNR. American journal of neuroradiology,1985-11-01,25,General Brain-AI Structure Reviews and Methods,brain-structure,,a81db80169b4edee0073325258a2c6f922004577,https://www.semanticscholar.org/paper/a81db80169b4edee0073325258a2c6f922004577,JournalArticle,unknown,2,brain; cerebral,
1985,The effect on the development of cerebral vasospasm in the rat of lesioning of the peripheral and central catecholamine systems.,"N. Svendgaard, J. Brismar, T. Delgado, N. Diemer",Neurological Research,1985-03-01,25,General Brain-AI Structure Reviews and Methods,brain-structure,10.1080/01616412.1985.11739697,f68491f5bd8f26f9ec2d4b4678c7c519c970f8ba,https://doi.org/10.1080/01616412.1985.11739697,JournalArticle,unknown,2,brain; cerebral,
1985,"Developmental change of endogenous glutamate and gamma-glutamyl transferase in cultured cerebral cortical interneurons and cerebellar granule cells, and in mouse cerebral cortex and cerebellum in vivo","E. Kvamme, A. Schousboe, L. Hertz, I. Torgner, G. Svenneby",Neurochemical Research,1985-07-01,24,"Cellular, Synaptic, and Neuromorphic Foundations",brain-structure,10.1007/BF00964635,e395fd86f3349459b10c6427ba22837e3680bc67,https://doi.org/10.1007/BF00964635,JournalArticle,unknown,20,cerebral; cortex; cortical; cerebellum; neuron; neuromorphic; brain/neural structure in title; explicit brain-structure/AI bridge,
1985,Glutamic acid decarboxylase activity decreases in mouse neocortex after lesions of the basal forebrain.,"C. Höhmann, M. Bear, F. Ebner",Brain Research,1985,24,General Brain-AI Structure Reviews and Methods,brain-structure,,f40cb585ee81cc3917fd9ac684fb5ffaae2afafb,https://www.semanticscholar.org/paper/f40cb585ee81cc3917fd9ac684fb5ffaae2afafb,JournalArticle,unknown,5,brain; cortex; brain/neural structure in title,
1985,"Amygdaloid projections to the motor, premotor and prefrontal areas of the cat's cerebral cortex: a topographical study using retrograde transport of horseradish peroxidase.","A. Llamas, C. Avendaño, F. Reinoso-Suárez",Neuroscience,1985-07-01,23,"Connectomics, Graph Models, and Brain Networks",brain-structure;connectome,10.1016/0306-4522(85)90066-1,80482b19d1ae3352bacc298859d27056f5a676db,https://doi.org/10.1016/0306-4522(85)90066-1,JournalArticle,unknown,10,brain; cerebral; cortex; brain/neural structure in title; historical computation/learning bridge,
1985,Extracellular matrix glycoprotein (hyaluronectin) in early cerebral development,"A. Bignami, B. Delpech",International Journal of Developmental Neuroscience,1985,23,"Cellular, Synaptic, and Neuromorphic Foundations",brain-structure,10.1016/0736-5748(85)90035-8,7e5e9cb8c96c4066436b838021ba83bd18ce5823,https://doi.org/10.1016/0736-5748(85)90035-8,JournalArticle,unknown,13,cerebral; neuromorphic; explicit brain-structure/AI bridge,
1985,Lectin binding sites and anionic components related to differentiation in the prenatal rat cerebral cortex.,"G. Brückner, L. Müller, L. Wollweber, R. Samtleben, D. Biesold",Journal fur Hirnforschung,1985,23,General Brain-AI Structure Reviews and Methods,brain-structure,,b81b8d414f4aa36b5dc68121845f5480b3caf87a,https://www.semanticscholar.org/paper/b81b8d414f4aa36b5dc68121845f5480b3caf87a,JournalArticle,unknown,6,brain; cerebral; cortex; brain/neural structure in title,
1985,Neurotensin immunoreactivity in post-mortem brain is increased in Down's syndrome but not in Alzheimer-type dementia.,"C. Yates, George Fink, J. Bennie, A. Gordon, J. Simpson, R. Eskay",Journal of Neurological Sciences,1985-03-01,23,Clinical NeuroAI and Brain Disorders,brain-structure;clinical-neuroai,10.1016/0022-510X(85)90157-1,8b7c11b95a02eeef0380c51e3ecfef5c39d55b47,https://doi.org/10.1016/0022-510X(85)90157-1,JournalArticle; Study,unknown,4,brain; brain/neural structure in title,
1985,Perinatal dietary supplementation with a commercial soy lecithin preparation: effects on behavior and brain biochemistry in the developing rat.,"J. M. Bell, T. Slotkin",Developmental Psychobiology,1985-09-01,23,"Cognitive Architectures, Learning, and Systems Neuroscience",brain-structure,10.1002/DEV.420180504,063c704b470ec70d60ac4393662ad984369fd2e1,https://doi.org/10.1002/DEV.420180504,JournalArticle,unknown,16,brain; cognitive architecture; brain/neural structure in title; explicit brain-structure/AI bridge,
1985,Postnatal development of glutamate metabolizing enzymes in hippocampus from mice,"Elling Kvamme, G. Svenneby, I. Torgner, J. Drejer, A. Schousboe",International Journal of Developmental Neuroscience,1985,23,General Brain-AI Structure Reviews and Methods,brain-structure,10.1016/0736-5748(85)90070-X,33c8328483e289c8e0eea14d6255e993e73d7b1e,https://doi.org/10.1016/0736-5748(85)90070-X,JournalArticle,unknown,2,brain; hippocampus,
1985,[Experimental cerebral infarction in the dog].,"Shobu Shibata, A. Yasunaga, Kazuo Mori",Neurologia medico-chirurgica,1985-04-15,22,General Brain-AI Structure Reviews and Methods,brain-structure,10.2176/NMC.18PT2.377,7fc6b1ffc99510e8a97a7e1a4985bb2d66cccd57,https://doi.org/10.2176/NMC.18PT2.377,JournalArticle,unknown,2,brain; cerebral,
1985,Core histone variants and ubiquitinated histones 2A and 2B of rat cerebral cortex neurons.,"B. Piña, P. Suau",Biochemical and Biophysical Research Communications - BBRC,1985-12-17,22,"Cellular, Synaptic, and Neuromorphic Foundations",brain-structure,10.1016/0006-291X(85)90935-0,6ff891f628f50368d5ca721192eefaf5d73fd63f,https://doi.org/10.1016/0006-291X(85)90935-0,JournalArticle,unknown,18,cerebral; cortex; neuron; neuromorphic; brain/neural structure in title; explicit brain-structure/AI bridge,
1985,Developmental changes of neuron-specific enolase in human brain: an immunohistochemical study.,"M. Nishimura, S. Takashima, K. Takeshita, J. Tanaka",Brain & development (Tokyo. 1979),1985,22,"Cellular, Synaptic, and Neuromorphic Foundations",brain-structure,10.1016/S0387-7604(85)80052-8,c7936a096a55dd90ad09534e2679e29a9e73fddd,https://doi.org/10.1016/S0387-7604(85)80052-8,JournalArticle,unknown,17,brain; neuron; neuromorphic; brain/neural structure in title; explicit brain-structure/AI bridge,
1985,"Differentiation of [3H]phencyclidine and ( + )-[3H]SKF-10,047 binding sites in rat cerebral cortex","M. Goldman, A. Jacobson, K. Rice, S. Paul",FEBS Letters,1985-10-14,22,General Brain-AI Structure Reviews and Methods,brain-structure,10.1016/0014-5793(85)81313-2,34d107703e696b241b4770832747c27efb72c172,https://doi.org/10.1016/0014-5793(85)81313-2,JournalArticle; Study,unknown,6,brain; cerebral; cortex; brain/neural structure in title,
1985,Histidine Transport into Rat Brain Synaptosomes,"L. Hegstrand, J. Simon",Journal of Neurochemistry,1985-08-01,22,General Brain-AI Structure Reviews and Methods,brain-structure,10.1111/j.1471-4159.1985.tb04002.x,158bc7b1ef836bf74ff6733af5a4aec85fcc5f5f,https://doi.org/10.1111/j.1471-4159.1985.tb04002.x,JournalArticle,unknown,4,brain; brain/neural structure in title,
1985,"The modulation of cortical acetylcholine release by GABA, GABA-like drugs and benzodiazepines in freely moving guinea-pigs.","S. Tanganelli, C. Bianchi, L. Beani",Neuropharmacology,1985-04-01,22,General Brain-AI Structure Reviews and Methods,brain-structure,10.1016/0028-3908(85)90134-0,25cee88725fd175b9de3bf20d46c0baf7251d18d,https://doi.org/10.1016/0028-3908(85)90134-0,JournalArticle,unknown,2,brain; cortical,
1985,Thyrotrophin-releasing hormone inactivation by human postmortem brain.,"E. Griffiths, C. Baris, Theo J. Visser, W. Klootwijk",Regulatory Peptides,1985-03-01,22,General Brain-AI Structure Reviews and Methods,brain-structure,10.1016/0167-0115(85)90009-6,b5519738562427c1444bfa19601e577aa0f18ef1,https://doi.org/10.1016/0167-0115(85)90009-6,JournalArticle,unknown,4,brain; brain/neural structure in title,
1985,Autoradiographic demonstration of the selectivity of two 1-N-trifluoroethyl benzodiazepines for the BZD-1 receptors in the rat brain.,"J. Wamsley, J. S. Golden, Henry I. Yamamura, Allen Barnett","Pharmacology, Biochemistry and Behavior",1985-12-01,21,"Connectomics, Graph Models, and Brain Networks",brain-structure;connectome,10.1016/0091-3057(85)90103-0,1f8162b355603bab301b4eb8bb9b85106444f0d2,https://doi.org/10.1016/0091-3057(85)90103-0,JournalArticle,unknown,8,brain; brain/neural structure in title; historical computation/learning bridge,
1985,Chronic thyroxine treatment of rats down-regulates the noradrenergic cyclic AMP generating system in cerebral cortex.,"B. Schmidt, J. Schultz",Journal of Pharmacology and Experimental Therapeutics,1985-05-01,21,"Cellular, Synaptic, and Neuromorphic Foundations",brain-structure,10.1016/s0022-3565(25)21235-6,23a1ca79964b5b2340745502503827a33ff7df1f,https://doi.org/10.1016/s0022-3565(25)21235-6,JournalArticle,unknown,18,cerebral; cortex; cortical; neuromorphic; brain/neural structure in title; explicit brain-structure/AI bridge,"Treatment of Sprague-Dawley rats for 9 days with 15 micrograms/kg of tri-iodo-thyronine, 50 micrograms/kg of thyroxine (T4) or 500 micrograms/kg of thyrotropin-releasing hormone decreased the number of beta receptors in cerebral cortex as measured by dihydroalprenolol binding."
1985,Disturbances of Stereopsis by Brain Damage,A. Cowey,Unknown venue,1985,21,General Brain-AI Structure Reviews and Methods,brain-structure,10.1007/978-94-009-5071-9_11,7bbb4382df8cb8f5e16defd6e75ea2a545d4a736,https://doi.org/10.1007/978-94-009-5071-9_11,paper,unknown,4,brain; brain/neural structure in title,
1985,"Gangliosides, Neuroplasticity, and Behavioral Recovery after Brain Damage","B. Sabel, G. Dunbar, B. Fass, D. Stein",Unknown venue,1985,21,"Cellular, Synaptic, and Neuromorphic Foundations",brain-structure,10.1007/978-1-4684-5003-3_48,0fc38224edfd053ffcf4f1ebde144434d5226ce3,https://doi.org/10.1007/978-1-4684-5003-3_48,paper,unknown,16,brain; neuromorphic; brain/neural structure in title; explicit brain-structure/AI bridge,
1985,Relationship Between Activation State of Pyruvate Dehydrogenase Complex and Rate of Pyruvate Oxidation in Isolated Cerebro-Cortical Mitochondria: Effects of Potassium Ions and Adenine Nucleotides,"J. Lai, K. F. Sheu",Journal of Neurochemistry,1985-12-01,21,General Brain-AI Structure Reviews and Methods,brain-structure,10.1111/j.1471-4159.1985.tb10544.x,541a579c0ba0dfba640e69405825625849cabe0e,https://doi.org/10.1111/j.1471-4159.1985.tb10544.x,JournalArticle,unknown,2,brain; cortical,
1985,The binding of a 2-chloroethylamine derivative of oxotremorine (BM 123) to muscarinic receptors in the rat cerebral cortex.,"F. Ehlert, D. Jenden",Molecular Pharmacology,1985-08-01,21,Computational Neuroscience and Brain-Inspired AI,brain-structure;neuroimaging,10.1016/s0026-895x(25)13506-2,dd3047dc64a9a99dcb115e9f9ce02433a1a3da6f,https://doi.org/10.1016/s0026-895x(25)13506-2,JournalArticle,unknown,23,brain; cerebral; cortex; cortical; computational neuroscience; brain-inspired; brain/neural structure in title; explicit brain-structure/AI bridge,"The interaction of a mustard analogue of oxotremorine, N-[4-(2-chloroethylmethylamino)-2-butynyl]-2-pyrrolidone (BM 123), with muscarinic receptors in the rat cerebral cortex was investigated using 3H-ligand-binding methods."
1985,Vasopressin inhibits cyclic AMP accumulation and adenylate cyclase activity in cerebral preparations,Michael E. Newman,FEBS Letters,1985-02-25,21,General Brain-AI Structure Reviews and Methods,brain-structure,10.1016/0014-5793(85)80260-X,a804a8d57de9ee3c323ca19c58776ba79bf3cffa,https://doi.org/10.1016/0014-5793(85)80260-X,JournalArticle,unknown,2,brain; cerebral,
1985,Altered local cerebral glucose utilization by unilateral frontal cortical ablations in rats.,"S. Hosokawa, Motohiro Kato, Y. Aiko, F. Shima",Brain Research,1985-09-16,20,General Brain-AI Structure Reviews and Methods,brain-structure,10.1016/0006-8993(85)91152-7,3c160edc18116eaeb45f4d98080a73580cbdf59a,https://doi.org/10.1016/0006-8993(85)91152-7,JournalArticle,unknown,3,brain; cerebral; cortical,
1985,Chronic brain ischemia in the monkey assessed by somatosensory evoked potentials and local blood flow measurements.,"F. H. L. Silva, A. Dieren, J. Jonkman, C. A. F. Tulleken",Behavioural Brain Research,1985-04-01,20,"Electrophysiology, Neural Signals, and AI Decoding",brain-structure;neural-signals,10.1016/0166-4328(85)90061-0,ae083549645286419240517645c3acfc45bf2ce2,https://doi.org/10.1016/0166-4328(85)90061-0,JournalArticle,unknown,4,brain; brain/neural structure in title,
1985,Comparison of postnatal changes in alpha 1-adrenoceptor binding and adrenergic stimulation of phosphoinositide hydrolysis in rat cerebral cortex.,"D. Schoepp, Charles O. Rutledge",Biochemical Pharmacology,1985-08-01,20,General Brain-AI Structure Reviews and Methods,brain-structure,10.1016/0006-2952(85)90571-4,4f08a22c701e79f97a805b216d72e0b885f5a616,https://doi.org/10.1016/0006-2952(85)90571-4,JournalArticle; Study,unknown,6,brain; cerebral; cortex; brain/neural structure in title,
1985,Effect of propentofylline on cerebral metabolism of rats,V. Stefanovich,Unknown venue,1985,20,General Brain-AI Structure Reviews and Methods,brain-structure,10.1002/DDR.430060405,615fd606b540196c5352fe4d2d4487f57244e7bf,https://doi.org/10.1002/DDR.430060405,paper,unknown,2,brain; cerebral,
1985,Immunohistochemical studies on mouse cerebral cortex grafted into the third ventricle of rats treated with cyclosporin A.,"H. Inoue, S. Kohsaka, Kazunari Yoshida, M. Otani, S. Toya, Y. Tsukada",Neuroscience Letters,1985-06-24,20,General Brain-AI Structure Reviews and Methods,brain-structure,10.1016/0304-3940(85)90507-5,c5683fb789e893ef62f76bf936501569a94922ea,https://doi.org/10.1016/0304-3940(85)90507-5,JournalArticle,unknown,6,brain; cerebral; cortex; brain/neural structure in title,
1985,Interaction between perinatal brain damage and processes of normal brain development. Ultrasonographic and neurodevelopmental study in the first year of life.,"A. Calame, Fawer Cl, A. Anderegg, E. Perentes",Developmental Neuroscience,1985,20,"Connectomics, Graph Models, and Brain Networks",brain-structure;connectome,10.1159/000112272,7767421364bded749c62198cd86fcc1f6b59a190,https://doi.org/10.1159/000112272,JournalArticle,unknown,8,brain; brain/neural structure in title; historical computation/learning bridge,
1985,Interactions of quinidine and lidocaine with rat brain and heart muscarinic receptors.,"M. Cohen-Armon, Y. Henis, Y. Kloog, M. Sokolovsky",Biochemical and Biophysical Research Communications - BBRC,1985-02-28,20,General Brain-AI Structure Reviews and Methods,brain-structure,10.1016/S0006-291X(85)80162-5,4b601afb6d6d736980fe7b1a513fa76f1e0215c3,https://doi.org/10.1016/S0006-291X(85)80162-5,JournalArticle,unknown,4,brain; brain/neural structure in title,
1985,MRI and the study of aphasia,"L. Dewitt, A. Grek, F. Buonanno, D. Levine, J. Kistler",Neurology,1985-06-01,20,Structural Neuroimaging and AI,brain-structure;neuroimaging,10.1212/WNL.35.6.861,1fe0521ccc99e810e36ceb5211a8ff82804673a5,https://doi.org/10.1212/WNL.35.6.861,JournalArticle; CaseReport,unknown,1,mri,
1985,Porta-caval shunting changes neuronal sensitivity to ammonia.,"W. Raabe, G. Onstad",Journal of Neurological Sciences,1985-12-01,20,"Cellular, Synaptic, and Neuromorphic Foundations",,10.1016/0022-510X(85)90069-3,b6767b3eed0583231f61ff74a0f4095601b56069,https://doi.org/10.1016/0022-510X(85)90069-3,JournalArticle,unknown,13,neuron; neuromorphic; explicit brain-structure/AI bridge,
1985,Regional cerebral blood flow during bicuculline-induced seizures in the newborn piglet: effect of phenobarbital.,"M. Clozel, J. Daval, P. Monin, C. Dubruc, P. Morselli, P. Vert",Developmental Pharmacology and Therapeutics,1985,20,General Brain-AI Structure Reviews and Methods,brain-structure,10.1159/000457036,7e7ddeb802995d967acef550aa1f7a840dd81601,https://doi.org/10.1159/000457036,JournalArticle,unknown,2,brain; cerebral,
1985,"Thalamic projections to motor, prefrontal, and somatosensory cortex in the sheep studied by means of the horseradish peroxidase retrograde transport method","A. Dinopoulos, A. Karamanlidis, G. Papadopoulos, J. Antonopoulos, H. Michaloudi",The Journal of comparative neurology,1985-11-01,20,"Cognitive Architectures, Learning, and Systems Neuroscience",brain-structure,10.1002/cne.902410106,d248d8e814e68a0d657555fc5820042d8c44f670,https://doi.org/10.1002/cne.902410106,JournalArticle,unknown,16,cortex; cognitive architecture; brain/neural structure in title; explicit brain-structure/AI bridge,
1985,Alteration of alpha and muscarinic receptors in rat brain and heart following chronic nicotine treatment.,"K. Yamanaka, M. Oshita, I. Muramatsu",Brain Research,1985-12-02,19,General Brain-AI Structure Reviews and Methods,brain-structure,10.1016/0006-8993(85)90442-1,f9a5abdc6f4716bf5cdb2d150e4fa3221c80057a,https://doi.org/10.1016/0006-8993(85)90442-1,JournalArticle,unknown,4,brain; brain/neural structure in title,
1985,Changes in regional cerebral blood flow and glucose metabolism associated with symptoms of pyrethroid toxicity.,"Cremer Je, Seville Mp",Neurotoxicology,1985,19,General Brain-AI Structure Reviews and Methods,brain-structure,,05395c2aedf164c41d660ff9b1f62ffc34cd5669,https://www.semanticscholar.org/paper/05395c2aedf164c41d660ff9b1f62ffc34cd5669,JournalArticle,unknown,2,brain; cerebral,
1985,Characterization of [3H]pirenzepine binding to muscarinic cholinergic receptors solubilized from rat brain.,"G. Luthin, B. Wolfe",Journal of Pharmacology and Experimental Therapeutics,1985-07-01,19,General Brain-AI Structure Reviews and Methods,brain-structure;neuroimaging,10.1016/s0022-3565(25)23306-7,49b477530b55d298a282e54fc4aca975b57458f7,https://doi.org/10.1016/s0022-3565(25)23306-7,JournalArticle,unknown,7,brain; cerebral; cortex; cerebellum; brain/neural structure in title,Membranes prepared from rat cerebral cortex were solubilized in buffer containing 1% digitonin.
1985,Disturbed GABAergic transmission in mutant Han-Wistar rats: further evidence for basal ganglia dysfunction.,"M. Schwarz, W. Lo¨scher, L. Turski, K. Sontag",Brain Research,1985-11-18,19,General Brain-AI Structure Reviews and Methods,brain-structure,10.1016/0006-8993(85)90185-4,20cf3d7cb1edd6ab05ed056ea3c1240fa3b34128,https://doi.org/10.1016/0006-8993(85)90185-4,JournalArticle,unknown,2,brain; basal ganglia,
1985,Effect of ovariectomy and estrogen on [3H]imipramine binding to different regions of rat brain.,"M. Stockert, E. De robertis",European Journal of Pharmacology,1985-12-17,19,General Brain-AI Structure Reviews and Methods,brain-structure,10.1016/0014-2999(85)90306-1,7823ca4c5a55e5ae18188a22f289cf7d9cf42429,https://doi.org/10.1016/0014-2999(85)90306-1,JournalArticle,unknown,4,brain; brain/neural structure in title,
1985,"Existence of a Ca2+-dependent K+ channel in synaptic membrane and postsynaptic density fractions isolated from canine cerebral cortex and cerebellum, as determined by apamin binding.","Kuo Wu, R. Carlin, L. Sachs, P. Siekevitz",Brain Research,1985-12-23,19,"Cellular, Synaptic, and Neuromorphic Foundations",brain-structure,10.1016/0006-8993(85)91234-X,5241a2220311bf180ff4a59730dc8819cc55322a,https://doi.org/10.1016/0006-8993(85)91234-X,JournalArticle,unknown,18,cerebral; cortex; cerebellum; neuromorphic; brain/neural structure in title; explicit brain-structure/AI bridge,
1985,Immunochemical Characterization of Pyruvate Dehydrogenase Complex in Rat Brain,"K. F. Sheu, J. Lai, Y. Kim, Gary Dorante, Jennifer Bagg",Journal of Neurochemistry,1985-02-01,19,General Brain-AI Structure Reviews and Methods,brain-structure,10.1111/j.1471-4159.1985.tb05453.x,9f23e13bead3aae858af4e8724d14f46f6444f50,https://doi.org/10.1111/j.1471-4159.1985.tb05453.x,JournalArticle; Study,unknown,4,brain; brain/neural structure in title,
1985,Inhibition by yohimbine of the calcium-dependent evoked release of [3H]GABA in rat and mouse brain slices in vitro.,"Y. Maurin, S. Arbilla, S. Z. Langer",European Journal of Pharmacology,1985-04-23,19,General Brain-AI Structure Reviews and Methods,brain-structure,10.1016/0014-2999(85)90111-6,1d5b852e16bf3fe584da1df13bb8fb5688acb5ba,https://doi.org/10.1016/0014-2999(85)90111-6,JournalArticle,unknown,4,brain; brain/neural structure in title,
1985,Osier and Neurology,G. Ebers,Canadian Journal of Neurological Sciences / Journal Canadien des Sciences Neurologiques,1985-08-01,19,General Brain-AI Structure Reviews and Methods,brain-structure,10.1017/S0317167100047089,2bfb50d198df9ee12e7ee514373ec31420b99169,https://doi.org/10.1017/S0317167100047089,JournalArticle; Review,unknown,1,brain,
1985,Post-natal development of pyramidal tract neurones in kittens.,"H. Oka, A. Samejima, T. Yamamoto",Journal of Physiology,1985-06-01,19,"Cellular, Synaptic, and Neuromorphic Foundations",,10.1113/jphysiol.1985.sp015723,68db35359ec4993dda397d85acf82df9152578d2,https://doi.org/10.1113/jphysiol.1985.sp015723,JournalArticle,unknown,13,neuron; neuromorphic; explicit brain-structure/AI bridge,
1985,Regulation of anterior pituitary and brain beta-adrenergic receptors by ovarian steroids.,"S. Petrović, J. Mcdonald, J. C. de Castro, G. Snyder, S. Mccann",Life Science,1985-10-28,19,General Brain-AI Structure Reviews and Methods,brain-structure,10.1016/0024-3205(85)90474-6,492951182f79887779cbe09335e3ad48a914b2c5,https://doi.org/10.1016/0024-3205(85)90474-6,JournalArticle,unknown,4,brain; brain/neural structure in title,
1985,Sulfate Conjugation of Monoamines in Human Brain: Purification and Some Properties of an Arylamine Sulfotransferase from Cerebral Cortex,"P. Yu, B. Rozdilsky, A. Boulton",Journal of Neurochemistry,1985-09-01,19,General Brain-AI Structure Reviews and Methods,brain-structure,10.1111/j.1471-4159.1985.tb04070.x,9c3af1dd6798a9d61660476cfa3841d11d8a231b,https://doi.org/10.1111/j.1471-4159.1985.tb04070.x,JournalArticle,unknown,6,brain; cerebral; cortex; brain/neural structure in title,
1985,"The near infrared (NIR) absorption band of cytochrome aa3 in purified enzyme, isolated mitochondria and in the intact brain in situ.","H. Keizer, F. F. Jöbsis-Vander Vliet, S. Lucas, C. Piantadosi, A. L. Sylvia",Advances in Experimental Medicine and Biology,1985,19,General Brain-AI Structure Reviews and Methods,brain-structure,10.1007/978-1-4684-3291-6_82,468363d5d24fa06752a0518b42a7dde07024739c,https://doi.org/10.1007/978-1-4684-3291-6_82,JournalArticle,unknown,4,brain; brain/neural structure in title,
1985,Brain benzodiazepine receptor binding and purine concentration in Lesch-Nyhan syndrome.,"S. Kish, I. Fox, B. Kapur, K. Lloyd, O. Hornykiewicz",Brain Research,1985-06-10,18,General Brain-AI Structure Reviews and Methods,brain-structure,10.1016/0006-8993(85)90422-6,eb51f19caa94c3ad0310b54a68e50631a527bc4e,https://doi.org/10.1016/0006-8993(85)90422-6,JournalArticle,unknown,4,brain; brain/neural structure in title,
1985,Characterization of peripheral-type benzodiazepine recognition sites in the rat spinal cord.,J. Villiger,Neuropharmacology,1985-02-01,18,"Electrophysiology, Neural Signals, and AI Decoding",neural-signals,10.1016/0028-3908(85)90166-2,44745f6812e54547a916914deeae63d5b6e72c04,https://doi.org/10.1016/0028-3908(85)90166-2,JournalArticle,unknown,13,ecog; cognitive architecture; explicit brain-structure/AI bridge,
1985,"Effect of Acute Hypoxia on Ascorbate Content of Plasma, Cerebral Cortex, and Adrenal Gland","I. Arad, A. Sidi, E. Shohami",Journal of Neurochemistry,1985-09-01,18,General Brain-AI Structure Reviews and Methods,brain-structure,10.1111/j.1471-4159.1985.tb04058.x,93799690cb0991923244e4a36adb1e5e3106d97a,https://doi.org/10.1111/j.1471-4159.1985.tb04058.x,JournalArticle,unknown,6,brain; cerebral; cortex; brain/neural structure in title,
1985,Elevation of transamination of branched chain amino acids in brain in acute ammonia toxicity.,"J. Jessy, Ch.R.K. Murthy",Neurochemistry International,1985,18,General Brain-AI Structure Reviews and Methods,brain-structure,10.1016/0197-0186(85)90151-2,25b2dc9d85f967deea2a8499b7c4f2d06eca45d6,https://doi.org/10.1016/0197-0186(85)90151-2,JournalArticle,unknown,4,brain; brain/neural structure in title,
1985,Further studies on reflectometric monitoring of cerebrocortical microcirculation. Importance of lactate anions in coupling between cerebral blood flow and metabolism.,E. Dóra,Acta Physiologica Hungarica,1985,18,General Brain-AI Structure Reviews and Methods,brain-structure,,839e437b87b3da2b7dc33da27ba203c73941cd28,https://www.semanticscholar.org/paper/839e437b87b3da2b7dc33da27ba203c73941cd28,JournalArticle,unknown,3,brain; cerebral; cortical,
1985,Immunocytochemical studies of somatostatin neurons in brain.,"R. Elde, O. Johansson, T. Hökfelt",Advances in Experimental Medicine and Biology,1985,18,"Cellular, Synaptic, and Neuromorphic Foundations",brain-structure,10.1007/978-1-4615-7886-4_10,b389d03574ea1ae7c63cc19eed67073ce2efedd2,https://doi.org/10.1007/978-1-4615-7886-4_10,JournalArticle,unknown,17,brain; neuron; neuromorphic; brain/neural structure in title; explicit brain-structure/AI bridge,
1985,Solubilization and characterization of high and low affinity pirenzepine binding sites from rat cerebral cortex,"C. Berrie, N. Birdsall, E. Hulme, M. Keen, J. Stockton",British Journal of Pharmacology,1985-07-01,18,General Brain-AI Structure Reviews and Methods,brain-structure,10.1111/j.1476-5381.1985.tb10566.x,6dfcb0361aebad610248008de8b735ae3f4f3b3a,https://doi.org/10.1111/j.1476-5381.1985.tb10566.x,JournalArticle,unknown,6,brain; cerebral; cortex; brain/neural structure in title,
1985,Somatosensory evoked potentials in patients with occlusions of cerebral arteries.,"Lubor Stejskal, Josef Sobota",Electroencephalography and Clinical Neurophysiology,1985-12-01,18,Clinical NeuroAI and Brain Disorders,brain-structure;connectome;neural-signals;clinical-neuroai,10.1016/0013-4694(85)90966-6,3329338b73352d270139d756593ba06fb12c7169,https://doi.org/10.1016/0013-4694(85)90966-6,JournalArticle,unknown,2,brain; cerebral,
1985,Somatostatin and the cerebral cortex.,R. Robbins,Advances in Experimental Medicine and Biology,1985,18,General Brain-AI Structure Reviews and Methods,brain-structure,10.1007/978-1-4615-7886-4_12,5520e7b48a718e9644a0d46ea88735a7cfd0bcf8,https://doi.org/10.1007/978-1-4615-7886-4_12,Review; JournalArticle,unknown,6,brain; cerebral; cortex; brain/neural structure in title,
1985,The effect of nicotine and cytisine on3H-acetylcholine release from cortical slices of guinea-pig brain,"L. Beani, C. Bianchi, L. Nilsson, A. Nordberg, L. Romanelli, L. Sivilotti",Naunyn-Schmiedeberg's Archives of Pharmacology,1985-11-01,18,General Brain-AI Structure Reviews and Methods,brain-structure,10.1007/BF00634252,4084a98b13b5c2fbbab877a7b11e501979357163,https://doi.org/10.1007/BF00634252,JournalArticle,unknown,5,brain; cortical; brain/neural structure in title,
1985,Thyroid hormones reversibly suppress somatostatin secretion and immunoreactivity in cultured neocortical cells.,"R. Peterfreund, P. Sawchenko, W. Vale",Brain Research,1985-03-04,18,"Cellular, Synaptic, and Neuromorphic Foundations",brain-structure,10.1016/0006-8993(85)91037-6,21ec9de32a1cba4a4c0d5f4431ae8b6b3745b064,https://doi.org/10.1016/0006-8993(85)91037-6,JournalArticle; Study,unknown,13,cortical; neuromorphic; explicit brain-structure/AI bridge,
1985,Acute effects of lead at central synapses in vitro.,"I. Spence, C. Drew, G. Johnston, D. Lodge",Brain Research,1985-04-29,17,"Cellular, Synaptic, and Neuromorphic Foundations",brain-structure,10.1016/0006-8993(85)90129-5,547264d0739dc3ee439e8b847e083bdca3d0dadd,https://doi.org/10.1016/0006-8993(85)90129-5,JournalArticle,unknown,13,synapse; neuromorphic; explicit brain-structure/AI bridge,
1985,Aging: effects on sodium- and potassium-activated adenosine triphosphatase activity and ouabain binding sites in rat brain.,"Richard H. Kennedy, Tai Akera, Yumi Katano",Journal of Gerontology,1985-07-01,17,General Brain-AI Structure Reviews and Methods,brain-structure,10.1093/GERONJ/40.4.401,ab53d3f439c9cdc45722ef6ec49582bca8b49801,https://doi.org/10.1093/GERONJ/40.4.401,JournalArticle,unknown,4,brain; brain/neural structure in title,
1985,Cortical acetylcholine efflux with hypercapnia and nociceptive stimulation.,"D. Hudson, D. Jenden, O. Scremin, R. R. Sonnenschein",Brain Research,1985-07-15,17,General Brain-AI Structure Reviews and Methods,brain-structure,10.1016/0006-8993(85)90156-8,4ca57ba7f47d90adcf00766b24993e6d7158a3ca,https://doi.org/10.1016/0006-8993(85)90156-8,JournalArticle,unknown,2,brain; cortical,
1985,Effects of piperine on convulsions and on brain serotonin and catecholamine levels in E1 mice,"A. Mori, H. Kabuto, Y. Pei",Neurochemical Research,1985-09-01,17,General Brain-AI Structure Reviews and Methods,brain-structure,10.1007/BF00964845,a8785bbb60b42e66a3ee02d741adac33780e00cb,https://doi.org/10.1007/BF00964845,JournalArticle,unknown,4,brain; brain/neural structure in title,
1985,H2 histaminic receptors in rat cerebral cortex. 1. Binding of [3H]histamine.,"G. Steinberg, J. Eppel, M. Kandel, S. I. Kandel, J. W. Wells",Biochemistry,1985-10-22,17,General Brain-AI Structure Reviews and Methods,brain-structure,10.1021/BI00343A011,064dc896cfa8288edf218b8c51513dd16023b5c0,https://doi.org/10.1021/BI00343A011,JournalArticle,unknown,6,brain; cerebral; cortex; brain/neural structure in title,
1985,Late changes in cerebral monoamine metabolism following focal ventrolateral cerebrocortical lesions in rats.,"S. Finklestein, A. Campbell, R. Baldessarini, K. L. Moya, S. Haber",Brain Research,1985-10-07,17,General Brain-AI Structure Reviews and Methods,brain-structure,10.1016/0006-8993(85)90796-6,85806d40a1922976ae9f9e5c0e5c6939729e3a3d,https://doi.org/10.1016/0006-8993(85)90796-6,JournalArticle,unknown,3,brain; cerebral; cortical,
1985,Localization of chick retinal visinin-like immunoreactivity in the rat forebrain and diencephalon.,"K. Takami, H. Kiyama, S. Hatakenaya, Masaya Tohyama, Naomasa Miki",Neuroscience,1985-07-01,17,General Brain-AI Structure Reviews and Methods,brain-structure,10.1016/0306-4522(85)90068-5,5ca9603479ecf4e9836c308cdcaa2582207f68af,https://doi.org/10.1016/0306-4522(85)90068-5,JournalArticle,unknown,4,brain; brain/neural structure in title,
1985,Long lasting changes in gerbil brain after chronic ethanol exposure: a quantitative study of the glial cell marker S-100 and DNA.,"L. Rosengren, A. Wronski, C. Briving, K. Haglid",Alcoholism: Clinical and Experimental Research,1985-03-01,17,"Cellular, Synaptic, and Neuromorphic Foundations",brain-structure;clinical-neuroai,10.1111/J.1530-0277.1985.TB05528.X,7f0ae35bae8a585d0c3a2462b7c5da8ec4a30a7a,https://doi.org/10.1111/J.1530-0277.1985.TB05528.X,JournalArticle,unknown,16,brain; neuromorphic; brain/neural structure in title; explicit brain-structure/AI bridge,
1985,Prodynorphin immunoreactivity is located in different neurons than proenkephalin immunoreactivity in the cerebral cortex of rats.,J. McGinty,Neuropeptides,1985-02-01,17,"Cellular, Synaptic, and Neuromorphic Foundations",brain-structure,10.1016/0143-4179(85)90055-1,125fd4dd4be8755904118e69e906aed712433193,https://doi.org/10.1016/0143-4179(85)90055-1,JournalArticle; Study,unknown,18,cerebral; cortex; neuron; neuromorphic; brain/neural structure in title; explicit brain-structure/AI bridge,
1985,Reduction of GABAB receptor binding induced by climbing fiber degeneration in the rat cerebellum.,"K. Kato, H. Fukuda",Life Science,1985-07-22,17,General Brain-AI Structure Reviews and Methods,brain-structure,10.1016/0024-3205(85)90654-X,a1b7c2d318e88de9072e45a5fe9b8570eef6bae8,https://doi.org/10.1016/0024-3205(85)90654-X,JournalArticle; Study,unknown,2,brain; cerebellum,
1985,"Selective blockade of an excitatory synapse in rat cerebral cortex by the sigma opiate cyclazocine: an intracellular, in vitro study.","A. Thomson, David Lodge",Neuroscience Letters,1985-02-28,17,"Cellular, Synaptic, and Neuromorphic Foundations",brain-structure,10.1016/S0304-3940(85)80112-9,c7f9be85d1ca712dc3a7682a99c2af0776162b63,https://doi.org/10.1016/S0304-3940(85)80112-9,JournalArticle; Study,unknown,18,cerebral; cortex; synapse; neuromorphic; brain/neural structure in title; explicit brain-structure/AI bridge,
1985,Studies on the effect of iron overload on rat cortex synaptosomal membranes.,"K. Nagy, R. Floyd, P. Simon, I. Nagy",Biochimica et Biophysica Acta,1985-11-07,17,General Brain-AI Structure Reviews and Methods,brain-structure,10.1016/0005-2736(85)90115-4,d465d8d718e6897659ce4be22ea198f6280219f2,https://doi.org/10.1016/0005-2736(85)90115-4,JournalArticle,unknown,5,brain; cortex; brain/neural structure in title,
1985,"Studies on the in vivo release of vasoactive intestinal polypeptide (VIP) from the cerebral cortex: effects of cortical, brainstem and somatic stimuli.","Jia-Yi Wang, T. Yaksh, V. Go",Brain Research,1985-02-11,17,General Brain-AI Structure Reviews and Methods,brain-structure,10.1016/0006-8993(85)90042-3,798b5f9e38eb5518ef77eb51b8d907485d9a5b38,https://doi.org/10.1016/0006-8993(85)90042-3,JournalArticle,unknown,8,brain; cerebral; cortex; cortical; brainstem; brain/neural structure in title,
1985,"The comparative effects of frontal, parietal, occipitotemporal, and limbic forebrain lesions in weanling rats on learning.","Robert Thompson, Jen Yu",Physiology and Behavior,1985-10-01,17,"Cognitive Architectures, Learning, and Systems Neuroscience",brain-structure,10.1016/0031-9384(85)90141-6,1ec2b4a72f502f211d4011282c8dbde10e281d5a,https://doi.org/10.1016/0031-9384(85)90141-6,JournalArticle,unknown,16,brain; cognitive architecture; brain/neural structure in title; explicit brain-structure/AI bridge,
1985,The role of cerebral blood volume changes in brain specific-gravity measurements.,"P. Picozzi, N. Todd, A. Crockard",Journal of Neurosurgery,1985-05-01,17,General Brain-AI Structure Reviews and Methods,brain-structure,10.3171/JNS.1985.62.5.0704,f9432e6e6459efc8eaea8792201d3fad864b8a87,https://doi.org/10.3171/JNS.1985.62.5.0704,JournalArticle,unknown,5,brain; cerebral; brain/neural structure in title,
1985,Threshold of synaptically elicited cortical spreading depression: drug-induced changes in rats.,"V. I. Koroleva, M. Oitzl, J. Bureš",Electroencephalography and Clinical Neurophysiology,1985,17,"Electrophysiology, Neural Signals, and AI Decoding",brain-structure;connectome;neural-signals;clinical-neuroai,10.1016/0013-4694(85)90951-4,ca4d57749bb4c24a8cdfbfa146fd16d39743b824,https://doi.org/10.1016/0013-4694(85)90951-4,JournalArticle,unknown,6,brain; cortical; historical computation/learning bridge,
1985,Altered postnatal ontogeny of α1- and α2-Adrenoceptor binding sites in the brain of a convulsive mutant mouse (quaking),"Y. Maurin, F. L. Saux, C. Graillot, N. Baumann",Unknown venue,1985-10-01,16,General Brain-AI Structure Reviews and Methods,brain-structure,10.1016/0165-3806(85)90174-9,3df3f30b24508ff2cb11769d22d12a66aeb55f9e,https://doi.org/10.1016/0165-3806(85)90174-9,paper,unknown,4,brain; brain/neural structure in title,
1985,Antidepressant drugs given repeatedly increase binding to alpha 1-adrenoceptors in the rat cortex.,"J. Maj, V. Klimek, G. Nowak",European Journal of Pharmacology,1985,16,General Brain-AI Structure Reviews and Methods,brain-structure,,d15788d1de4e10fcaa01d8d4bd5addcd3c39a543,https://www.semanticscholar.org/paper/d15788d1de4e10fcaa01d8d4bd5addcd3c39a543,JournalArticle,unknown,5,brain; cortex; brain/neural structure in title,
1985,Brain γ-aminobutyric acid deficiency in dialysis encephalopathy,"V. P. Sweeney, T. Perry, J. Price, C. E. Reeve, W. Godolphin, S. Kish",Neurology,1985-02-01,16,General Brain-AI Structure Reviews and Methods,brain-structure,10.1212/WNL.35.2.180,f079a2e006dbffebbde212657f7b830cdaeedf2e,https://doi.org/10.1212/WNL.35.2.180,paper,unknown,4,brain; brain/neural structure in title,
1985,Cerebral subcortical calcification and hypoparathyroidism--a case report and review of the literature.,"Y. Moriwaki, K. Matsui, T. Yamamoto, T. Hada, K. Higashino",Japanese Journal of Medicine,1985-02-01,16,General Brain-AI Structure Reviews and Methods,brain-structure,10.2169/INTERNALMEDICINE1962.24.53,f54d66583e909d2bc1d023a85c5606079129f38d,https://doi.org/10.2169/INTERNALMEDICINE1962.24.53,JournalArticle; CaseReport; Review,unknown,3,brain; cerebral; cortical,
1985,Effects of neonatal methylmercury exposure on development of nucleic acids and proteins in rat brain: regional specificity.,"T. Slotkin, S. Pachman, R. Kavlock, J. Bartolome",Brain Research Bulletin,1985-05-01,16,General Brain-AI Structure Reviews and Methods,brain-structure,10.1016/0361-9230(85)90015-2,a10b6be04c9b279abaaeb82bf61e010f0dbf36e1,https://doi.org/10.1016/0361-9230(85)90015-2,JournalArticle,unknown,4,brain; brain/neural structure in title,
1985,Electrophysiological and receptor studies in rat brain: effects of clorgyline.,"I. C. Campbell, D. Gallager, Margaret Hamburg, J. Tallman, D. Murphy",European Journal of Pharmacology,1985-05-20,16,General Brain-AI Structure Reviews and Methods,brain-structure,10.1016/0014-2999(85)90642-9,62fb68742baaac2f062f6086cb8222ca944ce389,https://doi.org/10.1016/0014-2999(85)90642-9,JournalArticle,unknown,4,brain; brain/neural structure in title,
1985,Muscarinic mobilization of choline in rat cerebral cortex does not involve alterations of blood-brain barrier.,"R. Brehm, R. Brehm, Renato Corradetti, Renato Corradetti, Volker Krahn, Volker Krahn, et al.",Brain Research,1985-10-21,16,General Brain-AI Structure Reviews and Methods,brain-structure,10.1016/0006-8993(85)91007-8,791643d63a9740796fa457b2087ec7b29320560f,https://doi.org/10.1016/0006-8993(85)91007-8,JournalArticle,unknown,6,brain; cerebral; cortex; brain/neural structure in title,
1985,RESEARCH NOTE Growth and Plasticity of Rat Cerebral Cortex after Central Noradrenaline Depletion,"Eli Brenner, M. Mirmiran, H. Uylings, A. J. van",Unknown venue,1985,16,"Cellular, Synaptic, and Neuromorphic Foundations",brain-structure,,11cda3088d2f87f0c7afbe798296eca1c74ef956,https://www.semanticscholar.org/paper/11cda3088d2f87f0c7afbe798296eca1c74ef956,paper,unknown,17,cerebral; cortex; neuromorphic; brain/neural structure in title; explicit brain-structure/AI bridge,
1985,Simultaneous recordings from pairs of cat somatosensory cortical neurons with overlapping peripheral receptive fields.,"R. Metherate, Robert W. Dykes",Brain Research,1985-08-19,16,"Cellular, Synaptic, and Neuromorphic Foundations",brain-structure,10.1016/0006-8993(85)91479-9,8c92564266210af63323510f0e79b9536896b356,https://doi.org/10.1016/0006-8993(85)91479-9,JournalArticle,unknown,14,cortical; neuron; neuromorphic; explicit brain-structure/AI bridge,
1985,"Synthesis and interaction of 5-(substituted-phenyl)-3-methyl-6,7-dihydropyrazolo[4,3-e] [1,4]diazepin-8(7H)-ones with benzodiazepine receptors in rat cerebral cortex.","P. Baraldi, S. Manfredini, V. Periotto, D. Simoni, M. Guarneri, P. Borea",Journal of Medicinal Chemistry,1985-05-01,16,General Brain-AI Structure Reviews and Methods,brain-structure,10.1021/JM50001A025,bcd7f86d44dc7b20f62a8d6b7f9dc16d72f0091e,https://doi.org/10.1021/JM50001A025,JournalArticle,unknown,6,brain; cerebral; cortex; brain/neural structure in title,
1985,"The effects of neurotensin, vasoactive intestinal polypeptide and other neuropeptides on the secretion of somatostatin from cerebral cortical cells.","R. Robbins, R. Landon",Brain Research,1985-04-15,16,"Cellular, Synaptic, and Neuromorphic Foundations",brain-structure,10.1016/0006-8993(85)90400-7,fd0211be5d223f7f4f6187580b2c8d09fb27e4e3,https://doi.org/10.1016/0006-8993(85)90400-7,JournalArticle; Study,unknown,14,cerebral; cortical; neuromorphic; explicit brain-structure/AI bridge,
1985,The somatostatin-28 convertase of rat brain cortex is associated with secretory granule membranes.,"S. Gomez, P. Gluschankof, A. Morel, P. Cohen",Journal of Biological Chemistry,1985-09-05,16,General Brain-AI Structure Reviews and Methods,brain-structure,,9bfcd440bc496fc29038b448a31c4b76172b924a,https://www.semanticscholar.org/paper/9bfcd440bc496fc29038b448a31c4b76172b924a,JournalArticle,unknown,5,brain; cortex; brain/neural structure in title,
1985,Adrenergic receptors on cerebral microvessels in control and parkinsonian subjects.,"R. Cash, F. Lasbennes, R. Sercombe, Jacques Seylaz, Y. Agid",Life Science,1985-08-12,15,Clinical NeuroAI and Brain Disorders,brain-structure;clinical-neuroai,10.1016/0024-3205(85)90465-5,c92fbc4f438ec8246619be047d45edf444a8baff,https://doi.org/10.1016/0024-3205(85)90465-5,JournalArticle; Study,unknown,2,brain; cerebral,
1985,Cerebral polygyria in the Chiari Type II (Arnold-Chiari) malformation.,"R. McLendon, B. Crain, W. Oakes, P. Burger",Clinical Neuropathology,1985-05-19,15,Clinical NeuroAI and Brain Disorders,brain-structure;clinical-neuroai,,11ec0c2d7d886cb5b3c296cda525b4c03133053e,https://www.semanticscholar.org/paper/11ec0c2d7d886cb5b3c296cda525b4c03133053e,JournalArticle,unknown,2,brain; cerebral,
1985,"Cerebral, renal, adrenal, intestinal, and pancreatic circulation in conscious ponies and during 1.0, 1.5, and 2.0 minimal alveolar concentrations of halothane-O2 anesthesia.","Murli Manohar, T. E. Goetz",American Journal of Veterinary Research,1985-12-01,15,General Brain-AI Structure Reviews and Methods,brain-structure,10.2460/ajvr.1985.46.12.2492,23660c9457e3c47bd4edf196f148a4cc2a0bc541,https://doi.org/10.2460/ajvr.1985.46.12.2492,JournalArticle,unknown,7,brain; cerebral; cortex; cortical; thalamus; hypothalamus,"Blood flow to the brain, kidneys, adrenal glands, pancreas, and small intestine was studied in 8 healthy ponies while awake (control) and during 1.0, 1.5, and 2.0 minimal alveolar concentrations (MAC) of anesthesia produced, using halothane vaporized in oxygen."
1985,Colour Pathways and Hierarchies in the Cerebral Cortex,S. Zeki,Unknown venue,1985,15,General Brain-AI Structure Reviews and Methods,brain-structure,10.1007/978-1-349-08020-5_3,2cbdc40b8fd2ec816e849cadfefebe5d7c15a977,https://doi.org/10.1007/978-1-349-08020-5_3,Review,unknown,6,brain; cerebral; cortex; brain/neural structure in title,
1985,Critical Neuromonitoring at Spinal and Brainstem Levels by Somatosensory Evoked Potentials,J. Desmedt,Central Nervous System Trauma,1985-09-01,15,"Electrophysiology, Neural Signals, and AI Decoding",brain-structure;neural-signals,10.1089/cns.1985.2.169,6704dd3eef7079dfa97053010b854f541b30b8af,https://doi.org/10.1089/cns.1985.2.169,JournalArticle,unknown,5,brain; brainstem; brain/neural structure in title,
1985,Differences in some of the metabolic properties of mitochondria isolated from cerebral cortex and olfactory bulb of the rat.,"J. Lai, K. R. Sheu, K. Carlson",Brain Research,1985-09-16,15,General Brain-AI Structure Reviews and Methods,brain-structure,10.1016/0006-8993(85)91157-6,5d60b2a2f9b7fd6517307f4cc52e1793ac8728e5,https://doi.org/10.1016/0006-8993(85)91157-6,JournalArticle; Study,unknown,6,brain; cerebral; cortex; brain/neural structure in title,
1985,"Dolichols are elevated in brain tissue from Alzheimer's disease, but not in urinary sediment from Alzheimer's disease and Down's syndrome.","L. Wolfe, N. M. K. Ng Ying Kin, J. Palo, C. Bergeron, M. Kotila, S. Varonen",Molecular and Chemical Neuropathology,1985,15,Clinical NeuroAI and Brain Disorders,brain-structure;clinical-neuroai,,25a8c1e88c7a019ce908580bae9deee23e6b4495,https://www.semanticscholar.org/paper/25a8c1e88c7a019ce908580bae9deee23e6b4495,JournalArticle,unknown,4,brain; brain/neural structure in title,
1985,Electrical activity of the cerebral cortex during induced hypotension in man. A comparison of sodium nitroprusside and trimetaphan.,"W. Thomas, P. Cole, N. Etherington, P. Prior, S. Stefánsson",British Journal of Anaesthesia,1985-02-01,15,Clinical NeuroAI and Brain Disorders,brain-structure;clinical-neuroai,10.1093/BJA/57.2.134,e6e01356a127791ff61300f42bf03f3a341e201f,https://doi.org/10.1093/BJA/57.2.134,JournalArticle; Study; ClinicalTrial,unknown,6,brain; cerebral; cortex; brain/neural structure in title,
1985,"Evidence for [D-Ala2,D-Leu5]Enkephalin-Induced Supersensitivity to 5-Hydroxytryptamine in a Neurotumor × Brain Hybrid Cell Line (NCB-20)","E. Berry-Kravis, G. Dawson",Journal of Neurochemistry,1985-12-01,15,"Cellular, Synaptic, and Neuromorphic Foundations",brain-structure,10.1111/j.1471-4159.1985.tb10528.x,72c987ff6bfd673390c23a482389fe07b6784563,https://doi.org/10.1111/j.1471-4159.1985.tb10528.x,JournalArticle,unknown,16,brain; neuromorphic; brain/neural structure in title; explicit brain-structure/AI bridge,
1985,H2 histaminic receptors in rat cerebral cortex. 3. Inhibition of [3H]histamine by H2 agonists.,"G. Steinberg, M. Kandel, S. I. Kandel, J. W. Wells",Biochemistry,1985-10-22,15,General Brain-AI Structure Reviews and Methods,brain-structure,10.1021/BI00343A013,d765e9670a730f867c314ddc5c931d6976227ade,https://doi.org/10.1021/BI00343A013,JournalArticle,unknown,6,brain; cerebral; cortex; brain/neural structure in title,
1985,Hyperthermia-Induced Seizures in Rat Pups with Preexisting Ischemic Brain Injury,"J. Olson, D. Horne, D. Holtzman, Michael W. Miller",Epilepsia,1985-08-01,15,General Brain-AI Structure Reviews and Methods,brain-structure,10.1111/j.1528-1157.1985.tb05663.x,223a2633a6155ca1ba13b4bee71574273072ef97,https://doi.org/10.1111/j.1528-1157.1985.tb05663.x,JournalArticle,unknown,4,brain; brain/neural structure in title,
1985,Immunohistochemical localization of protein-O-carboxylmethyltransferase in rat brain neurons.,"Melvin L. Billingsley, S. Kim, Donald M. Kuhn",Neuroscience,1985-05-01,15,"Cellular, Synaptic, and Neuromorphic Foundations",brain-structure,10.1016/0306-4522(85)90130-7,09d12a40470fed5dc6e9467ca40e92b037ea0438,https://doi.org/10.1016/0306-4522(85)90130-7,JournalArticle,unknown,17,brain; neuron; neuromorphic; brain/neural structure in title; explicit brain-structure/AI bridge,
1985,Mitochondrial redox responses to cerebral ischaemia produced by four-vessel occlusion in the rat.,"M. Harrison, T. Sick, M. Rosenthal",Neurological Research,1985-09-01,15,General Brain-AI Structure Reviews and Methods,brain-structure,10.1080/01616412.1985.11739712,62c2cc4461384bee90dc967495dc2c00e6b2612c,https://doi.org/10.1080/01616412.1985.11739712,JournalArticle,unknown,2,brain; cerebral,
1985,Molecular characterization of muscarinic receptor subtypes in bovine cerebral cortex by radiation inactivation and molecular exclusion h.p.l.c.,"O. Shirakawa, C. Tanaka",British Journal of Pharmacology,1985-10-01,15,General Brain-AI Structure Reviews and Methods,brain-structure,10.1111/j.1476-5381.1985.tb08906.x,5db0897cbbbedfefc973b29eb8d50fbf4234e917,https://doi.org/10.1111/j.1476-5381.1985.tb08906.x,JournalArticle,unknown,6,brain; cerebral; cortex; brain/neural structure in title,
1985,"Plasma kinetics, tissue distribution, and cerebrocortical sources of reverse triiodothyronine in the rat.","M. Obregon, P. Larsen, J. E. Silva",Endocrinology,1985-06-01,15,General Brain-AI Structure Reviews and Methods,brain-structure,10.1210/ENDO-116-6-2192,91674c03bb5e5052ed59f110c13d139473f6e53e,https://doi.org/10.1210/ENDO-116-6-2192,JournalArticle,unknown,2,brain; cortical,
1985,"Potent enhancement of [3H]nitrendipine binding in rat cerebral cortical and cardiac homogenates: a putative mechanism for the action of MDL 12,330A.","Howard Lee, J. Jaros, W. Roeske, N. Wiech, R. Ursillo, Henry I. Yamamura",Journal of Pharmacology and Experimental Therapeutics,1985-06-01,15,General Brain-AI Structure Reviews and Methods,brain-structure,10.1016/s0022-3565(25)22879-8,7b25be79c0338c81548f7fa3832fef592112c7f0,https://doi.org/10.1016/s0022-3565(25)22879-8,JournalArticle,unknown,4,brain; cerebral; cortex; cortical,"[3H]Nitrendipine [( 3H]NTD), a specific high-affinity calcium channel antagonist, was used to label dihydropyridine binding sites associated with calcium channels in rat cerebral cortical and cardiac homogenates."
1985,Proliferation of thalamic afferents in cerebral cortex altered by callosal deafferentation,"D. W. Vaughan, A. Peters",Journal of Neurocytology,1985-10-01,15,General Brain-AI Structure Reviews and Methods,brain-structure,10.1007/BF01170823,380fa78899672e40724604d987790b9a36ea0ce4,https://doi.org/10.1007/BF01170823,JournalArticle,unknown,6,brain; cerebral; cortex; brain/neural structure in title,
1985,"Visualization and identification of TRH receptors in rodent brain by autoradiography and radioreceptor assays: focus on amygdala, N. accumbens, septum and cortex.","N. Sharif, D. Burt",Neurochemistry International,1985,15,"Connectomics, Graph Models, and Brain Networks",brain-structure;connectome,10.1016/0197-0186(85)90178-0,dcc78cec773b0930a17badd8b1ed2f4970b6a088,https://doi.org/10.1016/0197-0186(85)90178-0,JournalArticle,unknown,10,brain; cortex; amygdala; brain/neural structure in title; historical computation/learning bridge,
1985,Differential response of enzymes of glutamate metabolism in neuronal perikarya and synaptosomes in acute hyperammonemia in rat.,"G. Subbalakshmi, Ch.R.K. Murthy",Neuroscience Letters,1985-08-16,14,"Cellular, Synaptic, and Neuromorphic Foundations",,10.1016/0304-3940(85)90225-3,2781baf0ee1c239b51ed29fd0b89b3eef518198a,https://doi.org/10.1016/0304-3940(85)90225-3,JournalArticle,unknown,13,neuron; neuromorphic; explicit brain-structure/AI bridge,
1985,"Effect of cadmium exposure on lipids, lipid peroxidation and metal distribution in rat brain regions.","T. Hussain, M. Ali, S. V. Chandra",Industrial Health,1985,14,General Brain-AI Structure Reviews and Methods,brain-structure,10.2486/INDHEALTH.23.199,67b1d14cae836418c25356db642eefbe21df714c,https://doi.org/10.2486/INDHEALTH.23.199,JournalArticle,unknown,4,brain; brain/neural structure in title,
1985,Effects of the high methylmercury dose used in the collaborative behavioral teratology study on brain anatomy.,"Kutsch Cl, M. Sembrat, Kutscher Cs, Kutscher Nl",Neurobehavioral toxicology and teratology,1985-11-01,14,"Cognitive Architectures, Learning, and Systems Neuroscience",brain-structure,,f01fcab1da150bbffd89f939cfd6594bde1c154a,https://www.semanticscholar.org/paper/f01fcab1da150bbffd89f939cfd6594bde1c154a,JournalArticle,unknown,16,brain; cognitive architecture; brain/neural structure in title; explicit brain-structure/AI bridge,
1985,Long-term serial cultivation of arterial and capillary endothelium from adult bovine brain,"I. Goetz, J. Warren, C. Estrada, E. Roberts, D. Krause",In Vitro Cellular & Developmental Biology,1985-03-01,14,"Cellular, Synaptic, and Neuromorphic Foundations",brain-structure,10.1007/BF02621355,5a5b85baab68e6f50edba3f082f81a5ddbe6ea78,https://doi.org/10.1007/BF02621355,JournalArticle; Study,unknown,16,brain; neuromorphic; brain/neural structure in title; explicit brain-structure/AI bridge,
1985,Modulation of α1- and α2-adrenoceptor binding sites in the brain of audiogenic seizure susceptible mice (DBA/2J),"C. Graillot, N. Baumann, Y. Maurin",Unknown venue,1985-12-03,14,General Brain-AI Structure Reviews and Methods,brain-structure,10.1016/0014-2999(85)90133-5,9afe281adb30739ebb440476ae1198fe13528af1,https://doi.org/10.1016/0014-2999(85)90133-5,paper,unknown,4,brain; brain/neural structure in title,
1985,Reconstitution of the purified γ-aminobutyric acid-benzodiazepine receptor complex from bovine cerebral cortex into phospholipid vesicles,"E. Sigel, C. Mamalaki, E. Barnard",Unknown venue,1985-10-24,14,General Brain-AI Structure Reviews and Methods,brain-structure,10.1016/0304-3940(85)90419-7,26812d30d6a487924a93f710a620df072b7c81da,https://doi.org/10.1016/0304-3940(85)90419-7,paper,unknown,6,brain; cerebral; cortex; brain/neural structure in title,
1985,Co-localization of GABA and neuropeptides in the cerebral cortex,S. Wise,Unknown venue,1985,13,General Brain-AI Structure Reviews and Methods,brain-structure,10.1016/0166-2236(85)90044-X,e7d07e7d04989e555124994b3166617a91780cda,https://doi.org/10.1016/0166-2236(85)90044-X,paper,unknown,6,brain; cerebral; cortex; brain/neural structure in title,
1985,Comparison of Proteins Involved with Cyclic AMP Metabolism Between Synaptic Membrane and Postsynaptic Density Preparations Isolated from Canine Cerebral Cortex and Cerebellum,"C. Aoki, R. Carlin, P. Siekevitz",Journal of Neurochemistry,1985-03-01,13,"Cellular, Synaptic, and Neuromorphic Foundations",brain-structure,10.1111/j.1471-4159.1985.tb12911.x,b0619b1d1d929643d98bf49ac429f15738a2c8e1,https://doi.org/10.1111/j.1471-4159.1985.tb12911.x,JournalArticle,unknown,18,cerebral; cortex; cerebellum; neuromorphic; brain/neural structure in title; explicit brain-structure/AI bridge,
1985,Cortical blindness complicating Wegener's granulomatosis.,"C. D. Payton, J. Jones",British medical journal,1985-03-02,13,General Brain-AI Structure Reviews and Methods,brain-structure,10.1136/bmj.290.6469.676,df62c6b2ad89726f0e366c3fa588bdbc7af9a862,https://doi.org/10.1136/bmj.290.6469.676,JournalArticle; CaseReport,unknown,2,brain; cortical,
1985,From Mindless Neuroscience and Brainless Psychology to Neuropsychology,M. Bunge,Unknown venue,1985,13,General Brain-AI Structure Reviews and Methods,brain-structure,10.1007/978-1-4613-2487-4_7,98d7b3ef7691d687b91a03a17d906241d64403ea,https://doi.org/10.1007/978-1-4613-2487-4_7,paper,unknown,4,brain; brain/neural structure in title,
1985,Long-term effects of superior cervical ganglionectomy on cortical blood flow of non-anesthetized rabbits in resting and hypertensive conditions.,"P. Aubineau, A. Reynier-Rebuffel, C. Bouchaud, O. Jousseaume, J. Seylaz",Brain Research,1985-07-08,13,General Brain-AI Structure Reviews and Methods,brain-structure,10.1016/0006-8993(85)90243-4,795b36bfa2956ff4c465c8e8937d7e78a523fdf3,https://doi.org/10.1016/0006-8993(85)90243-4,JournalArticle,unknown,2,brain; cortical,
1985,Metabolism of neuropeptides at brain and pituitary sites.,"J. Edwardson, J. Mcdermott",Biochemical Society Transactions,1985-02-01,13,General Brain-AI Structure Reviews and Methods,brain-structure,10.1042/BST0130050,90f151286927208096996b974cc74d40fd5be0bc,https://doi.org/10.1042/BST0130050,JournalArticle; Study,unknown,4,brain; brain/neural structure in title,
1985,Regulatory role of cysteine dioxygenase in cerebral biosynthesis of taurine. Analysis using cerebellum from 3-acetylpyridine-treated rat.,"S. Ida, S. Ohkuma, M. Kimori, K. Kuriyama, N. Morimoto, Y. Ibata",Brain Research,1985,13,General Brain-AI Structure Reviews and Methods,brain-structure,,0ace7823ac5fe155f27f6301e504ec97c8c0c3a8,https://www.semanticscholar.org/paper/0ace7823ac5fe155f27f6301e504ec97c8c0c3a8,JournalArticle,unknown,3,brain; cerebral; cerebellum,
1985,The Subcellular Distribution of Peptide Histidine Isoleucine Amide-27-Like Peptides in Rat Brain and Their Release from Rat Cerebral Cortical Slices In Vitro,"D. Korchak, K. Gysling, M. Beinfeld",Journal of Neurochemistry,1985-01-01,13,"Cellular, Synaptic, and Neuromorphic Foundations",brain-structure,10.1111/j.1471-4159.1985.tb07138.x,e9b0df4808cc30a36e28bac92fa15b92c1c490c0,https://doi.org/10.1111/j.1471-4159.1985.tb07138.x,JournalArticle,unknown,18,brain; cerebral; cortical; neuromorphic; brain/neural structure in title; explicit brain-structure/AI bridge,
1985,"Brain/behavior relationships, gender differences, and the learning disabled",Paul J. Naour,Unknown venue,1985-03-01,12,"Cognitive Architectures, Learning, and Systems Neuroscience",brain-structure,10.1080/00405848509543155,4651f17a3fbb3f0f9168863062a89f2a04b07ffc,https://doi.org/10.1080/00405848509543155,paper,unknown,16,brain; cognitive architecture; brain/neural structure in title; explicit brain-structure/AI bridge,
1985,Cerebral cortex slices in sodium-free medium: depletion of synaptic vesicles.,"R. Pitkänen, Esa R. Korpi, S. Oja",Brain Research,1985-02-11,12,"Cellular, Synaptic, and Neuromorphic Foundations",brain-structure,10.1016/0006-8993(85)90051-4,12e4a706efdc84d7bd614d5c3fdcf5b89be1708a,https://doi.org/10.1016/0006-8993(85)90051-4,JournalArticle,unknown,17,cerebral; cortex; neuromorphic; brain/neural structure in title; explicit brain-structure/AI bridge,
1985,Citrate synthase activity increases in homogenates of the cerebral cortex from rats treated with the convulsant 3-mercaptopropionic acid.,"E. Girardi, G. Arnaiz",Neurochemistry International,1985,12,General Brain-AI Structure Reviews and Methods,brain-structure,10.1016/0197-0186(85)90066-X,167bb93498cfdb7c6146e26e6326144e9c0820e3,https://doi.org/10.1016/0197-0186(85)90066-X,JournalArticle,unknown,6,brain; cerebral; cortex; brain/neural structure in title,
1985,"Effects of Acute and Chronic Phenytoin on the Electrolyte Content and the Activities of Na+, K+-, Ca2+, Mg2+ -, and HCO3--ATPases and Carbonic Anhydrase of Neonatal and Adult Rat Cerebral Cortex","H. S. White, C. F. Chen, J. Kemp, D. M. Woodbury",Epilepsia,1985-02-01,12,General Brain-AI Structure Reviews and Methods,brain-structure,10.1111/j.1528-1157.1985.tb05187.x,7d334c340bb234aafba041ba18f0ab27542900b5,https://doi.org/10.1111/j.1528-1157.1985.tb05187.x,JournalArticle,unknown,6,brain; cerebral; cortex; brain/neural structure in title,
1985,Glutamic acid decarboxylase in tubules and glomeruli isolated from rat kidney cortex.,"N. Burgmeier, R. Zawiślak, F. Defeudis, C. Bollack, J. Helwig",European Journal of Biochemistry,1985-09-01,12,General Brain-AI Structure Reviews and Methods,brain-structure,10.1111/J.1432-1033.1985.TB09109.X,507d28a327d5c63a235d21acc536f4abfb799d6e,https://doi.org/10.1111/J.1432-1033.1985.TB09109.X,JournalArticle,unknown,5,brain; cortex; brain/neural structure in title,
