year,title,authors,venue,publicationDate,citationCount,category,keywordTags,doi,sourceId,url,workType,language,relevanceScore,relevanceReason,abstractSnippet
1969,A permanent change in brain function resulting from daily electrical stimulation.,"G. V. Goddard, D. C. Mcintyre, C. K. Leech",Experimental Neurology,1969-11-01,3005,General Brain-AI Structure Reviews and Methods,brain-structure,10.1016/0014-4886(69)90128-9,66d2085f29dbf5c8f536fb6e52aeac3f0d5e65af,https://doi.org/10.1016/0014-4886(69)90128-9,JournalArticle,unknown,4,brain; brain/neural structure in title,
1969,JUNCTIONS BETWEEN INTIMATELY APPOSED CELL MEMBRANES IN THE VERTEBRATE BRAIN,"M. Brightman, Th. Reese",Journal of Cell Biology,1969-03-01,2443,"Cellular, Synaptic, and Neuromorphic Foundations",brain-structure,10.1083/jcb.40.3.648,22cb68368b75be10299456f1d46967ffc53a7ef8,https://doi.org/10.1083/jcb.40.3.648,JournalArticle,unknown,6,brain; cerebral; neuron; brain/neural structure in title,"Certain junctions between ependymal cells, between astrocytes, and between some electrically coupled neurons have heretofore been regarded as tight, pentalaminar occlusions of the intercellular cleft."
1969,"Cerebrovascular ""moyamoya"" disease. Disease showing abnormal net-like vessels in base of brain.","J. Suzuki, A. Takaku",Archives of Neurology,1969-03-01,2378,General Brain-AI Structure Reviews and Methods,brain-structure,10.1001/ARCHNEUR.1969.00480090076012,3d8497471176de7d081af7a65f14e3dc105c7506,https://doi.org/10.1001/ARCHNEUR.1969.00480090076012,JournalArticle,unknown,4,brain; brain/neural structure in title,
1969,"Brain Lesions, Obesity, and Other Disturbances in Mice Treated with Monosodium Glutamate",J. Olney,Science,1969-05-09,1863,General Brain-AI Structure Reviews and Methods,brain-structure,10.1126/science.164.3880.719,61f0ac0a1d705ab18cc0c7defe4c4c07723aea1a,https://doi.org/10.1126/science.164.3880.719,JournalArticle,unknown,4,brain; brain/neural structure in title,
1969,Surgery in the Rat during Electrical Analgesia Induced by Focal Brain Stimulation,D. Reynolds,Science,1969-04-25,1361,General Brain-AI Structure Reviews and Methods,brain-structure,10.1126/science.164.3878.444,a243bb9b923bd96eadd013507fa0b2ad243b81ba,https://doi.org/10.1126/science.164.3878.444,JournalArticle,unknown,16,brain; bci; brain/neural structure in title; explicit brain-structure/AI bridge,
1969,An operative staging system and a megavoltage radiotherapeutic technic for cerebellar medulloblastomas.,"C. Chang, E. Housepian, C. Herbert",Radiology,1969-12-01,730,"Electrophysiology, Neural Signals, and AI Decoding",neural-signals,10.1148/93.6.1351,487b7fa7b1094cfaa06ac630043a5f2eab1bc1ad,https://doi.org/10.1148/93.6.1351,JournalArticle,unknown,2,eeg; meg,
1969,Connexions of the somatic sensory cortex of the rhesus monkey. II. Contralateral cortical connexions.,"E. Jones, T. Powell",Brain : a journal of neurology,1969-03-01,695,General Brain-AI Structure Reviews and Methods,brain-structure,10.1093/BRAIN/92.3.477,f2953a2d9301803272fd71bd404683b56437ed6c,https://doi.org/10.1093/BRAIN/92.3.477,JournalArticle,unknown,5,cortex; cortical; brain/neural structure in title,
1969,Report of the ad hoc committee of the Harvard Medical School to examine the definition of brain death: The definition of irreversible coma,H. Beecher,Unknown venue,1969-03-01,684,General Brain-AI Structure Reviews and Methods,brain-structure,10.1097/00007890-196903000-00007,f94c8bc589f2dfa9cf56fad8229f4592cb7c6f08,https://doi.org/10.1097/00007890-196903000-00007,paper,unknown,4,brain; brain/neural structure in title,
1969,Effect of antidepressant drugs on the depletion of intraneuronal brain 5-hydroxytryptamine stores caused by 4-methyl-alpha-ethyl-meta-tyramine.,"A. Carlsson, H. Corrodi, K. Fuxe, T. Hökfelt",European Journal of Pharmacology,1969-03-01,634,"Cellular, Synaptic, and Neuromorphic Foundations",brain-structure,10.1016/0014-2999(69)90113-7,2a214d12a11837693cdf58e2ab1a62628d3052fa,https://doi.org/10.1016/0014-2999(69)90113-7,JournalArticle,unknown,5,brain; neuron; brain/neural structure in title,
1969,Glucose and Osmosensitive Neurones of the Rat Hypothalamus,"Yutaka Oomura, Taketoshi Ono, H. Ooyama, M. J. Wayner",Nature,1969-04-19,615,"Cellular, Synaptic, and Neuromorphic Foundations",,10.1038/222282A0,d5f622115d6d9509c78fab196d9f4df05ee17345,https://doi.org/10.1038/222282A0,JournalArticle,unknown,3,thalamus; hypothalamus; neuron,
1969,Possible Basis for the Evolution of Lateral Specialization of the Human Brain,J. Levy,Nature,1969-11-01,592,General Brain-AI Structure Reviews and Methods,brain-structure,10.1038/224614a0,4da0b1126ccc952d57595cdaae4d51363d895c98,https://doi.org/10.1038/224614a0,JournalArticle,unknown,4,brain; brain/neural structure in title,
1969,The other side of the brain. II. An appositional mind.,J. Bogen,Bulletin of the Los Angeles Neurological Society,1969-07-01,590,General Brain-AI Structure Reviews and Methods,brain-structure,,988e3bcd7b3b0c2bfbbaaa49cb75e3555cb1350b,https://www.semanticscholar.org/paper/988e3bcd7b3b0c2bfbbaaa49cb75e3555cb1350b,JournalArticle,unknown,4,brain; brain/neural structure in title,
1969,Interhemispheric relationships: the neocortical commissures; syndromes of hemisphere disconnection,"R. Sperry, M. Gazzaniga, J. Bogen",Unknown venue,1969,571,General Brain-AI Structure Reviews and Methods,brain-structure,,4827df3cf84486b317322154449ad08022bc6eac,https://www.semanticscholar.org/paper/4827df3cf84486b317322154449ad08022bc6eac,paper,unknown,2,brain; cortical,
1969,Brain Lesions in an Infant Rhesus Monkey Treated with Monosodium Glutamate,"J. Olney, L. Sharpe",Science,1969-10-17,504,General Brain-AI Structure Reviews and Methods,brain-structure,10.1126/science.166.3903.386,2a377ccd220f21fc1aa402bae4f8bf816ec887a3,https://doi.org/10.1126/science.166.3903.386,JournalArticle,unknown,4,brain; brain/neural structure in title,
1969,EEG electrode sensitivity--an application of reciprocity.,"S. Rush, D. A. Driscoll",IEEE transactions on bio-medical engineering,1969,486,"Electrophysiology, Neural Signals, and AI Decoding",neural-signals,10.1109/TBME.1969.4502598,f3ad2a2e6b3fc62bc5e581b055422c72e8d96641,https://doi.org/10.1109/TBME.1969.4502598,JournalArticle,unknown,2,eeg; meg,
1969,Measurement of regional cerebral blood flow with antipyrine-14C in awake cats.,"M. Reivich, J. Jehle, L. Sokoloff, S. Kety",Journal of applied physiology,1969-08-01,467,General Brain-AI Structure Reviews and Methods,brain-structure,10.1152/JAPPL.1969.27.2.296,6a5e05f06455f0c5ae3866e352ee83eb5a673a2e,https://doi.org/10.1152/JAPPL.1969.27.2.296,JournalArticle,unknown,2,brain; cerebral,
1969,Catecholamine uptake by synaptosomes in homogenates of rat brain: stereospecificity in different areas.,"J. Coyle, S. Snyder",Journal of Pharmacology and Experimental Therapeutics,1969-12-01,456,General Brain-AI Structure Reviews and Methods,brain-structure,10.1016/s0022-3565(25)28416-6,8acec8fad0c76a57850caa238c79e53b4baccabc,https://doi.org/10.1016/s0022-3565(25)28416-6,JournalArticle,unknown,9,brain; cerebral; cortex; thalamus; hypothalamus; cerebellum; brain/neural structure in title,We have examined the uptake of dl -H3-norepinephrine and H3-dopamine into homogenates from different regions of the rat brain.
1969,"A RADIOISOTOPIC METHOD FOR MEASURING THE FORMATION OF ADENOSINE 3′,5′-CYCLIC MONOPHOSPHATE IN INCUBATED SLICES OF BRAIN","H. Shimizu, J. Daly, C. Creveling",Journal of Neurochemistry,1969-12-01,448,General Brain-AI Structure Reviews and Methods,brain-structure,10.1111/j.1471-4159.1969.tb10360.x,2f15236f224bade31890b7dd6b2c5de13529d6c6,https://doi.org/10.1111/j.1471-4159.1969.tb10360.x,JournalArticle,unknown,4,brain; brain/neural structure in title,
1969,Establishment of functional clonal lines of neurons from mouse neuroblastoma.,"G. Augusti-Tocco, G. Sato",Proceedings of the National Academy of Sciences of the United States of America,1969-09-01,446,"Cellular, Synaptic, and Neuromorphic Foundations",,10.1073/PNAS.64.1.311,efe4ce6592e286d25ff4e6c739bf332777e16475,https://doi.org/10.1073/PNAS.64.1.311,JournalArticle,unknown,1,neuron,
1969,"Effects of some antidepressant drugs on the depletion of intraneuronal brain catecholamine stores caused by 4,alpha-dimethyl-meta-tyramine.","A. Carlsson, H. Corrodi, K. Fuxe, T. Hökfelt",European Journal of Pharmacology,1969-03-01,424,"Cellular, Synaptic, and Neuromorphic Foundations",brain-structure,10.1016/0014-2999(69)90114-9,5b6cfe0ac77a7783bfc412e2df9cc200d7d13713,https://doi.org/10.1016/0014-2999(69)90114-9,JournalArticle,unknown,5,brain; neuron; brain/neural structure in title,
1969,"Cyclic nucleotide-dependent protein kinases. 3. Purification and properties of adenosine 3',5'-monophosphate-dependent protein kinase from bovine brain.","E. Miyamoto, J. Kuo, P. Greengard",Journal of Biological Chemistry,1969-12-10,422,General Brain-AI Structure Reviews and Methods,brain-structure,10.1016/s0021-9258(18)63478-7,09d7e6e9e7082e10a2e66d2a2df7485efe4c8af1,https://doi.org/10.1016/s0021-9258(18)63478-7,JournalArticle,unknown,4,brain; brain/neural structure in title,"Abstract An adenosine 3',5'-monophosphate-dependent protein kinase, which catalyzes the phosphorylation of histone by ATP, has been purified from bovine brain and some of its properties have been studied."
1969,Regional differences in H3-norepinephrine and H3-dopamine uptake into rat brain homogenates.,"S. Snyder, J. Coyle",Journal of Pharmacology and Experimental Therapeutics,1969-01-01,403,General Brain-AI Structure Reviews and Methods,brain-structure;neuroimaging,10.1016/s0022-3565(25)28163-0,06f4352e0186b0ff61b532e5c58b673eca1c6807,https://doi.org/10.1016/s0022-3565(25)28163-0,JournalArticle,unknown,9,brain; cerebral; cortex; thalamus; hypothalamus; cerebellum; brain/neural structure in title,The uptake of DL-H 3 -norepinephrine and H 3 -dopamine has been examined in rat brain homogenates.
1969,"THE ""VESICLE IN A BASKET""","T. Kanaseki, K. Kadota",Journal of Cell Biology,1969-07-01,392,"Connectomics, Graph Models, and Brain Networks",brain-structure;connectome,10.1083/jcb.42.1.202,4fe44e0a156b2f3604277567956136b1cbc57091,https://doi.org/10.1083/jcb.42.1.202,JournalArticle,unknown,1,brain,Five points are discussed regarding the vesicular structure isolated by fractionation techniques from the brain and liver of the guinea pig.
1969,Subacute Sclerosing Panencephalitis: Isolation of Measles Virus from a Brain Biopsy,"L. Horta-Barbosa, D. Fuccillo, J. Sever, W. Zeman",Nature,1969-03-08,376,General Brain-AI Structure Reviews and Methods,brain-structure,10.1038/221974A0,c2ac417e4d03ca3ce6345ac366fed4ca48e987c3,https://doi.org/10.1038/221974A0,JournalArticle,unknown,4,brain; brain/neural structure in title,
1969,Projections from the cingulate cortex in the rat.,V. B. Domesick,Brain Research,1969-02-01,348,General Brain-AI Structure Reviews and Methods,brain-structure,10.1016/0006-8993(69)90002-X,f9216ce5a7ff3ce82229efa400c0fc30e0fb4b3b,https://doi.org/10.1016/0006-8993(69)90002-X,JournalArticle,unknown,5,brain; cortex; brain/neural structure in title,
1969,Apparent turnover of mitochondrial deoxyribonucleic acid and mitochondrial phospholipids in the tissues of the rat.,"N. Gross, G. Getz, M. Rabinowitz",Journal of Biological Chemistry,1969-03-25,345,General Brain-AI Structure Reviews and Methods,brain-structure,10.1016/S0021-9258(18)91795-3,a44b32fd2f3c15b73d9df5e27551e23369351c8b,https://doi.org/10.1016/S0021-9258(18)91795-3,JournalArticle,unknown,1,brain,"Abstract The apparent turnovers of mitochondrial DNA and of the phospholipids, cardiolipin, lecithin, and phosphatidyl ethanolamine, have been determined simultaneously in the mitochondria of rat liver, kidney, brain, and heart."
1969,The brain drain.,"G. Beijer, W. Adams, Paul H. Douglas",Journal of the Irish Medical Association,1969-01-23,342,General Brain-AI Structure Reviews and Methods,brain-structure,10.2307/3002692,027eb06607d325f61d7069a97117dd620f7c6548,https://doi.org/10.2307/3002692,JournalArticle,unknown,4,brain; brain/neural structure in title,
1969,A Golgi study of the desending medial forebrain bundle.,O. E. Millhouse,Brain Research,1969-10-01,335,General Brain-AI Structure Reviews and Methods,brain-structure,10.1016/0006-8993(69)90161-9,3653779b65b61fa92237127af00edda104586ec3,https://doi.org/10.1016/0006-8993(69)90161-9,JournalArticle,unknown,4,brain; brain/neural structure in title,
1969,"Hypnotizability, Laterality of Eye-Movements and Functional Brain Asymmetry",P. Bakan,Perceptual and Motor Skills,1969-06-01,334,General Brain-AI Structure Reviews and Methods,brain-structure,10.2466/pms.1969.28.3.927,1bd60a5eec2d7ba80f50e00fa4d291a017746d1c,https://doi.org/10.2466/pms.1969.28.3.927,JournalArticle,unknown,4,brain; brain/neural structure in title,
1969,Isolation of measles virus from cell cultures of brain from a patient with subacute sclerosing panencephalitis.,"F. E. Payne, J. Baublis, H. Itabashi",New England Journal of Medicine,1969-09-11,330,"Cellular, Synaptic, and Neuromorphic Foundations",brain-structure;clinical-neuroai,10.1056/NEJM196909112811103,f76f94fcbed058c111d6d9b32584236299c85dbb,https://doi.org/10.1056/NEJM196909112811103,JournalArticle,unknown,4,brain; brain/neural structure in title,
1969,Inhibition of the uptake of tritiated 5-hydroxytryptamine in brain tissue.,"S. Ross, A. L. Renyi",European Journal of Pharmacology,1969-09-01,325,General Brain-AI Structure Reviews and Methods,brain-structure,10.1016/0014-2999(69)90091-0,f2f5ba8f8bb9feccd7555f2045efdbd8d45dbec7,https://doi.org/10.1016/0014-2999(69)90091-0,JournalArticle,unknown,4,brain; brain/neural structure in title,
1969,Uptake of corticosterone by rat brain and its concentration by certain limbic structures.,"Bruce S. McEwen, J. M. Weiss, Leslie S. Schwartz",Brain Research,1969-11-01,318,General Brain-AI Structure Reviews and Methods,brain-structure,10.1016/0006-8993(69)90096-1,c56b8ed58129916fb61f924328dc361154180dcd,https://doi.org/10.1016/0006-8993(69)90096-1,JournalArticle,unknown,4,brain; brain/neural structure in title,
1969,Missile wounds of the brain: a study of psychological deficits,F. Newcombe,Unknown venue,1969,306,General Brain-AI Structure Reviews and Methods,brain-structure,,3c14274d1330f0e43d1bb7273628d109ffd003dd,https://www.semanticscholar.org/paper/3c14274d1330f0e43d1bb7273628d109ffd003dd,paper,unknown,4,brain; brain/neural structure in title,
1969,Dynamic mechanical properties of human brain tissue.,"G. T. Fallenstein, V. Hulce, John W. Melvin",Journal of Biomechanics,1969-07-01,301,General Brain-AI Structure Reviews and Methods,brain-structure,10.1016/0021-9290(69)90079-7,ccd6ddb206faab8881ad9e29562af731f3e2121d,https://doi.org/10.1016/0021-9290(69)90079-7,JournalArticle,unknown,4,brain; brain/neural structure in title,
1969,The projection of the auditory cortex upon the diencephalon and brain stem in the cat.,"I. T. Diamond, E. Jones, T. Powell",Brain Research,1969-10-01,299,General Brain-AI Structure Reviews and Methods,brain-structure,10.1016/0006-8993(69)90160-7,68f2708dd5a35d9aeb58401d3eca49f946e95084,https://doi.org/10.1016/0006-8993(69)90160-7,JournalArticle,unknown,5,brain; cortex; brain/neural structure in title,
1969,A comparative study of the role of the cerebral arterial blood in the regulation of brain temperature in five mammals.,"James N. Hayward, M. A. Baker",Brain Research,1969-12-01,294,General Brain-AI Structure Reviews and Methods,brain-structure,10.1016/0006-8993(69)90236-4,e1c60250dd385c8c1ca18847d58cd84d0d6c893d,https://doi.org/10.1016/0006-8993(69)90236-4,JournalArticle,unknown,5,brain; cerebral; brain/neural structure in title,
1969,The Effect of Severe Early Malnutrition on Cellular Growth of Human Brain,"M. Winick, P. Rosso",Pediatric Research,1969-03-01,282,"Cellular, Synaptic, and Neuromorphic Foundations",brain-structure,10.1203/00006450-196903000-00010,93c7e6b76a8fbf9a54c092bc502e47a919436d65,https://doi.org/10.1203/00006450-196903000-00010,JournalArticle,unknown,4,brain; brain/neural structure in title,
1969,"FOREIGN ACCENTS, LANGUAGE ACQUISITION, AND CEREBRAL DOMINANCE1",T. Scovel,Unknown venue,1969-12-01,271,General Brain-AI Structure Reviews and Methods,brain-structure,10.1111/J.1467-1770.1969.TB00466.X,bd9181866f4c1028fbfddb3f619c4b9eb784b692,https://doi.org/10.1111/J.1467-1770.1969.TB00466.X,paper,unknown,2,brain; cerebral,
1969,Termination and secondary projections of carotid sinus nerve in the cat brain stem.,"Mitsuhiko Miura, D. J, Reis",American Journal of Physiology,1969-07-01,271,General Brain-AI Structure Reviews and Methods,brain-structure,10.1152/AJPLEGACY.1969.217.1.142,0f049d0b2eac9dfdd949a969bb09ce954844449f,https://doi.org/10.1152/AJPLEGACY.1969.217.1.142,JournalArticle,unknown,4,brain; brain/neural structure in title,
1969,The effect of p-chlorophenylalanine on behavior in rats: relation to brain serotonin and 5-hydroxyindoleacetic acid.,M. Sheard,Brain Research,1969-10-01,249,"Cognitive Architectures, Learning, and Systems Neuroscience",brain-structure,10.1016/0006-8993(69)90175-9,96b0ef1e627b7131138d84f4f2064410239f856b,https://doi.org/10.1016/0006-8993(69)90175-9,JournalArticle,unknown,4,brain; brain/neural structure in title,
1969,Head circumference and cellular growth of the brain in normal and marasmic children.,"M. Winick, M. Winick, P. Rosso, P. Rosso",Jornal de Pediatria,1969-05-01,246,"Cellular, Synaptic, and Neuromorphic Foundations",brain-structure,10.1016/S0022-3476(69)80140-X,5adcdc57b5d90edb30a8eb6c35758f479ab2ac0b,https://doi.org/10.1016/S0022-3476(69)80140-X,JournalArticle,unknown,4,brain; brain/neural structure in title,
1969,"THE EFFECT OF ELECTRICAL STIMULATION UPON THE ACCUMULATION OF ADENOSINE 3′,5′-PHOSPHATE IN ISOLATED CEREBRAL TISSUE","S. Kakiuchi, T. Rall, H. Mcilwain",Journal of Neurochemistry,1969-04-01,245,General Brain-AI Structure Reviews and Methods,brain-structure,10.1111/j.1471-4159.1969.tb06847.x,f73cc5012ca3f9f752881508a17db4fce492246f,https://doi.org/10.1111/j.1471-4159.1969.tb06847.x,JournalArticle,unknown,2,brain; cerebral,
1969,Lipid composition of synaptic plasma membranes isolated from rat brain by zonal centrifugation.,"C. Cotman, M. Blank, A. Moehl, F. Snyder",Biochemistry,1969-11-01,242,"Cellular, Synaptic, and Neuromorphic Foundations",brain-structure,10.1021/BI00839A056,2697994953b622fc3547eced4303802fdad74fdf,https://doi.org/10.1021/BI00839A056,JournalArticle,unknown,4,brain; brain/neural structure in title,
1969,Nuclear magnetic resonance evidence using D2O for structured water in muscle and brain.,F. Cope,Biophysical Journal,1969-03-01,241,General Brain-AI Structure Reviews and Methods,brain-structure;neuroimaging,10.1016/S0006-3495(69)86388-5,a39da68d8952e87acec2018a9a489445a84a9f31,https://doi.org/10.1016/S0006-3495(69)86388-5,JournalArticle,unknown,4,brain; brain/neural structure in title,
1969,"Solvent extraction method for simultaneous determination of norepinephrine, dopamine, serotonin, and 5-hydroxyindoleacetic acid in a single mouse brain.","A. S. Welch, B. Welch",Analytical Biochemistry,1969-08-01,237,General Brain-AI Structure Reviews and Methods,brain-structure,10.1016/0003-2697(69)90387-X,ec1f24f8c4bad7c156438694149824e670bfaa1e,https://doi.org/10.1016/0003-2697(69)90387-X,JournalArticle,unknown,4,brain; brain/neural structure in title,
1969,"GLYCOGEN, AMMONIA AND RELATED METABOLITES IN THE BRAIN DURING SEIZURES EVOKED BY METHIONINE SULPHOXIMINE 1","J. Folbergrová, J. Passonneau, O. H. Lowry, D. W. Schulz",Journal of Neurochemistry,1969-02-01,233,General Brain-AI Structure Reviews and Methods,brain-structure,10.1111/j.1471-4159.1969.tb05937.x,8a1a0252f433babfd39e462322b2343fe4d6a70a,https://doi.org/10.1111/j.1471-4159.1969.tb05937.x,JournalArticle,unknown,4,brain; brain/neural structure in title,
1969,The other side of the brain. I. Dysgraphia and dyscopia following cerebral commissurotomy.,Bogen Je,Bulletin of the Los Angeles Neurological Society,1969-04-01,230,"Connectomics, Graph Models, and Brain Networks",brain-structure;connectome,,c6e58ba54cea84dabe0809f43a72ee9c296fd27a,https://www.semanticscholar.org/paper/c6e58ba54cea84dabe0809f43a72ee9c296fd27a,JournalArticle,unknown,5,brain; cerebral; brain/neural structure in title,
1969,CHAPTER 10 - Brain-Acetylcholine and Inhibition1,P. L. Carlton,Unknown venue,1969,227,General Brain-AI Structure Reviews and Methods,brain-structure,10.1016/B978-0-12-683650-9.50015-7,7aae68e6dfdc0966a12bca30196cd98add7649ee,https://doi.org/10.1016/B978-0-12-683650-9.50015-7,paper,unknown,4,brain; brain/neural structure in title,
1969,COMPARATIVE ARCHITECTONICS OF THE NEOCORTEX OF MAMMALS AND THEIR EVOLUTIONARY INTERPRETATION *,F. Sanides,Unknown venue,1969-10-01,223,"Electrophysiology, Neural Signals, and AI Decoding",brain-structure,10.1111/j.1749-6632.1969.tb20459.x,e2adb4b6d20eeb7b846a093cca4c8a37251e8e24,https://doi.org/10.1111/j.1749-6632.1969.tb20459.x,paper,unknown,6,cortex; eeg; meg; brain/neural structure in title,
1969,"Ischaemic cerebrovascular diseases in an autopsy series. 2. Prevalence, location, pathogenesis, and clinical course of cerebral infarcts.","L. Jörgensen, A. Torvik",Journal of Neurological Sciences,1969-09-01,217,Clinical NeuroAI and Brain Disorders,brain-structure;clinical-neuroai,10.1016/0022-510X(69)90078-1,61eee1030f3402ca385aeefd5dfc90b4dd3a3f7a,https://doi.org/10.1016/0022-510X(69)90078-1,JournalArticle,unknown,1,cerebral,
1969,Effects of 6-Hydroxydopamine on Noradrenaline-containing Neurones in the Rat Brain,"N. Uretsky, L. L. Iversen",Nature,1969-02-08,216,"Cellular, Synaptic, and Neuromorphic Foundations",brain-structure,10.1038/221557A0,d85f0926226df50fb92d63ea5744f0fa192cd1c6,https://doi.org/10.1038/221557A0,JournalArticle,unknown,5,brain; neuron; brain/neural structure in title,
1969,The small pyramidal neuron of the rat cerebral cortex,"A. Peters, I. R. Kaiserman-Abramof",Zeitschrift für Zellforschung und Mikroskopische Anatomie,1969-09-22,213,"Cellular, Synaptic, and Neuromorphic Foundations",brain-structure,10.1007/BF00344370,67529daf7e2ef34a908370a87fb555bdfe5e1bd4,https://doi.org/10.1007/BF00344370,paper,unknown,6,cerebral; cortex; neuron; brain/neural structure in title,
1969,Perceptual and associative disorders of visual recognition,"E. Renzi, G. Scotti, H. Spinnler",Neurology,1969-07-01,212,"Cognitive Architectures, Learning, and Systems Neuroscience",neural-signals,10.1212/WNL.19.7.634,6fec0f344074348f4c3d3753116c1b286a85161e,https://doi.org/10.1212/WNL.19.7.634,JournalArticle,unknown,3,eeg; meg; ecog,
1969,THE EFFECT OF ELECTRICAL STIMULATION AND HIGH POTASSIUM CONCENTRATIONS ON THE EFFLUX OF [3H] γ-AMINOBUTYRIC ACID FROM BRAIN SLICES,"V. Srinivasan, M. Neal, J. Mitchell",Unknown venue,1969-08-01,212,General Brain-AI Structure Reviews and Methods,brain-structure,10.1111/j.1471-4159.1969.tb05971.x,cd7407adc3797d31efa455ec72be21e8e06da196,https://doi.org/10.1111/j.1471-4159.1969.tb05971.x,paper,unknown,4,brain; brain/neural structure in title,
1969,Further studies on tryptophan hydroxylase in rat brainstem and beef pineal.,"Eric Jequier, Donald S. Robinson, W. Lovenberg, A. Sjoerdsma",Biochemical Pharmacology,1969-05-01,210,General Brain-AI Structure Reviews and Methods,brain-structure,10.1016/0006-2952(69)90111-7,e1a2fa723a14b5ff4729fa39ddac7c2bc315785a,https://doi.org/10.1016/0006-2952(69)90111-7,JournalArticle,unknown,5,brain; brainstem; brain/neural structure in title,
1969,Altered sensitivity to footshock and decreased brain content of serotonin following brain lesions in the rat.,"C. E. Lints, J. Harvey",Journal of Comparative and Physiological Psychology,1969,209,General Brain-AI Structure Reviews and Methods,brain-structure,10.1037/H0026649,b53cb60fe17eeb343fd65dec331249b9da0bb4a9,https://doi.org/10.1037/H0026649,JournalArticle,unknown,4,brain; brain/neural structure in title,
1969,Synthesis of cerebroside by brain from uridine diphosphate galactose and ceramide containing hydroxy fatty acid.,"P. Morell, N. Radin",Biochemistry,1969-02-01,209,General Brain-AI Structure Reviews and Methods,brain-structure,10.1021/BI00830A008,a1b6759a1ce8c8f5605986b7dca08bb08c954ee6,https://doi.org/10.1021/BI00830A008,JournalArticle,unknown,4,brain; brain/neural structure in title,
1969,"The effect of tropolone on the formation of 3,4-dihydroxyphenylacetic acid and 4-hydroxy-3-methoxyphenylacetic acid in the brain of the mouse","G. F. Murphy, D. Robinson, D. Sharman",British Journal of Pharmacology,1969-05-01,205,General Brain-AI Structure Reviews and Methods,brain-structure,10.1111/j.1476-5381.1969.tb08308.x,d3c3538252dd79d7b769e873785234079a8ef359,https://doi.org/10.1111/j.1476-5381.1969.tb08308.x,JournalArticle,unknown,4,brain; brain/neural structure in title,
1969,"Brain damage in the rhesus monkey resulting from profound arterial hypotension. I. Its nature, distribution and general physiological correlates.","J. Brierley, J. Brierley, A. W. Brown, A. W. Brown, J. Excell, J. Excell, et al.",Brain Research,1969-03-01,203,General Brain-AI Structure Reviews and Methods,brain-structure,10.1016/0006-8993(69)90144-9,6737149ca8458d6457907c1cbdd6737ea4645b9c,https://doi.org/10.1016/0006-8993(69)90144-9,JournalArticle,unknown,4,brain; brain/neural structure in title,
1969,"Studies on 2',3'-cyclic nucleotide-3'-phosphohydrolase from brain.","R. Olafson, G. Drummond, J. F. Lee",Canadian Journal of Biochemistry,1969-10-01,203,General Brain-AI Structure Reviews and Methods,brain-structure,10.1139/O69-151,a0329c8977e463c14eb20f9a4db0077f2b670790,https://doi.org/10.1139/O69-151,JournalArticle,unknown,4,brain; brain/neural structure in title,
1969,An incentive model of rewarding brain stimulation.,"J. Trowill, J. Panksepp, R. Gandelman",Psychology Review,1969-05-01,199,Computational Neuroscience and Brain-Inspired AI,brain-structure,10.1037/H0027295,26a14835013fb6ff83e1d75fcc16d88db85162a0,https://doi.org/10.1037/H0027295,Review; JournalArticle,unknown,16,brain; bci; brain/neural structure in title; explicit brain-structure/AI bridge,
1969,"EEG, PSYCHOLOGICAL, AND NEUROLOGICAL ALTERATIONS IN HUMANS WITH ORGANOPHOSPHORUS EXPOSURE *","D. Metcalf, J. Holmes",Annals of the New York Academy of Sciences,1969-06-01,198,"Electrophysiology, Neural Signals, and AI Decoding",neural-signals,10.1111/j.1749-6632.1969.tb15857.x,87132a77189b7680512526195c095eb31b78a4bd,https://doi.org/10.1111/j.1749-6632.1969.tb15857.x,JournalArticle,unknown,2,eeg; meg,
1969,The brain stem of the cat,W. Krieg,Unknown venue,1969-07-01,198,General Brain-AI Structure Reviews and Methods,brain-structure,10.1016/0013-4694(69)90120-5,2550e5e33bd9dbfe232ab7cb1b77f28fdf061c94,https://doi.org/10.1016/0013-4694(69)90120-5,paper,unknown,4,brain; brain/neural structure in title,
1969,Electrical stimulation of the brain in behavioral context.,R. W. Doty,Annual Review of Psychology,1969,195,"Cognitive Architectures, Learning, and Systems Neuroscience",brain-structure,10.1146/ANNUREV.PS.20.020169.001445,4e96c2609d6fd0388f18333fdb61f86997e6b895,https://doi.org/10.1146/ANNUREV.PS.20.020169.001445,Review; JournalArticle,unknown,4,brain; brain/neural structure in title,
1969,PROTEIN TURNOVER IN CELL-ENRICHED FRACTIONS FROM RABBIT BRAIN 1,"C. Blomstrand, A. Hamberger",Journal of Neurochemistry,1969-09-01,195,"Cellular, Synaptic, and Neuromorphic Foundations",brain-structure,10.1111/j.1471-4159.1969.tb05992.x,5692e34968af2c01e390e62b90cb4add2b9983b6,https://doi.org/10.1111/j.1471-4159.1969.tb05992.x,JournalArticle,unknown,4,brain; brain/neural structure in title,
1969,The Brain Stem of the Cat: A Cytoarchitectonic Atlas with Stereotaxic Coordinates.,G. Thomas,Unknown venue,1969,191,General Brain-AI Structure Reviews and Methods,brain-structure,10.1037/009800,be22af81186e11b4ee29be4860d7e0f93e333b37,https://doi.org/10.1037/009800,paper,unknown,4,brain; brain/neural structure in title,
1969,Rate of release of amino acids from the cerebral cortex in the cat as affected by brainstem and thalamic stimulation.,"H. Jasper, I. Koyama",Canadian Journal of Physiology and Pharmacology,1969-10-01,190,General Brain-AI Structure Reviews and Methods,brain-structure,10.1139/Y69-146,678e86266b735b86a044bec08724e87eeef4163a,https://doi.org/10.1139/Y69-146,JournalArticle,unknown,7,brain; cerebral; cortex; brainstem; brain/neural structure in title,
1969,The effect of neonatal thyroidectomy on myelination in the rat brain.,"R. Balázs, R. Balázs, B. Brooksbank, B. Brooksbank, A. N. Davison, A. N. Davison, et al.",Brain Research,1969-09-01,189,General Brain-AI Structure Reviews and Methods,brain-structure,10.1016/0006-8993(69)90321-7,b4c1e363c0aaac80bf1061719e4c773a1c88e33f,https://doi.org/10.1016/0006-8993(69)90321-7,JournalArticle,unknown,4,brain; brain/neural structure in title,
1969,Rat Brain: Effects of Environmental Enrichment on Wet and Dry Weights,"Edwerd L. Bennett, M. Rosenzweig, M. Diamond",Science,1969-02-21,188,General Brain-AI Structure Reviews and Methods,brain-structure,10.1126/science.163.3869.825,8bb55983512e2814473a3212951bacc83ccac480,https://doi.org/10.1126/science.163.3869.825,JournalArticle,unknown,4,brain; brain/neural structure in title,
1969,Compartmentation of glutamate metabolism in brain. Evidence for the existence of two different tricarboxylic acid cycles in brain.,"C. J. Berg, L. Kržalić, P. Mela, H. Waelsch",Biochemical Journal,1969-06-01,186,General Brain-AI Structure Reviews and Methods,brain-structure,10.1042/BJ1130281,2fc4db8b3abb95118bb0bf57e8ac241f6a9ea646,https://doi.org/10.1042/BJ1130281,JournalArticle,unknown,4,brain; brain/neural structure in title,
1969,Enzyme activity and composition of myelin and subcellular fractions in the developing rat brain.,"N. Banik, A. Davison",Biochemical Journal,1969-12-01,186,"Cellular, Synaptic, and Neuromorphic Foundations",brain-structure,10.1042/BJ1151051,8663d653f214bf26f8ca98b7f17c4548d24a7ff3,https://doi.org/10.1042/BJ1151051,JournalArticle,unknown,4,brain; brain/neural structure in title,
1969,"Effects of differential environments on brain weights and enzyme activities in gerbils, rats, and mice.","M. Rosenzweig, Edward L. Bennett",Developmental Psychobiology,1969,184,General Brain-AI Structure Reviews and Methods,brain-structure,10.1002/DEV.420020208,835cd1190b256d20dc4852dc87c866e4a77d6b98,https://doi.org/10.1002/DEV.420020208,JournalArticle,unknown,4,brain; brain/neural structure in title,
1969,Comparison of effects of eye movements and stimulus movements on striate cortex neurons of the monkey.,R. Wurtz,Journal of Neurophysiology,1969-11-01,183,"Cellular, Synaptic, and Neuromorphic Foundations",brain-structure,10.1152/JN.1969.32.6.987,b9f1b07fb1bd761264fa284c64324df7cd60e3b7,https://doi.org/10.1152/JN.1969.32.6.987,JournalArticle,unknown,5,cortex; neuron; brain/neural structure in title,
1969,Brain Response Correlates of Psychometric Intelligence,"J. Ertl, E. W. Schafer",Nature,1969-07-26,181,General Brain-AI Structure Reviews and Methods,brain-structure,10.1038/223421A0,13373610d770cf17da6bf1365d6ab62c5085e519,https://doi.org/10.1038/223421A0,JournalArticle,unknown,8,brain; brain/neural structure in title; historical computation/learning bridge,
1969,The other side of the brain. 3. The corpus callosum and creativity.,"J. Bogen, G. Bogen",Bulletin of the Los Angeles Neurological Society,1969-10-01,181,General Brain-AI Structure Reviews and Methods,brain-structure,,2b04880f31bb98675e05d16769a362804ca69e24,https://www.semanticscholar.org/paper/2b04880f31bb98675e05d16769a362804ca69e24,Review; JournalArticle,unknown,4,brain; brain/neural structure in title,
1969,The relationship of brain activity to scalp recordings of event-related potentials.,"Vaughan, G. Herbert",Unknown venue,1969,180,General Brain-AI Structure Reviews and Methods,brain-structure,10.1037/13016-002,6a2e833ffcfa62e831b0ee501307ec54ac809307,https://doi.org/10.1037/13016-002,paper,unknown,4,brain; brain/neural structure in title,
1969,"Cyclic guanosine 3',5'-monophosphate in mammalian tissues and urine.","N. D. Goldberg, S. Dietz, A. O'toole",Journal of Biological Chemistry,1969-08-25,176,"Connectomics, Graph Models, and Brain Networks",brain-structure;connectome,10.1016/s0021-9258(18)94340-1,f707a8bdb6412b90420a549ddae0efe838739af9,https://doi.org/10.1016/s0021-9258(18)94340-1,JournalArticle,unknown,2,brain; cerebral,"Abstract The occurrence of cyclic guanosine 3',5'-monophosphate (3',5'-cGMP) as a natural constituent of mammalian tissues was established, and details of a method for its quantitative determination in milligram amounts of liver, kidney, and brain or in microliter samples of urine are presented."
1969,Carrier-mediated transport of choline into synaptic nerve endings.,"I. Diamond, E. P. Kennedy",Journal of Biological Chemistry,1969-06-25,172,"Connectomics, Graph Models, and Brain Networks",brain-structure;connectome;neuroimaging,10.1016/s0021-9258(18)93122-4,cd60738ebe8ca44464f3480f62341049fcd74057,https://doi.org/10.1016/s0021-9258(18)93122-4,JournalArticle,unknown,1,brain,Abstract Synaptosomes from guinea pig brain were incubated with 3H-methylcholine and then subjected to a chromatographic assay which distinguishes nonspecific entry from specific transport.
1969,Possible inhibitory functions of the hippocampus,D. Kimble,Unknown venue,1969-06-01,169,General Brain-AI Structure Reviews and Methods,brain-structure,10.1016/0028-3932(69)90004-9,6cae2624c7e02e21079fbe854d771cb90e3cd3bc,https://doi.org/10.1016/0028-3932(69)90004-9,paper,unknown,1,hippocampus,
1969,Multiple Forms of Rat Brain Monoamine Oxidase,"M. Youdim, G. Collins, M. Sandler",Nature,1969-08-09,162,General Brain-AI Structure Reviews and Methods,brain-structure,10.1038/223626A0,52be0394851cfbddccefc968e495f71624e065e5,https://doi.org/10.1038/223626A0,JournalArticle,unknown,4,brain; brain/neural structure in title,
1969,RESPIRATION IN VITRO OF SYNAPTOSOMES FROM MAMMALIAN CEREBRAL CORTEX,H. F. Bradford,Journal of Neurochemistry,1969-05-01,162,General Brain-AI Structure Reviews and Methods,brain-structure,10.1111/j.1471-4159.1969.tb06444.x,b1601a975014a6406f6dc2c4f8b8c7e7cbdbff59,https://doi.org/10.1111/j.1471-4159.1969.tb06444.x,JournalArticle,unknown,6,brain; cerebral; cortex; brain/neural structure in title,
1969,A TECHNIQUE FOR THE STUDY OF ACETYLCHOLINE TURNOVER IN MOUSE BRAIN IN VIVO,"J. Schuberth, B. Sparf, A. Sundwall",Journal of Neurochemistry,1969-05-01,160,General Brain-AI Structure Reviews and Methods,brain-structure,10.1111/j.1471-4159.1969.tb06447.x,5e00caeb88e12a3d33e0915e14dec95c51436347,https://doi.org/10.1111/j.1471-4159.1969.tb06447.x,JournalArticle,unknown,4,brain; brain/neural structure in title,
1969,Facilitation of Brain Self-Stimulation by Central Administration of Norepinephrine,"C. Wise, L. Stein",Science,1969-01-17,158,General Brain-AI Structure Reviews and Methods,brain-structure,10.1126/science.163.3864.299,9be87ebdb5c036da508956b0664213059bc44b97,https://doi.org/10.1126/science.163.3864.299,JournalArticle,unknown,4,brain; brain/neural structure in title,
1969,The Ventral Photoreceptor Cells of Limulus,"A. W. Clark, R. Millecchia, A. Mauro",The Journal of General Physiology,1969-09-01,158,"Cellular, Synaptic, and Neuromorphic Foundations",brain-structure;neuroimaging,10.1085/jgp.54.3.289,b96d588cf4a34b55d3d01cc179ea6674311bce9f,https://doi.org/10.1085/jgp.54.3.289,JournalArticle,unknown,1,brain,The ventral photoreceptor cells of Limulus polyphemus resemble the retinular cells of the lateral eyes both in electrical behavior and in morphology.
1969,A phosphorylation site in brain and the delayed neurotoxic effect of some organophosphorus compounds.,M. Johnson,Biochemical Journal,1969-02-01,156,General Brain-AI Structure Reviews and Methods,brain-structure,10.1042/BJ1110487,a4425f809aba704f00b41bb1b657c8ba07a7382c,https://doi.org/10.1042/BJ1110487,JournalArticle,unknown,4,brain; brain/neural structure in title,
1969,A modified fluorometric procedure for tissue histamine and its distribution in various animals.,"A. Anton, D. Sayre",Journal of Pharmacology and Experimental Therapeutics,1969-04-01,155,General Brain-AI Structure Reviews and Methods,brain-structure,10.1016/s0022-3565(25)28234-9,8da51357ab0cc95a88cee24f705eb44fcd13d312,https://doi.org/10.1016/s0022-3565(25)28234-9,JournalArticle,unknown,1,brain,"The original ortho -phthaldialdehyde fluorometric procedure for tissue histamine suffers two drawbacks: 1) interference by other naturally occurring substances, mainly spermidine and histidine, and 2) variability because of the pH sensitivity of the ortho -phthaldialdehydehistamine fluorophor."
1969,Lactosylceramide galactosidase: comparison with other sphingolipid hydrolases in developing rat brain.,"N. S. Radin, Liselotte Hof, Roy M. Bradley, Roscoe O. Brady",Brain Research,1969-07-01,155,General Brain-AI Structure Reviews and Methods,brain-structure,10.1016/0006-8993(69)90124-3,9cbd07cd46dee57f242187dbf7f9c84daa510eb6,https://doi.org/10.1016/0006-8993(69)90124-3,JournalArticle,unknown,4,brain; brain/neural structure in title,
1969,Restoration of higher cortical function following local brain damage,"A. Luria, V. L. Naydin, L. S. Tsvetkova, E. Vinarskaya",Unknown venue,1969,154,General Brain-AI Structure Reviews and Methods,brain-structure,,9a3ab6c3b0078e2ffaa5407e11de0f73d5ed05ef,https://www.semanticscholar.org/paper/9a3ab6c3b0078e2ffaa5407e11de0f73d5ed05ef,paper,unknown,5,brain; cortical; brain/neural structure in title,
1969,SUBCELLULAR DISTRIBUTION OF ENDOGENOUS AND [3H] γ-AMINOBUTYRIC ACID IN RAT CEREBRAL CORTEX,"M. Neal, L. Iversen",Unknown venue,1969-08-01,150,"Cellular, Synaptic, and Neuromorphic Foundations",brain-structure,10.1111/j.1471-4159.1969.tb05972.x,473b61e496a3d2048ba8b564cde21d943bdf0fb3,https://doi.org/10.1111/j.1471-4159.1969.tb05972.x,paper,unknown,6,brain; cerebral; cortex; brain/neural structure in title,
1969,"A comparison of the concentration of glycine, a transmitter suspect, in different areas of the brain and spinal cord in seven different vertebrates.","M. H. Aprison, R. Shank, R.A Davidoff",Comparative Biochemistry and Physiology A,1969-03-01,149,General Brain-AI Structure Reviews and Methods,brain-structure,10.1016/0010-406X(69)90571-4,ef5b588c8135f37f6579d243f74ed42eee6a7ad9,https://doi.org/10.1016/0010-406X(69)90571-4,JournalArticle,unknown,4,brain; brain/neural structure in title,
1969,"Dichotic listening, side of brain injury and cerebral dominance","Celia Schulhoff, H. Goodglass",Unknown venue,1969-05-01,149,General Brain-AI Structure Reviews and Methods,brain-structure,10.1016/0028-3932(69)90012-8,d2fc82535e3e59a3178563f89cc13eaf5f9cad10,https://doi.org/10.1016/0028-3932(69)90012-8,paper,unknown,5,brain; cerebral; brain/neural structure in title,
1969,Some properties of cortically-evoked swallowing and chewing in rabbits.,T. Sumi,Brain Research,1969-09-01,147,General Brain-AI Structure Reviews and Methods,brain-structure,10.1016/0006-8993(69)90313-8,ecc73148914b18fe507e3ae632e964ea31b2c5e4,https://doi.org/10.1016/0006-8993(69)90313-8,JournalArticle,unknown,2,brain; cortical,
1969,"Human Brain Protein, Drugs and Dreams",I. Oswald,Nature,1969-08-30,146,General Brain-AI Structure Reviews and Methods,brain-structure,10.1038/223893A0,23d1b7901e8458a9961ec23041792b7fa07975c3,https://doi.org/10.1038/223893A0,Review; JournalArticle,unknown,4,brain; brain/neural structure in title,
1969,MASSIVE ANEURYSMS AT THE BASE OF THE BRAIN,J. Bull,Unknown venue,1969-03-01,146,General Brain-AI Structure Reviews and Methods,brain-structure,10.1093/BRAIN/92.3.535,599034550ea1caf8f4bc39b518a92c91aa57b1b8,https://doi.org/10.1093/BRAIN/92.3.535,paper,unknown,4,brain; brain/neural structure in title,
1969,"A COMPARATIVE APPROACH TO THE NEOCORTEX: LOCALIZATION IN MONOTREMES, MARSUPIALS AND INSECTIVORES *",R. Lende,Unknown venue,1969-10-01,144,General Brain-AI Structure Reviews and Methods,brain-structure,10.1111/j.1749-6632.1969.tb20449.x,39cb598c53d4b0dece906a51a10c174dd31b2855,https://doi.org/10.1111/j.1749-6632.1969.tb20449.x,paper,unknown,5,brain; cortex; brain/neural structure in title,
1969,Regional cerebral blood flow in patients with intracranial tumors.,R. Pálvölgyi,Journal of Neurosurgery,1969-08-01,144,Clinical NeuroAI and Brain Disorders,brain-structure;clinical-neuroai,10.3171/JNS.1969.31.2.0149,8af3025e5e0faf5f5675f96508e9389c40ea5b0d,https://doi.org/10.3171/JNS.1969.31.2.0149,JournalArticle,unknown,1,cerebral,
1969,Effect of malnutrition on regional growth of the developing rat brain.,"Irving Fish, M. Winick",Experimental Neurology,1969-09-01,143,General Brain-AI Structure Reviews and Methods,brain-structure,10.1016/0014-4886(69)90096-X,1d59e2d7738d8a204c869ebdb004ec23ab01aea6,https://doi.org/10.1016/0014-4886(69)90096-X,JournalArticle,unknown,4,brain; brain/neural structure in title,
1969,Regional blood flow in the normal cerebral hemisphere.,"References Cairns, Daniel, Johnson, Northcroft, I. M. Wilkinson, J. Bull, et al.",Journal of Neurology Neurosurgery & Psychiatry,1969-10-01,143,General Brain-AI Structure Reviews and Methods,brain-structure,10.1136/jnnp.32.5.367,79d88a70385dd39b40e77be0d72fe590fc541ab0,https://doi.org/10.1136/jnnp.32.5.367,JournalArticle,unknown,1,cerebral,
1969,The determination of regional cerebral blood flow by means of water labeled with radioactive oxygen 15.,"M. M. Ter-Pogossian, J. Eichling, Davis Do, M J Welch, Judith M. Metzger",Radiology,1969-07-01,143,General Brain-AI Structure Reviews and Methods,brain-structure,10.1148/93.1.31,8d2218f5e1ad41f2c6b4fbbe11c9909ec6f38721,https://doi.org/10.1148/93.1.31,JournalArticle,unknown,2,brain; cerebral,
1969,"The effect of chlordiazepoxide, diazepam and nitrazepam on catecholamine metabolism in regions of the rat brain.","K. Taylor, R. Laverty",European Journal of Pharmacology,1969-12-01,143,General Brain-AI Structure Reviews and Methods,brain-structure,10.1016/0014-2999(69)90038-7,bb08bbbe2e6c6b784fd9e13dc45badd230770997,https://doi.org/10.1016/0014-2999(69)90038-7,JournalArticle,unknown,4,brain; brain/neural structure in title,
1969,Brain Edema,W. J. Crowley,Neurology,1969-04-01,141,General Brain-AI Structure Reviews and Methods,brain-structure,10.1212/WNL.19.4.424,a4036f75f980e25d64ebdc4ff5c26626053f5d1e,https://doi.org/10.1212/WNL.19.4.424,paper,unknown,4,brain; brain/neural structure in title,
1969,Kinetic studies on a brain microsomal adenosine triphosphatase. II. Potassium-dependent phosphatase activity.,J. Robinson,Biochemistry,1969-08-01,141,General Brain-AI Structure Reviews and Methods,brain-structure,10.1021/BI00836A032,255571c442fd0cc6fcf8d6c1bb6511a76a7f5b6a,https://doi.org/10.1021/BI00836A032,JournalArticle,unknown,4,brain; brain/neural structure in title,
1969,Projection to cerebral cortex of Group I muscle afferents from the cat's hind limb,"S. Landgren, H. Silfvenius",Journal of Physiology,1969-02-01,141,General Brain-AI Structure Reviews and Methods,brain-structure,10.1113/jphysiol.1969.sp008698,36eb408bc01a85809675cdbf69d656d54d44ce0c,https://doi.org/10.1113/jphysiol.1969.sp008698,JournalArticle,unknown,6,brain; cerebral; cortex; brain/neural structure in title,
1969,BRAIN STEM AFFERENTS FROM THE SPINAL CORD IN A SAMPLE OF REPTILIAN AND AMPHIBIAN SPECIES,S. Ebbesson,Unknown venue,1969-10-01,138,General Brain-AI Structure Reviews and Methods,brain-structure,10.1111/j.1749-6632.1969.tb20436.x,042343569d9d2676da2172e0b2e173138464c15a,https://doi.org/10.1111/j.1749-6632.1969.tb20436.x,Review,unknown,4,brain; brain/neural structure in title,
1969,PSYCHOSES FOLLOWING WAR BRAIN INJURIES,"Kalle A. Achté, E. Hillbom, Veikko Aalberg",Acta Psychiatrica Scandinavica,1969-03-01,138,General Brain-AI Structure Reviews and Methods,brain-structure,10.1111/j.1600-0447.1969.tb06197.x,26bb2d4f3165c3c83ed015f39e714bb544c62ad7,https://doi.org/10.1111/j.1600-0447.1969.tb06197.x,JournalArticle,unknown,4,brain; brain/neural structure in title,
1969,The small pyramidal neuron of the rat cerebral cortex. The synapses upon dendritic spines.,"A. Peters, I. R. Kaiserman-Abramof",Zeitschrift für Zellforschung und Mikroskopische Anatomie,1969,138,"Cellular, Synaptic, and Neuromorphic Foundations",brain-structure,,2641aa05d112e9d00a4f51f801cd7275ad68ae5d,https://www.semanticscholar.org/paper/2641aa05d112e9d00a4f51f801cd7275ad68ae5d,JournalArticle,unknown,7,cerebral; cortex; neuron; synapse; brain/neural structure in title,
1969,"Dissociation, fractionation, and culture of embryonic brain cells.","S. Varon, C. Raiborn",Brain Research,1969,137,"Cellular, Synaptic, and Neuromorphic Foundations",brain-structure,10.1016/0006-8993(69)90065-1,d939675d21d7baa89f33151df74dc9fbaee75eb9,https://doi.org/10.1016/0006-8993(69)90065-1,JournalArticle,unknown,4,brain; brain/neural structure in title,
1969,Dominance of the right cerebral hemisphere for stereopsis,"A. Carmon, H. P. Bechtoldt",Unknown venue,1969-03-01,137,General Brain-AI Structure Reviews and Methods,brain-structure,10.1016/0028-3932(69)90042-6,3d81de2748fcc7940f6e6f9565a73d618ef2896c,https://doi.org/10.1016/0028-3932(69)90042-6,paper,unknown,2,brain; cerebral,
1969,EFFECT OF IONS ON STIMULUS-INDUCED RELEASE OF AMINO ACIDS FROM MAMMALIAN BRAIN SLICES,"R. Katz, T. N. Chase, I. J. Kopin",Journal of Neurochemistry,1969-06-01,137,General Brain-AI Structure Reviews and Methods,brain-structure,10.1111/j.1471-4159.1969.tb08986.x,b56dd358d411ee7921b16022f02c47192ec4b388,https://doi.org/10.1111/j.1471-4159.1969.tb08986.x,JournalArticle,unknown,4,brain; brain/neural structure in title,
1969,Isolation of Measles Virus from Brain Cell Cultures of Two Patients with Subacute Sclerosing Panencephalitis,"L. Horta-Barbosa, D. Fuccillo, W. London, J. Jabbour, W. Zeman, J. Sever",Proceedings of the Society for Experimental Biology and Medicine. Society for Experimental Biology and Medicine,1969-10-01,137,"Cellular, Synaptic, and Neuromorphic Foundations",brain-structure;clinical-neuroai,10.3181/00379727-132-34196,af69f92e480571a5ae37a49fc4a84f1d0b89fe7c,https://doi.org/10.3181/00379727-132-34196,JournalArticle; Review,unknown,4,brain; brain/neural structure in title,
1969,Norepinephrine: Release from Brain by d-Amphetamine in vivo,"L. Carr, K. E. Moore",Science,1969-04-18,137,General Brain-AI Structure Reviews and Methods,brain-structure,10.1126/science.164.3877.322,2d3439edf1ca6581ddeb5cc0272a5df867c3e09b,https://doi.org/10.1126/science.164.3877.322,JournalArticle,unknown,4,brain; brain/neural structure in title,
1969,Brain swelling caused by trauma and arterial hypertension. Hemodynamic aspects.,"W. Marshall, J. Jackson, T. Langfitt",Archives of Neurology,1969-11-01,136,General Brain-AI Structure Reviews and Methods,brain-structure,10.1001/ARCHNEUR.1969.00480170117012,26b21abcce3683c7fb69d5a648e4591bae078c5c,https://doi.org/10.1001/ARCHNEUR.1969.00480170117012,JournalArticle,unknown,4,brain; brain/neural structure in title,
1969,Cerebral metabolism during electrically-induced seizures in man.,"J. Posner, F. Plum, A. Poznak",Transactions of the American Neurological Association,1969-04-01,136,General Brain-AI Structure Reviews and Methods,brain-structure,10.1001/ARCHNEUR.1969.00480100064010,e1424e082b0e3c8cfc2a95ad7297ef5dc6cb52d9,https://doi.org/10.1001/ARCHNEUR.1969.00480100064010,JournalArticle,unknown,2,brain; cerebral,
1969,Effect of ischemia on metabolism of the brain of the newborn mouse.,"JH Thurston, McDougal Db",American Journal of Physiology,1969-02-01,135,General Brain-AI Structure Reviews and Methods,brain-structure,10.1152/AJPLEGACY.1969.216.2.348,e21e3d66026d32058ad21146f605b5c7a0cd94b0,https://doi.org/10.1152/AJPLEGACY.1969.216.2.348,JournalArticle,unknown,4,brain; brain/neural structure in title,
1969,Effects of bilirubin on mitochondrial reactions.,"M. Mustafa, M. Cowger, T. King",Journal of Biological Chemistry,1969-12-10,135,"Electrophysiology, Neural Signals, and AI Decoding",brain-structure;neural-signals,10.1016/s0021-9258(18)63479-9,1ee8b77438eda4da4fb310da00a3bfdaa57c4080,https://doi.org/10.1016/s0021-9258(18)63479-9,JournalArticle,unknown,3,brain; eeg; meg,"Abstract We have studied the effects of bilirubin on respiration, respiratory control, oxidative phosphorylation, and swelling of mitochondria from rat liver, bovine heart, and brain of chick, rabbit, and monkey."
1969,METABOLISM OF GLUCOSE AND GLUTAMATE BY SYNAPTOSOMES FROM MAMMALIAN CEREBRAL CORTEX,"H. F. Bradford, A. J. Thomas",Journal of Neurochemistry,1969-11-01,135,General Brain-AI Structure Reviews and Methods,brain-structure,10.1111/j.1471-4159.1969.tb09904.x,1e33cf1cc38e7898b20a6246318d82b75f4a0d3e,https://doi.org/10.1111/j.1471-4159.1969.tb09904.x,JournalArticle,unknown,6,brain; cerebral; cortex; brain/neural structure in title,
1969,"5-hydroxytryptamine metabolism in early embryogenesis, and the development of brain and retinal tissues. A review.","P. C. Baker, P. C. Baker, W. B. Quay, W. B. Quay",Brain Research,1969-02-01,133,General Brain-AI Structure Reviews and Methods,brain-structure,10.1016/0006-8993(69)90001-8,8746379a055155ceab8859fb6aacb7512ba630c0,https://doi.org/10.1016/0006-8993(69)90001-8,Review; JournalArticle,unknown,4,brain; brain/neural structure in title,
1969,Splitting the normal brain with reaction time,"R. A. Filbey, M. S. Gazzaniga",Unknown venue,1969-12-01,133,General Brain-AI Structure Reviews and Methods,brain-structure,10.3758/BF03335268,24bf4d72b5bc4ee4b205126a8d45e253839fb3eb,https://doi.org/10.3758/BF03335268,paper,unknown,4,brain; brain/neural structure in title,
1969,Sleep cycle characteristics in infants.,"E. Stern, A. H. Parmelee, Y. Akiyama, M. Schultz, W. Wenner",Pediatrics,1969-01-01,132,"Connectomics, Graph Models, and Brain Networks",brain-structure;connectome;neural-signals,10.1542/peds.43.1.65,a454b0b467093ad42b2c2f0d8fd898e5f33ab546,https://doi.org/10.1542/peds.43.1.65,JournalArticle,unknown,3,brain; eeg; meg,Within the sleep of adults and infants there are cyclic fluctuations between quiet and active sleep.
1969,A specific radioisotopic assay for acetylcholinesterase and pseudocholinesterase in brain and plasma,"A. Siakotos, M. Filbert, R. Hester",Unknown venue,1969-08-01,131,General Brain-AI Structure Reviews and Methods,brain-structure,10.1016/0006-2944(69)90011-8,977c3dc8b42c2b32237bea5baec9f520e0a13f73,https://doi.org/10.1016/0006-2944(69)90011-8,paper,unknown,4,brain; brain/neural structure in title,
1969,Autoradiographic analysis of estradiol uptake in the brain and pituitary of the female rat.,"C. H. Anderson, Gilbert S. Greenwald",Endocrinology,1969-12-01,131,"Connectomics, Graph Models, and Brain Networks",brain-structure;connectome,10.1210/ENDO-85-6-1160,f722af1c4e97628c3efe4648fa19f767b07eb819,https://doi.org/10.1210/ENDO-85-6-1160,JournalArticle,unknown,4,brain; brain/neural structure in title,
1969,Regional Uptake of 3H-Melatonin from Blood or Cerebrospinal Fluid by Rat Brain,"F. Antón-Tay, R. Wurtman",Nature,1969-02-01,131,General Brain-AI Structure Reviews and Methods,brain-structure,10.1038/221474a0,8bb7d67595c18e9b01c0bb93181c265f5ef8dd4e,https://doi.org/10.1038/221474a0,JournalArticle,unknown,4,brain; brain/neural structure in title,
1969,Effect of various decarboxylase inhibitors on the cerebral metabolism of dihydroxyphenylalanine,"G. Bartholini, A. Pletscher",The Journal of pharmacy and pharmacology,1969-05-01,130,General Brain-AI Structure Reviews and Methods,brain-structure,10.1111/j.2042-7158.1969.tb08258.x,7004c9316ae98ab75d310f88e1a9297f6ef1414d,https://doi.org/10.1111/j.2042-7158.1969.tb08258.x,JournalArticle,unknown,2,brain; cerebral,
1969,Unit responses in the rabbit's brain stem to changes in brain and cutaneous temperature.,"T. Nakayama, J. Hardy",Journal of applied physiology,1969-12-01,130,General Brain-AI Structure Reviews and Methods,brain-structure,10.1152/JAPPL.1969.27.6.848,579896ad54e7525b482a6c14f4ba8f1c105eade6,https://doi.org/10.1152/JAPPL.1969.27.6.848,JournalArticle,unknown,4,brain; brain/neural structure in title,
1969,COMPARISON OF THE FATTY ACIDS OF LIPIDS OF SUBCELLULAR BRAIN FRACTIONS,"Y. Kishimoto, B. Agranoff, N. Radin, R. Burton",Journal of Neurochemistry,1969-03-01,127,"Cellular, Synaptic, and Neuromorphic Foundations",brain-structure,10.1111/j.1471-4159.1969.tb10380.x,5d96edf178c20321cf3467247d4eb97125612a4d,https://doi.org/10.1111/j.1471-4159.1969.tb10380.x,JournalArticle,unknown,4,brain; brain/neural structure in title,
1969,Electron microscopy of degeneration within the serotonin pathway of rat brain.,"G. Aghajanian, Floyd E. Bloom, M. H. Sheard",Brain Research,1969-04-01,127,General Brain-AI Structure Reviews and Methods,brain-structure,10.1016/0006-8993(69)90286-8,a026162fe9eecefcab521821afe19855f46a6e21,https://doi.org/10.1016/0006-8993(69)90286-8,JournalArticle,unknown,4,brain; brain/neural structure in title,
1969,Subacute Sclerosing Panencephalitis: Propagation of Measles Virus from Brain Biopsy in Tissue Culture,"Tsu Teh Chen, I. Watanabe, W. Zeman, J. Mealey",Science,1969-03-14,127,General Brain-AI Structure Reviews and Methods,brain-structure,10.1126/science.163.3872.1193,1b251267faa5b972c7306341466a17ccd1c98283,https://doi.org/10.1126/science.163.3872.1193,JournalArticle,unknown,4,brain; brain/neural structure in title,
1969,Spontaneous activity of single neurones in the hypothalamus of rabbits during sleep and waking,"A. Findlay, J. N. Hayward",Journal of Physiology,1969-03-01,125,"Cellular, Synaptic, and Neuromorphic Foundations",,10.1113/jphysiol.1969.sp008753,38256599411fe3fe7ad0e69b225b9f4acb6ba580,https://doi.org/10.1113/jphysiol.1969.sp008753,JournalArticle,unknown,3,thalamus; hypothalamus; neuron,
1969,"Adenosine 3',5'-Monophosphate-Dependent Protein Kinase from Brain","E. Miyamoto, J. Kuo, P. Greengard",Science,1969-07-04,124,General Brain-AI Structure Reviews and Methods,brain-structure,10.1126/science.165.3888.63,4b3a7509a924aac4c6bc7b9838595fd78f1df482,https://doi.org/10.1126/science.165.3888.63,JournalArticle,unknown,4,brain; brain/neural structure in title,
1969,Reye's syndrome: ammonia intoxication as a possible factor in the encephalopathy.,"P. R. Huttenlocher, A. Schwartz, G. Klatskin",Pediatrics,1969-03-01,124,Clinical NeuroAI and Brain Disorders,brain-structure;clinical-neuroai,10.1542/peds.43.3.443,08751de8b287ccedc803564ea7b1e5cb395909dd,https://doi.org/10.1542/peds.43.3.443,JournalArticle,unknown,2,brain; cerebral,Ten patients with the syndrome described by Reye and co-workers as encephalopathy with fatty degeneration of the viscera have been studied over a 5-year period.
1969,"The effects of hypercapnia and hypocapnia upon the cerebrospinal fluid lactate and pyruvate concentrations and upon the lactate, pyruvate, ATP, ADP, phosphocreatine and creatine concentrations of cat brain tissue.","Lars Granholm, B. Siesjö",Acta Physiologica Scandinavica,1969-03-01,124,General Brain-AI Structure Reviews and Methods,brain-structure,10.1111/J.1748-1716.1969.TB04379.X,c8c685907843b96c433e47dd11e14077d89fe8af,https://doi.org/10.1111/J.1748-1716.1969.TB04379.X,JournalArticle,unknown,4,brain; brain/neural structure in title,
1969,The Investigation of Homovanillic Acid in the Human Brain and its Correlation to Senile Dementia,"C. Gottfries, I. Gottfries, B. Roos",British Journal of Psychiatry,1969-05-01,124,Clinical NeuroAI and Brain Disorders,brain-structure;clinical-neuroai,10.1192/bjp.115.522.563,874b7d03c68c605d743116c74d38beca93b0465a,https://doi.org/10.1192/bjp.115.522.563,JournalArticle,unknown,4,brain; brain/neural structure in title,
1969,Increase in rat brain tyrosine hydroxylase activity produced by electroconvulsive shock.,"J. Musacchio, L. Julou, S. Kety, J. Glowinski",Proceedings of the National Academy of Sciences of the United States of America,1969-08-01,123,General Brain-AI Structure Reviews and Methods,brain-structure,10.1073/PNAS.63.4.1117,5e93a056b77c0a2545c85364d0100bcf005130c7,https://doi.org/10.1073/PNAS.63.4.1117,JournalArticle,unknown,4,brain; brain/neural structure in title,
1969,"Glucose 1,6-diphosphate formation by phosphoglucomutase in mammalian tissues.","J. Passonneau, O. H. Lowry, D. W. Schulz, J. G. Brown",Journal of Biological Chemistry,1969-02-25,122,"Cellular, Synaptic, and Neuromorphic Foundations",brain-structure,10.1016/s0021-9258(18)91871-5,bfb748382d4fa0ea2d1bdc93503ae729008f96c6,https://doi.org/10.1016/s0021-9258(18)91871-5,JournalArticle,unknown,1,brain,"Abstract Glucose 1,6-diphosphate concentrations in 10 mouse tissues were found to range from 70 to 80 µmoles per kg in brain and red blood cells to 7 to 10 µmoles per kg in testes and pancreas."
1969,Surface Areas of the Cerebral Cortex of Mammals Determined by Stereological Methods,"H. Elias, D. Schwartz",Science,1969-10-03,121,General Brain-AI Structure Reviews and Methods,brain-structure,10.1126/science.166.3901.111,269898bf87280f665dc0ea4b9a0891c4c080075c,https://doi.org/10.1126/science.166.3901.111,JournalArticle,unknown,6,brain; cerebral; cortex; brain/neural structure in title,
1969,A second ouabain-sensitive sodium-dependent adenosine triphosphate in brain microsomes.,"A. Neufeld, H. M. Levy",Journal of Biological Chemistry,1969-12-10,120,General Brain-AI Structure Reviews and Methods,brain-structure,10.1016/s0021-9258(18)63489-1,7e1a30207c0fbb07eb37d3fb3069629edf034997,https://doi.org/10.1016/s0021-9258(18)63489-1,JournalArticle,unknown,4,brain; brain/neural structure in title,Abstract The hydrolysis of AT32P by calf brain microsomes appears to be catalyzed by two different enzymatic sites that are inactivated by ouabain.
1969,The uptake of mercury in the brains of mammals exposed to mercury vapor and to mercuric salts.,"M. Berlin, J. Fazackerley, G. Nordberg",Archives of Environmental Health An International Journal,1969-05-01,120,General Brain-AI Structure Reviews and Methods,brain-structure,10.1080/00039896.1969.10665480,bd115e23b9bbf81d0ec32fbc72a09d65a4ac22c4,https://doi.org/10.1080/00039896.1969.10665480,JournalArticle,unknown,4,brain; brain/neural structure in title,
1969,Chlorinated hydrocarbon insecticides: Inhibition of rabbit brain ATPase activities,R. Koch,Journal of Neurochemistry,1969-02-01,119,General Brain-AI Structure Reviews and Methods,brain-structure,10.1111/j.1471-4159.1969.tb05944.x,479dee500271f85ecb369f41c8f01edfec30d20c,https://doi.org/10.1111/j.1471-4159.1969.tb05944.x,JournalArticle,unknown,4,brain; brain/neural structure in title,
1969,The responses of cortical neurones to monoamines under differing anaesthetic conditions,"E. S. Johnson, M. Roberts, D. Straughan",Journal of Physiology,1969-08-01,119,"Cellular, Synaptic, and Neuromorphic Foundations",brain-structure,10.1113/jphysiol.1969.sp008863,9adb506ab0975b85aeec1081c41195df1e9bcc1c,https://doi.org/10.1113/jphysiol.1969.sp008863,JournalArticle,unknown,2,cortical; neuron,
1969,Arteries and veins of the human brain,"R. B. Stephens, D. Stilwell",Unknown venue,1969,118,General Brain-AI Structure Reviews and Methods,brain-structure,,06395ac5cd984c702d209adb12b280af559e2166,https://www.semanticscholar.org/paper/06395ac5cd984c702d209adb12b280af559e2166,paper,unknown,4,brain; brain/neural structure in title,
1969,Brain tumour and pregnancy.,J. Michelsen,Journal of Neurology Neurosurgery & Psychiatry,1969-08-01,118,General Brain-AI Structure Reviews and Methods,brain-structure,10.1136/jnnp.32.4.305,4e5893e708d1116cff2d99e34e43cbb86252c7cd,https://doi.org/10.1136/jnnp.32.4.305,JournalArticle,unknown,4,brain; brain/neural structure in title,
1969,Neuronal Network Triggering a Fixed Action Pattern,"A. Willows, Graham Hoyle",Science,1969-12-19,118,"Connectomics, Graph Models, and Brain Networks",connectome,10.1126/science.166.3912.1549,e6cc5318742b0652961bf42ca035641357e5bcdd,https://doi.org/10.1126/science.166.3912.1549,JournalArticle,unknown,1,neuron,
1969,Descending Monosynaptic and Reflex Control of γ-Motoneurones,"S. Grillner, T. Hongo, S. Lund",Unknown venue,1969-04-01,117,"Cellular, Synaptic, and Neuromorphic Foundations",,10.1111/J.1748-1716.1969.TB04414.X,f557a8f1e7fea4b0d6ba5e9725f3c40e5132ee2c,https://doi.org/10.1111/J.1748-1716.1969.TB04414.X,paper,unknown,1,neuron,
1969,Inhibition of morphine tolerance and physical dependence development and brain serotonin synthesis by cycloheximide.,"H. Loh, F. Shen, E. Way",Biochemical Pharmacology,1969-12-01,116,General Brain-AI Structure Reviews and Methods,brain-structure,10.1016/0006-2952(69)90179-8,4861e2c4d6923ad155d7f20af6dbd1a9e1c206e4,https://doi.org/10.1016/0006-2952(69)90179-8,JournalArticle,unknown,4,brain; brain/neural structure in title,
1969,THE HETEROGENEITY OF RAT BRAIN MITOCHONDRIA ISOLATED ON CONTINUOUS SUCROSE GRADIENTS 1,"A. Neidle, C. J. Berg, A. Grynbaum",Journal of Neurochemistry,1969-02-01,116,General Brain-AI Structure Reviews and Methods,brain-structure,10.1111/j.1471-4159.1969.tb05940.x,5f86ca0f7257d2e98aa6f9a4325429f7631f238e,https://doi.org/10.1111/j.1471-4159.1969.tb05940.x,JournalArticle,unknown,4,brain; brain/neural structure in title,
1969,Effects of morphine intoxication on brain catecholamine neurons.,"L. Gunne, J. Jonsson, K. Fuxe",European Journal of Pharmacology,1969-03-01,115,"Cellular, Synaptic, and Neuromorphic Foundations",brain-structure,10.1016/0014-2999(69)90110-1,55794f4e3d44b31645e14163d6d73115c5a477d2,https://doi.org/10.1016/0014-2999(69)90110-1,JournalArticle,unknown,5,brain; neuron; brain/neural structure in title,
1969,Genetical control of the concentration of ME7 scrapie agent in the brain of mice.,"A. Dickinson, V. M. Meikle, H. Fraser",Journal of Comparative Pathology,1969,115,General Brain-AI Structure Reviews and Methods,brain-structure,10.1016/0021-9975(69)90021-8,045ed38fa8904cda2005f4bfdca931ffcb5e9345,https://doi.org/10.1016/0021-9975(69)90021-8,JournalArticle,unknown,4,brain; brain/neural structure in title,
1969,"Hereditary syndrome of congenital retinal blindness (Leber), polycystic kidneys and maldevelopment of the brain.",A. Dekaban,American journal of ophthalmology-glaucoma,1969-12-01,114,General Brain-AI Structure Reviews and Methods,brain-structure,10.1016/0002-9394(69)93443-6,8e6d7a61d3294bd6628803fc1fac2e13df1e073b,https://doi.org/10.1016/0002-9394(69)93443-6,JournalArticle,unknown,4,brain; brain/neural structure in title,
1969,"SOME EFFERENT CONNECTIONS OF THE MOTOR AND SOMATOSENSORY CORTEX OF SIMIAN PRIMATES AND FELID, CANID AND PROCYONID CARNIVORES",J. Petras,Unknown venue,1969-10-01,114,General Brain-AI Structure Reviews and Methods,brain-structure,10.1111/j.1749-6632.1969.tb20461.x,00006fc7d6a5ef608aa04e6e475711cf6c1ed33b,https://doi.org/10.1111/j.1749-6632.1969.tb20461.x,paper,unknown,5,brain; cortex; brain/neural structure in title,
1969,Adenosine Triphosphatase Sensitive to DDT in Synapses of Rat Brain,"F. Matsumura, K. C. Patil",Science,1969-10-03,113,"Cellular, Synaptic, and Neuromorphic Foundations",brain-structure,10.1126/science.166.3901.121,a7fd06b0cf1c2a11c8b3bd369d1e81d1665faf99,https://doi.org/10.1126/science.166.3901.121,JournalArticle,unknown,5,brain; synapse; brain/neural structure in title,
1969,Demonstration of extraneuronal 5-hydroxytryptamine accumulation in brain following membrane-pump blockade by chlorimipramine.,"Arvid Carlsson, Jan Jonason, M. Lindqvist, K. Fuxe",Brain Research,1969-02-01,113,"Cellular, Synaptic, and Neuromorphic Foundations",brain-structure,10.1016/0006-8993(69)90013-4,18c0fd4fb8e6b55be0460073e712578ed9f03a4f,https://doi.org/10.1016/0006-8993(69)90013-4,JournalArticle,unknown,5,brain; neuron; brain/neural structure in title,
1969,Two visual systems: Brain mechanisms for localization and discrimination are dissociated by tectal a,G. Schneider,Unknown venue,1969,113,General Brain-AI Structure Reviews and Methods,brain-structure,,2065e5da283dca79167eec6c759009b1faf9f110,https://www.semanticscholar.org/paper/2065e5da283dca79167eec6c759009b1faf9f110,paper,unknown,4,brain; brain/neural structure in title,
1969,UPTAKE OF PROTEIN BY MAMMALIAN NEURONS,"E. Holtzman, E. Peterson",Journal of Cell Biology,1969-03-01,113,"Cellular, Synaptic, and Neuromorphic Foundations",brain-structure,10.1083/jcb.40.3.863,4bd6988a179be175168bab29ef218bd79f9d8695,https://doi.org/10.1083/jcb.40.3.863,JournalArticle,unknown,2,brain; neuron,"Although the uptake of macromolecules by neurons often figures in theories of function in the nervous system (see reference 18), such uptake has actually been demonstrated only in a few instances, usually under special circumstances."
1969,Angiographic manifestations in cerebral inflammatory disease.,"N. Leeds, H. Goldberg",Radiology,1969-11-01,112,"Connectomics, Graph Models, and Brain Networks",brain-structure;connectome,10.1097/00004424-196911000-00031,a7e2ae42953de0dc9e60c3d572a3221e4c307f36,https://doi.org/10.1097/00004424-196911000-00031,JournalArticle,unknown,2,brain; cerebral,
1969,BRAIN TUMORS: THEIR INCIDENCE AND CLASSIFICATION IN MAN AND THEIR EXPERIMENTAL PRODUCTION,H. M. Zimmerman,Unknown venue,1969-07-01,112,Structural Neuroimaging and AI,brain-structure;machine-learning,10.1111/j.1749-6632.1969.tb48290.x,d37a137d7042d96c5b322e1a3b5cb65c026eac1d,https://doi.org/10.1111/j.1749-6632.1969.tb48290.x,paper,unknown,16,brain; classification; brain/neural structure in title; explicit brain-structure/AI bridge,
1969,Myocardial damage secondary to brain lesions.,R. Connor,American Heart Journal,1969-08-01,112,General Brain-AI Structure Reviews and Methods,brain-structure,10.1016/0002-8703(69)90001-5,0ed7fac3d755d71daefe43c27883ec3dd361c044,https://doi.org/10.1016/0002-8703(69)90001-5,JournalArticle,unknown,4,brain; brain/neural structure in title,
1969,Effects of nicotine on electrocortical activity and acetylcholine release from the cat cerebral cortex,"A. Armitage, G. H. Hall, C. M. Sellers",British Journal of Pharmacology,1969-01-01,111,General Brain-AI Structure Reviews and Methods,brain-structure,10.1111/j.1476-5381.1969.tb07976.x,f090933745ef38d2670469c6c28422eeaf756c84,https://doi.org/10.1111/j.1476-5381.1969.tb07976.x,JournalArticle,unknown,7,brain; cerebral; cortex; cortical; brain/neural structure in title,
1969,Intraneuronal conglomerates in sporadic motor neuron disease. A light and electron microscopic study.,"S. Schochet, J. Hardman, P. Ladewig, K. Earle",Archives of Neurology,1969-05-01,111,"Cellular, Synaptic, and Neuromorphic Foundations",,10.1001/ARCHNEUR.1969.00480110112012,3672e753981c571ff857722c3656a36c20d538c7,https://doi.org/10.1001/ARCHNEUR.1969.00480110112012,JournalArticle,unknown,1,neuron,
1969,Aneurysms of the posterior cerebral artery.,"C. Drake, A. Amacher",Journal of Neurosurgery,1969-04-01,110,General Brain-AI Structure Reviews and Methods,brain-structure,10.3171/JNS.1969.30.4.0468,adf744c2a954a4e70c1bf29138113b664be75963,https://doi.org/10.3171/JNS.1969.30.4.0468,JournalArticle,unknown,2,brain; cerebral,
1969,Dominance reversal resulting from aggressive responses evoked by brain telestimulation,"B. W. Robinson, M. Alexander, G. Bowne",Unknown venue,1969-09-01,108,General Brain-AI Structure Reviews and Methods,brain-structure,10.1016/0031-9384(69)90111-5,01dee54de0636d1a3113383b169fd4110992c57d,https://doi.org/10.1016/0031-9384(69)90111-5,paper,unknown,4,brain; brain/neural structure in title,
1969,Brain disorders induced by pharmacological blockade of the pentose phosphate pathway.,"H. Herken, K. Lange, H. Kolbe",Biochemical and Biophysical Research Communications - BBRC,1969-07-07,106,General Brain-AI Structure Reviews and Methods,brain-structure,10.1016/0006-291X(69)90654-8,66cf0f321610eed11bf0b56c35be33543016417a,https://doi.org/10.1016/0006-291X(69)90654-8,JournalArticle,unknown,4,brain; brain/neural structure in title,
1969,Induction of Sexual Excitement by the Action of Adrenocorticotrophic Hormone in Brain,"A. Bertolini, W. Vergoni, G. Gessa, W. Ferrari",Nature,1969-02-15,106,General Brain-AI Structure Reviews and Methods,brain-structure,10.1038/221667A0,bc725e109c78e44d7316e04c12e3be31af60bcc0,https://doi.org/10.1038/221667A0,JournalArticle,unknown,4,brain; brain/neural structure in title,
1969,Escape from Self-Produced Rates of Brain Stimulation,"S. Steiner, B. Beer, Michael M. Shaffer",Science,1969-01-03,105,General Brain-AI Structure Reviews and Methods,brain-structure,10.1126/science.163.3862.90,0b90ed4c538cd334873744dbcf064a1810785214,https://doi.org/10.1126/science.163.3862.90,JournalArticle,unknown,16,brain; bci; brain/neural structure in title; explicit brain-structure/AI bridge,
1969,Regulation of proliferation and movement of human glialike cells in culture.,"Jan Pontén, Bengt Westermark, R. Hugosson",Experimental Cell Research,1969-12-01,105,"Cellular, Synaptic, and Neuromorphic Foundations",,10.1016/0014-4827(69)90520-5,ea5daa39d40825943e8132a93ea81b852510027d,https://doi.org/10.1016/0014-4827(69)90520-5,JournalArticle,unknown,0,Semantic Scholar brain-AI query,
1969,Attention Reduction and Suppressed Direct-Current Potentials in the Human Brain,"J. Tecce, Neil M. Scheff",Science,1969-04-18,104,"Cognitive Architectures, Learning, and Systems Neuroscience",brain-structure,10.1126/science.164.3877.331,c999d86e9b45a6afa97f170f49a9a6794058aba1,https://doi.org/10.1126/science.164.3877.331,JournalArticle,unknown,4,brain; brain/neural structure in title,
1969,Cellular Growth in Various Regions of the Developing Rat Brain,"I. Fish, M. Winick",Pediatric Research,1969-09-01,104,"Cellular, Synaptic, and Neuromorphic Foundations",brain-structure,10.1203/00006450-196909000-00003,b263a83cd2a4529f32689e206a0c66a93c7835fb,https://doi.org/10.1203/00006450-196909000-00003,JournalArticle,unknown,4,brain; brain/neural structure in title,
1969,Mannosidosis: isolation of oligosaccharide storage material from brain.,P. Öckerman,Jornal de Pediatria,1969-09-01,104,General Brain-AI Structure Reviews and Methods,brain-structure,10.1016/S0022-3476(69)80259-3,4d275f038ace58b45f56514b063d4c73dbf2d9db,https://doi.org/10.1016/S0022-3476(69)80259-3,JournalArticle,unknown,4,brain; brain/neural structure in title,
1969,"A STUDY OF LIPID COMPONENTS IN BRAIN OF THE 'JIMPY' MOUSE, A MUTANT WITH MYELIN DEFICIENCY","J. Nussbaum, N. Neskovic, P. Mandel",Journal of Neurochemistry,1969-06-01,103,General Brain-AI Structure Reviews and Methods,brain-structure,10.1111/j.1471-4159.1969.tb08982.x,4bfef35b27db14bcc20720060b54044a09b4afe0,https://doi.org/10.1111/j.1471-4159.1969.tb08982.x,JournalArticle,unknown,4,brain; brain/neural structure in title,
1969,ELECTROPHYSIOLOGICAL CORRELATES AND NEURAL SUBSTRATES OF ALIMENTARY BEHAVIOR IN THE CAT *,"M. Sterman, W. Wyrwicka, S. Roth",Annals of the New York Academy of Sciences,1969-05-01,103,"Cognitive Architectures, Learning, and Systems Neuroscience",,10.1111/j.1749-6632.1969.tb12916.x,ce72528b46993645bce968b1dddfb4a4e6709fac,https://doi.org/10.1111/j.1749-6632.1969.tb12916.x,JournalArticle; Review,unknown,4,neural; brain/neural structure in title,
1969,"A Case of Partial Epilepsy, apparently due to a Lesion of one of the Vaso-motor Centres of the Brain.",W. Sturge,Unknown venue,1969-11-01,102,Clinical NeuroAI and Brain Disorders,brain-structure;clinical-neuroai,10.1001/ARCHNEUR.1969.00480170127014,35d3a1b52ebc36a77947d07d1b9cc7ccf2bf1502,https://doi.org/10.1001/ARCHNEUR.1969.00480170127014,paper,unknown,4,brain; brain/neural structure in title,
1969,Morphology of brain lesions from blunt trauma in early infancy.,"R. Lindenberg, E. Freytag",Archives of pathology,1969-03-01,102,General Brain-AI Structure Reviews and Methods,brain-structure,,8f91c5ceeb238fa65438aeae347813a3a3c18d99,https://www.semanticscholar.org/paper/8f91c5ceeb238fa65438aeae347813a3a3c18d99,JournalArticle,unknown,4,brain; brain/neural structure in title,
1969,RELEASE OF [3H]SEROTONIN FROM BRAIN SLICES 1,"T. Chase, R. Katz, I. Kopin",Journal of Neurochemistry,1969-04-01,102,General Brain-AI Structure Reviews and Methods,brain-structure,10.1111/j.1471-4159.1969.tb06860.x,fdb9053bf846dfd954be07fcd315652dcace0289,https://doi.org/10.1111/j.1471-4159.1969.tb06860.x,JournalArticle,unknown,4,brain; brain/neural structure in title,
1969,"Release of norepinephrine-3H and serotonin-3H evoked from brain slices by electrical-field stimulation-calcium dependency and the effects of lithium, ouabain and tetrodotoxin.","R. Katz, I. Kopin",Biochemical Pharmacology,1969-08-01,102,General Brain-AI Structure Reviews and Methods,brain-structure,10.1016/0006-2952(69)90289-5,bde36cce51b8102a248f5487a3771afaaa2836ff,https://doi.org/10.1016/0006-2952(69)90289-5,JournalArticle,unknown,4,brain; brain/neural structure in title,
1969,The regulation of extra- and intracellular acid-base parameters in the rat brain during hyper- and hypocapnia.,"Å. Kjällquist, M. Nardini, B. Siesjö",Acta Physiologica Scandinavica,1969-08-01,102,"Cellular, Synaptic, and Neuromorphic Foundations",brain-structure,10.1111/J.1748-1716.1969.TB04495.X,e5271039052f1ac0a2158d2477ab38aab86890a5,https://doi.org/10.1111/J.1748-1716.1969.TB04495.X,JournalArticle,unknown,4,brain; brain/neural structure in title,
1969,DISTRIBUTION AND PROPERTIES OF CDP-DIGLYCERIDE:INOSITOL TRANSFERASE FROM BRAIN 1,"J. Benjamins, B. Agranoff",Journal of Neurochemistry,1969-04-01,101,General Brain-AI Structure Reviews and Methods,brain-structure,10.1111/j.1471-4159.1969.tb06850.x,a522abb64a83b58c6645e5fed7cf4f19023916ce,https://doi.org/10.1111/j.1471-4159.1969.tb06850.x,JournalArticle,unknown,4,brain; brain/neural structure in title,
1969,Effects of immobilization on rat liver tryptophan pyrrolase and brain 5-hydroxytryptamine metabolism,"G. Curzon, A. Green",British Journal of Pharmacology,1969-11-01,101,General Brain-AI Structure Reviews and Methods,brain-structure,10.1111/j.1476-5381.1969.tb08507.x,e035e84448f93241d69f2de18e8f04790303caae,https://doi.org/10.1111/j.1476-5381.1969.tb08507.x,JournalArticle,unknown,4,brain; brain/neural structure in title,
1969,Biochemical studies of synapses in vitro. 3. Ionic activation of protein synthesis.,"S. Appel, L. Autilio, B. Festoff, A. Escueta",Journal of Biological Chemistry,1969-06-25,99,"Cellular, Synaptic, and Neuromorphic Foundations",,,c741f8d82c507079af9075671e7177ca6e599f85,https://www.semanticscholar.org/paper/c741f8d82c507079af9075671e7177ca6e599f85,JournalArticle,unknown,1,synapse,
1969,Congenital defects in guinea pigs: prenatal retardation of brain growth of guinea pigs following hyperthermia during gestation.,Marshall J. Edwards,Teratology,1969-11-01,99,General Brain-AI Structure Reviews and Methods,brain-structure,10.1002/TERA.1420020407,c806e6f9149074b96a3e7c405a13990a38397fe1,https://doi.org/10.1002/TERA.1420020407,JournalArticle,unknown,4,brain; brain/neural structure in title,
1969,Enzymatic conversion of norepinephrine to epinephrine by the brain.,"L. Pohorecky, M. Zigmond, H. Karten, R. Wurtman",Journal of Pharmacology and Experimental Therapeutics,1969-02-01,99,General Brain-AI Structure Reviews and Methods,brain-structure,10.1016/s0022-3565(25)28179-4,2090ac04aa4021dc0c5aa2f2cc97d0418d659e0c,https://doi.org/10.1016/s0022-3565(25)28179-4,JournalArticle,unknown,5,brain; cerebral; brain/neural structure in title,"The epinephrine-forming enzyme phenylethanolamine-N-methyl transferase (PNMT) can be demonstrated in various brain regions of the rat, cat, hen and turtle."
1969,"Fundamental Properties of Intensity, Form, and Motion Perception in the Visual Nervous Systems of Calliphora phaenicia and Musca domestica","Gilbert D. McCann, J. Dill",The Journal of General Physiology,1969-04-01,99,"Cellular, Synaptic, and Neuromorphic Foundations",brain-structure,10.1085/jgp.53.4.385,53c82c99a21e8868218a580ab36d6c9732440436,https://doi.org/10.1085/jgp.53.4.385,JournalArticle,unknown,3,brain; neuron; neural,"Several classes of interneurons in the optic lobes and brain of the insects, Musca domestica and Calliphora phaenicia, have been studied in detail."
1969,Activities of enzymes involved in the formation and destruction of biogenic amines in various areas of human brain.,"W. Vogel, V. Orfei, B. Century",Journal of Pharmacology and Experimental Therapeutics,1969-02-01,98,General Brain-AI Structure Reviews and Methods,brain-structure,10.1016/s0022-3565(25)28180-0,bdf60033c1667a3dab47855ac7ddee9a24cad1a9,https://doi.org/10.1016/s0022-3565(25)28180-0,JournalArticle,unknown,8,brain; cerebral; cortex; thalamus; hypothalamus; brain/neural structure in title,"Activities of tyrosine hydroxylase (TH), aromatic amino acid decarboxylase (AD), dopamine-β-hydroxylase (DH), monoamine oxidase (MAO) and catechol-O-methyltransferase (COMT) were studied in various areas of human brains obtained at autopsy."
1969,Discharge patterns of brain-stem respiratory neurons during Hering-Breuer reflex evoked by lung inflation.,M. I. Cohen,Journal of Neurophysiology,1969-05-01,98,"Cellular, Synaptic, and Neuromorphic Foundations",brain-structure,10.1152/JN.1969.32.3.356,8fb611563b7a549b92702a71d226083fe5f3e5c6,https://doi.org/10.1152/JN.1969.32.3.356,JournalArticle,unknown,5,brain; neuron; brain/neural structure in title,
1969,Effects of changes in brain metabolism on levels of pentose phosphate pathway intermediates.,"F. Kauffman, J. G. Brown, J. Passonneau, O. H. Lowry",Journal of Biological Chemistry,1969-07-10,98,General Brain-AI Structure Reviews and Methods,brain-structure,10.1016/s0021-9258(18)83418-4,de9a5974d8059bc6e4f32a3cee55af15cee27b6c,https://doi.org/10.1016/s0021-9258(18)83418-4,JournalArticle,unknown,5,brain; cerebral; brain/neural structure in title,"Abstract Several metabolites of the pentose phosphate pathway, together with related intermediates of the Embden-Meyerhof pathway, were measured in cerebral tissue of mice after periods of ischemia, anesthesia by phenobarbital, hyperthermia, hypothermia, and iodoacetate and fluoroacetate poisoning."
1969,Enzymatic Synthesis of Adrenaline in Mammalian Brain,"R. Ciaranello, Rebecca E. Barchas, Gregory S. Byers, Donald W. Stemmle, J. Barchas",Nature,1969-01-25,98,General Brain-AI Structure Reviews and Methods,brain-structure,10.1038/221368A0,dcb67fcd9d7ac741d49aa13f939dba6057c43251,https://doi.org/10.1038/221368A0,JournalArticle,unknown,4,brain; brain/neural structure in title,
1969,Isolation and properties of gamma-L-glutamylcyclotransferase from human brain.,"M. Orłowski, P. Richman, A. Meister",Biochemistry,1969-03-01,97,General Brain-AI Structure Reviews and Methods,brain-structure,10.1021/BI00831A036,99031b4a10a9a6ed502e7ec1cfade0b5a508f9cb,https://doi.org/10.1021/BI00831A036,JournalArticle,unknown,4,brain; brain/neural structure in title,
1969,Steroid-sensitive neurones in rat brain: anatomical localization and responses to neurohumours and ACTH.,"F. A. Steiner, K. Akert, K. Ruf",Brain Research,1969,97,"Cellular, Synaptic, and Neuromorphic Foundations",brain-structure,10.1016/0006-8993(69)90056-0,9d53f76ed4ba17a939c50f9290c012a6e8d5a8e3,https://doi.org/10.1016/0006-8993(69)90056-0,JournalArticle,unknown,5,brain; neuron; brain/neural structure in title,
1969,"Effect of protein deprivation of swine during all or part of gestation on birth weight, postnatal growth rate and nucleic acid content of brain and muscle of progeny.","W. Pond, D. Strachan, Y. Sinha, E. Walker, J. A. Dunn, R. Barnes",Journal of NutriLife,1969-09-01,96,General Brain-AI Structure Reviews and Methods,brain-structure,10.1093/JN/99.1.61,f6ac83aba09301cf48679b69d1a55ecc33f7ef19,https://doi.org/10.1093/JN/99.1.61,JournalArticle,unknown,4,brain; brain/neural structure in title,
1969,Regional cerebral blood flow: a comparison of 8-detector and 16-detector instrumentation.,"O. Paulson, S. Cronqvist, J. Risberg, F. Jeppesen",Journal of Nuclear Medicine,1969-04-01,95,General Brain-AI Structure Reviews and Methods,brain-structure,,4a6cd99687452b4c98c0ee91ad025f3fc2fe5cee,https://www.semanticscholar.org/paper/4a6cd99687452b4c98c0ee91ad025f3fc2fe5cee,JournalArticle; Study,unknown,2,brain; cerebral,
1969,A stereotaxic brain atlas for Macaca nemestrina,"W. D. Winters, R. T. Kado, W. R. Adey",Unknown venue,1969,93,General Brain-AI Structure Reviews and Methods,brain-structure,,62ac90e524226477e72b76e1567c0dbd1af99dee,https://www.semanticscholar.org/paper/62ac90e524226477e72b76e1567c0dbd1af99dee,paper,unknown,4,brain; brain/neural structure in title,
1969,Brain Evolution and Dinosaur Brains,H. J. Jerison,American Naturalist,1969-11-01,93,General Brain-AI Structure Reviews and Methods,brain-structure,10.1086/282627,6e3e5640205a3cf1975303982ca61a69c30fa764,https://doi.org/10.1086/282627,paper,unknown,4,brain; brain/neural structure in title,
1969,The Use of Brain Slices,K. Elliott,Unknown venue,1969,93,General Brain-AI Structure Reviews and Methods,brain-structure,10.1007/978-1-4899-7321-4_6,26e10bddfe09c4d8ae2c26abf9990838caa4ad57,https://doi.org/10.1007/978-1-4899-7321-4_6,paper,unknown,4,brain; brain/neural structure in title,
1969,"VITAMIN D AND CARDIOVASCULAR, RENAL, AND BRAIN DAMAGE IN INFANCY AND CHILDHOOD",M. Seelig,Annals of the New York Academy of Sciences,1969-09-01,93,General Brain-AI Structure Reviews and Methods,brain-structure,10.1111/j.1749-6632.1967.tb41272.x,a5f7f62783b899bfb5d6f99caa252383fe211c00,https://doi.org/10.1111/j.1749-6632.1967.tb41272.x,Review; JournalArticle,unknown,4,brain; brain/neural structure in title,
1969,Inhibition of human brain pyruvate kinase and hexokinase by phenylalanine and phenylpyruvate: possible relevance to phenylketonuric brain damage.,G. Weber,Proceedings of the National Academy of Sciences of the United States of America,1969-08-01,92,General Brain-AI Structure Reviews and Methods,brain-structure,10.1073/PNAS.63.4.1365,37216ea80bb7f5e2e5e82cac4fbdfe13908566a9,https://doi.org/10.1073/PNAS.63.4.1365,JournalArticle,unknown,4,brain; brain/neural structure in title,
1969,Noradrenaline sensitive cells in cat cerebral cortex.,"E. S. Johnson, M. Roberts, A. Sobieszek, D. Straughan",International Journal of Neuropharmacology,1969-12-01,92,"Cellular, Synaptic, and Neuromorphic Foundations",brain-structure,10.1016/0028-3908(69)90072-0,30ea95d9dfb155dc1be3f3aa840a6f48f174a58d,https://doi.org/10.1016/0028-3908(69)90072-0,JournalArticle,unknown,6,brain; cerebral; cortex; brain/neural structure in title,
1969,A stereotaxic brain atlas of the tree shrew : (Tupaia glis),"J. Tigges, T. R. Shantha",Unknown venue,1969,91,General Brain-AI Structure Reviews and Methods,brain-structure,,eea26a47ed9c3eba774633b94450b32fcd085a38,https://www.semanticscholar.org/paper/eea26a47ed9c3eba774633b94450b32fcd085a38,paper,unknown,4,brain; brain/neural structure in title,
1969,Auditory cortical areas of man,"G. Celesia, F. Puletti",Neurology,1969-03-01,91,General Brain-AI Structure Reviews and Methods,brain-structure,10.1212/WNL.19.3.211,f537aac01d2819c6aa0dd2e0a7ad827afaf57c87,https://doi.org/10.1212/WNL.19.3.211,JournalArticle,unknown,1,cortical,
1969,Antibiotic penetration of the brain. A comparative study.,"P. W. Kramer, R. Griffith, R. Campbell",Journal of Neurosurgery,1969-09-01,90,General Brain-AI Structure Reviews and Methods,brain-structure,10.3171/JNS.1969.31.3.0295,34b68f640a20b3c8c282f7b5c048ad07e459721b,https://doi.org/10.3171/JNS.1969.31.3.0295,JournalArticle,unknown,4,brain; brain/neural structure in title,
1969,Clinical features of the epidermoids of the basal cisterns of the brain.,"S. Obrador, J. J. Lopez-Zafra",Journal of Neurology Neurosurgery & Psychiatry,1969-10-01,90,Clinical NeuroAI and Brain Disorders,brain-structure;clinical-neuroai,10.1136/jnnp.32.5.450,d98dba4af3c970e759c95eeed76b5f0b192e3023,https://doi.org/10.1136/jnnp.32.5.450,JournalArticle,unknown,4,brain; brain/neural structure in title,
1969,"Metabolic interactions of glucose, lactate, and beta-hydroxybutyrate in rat brain slices.","Takehiko, Ide, Jurgen, Steinke, George, F., et al.",American Journal of Physiology,1969-09-01,90,General Brain-AI Structure Reviews and Methods,brain-structure,10.1152/AJPLEGACY.1969.217.3.784,f2a44e273ee2dc6c29db508c8ae77a54aaaf7f03,https://doi.org/10.1152/AJPLEGACY.1969.217.3.784,JournalArticle,unknown,4,brain; brain/neural structure in title,
1969,Localization in caudal brain stem and cervical spinal cord of neurones activated from forelimb group I afferents in the cat,I. Rose´n,Unknown venue,1969-11-01,89,"Cellular, Synaptic, and Neuromorphic Foundations",brain-structure,10.1016/0006-8993(69)90085-7,5506851d398b9563918c3979c5405cff3acf3519,https://doi.org/10.1016/0006-8993(69)90085-7,paper,unknown,5,brain; neuron; brain/neural structure in title,
1969,Report of brain tumor registry of Japan,日本脳神経外科学会,Unknown venue,1969,89,Clinical NeuroAI and Brain Disorders,brain-structure,,0d0e7344ba07bc71d9da6e4ab9f4238079913baf,https://www.semanticscholar.org/paper/0d0e7344ba07bc71d9da6e4ab9f4238079913baf,paper,unknown,4,brain; brain/neural structure in title,
1969,EFFECT OF HYPOTHYROIDISM ON IONIC METABOLISM AND Na-K ACTIVATED ATP PHOSPHOHYDROLASE ACTIVITY IN THE DEVELOPING RAT BRAIN 1,"T. Valcana, P. Timiras",Journal of Neurochemistry,1969-06-01,88,General Brain-AI Structure Reviews and Methods,brain-structure,10.1111/j.1471-4159.1969.tb08983.x,179de0f70abddd95fd6f3d237480dd08bf8910e9,https://doi.org/10.1111/j.1471-4159.1969.tb08983.x,JournalArticle,unknown,4,brain; brain/neural structure in title,
1969,"SUBCELLULAR LOCALIZATION OF N-ACETYL-ASPARTYL-GLUTAMATE, N-ACETYL-GLUTAMATE AND GLUTATHIONE IN BRAIN","K. L. Reichelt, F. Fonnum",Journal of Neurochemistry,1969-09-01,88,"Cellular, Synaptic, and Neuromorphic Foundations",brain-structure,10.1111/j.1471-4159.1969.tb05993.x,edee3605081d3309ce964babb13a72650ca877e7,https://doi.org/10.1111/j.1471-4159.1969.tb05993.x,JournalArticle,unknown,4,brain; brain/neural structure in title,
1969,"2',3'-cyclic nucleotide 3'-phosphohydrolase in the brain of the ""Jimpy"" mouse, a mutant with deficient myelination.","T. Kurihara, J. Nussbaum, P. Mandel",Brain Research,1969-04-01,87,General Brain-AI Structure Reviews and Methods,brain-structure,10.1016/0006-8993(69)90299-6,0bf128eabbad271456fdfd9db62baf356f7cce80,https://doi.org/10.1016/0006-8993(69)90299-6,JournalArticle,unknown,4,brain; brain/neural structure in title,
1969,Radiosensitization of malignant brain tumours with bromouridine (thymidine analogue).,"T. Hoshino, Keiji Sano","Acta radiologica: therapy, physics, biology",1969,87,General Brain-AI Structure Reviews and Methods,brain-structure,10.3109/02841866909134433,9c3f8ef5c5af7b52f20aebed623e904632e59b09,https://doi.org/10.3109/02841866909134433,JournalArticle,unknown,4,brain; brain/neural structure in title,
1969,Blood vessels and tissue space associated with the brain of the rat.,"R. Frederickson, F. N. Low",American Journal of Anatomy,1969-06-01,86,General Brain-AI Structure Reviews and Methods,brain-structure,10.1002/AJA.1001250202,341a0be05ab62330b4bcd6dab36663dd7f0fe718,https://doi.org/10.1002/AJA.1001250202,JournalArticle,unknown,4,brain; brain/neural structure in title,
1969,Enzymatic hydrolysis of sphingolipids. 8. Further purification and properties of rat brain ceramidase.,"E. Yavin, S. Gatt",Biochemistry,1969-04-01,85,General Brain-AI Structure Reviews and Methods,brain-structure,10.1021/BI00832A052,ef26b4e6f2b7858c91188adf4282dcd6af1cc9ec,https://doi.org/10.1021/BI00832A052,JournalArticle,unknown,4,brain; brain/neural structure in title,
1969,Brain damage in the rhesus monkey resulting from profound arterial hypotension. II. Changes in the spontaneous and evoked electrical activity of the neocortex.,"Meldrum Bs, J. B. Brierley",Brain Research,1969-03-01,83,General Brain-AI Structure Reviews and Methods,brain-structure,10.1016/0006-8993(69)90145-0,0e2f8e805e5d525d7f4f512b9f0dbb3480451c5d,https://doi.org/10.1016/0006-8993(69)90145-0,JournalArticle,unknown,5,brain; cortex; brain/neural structure in title,
1969,DNA AND DNA-POLYMERASE ACTIVITY IN CHICKEN BRAIN REGIONS DURING ONTOGENY 1,F. Margolis,Journal of Neurochemistry,1969-03-01,83,General Brain-AI Structure Reviews and Methods,brain-structure,10.1111/j.1471-4159.1969.tb10385.x,0a244589c8315e149f214b81e57d5bafaaf5cf87,https://doi.org/10.1111/j.1471-4159.1969.tb10385.x,JournalArticle,unknown,4,brain; brain/neural structure in title,
1969,EXPERIMENTAL SEIZURE-THRESHOLD TESTING WITH FLUROTHYL,"James W. Prichahd, B. B. Gallagher, G. H. Glaser",Journal of Pharmacology and Experimental Therapeutics,1969-03-01,83,General Brain-AI Structure Reviews and Methods,brain-structure,10.1016/s0022-3565(25)28218-0,669c8bc19a641458b8bf76e98d0bec8c8c74d67d,https://doi.org/10.1016/s0022-3565(25)28218-0,JournalArticle,unknown,2,brain; cerebral,A method is described for testing rats in groups of up to four using both first myoclonic jerk and sustained convulsion as endpoints in each animal.
1969,Myelination of the brain in the newborn,"L. Rorke, H. Riggs",Unknown venue,1969,83,General Brain-AI Structure Reviews and Methods,brain-structure,,85739552321dafed0e46fdf3c63043aa1d1d8365,https://www.semanticscholar.org/paper/85739552321dafed0e46fdf3c63043aa1d1d8365,paper,unknown,4,brain; brain/neural structure in title,
1969,SOME EFFECTS OF MONOAMINE OXIDASE INHIBITORS ON THE METABOLISM OF γ-AMINOBUTYRIC ACID IN RAT BRAIN,"N. Popov, H. Matthies",Journal of Neurochemistry,1969-06-01,83,General Brain-AI Structure Reviews and Methods,brain-structure,10.1111/j.1471-4159.1969.tb08978.x,0ad280a96583f5ea25ab6d757251f9eb92b4adbd,https://doi.org/10.1111/j.1471-4159.1969.tb08978.x,JournalArticle,unknown,4,brain; brain/neural structure in title,
1969,"The action of phenylmethylsulfonyl fluoride on human acetylcholinesterase, chymotyrpsin and trypsin.","P. Turini, S. Kurooka, M. Steer, A. Corbascio, T. Singer",Journal of Pharmacology and Experimental Therapeutics,1969-05-01,83,"Cellular, Synaptic, and Neuromorphic Foundations",brain-structure;clinical-neuroai,10.1016/s0022-3565(25)28257-x,23cdcd4678eae52a2e2b70d91a0dd764f8b0311e,https://doi.org/10.1016/s0022-3565(25)28257-x,JournalArticle,unknown,1,brain,"hat acute hemorrhagic pancreatitis involves autodigestion of the pancreas by prematurely activated pancreatic proteolytic enzymes and of reports in the literature that phenylmethylsulfonyl fluoride (PMSF) and related compounds inactivate trypsin and chymotrypsin (from bovine tissues) without affecting acetylcholinesterase (from electriceel), we have studied the action of PMSF on human enzymes and its toxicity in vivo."
1969,The effects of some hallucinogenic drugs upon the metabolism of 5-hydroxy-tryptamine in the brain.,"S. Tonge, B. Leonard",Life Science,1969-08-01,83,General Brain-AI Structure Reviews and Methods,brain-structure,10.1016/0024-3205(69)90141-6,65a19cfe5a185023bcc46cf5af519e27ae8bbbdc,https://doi.org/10.1016/0024-3205(69)90141-6,JournalArticle,unknown,4,brain; brain/neural structure in title,
1969,A COMPARATIVE STUDY OF BRAIN AND LIVER MITOCHONDRIA FROM NEW-BORN AND ADULT RATS,"N. Gregson, P. L. Williams",Journal of Neurochemistry,1969-04-01,82,General Brain-AI Structure Reviews and Methods,brain-structure,10.1111/j.1471-4159.1969.tb06861.x,10f58b706469d903ffc500f49f417c545f04e08d,https://doi.org/10.1111/j.1471-4159.1969.tb06861.x,JournalArticle,unknown,4,brain; brain/neural structure in title,
1969,Histamine and Spermidine Content in Brain during Development,"L. A. Pearce, S. Schanberg",Science,1969-12-05,82,General Brain-AI Structure Reviews and Methods,brain-structure,10.1126/science.166.3910.1301,fccfb1f12f865d68aece3377293731ae17e2c84d,https://doi.org/10.1126/science.166.3910.1301,JournalArticle,unknown,4,brain; brain/neural structure in title,
1969,OUTLINES OF CANID AND FELID BRAIN EVOLUTION *,L. Radinsky,Unknown venue,1969-10-01,82,General Brain-AI Structure Reviews and Methods,brain-structure,10.1111/j.1749-6632.1969.tb20450.x,73c5605ec527f19b569abd58aac2ce0d947b7fe4,https://doi.org/10.1111/j.1749-6632.1969.tb20450.x,paper,unknown,4,brain; brain/neural structure in title,
1969,CEREBROSIDE GALACTOSIDASE: A METHOD FOR DETERMINATION AND A COMPARISON WITH OTHER LYSOSOMAL ENZYMES IN DEVELOPING RAT BRAIN 1,"D. M. Bowen, N. S. Radin",Journal of Neurochemistry,1969-04-01,81,General Brain-AI Structure Reviews and Methods,brain-structure,10.1111/j.1471-4159.1969.tb06849.x,2d19aed05b4bf6392b88bbbe7d9ccd8c798bee07,https://doi.org/10.1111/j.1471-4159.1969.tb06849.x,JournalArticle,unknown,4,brain; brain/neural structure in title,
1969,Latent Spinal Cord and Brain Stem Injury in Newborn Infants,A. Towbin,Developmental Medicine & Child Neurology,1969-02-01,81,General Brain-AI Structure Reviews and Methods,brain-structure,10.1111/j.1469-8749.1969.tb01395.x,7682f99df3f666ac699b6902ca52b7ed96f73d66,https://doi.org/10.1111/j.1469-8749.1969.tb01395.x,JournalArticle,unknown,4,brain; brain/neural structure in title,
1969,"Postembryonic brain development in the monarch butterfly,Danaus plexippus plexippus L.","R. H. Nordlander, J. Edwards",Roux s Archives of Developmental Biology,1969-09-01,80,General Brain-AI Structure Reviews and Methods,brain-structure,10.1007/BF00573531,f299edea6881b39bd46cd91683500d0964a66e00,https://doi.org/10.1007/BF00573531,JournalArticle,unknown,4,brain; brain/neural structure in title,
1969,"THE METABOLISM OF PALMITIC ACID IN THE PHOSPHOLIPIDS, NEUTRAL GLYCERIDES AND GALACTOLIPIDS OF MOUSE BRAIN","G. Sun, L. Horrocks",Journal of Neurochemistry,1969-02-01,80,General Brain-AI Structure Reviews and Methods,brain-structure,10.1111/j.1471-4159.1969.tb05936.x,cc20a587b355780c40df3a3d51fa2ccd1542fc8b,https://doi.org/10.1111/j.1471-4159.1969.tb05936.x,JournalArticle,unknown,4,brain; brain/neural structure in title,
1969,Brain acetylcholine levels and inhibition of the tail-flick reflex in mice.,"J. Howes, L. Harris, W. Dewey, C. A. Voyda",Journal of Pharmacology and Experimental Therapeutics,1969-09-01,79,"Connectomics, Graph Models, and Brain Networks",brain-structure;connectome,10.1016/s0022-3565(25)28344-6,9fbb178d73e7b1c83e6f09f98e5a8911c7ec3967,https://doi.org/10.1016/s0022-3565(25)28344-6,JournalArticle,unknown,4,brain; brain/neural structure in title,"Levels of whole brain ""bound"" acetylcholine were determined in mice by a gas chromatographic method."
1969,Indole(ethyl)amine N-Methyltransferase in the Brain,"M. Morgan, A. Mandell",Science,1969-08-01,79,General Brain-AI Structure Reviews and Methods,brain-structure,10.1126/science.165.3892.492,44f0878d5a2f65ad0a32a20a5bef98a2ead3f990,https://doi.org/10.1126/science.165.3892.492,JournalArticle,unknown,4,brain; brain/neural structure in title,
1969,The cerebrocortical projection of hypoglossal afferents.,"J. P. Bowman, C. Combs",Experimental Neurology,1969-02-01,79,General Brain-AI Structure Reviews and Methods,brain-structure,10.1016/0014-4886(69)90063-6,33a363506af4e72097f8de4e2667ebe2838c8ea1,https://doi.org/10.1016/0014-4886(69)90063-6,JournalArticle,unknown,1,cortical,
1969,A Stereotaxic Atlas of the Brain of the Pigeon (Columba livia) H. J. Karten W. Hodos,A. Tienhoven,Unknown venue,1969,78,General Brain-AI Structure Reviews and Methods,brain-structure,10.2307/4083567,d882709c432503ffa0c86a65a985fc38857166c3,https://doi.org/10.2307/4083567,paper,unknown,4,brain; brain/neural structure in title,
1969,Experimental prevention of cerebral vasculature obstruction produced by ischemia.,"R. Cantu, A. Ames",Journal of Neurosurgery,1969,78,General Brain-AI Structure Reviews and Methods,brain-structure,10.3171/JNS.1969.30.1.0050,c8630ab1aad77718cdf401d4b7d77ae4db1b26a7,https://doi.org/10.3171/JNS.1969.30.1.0050,JournalArticle,unknown,2,brain; cerebral,
1969,Glycol metabolites of noradrenaline in brain tissue,D. Sharman,British Journal of Pharmacology,1969-07-01,78,General Brain-AI Structure Reviews and Methods,brain-structure,10.1111/j.1476-5381.1969.tb08008.x,0e8458c47cb45f22ebee87ba4b51fcf1867945e6,https://doi.org/10.1111/j.1476-5381.1969.tb08008.x,JournalArticle,unknown,4,brain; brain/neural structure in title,
1969,The enzymatic synthesis of N-acetyl-L-aspartic acid by subcellular preparations of rat brain.,F. Goldstein,Journal of Biological Chemistry,1969-08-10,78,"Cellular, Synaptic, and Neuromorphic Foundations",brain-structure,,31843fd3dadfdf0fdbfce123f40dcf5da9187e52,https://www.semanticscholar.org/paper/31843fd3dadfdf0fdbfce123f40dcf5da9187e52,JournalArticle,unknown,4,brain; brain/neural structure in title,
1969,CRANIAL NERVE AVULSION AND OTHER NEURAL INJURIES IN ROAD ACCIDENTS,J. Heinze,Medical Journal of Australia,1969-12-01,77,General Brain-AI Structure Reviews and Methods,,10.5694/j.1326-5377.1969.tb103371.x,cf987456975bd532c568037842e07cc4c3277a4c,https://doi.org/10.5694/j.1326-5377.1969.tb103371.x,JournalArticle,unknown,5,brain; neural; brain/neural structure in title,
1969,"Electrolytes, fluids, and energy metabolism in human cerebral edema.","H. Reulen, F. Medzihradsky, R. Enzenbach, F. Marguth, W. Brendel",Archives of Neurology,1969-11-01,77,General Brain-AI Structure Reviews and Methods,brain-structure,10.1001/ARCHNEUR.1969.00480170089009,e4d82b4ae576e034978938a135ed6c8b7350dc6a,https://doi.org/10.1001/ARCHNEUR.1969.00480170089009,JournalArticle,unknown,2,brain; cerebral,
1969,Hormonal regulation of brain development. 3. Effects of triiodothyronine and growth hormone on the biochemical changes in the cerebral cortex and cerebellum of neonatally thyroidectomized rats.,"L. Krawiec, C. A. García Argiz, Carlos J. Gómez, J. Pasquini",Brain Research,1969-09-01,77,General Brain-AI Structure Reviews and Methods,brain-structure,10.1016/0006-8993(69)90320-5,33041eecb8e3d0f01350f8cb3aa598b049780876,https://doi.org/10.1016/0006-8993(69)90320-5,JournalArticle,unknown,7,brain; cerebral; cortex; cerebellum; brain/neural structure in title,
1969,In vivo measurement of 5-hydroxytryptamine turnover rate in the rat brain from the conversion of C14-tryptophan to C14-5-hydroxytryptamine.,"R. C. Lin, E. Costa, N. Neff, C. Wang, S. Ngai",Journal of Pharmacology and Experimental Therapeutics,1969-12-01,77,General Brain-AI Structure Reviews and Methods,brain-structure,10.1016/s0022-3565(25)28417-8,3ced1b8313ec5babb183fae0928d8afcdafbae9a,https://doi.org/10.1016/s0022-3565(25)28417-8,JournalArticle,unknown,4,brain; brain/neural structure in title,"During a constant rate infusion of C 14 -tryptophan, the specific activity of plasma tryptophan and brain 5- hydroxytryptamine increased curvilinearly with time."
1969,The effect of dopamine and other compounds on the activity of neurones of Helix aspersa; structure-activity relationships.,"G. Woodruff, R. J. Walker",International Journal of Neuropharmacology,1969-05-01,76,"Cellular, Synaptic, and Neuromorphic Foundations",,10.1016/0028-3908(69)90049-5,405d4c1a4ad8aed1b3439c3fa6669e58c1728eae,https://doi.org/10.1016/0028-3908(69)90049-5,JournalArticle; Study,unknown,1,neuron,
1969,A new theory for the regulation of the extracellular pH in the brain.,"B. Siesjö, Å. Kjällquist",Scandinavian Journal of Clinical and Laboratory Investigation,1969-08-01,75,"Cellular, Synaptic, and Neuromorphic Foundations",brain-structure;clinical-neuroai,10.3109/00365516909080124,651f2299dc6e6bb2090989f5c80af1af0fc573d6,https://doi.org/10.3109/00365516909080124,JournalArticle,unknown,4,brain; brain/neural structure in title,
1969,"CYCLIC 3',5'-NUCLEOTIDE PHOSPHODIESTERASE IN BRAIN","B. Breckenridge, R. Johnston",Journal of Histochemistry and Cytochemistry,1969-08-01,75,General Brain-AI Structure Reviews and Methods,brain-structure,10.1177/17.8.505,b99cab439ee63442e7ce315cff0078c23627d0a7,https://doi.org/10.1177/17.8.505,JournalArticle,unknown,4,brain; brain/neural structure in title,
1969,EEG sleep patterns in mental retardation.,"I. Feinberg, M. Braun, E. Shulman",Electroencephalography and Clinical Neurophysiology,1969-08-01,75,"Connectomics, Graph Models, and Brain Networks",connectome;neural-signals;clinical-neuroai,10.1016/0013-4694(69)90165-5,47bf679a86d3b7b1279b464e80405d2828b96364,https://doi.org/10.1016/0013-4694(69)90165-5,JournalArticle,unknown,2,eeg; meg,
1969,Traumatic lesions of brain and spinal cord due to nondeforming angular acceleration of the head.,"F. Unterharnscheidt, Higgins Ls",Texas reports on biology and medicine,1969,75,General Brain-AI Structure Reviews and Methods,brain-structure,,12496e261ecab5de2a0b637125fc7c2c68b8cba3,https://www.semanticscholar.org/paper/12496e261ecab5de2a0b637125fc7c2c68b8cba3,JournalArticle,unknown,4,brain; brain/neural structure in title,
1969,TRITON SOLUBILIZED ACETYLCHOLINESTERASE OF BRAIN,"I. Ho, G. Ellman",Journal of Neurochemistry,1969-11-01,75,General Brain-AI Structure Reviews and Methods,brain-structure,10.1111/j.1471-4159.1969.tb09905.x,dfe85de452ecd3e72a309b733a9b4905059fb1de,https://doi.org/10.1111/j.1471-4159.1969.tb09905.x,JournalArticle,unknown,4,brain; brain/neural structure in title,
1969,Qualitative and quantitative patterns of gangliosides in extraneural tissues.,"Kari Puro, P. Maury, Jussi K. Huttunen",Biochimica et Biophysica Acta,1969-09-09,74,General Brain-AI Structure Reviews and Methods,,10.1016/0005-2760(69)90032-0,025947e06e953f9f904791bb917baa53fa4bada9,https://doi.org/10.1016/0005-2760(69)90032-0,JournalArticle,unknown,5,brain; neural; brain/neural structure in title,
1969,THE METABOLISM OF TRITIATED DOPAMINE IN REGIONS OF THE RAT BRAIN IN VIVO-I,"K. Taylor, R. Laverty",Journal of Neurochemistry,1969-09-01,74,General Brain-AI Structure Reviews and Methods,brain-structure,10.1111/j.1471-4159.1969.tb05987.x,a6ed7c9945af61ed6026609b79476390832e6d3c,https://doi.org/10.1111/j.1471-4159.1969.tb05987.x,JournalArticle,unknown,4,brain; brain/neural structure in title,
1969,Comparison of muscarinic and nicotinic cholinergic agonists on self-stimulation behavior.,"M. Olds, E. Domino",Journal of Pharmacology and Experimental Therapeutics,1969-04-01,73,"Cognitive Architectures, Learning, and Systems Neuroscience",brain-structure;neuromorphic-bci,10.1016/s0022-3565(25)28223-4,fa5c4c29468501b78b3a95eab5ed3e059c3cfdcd,https://doi.org/10.1016/s0022-3565(25)28223-4,JournalArticle; Study,unknown,3,brain; thalamus; hypothalamus,The effects of cholinergic agonists and antagonists were investigated on self-stimulation in rats with chronically implanted elcetrodes in the lateral posterior hypothalamus.
1969,Dopa-induced locomotor stimulation after inhibition of extracerebral decarboxylase,"Giuseppe Bartholini, J. Blum, Alfred Pletscher",The Journal of pharmacy and pharmacology,1969-05-01,73,General Brain-AI Structure Reviews and Methods,brain-structure,10.1111/j.2042-7158.1969.tb08253.x,5133a28b89cad4f6c86f0a66333125f3fd678e66,https://doi.org/10.1111/j.2042-7158.1969.tb08253.x,JournalArticle,unknown,2,brain; cerebral,
1969,Drug-induced changes of extracerebral dopa metabolism in man.,"R. Tissot, G. Bartholini, A. Pletscher",Archives of Neurology,1969-02-01,73,General Brain-AI Structure Reviews and Methods,brain-structure,10.1001/ARCHNEUR.1969.00480080087010,5af882fbbb41e5b2866748a9c190b12cb26c54c5,https://doi.org/10.1001/ARCHNEUR.1969.00480080087010,JournalArticle,unknown,1,cerebral,
1969,The properties of glycogen synthetase and regulation of glycogen biosynthesis in rat brain.,"N. D. Goldberg, A. O'toole",Journal of Biological Chemistry,1969-06-10,73,"Electrophysiology, Neural Signals, and AI Decoding",brain-structure;neural-signals,10.1016/s0021-9258(18)91728-x,78d420ef6d7de5abec231fd7b2c7489fe5b240e1,https://doi.org/10.1016/s0021-9258(18)91728-x,JournalArticle,unknown,8,brain; cerebral; eeg; meg; ecog; brain/neural structure in title,"Abstract Brain glycogen synthetase (UDP glucose:α-1,4 glucan α-4-glucosyltransferase, EC 2.4.1.11) and properties of the enzyme that may be related to regulating glycogenesis in this organ were investigated."
1969,Effect of brain distension on cerebral circulation.,Torgny Greitz,The Lancet,1969-04-26,72,General Brain-AI Structure Reviews and Methods,brain-structure,10.1016/S0140-6736(69)91903-5,d7ae9ca38c7edbca1d52271a5ae54906549d457d,https://doi.org/10.1016/S0140-6736(69)91903-5,JournalArticle,unknown,5,brain; cerebral; brain/neural structure in title,
1969,Estimation of choline esters in brain by a new gas chromatographic procedure.,"I. Hanin, D. Jenden",Biochemical Pharmacology,1969-04-01,72,"Connectomics, Graph Models, and Brain Networks",brain-structure;connectome,10.1016/0006-2952(69)90054-9,edae8c664769cb903d7b0c5f7bc324e2e8610a58,https://doi.org/10.1016/0006-2952(69)90054-9,JournalArticle,unknown,4,brain; brain/neural structure in title,
1969,"Structural aspects of neurosecretory and corpus allatum activity in the adult colorado beetle, Leptinotarsa decemlineata Say, as a function of daylength",H. Schooneveld,Unknown venue,1969,72,"Cellular, Synaptic, and Neuromorphic Foundations",brain-structure,10.1163/002829670X00015,c7d8ac0bf9dbd918f8f00e6fb47d26ad1a3eea48,https://doi.org/10.1163/002829670X00015,paper,unknown,4,brain; cerebral; cerebrum; neuron,"In this paper the gross anatomy of the neurosecretory system and the structure of neurosecretory cells (NSC), corpora cardiaca (CC), and corpora allata (CA) of the female Colorado beetle has been described in detail, and an analysis of the patterns of secretory activity throughout adult life and under short-day and long-day breeding conditions has been presented."
1969,A digital simulation of transient oxygen transport in capillary-tissue systems (cerebral grey matter). Development of a numerical method for solution of transport equations describing coupled convection-diffusion systems,"D. Reneau, D. Bruley, M. Knisely",Unknown venue,1969-11-01,71,General Brain-AI Structure Reviews and Methods,brain-structure,10.1002/AIC.690150620,88f9c2e2a11c9b92209428bba40a3e75388ab292,https://doi.org/10.1002/AIC.690150620,paper,unknown,2,brain; cerebral,
1969,Atlas of the Frog's Brain,"M. Kemali, Braitenberg",Unknown venue,1969,71,General Brain-AI Structure Reviews and Methods,brain-structure,10.1007/978-3-642-85684-6,b17280a8bd4d5984e3f4f84a43237b484445ae2f,https://doi.org/10.1007/978-3-642-85684-6,paper,unknown,4,brain; brain/neural structure in title,
1969,Demonstration of subunits in beef brain acidic protein (S-100).,"Priscilla S. Danniest, Lawrence Levine",Biochemical and Biophysical Research Communications - BBRC,1969-11-06,71,General Brain-AI Structure Reviews and Methods,brain-structure,10.1016/0006-291X(69)90849-3,a9d619c018b52214ba4935c9d0ffb5a6e6b491a5,https://doi.org/10.1016/0006-291X(69)90849-3,JournalArticle,unknown,4,brain; brain/neural structure in title,
1969,Microtubular Protein: Synthesis and Metabolism in Developing Brain,"G. R. Dutton, S. Barondes",Science,1969-12-26,71,General Brain-AI Structure Reviews and Methods,brain-structure,10.1126/SCIENCE.166.3913.1637,186a8b121142e4f55e775f9e12f630800867f972,https://doi.org/10.1126/SCIENCE.166.3913.1637,JournalArticle,unknown,4,brain; brain/neural structure in title,
1969,HORMONAL CONTROL OF IMAGINAL DISC REGENERATION IN GALLERIA MELLONELLA (LEPIDOPTERA),"K. Madhavan, H. Schneiderman",Unknown venue,1969-10-01,70,General Brain-AI Structure Reviews and Methods,brain-structure,10.2307/1540104,02abb941b68e82d8a2da605638217ef6e29a641d,https://doi.org/10.2307/1540104,paper,unknown,1,brain,"1. These experiments examined the mechanism whereby regeneration delays development and molting in the waxmoth, Galleria mellonella, and also the possible role of the molting hormone in controlling regeneration.2."
1969,What the frog's eye tells the human brain: single cell analyzers in the human visual system.,N. Weisstein,Psychological bulletin,1969-09-01,70,"Cellular, Synaptic, and Neuromorphic Foundations",brain-structure,10.1037/H0027883,a437a1e3f095fe98d354dfbf5f8c0fbefaa26e1f,https://doi.org/10.1037/H0027883,JournalArticle,unknown,4,brain; brain/neural structure in title,
1969,Determination of brain death by isotope angiography.,"J. Goodman, F. Mishkin, M. Dyken",Journal of the American Medical Association (JAMA),1969-09-22,69,"Connectomics, Graph Models, and Brain Networks",brain-structure;connectome,10.1001/JAMA.1969.03160250025005,770d418fb3236c7417ce9a1790cf5c9c3f034a93,https://doi.org/10.1001/JAMA.1969.03160250025005,JournalArticle,unknown,4,brain; brain/neural structure in title,
1969,Drug induced reversal of brain damage in the rat,"C. E. Lints, J. Harvey",Unknown venue,1969,69,General Brain-AI Structure Reviews and Methods,brain-structure,10.1016/0031-9384(69)90008-0,f6de7b33248513d58353ee88dc1d0d84da8c21db,https://doi.org/10.1016/0031-9384(69)90008-0,paper,unknown,4,brain; brain/neural structure in title,
1969,Effect of environmental temperature on the turnover of noradrenaline in hypothalamus and other areas of rat brain,By M. A. Simmonds,Journal of Physiology,1969-07-01,69,General Brain-AI Structure Reviews and Methods,brain-structure,10.1113/jphysiol.1969.sp008859,741ab3319dd58f6cee318168d46c835bb6d1526a,https://doi.org/10.1113/jphysiol.1969.sp008859,JournalArticle,unknown,6,brain; thalamus; hypothalamus; brain/neural structure in title,
1969,Fissioning in Planarians: Control by the Brain,"J. Best, A. B. Goodman, A. Pigon",Science,1969-05-02,69,General Brain-AI Structure Reviews and Methods,brain-structure,10.1126/science.164.3879.565,6a8076b386ba512fb0f87b1718b335a2e9511893,https://doi.org/10.1126/science.164.3879.565,JournalArticle,unknown,4,brain; brain/neural structure in title,
1969,Further studies of the infectivity and stability of extracts and homogenates derived from scrapie affected mouse brains.,"G. D. Hunter, R. A. Gibbons, R. Kimberlin, G. C. Millson",Journal of Comparative Pathology,1969,69,General Brain-AI Structure Reviews and Methods,brain-structure,10.1016/0021-9975(69)90033-4,af450931ca9bb1a6f4e2fee5e3c3651263798fb1,https://doi.org/10.1016/0021-9975(69)90033-4,JournalArticle,unknown,4,brain; brain/neural structure in title,
1969,"The turnover of glutamate, glutamine, aspartate and GABA labeled with [1-14C]acetate in caudate nucleus, thalamus and motor cortex (cat).","S. Berl, S. Berl, T. L. Frigyesi, T. L. Frigyesi",Brain Research,1969-02-01,69,General Brain-AI Structure Reviews and Methods,brain-structure,10.1016/0006-8993(69)90012-2,4b762f423683a9416cc4a5cc2abc05e75980ea64,https://doi.org/10.1016/0006-8993(69)90012-2,JournalArticle,unknown,6,brain; cortex; thalamus; brain/neural structure in title,
1969,Comparison of Effects of LSD and Amphetamine on Midbrain Raphe Units,"W. Foote, M. Sheard, G. Aghajanian",Nature,1969-05-10,68,General Brain-AI Structure Reviews and Methods,brain-structure,10.1038/222567A0,e6e77bfca11cee7b6a09e555819f289050756095,https://doi.org/10.1038/222567A0,JournalArticle,unknown,4,brain; brain/neural structure in title,
1969,Correlation of brain levels of drugs with behavioral effects.,"R. P. Maickel, R. H. Cox, F. Miller, D. Segal, R. Russell",Journal of Pharmacology and Experimental Therapeutics,1969-02-01,68,"Cognitive Architectures, Learning, and Systems Neuroscience",brain-structure,10.1016/s0022-3565(25)28182-4,5b17f069fe315a35ad708d882b4dcd28f05e9941,https://doi.org/10.1016/s0022-3565(25)28182-4,JournalArticle,unknown,4,brain; brain/neural structure in title,"Physiologic disposition studies of H3-damphetamine in rats indicate high degrees of localization in all tissues except fat, with tissue/plasma levels >1 maintained for >8 hr."
1969,Experimental effects of free serotonin on the brain and its relation to brain injury. 1. The neurological consequences of intracerebral serotonin injections. 2. Trauma-induced alterations in spinal fluid and brain. 3. Serotonin-induced cerebral edema.,"J. Osterholm, J. Bell, R. Meyer, J. Pyenson",Journal of Neurosurgery,1969-10-01,68,General Brain-AI Structure Reviews and Methods,brain-structure,10.3171/JNS.1969.31.4.0408,e1685ece2185bf72c155a3e531ec378524316d53,https://doi.org/10.3171/JNS.1969.31.4.0408,JournalArticle,unknown,5,brain; cerebral; brain/neural structure in title,
1969,Noradrenaline and dopamine content in the brain of the cockroach Periplaneta americana.,"Nora Frontali, Jan Ha¨ggendal",Brain Research,1969-07-01,68,General Brain-AI Structure Reviews and Methods,brain-structure,10.1016/0006-8993(69)90134-6,441982badb2fae992dc107264af83c02599faa0b,https://doi.org/10.1016/0006-8993(69)90134-6,JournalArticle,unknown,4,brain; brain/neural structure in title,
1969,Regulation of sterol synthesis in developing brains of normal and jimpy mice.,"A. Kandutsch, S. Saucier",Archives of Biochemistry and Biophysics,1969,68,General Brain-AI Structure Reviews and Methods,brain-structure,10.1016/0003-9861(69)90531-1,b659f5f6a16121578e49b65549f61b5fc5f11327,https://doi.org/10.1016/0003-9861(69)90531-1,JournalArticle,unknown,4,brain; brain/neural structure in title,
1969,Synapses on the axon hillocks and initial segments of pyramidal cell axons in the cerebral cortex.,"E. Jones, T. Powell",Journal of Cell Science,1969-09-01,68,"Cellular, Synaptic, and Neuromorphic Foundations",brain-structure,,7f58ec477f4ac44acdbfc05096ac8abfa8ccce45,https://www.semanticscholar.org/paper/7f58ec477f4ac44acdbfc05096ac8abfa8ccce45,JournalArticle,unknown,6,cerebral; cortex; synapse; brain/neural structure in title,
1969,"The effect of marked hyperventilation upon tissue levels of NADH, lactate, pyruvate, phosphocreatine, and adenosine phosphates of rat brain.","Lars Granholm, Ludmilla Lukjanova, Bo K. Siesjö",Acta Physiologica Scandinavica,1969-09-01,68,General Brain-AI Structure Reviews and Methods,brain-structure,10.1111/J.1748-1716.1969.TB04562.X,e0cef74e1cde37593dd5f5d986a462f2cf1ee9e9,https://doi.org/10.1111/J.1748-1716.1969.TB04562.X,JournalArticle,unknown,4,brain; brain/neural structure in title,
1969,Transneuronal degeneration in brains of monkeys asphyxiated at birth.,"M. D. Faro, W. F. Windle",Experimental Neurology,1969-05-01,68,"Cellular, Synaptic, and Neuromorphic Foundations",brain-structure,10.1016/0014-4886(69)90004-1,a569ce85c0bc96e18a72ce02fbeea598b3d47c51,https://doi.org/10.1016/0014-4886(69)90004-1,JournalArticle,unknown,5,brain; neuron; brain/neural structure in title,
1969,Behavioural and somatic effects of bradykinin injected into the cerebral ventricles of unanaesthetized rabbits,"F. Graeff, I. Pelá, M. Silva",British Journal of Pharmacology,1969-06-01,67,General Brain-AI Structure Reviews and Methods,brain-structure,10.1111/j.1476-5381.1969.tb08511.x,6964ba1dd02424b37622534570d7a28980c6d816,https://doi.org/10.1111/j.1476-5381.1969.tb08511.x,JournalArticle,unknown,2,brain; cerebral,
1969,Brain swelling in the newborn rhesus monkey following prolonged partial asphyxia,"R. Myers, R. Heard, K. Adamsons",Neurology,1969-10-01,67,General Brain-AI Structure Reviews and Methods,brain-structure,10.1212/WNL.19.10.1012,4b9e4b34341a8312cad7b7897295c0345dbbb063,https://doi.org/10.1212/WNL.19.10.1012,JournalArticle,unknown,4,brain; brain/neural structure in title,
1969,EFFECT OF α-METHYLTYROSINE ON OPERANT BEHAVIOR AND BRAIN CATECHOLAMINE LEVELS,"R. Schoenfeld, L. Seiden",Journal of Pharmacology and Experimental Therapeutics,1969-06-01,67,"Cognitive Architectures, Learning, and Systems Neuroscience",brain-structure,10.1016/s0022-3565(25)28282-9,a11e551e67512b17b6612fca572cf9b6cabd0dbc,https://doi.org/10.1016/s0022-3565(25)28282-9,JournalArticle,unknown,4,brain; brain/neural structure in title,α-Methyltyrosine (AMT) was administered to rats trained to press a level for water on either a fixed-ratio (FR) or fixed-interval (FI) schedule of reinforcement in order to examine the role of catecholamines in the maintenance of conditioned behavior.
1969,Fatty acid uptake by the brain. II. Incorporation of [I-14C] palmitic acid into the adult rat brain.,"G. A. Dhopeshwarkar, J. Mead",Biochimica et Biophysica Acta,1969-12-01,67,General Brain-AI Structure Reviews and Methods,brain-structure,10.1016/0005-2760(69)90042-3,2957e350edbafdc996f8c8b587cb41e4a1182193,https://doi.org/10.1016/0005-2760(69)90042-3,JournalArticle,unknown,4,brain; brain/neural structure in title,
1969,Induction of Brain D(m)-β-Hydroxybutyrate Dehydrogenase Activity by Fasting,"Arnold L. Smith, H. S. Satterthwaite, L. Sokoloff",Science,1969-01-03,67,General Brain-AI Structure Reviews and Methods,brain-structure,10.1126/science.163.3862.79,11f3bf6fa47cb05b462e7202249dd11c6c86e42e,https://doi.org/10.1126/science.163.3862.79,paper,unknown,4,brain; brain/neural structure in title,
1969,Inhibitory effects of alloxan on mammalian adenyl cyclase.,"K. Cohen, M. Bitensky",Journal of Pharmacology and Experimental Therapeutics,1969-09-01,67,"Connectomics, Graph Models, and Brain Networks",brain-structure;connectome;neuroimaging,10.1016/s0022-3565(25)28352-5,63ec9940f0f60c404af827ae621ef34c245a4e93,https://doi.org/10.1016/s0022-3565(25)28352-5,JournalArticle,unknown,1,brain,The reported antagonism by caffeine of the diabetogenic effect of alloxan prompted examination of a possible action of alloxan on adenyl cyclase.
1969,Pathological Alterations in the Cerebral,"A. Hirano, N. Becker, H. M. Zimmerman",Unknown venue,1969-03-01,67,General Brain-AI Structure Reviews and Methods,brain-structure,10.1001/ARCHNEUR.1969.00480090088013,1264f9ce0e9babac36eaec8fe2634fbdd9d5d316,https://doi.org/10.1001/ARCHNEUR.1969.00480090088013,paper,unknown,2,brain; cerebral,
1969,"Ventricular system of the brain of the dolphin, Tursiops truncatus, with comparative anatomical observations and relations to brain specializations","W. McFarland, P. Morgane, M. S. Jacobs",The Journal of comparative neurology,1969-03-01,67,General Brain-AI Structure Reviews and Methods,brain-structure,10.1002/cne.901350304,9e186a02060abfa31532c6fa560db8b40208aeac,https://doi.org/10.1002/cne.901350304,JournalArticle,unknown,4,brain; brain/neural structure in title,
1969,Effects of disulfiram and diethyldithiocarbamate on spontaneous locomotor activity and brain catecholamine levels in mice.,Kenneth E. Moore,Biochemical Pharmacology,1969-07-01,66,General Brain-AI Structure Reviews and Methods,brain-structure,10.1016/0006-2952(69)90150-6,ecb00d94d176796f9b37c3a0d2cd8e4df9fd0f0d,https://doi.org/10.1016/0006-2952(69)90150-6,JournalArticle,unknown,4,brain; brain/neural structure in title,
1969,Lysergic Acid Diethylamide: Role in Conversion of Plasma Tryptophan to Brain Serotonin (5-Hydroxytryptamine),"R. Lin, S. Ngai, E. Costa",Science,1969-10-10,66,General Brain-AI Structure Reviews and Methods,brain-structure,10.1126/science.166.3902.237,1272eb373e6bfe3f336e63f2802bddb7bf3a16ca,https://doi.org/10.1126/science.166.3902.237,JournalArticle,unknown,4,brain; brain/neural structure in title,
1969,"Perfusion-fixation, colchicine and mitotic activity in the adult rat brain.","J. Cavanagh, P. D. Lewis",Journal of Anatomy,1969-03-01,66,General Brain-AI Structure Reviews and Methods,brain-structure,,b4977bb84998fa2153271576899d9e0637e74523,https://www.semanticscholar.org/paper/b4977bb84998fa2153271576899d9e0637e74523,JournalArticle,unknown,4,brain; brain/neural structure in title,
1969,Potentiation of behavioral arousal after cortical damage and subsequent recovery.,"G. Lynch, P. Ballantine, B. Campbell",Experimental Neurology,1969-02-01,66,"Cognitive Architectures, Learning, and Systems Neuroscience",brain-structure,10.1016/0014-4886(69)90056-9,554a5638757443dfc559c94fca15b8bbebde2dd8,https://doi.org/10.1016/0014-4886(69)90056-9,JournalArticle,unknown,1,cortical,
1969,Progressive morphologic changes in electrolytic brain lesions.,"G. Wolf, L. Dicara",Experimental Neurology,1969-04-01,66,General Brain-AI Structure Reviews and Methods,brain-structure,10.1016/0014-4886(69)90122-8,182ec02dd85cb1b5af53895d40a1cf57bf8f9111,https://doi.org/10.1016/0014-4886(69)90122-8,JournalArticle,unknown,4,brain; brain/neural structure in title,
1969,Studies on the kinetic mechanism and allosteric nature of bovine brain hexokinase.,"J. Ning, D. Purich, H. Fromm",Journal of Biological Chemistry,1969-07-25,66,General Brain-AI Structure Reviews and Methods,brain-structure,,e928909eb976e1182a31fd410a18e8af55b6d0a1,https://www.semanticscholar.org/paper/e928909eb976e1182a31fd410a18e8af55b6d0a1,JournalArticle,unknown,4,brain; brain/neural structure in title,
1969,The Brain Stem of the Cat: A Cytoarchitectonic Atlas With Stereotaxic Coordinates.,G. Krauthamer,Unknown venue,1969-04-01,66,General Brain-AI Structure Reviews and Methods,brain-structure,10.1001/ARCHNEUR.1969.00480100125020,cf2160d26a2fbf0c1064b2ac964488c5ffb735a7,https://doi.org/10.1001/ARCHNEUR.1969.00480100125020,paper,unknown,4,brain; brain/neural structure in title,
1969,THE FATE OF ESCAPED PLASMA PROTEIN AFTER THERMAL NECROSIS OF THE RAT BRAIN: AN ELECTRON MICROSCOPE STUDY,W. Blakemore,Journal of Neuropathology and Experimental Neurology,1969-01-01,66,General Brain-AI Structure Reviews and Methods,brain-structure,10.1097/00005072-196901000-00008,153f94ac7e1449fb8812aec5345925132a6bb441,https://doi.org/10.1097/00005072-196901000-00008,JournalArticle,unknown,4,brain; brain/neural structure in title,
1969,Biochemically differentiated clonal human glial cells in tissue culture,"J. Lightbody, J. Lightbody, S. Pfeiffer, S. Pfeiffer, P. L. Kornblith, P. L. Kornblith, et al.",Unknown venue,1969,65,"Cellular, Synaptic, and Neuromorphic Foundations",,10.1002/NEU.480010405,9f05fde1f2a8f2bd175f454abc976f1588ac7223,https://doi.org/10.1002/NEU.480010405,paper,unknown,0,Semantic Scholar brain-AI query,
1969,EFFECT OF NOREPINEPHRINE ON 32P INCORPORATION INTO INDIVIDUAL PHOSPHATIDES IN SLICES FROM DIFFERENT AREAS OF THE GUINEA PIG BRAIN 1,M. R. Hokin,Journal of Neurochemistry,1969-02-01,65,General Brain-AI Structure Reviews and Methods,brain-structure,10.1111/j.1471-4159.1969.tb05931.x,691fbea211ed6ca6b69f75ef741ec17d9094a675,https://doi.org/10.1111/j.1471-4159.1969.tb05931.x,JournalArticle,unknown,4,brain; brain/neural structure in title,
1969,Effect of stimulation of the brain-stem reticular formation on cerebral blood flow and oxygen consumption.,"John S. Meyer, F. Nomura, K. Sakamoto, Akinori Kondo",Electroencephalography and Clinical Neurophysiology,1969-02-01,65,"Connectomics, Graph Models, and Brain Networks",brain-structure;connectome;neural-signals;clinical-neuroai,10.1016/0013-4694(69)90203-X,f893c4a1e317c50eb5075a46a6d73925519ab340,https://doi.org/10.1016/0013-4694(69)90203-X,JournalArticle,unknown,7,brain; cerebral; eeg; meg; brain/neural structure in title,
1969,Effects of tricyclic antidepressants on the uptake and mabolism of intracisternally administered norepinephrine-H3 in rat brain.,"J. Schildkraut, G. Dodge, M. A. Logue",Journal of Psychiatric Research,1969-10-01,65,General Brain-AI Structure Reviews and Methods,brain-structure,10.1016/0022-3956(69)90009-0,2d85ef8293c5ce36ee37b058e90f384380448a66,https://doi.org/10.1016/0022-3956(69)90009-0,JournalArticle,unknown,4,brain; brain/neural structure in title,
1969,Sodium-potassium-activated adenosine triphosphatase. IV. Characterization of the phosphoprotein formed from orthophosphate in the presence of ouabain.,"G. J. Siegel, G. J. Koval, R. Albers",Journal of Biological Chemistry,1969-06-25,65,General Brain-AI Structure Reviews and Methods,brain-structure,10.1016/S0021-9258(18)93123-6,eccdf67bf27ee2f3f17f392b1d2aebd35db52d0e,https://doi.org/10.1016/S0021-9258(18)93123-6,JournalArticle,unknown,1,brain,Abstract Microsomes prepared from electric organ of Electrophorus electricus or cat brain and exposed to ouabain will react with orthophosphate to form a phosphorylated protein.
1969,The amount and distribution of pigments in neurons and glia of the cerebral cortex. Autofluorescent and ultrastructural studies.,"K. Brizzee, Pasquale A. Cancilla, N. Sherwood, Paola S. Timiras",Journal of Gerontology,1969-04-01,65,"Cellular, Synaptic, and Neuromorphic Foundations",brain-structure,10.1093/GERONJ/24.2.127,9419b0572a143b98c9fb0abbcda45f5f30773db3,https://doi.org/10.1093/GERONJ/24.2.127,JournalArticle,unknown,6,cerebral; cortex; neuron; brain/neural structure in title,
1969,"The effects of p-chlorophenylalanine, a depletor of brain serotonin, on behavior: II. Retardation of passive avoidance learning.","D. Stevens, L. Fechter, O. Resnick",Life Science,1969-04-15,65,"Cognitive Architectures, Learning, and Systems Neuroscience",brain-structure,10.1016/0024-3205(69)90062-9,ef49af8d0eac03a52a8bbc8fa04eca20897e2536,https://doi.org/10.1016/0024-3205(69)90062-9,JournalArticle,unknown,8,brain; brain/neural structure in title; historical computation/learning bridge,
1969,Amine synthesis in various brain regions with caudate or septal lesions.,"E. Mcgeer, Juhn A. Wada, A. Terao, E. Jung",Experimental Neurology,1969-06-01,64,General Brain-AI Structure Reviews and Methods,brain-structure,10.1016/0014-4886(69)90021-1,68f59dfa8f6baff2ae4fb3de463e13f6ea85ff94,https://doi.org/10.1016/0014-4886(69)90021-1,JournalArticle,unknown,4,brain; brain/neural structure in title,
1969,Brain RNA metabolism in the rat during learning.,"R. Bowman, D. Strobel",Journal of Comparative and Physiological Psychology,1969-04-01,64,"Cognitive Architectures, Learning, and Systems Neuroscience",brain-structure,10.1037/H0027296,80e95cd5791cfdc936bb60967ce39218c32f985c,https://doi.org/10.1037/H0027296,JournalArticle,unknown,8,brain; brain/neural structure in title; historical computation/learning bridge,
1969,Distribution of protein-bound N-acetylneuraminic acid in subcellular particulate fractions prepared from rat whole brain.,"H. Dekirmenjian, E. Brunngraber",Biochimica et Biophysica Acta,1969-02-18,64,"Cellular, Synaptic, and Neuromorphic Foundations",brain-structure,10.1016/0304-4165(69)90057-9,6a0bc93afb7d84e7affa842f61902b1030433471,https://doi.org/10.1016/0304-4165(69)90057-9,JournalArticle,unknown,4,brain; brain/neural structure in title,
1969,Loss of Autoregulation Produced by Cerebral Trauma,"M. Reivich, W. Marshall, N. Kassell",Unknown venue,1969,64,General Brain-AI Structure Reviews and Methods,brain-structure,10.1007/978-3-642-85860-4_67,3624b08c538c846807b8a914cd5fc114b6bbdb9d,https://doi.org/10.1007/978-3-642-85860-4_67,paper,unknown,2,brain; cerebral,
1969,Low Content of Cerebral Lipids in Infants suffering from Malnutrition,"M. Fishman, A. Prensky, P. Dodge",Nature,1969-02-08,64,General Brain-AI Structure Reviews and Methods,brain-structure,10.1038/221552A0,b7ff4f2101fa82b562b7cc577a0267b3bd64f8aa,https://doi.org/10.1038/221552A0,JournalArticle,unknown,2,brain; cerebral,
1969,Metabolism of Amines in the Brain,G. Hooper,Unknown venue,1969,64,General Brain-AI Structure Reviews and Methods,brain-structure,,eb87639cd5b2776b3aaa937b4ce362ad8c467107,https://www.semanticscholar.org/paper/eb87639cd5b2776b3aaa937b4ce362ad8c467107,paper,unknown,4,brain; brain/neural structure in title,
1969,"Rat brain amines, blood histamine and glucose levels in relationship to circadian changes in sleep induced by pentobarbitone sodium","A. H. Friedman, C. A. Walker",Journal of Physiology,1969-05-01,64,General Brain-AI Structure Reviews and Methods,brain-structure,10.1113/jphysiol.1969.sp008799,96509f7fd130207e599fbf06a78eee8043379a25,https://doi.org/10.1113/jphysiol.1969.sp008799,JournalArticle,unknown,4,brain; brain/neural structure in title,
1969,The incentive of brain-stimulation reward.,C. Gallistel,Journal of Comparative and Physiological Psychology,1969-12-01,64,General Brain-AI Structure Reviews and Methods,brain-structure,10.1037/H0028232,120dc81089a3275d48dba869f66aad23d25147ba,https://doi.org/10.1037/H0028232,JournalArticle,unknown,4,brain; brain/neural structure in title,
1969,Visual receptive fields and responses to movement in an association area of cat cerebral cortex.,"B. Dow, R. Dubner",Journal of Neurophysiology,1969-09-01,64,General Brain-AI Structure Reviews and Methods,brain-structure,10.1152/JN.1969.32.5.773,447abdc380d6ad3dd3b57abc038aec0dbb5e9617,https://doi.org/10.1152/JN.1969.32.5.773,JournalArticle,unknown,6,brain; cerebral; cortex; brain/neural structure in title,
1969,A spectrofluorometric method for the simultaneous determination of 2-(5-hydroxyindol-3-yl) ethylamine (serotonin) and 5-hydroxyindol-3-yl-acetic acid in the brain.,"E. Giacalone, L. Valzelli",Pharmacology,1969-07-01,63,General Brain-AI Structure Reviews and Methods,brain-structure,10.1159/000136013,eae1b40b06587b80d087d60f411c8b46b873a22b,https://doi.org/10.1159/000136013,JournalArticle,unknown,4,brain; brain/neural structure in title,
1969,DISTRIBUTION AND UPTAKE OF AMINO ACIDS IN VARIOUS REGIONS OF THE CAT BRAIN IN VITRO,"L. Battistin, A. Grynbaum, A. Lajtha",Journal of Neurochemistry,1969-10-01,63,General Brain-AI Structure Reviews and Methods,brain-structure,10.1111/j.1471-4159.1969.tb09898.x,08195b48941d66881f54c262ec1a5b75f8d9d10a,https://doi.org/10.1111/j.1471-4159.1969.tb09898.x,JournalArticle,unknown,4,brain; brain/neural structure in title,
1969,Erythrocyte Velocity and a Velocity Pulse in Minute Blood Vessels on the Surface of the Mouse Brain,W. Rosenblum,Circulation Research,1969-06-01,63,General Brain-AI Structure Reviews and Methods,brain-structure,10.1161/01.RES.24.6.887,3b421791c136b6433e47e108b07752f0b700cdb9,https://doi.org/10.1161/01.RES.24.6.887,JournalArticle,unknown,4,brain; brain/neural structure in title,
1969,Inhibition by morphine of the release of [14C]acetylcholine from rat brain cortex slices,"M. Sharkawi, M. Schulman",The Journal of pharmacy and pharmacology,1969-08-01,63,General Brain-AI Structure Reviews and Methods,brain-structure,10.1111/J.2042-7158.1969.TB08311.X,34bd35b227e39215b30d688af12b78fe80300f97,https://doi.org/10.1111/J.2042-7158.1969.TB08311.X,JournalArticle,unknown,5,brain; cortex; brain/neural structure in title,
1969,KINETICS OF THE BIOSYNTHESIS OF PHOSPHOLIPIDS IN NEURONS AND GLIAL CELLS ISOLATED FROM RAT BRAIN CORTEX,"L. Freysz, R. Bieth, P. Mandel",Journal of Neurochemistry,1969-10-01,63,"Cellular, Synaptic, and Neuromorphic Foundations",brain-structure,10.1111/j.1471-4159.1969.tb09893.x,ed27c83dadd7f6becc77941837a37b74f9de5b61,https://doi.org/10.1111/j.1471-4159.1969.tb09893.x,JournalArticle,unknown,6,brain; cortex; neuron; brain/neural structure in title,
1969,Brain damage by asphyxia at birth.,W. F. Windle,Scientific American,1969-10-01,62,General Brain-AI Structure Reviews and Methods,brain-structure,10.1038/SCIENTIFICAMERICAN1069-76,77ac770845ec5836e645b1efb58f687393ce80df,https://doi.org/10.1038/SCIENTIFICAMERICAN1069-76,JournalArticle,unknown,4,brain; brain/neural structure in title,
1969,Different psychological effects of lateralized brain damage.,"O. Parsons, A. Vega, J. Burn",Journal of Consulting and Clinical Psychology,1969-10-01,62,Clinical NeuroAI and Brain Disorders,brain-structure;clinical-neuroai,10.1037/H0028307,78d9cfde0b9d09da26c021c04b903802b95742a6,https://doi.org/10.1037/H0028307,JournalArticle,unknown,4,brain; brain/neural structure in title,
1969,Metabolism of some phenylethylamines and their beta-hydroxylated analogs in brain.,"G. Breese, T. Chase, I. Kopin",Journal of Pharmacology and Experimental Therapeutics,1969-01-01,62,General Brain-AI Structure Reviews and Methods,brain-structure,10.1016/s0022-3565(25)28154-x,67c2749f027a3e9e8c78b4cc33fc6c26c6fbf709,https://doi.org/10.1016/s0022-3565(25)28154-x,JournalArticle,unknown,4,brain; brain/neural structure in title,"In rat brain slices, phenylethylamine derivatives were converted predominantly to acidic metabolites, whereas the β-hydroxylated derivatives (norepinephrine, normetanephrine and octopamine) were converted predominantly to neutral metabolites."
1969,Norepinephrine turnover in brain and stress reactions in rats during paradoxical sleep deprivation.,"J. Mark, L. Heiner, P. Mandel, Y. Godin",Life Science,1969-10-01,62,General Brain-AI Structure Reviews and Methods,brain-structure,10.1016/0024-3205(69)90161-1,a59e8179d2d60a4d8af41d9568cd7280be7668ac,https://doi.org/10.1016/0024-3205(69)90161-1,JournalArticle,unknown,4,brain; brain/neural structure in title,
1969,"Similarities in Mental Content of Psychotic States, Spontaneous Seizures, Dreams, and Responses to Electrical Brain Stimulation in Patients with Temporal Lobe Epilepsy","S. Ferguson, M. Rayport, W. Kass, R. Gardner, H. Weiner, M. Reiser",Psychosomatic Medicine,1969-11-01,62,Clinical NeuroAI and Brain Disorders,brain-structure;clinical-neuroai,10.1097/00006842-196911000-00002,adf2877d6ba4fab76bbd43267cd2025f8801ff7f,https://doi.org/10.1097/00006842-196911000-00002,JournalArticle,unknown,4,brain; brain/neural structure in title,
1969,Very slow brain potentials relating to expectancy - The CNV,J. Cohen,Unknown venue,1969,62,General Brain-AI Structure Reviews and Methods,brain-structure,10.1037/13016-004,a9f235c8dd7ff7a92e2938be782213d35771c9eb,https://doi.org/10.1037/13016-004,Review,unknown,4,brain; brain/neural structure in title,
1969,Acute effects of alpha-methyltyrosine on brain catecholamine levels and on spontaneous and amphetamine-stimulated motor activity in mice.,"Dominic Ja, K. E. Moore",Archives internationales de pharmacodynamie et de therapie,1969-03-01,61,General Brain-AI Structure Reviews and Methods,brain-structure,,14168116ec16f54109b6051973adf55990ee81a1,https://www.semanticscholar.org/paper/14168116ec16f54109b6051973adf55990ee81a1,JournalArticle,unknown,4,brain; brain/neural structure in title,
1969,Brain and Behavioural Maturation in Newborn Infants of Diabetic Mothers1 - Part I: Nerve conduction and EEG patterns2,"Schulte Fj, R. Michaelis, R. Nolte, G. Albert, U. Parl, U. Lasson",Unknown venue,1969-06-01,61,"Electrophysiology, Neural Signals, and AI Decoding",brain-structure;neural-signals,10.1055/s-0028-1091861,aa657c7b1664291a64df171dd69a0cd960ece4b7,https://doi.org/10.1055/s-0028-1091861,paper,unknown,6,brain; eeg; meg; brain/neural structure in title,
1969,Circadian and ultradian rhythms of serotonin regionally in cat brain.,"D. Reis, A. Corvelli, J. Conners",Journal of Pharmacology and Experimental Therapeutics,1969-06-01,61,General Brain-AI Structure Reviews and Methods,brain-structure,10.1016/s0022-3565(25)28283-0,27496f5fa074eb223c90ca7a7f3d8216dce1d306,https://doi.org/10.1016/s0022-3565(25)28283-0,JournalArticle,unknown,8,brain; cortex; thalamus; hypothalamus; brainstem; brain/neural structure in title,"There is a 24-hr (circadian) cycle in the concentration of serotonin in certain regions of the upper brainstem and telencephalon of the cat brain, including parts of the mesencephalon, the medial hypothalamus and most deep nuclei of the telencephalon."
1969,Intracranial arteriovenous malformations: clinical review and evaluation of brain scans.,"D. Kelly, E. Alexander, C. Davis, D. Maynard",Journal of Neurosurgery,1969-10-01,61,Clinical NeuroAI and Brain Disorders,brain-structure;clinical-neuroai,10.3171/JNS.1969.31.4.0422,49ee9514d621f6d79cc610620f585aee73ba32ad,https://doi.org/10.3171/JNS.1969.31.4.0422,JournalArticle; Review,unknown,4,brain; brain/neural structure in title,
1969,Effects of psychoactive drugs on the metabolism of intracisternally administered serotonin in rat brain.,"J. Schildkraut, S. Schanberg, G. Breese, I. Kopin",Biochemical Pharmacology,1969-08-01,60,General Brain-AI Structure Reviews and Methods,brain-structure,10.1016/0006-2952(69)90293-7,a635ec81ffdb53667a7de3c5bcad3956b7593be8,https://doi.org/10.1016/0006-2952(69)90293-7,JournalArticle,unknown,4,brain; brain/neural structure in title,
1969,Regional accumulation of catecholamines formed from tyrosine-14C in rat brain: effect of chlorpromazine.,"Henrik Nybäck, Göran Sedvall",European Journal of Pharmacology,1969-02-01,60,General Brain-AI Structure Reviews and Methods,brain-structure,10.1016/0014-2999(69)90145-9,75d1d15b2ebea900d709344722d1c40dc4a70c42,https://doi.org/10.1016/0014-2999(69)90145-9,JournalArticle,unknown,4,brain; brain/neural structure in title,
1969,The effect of pentobarbital anesthesia on resuscitation and brain damage in fetal rhesus monkeys asphyxiated on delivery.,"F. Cockburn, S. Daniel, G. Dawes, L. S. James, R. Myers, W. Nienann, et al.",Jornal de Pediatria,1969-08-01,60,General Brain-AI Structure Reviews and Methods,brain-structure,10.1016/S0022-3476(69)80399-9,9604da402024a2aca42b272d8535ef968660c6d3,https://doi.org/10.1016/S0022-3476(69)80399-9,JournalArticle; Study,unknown,4,brain; brain/neural structure in title,
1969,Two behavioral syndromes in young adults related to possible minimal brain dysfunction.,"F. Quitkin, Donald F. Klein",Journal of Psychiatric Research,1969-12-01,60,"Cognitive Architectures, Learning, and Systems Neuroscience",brain-structure,10.1016/0022-3956(69)90018-1,9e34a92aa3263e15060a193fd168cefb6f202e63,https://doi.org/10.1016/0022-3956(69)90018-1,JournalArticle; Review,unknown,4,brain; brain/neural structure in title,
1969,Brain hexokinase. The preparation of inner and outer mitochondrial membranes.,"P. Craven, P. Goldblatt, R. Basford",Biochemistry,1969-09-01,59,General Brain-AI Structure Reviews and Methods,brain-structure,10.1021/BI00837A007,95d314b51dcdb8bb447eaebda99466fa6296d3ff,https://doi.org/10.1021/BI00837A007,JournalArticle; Study,unknown,4,brain; brain/neural structure in title,
1969,"DETERMINATION BY NEUTRON ACTIVATION OF COPPER, MANGANESE, AND ZINC IN THE PINEAL BODY AND OTHER AREAS OF BRAIN TISSUE","P. Wong, K. Fritze",Journal of Neurochemistry,1969-08-01,59,General Brain-AI Structure Reviews and Methods,brain-structure,10.1111/j.1471-4159.1969.tb05970.x,fefd36c4616540d7e3ba553961c7f2ebafba5c38,https://doi.org/10.1111/j.1471-4159.1969.tb05970.x,JournalArticle,unknown,4,brain; brain/neural structure in title,
1969,Genetic variability in forebrain structures between inbred strains of mice.,"R. Wimer, C. Wimer, T. Roderick",Brain Research,1969-11-01,59,General Brain-AI Structure Reviews and Methods,brain-structure,10.1016/0006-8993(69)90098-5,77bb500fbaef1c179ca7f689c5e258e72ba2d642,https://doi.org/10.1016/0006-8993(69)90098-5,JournalArticle,unknown,4,brain; brain/neural structure in title,
1969,Hand preferences in the monkey: The effect of unilateral cortical removals,"G. Ettlinger, R. Dawson",Unknown venue,1969-05-01,59,General Brain-AI Structure Reviews and Methods,brain-structure,10.1016/0028-3932(69)90013-X,e55f2350bed20a9e11a3df91b8a3f5061ab230fd,https://doi.org/10.1016/0028-3932(69)90013-X,paper,unknown,2,brain; cortical,
1969,Pathogenesis of seizures occurring during restoration of plasma tonicity to normal in animals previously chronically hypernatremic.,"G. Hogan, P. Dodge, S. R. Gill, S. Master, J. Sotos",Pediatrics,1969-01-01,59,General Brain-AI Structure Reviews and Methods,brain-structure,10.1542/peds.43.1.54,98ffcc9a098df2f2e4d5a8ed1c2404eadaa310f1,https://doi.org/10.1542/peds.43.1.54,JournalArticle,unknown,1,brain,The present study describes the results of rehydration of rabbits rendered chronically hypernatremic by the administration of one molar sodium chloride solution by nasogastric tube for 23½ to 5 days.
1969,Regional cerebral blood flow measurement with small probes,"L. Mchenry, M. E. Jaffe, H. Goldberg",Neurology,1969-12-01,59,General Brain-AI Structure Reviews and Methods,brain-structure,10.1212/WNL.19.12.1198,b201d79d808679e0642a81878be8d04d127a330b,https://doi.org/10.1212/WNL.19.12.1198,JournalArticle,unknown,1,cerebral,
1969,"CORRELATIVE CHANGES OF PYRIDOXAL KINASE PYRIDOXAL-5′-PHOSPHATE AND GLUTAMATE DECARBOXYLASE IN BRAIN, DURING DRUG-INDUCED CONVULSIONS","R. Tapia, M. P. Mora, G. Massieu",Annals of the New York Academy of Sciences,1969-09-01,58,General Brain-AI Structure Reviews and Methods,brain-structure,10.1111/j.1749-6632.1969.tb54276.x,0eedadd627d21637decbefbf0135bf6202d1b94a,https://doi.org/10.1111/j.1749-6632.1969.tb54276.x,JournalArticle; Review,unknown,4,brain; brain/neural structure in title,
1969,Electron microscopy of the glio-vascular organization of the brain of octopus,E. Gray,Unknown venue,1969-01-16,58,General Brain-AI Structure Reviews and Methods,brain-structure,10.1098/RSTB.1969.0002,7ae07ca6e39c21251898c84352e8429767aac7b9,https://doi.org/10.1098/RSTB.1969.0002,paper,unknown,4,brain; brain/neural structure in title,
1969,Subacute Sclerosing Panencephalitis: Structures resembling Myxovirus Nucleocapsids in Cells cultured from Brains,"M. Katz, S. Oyanagi, H. Koprowski",Nature,1969-05-31,58,"Cellular, Synaptic, and Neuromorphic Foundations",brain-structure,10.1038/222888A0,6ee84faabac24b0608b2118159abb1a3841cb2b2,https://doi.org/10.1038/222888A0,paper,unknown,4,brain; brain/neural structure in title,
1969,Cerebral hypoxic damage in fetus and newborn. Basic patterns and their clinical significance.,A. Towbin,Archives of Neurology,1969,57,Clinical NeuroAI and Brain Disorders,brain-structure;clinical-neuroai,10.1001/ARCHNEUR.1969.00480070045005,2dd49464d68e89d8731eab65c0eb1bfef02ab299,https://doi.org/10.1001/ARCHNEUR.1969.00480070045005,JournalArticle,unknown,1,cerebral,
1969,Electrophysiological and behavioural changes owing to splitting of the brain-stem in cats.,M. Mancia,Electroencephalography and Clinical Neurophysiology,1969-11-01,57,"Connectomics, Graph Models, and Brain Networks",brain-structure;connectome;neural-signals;clinical-neuroai,10.1016/0013-4694(69)90189-8,07604bb055ac8e849f46a9d6d625d1f98f2c9c63,https://doi.org/10.1016/0013-4694(69)90189-8,JournalArticle,unknown,6,brain; eeg; meg; brain/neural structure in title,
1969,Release of 3H-γ-Aminobutyric Acid from the Brain during Synaptic Inhibition,"J. Mitchell, V. Srinivasan",Nature,1969-11-01,57,"Cellular, Synaptic, and Neuromorphic Foundations",brain-structure,10.1038/224663A0,b7cf624bade2485b29ff4b8fe6158fe825e91ab0,https://doi.org/10.1038/224663A0,paper,unknown,4,brain; brain/neural structure in title,
1969,Acyl and alk-1-enyl group compositions of the alk-1'-enyl acyl and the diacyl glycerophosphoryl ethanolamines of mouse and ox brain.,"G. Sun, L. Horrocks",Journal of Lipid Research,1969-03-01,56,General Brain-AI Structure Reviews and Methods,brain-structure,,49ddec1b1b5dcea816eaef6c4d41587c245373fc,https://www.semanticscholar.org/paper/49ddec1b1b5dcea816eaef6c4d41587c245373fc,JournalArticle,unknown,4,brain; brain/neural structure in title,
1969,Changes in the electrical activity of the brain following pinealectomy.,"I. Nir, K. Behroozi, M. Assael, I. Ivriani, F. Sulman",Neuroendocrinology,1969-08-01,56,General Brain-AI Structure Reviews and Methods,brain-structure,10.1159/000121744,aeb7a06b5189917eb56d08d284d6a4ead99ac3e1,https://doi.org/10.1159/000121744,JournalArticle,unknown,4,brain; brain/neural structure in title,
1969,"Correlation of prostaglandin release from the cerebral cortex of cats with the electrocorticogram, following stimulation of the reticular formation","P. Bradley, G. Samuels, J. Shaw",British Journal of Pharmacology,1969-09-01,56,General Brain-AI Structure Reviews and Methods,brain-structure,10.1111/j.1476-5381.1969.tb09532.x,1e1f59dfc764373b670b2dcad282be0b1fad740d,https://doi.org/10.1111/j.1476-5381.1969.tb09532.x,JournalArticle,unknown,6,brain; cerebral; cortex; brain/neural structure in title,
1969,"Electroconvulsive shock, brain acetylcholinesterase activity and memory☆","H. E. Adams, P. R. Hoblit, P. Sutker",Unknown venue,1969,56,"Cognitive Architectures, Learning, and Systems Neuroscience",brain-structure,10.1016/0031-9384(69)90024-9,1ef4d3b8e7fd2f95ad125cb08a96a24cc6abbabd,https://doi.org/10.1016/0031-9384(69)90024-9,paper,unknown,4,brain; brain/neural structure in title,
1969,FRAGMENTAL ORGANIZATION OF EMOTIONAL BEHAVIOR IN THE MONKEY BRAIN *,"J. Delgado, D. Mir",Annals of the New York Academy of Sciences,1969-07-01,56,"Cognitive Architectures, Learning, and Systems Neuroscience",brain-structure,10.1111/j.1749-6632.1969.tb12975.x,bb2fc0302eda9c11b2a6cdb64359b4fa695e6fe7,https://doi.org/10.1111/j.1749-6632.1969.tb12975.x,JournalArticle; Review,unknown,4,brain; brain/neural structure in title,
1969,Neuron Function Inferred from Behavioral and Electrophysiological Estimates of Refractory Period,"C. Gallistel, E. Rolls, David Greene",Science,1969-11-21,56,"Cellular, Synaptic, and Neuromorphic Foundations",,10.1126/science.166.3908.1028,e182ad106f9f76df5950320afce7c921557ffb3d,https://doi.org/10.1126/science.166.3908.1028,JournalArticle,unknown,1,neuron,
1969,Studies on the characterization of the sodium-potassium transport adenosinetriphosphatase. IV. Properties of a lubrol-solubilized beef brain microsomal enzyme.,"Shiro Uesugi, A. Kahlenberg, F. Medzihradsky, L. E. Hokin",Archives of Biochemistry and Biophysics,1969,56,General Brain-AI Structure Reviews and Methods,brain-structure,10.1016/0003-9861(69)90021-6,9930ee7596f698752b17a06f2c84f39f64fcc28a,https://doi.org/10.1016/0003-9861(69)90021-6,JournalArticle,unknown,4,brain; brain/neural structure in title,
1969,The subcellular distribution of (N-Me-3H)acetylcholine synthesized by brain in vivo.,"L. W. Chakrin, V. P. Whittaker",Biochemical Journal,1969-06-01,56,"Cellular, Synaptic, and Neuromorphic Foundations",brain-structure,10.1042/BJ1130097,54df4c3cccf7ab4876939bd9705268ca03382a8d,https://doi.org/10.1042/BJ1130097,JournalArticle,unknown,4,brain; brain/neural structure in title,
1969,What Is Memory that It May Have Hindsight and Foresight as well,H. Foerster,Unknown venue,1969,56,"Cognitive Architectures, Learning, and Systems Neuroscience",brain-structure,10.1007/978-1-4899-6323-9_2,da4027279ffc3413c808b561f01a8fa503407caf,https://doi.org/10.1007/978-1-4899-6323-9_2,paper,unknown,1,brain,"""What is Time?"" According to Legend, Augustine's reply to this question was: ""If no one asks me, I know: but if I wish to explain it to one that asketh, I know not."" Memory has a similar quality, for if not asked, we all know what memory is, but when asked, we have to call for an International Conference on the Future of Brain Sciences."
1969,Microheterogeneity of guinea pig myelin basic protein.,"R. Martenson, G. Deibler, M. Kies",Journal of Biological Chemistry,1969-08-25,55,General Brain-AI Structure Reviews and Methods,brain-structure,10.1016/s0021-9258(18)94314-0,5e329c8102092dd14cbf140be1a72fd1303c6c30,https://doi.org/10.1016/s0021-9258(18)94314-0,JournalArticle,unknown,1,brain,Abstract Organ-specific highly basic protein derived from guinea pig central nervous system myelin was found to be electrophoretically heterogeneous.
1969,Preparation and studies on the characterization of sheep brain glutamine synthetase.,"R. Ronzio, W. B. Rowe, S. Wilk, A. Meister",Unknown venue,1969-06-01,55,General Brain-AI Structure Reviews and Methods,brain-structure,10.1021/BI00834A064,7d7592579d5ed92aa09a37b8fa8814d72cdf9882,https://doi.org/10.1021/BI00834A064,paper,unknown,4,brain; brain/neural structure in title,
1969,Red venous blood: occurrence and significance in ischemic and nonischemic cerebral cortex.,A. G. Waltz,Journal of Neurosurgery,1969-08-01,55,General Brain-AI Structure Reviews and Methods,brain-structure,10.3171/JNS.1969.31.2.0141,da05161a25e165d8bcd207cf9e9207d6ab9cc3f6,https://doi.org/10.3171/JNS.1969.31.2.0141,JournalArticle,unknown,6,brain; cerebral; cortex; brain/neural structure in title,
1969,ISOLATION AND CHARACTERIZATION OF GLYCOSAMINOGLYCANS IN BRAIN OF DIFFERENT SPECIES,"M. Singh, E. Chandrasekaran, R. Cherian, B. Bachhawat",Journal of Neurochemistry,1969-07-01,54,General Brain-AI Structure Reviews and Methods,brain-structure,10.1111/j.1471-4159.1969.tb05961.x,71a92aa17bb2b0efde28b28874c59b9c16cf38ff,https://doi.org/10.1111/j.1471-4159.1969.tb05961.x,JournalArticle,unknown,4,brain; brain/neural structure in title,
1969,Occurrence and levels of 5-hydroxytryptamine in Schistosoma mansoni.,"J. P. Bennett, Ernest Bueding, A. R. Timms, R. G. Engstrom",Molecular Pharmacology,1969-09-01,54,General Brain-AI Structure Reviews and Methods,brain-structure,10.1016/s0026-895x(25)14695-6,87754d47332c4fb03b288e6e1a1f7f1a43a69286,https://doi.org/10.1016/s0026-895x(25)14695-6,JournalArticle,unknown,1,brain,The presence of 5-hydroxytryptamine has been demonstrated in the parasitic trematode Schistosoma mansoni .
1969,"Pharmacological studies on alicyclic amines. (II). Central actions of piperidine, pyrrolidine and piperazine.","Y. Kaśe, T. Miyata, Y. Kamikawa, M. Kataoka",Japanese Journal of Pharmacology,1969,54,General Brain-AI Structure Reviews and Methods,brain-structure,10.1254/JJP.19.300,26dd18acd233d8cd488d3bfa298db36b7765e0c3,https://doi.org/10.1254/JJP.19.300,JournalArticle,unknown,3,brain; cortical; neural,"(2-5) and brain (6, 7). Furthermore, piperidine is normally present in human cerebro spinal fluid (8)."
1969,Projection and convergence patterns in climbing fibre paths to cerebellar anterior lobe activated from cerebral cortex and spinal cord.,"S. Miller, N. Nezlina, O. Oscarsson",Brain Research,1969-06-01,54,General Brain-AI Structure Reviews and Methods,brain-structure,10.1016/0006-8993(69)90045-6,fb2c8f8ca38bafb47f338341fb6ddc03436a04c0,https://doi.org/10.1016/0006-8993(69)90045-6,JournalArticle,unknown,6,brain; cerebral; cortex; brain/neural structure in title,
1969,Selective suppression of cerebral evoked potentials to patterned light in amblyopia ex anopsia.,"C. Lombroso, F. Duffy, R. Robb",Electroencephalography and Clinical Neurophysiology,1969-09-01,54,"Connectomics, Graph Models, and Brain Networks",brain-structure;connectome;neural-signals;clinical-neuroai,10.1016/0013-4694(69)90052-2,0a88a779949807bd5087931af3ea6c3e5933f395,https://doi.org/10.1016/0013-4694(69)90052-2,JournalArticle,unknown,3,cerebral; eeg; meg,
1969,The effects of chronic hypoxia on the neonatal and infantile brain. A neuropathological study of five premature infants with the respiratory distress syndrome treated by prolonged artificial ventilation.,"Michael M. Brand, Amico Bignami",Brain : a journal of neurology,1969-03-01,54,General Brain-AI Structure Reviews and Methods,brain-structure,10.1093/BRAIN/92.2.233,83a8f4a78b45dc3ec83f1182f9625cb32ea0fef2,https://doi.org/10.1093/BRAIN/92.2.233,JournalArticle,unknown,4,brain; brain/neural structure in title,
1969,"Brain lipid analysis of a myelin deficient mutant, the ""quaking"" mouse.","C. Jacque, M. Harpin, N. Baumann",European Journal of Biochemistry,1969-12-01,53,General Brain-AI Structure Reviews and Methods,brain-structure,10.1111/J.1432-1033.1969.TB00763.X,576b380595b43031ffb5623812e25ad9e8821fb4,https://doi.org/10.1111/J.1432-1033.1969.TB00763.X,JournalArticle,unknown,4,brain; brain/neural structure in title,
1969,CONCENTRATION AND FATTY ACID COMPOSITION OF CHOLESTERYL ESTERS OF NORMAL HUMAN BRAIN 1,"C. Alling, L. Svennerholm",Journal of Neurochemistry,1969-05-01,53,General Brain-AI Structure Reviews and Methods,brain-structure,10.1111/j.1471-4159.1969.tb06453.x,b713b1d2b91d410cd31e8f2996217d28d0ed26d6,https://doi.org/10.1111/j.1471-4159.1969.tb06453.x,JournalArticle,unknown,4,brain; brain/neural structure in title,
1969,"Drug induced changes in free, labile and stable acetylcholine of guinea-pig brain.","L. Beani, C. Bianchi, P. Megazzini, L. Ballotti, G. Bernardi",Biochemical Pharmacology,1969-06-01,53,General Brain-AI Structure Reviews and Methods,brain-structure,10.1016/0006-2952(69)90244-5,9f268dc3a6b8307834e1d5db478b3c91d950af68,https://doi.org/10.1016/0006-2952(69)90244-5,JournalArticle,unknown,4,brain; brain/neural structure in title,
1969,Identification of cortical cells projecting to the dorsal column nuclei of the cat.,"G. Gordon, R. Miller",Quarterly Journal of Experimental Physiology and Cognate Medical Sciences,1969-01-22,53,"Cellular, Synaptic, and Neuromorphic Foundations",brain-structure,10.1113/EXPPHYSIOL.1969.SP002009,9758e7e92eb69245885d5121e24ca73593f548cc,https://doi.org/10.1113/EXPPHYSIOL.1969.SP002009,JournalArticle,unknown,2,brain; cortical,
1969,Incorporation of [32P]orthophosphate into brain-slice phospholipids and their precursors. Effects of electrical stimulation.,A. Pumphrey,Biochemical Journal,1969-03-01,53,General Brain-AI Structure Reviews and Methods,brain-structure,10.1042/BJ1120061,aea144cde77d66dd4006ee46672d97581d7368ab,https://doi.org/10.1042/BJ1120061,JournalArticle,unknown,4,brain; brain/neural structure in title,
1969,METABOLISM OF THE PHOSPHOINOSITIDES IN GUINEA-PIG BRAIN SYNAPTOSOMES,"J. Harwood, J. Hawthorne",Journal of Neurochemistry,1969-09-01,53,General Brain-AI Structure Reviews and Methods,brain-structure,10.1111/j.1471-4159.1969.tb05989.x,40cb22a188745a015f9f06c29bdcb54e783c0d14,https://doi.org/10.1111/j.1471-4159.1969.tb05989.x,JournalArticle,unknown,4,brain; brain/neural structure in title,
1969,"Neurologic findings in children educationally designated as ""brain-damaged"".","M. Hertzig, M. Bortner, H. Birch",American Journal of Orthopsychiatry,1969-04-01,53,General Brain-AI Structure Reviews and Methods,brain-structure,10.1111/J.1939-0025.1969.TB00639.X,46929fbf31d4b953fcdd629f47ca79d4e90256ef,https://doi.org/10.1111/J.1939-0025.1969.TB00639.X,JournalArticle,unknown,4,brain; brain/neural structure in title,
1969,"Sustained effects of brief daily stress (fighting) upon brain and adrenal catecholamines and adrenal spleen, and heart weights of mice.","B. Welch, A. S. Welch",Proceedings of the National Academy of Sciences of the United States of America,1969-09-01,53,General Brain-AI Structure Reviews and Methods,brain-structure,10.1073/PNAS.64.1.100,f44d5002b001498534bf286b8079154ae5dc58c6,https://doi.org/10.1073/PNAS.64.1.100,JournalArticle,unknown,4,brain; brain/neural structure in title,
1969,Token test scores of three matched patient groups: left brain-damaged with aphasia; right brain-damaged without aphasia; non-brain-damaged.,"Linda Peck Swisher, M. Sarno",Cortex; a journal devoted to the study of the nervous system and behavior,1969-09-01,53,"Cognitive Architectures, Learning, and Systems Neuroscience",brain-structure;clinical-neuroai,10.1016/S0010-9452(69)80034-1,5c7df2c81a8f1f7deb51620284004cac7e003aee,https://doi.org/10.1016/S0010-9452(69)80034-1,JournalArticle,unknown,4,brain; brain/neural structure in title,
1969,Acetoxycycloheximide effect on synthesis and metabolism of glucosamine-containing macromolecules in brain and in nerve endings.,"S. Barondes, G. Dutton",Journal of Neurobiology,1969,52,General Brain-AI Structure Reviews and Methods,brain-structure,10.1002/NEU.480010109,56ed66ee24e60ee927bc179c1238a793ac89566a,https://doi.org/10.1002/NEU.480010109,JournalArticle,unknown,4,brain; brain/neural structure in title,
1969,Astroglial swelling and phosphohydrolases in cerebral cortex of metrazol convulsant rats.,"E. Robertis, M. Alberici, G. Arnaiz",Brain Research,1969-02-01,52,General Brain-AI Structure Reviews and Methods,brain-structure,10.1016/0006-8993(69)90014-6,f14373459bace5f1b836ffbfb74e871d85dea14e,https://doi.org/10.1016/0006-8993(69)90014-6,JournalArticle,unknown,5,cerebral; cortex; brain/neural structure in title,
1969,"Effects of the anti-androgen cyproterone acetate on the uptake of 1,2-3H-testosterone in neural and peripheral tissues of the castrate male rat.","R. E. Whalen, W. Luttge, R. Green",Endocrinology,1969-02-01,52,General Brain-AI Structure Reviews and Methods,,10.1210/ENDO-84-2-217,f003403282eb0ab3ad8c0a1f6cfe45126aab6c82,https://doi.org/10.1210/ENDO-84-2-217,JournalArticle,unknown,5,brain; neural; brain/neural structure in title,
1969,IMPAIRMENT OF THE BLOOD-BRAIN BARRIER IN MERCURY POISONING,"O. Steinwall, Y. Olsson",Acta Neurologica Scandinavica,1969-07-01,52,General Brain-AI Structure Reviews and Methods,brain-structure,10.1111/j.1600-0404.1969.tb01247.x,923eab490004c15d685756636f556b8f49c3e4cd,https://doi.org/10.1111/j.1600-0404.1969.tb01247.x,JournalArticle,unknown,4,brain; brain/neural structure in title,
1969,"Relationships between brain catecholamine synthesis, pituitary adrenal function and the production of hypertension during prolonged exposure to environmental stress.","H. Smookler, J. Buckley",International Journal of Neuropharmacology,1969,52,General Brain-AI Structure Reviews and Methods,brain-structure,10.1016/0028-3908(69)90032-X,7712d04bf499c86306b45a11b4b485a3975309e9,https://doi.org/10.1016/0028-3908(69)90032-X,JournalArticle,unknown,4,brain; brain/neural structure in title,
1969,The effect of brain stem lesions on tyrosine and tryptophan hydroxylases in various structures of the telencephalon of the cat.,"L. Poirier, L. Poirier, E. Mcgeer, E. Mcgeer, L. Larochelle, L. Larochelle, et al.",Brain Research,1969-06-01,52,General Brain-AI Structure Reviews and Methods,brain-structure,10.1016/0006-8993(69)90036-5,2e2ebe7167f0ec1bb640ae3aea117bf943a84205,https://doi.org/10.1016/0006-8993(69)90036-5,JournalArticle,unknown,4,brain; brain/neural structure in title,
1969,The homogeneity and protein composition of rat brain myelin.,"D. H. Adams, M. Fox",Brain Research,1969-08-01,52,General Brain-AI Structure Reviews and Methods,brain-structure,10.1016/0006-8993(69)90205-4,31f6e05e68324412cb726fa6ea129df759ec3e97,https://doi.org/10.1016/0006-8993(69)90205-4,JournalArticle,unknown,4,brain; brain/neural structure in title,
1969,"Uptake and retention of tritiated estradiol in brain and peripheral tissues of male, female and neonatally androgenized female rats.","R. Green, W. Luttge, R. E. Whalen",Endocrinology,1969-08-01,52,General Brain-AI Structure Reviews and Methods,brain-structure,10.1210/ENDO-85-2-373,8638dd1c2c4100b634f28977569350d0072eb052,https://doi.org/10.1210/ENDO-85-2-373,JournalArticle,unknown,4,brain; brain/neural structure in title,
1969,Effects of Changes in Carbon Dioxide Pressure and Arterial Pressure on Blood Flow in Ischemic Regions of the Brain in Dogs,"K. Kogure, M. Fujishima, P. Scheinberg, O. Reinmuth",Circulation Research,1969-04-01,51,General Brain-AI Structure Reviews and Methods,brain-structure,10.1161/01.RES.24.4.557,c535c8be4d49c06a1914b1b3c96b87dd45c075f7,https://doi.org/10.1161/01.RES.24.4.557,JournalArticle,unknown,4,brain; brain/neural structure in title,
1969,"The extracellular space in the developing rat brain: its variation with changes in osmolarity of the fixative, method of fixation and maturation.",S. Sumi,Journal of Ultrastructure Research,1969-12-01,51,"Cellular, Synaptic, and Neuromorphic Foundations",brain-structure,10.1016/S0022-5320(69)90062-8,94fb5d725e93aa4a5b934c24074ce2f4ed0179f2,https://doi.org/10.1016/S0022-5320(69)90062-8,JournalArticle,unknown,4,brain; brain/neural structure in title,
1969,Dynamics of vertex evoked potentials: The R-M brain function.,M. Clynes,Unknown venue,1969,50,General Brain-AI Structure Reviews and Methods,brain-structure,10.1037/13016-013,86ed610670972ba50e3c7a354333ba6202123b2e,https://doi.org/10.1037/13016-013,paper,unknown,6,brain; eeg; meg; brain/neural structure in title,
1969,"HYDROLASE ACTIVITIES IN BRAIN OF NEUROLOGICAL MUTANTS: CEREBROSIDE GALACTOSIDASE, NITROPHENYL GALACTOSIDE HYDROLASE, NITROPHENYL LUCOSIDE HYDROLASE AND SULPHATASE 1","D. M. Bowen, N. Radin",Journal of Neurochemistry,1969-03-01,50,General Brain-AI Structure Reviews and Methods,brain-structure,10.1111/j.1471-4159.1969.tb10386.x,95148452203d7390fda09358b25c8dfbffe751e5,https://doi.org/10.1111/j.1471-4159.1969.tb10386.x,JournalArticle,unknown,4,brain; brain/neural structure in title,
1969,Molecular structure in phospholipid essential to activate (Na+ K+ Mg2+)-dependent ATPase and (K+ Mg2+)-dependent phosphatase of bovine cerebral cortex.,"Ryo Tanaka, T. Sakamoto",Biochimica et Biophysica Acta,1969-11-25,50,General Brain-AI Structure Reviews and Methods,brain-structure,10.1016/0005-2736(69)90198-9,c1e0d63d58876714de52d91528d0365ca901181e,https://doi.org/10.1016/0005-2736(69)90198-9,JournalArticle,unknown,5,cerebral; cortex; brain/neural structure in title,
1969,Olfactory bulb removal: effects on brain norepinephrine.,"L. Pohorecky, M. Zigmond, L. Heimer, R. Wurtman",Proceedings of the National Academy of Sciences of the United States of America,1969-04-01,50,General Brain-AI Structure Reviews and Methods,brain-structure,10.1073/PNAS.62.4.1052,f6c51f1894bc3e23f9767bea07dafa3c595ee993,https://doi.org/10.1073/PNAS.62.4.1052,JournalArticle,unknown,4,brain; brain/neural structure in title,
1969,"Postembryonic brain development in monarch butterfly Danaus plexippus plexippus, L. II. The optic lobes",R. Nordlander,Unknown venue,1969,50,General Brain-AI Structure Reviews and Methods,brain-structure,,b9911e654f997c8bd0f30ef96b0cf1ceb8b5d14b,https://www.semanticscholar.org/paper/b9911e654f997c8bd0f30ef96b0cf1ceb8b5d14b,paper,unknown,4,brain; brain/neural structure in title,
1969,Radiation therapy of brain-stem tumors.,"T. Whyte, M. Colby, Layton Dd",Radiology,1969-08-01,50,Clinical NeuroAI and Brain Disorders,brain-structure,10.1148/93.2.413,ee8196358230c752607f84ca62ea081acb7066f5,https://doi.org/10.1148/93.2.413,JournalArticle; Review,unknown,4,brain; brain/neural structure in title,
1969,The influence of drugs on the uptake of acetylcholine by slices of rat cerebral cortex,R. L. Polak,British Journal of Pharmacology,1969-05-01,50,General Brain-AI Structure Reviews and Methods,brain-structure,10.1111/j.1476-5381.1969.tb08311.x,67ca2cc1c55577d12a77a2b3ca23ccf2bd86d726,https://doi.org/10.1111/j.1476-5381.1969.tb08311.x,JournalArticle,unknown,6,brain; cerebral; cortex; brain/neural structure in title,
1969,Brain edema. A study of biochemical and structural alterations.,"K. Sato, M. Yamaguchi, S. Mullan, J. P. Evans, S. Ishii",Archives of Neurology,1969,49,General Brain-AI Structure Reviews and Methods,brain-structure,,4281af43e7a7093413f2141a5af3eec9982b17b9,https://www.semanticscholar.org/paper/4281af43e7a7093413f2141a5af3eec9982b17b9,JournalArticle,unknown,4,brain; brain/neural structure in title,
1969,Brain norepinephrine: evidence that neuronal release is essential for sham rage behavior following brainstem transection in cat.,"D. Reis, K. Fuxe",Proceedings of the National Academy of Sciences of the United States of America,1969-09-01,49,"Cellular, Synaptic, and Neuromorphic Foundations",brain-structure,10.1073/PNAS.64.1.108,5423905678d01b85d8d32dc0cc577f6c24da3221,https://doi.org/10.1073/PNAS.64.1.108,JournalArticle,unknown,6,brain; brainstem; neuron; brain/neural structure in title,
1969,Brain tumor chemotherapy with intrathecal methotrexate,"C. Wilson, H. Norrell",Cancer,1969-05-01,49,Clinical NeuroAI and Brain Disorders,brain-structure,10.1002/1097-0142(196905)23:5<1038::AID-CNCR2820230508>3.0.CO;2-I,96f6c50b5f6684f4e1df5c92614bc224846f9d44,https://doi.org/10.1002/1097-0142(196905)23:5<1038::AID-CNCR2820230508>3.0.CO;2-I,JournalArticle; Review,unknown,4,brain; brain/neural structure in title,
1969,Clinical application of hyperbaric oxygenation in the treatment of acute cerebral damage.,"H. Mogami, T. Hayakawa, N. Kanai, R. Kuroda, R. Yamada, T. Ikeda, et al.",Journal of Neurosurgery,1969-12-01,49,Clinical NeuroAI and Brain Disorders,brain-structure;clinical-neuroai,10.3171/JNS.1969.31.6.0636,62ac8acc86f3f6f8a8c036f1cab6d07ac6cd1d8a,https://doi.org/10.3171/JNS.1969.31.6.0636,JournalArticle,unknown,1,cerebral,
1969,Effects of various substituted hydrazones and hydrazines of pyridoxal-5'-phosphate on brain glutamate decarboxylase.,"R. Tapia, Jorge Awapara",Biochemical Pharmacology,1969,49,General Brain-AI Structure Reviews and Methods,brain-structure,10.1016/0006-2952(69)90019-7,64f8aa6c169104e36e0295fbdfa89f7aad8c979b,https://doi.org/10.1016/0006-2952(69)90019-7,JournalArticle,unknown,4,brain; brain/neural structure in title,
1969,Fibrinolytic activity of human brain and cerebrospinal fluid.,"S. Takashima, M. Koga, K. Tanaka",British journal of experimental pathology,1969-12-01,49,General Brain-AI Structure Reviews and Methods,brain-structure,,bf07165aa87214bbd94be8b05664930fd399d103,https://www.semanticscholar.org/paper/bf07165aa87214bbd94be8b05664930fd399d103,JournalArticle,unknown,4,brain; brain/neural structure in title,
1969,Impaired recognition of written letters following unilateral hemispheric damage.,"Pietro Faglioni, Giuseppe Scotti, H. Spinnler",Cortex; a journal devoted to the study of the nervous system and behavior,1969-06-01,49,"Cognitive Architectures, Learning, and Systems Neuroscience",brain-structure;neural-signals,10.1016/S0010-9452(69)80023-7,f375f900625ac112a2b635c8c1ae8d63cf047da0,https://doi.org/10.1016/S0010-9452(69)80023-7,JournalArticle,unknown,1,ecog,
1969,On Representation of Language in the Human Brain,H. Whitaker,Unknown venue,1969,49,"Brain Decoding, Representation Learning, and BCI",brain-structure;decoding,,c7fcc05fa9af42233bc85109d02a887a4f34ecc8,https://www.semanticscholar.org/paper/c7fcc05fa9af42233bc85109d02a887a4f34ecc8,paper,unknown,4,brain; brain/neural structure in title,
1969,"Production of Staphylococcal Enterotoxins A, B, and C in Various Media","Raoul F. Reiser, K. Weiss",Applied microbiology,1969-12-01,49,General Brain-AI Structure Reviews and Methods,brain-structure,10.1128/am.18.6.1041-1043.1969,f694303a2e99c8f6a321aa8ff6d7f7822be93777,https://doi.org/10.1128/am.18.6.1041-1043.1969,JournalArticle,unknown,1,brain,"The effect of initial pH and of length of incubation time at 37 C in four different growth media on the production of staphylococcal enterotoxins A, B, and C was determined."
1969,Relationships between foraging efficiency and the size of the head and component brain and sensory structures in the red wood ant.,"S. Bernstein, R. Bernstein",Brain Research,1969-11-01,49,General Brain-AI Structure Reviews and Methods,brain-structure,10.1016/0006-8993(69)90087-0,122f3dd30dd30bba5216bbc3889b9ddb681c921e,https://doi.org/10.1016/0006-8993(69)90087-0,JournalArticle,unknown,4,brain; brain/neural structure in title,
1969,The importance of implantation site in cerebral carcinogenesis in rats.,"J. Hopewell, E. A. Wright",Cancer Research,1969-11-01,49,General Brain-AI Structure Reviews and Methods,brain-structure;neuromorphic-bci,,55ec9a6a688696944b527e0b001c3a1e62263d33,https://www.semanticscholar.org/paper/55ec9a6a688696944b527e0b001c3a1e62263d33,JournalArticle,unknown,14,brain; cerebral; bci; explicit brain-structure/AI bridge,
1969,Turnover rates of serotonin and norepinephrine in brain of normal and parglyline-treated rats.,"R. C. Lin, N. Neff, S. Ngai, E. Costa",Life Science,1969-10-01,49,General Brain-AI Structure Reviews and Methods,brain-structure,10.1016/0024-3205(69)90160-X,c9127c727f0d442d8b8f8492d620a8fd38443702,https://doi.org/10.1016/0024-3205(69)90160-X,JournalArticle,unknown,4,brain; brain/neural structure in title,
1969,Unilateral brain damage and bilateral skin conductance levels in humans.,"F. Holloway, O. Parsons",Psychophysiology,1969-09-01,49,General Brain-AI Structure Reviews and Methods,brain-structure,10.1111/J.1469-8986.1969.TB02893.X,9df928d96feaae4ffd59b56872f2778890b360b8,https://doi.org/10.1111/J.1469-8986.1969.TB02893.X,JournalArticle,unknown,4,brain; brain/neural structure in title,
1969,Circadian changes in RNA synthesis in the neurosecretory cells of the brain and suboesophageal ganglion of the house cricket.,"B. Cymborowski, A. Dutkowski",Journal of insect physiology,1969-07-01,48,"Cellular, Synaptic, and Neuromorphic Foundations",brain-structure,10.1016/0022-1910(69)90229-7,2d4baa535f0733e8bd05ca5d4535811a964dd4da,https://doi.org/10.1016/0022-1910(69)90229-7,JournalArticle,unknown,4,brain; brain/neural structure in title,
1969,Effect of brain-stem lesions on metrazol-induced seizures in cats.,"D. Jinnai, H. Mogami, J. Mukawa, Y. Iwata, Kiyofumi Kobayashi",Electroencephalography and Clinical Neurophysiology,1969-10-01,48,"Connectomics, Graph Models, and Brain Networks",brain-structure;connectome;neural-signals;clinical-neuroai,10.1016/0013-4694(69)91449-7,5c730eeaf898c50a19a712f1599d7f2c26ecb242,https://doi.org/10.1016/0013-4694(69)91449-7,JournalArticle,unknown,6,brain; eeg; meg; brain/neural structure in title,
1969,Effects of drugs on the uptake of acetylcholine in rat brain cortex slices,"C. Liang, J. H. Quastel",Unknown venue,1969-05-01,48,General Brain-AI Structure Reviews and Methods,brain-structure,10.1016/0006-2952(69)90121-X,e10b9e41c00279c5b7d2fb799133226fade62473,https://doi.org/10.1016/0006-2952(69)90121-X,paper,unknown,5,brain; cortex; brain/neural structure in title,
1969,Isolation of highly purified human and bovine brain endothelial cells and nuclei and their phospholipid composition,"A. Siakotos, G. Rouser, S. Fleischer",Lipids,1969-05-01,48,"Cellular, Synaptic, and Neuromorphic Foundations",brain-structure,10.1007/BF02532638,d7f868e618d25b3ecadd7ddfc6a2abfce4c54def,https://doi.org/10.1007/BF02532638,JournalArticle,unknown,4,brain; brain/neural structure in title,
1969,"LIGHT TRANSMISSION AND SPECTRAL DISTRIBUTION THROUGH EPI- AND ENDOZOIC ALGAL LAYERS IN THE BRAIN CORAL, FAVIA","K. Shibata, F. Haxo",Unknown venue,1969-06-01,48,"Electrophysiology, Neural Signals, and AI Decoding",brain-structure,10.2307/1539688,1ae39260841f455ee48fcd3cb6690171889dc42a,https://doi.org/10.2307/1539688,paper,unknown,6,brain; eeg; meg; brain/neural structure in title,"Two species of algae were living symbiotically with a hard brain coral, Fa@ia, harvested in the environs of the Flinders Island Group on the Great Barrier Reef in Australia."
1969,Subcellular distribution and properties of the bradykinin inactivation system in rabbit brain homogenates.,"A. Camargo, F. Graeff",Biochemical Pharmacology,1969-02-01,48,"Cellular, Synaptic, and Neuromorphic Foundations",brain-structure,10.1016/0006-2952(69)90235-4,92f5c53526d5b7497d324064b4dab1b43434c198,https://doi.org/10.1016/0006-2952(69)90235-4,JournalArticle,unknown,4,brain; brain/neural structure in title,
1969,The relationship between tremor and change in brain acetylcholine concentration produced by injection of tremorine or oxotremorine in the rat,"B. Cox, D. Potkonjak",British Journal of Pharmacology,1969-02-01,48,General Brain-AI Structure Reviews and Methods,brain-structure,10.1111/j.1476-5381.1969.tb07988.x,012ec42ced3379afe2e4a35848fa3879ca885626,https://doi.org/10.1111/j.1476-5381.1969.tb07988.x,JournalArticle,unknown,4,brain; brain/neural structure in title,
1969,The uptake of amino acids by particulate fractions from brain.,"S. Navón, A. Lajtha",Biochimica et Biophysica Acta,1969-04-15,48,General Brain-AI Structure Reviews and Methods,brain-structure,10.1016/0005-2736(69)90016-9,772d2944873efd5b1f4d81241d22efdf40ea0d77,https://doi.org/10.1016/0005-2736(69)90016-9,JournalArticle,unknown,4,brain; brain/neural structure in title,
1969,[Synapse-like contacts between the intraventricular axonal endings and the free surfaces of the ependyma cells of the rabbit brain].,"H. Leonhardt, A. Backhus-Roth",Zeitschrift für Zellforschung und Mikroskopische Anatomie,1969,47,"Cellular, Synaptic, and Neuromorphic Foundations",brain-structure,,a3cceba1a4d9ade72dfb4f2aa2377a63d0214212,https://www.semanticscholar.org/paper/a3cceba1a4d9ade72dfb4f2aa2377a63d0214212,JournalArticle,unknown,5,brain; synapse; brain/neural structure in title,
1969,Anesthesia and the brain.,"Smith Al, Mull Td, Harry Wollman",Clinical anesthesia,1969,47,Clinical NeuroAI and Brain Disorders,brain-structure;clinical-neuroai,,974952b9ec2b7d44721ccbd82281370d561b16cb,https://www.semanticscholar.org/paper/974952b9ec2b7d44721ccbd82281370d561b16cb,Review; JournalArticle,unknown,4,brain; brain/neural structure in title,
1969,Carbonic acid production and the role of carbonic anhydrase in decarboxylation in brain.,"J. Severinghaus, F. Hamilton, S. Cotev",Biochemical Journal,1969-10-01,47,General Brain-AI Structure Reviews and Methods,brain-structure,10.1042/BJ1140703,54b7746bf0846adffa4a7b58554349f55c7b9ec2,https://doi.org/10.1042/BJ1140703,JournalArticle,unknown,4,brain; brain/neural structure in title,
1969,Control by brain stem reticular formation of sensory transmission in Burdach nucleus. Analysis of single units.,"M. Cesa-Bianchi, M. L. Sotgiu",Brain Research,1969-03-01,47,General Brain-AI Structure Reviews and Methods,brain-structure,10.1016/0006-8993(69)90147-4,fcd70f65e5a87ff6ca0e2a98538e69ca38b6360f,https://doi.org/10.1016/0006-8993(69)90147-4,JournalArticle,unknown,4,brain; brain/neural structure in title,
1969,Isolation and chemical nature of the receptor for d-tubocurarine in nerve-ending membranes of the cerebral cortex.,"E. Robertis, S. Fiszer, J. Pasquini, E. Soto",Journal of Neurobiology,1969,47,General Brain-AI Structure Reviews and Methods,brain-structure,10.1002/NEU.480010105,29a6abebc5864c9ad91622f09a5f1a40912b1036,https://doi.org/10.1002/NEU.480010105,JournalArticle,unknown,6,brain; cerebral; cortex; brain/neural structure in title,
1969,Multicentric gliomas of the cerebral and cerebellar hemispheres. Case report.,"A. Solomon, G. Perret, W. Mccormick",Journal of Neurosurgery,1969-07-01,47,General Brain-AI Structure Reviews and Methods,brain-structure,10.3171/JNS.1969.31.1.0087,2b2a521aeb5d4f779282a7b5ee46b19bb9d349bf,https://doi.org/10.3171/JNS.1969.31.1.0087,JournalArticle,unknown,2,brain; cerebral,
1969,Neural correlates of conditioned responses studied with multiple chronically implanted moving microelectrodes.,"E. John, Pilar Prieto Morgades",Experimental Neurology,1969-03-01,47,General Brain-AI Structure Reviews and Methods,neuromorphic-bci,10.1016/0014-4886(69)90088-0,4bb40d7f2239c4db14fc1696d7811a22e1860e42,https://doi.org/10.1016/0014-4886(69)90088-0,JournalArticle,unknown,4,neural; brain/neural structure in title,
1969,STIMULATORY EFFECT OF γ-AMINOBUTYRIC ACID UPON AMINO ACID INCORPORATION INTO PROTEIN BY A RIBOSOMAL SYSTEM FROM IMMATURE RAT BRAIN 1,"S. Tewari, C. Baxter",Unknown venue,1969-02-01,47,General Brain-AI Structure Reviews and Methods,brain-structure,10.1111/j.1471-4159.1969.tb05935.x,019659bde29c8ad02557c8ed01f4fe3d9acce5b1,https://doi.org/10.1111/j.1471-4159.1969.tb05935.x,paper,unknown,4,brain; brain/neural structure in title,
1969,The deposition and metabolism of polyphosphoinositides in rat and guinea-pig brain during development.,"A. Sheltawy, R. Dawson",Biochemical Journal,1969,47,General Brain-AI Structure Reviews and Methods,brain-structure,10.1042/BJ1110147,6c995ab75bf6c396dc15f165dce88e2eab3f6114,https://doi.org/10.1042/BJ1110147,JournalArticle,unknown,4,brain; brain/neural structure in title,
1969,The intensity function and reinforcing properties of brain stimulation that elicits attack,J. Renfrew,Unknown venue,1969-07-01,47,General Brain-AI Structure Reviews and Methods,brain-structure,10.1016/0031-9384(69)90146-2,085e556ee6d783ab246b7d2f9416ed3b50e841f7,https://doi.org/10.1016/0031-9384(69)90146-2,paper,unknown,16,brain; bci; brain/neural structure in title; explicit brain-structure/AI bridge,
1969,5-Hydroxytryptamine metabolism in brain and liver slices and the effects of ethanol,"D. Eccleston, W. H. Readinq, I. Ritchie",Journal of Neurochemistry,1969-02-01,46,General Brain-AI Structure Reviews and Methods,brain-structure,10.1111/J.1471-4159.1969.TB05946.X,c251bc61492d40d11734be843ad6780fd74ee038,https://doi.org/10.1111/J.1471-4159.1969.TB05946.X,JournalArticle,unknown,4,brain; brain/neural structure in title,
1969,Effects of micro-iontophoretic administration of magnesium and calcium on neurones in the central nervous system of cats.,"G. Kato, G. Somjen",Journal of Neurobiology,1969,46,"Cellular, Synaptic, and Neuromorphic Foundations",,10.1002/NEU.480010206,67c71fbfdabec962535c9396e882b1c9e44cf651,https://doi.org/10.1002/NEU.480010206,JournalArticle,unknown,1,neuron,
1969,Sleep deprivation: changes of monoamines and acetylcholine in rat brain.,"K. Tsuchiya, Michio Toru, T. Kobayashi",Life Science,1969-08-01,46,General Brain-AI Structure Reviews and Methods,brain-structure,10.1016/0024-3205(69)90143-X,9a5e9fcae8c49149179f8734b558f3eb553f0aeb,https://doi.org/10.1016/0024-3205(69)90143-X,JournalArticle,unknown,4,brain; brain/neural structure in title,
1969,THE DISTRIBUTION OF INHALED MERCURY (Hg203) VAPORS IN THE BRAIN OF RATS AND MICE,"G. Cassano, P. Viola, B. Ghetti, L. Amaducci",Journal of Neuropathology and Experimental Neurology,1969-04-01,46,General Brain-AI Structure Reviews and Methods,brain-structure,10.1097/00005072-196904000-00010,8020dad5561e4208ac105c455902b5de66b9d862,https://doi.org/10.1097/00005072-196904000-00010,JournalArticle,unknown,4,brain; brain/neural structure in title,
1969,THE MEASUREMENT OF TRIGLYCERIDE IN BRAIN AND THE METABOLISM OF BRAIN TRIGLYCERIDE IN VITRO,C. E. Rowe,Journal of Neurochemistry,1969-02-01,46,General Brain-AI Structure Reviews and Methods,brain-structure,10.1111/j.1471-4159.1969.tb05938.x,4268cb756c7b1f25ebd104339f050340b37bb52f,https://doi.org/10.1111/j.1471-4159.1969.tb05938.x,JournalArticle,unknown,4,brain; brain/neural structure in title,
1969,A commentary on the growth of the human brain and skull.,"Melvyn J. Baer, James E. Harris",American Journal of Physical Anthropology,1969,45,General Brain-AI Structure Reviews and Methods,brain-structure,10.1002/AJPA.1330300105,01067da5dc65d0938af530f4393857c6bf170ae4,https://doi.org/10.1002/AJPA.1330300105,JournalArticle,unknown,4,brain; brain/neural structure in title,
1969,An interesting anatomical relationship between the hamster pineal gland and the ventricular system of the brain.,"M. Sheridan, R. Reiter, J. Jacobs",Journal of Endocrinology,1969-09-01,45,General Brain-AI Structure Reviews and Methods,brain-structure,10.1677/JOE.0.0450131,736c7e84b8c8c6bd3928dfc3830b6c1ca864a4de,https://doi.org/10.1677/JOE.0.0450131,JournalArticle,unknown,4,brain; brain/neural structure in title,
1969,Connections of cerebral structures functioning in neurohypophysial hormone release.,"W. Woods, R. Holland, E. W. Powell",Brain Research,1969,45,General Brain-AI Structure Reviews and Methods,brain-structure,10.1016/0006-8993(69)90053-5,cfe8725798757c71eef59421287c515f8dc1f4fd,https://doi.org/10.1016/0006-8993(69)90053-5,JournalArticle,unknown,2,brain; cerebral,
1969,CORRELATION BETWEEN DECREASES IN BRAIN γ-AMINOBUTYRIC ACID LEVELS AND SUSCEPTIBILITY TO CONVULSIONS INDUCED BY HYPERBARIC OXYGEN 1,"J. Wood, W. J. Watson, G. W. Murray",Journal of Neurochemistry,1969-03-01,45,General Brain-AI Structure Reviews and Methods,brain-structure,10.1111/j.1471-4159.1969.tb10366.x,971a6270b8fd7249e407153bb5d192e54a36786c,https://doi.org/10.1111/j.1471-4159.1969.tb10366.x,JournalArticle,unknown,4,brain; brain/neural structure in title,
1969,Differential effects of sodium butyrate and physostigmine upon the activities of para-sleep in acute brain stem preparations.,M. Matsuzaki,Brain Research,1969-04-01,45,General Brain-AI Structure Reviews and Methods,brain-structure,10.1016/0006-8993(69)90285-6,0916b82200a190f659c75e9ebbc0d54b5c7533fa,https://doi.org/10.1016/0006-8993(69)90285-6,JournalArticle,unknown,4,brain; brain/neural structure in title,
1969,"Effects of thermal treatment on mitochondria of brain, liver and ascites cells.","E. Christiansen, E. Kvamme",Acta Physiologica Scandinavica,1969-08-01,45,"Cellular, Synaptic, and Neuromorphic Foundations",brain-structure,10.1111/J.1748-1716.1969.TB04494.X,9441f63b1b54e89f23855a7190b2df25b85623cf,https://doi.org/10.1111/J.1748-1716.1969.TB04494.X,JournalArticle,unknown,4,brain; brain/neural structure in title,
1969,Fiber projections from rostral basal forebrain structures in the cat.,"N. Mizuno, Carmine D. Clemente, E. Sauerland",Experimental Neurology,1969-10-01,45,General Brain-AI Structure Reviews and Methods,brain-structure,10.1016/0014-4886(69)90046-6,aca5de67a5934aef8f373ec3902a79f8e886379b,https://doi.org/10.1016/0014-4886(69)90046-6,JournalArticle,unknown,4,brain; brain/neural structure in title,
1969,Multiple Forms of Monoamine Oxidase in the Developing Brain,"J. Shih, S. Eiduson",Nature,1969-12-27,45,General Brain-AI Structure Reviews and Methods,brain-structure,10.1038/2241309A0,4f554b5ad59ecdc0805a566a54b24548e0c745b1,https://doi.org/10.1038/2241309A0,JournalArticle,unknown,4,brain; brain/neural structure in title,
1969,"PHARMACOLOGICAL STUDIES ON THE BRAIN MECHANISMS UNDERLYING TWO FORMS OF BEHAVIORAL EXCITATION: STEREOTYPED HYPERACTIVITY AND ""RAGE""","A. Randrup, I. Munkvad",Annals of the New York Academy of Sciences,1969-07-01,45,"Cognitive Architectures, Learning, and Systems Neuroscience",brain-structure,10.1111/j.1749-6632.1969.tb12989.x,ebb68f3e5a33486bb9c3183ed323f9d2e44783e8,https://doi.org/10.1111/j.1749-6632.1969.tb12989.x,Review; JournalArticle,unknown,4,brain; brain/neural structure in title,
1969,Primary reticulum cell sarcoma (microglioma) of brain. An electron microscopic study.,"B. Horvat, C. Peña, E. Fisher",Archives of pathology,1969-06-01,45,"Cellular, Synaptic, and Neuromorphic Foundations",brain-structure,,0b6f84c0d125ded557404c47970bb959b1a877d6,https://www.semanticscholar.org/paper/0b6f84c0d125ded557404c47970bb959b1a877d6,JournalArticle,unknown,4,brain; brain/neural structure in title,
1969,"Purification of the proteinic brain hormone of the silkworm, Bombyx mori","M. Yamazaki, Masatoshi Kobayashi",Unknown venue,1969-10-01,45,General Brain-AI Structure Reviews and Methods,brain-structure,10.1016/0022-1910(69)90027-4,b276b918a91238625b80babb18c012f8a7908eca,https://doi.org/10.1016/0022-1910(69)90027-4,paper,unknown,4,brain; brain/neural structure in title,
1969,Release from brain tissue of compounds with possible transmitter function: interaction of drugs with these substances *,M. Vogt,British Journal of Pharmacology,1969-10-01,45,General Brain-AI Structure Reviews and Methods,brain-structure,10.1111/j.1476-5381.1969.tb10570.x,fb940f3bd8e46b9c83b767cbac78f1e0464e3191,https://doi.org/10.1111/j.1476-5381.1969.tb10570.x,Review; JournalArticle,unknown,4,brain; brain/neural structure in title,
1969,"Adenyl Cyclase and Phosphodiesterase Activities in Brain Areas of Man, Monkey and Rat","R. H. Williams, S. Little, J. Ensinck",American Journal of the Medical Sciences,1969-09-01,44,General Brain-AI Structure Reviews and Methods,brain-structure,10.1097/00000441-196909000-00006,ae3aa771620221e770e07838f886198db3782c78,https://doi.org/10.1097/00000441-196909000-00006,JournalArticle,unknown,4,brain; brain/neural structure in title,
1969,Brain and Behavioural Maturation in Newborn Infants of Diabetic Mothers1 - Part II: Sleep cycles2,"Schulte Fj, U. Lasson, U. Parl, R. Nolte, U. Jürgens",Neuropadiatrie,1969-06-01,44,General Brain-AI Structure Reviews and Methods,brain-structure,10.1055/s-0028-1091862,247ddc3922ae147a36b45a074f27f6e8370588bd,https://doi.org/10.1055/s-0028-1091862,JournalArticle,unknown,4,brain; brain/neural structure in title,
1969,BRAIN TUMORS INDUCED IN DOGS BY THE SCHMIDT-RUPPIN STRAIN OF ROUS SARCOMA VIRUS: NEUROPATHOLOGICAL and IMMUNOLOGICAL OBSERVATIONS,"D. Bigner, G. Odom, M. Mahaley, E. Day",Journal of Neuropathology and Experimental Neurology,1969-10-01,44,Clinical NeuroAI and Brain Disorders,brain-structure,10.1097/00005072-196910000-00006,eb68fb49770a8fc24df3343773b5cd579989734e,https://doi.org/10.1097/00005072-196910000-00006,JournalArticle,unknown,4,brain; brain/neural structure in title,
1969,Changing concepts of the function of sleep: discovery of intense brain activity during sleep calls for revision of hypotheses as to its function.,"I. Feinberg, Evarts Ev",Biological Psychiatry,1969-10-01,44,General Brain-AI Structure Reviews and Methods,brain-structure,,82a6700ba6f0571502cdb762edc78e7cb7855761,https://www.semanticscholar.org/paper/82a6700ba6f0571502cdb762edc78e7cb7855761,JournalArticle,unknown,4,brain; brain/neural structure in title,
1969,Compositional patterns of sialofucohexosaminoglycans derived from rat brain glycoproteins.,"C. Di Benedetta, E. Brunngraber, G. Whitney, B. Brown, A. Aro",Archives of Biochemistry and Biophysics,1969-05-01,44,General Brain-AI Structure Reviews and Methods,brain-structure,10.1016/0003-9861(69)90412-3,39dcbab493bec8ca25b71a77f07cf1b5bd299358,https://doi.org/10.1016/0003-9861(69)90412-3,JournalArticle,unknown,4,brain; brain/neural structure in title,
1969,Experimental in vivo microcirculatory dynamics in brain trauma.,"D. Smith, T. Ducker, L. Kempe",Journal of Neurosurgery,1969-06-01,44,General Brain-AI Structure Reviews and Methods,brain-structure,10.3171/JNS.1969.30.6.0664,12c7384392f5d19af590827333d5f00f9762923b,https://doi.org/10.3171/JNS.1969.30.6.0664,JournalArticle,unknown,4,brain; brain/neural structure in title,
1969,Extraction of rat myelin basic protein free of other basic proteins of whole central nervous system tissue. An analysis of its electrophoretic heterogeneity.,"R. Martenson, G. Deibler, M. Kies",Journal of Biological Chemistry,1969-08-25,44,"Cellular, Synaptic, and Neuromorphic Foundations",brain-structure,10.1016/S0021-9258(18)94315-2,8d68a062bf19775add0f18658c7b77a01c2d4112,https://doi.org/10.1016/S0021-9258(18)94315-2,JournalArticle,unknown,1,brain,Abstract Extracts of subcellular fractions isolated from rat brain homogenates were obtained by treatment of the lyophilized preparations with 0.1 n HCl.
1969,Increased turnover of 3H-norepinephrine in rat brain following castration or treatment with ovine follicle-stimulating hormone.,"F. Antón-Tay, R. Pelham, R. Wurtman",Endocrinology,1969-06-01,44,General Brain-AI Structure Reviews and Methods,brain-structure,10.1210/ENDO-84-6-1489,85660a6f64793e45a474787fecc5f5a3e8a9a55e,https://doi.org/10.1210/ENDO-84-6-1489,JournalArticle,unknown,4,brain; brain/neural structure in title,
1969,POLYAMINES and NUCLEIC ACID METABOLISM DURING DEVELOPMENT OF CHICK EMBRYO BRAIN,"C. Caldarera, M. Moruzzi, C. Rossoni, B. Barbiroli",Journal of Neurochemistry,1969-03-01,44,General Brain-AI Structure Reviews and Methods,brain-structure,10.1111/j.1471-4159.1969.tb10369.x,832f54a4862524c69dbac38e0f8fd7790181ba99,https://doi.org/10.1111/j.1471-4159.1969.tb10369.x,JournalArticle,unknown,4,brain; brain/neural structure in title,
1969,Acoustic interneurosn in the brain of noctuid moths.,K. D. Roeder,Journal of insect physiology,1969-05-01,43,General Brain-AI Structure Reviews and Methods,brain-structure,10.1016/0022-1910(69)90123-1,4f65ebbaa5e58a70ac46b5e428e12bf0e458a04d,https://doi.org/10.1016/0022-1910(69)90123-1,JournalArticle,unknown,4,brain; brain/neural structure in title,
1969,Brain and cerebrospinal fluid lactate concentration in respiratory acidosis and alkalosis.,"Homayoun Kazemi, L. M. Valença, Daniel C. Shannon",Respiration Physiology,1969-02-01,43,General Brain-AI Structure Reviews and Methods,brain-structure,10.1016/0034-5687(69)90056-5,691cf060fec0960f849c512e827087f49523c9b2,https://doi.org/10.1016/0034-5687(69)90056-5,JournalArticle,unknown,4,brain; brain/neural structure in title,
1969,Carbon dioxide and cerebral circulatory control. Evidence of a nonfocal site of action of carbon dioxide on cerebral circulation.,"E. Skinhøj, O. Paulson",Archives of Neurology,1969-03-01,43,General Brain-AI Structure Reviews and Methods,brain-structure,10.1001/ARCHNEUR.1969.00480090037004,a5d5ef4ab20dba7b942150240bcc143dbc0ca4cb,https://doi.org/10.1001/ARCHNEUR.1969.00480090037004,JournalArticle,unknown,1,cerebral,
1969,Circulatory responses to asphyxia in pregnant and fetal animals: a comparative study of Weddell seals and sheep.,"R. Elsner, D. Hammond, H. Parker",The Yale Journal of Biology and Medicine,1969-12-01,43,General Brain-AI Structure Reviews and Methods,brain-structure,,bc4214ed2540400ec1beef6f960f6d789b35401d,https://www.semanticscholar.org/paper/bc4214ed2540400ec1beef6f960f6d789b35401d,JournalArticle; Review,unknown,2,brain; cerebral,"Diving mammals share with fetal and newborn animals a high resistance to asphyxia when compared, respectively, with terrestrial and adult animals."
1969,Frequency analysis of EEG during milk drinking.,N. Grandstaff,Electroencephalography and Clinical Neurophysiology,1969-07-01,43,"Connectomics, Graph Models, and Brain Networks",connectome;neural-signals;clinical-neuroai,10.1016/0013-4694(69)90109-6,93a6c50654654ba04040a78f75243cecb2e1f41f,https://doi.org/10.1016/0013-4694(69)90109-6,JournalArticle,unknown,2,eeg; meg,
1969,Hypotensive brain stem necrosis. Selective symmetrical necrosis of tegmental neuronal aggregates following cardiac arrest.,Gilles Fh,Unknown venue,1969-07-01,43,"Cellular, Synaptic, and Neuromorphic Foundations",brain-structure,,0ee4d694f040540abc59664ae7fe2552c6523ee2,https://www.semanticscholar.org/paper/0ee4d694f040540abc59664ae7fe2552c6523ee2,paper,unknown,5,brain; neuron; brain/neural structure in title,
1969,Massive intracerebral bleeding due to supratentorial meningioma,"J. Gruszkiewicz, Y. Doron, B. Gellei, E. Peyser",Neurochirurgia,1969-05-01,43,General Brain-AI Structure Reviews and Methods,brain-structure,10.1055/S-0028-1095292,50ea3a569f95bed2fd4601b4d7c663caddde3321,https://doi.org/10.1055/S-0028-1095292,JournalArticle,unknown,2,brain; cerebral,
1969,Metastatic leiomyosarcoma in brain and heart,"M. Adachi, K. Wellmann, R. García",Journal of Pathology,1969-08-01,43,General Brain-AI Structure Reviews and Methods,brain-structure,10.1002/path.1710980411,6bedf70aaf81d07a226aa12d93218b06440d5121,https://doi.org/10.1002/path.1710980411,JournalArticle,unknown,4,brain; brain/neural structure in title,
1969,PRODUCTION OF ACETYLCHOLINE IN RAT BRAIN FOLLOWING THIAMINE DEPRIVATION AND TREATMENT WITH THIAMINE ANTAGONISTS 1 2,"D. Cheney, C. Gubler, A. Jaussi",Journal of Neurochemistry,1969-09-01,43,General Brain-AI Structure Reviews and Methods,brain-structure,10.1111/j.1471-4159.1969.tb05978.x,d1a90a239950ebf65bae87f15c767354cc702587,https://doi.org/10.1111/j.1471-4159.1969.tb05978.x,JournalArticle,unknown,4,brain; brain/neural structure in title,
1969,"Sodium plus Potassium-Activated, Ouabain-Inhibited AdenosineTriphosphatase from a Fraction of Rat Skeletal Muscle, and Lack of Insulin Effect on It","E. Rogus, T. Price, K. Zierler",The Journal of General Physiology,1969-08-01,43,General Brain-AI Structure Reviews and Methods,brain-structure,10.1085/jgp.54.2.188,ef41b0ed9cbe5edcd75bc373cd9268e1f7d3f7c1,https://doi.org/10.1085/jgp.54.2.188,JournalArticle,unknown,1,brain,"An ATPase, activated by Na+ plus K+ in the presence of Mg++ and inhibited by ouabain, has been obtained from rat skeletal muscle."
1969,The interaction between chlorpromazine free radical and microsomal sodium- and potassium-activated adenosine triphosphatase from rat brain.,"Tai Akera, Theodore M. Brody",Molecular Pharmacology,1969-11-01,43,General Brain-AI Structure Reviews and Methods,brain-structure,10.1016/s0026-895x(25)14879-7,55ab8a068aac984cb11174cf13bd222d5cde88e6,https://doi.org/10.1016/s0026-895x(25)14879-7,JournalArticle,unknown,4,brain; brain/neural structure in title,"The inhibitory effect of chlorpromazine free radical on (Na+ + K+)-ATPase [Mg2+-dependent, (Na+ + K+)-activated ATP phosphohydrolase] activity was studied by means of ultraviolet irradiation to generate the free radical, with a deoxycholate- and NaI-treated microsomal fraction obtained from rat brain as the enzyme source."
1969,UPTAKE OF CALCIUM BY SUBCELLULAR FRACTIONS ISOLATED FROM OUABAIN-TREATED CEREBRAL TISSUES,"W. L. Stahl, P. Swanson",Journal of Neurochemistry,1969-12-01,43,"Cellular, Synaptic, and Neuromorphic Foundations",brain-structure,10.1111/j.1471-4159.1969.tb10354.x,04afc90ee03a86d4abf8be92ff397a49ed663af0,https://doi.org/10.1111/j.1471-4159.1969.tb10354.x,JournalArticle,unknown,2,brain; cerebral,
1969,Uptake of γ-aminobutyric acid by mitochondrial and synaptosomal fractions from mouse brain,"K. Kuriyama, H. Weinstein, E. Roberts",Unknown venue,1969-12-01,43,General Brain-AI Structure Reviews and Methods,brain-structure,10.1016/0006-8993(69)90240-6,2d9177ee9d17885474536a0a8ced148c9e302d27,https://doi.org/10.1016/0006-8993(69)90240-6,paper,unknown,4,brain; brain/neural structure in title,
1969,Brain Tissue Damage in Hydrocephalus,"R. Weller, H. Wiśniewski, N. Ishii, K. Shulman, R. Terry",Developmental medicine and child neurology. Supplement,1969-12-01,42,General Brain-AI Structure Reviews and Methods,brain-structure,10.1111/j.1469-8749.1969.tb09237.x,c2cdd9713b5d8cf9eb349a3cfc0961c4612b1a6e,https://doi.org/10.1111/j.1469-8749.1969.tb09237.x,JournalArticle,unknown,4,brain; brain/neural structure in title,
1969,DEPRIVATION OF PARADOXICAL SLEEP AND BRAIN GLYCOGEN,"V. Karadžić, B. Mršulja",Journal of Neurochemistry,1969-01-01,42,General Brain-AI Structure Reviews and Methods,brain-structure,10.1111/j.1471-4159.1969.tb10340.x,ff3849bbd8e50ce06d369ff358d42f98d36c02db,https://doi.org/10.1111/j.1471-4159.1969.tb10340.x,JournalArticle,unknown,4,brain; brain/neural structure in title,
1969,Effects of an Imprinting Procedure on Regional Incorporation of Tritiated Lysine into Protein of Chick Brain,"Patrick Bateson, G. Horn, Steven P. R. Rose",Nature,1969-08-02,42,General Brain-AI Structure Reviews and Methods,brain-structure,10.1038/223534A0,c578e7d2118cc20f81105b05224db15cefa5b2ce,https://doi.org/10.1038/223534A0,JournalArticle,unknown,4,brain; brain/neural structure in title,
1969,Experimental performance of steel and platinum electrodes with chronic monophasic stimulation of the brain.,"M. Wetzel, L. G. Howell, K. J. Bearie",Journal of Neurosurgery,1969-12-01,42,General Brain-AI Structure Reviews and Methods,brain-structure,10.3171/JNS.1969.31.6.0658,5a782d9acdfcb72d2da7f26c91ab4f5a691d405d,https://doi.org/10.3171/JNS.1969.31.6.0658,JournalArticle,unknown,4,brain; brain/neural structure in title,
1969,Norepinephrine turnover and brain monoamine levels in aggressive mouse-killing rats.,"M. E. Goldberg, A. Salama",Biochemical Pharmacology,1969-02-01,42,General Brain-AI Structure Reviews and Methods,brain-structure,10.1016/0006-2952(69)90230-5,103bec9d5ef485fd9cfc277e42d1d872b2daf092,https://doi.org/10.1016/0006-2952(69)90230-5,JournalArticle,unknown,4,brain; brain/neural structure in title,
1969,The effects of air ions on brain levels of serotonin in mice,"A. P. Krueger, S. Kotaka",International journal of biometeorology,1969-06-01,42,General Brain-AI Structure Reviews and Methods,brain-structure,10.1007/BF02329576,ed577e531bb83788e8199cff7d5564ed8660af09,https://doi.org/10.1007/BF02329576,JournalArticle,unknown,4,brain; brain/neural structure in title,
1969,THE METABOLISM OF TRITIATED DOPAMINE IN REGIONS OF THE RAT BRAIN IN VIVO-II,"Taylor Km, R. Laverty",Journal of Neurochemistry,1969-09-01,42,General Brain-AI Structure Reviews and Methods,brain-structure,10.1111/j.1471-4159.1969.tb05988.x,50c0bdc007a5242f108475cbe5b98b9347842b55,https://doi.org/10.1111/j.1471-4159.1969.tb05988.x,JournalArticle,unknown,4,brain; brain/neural structure in title,
1969,Uptake of acetylcholine in rat brain cortex slices.,"C. Liang, J. H. Quastel",Biochemical Pharmacology,1969-05-01,42,General Brain-AI Structure Reviews and Methods,brain-structure,10.1016/0006-2952(69)90120-8,f141873ee16d8d021e68f120c5f7383f1a784882,https://doi.org/10.1016/0006-2952(69)90120-8,JournalArticle,unknown,5,brain; cortex; brain/neural structure in title,
1969,A FACTOR ANALYSIS OF BRAIN DAMAGE TESTS ADMINISTERED TO NORMAL SUBJECTS WITH FACTOR SCORE COMPARISONS ACROSS AGES.,"M. Aftanas, J. R. Royce",Multivariate Behavioral Research,1969-10-01,41,"Cognitive Architectures, Learning, and Systems Neuroscience",brain-structure,10.1207/s15327906mbr0404_3,30d05e6f2f8a4920ae4cef061baca86edb7a4f26,https://doi.org/10.1207/s15327906mbr0404_3,JournalArticle; Review,unknown,4,brain; brain/neural structure in title,
1969,ACTIVATORS and INHIBITORS OF BRAIN GLUTAMINASE,H. Weil-Malherbe,Journal of Neurochemistry,1969-06-01,41,General Brain-AI Structure Reviews and Methods,brain-structure,10.1111/j.1471-4159.1969.tb08973.x,e73f26858fe10967f4ee05f87b0f5366196b096e,https://doi.org/10.1111/j.1471-4159.1969.tb08973.x,JournalArticle,unknown,4,brain; brain/neural structure in title,
1969,Adenine nucleotides and magnesium ions in relation to control of mammalian cerebral-cortex hexokinase.,"H. Bachelard, P. Goldfarb",Biochemical Journal,1969-05-01,41,General Brain-AI Structure Reviews and Methods,brain-structure,10.1042/BJ1120579,0024c5c864ba70d392f6911e465bbaab9b92a4b8,https://doi.org/10.1042/BJ1120579,JournalArticle,unknown,6,brain; cerebral; cortex; brain/neural structure in title,
1969,Characteristics and lipid requirements of coagulant proteins extracted from lung and brain: the specifity of protein component of tissue factor.,Y. Nemerson,Journal of Clinical Investigation,1969-02-01,41,Clinical NeuroAI and Brain Disorders,brain-structure;clinical-neuroai,10.1172/JCI105988,138f5e4c106170c20a24f4d7af3a7ce2646bc373,https://doi.org/10.1172/JCI105988,JournalArticle,unknown,4,brain; brain/neural structure in title,
1969,COMPARISON OF CEREBRAL REGIONAL METABOLISM OF [14C]LEUCINE FOLLOWING THIRD VENTRICLE AND INTRAVENOUS ADMINISTRATION IN THE CAT,"S. Berl, T. L. Frigyesi",Journal of Neurochemistry,1969-03-01,41,General Brain-AI Structure Reviews and Methods,brain-structure,10.1111/j.1471-4159.1969.tb10381.x,b00d4ab62cd802e6d53ab010ed2ca51d5fa2d043,https://doi.org/10.1111/j.1471-4159.1969.tb10381.x,JournalArticle,unknown,2,brain; cerebral,
1969,EFFECT OF γ-AMINOBUTYRIC ACID ON BRAIN SEROTONIN AND CATECHOLAMINES,"N. Yessaian, A. R. Armenian, H. Buniatian",Unknown venue,1969-10-01,41,General Brain-AI Structure Reviews and Methods,brain-structure,10.1111/j.1471-4159.1969.tb09894.x,68045fede3642914757bc54c2e25981155b9208c,https://doi.org/10.1111/j.1471-4159.1969.tb09894.x,paper,unknown,4,brain; brain/neural structure in title,
1969,Fatty Acid Synthesis in the Developing Brain,"E. Aeberhard, J. Grippo, J. Menkes",Pediatric Research,1969-11-01,41,General Brain-AI Structure Reviews and Methods,brain-structure,10.1203/00006450-196911000-00009,cc4b45737fb3ce13b888deb96dfea2ead3859ffd,https://doi.org/10.1203/00006450-196911000-00009,JournalArticle,unknown,4,brain; brain/neural structure in title,
1969,Fetal brain-maternal aorta temperature differences in sheep.,"R. Abrams, D. Caton, L. Curet, C. Crenshaw, L. Mann, D. H. Barron",American Journal of Physiology,1969-12-01,41,General Brain-AI Structure Reviews and Methods,brain-structure,10.1152/AJPLEGACY.1969.217.6.1619,286ddadec3bf5cd5fcf65797289060839c5bf03b,https://doi.org/10.1152/AJPLEGACY.1969.217.6.1619,JournalArticle,unknown,4,brain; brain/neural structure in title,
1969,Incorporation of [1-14C]acetate into the fatty acids of the developing rat brain,"G. A. Dhopeshwarkar, R. Maier, J. Mead",Unknown venue,1969-07-29,41,General Brain-AI Structure Reviews and Methods,brain-structure,10.1016/0005-2760(69)90126-X,3a81e4640ff0d2aabe363b242821bc7f68da2f14,https://doi.org/10.1016/0005-2760(69)90126-X,paper,unknown,4,brain; brain/neural structure in title,
1969,Mechanism of changes in brain norepinephrine levels following olfactory bulb lesions.,"L. Pohorecky, Frances Larin, Richard J. Wurtman",Life Science,1969-12-01,41,General Brain-AI Structure Reviews and Methods,brain-structure,10.1016/0024-3205(69)90035-6,c574eb5e78dd6542b8f5af947899d310a53d5916,https://doi.org/10.1016/0024-3205(69)90035-6,JournalArticle,unknown,4,brain; brain/neural structure in title,
1969,Neural control of feeding behavior in the pigeon,"H. Zeigler, H. Green, Harvey J. Karten",Unknown venue,1969-09-01,41,"Cognitive Architectures, Learning, and Systems Neuroscience",,10.3758/BF03336255,e72cbebdfa2111374b6d50f28838a09d41f11746,https://doi.org/10.3758/BF03336255,paper,unknown,4,neural; brain/neural structure in title,
1969,Positional distribution of fatty acids in brain polyphosphoinositides.,William Forde Thompson,Biochimica et Biophysica Acta,1969-07-29,41,General Brain-AI Structure Reviews and Methods,brain-structure,10.1016/0005-2760(69)90143-X,ac38056725eb6676a885fbf84e6f17c83d8634e5,https://doi.org/10.1016/0005-2760(69)90143-X,JournalArticle,unknown,4,brain; brain/neural structure in title,
1969,RESPONSES EVOKED IN THE CEREBELLAR CORTEX BY THE PONTINE STIMULATION,"K. Sasaki, S. Kawaguchi, T. Shimono, Y. Yoneda",Unknown venue,1969-02-15,41,General Brain-AI Structure Reviews and Methods,brain-structure,10.2170/JJPHYSIOL.19.95,bef7d18171eee09a18d6d4c820f85a63de449b71,https://doi.org/10.2170/JJPHYSIOL.19.95,paper,unknown,5,brain; cortex; brain/neural structure in title,
1969,Studies of the microsomal acylation of L-glycerol-3-phosphate. I. The specificity of the rat brain enzyme.,"E.Sánchez De Jiménez, W. Cleland",Biochimica et Biophysica Acta,1969-06-10,41,General Brain-AI Structure Reviews and Methods,brain-structure,10.1016/0005-2760(69)90248-3,2dd9e7fcf916583a1faaee9ce5e1700929b1f4c2,https://doi.org/10.1016/0005-2760(69)90248-3,JournalArticle,unknown,4,brain; brain/neural structure in title,
1969,Verbal and Performance Differences among Brain-Injured Children with Lateralized Motor Deficits,"John Calvin Reed, R. Reitan",Perceptual and Motor Skills,1969-12-01,41,General Brain-AI Structure Reviews and Methods,brain-structure,10.2466/pms.1969.29.3.747,20fbd882063b0fc01cb899feafbd647278a99d22,https://doi.org/10.2466/pms.1969.29.3.747,JournalArticle,unknown,8,brain; brain/neural structure in title; historical computation/learning bridge,Children diagnosed as infantile hemiplegias were classified into groups by side of motor deficit.
1969,Atlas of the Frog's Brain.,R. L. Holmes,Unknown venue,1969-11-01,40,General Brain-AI Structure Reviews and Methods,brain-structure,,95cde44a969c4db92b0feb33cfb291a234e92404,https://www.semanticscholar.org/paper/95cde44a969c4db92b0feb33cfb291a234e92404,paper,unknown,4,brain; brain/neural structure in title,
1969,Effect of amphetamine and amphetamine-like drugs on homovanillic acid concentration in the brain,"A. Jori, D. Bernardi",The Journal of pharmacy and pharmacology,1969-10-01,40,General Brain-AI Structure Reviews and Methods,brain-structure,10.1111/j.2042-7158.1969.tb08150.x,96a616bd5389aa89fda98f2007bde93816b2ac5c,https://doi.org/10.1111/j.2042-7158.1969.tb08150.x,JournalArticle,unknown,4,brain; brain/neural structure in title,
1969,Evolution of the Brain,J. Eccles,Unknown venue,1969,40,General Brain-AI Structure Reviews and Methods,brain-structure,,9d398fda97709bcbd6c7abcf67d8dcfed4b668ad,https://www.semanticscholar.org/paper/9d398fda97709bcbd6c7abcf67d8dcfed4b668ad,paper,unknown,4,brain; brain/neural structure in title,
1969,Localization in caudal brain stem and cervical spinal cord of neurones activated from forelimb group I afferents in the cat.,I. Rosén,Brain Research,1969,40,"Cellular, Synaptic, and Neuromorphic Foundations",brain-structure,,dbeee38d2ab73d1d2def5b56741b4cee5f3876ec,https://www.semanticscholar.org/paper/dbeee38d2ab73d1d2def5b56741b4cee5f3876ec,JournalArticle,unknown,5,brain; neuron; brain/neural structure in title,
1969,PRESIDENTIAL ADDRESS MESENCHYMAL TISSUES OF THE NERVOUS SYSTEM: THE INDIGENOUS ORIGIN OF BRAIN MACROPHAGES IN HYPOXIC STATES AND IN MULTIPLE SCLEROSIS,I. Feigin,Journal of Neuropathology and Experimental Neurology,1969-01-01,40,General Brain-AI Structure Reviews and Methods,brain-structure,10.1097/00005072-196901000-00002,2f3c8cc52c67fe70ba732fe79f66dc551502e87e,https://doi.org/10.1097/00005072-196901000-00002,Review; JournalArticle,unknown,4,brain; brain/neural structure in title,
1969,Thallium activation of K+-activated phosphatases from beef brain.,C. Inturrisi,Biochimica et Biophysica Acta,1969-04-15,40,General Brain-AI Structure Reviews and Methods,brain-structure,10.1016/0005-2736(69)90022-4,41e507291256c5e2d4c6fa7d9b21ffae3754adad,https://doi.org/10.1016/0005-2736(69)90022-4,JournalArticle,unknown,4,brain; brain/neural structure in title,
1969,VITAMIN B6 AND BRAIN FUNCTION IN ANIMALS AND MAN,D. Coursin,Annals of the New York Academy of Sciences,1969-09-01,40,General Brain-AI Structure Reviews and Methods,brain-structure,10.1111/j.1749-6632.1969.tb54251.x,5d878de096fdee668dd149f4d3aa549b9e0e206c,https://doi.org/10.1111/j.1749-6632.1969.tb54251.x,JournalArticle; Review,unknown,4,brain; brain/neural structure in title,
1969,Brain pathology following fetal vascular occlusion: an experimental study.,R. E. Myers,Investigative Ophthalmology,1969-02-01,39,General Brain-AI Structure Reviews and Methods,brain-structure,,d4a42b1beb49680e6a6bd12ff1dc9ee80f6710f5,https://www.semanticscholar.org/paper/d4a42b1beb49680e6a6bd12ff1dc9ee80f6710f5,JournalArticle,unknown,4,brain; brain/neural structure in title,
1969,Distribution of vascular lesions caused by cerebral ischemia Relation to survival,"R. Cantu, A. Ames",Neurology,1969-02-01,39,General Brain-AI Structure Reviews and Methods,brain-structure,10.1212/WNL.19.2.128,525bc28f6e2cf076f0eb0f319cfeda07fbec8f39,https://doi.org/10.1212/WNL.19.2.128,JournalArticle,unknown,1,cerebral,
1969,FOCAL MYOCYTOLYSIS AND FUCHSINOPHILIC DEGENERATION OF THE MYOCARDIUM OF PATIENTS DYING WITH VARIOUS BRAIN LESIONS,R. Connor,Annals of the New York Academy of Sciences,1969-01-01,39,Clinical NeuroAI and Brain Disorders,brain-structure;clinical-neuroai,10.1111/j.1749-6632.1969.tb16732.x,1b8443c0944c729e368602beefc54536d9a718ac,https://doi.org/10.1111/j.1749-6632.1969.tb16732.x,JournalArticle,unknown,4,brain; brain/neural structure in title,
1969,INHIBITION OF DOPAMINE β-HYDROXYLASE BY AROMATIC AND ALKYL THIOUREAS,"G. Johnson, S. J. Boukma, E. G. Kim",Journal of Pharmacology and Experimental Therapeutics,1969-08-01,39,General Brain-AI Structure Reviews and Methods,brain-structure;neuroimaging,10.1016/s0022-3565(25)28324-0,154715eb43d9755aaae1656bd6b3880dbf46d6fe,https://doi.org/10.1016/s0022-3565(25)28324-0,JournalArticle,unknown,1,brain,Severall aromatic and alkyl thioureas were effective inhibitors of a purified bovine adrenal dopamine β-hydroxylase preparation.
1969,ISOLATION AND DETERMINATION OF NON-DIFFUSIBLE SIALOFUCOHEXOSAMINOGLYCANS DERIVED FROM BRAIN GLYCOPROTEINS AND THEIR ANATOMICAL DISTRIBUTION IN BOVINE BRAIN,"E. Brunngraber, B. Brown, V. Aguilar",Journal of Neurochemistry,1969-07-01,39,General Brain-AI Structure Reviews and Methods,brain-structure,10.1111/J.1471-4159.1969.TB05950.X,441db30623df834a47f1d04406767038a56614fd,https://doi.org/10.1111/J.1471-4159.1969.TB05950.X,JournalArticle,unknown,4,brain; brain/neural structure in title,
1969,Projections from the medial geniculate body to the cerebral cortex in the cat.,"M. E. Wilson, B. Cragg, A. Ainsworth, M. Toyne",Brain Research,1969-05-01,39,General Brain-AI Structure Reviews and Methods,brain-structure,10.1016/0006-8993(69)90260-1,72cded783fede61c3a47b7e02848c5e9980f98e4,https://doi.org/10.1016/0006-8993(69)90260-1,JournalArticle,unknown,6,brain; cerebral; cortex; brain/neural structure in title,
1969,Slow potential changes in cat brain during classical appetitive and aversive conditioning of jaw movement.,"C. Rebert, D. Irwin",Electroencephalography and Clinical Neurophysiology,1969-08-01,39,"Connectomics, Graph Models, and Brain Networks",brain-structure;connectome;neuroimaging;neural-signals;clinical-neuroai,10.1016/0013-4694(69)90168-0,f7d063a8554aa79ccaf2b93d91a8a5b372f32376,https://doi.org/10.1016/0013-4694(69)90168-0,JournalArticle,unknown,4,brain; brain/neural structure in title,
1969,THE EFFECTS OF OXYGEN DEPRIVATION ON ELECTRICALLY STIMULATED CEREBRAL CORTEX SLICES,P. Swanson,Journal of Neurochemistry,1969-01-01,39,General Brain-AI Structure Reviews and Methods,brain-structure,10.1111/j.1471-4159.1969.tb10341.x,1d43d9c027723fd620aa69c2392e7ee8e9afb5d1,https://doi.org/10.1111/j.1471-4159.1969.tb10341.x,JournalArticle,unknown,6,brain; cerebral; cortex; brain/neural structure in title,
1969,Alteration in microsomal protein synthesis during early development of mouse brain.,"T. Johnson, G. Belytschko",Proceedings of the National Academy of Sciences of the United States of America,1969-03-01,38,General Brain-AI Structure Reviews and Methods,brain-structure,10.1073/PNAS.62.3.844,5b6d4856abb59aec7fde016e56c36d062771b2db,https://doi.org/10.1073/PNAS.62.3.844,JournalArticle,unknown,4,brain; brain/neural structure in title,
1969,Behavioral and affective responses to brain stimulation in man.,"Ervin Fr, Mark Vh, J. Stevens",Proceedings of the annual meeting of the American Psychopathological Association,1969,38,"Cognitive Architectures, Learning, and Systems Neuroscience",brain-structure,10.1016/s0010-440x(67)80041-5,6fec3a0f6eabdadfb3e9361216c9a3f6f97df327,https://doi.org/10.1016/s0010-440x(67)80041-5,JournalArticle,unknown,4,brain; brain/neural structure in title,
1969,Distribution of acid mucopolysaccharides in subcellular fractions of mouse brain.,"J. Vos, K. Kuriyama, E. Roberts",Brain Research,1969,38,"Cellular, Synaptic, and Neuromorphic Foundations",brain-structure,10.1016/0006-8993(69)90064-X,f9ebd6e9793b288cb82ef8bfaa94f0a67dc43a16,https://doi.org/10.1016/0006-8993(69)90064-X,JournalArticle,unknown,4,brain; brain/neural structure in title,
1969,Light and electron microscopical study of the relationships between the cerebellum and the vestibular organ of the frog,D. Hillman,Experimental Brain Research,1969-08-19,38,General Brain-AI Structure Reviews and Methods,brain-structure,10.1007/BF00235448,1811461c6eca2a864c21664657f141cc3ce63af4,https://doi.org/10.1007/BF00235448,JournalArticle,unknown,2,brain; cerebellum,
1969,Measurement of Cerebral Hemispheric Blood Flow by Intracarotid Injection of Hydrogen Gas: VALIDATION OF THE METHOD IN THE MONKEY,"Y. Shinohara, J. Meyer, A. Kitamura, M. Toyoda, Tisuke Ryu",Circulation Research,1969-12-01,38,General Brain-AI Structure Reviews and Methods,brain-structure,10.1161/01.RES.25.6.735,dcf483438771f68a08519722e59eab2cd83a26c5,https://doi.org/10.1161/01.RES.25.6.735,JournalArticle,unknown,2,brain; cerebral,
1969,Studies on the characterization of the sodium-potassium transport adenosinetriphosphatase. V. Partial purification of the lubrol-solubilized beef brain enzyme.,"A. Kahlenberg, N. C. Dulak, J. F. Dixon, P. R. Galsworthy, L. Hokin",Archives of Biochemistry and Biophysics,1969-04-01,38,General Brain-AI Structure Reviews and Methods,brain-structure,10.1016/0003-9861(69)90129-5,7148f1e1f0cb3482dda7b01a786fe9c7e406bd4f,https://doi.org/10.1016/0003-9861(69)90129-5,JournalArticle,unknown,4,brain; brain/neural structure in title,
1969,"""Radioisotope arteriography"" as an adjunct to the brain scan.","Maynard Cd, R. Witcofski, Richard Janeway, Robert J. Cowan",Radiology,1969-03-01,37,"Connectomics, Graph Models, and Brain Networks",brain-structure;connectome,10.1148/92.4.908,eb36ce6e8549e1fd1a629a33b7a2f71d96bc7eb2,https://doi.org/10.1148/92.4.908,JournalArticle,unknown,4,brain; brain/neural structure in title,
1969,A study of pyramidal cell axon collaterals in intact and partially isolated adult cerebral cortex.,"Lester T. Rutledge, Joyce A. Duncan, Nell Beatty",Brain Research,1969-11-01,37,"Cellular, Synaptic, and Neuromorphic Foundations",brain-structure,10.1016/0006-8993(69)90082-1,f29ab90475a11efd9907d9ef15589f52ed2b0cb8,https://doi.org/10.1016/0006-8993(69)90082-1,JournalArticle,unknown,6,brain; cerebral; cortex; brain/neural structure in title,
1969,Amyloid in late postirradiation necrosis of brain,"T. Mandybur, I. Gore",Neurology,1969-10-01,37,General Brain-AI Structure Reviews and Methods,brain-structure,10.1212/WNL.19.10.983,c58416b828e1ea2658953a3d764879a1ccaba605,https://doi.org/10.1212/WNL.19.10.983,JournalArticle,unknown,4,brain; brain/neural structure in title,
1969,"Effects of anxiety-relieving drugs on unit discharges in hippocampus, reticular midbrain, and pre-optic area in the freely moving rat.","M. Olds, James L Olds",International Journal of Neuropharmacology,1969-03-01,37,Clinical NeuroAI and Brain Disorders,brain-structure;clinical-neuroai,10.1016/0028-3908(69)90003-3,8b65e6fc3d06a46f1674a085f407ca6d3d30c784,https://doi.org/10.1016/0028-3908(69)90003-3,JournalArticle,unknown,6,brain; hippocampus; neuron; brain/neural structure in title,"Summary-The effects on unit discharges of various doses of the compounds chlordiazepoxide, meprobamate, sodium pentobarbital, and diazepam were studied in the unanesthetized, unrestrained rat."
1969,"Effects of glycine, beta-alanine and GABA, and their interaction with strychnine, on brain stem neurones.","L. Hösli, A. Tebēcis, N. Filias",Brain Research,1969-11-01,37,"Cellular, Synaptic, and Neuromorphic Foundations",brain-structure,10.1016/0006-8993(69)90106-1,dcd1a5beab54af86ae5a4869c717ff9a74a348b9,https://doi.org/10.1016/0006-8993(69)90106-1,JournalArticle,unknown,5,brain; neuron; brain/neural structure in title,
1969,INHIBITION BY γ-HEXACHLOROCYCLOHEXANE OF ACETYLCHOLINE-STIMULATED PHOSPHATIDYLINOSITOL SYNTHESIS IN CEREBRAL CORTEX SLICES AND OF PHOSPHATIDIC ACID-INOSITOL TRANSFERASE IN CEREBRAL CORTEX PARTICULATE FRACTIONS 1,"M. R. Hokin, Donna Brown",Unknown venue,1969-04-01,37,General Brain-AI Structure Reviews and Methods,brain-structure,10.1111/j.1471-4159.1969.tb06846.x,752441131aa4ba7d269f9185fa304d485c53ae11,https://doi.org/10.1111/j.1471-4159.1969.tb06846.x,paper,unknown,6,brain; cerebral; cortex; brain/neural structure in title,
1969,Preparation and some properties of L-3-glycerophosphate dehydrogenase from pig brain mitochondria.,"A. Dawson, C. Thorne",Biochemical Journal,1969,37,General Brain-AI Structure Reviews and Methods,brain-structure,10.1042/BJ1110027,98a0dc8be71862ba094c5fee9ef8fd7ee83caf4a,https://doi.org/10.1042/BJ1110027,JournalArticle,unknown,4,brain; brain/neural structure in title,
1969,Primary malignant reticulosis of the brain in Wiskott-Aldrich syndrome. Report of a case.,"M. Brand, V. Marinkovich",Archives of Disease in Childhood,1969-08-01,37,General Brain-AI Structure Reviews and Methods,brain-structure,10.1136/adc.44.236.536,0b688b417ed2c22e5d25283aea34d8cd517bebf5,https://doi.org/10.1136/adc.44.236.536,JournalArticle,unknown,4,brain; brain/neural structure in title,
1969,PROTEIN SYNTHESIS IN ISOLATED NUCLEI FROM ADULT RAT BRAIN,"J. Burdman, L. Journey",Journal of Neurochemistry,1969-04-01,37,General Brain-AI Structure Reviews and Methods,brain-structure,10.1111/j.1471-4159.1969.tb06848.x,627f260015fede00790d686451cc16e606af9e2a,https://doi.org/10.1111/j.1471-4159.1969.tb06848.x,JournalArticle,unknown,4,brain; brain/neural structure in title,
1969,Sarcomas of the brain.,"S. Sriramachari, S. Das",Neurology India,1969-12-01,37,General Brain-AI Structure Reviews and Methods,brain-structure,,5e590a1dcf25a46a07810781fa0fdd8192c551fb,https://www.semanticscholar.org/paper/5e590a1dcf25a46a07810781fa0fdd8192c551fb,JournalArticle,unknown,4,brain; brain/neural structure in title,
1969,Serial brain scanning with technetium 99m pertechnetate in cerebral infarction.,"M. Usher, J. Quinn","The American journal of roentgenology, radium therapy, and nuclear medicine",1969,37,General Brain-AI Structure Reviews and Methods,brain-structure,10.2214/AJR.105.4.728,4337a7feeecb4987ca5d1c83c7da51ef01c0f9a4,https://doi.org/10.2214/AJR.105.4.728,JournalArticle; Review,unknown,5,brain; cerebral; brain/neural structure in title,
1969,The effects of radical disconnexion of occipital and temporal cortex on visual behaviour of monkeys.,"K. Pribram, Donatella Spinelli, Sandra L. Reitz",Brain : a journal of neurology,1969-03-01,37,General Brain-AI Structure Reviews and Methods,brain-structure,10.1093/BRAIN/92.2.301,c7739977fc6114d39584d4a8cae28507964b7946,https://doi.org/10.1093/BRAIN/92.2.301,JournalArticle,unknown,4,cortex; brain/neural structure in title,
1969,Ammonia metabolism in the brain,A. M. Benjamin,Unknown venue,1969,36,General Brain-AI Structure Reviews and Methods,brain-structure,10.14288/1.0103977,9e0c6bdf626a844060ccf0212fa1dca188f65fc8,https://doi.org/10.14288/1.0103977,paper,unknown,4,brain; brain/neural structure in title,
1969,Calcium accumulation by isolated nerve ending particles from brain. I. The site of energy-dependent accumulation.,"W. Lust, J. D. Robinson",Journal of Neurobiology,1969,36,General Brain-AI Structure Reviews and Methods,brain-structure,10.1002/NEU.480010306,07830a9e787f1673984c5b206912513bb4b30e10,https://doi.org/10.1002/NEU.480010306,JournalArticle,unknown,4,brain; brain/neural structure in title,
1969,Cross-cuing mechanisms and ipsilateral eye-hand control in split-brain monkeys.,M. Gazzaniga,Experimental Neurology,1969,36,General Brain-AI Structure Reviews and Methods,brain-structure,10.1016/0014-4886(69)90029-6,50c1c4e608c3d358e434dcc6095cbeb701fcfbe8,https://doi.org/10.1016/0014-4886(69)90029-6,JournalArticle,unknown,4,brain; brain/neural structure in title,
1969,Diffuse necrosis of subcortical white matter associated with bacterial meningitis,"G. Buchan, E. Alvord",Neurology,1969-01-01,36,General Brain-AI Structure Reviews and Methods,brain-structure,10.1212/WNL.19.1.1,4e3cefa8a9a2ff5ef9e6b37bb242774d8d9bae5c,https://doi.org/10.1212/WNL.19.1.1,JournalArticle,unknown,1,cortical,
1969,METABOLISM OF THE ETHANOLAMINE PHOSPHOGLYCERIDES OF MOUSE BRAIN MYELIN AND MICROSOMES 1,L. Horrocks,Journal of Neurochemistry,1969-01-01,36,General Brain-AI Structure Reviews and Methods,brain-structure,10.1111/j.1471-4159.1969.tb10338.x,ebf905ef48fff81114580dc2b76e5c3170df142a,https://doi.org/10.1111/j.1471-4159.1969.tb10338.x,JournalArticle,unknown,4,brain; brain/neural structure in title,
1969,"Sensitivity and specificity of positive reinforcing areas to neurosedatives, antidepressants and stimulants.","P. Stark, J. Turk, C. E. Redman, J. Henderson",Journal of Pharmacology and Experimental Therapeutics,1969-03-01,36,General Brain-AI Structure Reviews and Methods,brain-structure;neuromorphic-bci,10.1016/s0022-3565(25)28217-9,c56ab3bcccc56175d2617ef22b162fd8330bc2c8,https://doi.org/10.1016/s0022-3565(25)28217-9,JournalArticle,unknown,15,brain; thalamus; hypothalamus; bci; explicit brain-structure/AI bridge,"Groups of rats with chronically implanted electrodes in the septum, in the junctional nuclei between the anterior and posterior hypothalamus (anteromiddle), in the posterior hypothalamus and in the midbrain tegmentum were trained to self-stimulate."
1969,SPECTROFLUORIMETRIC ASSAY OF VITAMIN B6 ANALOGUES IN BRAIN TISSUE,"Y. Loo, L. Badger",Journal of Neurochemistry,1969-05-01,36,General Brain-AI Structure Reviews and Methods,brain-structure,10.1111/j.1471-4159.1969.tb06460.x,1626e70d59efc6620ed9e71a65812c378644b5b3,https://doi.org/10.1111/j.1471-4159.1969.tb06460.x,JournalArticle,unknown,4,brain; brain/neural structure in title,
1969,Temporary experimental intracranial vascular occlusion. Effect of massive doses of heparin on brain survival.,"D. Smith, T. Ducker, L. Kempe",Journal of Neurosurgery,1969-05-01,36,General Brain-AI Structure Reviews and Methods,brain-structure,10.3171/JNS.1969.30.5.0537,b870253169c86653562230045426e334d9aeb327,https://doi.org/10.3171/JNS.1969.30.5.0537,JournalArticle,unknown,4,brain; brain/neural structure in title,
1969,The effect of glucocorticosteroids on growth and metabolism of experimental glial tumors.,"R. Wright, B. Shaumba, J. Keller",Journal of Neurosurgery,1969-02-01,36,Clinical NeuroAI and Brain Disorders,,10.3171/JNS.1969.30.2.0140,c52a1f422ebf075c48b9f51b0ec1a1daa64504b3,https://doi.org/10.3171/JNS.1969.30.2.0140,JournalArticle,unknown,0,Semantic Scholar brain-AI query,
1969,The site of synaptic activity and impulse initiation in an identified motoneurone in the crab brain.,D. Sandeman,Journal of Experimental Biology,1969-06-01,36,"Cellular, Synaptic, and Neuromorphic Foundations",brain-structure,,2c06d3204c1844b54f249e85d63a095e917a4eb4,https://www.semanticscholar.org/paper/2c06d3204c1844b54f249e85d63a095e917a4eb4,JournalArticle,unknown,5,brain; neuron; brain/neural structure in title,
1969,Turnover rate measurements of brain serotonin in unanesthetized rats.,"N. Neff, R. C. Lin, S. Ngai, E. Costa",Advances in biochemical psychopharmacology,1969,36,General Brain-AI Structure Reviews and Methods,brain-structure,,2a3223b337c9c10048b210c3a1602b66dc7980a0,https://www.semanticscholar.org/paper/2a3223b337c9c10048b210c3a1602b66dc7980a0,Review; JournalArticle,unknown,4,brain; brain/neural structure in title,
1969,Amphetamine toxicity and brain monoamines in three models of stress.,"M. E. Goldberg, A. Salama",Toxicology and Applied Pharmacology,1969-05-01,35,Computational Neuroscience and Brain-Inspired AI,brain-structure,10.1016/0041-008X(69)90006-4,033daf1b6b199ac3762e127dae82edd928970951,https://doi.org/10.1016/0041-008X(69)90006-4,JournalArticle,unknown,16,brain; computational neuroscience; brain/neural structure in title; explicit brain-structure/AI bridge,
1969,Biosynthesis of lactosylceramide and triglycosylceramide by galactosyltransferases from rat spleen.,"J. Hildebrand, G. Hauser",Journal of Biological Chemistry,1969-10-10,35,"Connectomics, Graph Models, and Brain Networks",brain-structure;connectome,10.1016/s0021-9258(18)63642-7,75221a1069d9e4d6ed00069c4c015ed79a37184a,https://doi.org/10.1016/s0021-9258(18)63642-7,JournalArticle,unknown,1,brain,"Abstract The transfer of galactose from labeled uridine diphosphogalactose to glucosylceramide and to galactosyl-glucosylceramide (lactosylceramide) was shown to occur in incubations with rat spleen, brain, kidney, liver, and bone marrow preparations."
1969,Brain monoamines and adrenocortical activation,"A. Schaepdryver, P. Preziosi, U. Scapagnini",British Journal of Pharmacology,1969-03-01,35,General Brain-AI Structure Reviews and Methods,brain-structure,10.1111/j.1476-5381.1969.tb08287.x,25fd816f62cbd0d70b0ab594dd9ca25ed61854b8,https://doi.org/10.1111/j.1476-5381.1969.tb08287.x,JournalArticle,unknown,5,brain; cortical; brain/neural structure in title,
1969,Changes in brain lactate during induced cerebral seizures.,"H. Beresford, J. Posner, F. Plum",Archives of Neurology,1969-03-01,35,General Brain-AI Structure Reviews and Methods,brain-structure,10.1001/ARCHNEUR.1969.00480090031003,dd9a421e1aa55054b4bf2455e4fd12cab2005852,https://doi.org/10.1001/ARCHNEUR.1969.00480090031003,JournalArticle,unknown,5,brain; cerebral; brain/neural structure in title,
1969,Effect of learning and of drugs on the ribonucleic acid concentration of brain structures of the rat.,"A. G. Nasello, I. Izquierdo",Experimental Neurology,1969-04-01,35,"Cognitive Architectures, Learning, and Systems Neuroscience",brain-structure,10.1016/0014-4886(69)90121-6,c80ccd7248354ced0f78c471e7c37eb0e8acb631,https://doi.org/10.1016/0014-4886(69)90121-6,JournalArticle,unknown,8,brain; brain/neural structure in title; historical computation/learning bridge,
1969,Hemodynamical studies of cerebral arteries by means of mathematical analysis of arterial casts.,H. Fukasawa,Tohoku journal of experimental medicine,1969-11-01,35,General Brain-AI Structure Reviews and Methods,brain-structure,10.1620/TJEM.99.255,607e24f58394a41ce09b90bfc16a0a354c869fa1,https://doi.org/10.1620/TJEM.99.255,JournalArticle,unknown,2,brain; cerebral,
1969,Modification by desipramine (DMI) of the availability of norepinephrine released by reserpine in the hypothalamus of the rat in vivo.,"F. Sulser, M. L. Owens, S. Strada, J. V. Dingell",Journal of Pharmacology and Experimental Therapeutics,1969-08-01,35,"Cellular, Synaptic, and Neuromorphic Foundations",brain-structure,10.1016/s0022-3565(25)28331-8,6c8db7bef8358f7260eb110be72697fa4cd17e5a,https://doi.org/10.1016/s0022-3565(25)28331-8,JournalArticle,unknown,4,brain; thalamus; hypothalamus; neuron,The present investigations were undertaken to determine whether experiments with a push-pull cannula in vivo can furnish information concerning drug-induced changes in the availability of adrenergic neurohumors at central adrenergic effector sites and also to determine whether desipramine (DMI) can alter the metabolic fate of catecholamines released by reserpine from intraneuronal storage sites in the brain.
1969,Sources of error in the use of fish-brain acetylcholestrinase activity as a monitor for pollution,"J. Gibson, J. Ludke, Denzel E. Ferguson",Bulletin of Environmental Contamination and Toxicology,1969,35,General Brain-AI Structure Reviews and Methods,brain-structure,10.1007/BF01579152,3973543794a6a3632ec26f6a96755dd9b450cc71,https://doi.org/10.1007/BF01579152,JournalArticle,unknown,4,brain; brain/neural structure in title,
1969,THE PRIMATE FRONTAL CORTEX,K. Pribram,Unknown venue,1969-06-01,35,General Brain-AI Structure Reviews and Methods,brain-structure,10.1016/0028-3932(69)90006-2,a54d320d3ff7f1a5edd0fd52621fd6ac80c28f2c,https://doi.org/10.1016/0028-3932(69)90006-2,paper,unknown,5,brain; cortex; brain/neural structure in title,
1969,A specific and sensitive assay for aminoguanidine: its application to a study of the disposition of aminoguanidine in animal tissues.,"M. Beaven, J. W. Gordon, S. Jacobsen, W. Severs",Journal of Pharmacology and Experimental Therapeutics,1969-01-01,34,"Connectomics, Graph Models, and Brain Networks",brain-structure;connectome,10.1016/s0022-3565(25)28155-1,f6ad34b07c8959a1a8d06c414d92a787af77ec31,https://doi.org/10.1016/s0022-3565(25)28155-1,JournalArticle,unknown,1,brain,A colorimetric assay for aminoguanidine is described.
1969,BIOCHEMICAL EFFECTS OF AN ORGANOPHOSPHORUS CHOLINESTERASE INHIBITOR ON THE RAT BRAIN *,"W. B. Stavinoha, L. C. Ryan, P. W. Smith",Annals of the New York Academy of Sciences,1969-06-01,34,General Brain-AI Structure Reviews and Methods,brain-structure,10.1111/j.1749-6632.1969.tb15859.x,626f686ba3148e23e4299f41f32e3c7dead16afe,https://doi.org/10.1111/j.1749-6632.1969.tb15859.x,JournalArticle,unknown,4,brain; brain/neural structure in title,
1969,"Effects of eye movement, brain-stem stimulation, and alertness on transmission through lateral geniculate body of monkey.","B. Cohen, M. Feldman, S. Diamond",Journal of Neurophysiology,1969-07-01,34,General Brain-AI Structure Reviews and Methods,brain-structure,10.1152/JN.1969.32.4.583,fe187a24e32a73a2dc034fa6ea798022c1d960d4,https://doi.org/10.1152/JN.1969.32.4.583,JournalArticle,unknown,4,brain; brain/neural structure in title,
1969,ELECTROPHORETIC ANALYSIS OF THE HIGHLY BASIC PROTEINS OF THE RAT BRAIN FRACTION WHICH INDUCES EXPERIMENTAL ALLERGIC ENCEPHALOMYELITIS,"R. Martenson, M. Gaitonde",Journal of Neurochemistry,1969-03-01,34,General Brain-AI Structure Reviews and Methods,brain-structure,10.1111/j.1471-4159.1969.tb10372.x,d06935cea74d7bb652ee28362df9606c418e0434,https://doi.org/10.1111/j.1471-4159.1969.tb10372.x,JournalArticle,unknown,4,brain; brain/neural structure in title,
1969,Epinephrine formation and metabolism in mammalian brain.,"J. Barchas, R. Ciaranello, A. Steinman",Biological Psychiatry,1969,34,General Brain-AI Structure Reviews and Methods,brain-structure,,d3403899fb494d6287d1893bbee7b0aaaf9b86a0,https://www.semanticscholar.org/paper/d3403899fb494d6287d1893bbee7b0aaaf9b86a0,JournalArticle,unknown,4,brain; brain/neural structure in title,
1969,Glycine:2-oxoglutarate transaminase in rat cerebral cortex.,"G. Johnston, M. Vitali",Brain Research,1969-09-01,34,General Brain-AI Structure Reviews and Methods,brain-structure,10.1016/0006-8993(69)90319-9,aca3ab1fbabda7f67b7b0a770c7c2c72dc23553f,https://doi.org/10.1016/0006-8993(69)90319-9,JournalArticle,unknown,6,brain; cerebral; cortex; brain/neural structure in title,
1969,In vitro and in vivo properties of antimacrophage sera.,"Martin S. Hirsch, G. Gary, Frederick A. Murphy",Journal of Immunology,1969-03-01,34,General Brain-AI Structure Reviews and Methods,brain-structure,10.4049/jimmunol.102.3.656,bcb7b00d73e9a6393ff0eb53c38eec9047099cdd,https://doi.org/10.4049/jimmunol.102.3.656,JournalArticle,unknown,1,brain,Rabbit anti-mouse macrophage sera (AMS) were used to study in vitro and in vivo responses of mouse macrophages.
1969,Incorporation of mannose into mouse brain lipid.,"M. Zatz, S. Barondes",Biochemical and Biophysical Research Communications - BBRC,1969-08-07,34,General Brain-AI Structure Reviews and Methods,brain-structure,10.1016/0006-291X(69)90594-4,65795d8a21de7950de1a9d64cf6539d6efab68e2,https://doi.org/10.1016/0006-291X(69)90594-4,JournalArticle,unknown,4,brain; brain/neural structure in title,
1969,"Microdetermination of norepinephrine, 3,4-dihydroxyphenylethylamine, and 5-hydroxyyptamine from single extracts of specific rat brain areas.","T. Kariya, M. H. Aprison",Analytical Biochemistry,1969,34,General Brain-AI Structure Reviews and Methods,brain-structure,10.1016/0003-2697(69)90246-2,10c92d97fd2711327a6936c4272f4ae321d9dc68,https://doi.org/10.1016/0003-2697(69)90246-2,JournalArticle,unknown,4,brain; brain/neural structure in title,
1969,On the Molecular Characterization of the Sodium-Potassium Transport Adenosine Triphosphatase,L. Hokin,The Journal of General Physiology,1969-07-01,34,"Connectomics, Graph Models, and Brain Networks",brain-structure;connectome,10.1085/jgp.54.1.327,d5a06e003759945bdf2b1280f05b9fdaf4a95a27,https://doi.org/10.1085/jgp.54.1.327,JournalArticle; Review,unknown,5,brain; historical computation/learning bridge,The phosphorylated intermediate in the (Na + K)-activated adenosine triphosphatase (Na-K ATPase) has been characterized as an L-glutamyl-γ-phosphate residue in the enzyme.
1969,The afferent path of the milk-ejection reflex in the brain of the rabbit.,"J. Tindal, G. Knaggs, A. Turvey",Journal of Endocrinology,1969-04-01,34,General Brain-AI Structure Reviews and Methods,brain-structure,10.1677/JOE.0.0430663,4c2478b1cf02ddf050c08b774f6db3cb184167ed,https://doi.org/10.1677/JOE.0.0430663,JournalArticle,unknown,4,brain; brain/neural structure in title,
1969,THE INFLUENCE OF EXCESS METHIONINE ON THE FREE AMINO ACIDS OF BRAIN AND LIVER OF THE WEANLING RAT *,"R. Daniel, H. Waisman",Journal of Neurochemistry,1969-05-01,34,General Brain-AI Structure Reviews and Methods,brain-structure,10.1111/j.1471-4159.1969.tb06458.x,04c28c66289808bbf7ec6afe72979bff73598e29,https://doi.org/10.1111/j.1471-4159.1969.tb06458.x,JournalArticle,unknown,4,brain; brain/neural structure in title,
1969,Amino Acid Incorporation into Rat Brain Proteins during Spreading Cortical Depression,"G. Bennett, G. Edelman",Science,1969-01-24,33,General Brain-AI Structure Reviews and Methods,brain-structure,10.1126/science.163.3865.393,441c1cba878838a2bf1065fe08e609edff850a1d,https://doi.org/10.1126/science.163.3865.393,JournalArticle,unknown,5,brain; cortical; brain/neural structure in title,
1969,Atrophic cortical sclerosis associated with status marmoratus in a perinatally damaged monkey,R. Myers,Neurology,1969-12-01,33,General Brain-AI Structure Reviews and Methods,brain-structure,10.1212/WNL.19.12.1177,f11406f3164341746843ddb30a2ae6b0e86ff723,https://doi.org/10.1212/WNL.19.12.1177,JournalArticle,unknown,1,cortical,
1969,Divalent cations in cerebral impedance and cell membrane morphology.,"W. R. Adey, B. Bystrom, A. Costin, R. T. Kado, T. Tarby",Experimental Neurology,1969,33,"Cellular, Synaptic, and Neuromorphic Foundations",brain-structure,10.1016/0014-4886(69)90031-4,7e36fcf62997bfacfa1b6eeab0b9bfa79bb3882c,https://doi.org/10.1016/0014-4886(69)90031-4,JournalArticle,unknown,1,cerebral,
1969,Effects of morphine on cat brain norepinephrine in regions with daily monoamine rhythms.,"D. Reis, M. Rifkin, A. Corvelli",European Journal of Pharmacology,1969-10-01,33,General Brain-AI Structure Reviews and Methods,brain-structure,10.1016/0014-2999(69)90140-X,9e2d8225068ed74bf69c750ac1aed28e526978a8,https://doi.org/10.1016/0014-2999(69)90140-X,JournalArticle,unknown,4,brain; brain/neural structure in title,
1969,Energy dependence of amino acid uptake in brain slices.,"L. Battistin, A. Grynbaum, A. Lajtha",Brain Research,1969-11-01,33,General Brain-AI Structure Reviews and Methods,brain-structure,10.1016/0006-8993(69)90093-6,310924329a3dd5797dbcd15210d0daf25fbda91c,https://doi.org/10.1016/0006-8993(69)90093-6,JournalArticle,unknown,4,brain; brain/neural structure in title,
1969,Histopathologic brain changes in association with ataxia-telangiectasia,"Kernel L. Terplan, R. F. Krauss",Neurology,1969-05-01,33,General Brain-AI Structure Reviews and Methods,brain-structure,10.1212/WNL.19.5.446,c2e42a0e6d939d7f0003950c333eba701475deef,https://doi.org/10.1212/WNL.19.5.446,JournalArticle,unknown,4,brain; brain/neural structure in title,
1969,Metabolism of tyramine-3H and octopamine-3H by rat brain.,"G. Breese, T. Chase, I. Kopin",Biochemical Pharmacology,1969-04-01,33,General Brain-AI Structure Reviews and Methods,brain-structure,10.1016/0006-2952(69)90057-4,a361c9c78cec2214d8e2dd7e9597430a5b09022b,https://doi.org/10.1016/0006-2952(69)90057-4,JournalArticle,unknown,4,brain; brain/neural structure in title,
1969,Relationship between sensory-motor deficits and WAIS verbal and performance scores in unilateral brain damage.,"A. Vega, Oscar A. Parsons",Cortex; a journal devoted to the study of the nervous system and behavior,1969-09-01,33,"Cognitive Architectures, Learning, and Systems Neuroscience",brain-structure,10.1016/S0010-9452(69)80032-8,85a95fc0ad45841b15a59ea475f7baf3fcc68ca0,https://doi.org/10.1016/S0010-9452(69)80032-8,JournalArticle,unknown,4,brain; brain/neural structure in title,
1969,The characteristics of acetylcholine release mechanisms in the auditory cortex,"B. Hemsworth, J. Mitchell",Naunyn-Schmiedebergs Archiv für Experimentelle Pathologie und Pharmakologie,1969-05-01,33,General Brain-AI Structure Reviews and Methods,brain-structure,10.1111/j.1476-5381.1969.tb08313.x,4bef094296eef445665afa31d38ad41e28dbe389,https://doi.org/10.1111/j.1476-5381.1969.tb08313.x,JournalArticle,unknown,4,cortex; brain/neural structure in title,
1969,The effect of hypercapnia on the blood-brain barrier to sucrose in the rabbit.,"I. Cameron, H. Davson, M. Segal",The Yale Journal of Biology and Medicine,1969-12-01,33,"Cellular, Synaptic, and Neuromorphic Foundations",brain-structure,,13a9b3cdf26743927f3e1b7dfb63658d0f6f53bb,https://www.semanticscholar.org/paper/13a9b3cdf26743927f3e1b7dfb63658d0f6f53bb,JournalArticle,unknown,6,brain; eeg; meg; brain/neural structure in title,"bloodbrain barrier to several compounds, e.g., trypan blue,' sulphate2 and iodinated serum albumin.""' The experiments just cited have shown that during hypercapnia more of the substance under study has passed from blood into the brain tissue than in control animals, but such an effect could have been due to the expansion of the extracellular space rather than to an increased rate of penetration into a constant space."
1969,TRANSITORY CORTICAL BLINDNESS IN HEAD INJURY,"F. Gjerris, L. Mellemgaard",Acta Neurologica Scandinavica,1969-12-01,33,General Brain-AI Structure Reviews and Methods,brain-structure,10.1111/j.1600-0404.1969.tb01272.x,8de9b5a016b2145a1729f59ba9bb366d98e5515f,https://doi.org/10.1111/j.1600-0404.1969.tb01272.x,JournalArticle,unknown,4,brain; cerebral; cortex; cortical,"Before World War I only single cases of cortical blindness or defects in the visual field caused by head injury were described (Christianspn 1902, Beck6 1904)."
1969,Blood-Brain Barrier: Evidence for Active Cation Transport between Blood and the Extraceliular Fluid of Brain,L. Bito,Science,1969-07-04,32,General Brain-AI Structure Reviews and Methods,brain-structure,10.1126/science.165.3888.81,cfd6936036c91f836235f4aa4a8211eed0708584,https://doi.org/10.1126/science.165.3888.81,JournalArticle,unknown,4,brain; brain/neural structure in title,
1969,Body image and the image of the brain,Warren Gorman,Unknown venue,1969,32,General Brain-AI Structure Reviews and Methods,brain-structure,,55bdbb70a7cfe8f19b3584b29057081394c99129,https://www.semanticscholar.org/paper/55bdbb70a7cfe8f19b3584b29057081394c99129,paper,unknown,4,brain; brain/neural structure in title,
1969,Brain scanning in cerebral vascular disease.,"D. Tow, H. Wagner, F. Deland, W. North",Journal of the American Medical Association (JAMA),1969-01-06,32,General Brain-AI Structure Reviews and Methods,brain-structure,10.1001/JAMA.1969.03150140057007,47b96425e6f70a4c2221b5a7fea8cea2930693f7,https://doi.org/10.1001/JAMA.1969.03150140057007,JournalArticle,unknown,5,brain; cerebral; brain/neural structure in title,
1969,Centrifugal elements in the vascular pattern of the deep intracerebral blood supply.,R. van den Bergh,Angiology,1969-02-01,32,General Brain-AI Structure Reviews and Methods,brain-structure,10.1177/000331976902000205,0752f985dc43e631a6e111fc5879645e7911c41a,https://doi.org/10.1177/000331976902000205,JournalArticle,unknown,2,brain; cerebral,
1969,"Chloric acid digestion in the determination of trace metals (Fe, Zn and Cu) in brain and hair by atomic absorption spectrophotometry.",E. T. Backer,Clinica chimica acta; international journal of clinical chemistry,1969-05-01,32,Clinical NeuroAI and Brain Disorders,brain-structure;clinical-neuroai,10.1016/0009-8981(69)90318-0,81975e96fcfb23aa7b30e983b27208f550d9fe8b,https://doi.org/10.1016/0009-8981(69)90318-0,JournalArticle,unknown,4,brain; brain/neural structure in title,
1969,"Design for a Brain, Second Edition",Laura K Smith,Unknown venue,1969-02-01,32,General Brain-AI Structure Reviews and Methods,brain-structure,10.1093/PTJ/49.2.217,58b8a52b0a827a22b02a19124e7a632892f07c06,https://doi.org/10.1093/PTJ/49.2.217,paper,unknown,4,brain; brain/neural structure in title,
1969,Electrical Phenomena and Isolated Tissues from the Brain,"J. Harvey, H. Mcilwain",Unknown venue,1969,32,General Brain-AI Structure Reviews and Methods,brain-structure,10.1007/978-1-4899-7321-4_7,3a0cba4302669e10cb60e3cdd9a9f8c708945299,https://doi.org/10.1007/978-1-4899-7321-4_7,paper,unknown,4,brain; brain/neural structure in title,
1969,Interference of scalp and skull with external measurements of brain isotope content. 1. Isotope content of scalp and skull.,"W. Oldendorf, Y. Iisaka",Journal of Nuclear Medicine,1969-04-01,32,General Brain-AI Structure Reviews and Methods,brain-structure,,5db9d5da1a8faeaf35ae620b6145bf574239741b,https://www.semanticscholar.org/paper/5db9d5da1a8faeaf35ae620b6145bf574239741b,JournalArticle,unknown,4,brain; brain/neural structure in title,
1969,"Prevention, diagnosis, and treatment of lead poisoning in childhood.","J. Alpert, H. J. Breault, W. Friend, V. G. Harris, R. Scherz, R. D. Semsch, et al.",Pediatrics,1969-08-01,32,Clinical NeuroAI and Brain Disorders,brain-structure;clinical-neuroai,10.1542/peds.44.2.291,f44c308495e295ef59a3b3f74cc0fc1294cd0d58,https://doi.org/10.1542/peds.44.2.291,JournalArticle,unknown,1,brain,"Lead posioning in childhood must be approached as a chronic disease requiring comprehensive, long-term, medical and social management of the child and his family throughout the preschool years."
1969,Projections from the cerebral cortex to intralaminar nuclei in monkey,J. Devito,The Journal of comparative neurology,1969-06-01,32,General Brain-AI Structure Reviews and Methods,brain-structure,10.1002/cne.901360206,e2cd9d02768a243038af40720888bc6fbbd404a4,https://doi.org/10.1002/cne.901360206,JournalArticle,unknown,5,cerebral; cortex; brain/neural structure in title,
1969,Relationship between acetylcholine synthesis and its concentration in rat cerebral cortex,"M. Sharkawi, Martin P. Schulman",British Journal of Pharmacology,1969-06-01,32,General Brain-AI Structure Reviews and Methods,brain-structure,10.1111/j.1476-5381.1969.tb09512.x,f260dd3be2862de281b3766ebbdfcb68b144efce,https://doi.org/10.1111/j.1476-5381.1969.tb09512.x,JournalArticle,unknown,6,brain; cerebral; cortex; brain/neural structure in title,
1969,Synapsenartige Kontakte zwischen intraventrikulären Axonendigungen und freien Oberflächen von Ependymzellen des Kaninchengehirns,"H. Leonhardt, Antje Backhus-Roth",Zeitschrift für Zellforschung und Mikroskopische Anatomie,1969-09-01,32,"Cellular, Synaptic, and Neuromorphic Foundations",,10.1007/BF00968843,8934bc213e8c341f7c9817c6f253da37c97ebd3c,https://doi.org/10.1007/BF00968843,paper,unknown,1,synapse,
1969,"The Action of Insulin, Growth Hormone, and Epinephrine on Cell Growth in Liver, Muscle, and Brain of the Hypophysectomized Rat[39]","D. Cheek, J. Graystone",Pediatric Research,1969,32,"Cellular, Synaptic, and Neuromorphic Foundations",brain-structure,10.1203/00006450-196901000-00010,e9b66541ec80a944734dcbcf293f156468c22fc7,https://doi.org/10.1203/00006450-196901000-00010,JournalArticle,unknown,4,brain; brain/neural structure in title,
1969,"The appearance of human ""brain-specific"" glycoprotein in ontogenesis.","K. Warecka, D. Müller",Journal of Neurological Sciences,1969-03-01,32,General Brain-AI Structure Reviews and Methods,brain-structure,10.1016/0022-510X(69)90116-6,31482567935ea7d9cc7431c78e762cb9b64cb681,https://doi.org/10.1016/0022-510X(69)90116-6,JournalArticle,unknown,4,brain; brain/neural structure in title,
1969,Traumatic cerebral aneurysm due to speargun injury. Case report.,W. Chadduck,Journal of Neurosurgery,1969-07-01,32,General Brain-AI Structure Reviews and Methods,brain-structure,10.3171/JNS.1969.31.1.0077,655fa040b4830d4b9358fa02373ac44c88ec7455,https://doi.org/10.3171/JNS.1969.31.1.0077,JournalArticle,unknown,2,brain; cerebral,
1969,Acute and Chronic Brain Syndromes in Children,"H. Klonoff, G. C. Robinsont, G. Thompson",Developmental Medicine & Child Neurology,1969-04-01,31,General Brain-AI Structure Reviews and Methods,brain-structure,10.1111/j.1469-8749.1969.tb01418.x,d9785f5ef5cbd0b8d059098f71d0200669c332a5,https://doi.org/10.1111/j.1469-8749.1969.tb01418.x,JournalArticle,unknown,4,brain; brain/neural structure in title,
1969,Complex Synaptic Configurations in Planarian Brain,"J. Best, J. Noel",Science,1969-05-30,31,"Cellular, Synaptic, and Neuromorphic Foundations",brain-structure,10.1126/science.164.3883.1070,1e736424329081d36a5e7eb0881b1682f42fd7a5,https://doi.org/10.1126/science.164.3883.1070,JournalArticle,unknown,4,brain; brain/neural structure in title,
1969,Configuration of 2-hydroxy acids from brain cerebrosides determined by gas chromatography,S. Hammarström,FEBS Letters,1969-11-12,31,"Connectomics, Graph Models, and Brain Networks",brain-structure;connectome,10.1016/0014-5793(69)80329-7,324598822a38ef073fb8d98a5cc42f23a6f72d8e,https://doi.org/10.1016/0014-5793(69)80329-7,JournalArticle; Review,unknown,4,brain; brain/neural structure in title,
1969,Current trends in the chemotherapy of brain tumors with special reference to glioblastomas.,"C. Wilson, T. Hoshino",Journal of Neurosurgery,1969-12-01,31,Clinical NeuroAI and Brain Disorders,brain-structure,10.3171/JNS.1969.31.6.0589,a15d2d23c7caf9fe981d25a4897726fdebdc96fc,https://doi.org/10.3171/JNS.1969.31.6.0589,JournalArticle; Review,unknown,4,brain; brain/neural structure in title,
1969,"DECARBOXYLATION STUDIES OF GLUTAMATE, GLUTAMINE, AND ASPARTATE FROM BRAIN LABELLED WITH [1-14C] ACETATE, l-[U-14C]-ASPARTATE, AND l-[U-14C]GLUTAMATE","W. J. Nicklas, D. D. Clarke, S. Berl",Journal of Neurochemistry,1969-04-01,31,General Brain-AI Structure Reviews and Methods,brain-structure,10.1111/j.1471-4159.1969.tb06854.x,883661e412725af4261d892d48468cdeb42cf56e,https://doi.org/10.1111/j.1471-4159.1969.tb06854.x,JournalArticle,unknown,4,brain; brain/neural structure in title,
1969,DNA synthesis in the developing rat brain.,S. Sung,Canadian Journal of Biochemistry,1969,31,General Brain-AI Structure Reviews and Methods,brain-structure,10.1139/O69-008,12e95b378f4984425bdaf1c6ba2da3c6c92d3881,https://doi.org/10.1139/O69-008,JournalArticle,unknown,4,brain; brain/neural structure in title,
1969,Effect of galactose on energy and phospholipid metabolism in the chick brain.,"L. Kozak, W. W. Wells",Archives of Biochemistry and Biophysics,1969,31,General Brain-AI Structure Reviews and Methods,brain-structure,10.1016/0003-9861(69)90552-9,d9271a4146420f83ed4e987486cd984e70a6a1f5,https://doi.org/10.1016/0003-9861(69)90552-9,JournalArticle,unknown,4,brain; brain/neural structure in title,
1969,Effects of intraventricularly injected anti-brain antibodies on delayed alteration and visual discrimination tests performance in rhesus monkeys.,"L. Mihailović, I. Divac, K. Mitrović, D. Milošević, B. Janković",Experimental Neurology,1969-06-01,31,General Brain-AI Structure Reviews and Methods,brain-structure,10.1016/0014-4886(69)90025-9,740dc3f21f08e2ede413cff1ebf7c6c7d5197c66,https://doi.org/10.1016/0014-4886(69)90025-9,JournalArticle,unknown,4,brain; brain/neural structure in title,
1969,Food preference in brain lesioned monkeys,"H. Ursin, H. Rosvold, B. Vest",Unknown venue,1969-07-01,31,General Brain-AI Structure Reviews and Methods,brain-structure,10.1016/0031-9384(69)90162-0,9c63001db614c94c1060d8e1086f4fc85ce0b43d,https://doi.org/10.1016/0031-9384(69)90162-0,paper,unknown,4,brain; brain/neural structure in title,
1969,Giant neuronal mitochondria in a infant with microcephaly and seizure disorder.,"K. Suzuki, I. Rapin",Archives of Neurology,1969,31,"Cellular, Synaptic, and Neuromorphic Foundations",,10.1001/ARCHNEUR.1969.00480070072008,afde6aaea54ae4b3cd22a0aaa63b9173bc56d61b,https://doi.org/10.1001/ARCHNEUR.1969.00480070072008,JournalArticle,unknown,1,neuron,
1969,"Herniation of the brain into the mastoid cavity. Post surgical, postinfectional, or congenital.",S. Baron,A M A Archives of Otolaryngology,1969-12-01,31,General Brain-AI Structure Reviews and Methods,brain-structure,10.1001/ARCHOTOL.1969.00770030781021,2f672b99de15538346e2f249aa471583bb7b76bb,https://doi.org/10.1001/ARCHOTOL.1969.00770030781021,JournalArticle,unknown,4,brain; brain/neural structure in title,
1969,LEVELS OF METABOLITES AND PRODUCTION OF GLUCOSE IN THE LAMPREY BRAIN 1,"C. Rovainen, O. H. Lowry, J. Passonneau",Journal of Neurochemistry,1969-10-01,31,General Brain-AI Structure Reviews and Methods,brain-structure,10.1111/j.1471-4159.1969.tb09897.x,1f05f367f63d12c23898f550863b90e430edf9e6,https://doi.org/10.1111/j.1471-4159.1969.tb09897.x,JournalArticle,unknown,4,brain; brain/neural structure in title,
1969,"Postembryonic brain development in the monarch butterfly,Danaus plexippus plexippus, L.","R. H. Nordlander, J. Edwards",Roux s Archives of Developmental Biology,1969-09-01,31,General Brain-AI Structure Reviews and Methods,brain-structure,10.1007/BF00576929,bc9ecf0777344660290a6a8933efb379c42832be,https://doi.org/10.1007/BF00576929,JournalArticle,unknown,4,brain; brain/neural structure in title,
1969,"Rewarding brain stimulation, hippocampal activity, and footstomping in the gerbil☆","R. Kramis, A. Routtenberg",Unknown venue,1969,31,General Brain-AI Structure Reviews and Methods,brain-structure,10.1016/0031-9384(69)90004-3,8bb560e739a490a415204cf95e137d494286b3fc,https://doi.org/10.1016/0031-9384(69)90004-3,paper,unknown,16,brain; bci; brain/neural structure in title; explicit brain-structure/AI bridge,
1969,"Studies on the Liver, Lung, Brain and Blood of Experimental Animals Infected with Toxocara canis",B. Bisseru,Journal of Helminthology,1969-09-01,31,General Brain-AI Structure Reviews and Methods,brain-structure,10.1017/S0022149X00004806,26f783f63dc5288d2bf84623e6ec0bfe831cfaa5,https://doi.org/10.1017/S0022149X00004806,JournalArticle,unknown,4,brain; brain/neural structure in title,
1969,"The cellular reactions to heterologous, homologous and autologous skin implanted into brain","A. Ridley, J. Cavanagh",Journal of Pathology,1969-11-01,31,"Cellular, Synaptic, and Neuromorphic Foundations",brain-structure;neuromorphic-bci,10.1002/path.1710990303,aba5fc8ec6aae76eff6bfdb15d2c4926ad12931f,https://doi.org/10.1002/path.1710990303,JournalArticle,unknown,16,brain; bci; brain/neural structure in title; explicit brain-structure/AI bridge,
1969,THE EFFECTS OF INDIVIDUAL AMINO ACIDS ON THE INCORPORATION OF LABELLED AMINO ACIDS INTO PROTEINS BY BRAIN HOMOGENATES 1,"N. A. Peterson, C. McKean",Journal of Neurochemistry,1969-08-01,31,General Brain-AI Structure Reviews and Methods,brain-structure,10.1111/j.1471-4159.1969.tb05968.x,eae3be6a6d6c684691b92c58ab143f8ed57c2490,https://doi.org/10.1111/j.1471-4159.1969.tb05968.x,JournalArticle,unknown,4,brain; brain/neural structure in title,
1969,THE LEPTODENDRITIC NEURON: ITS DISTRIBUTION AND SIGNIFICANCE,E. Ramon,Unknown venue,1969-10-01,31,"Cellular, Synaptic, and Neuromorphic Foundations",,10.1111/j.1749-6632.1969.tb20433.x,5d351f903fd433eb73363e39a75a613aa34e9c59,https://doi.org/10.1111/j.1749-6632.1969.tb20433.x,Review,unknown,1,neuron,
1969,The nature of the acetylcholine pools in brain tissue.,V. P. Whittaker,Progress in Brain Research,1969,31,General Brain-AI Structure Reviews and Methods,brain-structure,10.1016/S0079-6123(08)63240-9,7a446c3a5b1bb8e83dc5fd5ba16171bf66225aa9,https://doi.org/10.1016/S0079-6123(08)63240-9,Review; JournalArticle,unknown,4,brain; brain/neural structure in title,
1969,Treatment of malignant brain tumors by local methotrexate. A preliminary report.,"S. R. Weiss, R. Raskind",International surgery,1969-02-01,31,Clinical NeuroAI and Brain Disorders,brain-structure,,e79538abc6113ea834856509e2184d857dc7f836,https://www.semanticscholar.org/paper/e79538abc6113ea834856509e2184d857dc7f836,JournalArticle,unknown,4,brain; brain/neural structure in title,
1969,Unit Activity: Motivation-Dependent Responses from Midbrain Neurons,"M. Phillips, James L Olds",Science,1969-09-19,31,"Cellular, Synaptic, and Neuromorphic Foundations",brain-structure,10.1126/science.165.3899.1269,2508648b73d1d1c32e960300c85124995b969cd2,https://doi.org/10.1126/science.165.3899.1269,JournalArticle,unknown,5,brain; neuron; brain/neural structure in title,
1969,DDT: Inhibition of an ATP-ase in the rat brain,"F. Matsumura, T. Bratkowski, K. C. Patil",Bulletin of Environmental Contamination and Toxicology,1969-09-01,30,General Brain-AI Structure Reviews and Methods,brain-structure,10.1007/BF01560910,a7a9a87a50bbc0307d431b7d1680b2de0b7db1d9,https://doi.org/10.1007/BF01560910,JournalArticle,unknown,4,brain; brain/neural structure in title,
1969,Differences in Spatial Discrimination Reversal Learning for Mice Genetically Selected for High Brain Weight and Unselected Controls,M. Elias,Perceptual and Motor Skills,1969-06-01,30,"Cognitive Architectures, Learning, and Systems Neuroscience",brain-structure,10.2466/pms.1969.28.3.707,129f67818e9c51339fee1cd4cbbbef4940bc1593,https://doi.org/10.2466/pms.1969.28.3.707,JournalArticle,unknown,8,brain; brain/neural structure in title; historical computation/learning bridge,
1969,Distortion and displacement of the brain in experimental head injuries.,"H. Gosch, E. Gooding, R. Schneider",Surgical forum,1969,30,General Brain-AI Structure Reviews and Methods,brain-structure,,8c35e26de8a6ce985d90205fe9d26ecc83726017,https://www.semanticscholar.org/paper/8c35e26de8a6ce985d90205fe9d26ecc83726017,JournalArticle,unknown,4,brain; brain/neural structure in title,
1969,Effects of phlorizin on membrane cation-dependent adenosine triphosphatase and p-nitrophenyl phosphatase activities.,Joseph D. Robinson,Molecular Pharmacology,1969-11-01,30,General Brain-AI Structure Reviews and Methods,brain-structure,10.1016/s0026-895x(25)14877-3,e19146287da4e846467b97433f12e1d164d9f63f,https://doi.org/10.1016/s0026-895x(25)14877-3,JournalArticle,unknown,1,brain,Phlorizin stimulated the K+-dependent phosphatase activity (measured with p -nitrophenyl phosphate) but inhibited the (Na+ + K+)-dependent adenosine triphosphatase activity in an enzyme preparation obtained from rat brain.
1969,Lipid Class and Fatty Acid Composition of Rat Brain and Sciatic Nerve in Alloxan Diabetes,"H. Pratt, J. Berry, Beverly Kaye, Frederick C. Goetz",Diabetes,1969-08-01,30,General Brain-AI Structure Reviews and Methods,brain-structure,10.2337/diab.18.8.556,66af0d12aadbb13fcd7111ebe2faeac003ac66ec,https://doi.org/10.2337/diab.18.8.556,JournalArticle,unknown,4,brain; brain/neural structure in title,
1969,Object-Carrying by Rats: An Approach to the Behavior Produced by Brain Stimulation,"A. Phillips, V. Cox, J. Kakolewski, E. Valenstein",Science,1969-11-14,30,"Cognitive Architectures, Learning, and Systems Neuroscience",brain-structure,10.1126/science.166.3907.903,edc22cb33c08e94b4a782ea953eabfddef6dfc3a,https://doi.org/10.1126/science.166.3907.903,JournalArticle,unknown,4,brain; brain/neural structure in title,
1969,"Phospholipid composition of human, bovine and frog myelin isolated on a large scale from brain and spinal cord","A. Siakotos, G. Rouser, S. Fleischer",Lipids,1969-05-01,30,General Brain-AI Structure Reviews and Methods,brain-structure,10.1007/BF02532639,c557a590faac35272c47af052f8c05dbdfcdc8af,https://doi.org/10.1007/BF02532639,JournalArticle,unknown,4,brain; brain/neural structure in title,
1969,"Platelet-serotonin level in children with ""minimal brain dysfunction"".",P. Wender,The Lancet,1969-11-08,30,General Brain-AI Structure Reviews and Methods,brain-structure,10.1016/S0140-6736(69)90570-4,5dba1265429029a54ffe855201d47648349fead3,https://doi.org/10.1016/S0140-6736(69)90570-4,JournalArticle,unknown,4,brain; brain/neural structure in title,
1969,Profound selective cooling and ischemia of primate brain without pump or oxygenator.,"R. White, L. Massopust, L. Wolin, N. Taslitz, D. Yashon",Surgery,1969-07-01,30,General Brain-AI Structure Reviews and Methods,brain-structure,,fa48773396b385594c706fea5fd1495c477bf042,https://www.semanticscholar.org/paper/fa48773396b385594c706fea5fd1495c477bf042,JournalArticle,unknown,4,brain; brain/neural structure in title,
1969,Relationship of peripheral venous hematocrit to brain hematocrit.,"V. Levin, J. Ausman",Journal of applied physiology,1969-04-01,30,General Brain-AI Structure Reviews and Methods,brain-structure,10.1152/JAPPL.1969.26.4.433,2c5cbb6ef33fc6ab62acdf5f9229d0a23d6136b7,https://doi.org/10.1152/JAPPL.1969.26.4.433,JournalArticle,unknown,4,brain; brain/neural structure in title,
1969,Serial brain scanning with technetium 99m and scintillation camera.,"J. Handa, S. Nabeshima, H. Handa, K. Hamamoto, T. Kousaka, K. Torizuka","The American journal of roentgenology, radium therapy, and nuclear medicine",1969,30,General Brain-AI Structure Reviews and Methods,brain-structure,10.2214/AJR.106.4.708,299024e7d8db430440236655b15d29ecd59d1887,https://doi.org/10.2214/AJR.106.4.708,JournalArticle,unknown,4,brain; brain/neural structure in title,
1969,The Origin of the Corticospinal Tract of the Tree Shrew (Tupaia glis) with Observations on Its Brain Stem and Spinal Terminations,"J. Jane, C. Campbell, D. Yashon",Unknown venue,1969-07-01,30,General Brain-AI Structure Reviews and Methods,brain-structure,10.1159/000125820,187b745d8e2829d7028d8ab3169c08c824186c1c,https://doi.org/10.1159/000125820,paper,unknown,4,brain; brain/neural structure in title,
1969,Uptake of monosaccharides by guinea-pig cerebral-cortex slices.,"P. Joanny, J. Corriol, H. Hillman",Biochemical Journal,1969-04-01,30,General Brain-AI Structure Reviews and Methods,brain-structure,10.1042/BJ1120367,7f35e5085b92f281a34145a0848c1b065b325640,https://doi.org/10.1042/BJ1120367,JournalArticle,unknown,6,brain; cerebral; cortex; brain/neural structure in title,
1969,A new spin label specific for the active site of serine enzymes.,"J. Morrisett, C. Broomfield, B. Hackley",Journal of Biological Chemistry,1969-10-25,29,General Brain-AI Structure Reviews and Methods,brain-structure,10.1016/s0021-9258(18)63624-5,9c9176c5cffdb91c69d4188c030b90a2bb9cc520,https://doi.org/10.1016/s0021-9258(18)63624-5,JournalArticle,unknown,1,brain,Abstract A new spin label has been synthesized which reacts specifically with the active site serine residue of esteratic enzymes.
1969,Accumulation of phenothiazine tranquilizers in rat brain and plasma after repeated dosage.,"M. A. Mahju, R. P. Maickel",Biochemical Pharmacology,1969-12-01,29,General Brain-AI Structure Reviews and Methods,brain-structure,10.1016/0006-2952(69)90178-6,fcc393501e7b26812fbcfd59bcc5d7c70c6530fc,https://doi.org/10.1016/0006-2952(69)90178-6,JournalArticle,unknown,4,brain; brain/neural structure in title,
1969,ALTERATIONS IN GLIAL AND MESENCHYMAL TUMOR CELL MEMBRANE RESISTANCE WITH HETEROIMMUNE AND AUTOLOGOUS SERA *,"P. Kornblith, A. Prieto, D. Pollen",Unknown venue,1969-07-01,29,"Cellular, Synaptic, and Neuromorphic Foundations",,10.1111/j.1749-6632.1969.tb48307.x,272a8aee1bb5ce23dbb0848b28b10ca213b36dfa,https://doi.org/10.1111/j.1749-6632.1969.tb48307.x,paper,unknown,0,Semantic Scholar brain-AI query,
1969,BRAIN GLYCOGEN AFTER INTRACISTERNAL INSULIN INJECTION,"E. Mellerup, O. Rafaelsen",Journal of Neurochemistry,1969-05-01,29,General Brain-AI Structure Reviews and Methods,brain-structure,10.1111/j.1471-4159.1969.tb06456.x,304070dc52ac8031b892184a048e40d6f240dd32,https://doi.org/10.1111/j.1471-4159.1969.tb06456.x,JournalArticle,unknown,4,brain; brain/neural structure in title,
1969,Cerebral amines and acute hyperbaric oxygen toxicity.,"G. Blenkarn, S. Schanberg, H. Saltzman",Journal of Pharmacology and Experimental Therapeutics,1969-04-01,29,General Brain-AI Structure Reviews and Methods,brain-structure,10.1016/s0022-3565(25)28241-6,2652f55e69c674b913f152e0938a14fee22fc26b,https://doi.org/10.1016/s0022-3565(25)28241-6,JournalArticle,unknown,2,brain; cerebral,Acute central nervous system (CNS) toxicity impedes treatment with hyperbaric oxygen (OHP) for ischemic illness and led to this study of relationships between cerebral amines and OHP-induced CNS toxicity in rats after injection of selected drugs.
1969,Cerebral Arteriolar Spasm Inhibited by β-Adrenergic Blocking Agents,W. Rosenblum,Unknown venue,1969-09-01,29,General Brain-AI Structure Reviews and Methods,brain-structure,10.1001/ARCHNEUR.1969.00480150086011,039db1950600a174fed08c7b31e76fcc462ea3b2,https://doi.org/10.1001/ARCHNEUR.1969.00480150086011,paper,unknown,2,brain; cerebral,
1969,Cystic brain alteration after incomplete placental abruption in monkey.,R. Myers,Archives of Neurology,1969-08-01,29,General Brain-AI Structure Reviews and Methods,brain-structure,10.1001/ARCHNEUR.1969.00480140033003,8b7cc5bfbbb445fe3ffd7e27f5480d0d042dc951,https://doi.org/10.1001/ARCHNEUR.1969.00480140033003,JournalArticle,unknown,4,brain; brain/neural structure in title,
1969,Effect of D-LSD and related compounds on release of norepinephrine-H3 and serotonin-H3 evoked from brain slices by electrical stimulation,"R. Katz, I. Kopin",Unknown venue,1969-03-01,29,General Brain-AI Structure Reviews and Methods,brain-structure,10.1016/S0031-6989(69)80024-X,f41ba797630e838b0ec026738f2914201cde2180,https://doi.org/10.1016/S0031-6989(69)80024-X,paper,unknown,4,brain; brain/neural structure in title,
1969,Effects of lithium on brain energy reserves and cations in vivo.,"L. King, J. Carl, E. Archer, M. Castellanet",Journal of Pharmacology and Experimental Therapeutics,1969-07-01,29,General Brain-AI Structure Reviews and Methods,brain-structure,10.1016/s0022-3565(25)28310-0,4cf5f2b31b46a54f265fc92bbdbab56c2145be23,https://doi.org/10.1016/s0022-3565(25)28310-0,JournalArticle,unknown,4,brain; brain/neural structure in title,"Administration of LiCl, 200 mg/kg i.p., to mice twice daily for five to seven doses, led to lower whole brain Na+ concentration (P < .05) and higher whole brain Mg++ concentration (P < .01) than observed in controls."
1969,"Enzymatic synthesis of psychosine in ""Jimpy"" mice brain","N. Neskovic, J. Nussbaum, P. Mandel",FEBS Letters,1969-05-01,29,General Brain-AI Structure Reviews and Methods,brain-structure,10.1016/0014-5793(69)80134-1,d6af45427ed16e9382dbcd2059d0a4cb73c3aaa1,https://doi.org/10.1016/0014-5793(69)80134-1,JournalArticle,unknown,4,brain; brain/neural structure in title,
1969,Extracerebral brain heterotopia. Case report.,"S. M. Farhat, J. Hudson",Journal of Neurosurgery,1969-02-01,29,General Brain-AI Structure Reviews and Methods,brain-structure,10.3171/JNS.1969.30.2.0190,2e21d9625f73c375e1a8e31b33faa2c14cd0789a,https://doi.org/10.3171/JNS.1969.30.2.0190,JournalArticle,unknown,5,brain; cerebral; brain/neural structure in title,
1969,Physiologic disposition of N-C14-methyl-codeine in the rat.,"S. Yeh, L. A. Woods",Journal of Pharmacology and Experimental Therapeutics,1969-03-01,29,"Connectomics, Graph Models, and Brain Networks",brain-structure;connectome,10.1016/s0022-3565(25)28208-8,ba87339d67f7d50a74d1cb1efd5c1bcc0eb9b507,https://doi.org/10.1016/s0022-3565(25)28208-8,JournalArticle,unknown,1,brain,Maximum levels of codeine and its metabolites in plasma and of free codeine in brain appear 15 to 30 min after s.
1969,PROTEIN METHYLATION IN RAT BRAIN IN VITRO,"W. Paik, S. Kim",Journal of Neurochemistry,1969-08-01,29,General Brain-AI Structure Reviews and Methods,brain-structure,10.1111/j.1471-4159.1969.tb05974.x,00d71cc2e8138c1c6c3dd131650ce32c3dde3fff,https://doi.org/10.1111/j.1471-4159.1969.tb05974.x,JournalArticle,unknown,4,brain; brain/neural structure in title,
1969,Quantitative analysis of the cerebral cortex. I. Aselectivity of the Golgi-Cox staining technique.,"G. J. Smit, E. Colon",Brain Research,1969-05-01,29,General Brain-AI Structure Reviews and Methods,brain-structure,10.1016/0006-8993(69)90262-5,84e206f30b2016c28ade7c1fe5a2f5373688569c,https://doi.org/10.1016/0006-8993(69)90262-5,JournalArticle,unknown,6,brain; cerebral; cortex; brain/neural structure in title,
1969,Separation of catecholamine-storing synaptosomes in different regions of rat brain.,"A. Green, S. Snyder, L. Iversen",Journal of Pharmacology and Experimental Therapeutics,1969-08-01,29,"Cellular, Synaptic, and Neuromorphic Foundations",brain-structure,10.1016/s0022-3565(25)28330-6,8a441362745e2d8ae3e614b1c6ffa5839fc92c37,https://doi.org/10.1016/s0022-3565(25)28330-6,JournalArticle,unknown,8,brain; cerebral; cortex; thalamus; hypothalamus; brain/neural structure in title,We have studied the subcellular localization of exogenous and endogenous norepinephrine (NE) in different regions of rat brain.
1969,The Future of the Brain Sciences,S. Bogoch,Springer US,1969,29,General Brain-AI Structure Reviews and Methods,brain-structure,10.1007/978-1-4899-6323-9,af9e64b990784ce4d01a0dc832d852548166347e,https://doi.org/10.1007/978-1-4899-6323-9,paper,unknown,4,brain; brain/neural structure in title,
1969,"A stereotaxic atlas of the brain of the baboon: (Papio)R. Davis andR. E. Huffman, University of Texas Press, 134 pages",F. Bloom,Unknown venue,1969-05-01,28,General Brain-AI Structure Reviews and Methods,brain-structure,10.1016/0028-3908(69)90053-7,f114160b33593511db16e781fcde010e93dadad1,https://doi.org/10.1016/0028-3908(69)90053-7,paper,unknown,4,brain; brain/neural structure in title,
1969,Bioelectric Brain Maturation in Small-for-Dates Infants,"Renalte Nolte, F. Schulte, R. Michaelis, Ulrike Weisse, R. Gruson",Developmental Medicine & Child Neurology,1969-02-01,28,General Brain-AI Structure Reviews and Methods,brain-structure,10.1111/j.1469-8749.1969.tb01398.x,4d7d9aa5732da55676854c40f62702494b7b7744,https://doi.org/10.1111/j.1469-8749.1969.tb01398.x,JournalArticle,unknown,4,brain; brain/neural structure in title,
1969,Brain Electrolytes in Depressive and Alcoholic Suicides,"D. Shaw, D. Frizel, F. Camps, Stuart White",British Journal of Psychiatry,1969-01-01,28,General Brain-AI Structure Reviews and Methods,brain-structure,10.1192/bjp.115.518.69,aca0ffd198be093de128fd8f975ae6a44866fefb,https://doi.org/10.1192/bjp.115.518.69,JournalArticle,unknown,4,brain; brain/neural structure in title,
1969,Cerebral Circulation Time and Cerebral Blood Flow,"S. Cronqvist, T. Greitz",Acta radiologica: diagnosis,1969-07-01,28,Clinical NeuroAI and Brain Disorders,brain-structure;clinical-neuroai,10.1177/028418516900800402,c130929652db462d14b1d8be0030253ae058b2c0,https://doi.org/10.1177/028418516900800402,JournalArticle; Study,unknown,2,brain; cerebral,
1969,Developmental and regional variations in ribonucleic acid synthesis on cerebral chromatin.,"S. Bondy, Sidney Roberts",Biochemical Journal,1969-11-01,28,General Brain-AI Structure Reviews and Methods,brain-structure,10.1042/BJ1150341,5c86f4fe5ab394104b52d1f1a0e895cdc41fd734,https://doi.org/10.1042/BJ1150341,JournalArticle,unknown,2,brain; cerebral,
1969,Diurnal variations in the cerebral evoked response and EEG. Relations to 17-hydroxycorticosteroid levels.,"G. Heninger, R. Mcdonald, W. R. Goff, A. Sollberger",Archives of Neurology,1969-09-01,28,Clinical NeuroAI and Brain Disorders,brain-structure;neural-signals;clinical-neuroai,10.1001/ARCHNEUR.1969.00480150120015,599fee1097e67a522171408c434aaf822ea93a85,https://doi.org/10.1001/ARCHNEUR.1969.00480150120015,JournalArticle; ClinicalTrial,unknown,2,cerebral; eeg,
1969,Effect of the brain on the suboesophageal ganglion and determination of voltinism in Bombyx mori,"S. Morohoshi, T. Oshiki",Unknown venue,1969,28,General Brain-AI Structure Reviews and Methods,brain-structure,10.1016/0022-1910(69)90222-4,99b39af3e90df540d88bf6a3ef927d49582bf587,https://doi.org/10.1016/0022-1910(69)90222-4,paper,unknown,4,brain; brain/neural structure in title,
1969,ESTIMATION OF GLYCOLIPIDS IN FOUR SELECTED LOBES OF HUMAN BRAIN IN NEUROLOGICAL DISEASES 1,G. D. Cherayil,Journal of Neurochemistry,1969-06-01,28,General Brain-AI Structure Reviews and Methods,brain-structure,10.1111/J.1471-4159.1969.TB08980.X,9f3501a3bb0c0642ea653e3ea09e90361706b392,https://doi.org/10.1111/J.1471-4159.1969.TB08980.X,JournalArticle,unknown,4,brain; brain/neural structure in title,
1969,Hyperprolinemia: clinical and biochemical family study.,"N. C. Woody, C. H. Snyder, Judith A. Harris",Pediatrics,1969-10-01,28,Clinical NeuroAI and Brain Disorders,brain-structure;clinical-neuroai,10.1542/peds.44.4.554,bb46ce279739fc622e2b00164fc10114477b4e73,https://doi.org/10.1542/peds.44.4.554,JournalArticle,unknown,5,brain; cerebral; cerebrum; eeg; meg,"A term, male neonate, born of a consanguineous marriage, developed progressive organic central nervous system disease in association with hyperprolinemia and iminoaciduria."
1969,In vitro polypeptide synthesis in brain.,"F. Goodwin, D. Shafritz, Herbert Weissbach",Archives of Biochemistry and Biophysics,1969,28,General Brain-AI Structure Reviews and Methods,brain-structure,10.1016/0003-9861(69)90024-1,3e32623066942a6112ae29465a89f7b5d2ff5eee,https://doi.org/10.1016/0003-9861(69)90024-1,JournalArticle,unknown,4,brain; brain/neural structure in title,
1969,In vitro screen of inhibitors of rat brain serotonin synthesis.,"E. Mcgeer, D. Peters",Canadian Journal of Biochemistry,1969-05-01,28,General Brain-AI Structure Reviews and Methods,brain-structure,10.1139/O69-078,43f2e6e58386f0ba588d1d14afdcefe4153ad393,https://doi.org/10.1139/O69-078,JournalArticle,unknown,4,brain; brain/neural structure in title,
1969,"Influence of restraint stress, corticosterone and betamethasone on brain amine levels","U. Scapagnini, P. Preziosi, A. Schaepdryver",Unknown venue,1969-03-01,28,General Brain-AI Structure Reviews and Methods,brain-structure,10.1016/S0031-6989(69)80025-1,9b869e1c7325e1fcb0112315dd7589d115ce5304,https://doi.org/10.1016/S0031-6989(69)80025-1,paper,unknown,4,brain; brain/neural structure in title,
1969,Insect neurometamorphosis. IV. Effects of the brain and synthetic alpha-ecdysone upon interganglionic connective shortening in Galleria mellonella (L.) (Lepidoptera).,R. Pipa,The Journal of experimental zoology,1969-02-01,28,General Brain-AI Structure Reviews and Methods,brain-structure,10.1002/JEZ.1401700206,406ab9118050a25838237120bee463d30aa06cd6,https://doi.org/10.1002/JEZ.1401700206,JournalArticle,unknown,4,brain; brain/neural structure in title,
1969,LACK OF ABNORMALITY IN BRAIN AROMATIC AMINES IN RATS AND MICE SUSCEPTIBLE TO AUDIOGENIC SEIZURE *,"E. Mcgeer, H. Ikeda, T. Asakura, J. Wada",Journal of Neurochemistry,1969-06-01,28,General Brain-AI Structure Reviews and Methods,brain-structure,10.1111/j.1471-4159.1969.tb08984.x,423bc87a177e16053d6927809fe28d742300317a,https://doi.org/10.1111/j.1471-4159.1969.tb08984.x,JournalArticle,unknown,4,brain; brain/neural structure in title,
1969,Memory deficit in monkeys brain damaged by asphyxia neonatorum.,J. Sechzer,Experimental Neurology,1969-08-01,28,"Cognitive Architectures, Learning, and Systems Neuroscience",brain-structure,10.1016/0014-4886(69)90152-6,1c01a6a6982839a1f4587f68ec5a08d9ca6bc183,https://doi.org/10.1016/0014-4886(69)90152-6,JournalArticle,unknown,4,brain; brain/neural structure in title,
1969,Stimulus Properties of Reinforcing Brain Shock,"R. M. Stutz, R. Butcher, R. Rossi",Science,1969-03-07,28,General Brain-AI Structure Reviews and Methods,brain-structure,10.1126/science.163.3871.1081,ec357161eaf7160e416db3cd245435ea730bc08c,https://doi.org/10.1126/science.163.3871.1081,JournalArticle,unknown,4,brain; brain/neural structure in title,
1969,SYNTHESIS OF SULPHATIDE-CONTAINING LIPOPROTEINS IN RAT BRAIN 1,"Norbert Herschkowitz, G. M. McKhann, S. Saxena, Eric M. Shooter, Robert M. Herndon",Journal of Neurochemistry,1969-07-01,28,General Brain-AI Structure Reviews and Methods,brain-structure,10.1111/j.1471-4159.1969.tb05949.x,e6f64583b09e1789371d92716134d70c3d28e9ef,https://doi.org/10.1111/j.1471-4159.1969.tb05949.x,JournalArticle,unknown,4,brain; brain/neural structure in title,
1969,"The Benton, Porteus and WAIS digit span tests with normal and brain-injured subjects.",D. M. Sterne,Journal of Clinical Psychology,1969-04-01,28,Clinical NeuroAI and Brain Disorders,brain-structure;clinical-neuroai,10.1002/1097-4679(196904)25:2<173::AID-JCLP2270250216>3.0.CO;2-9,fbf960f036ea85066dcd81dc8da622fe9e5e662c,https://doi.org/10.1002/1097-4679(196904)25:2<173::AID-JCLP2270250216>3.0.CO;2-9,JournalArticle,unknown,4,brain; brain/neural structure in title,
1969,The uptake and incorporation into protein of [3H]tyrosine by slices prepared from developing rat brain cortex.,"M. Vahvelainen, S. Oja",Brain Research,1969-04-01,28,General Brain-AI Structure Reviews and Methods,brain-structure,10.1016/0006-8993(69)90283-2,c864126c2ce5f0aebd04ba55ab5714d186d4883a,https://doi.org/10.1016/0006-8993(69)90283-2,JournalArticle,unknown,5,brain; cortex; brain/neural structure in title,
1969,"Turnover rates for glycerol, acetate and orthophosphate in phospholipids of the rat cerebral cortex.","E. Lapetina, Rodriguez de Lores Arna, G. De Robertis",Biochimica et Biophysica Acta,1969-04-29,28,General Brain-AI Structure Reviews and Methods,brain-structure,10.1016/0005-2760(69)90234-3,295c7464f65545e2d775e4ed405aa6d19c16dce2,https://doi.org/10.1016/0005-2760(69)90234-3,JournalArticle,unknown,6,brain; cerebral; cortex; brain/neural structure in title,
1969,α-(γ-AMINOBUTYRYL)-LYSINE IN MAMMALIAN BRAIN: ITS IDENTIFICATION AND DISTRIBUTION,"T. Nakajima, Y. Kakimoto, A. Kumon, M. Matsuoka, I. Sano",Journal of Neurochemistry,1969-03-01,28,General Brain-AI Structure Reviews and Methods,brain-structure,10.1111/j.1471-4159.1969.tb10382.x,01227df29fdc1186ead0867c404f07c4dba30c0b,https://doi.org/10.1111/j.1471-4159.1969.tb10382.x,JournalArticle,unknown,4,brain; brain/neural structure in title,
1969,An improved method for determination of micro amounts of piperidine in living materials.,"Y. Kaśe, M. Kataoka, T. Miyata",Japanese Journal of Pharmacology,1969-09-01,27,Clinical NeuroAI and Brain Disorders,brain-structure;clinical-neuroai,10.1254/JJP.19.354,8c44a74b578f81b46289dc67f7a62f751c6a740f,https://doi.org/10.1254/JJP.19.354,JournalArticle,unknown,1,brain,"Piperidine, possessing acetylcholine- and nicotine-like properties not only in the peripheral nervous system (1-3) but also in the central nervous system (4), has been described to be one of normal constituents in urine (5-7) and the mammalian brain (8-10)."
1969,Brain arylamidase. Purfication and characterization of the soluble bovine enzyme.,"A. Brecher, J. Suszkiw",Biochemical Journal,1969-04-01,27,General Brain-AI Structure Reviews and Methods,brain-structure,10.1042/BJ1120335,c2520148c062c3eeb6a7d0cfb0bc85aef068b265,https://doi.org/10.1042/BJ1120335,JournalArticle,unknown,4,brain; brain/neural structure in title,
1969,Brain hexokinase: immunohistochemical localization at the light microscopic level.,"P. Craven, R. Basford",Biochemistry,1969-09-01,27,General Brain-AI Structure Reviews and Methods,brain-structure,10.1021/BI00837A006,e9ab3f86ad7457ebe679649c0e38ed8a23bf7f47,https://doi.org/10.1021/BI00837A006,JournalArticle,unknown,4,brain; brain/neural structure in title,
1969,Brain interneurons in noctuid moths: differential suppression by high sound intensities.,K. D. Roeder,Journal of insect physiology,1969-10-01,27,"Cellular, Synaptic, and Neuromorphic Foundations",brain-structure,10.1016/0022-1910(69)90004-3,9db17d89018d9e20f55d3a0a71e7b20e7bcaee35,https://doi.org/10.1016/0022-1910(69)90004-3,JournalArticle,unknown,5,brain; neuron; brain/neural structure in title,
1969,BRAIN POTENTIALS IN CHILDREN AND ADULTS.,D. B. Lindsley,Science,1969-06-01,27,General Brain-AI Structure Reviews and Methods,brain-structure,10.1080/00029238.1969.11080736,7aa12cc78afd802ec19978b574acb1f039e97b69,https://doi.org/10.1080/00029238.1969.11080736,JournalArticle,unknown,4,brain; brain/neural structure in title,
1969,Cerebral influence on muscle fiber typing. The effect of fetal immobilization.,G. Fenichel,Archives of Neurology,1969-06-01,27,General Brain-AI Structure Reviews and Methods,brain-structure,10.1001/ARCHNEUR.1969.00480120090008,1c2e9b6a9b23c01ce53025ce2c39c55efb61fb25,https://doi.org/10.1001/ARCHNEUR.1969.00480120090008,JournalArticle,unknown,1,cerebral,
1969,Cortically induced presynaptic inhibition of trigeminal proprioceptive afferents.,"E. Sauerland, N. Mizuno",Brain Research,1969-05-01,27,"Cellular, Synaptic, and Neuromorphic Foundations",brain-structure,10.1016/0006-8993(69)90266-2,f178276c6cb0f89bf21826b48691ea1ad13fe2cc,https://doi.org/10.1016/0006-8993(69)90266-2,JournalArticle,unknown,1,cortical,
1969,Effects of Hyperventilation on Focal Brain Damage Following Middle Cerebral Artery Occlusion,"N. Battistini, M. Casacchia, A. Bartolini, G. Bava, C. Fieschi",Unknown venue,1969,27,General Brain-AI Structure Reviews and Methods,brain-structure,10.1007/978-3-642-85860-4_81,4915243cddeb2a45f285c0f6af5917755db1160e,https://doi.org/10.1007/978-3-642-85860-4_81,paper,unknown,5,brain; cerebral; brain/neural structure in title,
1969,Hyperphenylalaninemia: effect on the developing rat brain.,"J. Clarke, J. Lowden",Canadian Journal of Biochemistry,1969-03-01,27,"Electrophysiology, Neural Signals, and AI Decoding",brain-structure,10.1139/O69-044,4c447c4ce27c440830558df792e99c8b55f39f00,https://doi.org/10.1139/O69-044,JournalArticle,unknown,6,brain; eeg; meg; brain/neural structure in title,
1969,Major environmental factors inducing the termination of larval diapause in Chaoborus americanus Johannsen (Diptera : Culicidae).,W. Bradshaw,Unknown venue,1969-02-01,27,General Brain-AI Structure Reviews and Methods,brain-structure,10.2307/1539663,d4ea97fb1a528d5c9c34d860b20d2132a546503c,https://doi.org/10.2307/1539663,paper,unknown,1,brain,1. The termination of larval diapause in C.
1969,Maternal phenylketonuria. The composition of cerebral lipids in an affected offspring.,"John H Menkes, Ernesto E. Aeberhard",Jornal de Pediatria,1969-06-01,27,General Brain-AI Structure Reviews and Methods,brain-structure,10.1016/S0022-3476(69)80227-1,1fda5ee1c6ba549ac9c01bd83857259d47e21122,https://doi.org/10.1016/S0022-3476(69)80227-1,JournalArticle; CaseReport,unknown,2,brain; cerebral,
1969,METABOLISM OF HEXOSES IN RAT CEREBRAL CORTEX SLICES,"E. Chain, S. Rose, I. Masi, F. Pocchiari",Journal of Neurochemistry,1969-01-01,27,General Brain-AI Structure Reviews and Methods,brain-structure,10.1111/j.1471-4159.1969.tb10346.x,ac1fdee29a1a34380da8e2c1655e219cbfdc7c74,https://doi.org/10.1111/j.1471-4159.1969.tb10346.x,JournalArticle,unknown,6,brain; cerebral; cortex; brain/neural structure in title,
1969,OBSERVATIONS ON PURINE METABOLISM IN RAT BRAIN,"I. Held, W. Wells",Journal of Neurochemistry,1969-04-01,27,General Brain-AI Structure Reviews and Methods,brain-structure,10.1111/j.1471-4159.1969.tb06851.x,5e8ad947c0b7de9f2b1e6d9f955d93ed207c68a3,https://doi.org/10.1111/j.1471-4159.1969.tb06851.x,JournalArticle,unknown,4,brain; brain/neural structure in title,
1969,Overdose of Tricyclic Anti-Depressants and Deductions Concerning their Cerebral Action,"S. A. Lewis, I. Oswald",British Journal of Psychiatry,1969-12-01,27,General Brain-AI Structure Reviews and Methods,brain-structure,10.1192/bjp.115.529.1403,c7108ebdcaa4dda8c8f58509d076c9c8c9827a8e,https://doi.org/10.1192/bjp.115.529.1403,JournalArticle,unknown,2,brain; cerebral,
1969,RADIATION THERAPY IN THE MANAGEMENT OF BRAIN TUMORS IN CHILDREN,S. Kramer,Unknown venue,1969-07-01,27,Clinical NeuroAI and Brain Disorders,brain-structure,10.1111/j.1749-6632.1969.tb48306.x,c706b47c96d40dba0d22a1099471594e5e45fce3,https://doi.org/10.1111/j.1749-6632.1969.tb48306.x,paper,unknown,4,brain; brain/neural structure in title,
1969,Redistribution of rat brain esterases during subcellular fractionation.,"A. Koeppen, K. Barron, J. Bernsohn",Biochimica et Biophysica Acta,1969-07-15,27,"Cellular, Synaptic, and Neuromorphic Foundations",brain-structure,10.1016/0005-2736(69)90082-0,cab83c40a433cfc4869616b6de84ab9f7d6fbfcf,https://doi.org/10.1016/0005-2736(69)90082-0,JournalArticle,unknown,4,brain; brain/neural structure in title,
1969,Relapses and Remissions in Brain Stem Tumours,"N. B. Sarkari, E. Bickerstaff",British medical journal,1969-04-05,27,General Brain-AI Structure Reviews and Methods,brain-structure,10.1136/bmj.2.5648.21,b6efee40cd37bd01c86f3b7bdc38797fbb02c8f2,https://doi.org/10.1136/bmj.2.5648.21,JournalArticle,unknown,4,brain; brain/neural structure in title,
1969,Studies on the subunit structure of ovine brain glutamine synthetase.,"S. Wilk, A. Meister, R. Haschemeyer",Biochemistry,1969-08-01,27,General Brain-AI Structure Reviews and Methods,brain-structure,10.1021/BI00836A006,8a5d7632cd4bb8b363b4ec75c30f3e19c496b0cc,https://doi.org/10.1021/BI00836A006,JournalArticle,unknown,4,brain; brain/neural structure in title,
1969,THE COLLATERAL CIRCULATION VIA THE OPHTHALMIC ARTERY IN INTERNAL CAROTIC ARTERY THROMBOSIS,"R. Fogelholm, M. Vuolio",Acta Neurologica Scandinavica,1969-03-01,27,Clinical NeuroAI and Brain Disorders,brain-structure;connectome;clinical-neuroai,10.1111/j.1600-0404.1969.tb01221.x,1fa82efd224f69dfead0c6f221e44f64f81482bb,https://doi.org/10.1111/j.1600-0404.1969.tb01221.x,JournalArticle,unknown,1,brain,"Since Mondz' first report in 1941, there have been many communications concerning the internal carotid artery thrombosis as well as the different pathways of collateral circulation of the brain (e .g ."
1969,THE ENZYMIC HYDROLYSIS OF PHOSPHATIDYL INOSITOL BY GUINEA PIG BRAIN:,"R. Friedel, J. D. Brown, J. Durell",Journal of Neurochemistry,1969-03-01,27,General Brain-AI Structure Reviews and Methods,brain-structure,10.1111/j.1471-4159.1969.tb10376.x,ede668c395d5d518ba713f7f85afb19763cb94f8,https://doi.org/10.1111/j.1471-4159.1969.tb10376.x,JournalArticle,unknown,4,brain; brain/neural structure in title,
1969,"VASCULAR REACTIONS AFTER EXPERIMENTAL NERVE SECTION, SUTURE, AND TRANSPLANTATION",O. Hassler,Acta Neurologica Scandinavica,1969-07-01,27,"Connectomics, Graph Models, and Brain Networks",brain-structure;connectome,10.1111/j.1600-0404.1969.tb01245.x,a6c139574cfd88c782af21b147b60a53eb803f8a,https://doi.org/10.1111/j.1600-0404.1969.tb01245.x,JournalArticle,unknown,1,brain,"Nerve-transplantation surgery has made great advance in recent years, but the ideal method for these operations has not yet been worked out and obstacles are still produced by the rejection of grafts, by the ingrowth of granulation tissue and vessels from the sides, and by neuroma formation."
1969,An entropy model of the developing brain.,R. Bergström,Developmental Psychobiology,1969,26,Computational Neuroscience and Brain-Inspired AI,brain-structure,10.1002/DEV.420020304,db8cf1cb0ddb120e51e85f744b04d15837238dc4,https://doi.org/10.1002/DEV.420020304,JournalArticle,unknown,8,brain; brain/neural structure in title; historical computation/learning bridge,
1969,Mapping of rat brain for self-stimulation under monoamine oxidase blockade,B. Poschel,Unknown venue,1969-05-01,26,General Brain-AI Structure Reviews and Methods,brain-structure,10.1016/0031-9384(69)90184-X,880b572f2f4d4fe096884138fbb6d6966891bc2e,https://doi.org/10.1016/0031-9384(69)90184-X,paper,unknown,4,brain; brain/neural structure in title,
1969,Preparation and properties of an alkylated brain protein related to the structural subunit of microtubules.,"M. L. Falxa, T. Gill",Archives of Biochemistry and Biophysics,1969,26,General Brain-AI Structure Reviews and Methods,brain-structure,10.1016/0003-9861(69)90530-X,debcc55676e9ebfe4c1cebbdc31b130ae3fc3020,https://doi.org/10.1016/0003-9861(69)90530-X,JournalArticle,unknown,4,brain; brain/neural structure in title,
1969,The action of trypsin and neuraminidase on the synaptic membranes of brain cortex.,"O. Z. Sellinger, R. Borens, Linda M. Nordrum",Biochimica et Biophysica Acta,1969-03-11,26,"Cellular, Synaptic, and Neuromorphic Foundations",brain-structure,10.1016/0005-2736(69)90101-1,9925220f47be9a4341be18aa6c2147646826aeb9,https://doi.org/10.1016/0005-2736(69)90101-1,JournalArticle,unknown,5,brain; cortex; brain/neural structure in title,
1969,"A REGIONAL STUDY OF SOME OSMOTIC, IONIC AND AGE FACTORS AFFECTING THE STABILITY OF CEREBRAL LYSOSOMES 1","O. Z. Sellinger, Linda M. Nordrum",Journal of Neurochemistry,1969-08-01,25,General Brain-AI Structure Reviews and Methods,brain-structure,10.1111/j.1471-4159.1969.tb05969.x,2d593faa9063caf0c5a9154a460bafc8b0cb91ec,https://doi.org/10.1111/j.1471-4159.1969.tb05969.x,JournalArticle,unknown,2,brain; cerebral,
1969,Pharmacological significances of peptidase and proteinase in the brain (report I)-Enzymatic inactivation of bradykinin in rat brain,"Iwata Heitaroh, Shikimi Tadahiro, Oka Taichi",Unknown venue,1969,25,General Brain-AI Structure Reviews and Methods,brain-structure,10.1016/0006-2952(69)90016-1,eaba0d4c0e9be51ea1a7746bdb07e623bd090e15,https://doi.org/10.1016/0006-2952(69)90016-1,paper,unknown,4,brain; brain/neural structure in title,
1969,Structural organization of the motor zone of the cerebral cortex in dolphins,"Kesarev Vs, M. Li",Unknown venue,1969-04-01,25,General Brain-AI Structure Reviews and Methods,brain-structure,,d245cdc62828cc8cfe04e8ca1f51ecced25b2bfd,https://www.semanticscholar.org/paper/d245cdc62828cc8cfe04e8ca1f51ecced25b2bfd,paper,unknown,6,brain; cerebral; cortex; brain/neural structure in title,
1969,The Cerebral Form of Von Winiwarter-Buerger's Disease: Does It Exist?,K. Zülch,Angiology,1969-02-01,25,General Brain-AI Structure Reviews and Methods,brain-structure,10.1177/000331976902000201,08f1c922704c22f720bcb79826a1541ad33027a2,https://doi.org/10.1177/000331976902000201,JournalArticle,unknown,2,brain; cerebral,
1969,The interaction between atropine sulphate and a proteolipid from cerebral cortex studied by light scattering,"Eduardo M. De Robertis, J. González-Rodríguez, D. Teller",FEBS Letters,1969-07-01,25,General Brain-AI Structure Reviews and Methods,brain-structure,10.1016/0014-5793(69)80180-8,47321cf9c481682d74e241a328f9a01aa4091faf,https://doi.org/10.1016/0014-5793(69)80180-8,JournalArticle,unknown,6,brain; cerebral; cortex; brain/neural structure in title,
1969,Behavioral and brain electrical changes after vagal stimulation.,"J. Peñaloza-Rojas, B. Barrera-mera, C. Kubli-garfias",Experimental Neurology,1969-03-01,24,"Cognitive Architectures, Learning, and Systems Neuroscience",brain-structure,10.1016/0014-4886(69)90085-5,9afcb7f22832cca9887c2d8a249724d264d8f498,https://doi.org/10.1016/0014-4886(69)90085-5,JournalArticle,unknown,4,brain; brain/neural structure in title,
1969,Midbrain as a Site for the Motion After-effect,"W. Richards, Robert A. Smith",Nature,1969-08-02,24,General Brain-AI Structure Reviews and Methods,brain-structure,10.1038/223533A0,2a0c8ae03a4ff7e136e7b7a1dc24ba4feccb1eb9,https://doi.org/10.1038/223533A0,JournalArticle,unknown,4,brain; brain/neural structure in title,
1969,The origin of intramural ganglia. II. The trunk neural crest as a source of enteric ganglion cells.,A. Andrew,Journal of Anatomy,1969-07-01,24,"Cellular, Synaptic, and Neuromorphic Foundations",,,5bc60714f0fa9b440a2633756c19206f7da9ddc4,https://www.semanticscholar.org/paper/5bc60714f0fa9b440a2633756c19206f7da9ddc4,JournalArticle,unknown,4,neural; brain/neural structure in title,
1969,The turnover of phosphatidyl choline in rat cerebral cortex membranes in vivo.,"E. Lapetina, G. Lunt, E. De robertis",Journal of Neurobiology,1969,24,General Brain-AI Structure Reviews and Methods,brain-structure,10.1002/NEU.480010305,39bf760727312f8a98f4602e63eb7ea4ae9ecdd7,https://doi.org/10.1002/NEU.480010305,JournalArticle,unknown,6,brain; cerebral; cortex; brain/neural structure in title,
1969,Effect of cerebral stimulation on biosynthesis of nucleotides and RNA in brain slices in vitro.,"C. Prives, J. H. Quastel",Biochimica et Biophysica Acta,1969-06-17,23,General Brain-AI Structure Reviews and Methods,brain-structure,10.1016/0005-2787(69)90179-8,e97615501986988ebe30ba34d22235af23981cc3,https://doi.org/10.1016/0005-2787(69)90179-8,JournalArticle,unknown,5,brain; cerebral; brain/neural structure in title,
1969,Induction of brain tumors in newborn hamsters by simian adenovirus SA7.,"F. Rapp, S. Pauluzzi, T. Waltz, J. Burdine, F. Matsen, B. Levy",Cancer Research,1969-06-01,23,Clinical NeuroAI and Brain Disorders,brain-structure,,bc3dd8f0017454a8e337143bc1cffc55ed8b51a0,https://www.semanticscholar.org/paper/bc3dd8f0017454a8e337143bc1cffc55ed8b51a0,JournalArticle,unknown,4,brain; brain/neural structure in title,
1969,The influence of high oxygen pressure on the electrical activity of the brain.,"D. Harel, D. Kerem, S. Lavy",Electroencephalography and Clinical Neurophysiology,1969-03-01,23,"Connectomics, Graph Models, and Brain Networks",brain-structure;connectome;neural-signals;clinical-neuroai,10.1016/0013-4694(69)90149-7,1692f10c63a8daa35c64aea7775e34889bb37d00,https://doi.org/10.1016/0013-4694(69)90149-7,JournalArticle,unknown,6,brain; eeg; meg; brain/neural structure in title,
1969,p-NITROPHENYL PHOSPHATASES OF A MEMBRANE FRACTION FROM BOVINE CEREBRAL CORTEX,"R. Tanaka, T. Mitsumata",Journal of Neurochemistry,1969-07-01,22,General Brain-AI Structure Reviews and Methods,brain-structure,10.1111/j.1471-4159.1969.tb05962.x,5feff3a68f1d1563359fe5157f3cb64e6b0c33b4,https://doi.org/10.1111/j.1471-4159.1969.tb05962.x,JournalArticle,unknown,6,brain; cerebral; cortex; brain/neural structure in title,
1969,STUDIES ON THE LABELLING PATTERNS OF RNA FROM CEREBRAL CORTEX NUCLEI,"G. Dutton, A. Campagnoni, H. Mahler, W. Moore",Journal of Neurochemistry,1969-06-01,22,General Brain-AI Structure Reviews and Methods,brain-structure,10.1111/j.1471-4159.1969.tb08989.x,ed563de131ce615153849025d099d6e2da78ca48,https://doi.org/10.1111/j.1471-4159.1969.tb08989.x,JournalArticle,unknown,6,brain; cerebral; cortex; brain/neural structure in title,
1969,The sterol test for the diagnosis of human brain tumors,"P. Paoletti, Frantz A. Vandenheuvel, R. Fumagalli, R. Paoletti",Neurology,1969-02-01,22,Clinical NeuroAI and Brain Disorders,brain-structure;clinical-neuroai,10.1212/WNL.19.2.190,1eb78d7da70d7f00719840a3668817dec21282d2,https://doi.org/10.1212/WNL.19.2.190,JournalArticle,unknown,4,brain; brain/neural structure in title,
1969,The strychnine-like action of curare and related compounds on the somatosensory evoked response of the rat cortex,"V. Bhargava, B. Meldrum",British Journal of Pharmacology,1969-09-01,22,General Brain-AI Structure Reviews and Methods,brain-structure,10.1111/j.1476-5381.1969.tb09528.x,5ba333d0a3c45de7799914915d3e93f9c444bc3e,https://doi.org/10.1111/j.1476-5381.1969.tb09528.x,JournalArticle,unknown,5,brain; cortex; brain/neural structure in title,
1969,[Study on the neuronal circuits implicated in postural tremor and hypokinesia].,"L. Poirier, G. Bouvier, P. Bédard, R. Boucher, L. Larochelle, A. Olivier, et al.",Revue neurologique (Paris),1969,21,"Cellular, Synaptic, and Neuromorphic Foundations",,,724159b360a51fa525bb46b8663eeb6731c45e50,https://www.semanticscholar.org/paper/724159b360a51fa525bb46b8663eeb6731c45e50,JournalArticle,unknown,1,neuron,
1969,BIOCHEMICAL ORGANIZATION OF CHOLINERGIC NERVE TERMINALS IN THE CEREBRAL CORTEX,R. Marchbanks,Unknown venue,1969,21,General Brain-AI Structure Reviews and Methods,brain-structure,10.1016/B978-0-12-611908-4.50011-3,06548d971259048a0729d19571457f3e34bd480d,https://doi.org/10.1016/B978-0-12-611908-4.50011-3,paper,unknown,6,brain; cerebral; cortex; brain/neural structure in title,
1969,Changes in extracellular space of the mouse cerebral cortex during hydroxyadipaldehyde fixation and osmium tetroxide post-fixation.,"A. van Harreveld, F. Khattab",Journal of Cell Science,1969-03-01,21,"Cellular, Synaptic, and Neuromorphic Foundations",brain-structure,,ccceb4e7ea0c03a449cd37275184c61ae6d74574,https://www.semanticscholar.org/paper/ccceb4e7ea0c03a449cd37275184c61ae6d74574,JournalArticle,unknown,6,brain; cerebral; cortex; brain/neural structure in title,
1969,IMMUNOCHEMICAL STUDIES OF ISOLATED HUMAN BRAIN GANGLIOSIDE COMPONENTS 1,"T. Pascal, A. Saifer",Journal of Neurochemistry,1969-03-01,21,General Brain-AI Structure Reviews and Methods,brain-structure,10.1111/j.1471-4159.1969.tb10368.x,3f6a051751b178fb639e7546cf892dd7bd4a2396,https://doi.org/10.1111/j.1471-4159.1969.tb10368.x,JournalArticle,unknown,4,brain; brain/neural structure in title,
1969,Subcellular distribution of endogenous and [3H]-GABA in rat cerebral cortex.,"L. Iversen, M. Neal",British Journal of Pharmacology,1969-05-01,21,"Cellular, Synaptic, and Neuromorphic Foundations",brain-structure,,af7f2562212e6b3601461559685628246849eff6,https://www.semanticscholar.org/paper/af7f2562212e6b3601461559685628246849eff6,JournalArticle,unknown,6,brain; cerebral; cortex; brain/neural structure in title,
1969,Patterns of Intellectual Ability in Emotionally Disturbed and Brain-Damaged Children,"M. Bortner, H. Birch",Unknown venue,1969-12-01,20,General Brain-AI Structure Reviews and Methods,brain-structure,10.1177/002246696900300405,ab2f254788aaef59ebefef0b3eefa1a416ef8173,https://doi.org/10.1177/002246696900300405,JournalArticle,unknown,4,brain; brain/neural structure in title,
1969,THE EFFECT OF PHENYLPYRUVATE ON OXIDATIVE-PHOSPHORYLATION IN BRAIN MITOCHONDRIA 1,B. B. Gallagher,Journal of Neurochemistry,1969-07-01,20,General Brain-AI Structure Reviews and Methods,brain-structure,10.1111/j.1471-4159.1969.tb05951.x,a64aabcc7221b63c652943d155b29036e4489583,https://doi.org/10.1111/j.1471-4159.1969.tb05951.x,JournalArticle,unknown,4,brain; brain/neural structure in title,
1969,The less-polar metabolites produced by incubation of testosterone-4-14C with rat and bovine brain.,"L. Sholiton, E. Werk",Acta Endocrinologica,1969-08-01,20,General Brain-AI Structure Reviews and Methods,brain-structure,10.1530/ACTA.0.0610641,fd457dcfcfbdc73aa6f531df65b7fd1b970cbb8b,https://doi.org/10.1530/ACTA.0.0610641,JournalArticle,unknown,4,brain; brain/neural structure in title,
1969,Urinary excretion of a low molecular weight protein in cerebral damage,"Jens Ericsson, H. Link, O. Zettervall",Neurology,1969-06-01,20,General Brain-AI Structure Reviews and Methods,brain-structure,10.1212/WNL.19.6.606,47ce56d03a7c14a1be0c5ae55074073631acbd20,https://doi.org/10.1212/WNL.19.6.606,JournalArticle,unknown,1,cerebral,
1969,E'tude topograpique et stratigraphique des projections du corps genouille latèral sur le cortex cèrébral,"R. Marty, O. Benoit, M. Larguier",Unknown venue,1969-12-01,19,"Connectomics, Graph Models, and Brain Networks",brain-structure;connectome,10.4449/AIB.V107I5.2359,cc0eb6813e757ef5957987a78a3544700f80de52,https://doi.org/10.4449/AIB.V107I5.2359,paper,unknown,5,brain; cortex; brain/neural structure in title,
1969,Inhibition of respiration by puromycin in slices of cerebral cortex,"C. T. Jones, P. Banks",Journal of Neurochemistry,1969-05-01,19,General Brain-AI Structure Reviews and Methods,brain-structure,10.1111/J.1471-4159.1969.TB06464.X,f54cdfa29d238a466d2ba9b39c7c5e8f2ccf4b9b,https://doi.org/10.1111/J.1471-4159.1969.TB06464.X,JournalArticle,unknown,6,brain; cerebral; cortex; brain/neural structure in title,
1969,The cortical representation of the retina in squirrel and rhesus monkeys and its relation to visual acuity.,"A. Cowey, C. Ellis",Experimental Neurology,1969-07-01,19,"Brain Decoding, Representation Learning, and BCI",brain-structure;decoding,10.1016/0014-4886(69)90143-5,91bdf0f1911ab99647e649135971b982af9e3393,https://doi.org/10.1016/0014-4886(69)90143-5,JournalArticle,unknown,1,cortical,
1969,"The development of the neutral lipids and fatty acids in the brain of man, whales and dolphins.",P. Lesch,Clinica chimica acta; international journal of clinical chemistry,1969-08-01,19,Clinical NeuroAI and Brain Disorders,brain-structure;clinical-neuroai,10.1016/0009-8981(69)90265-4,4f75e1d2155b61fc7fbb9a1f964a8ca8a452e701,https://doi.org/10.1016/0009-8981(69)90265-4,JournalArticle,unknown,4,brain; brain/neural structure in title,
1969,Zonal density gradient electrophoresis of intracellular membranes of brain cortex.,"O. Sellinger, R. Borens",Biochimica et Biophysica Acta,1969-03-11,19,"Cellular, Synaptic, and Neuromorphic Foundations",brain-structure,10.1016/0005-2736(69)90100-X,057457532f038c93c6798b327e19059d818effc8,https://doi.org/10.1016/0005-2736(69)90100-X,JournalArticle,unknown,5,brain; cortex; brain/neural structure in title,
1969,A simple method of making cuts in brain tissue,D. Albert,Unknown venue,1969-09-01,18,General Brain-AI Structure Reviews and Methods,brain-structure,10.1016/0031-9384(69)90131-0,f641abc896b943d72e6f3e9de575bd3fc77f237f,https://doi.org/10.1016/0031-9384(69)90131-0,paper,unknown,4,brain; brain/neural structure in title,
1969,CEREBRAL EDEMA IN BRAIN TUMORS: ULTRASTRUCTURAL AND BIOCHEMICAL STUDIES *,"L. Scheinberg, I. Herzog, Judith M. Taylor, R. Katzman",Unknown venue,1969-07-01,18,Clinical NeuroAI and Brain Disorders,brain-structure,10.1111/j.1749-6632.1969.tb48301.x,33c9adc5e1ef416da074c88d8063204b2c55cbc7,https://doi.org/10.1111/j.1749-6632.1969.tb48301.x,paper,unknown,5,brain; cerebral; brain/neural structure in title,
1969,Effects of Cerebral Stimulation on the Biosynthesis in vitro of Nucleotides and RNA in Brain,"C. Prives, J. H. Quastel",Nature,1969-03-15,18,General Brain-AI Structure Reviews and Methods,brain-structure,10.1038/2211053A0,78a0d7b6c8c02e6dac563af81736f9e98f2de386,https://doi.org/10.1038/2211053A0,JournalArticle,unknown,5,brain; cerebral; brain/neural structure in title,
1969,Evoked Unitary and Gross Electric Activity in the Cerebral Cortex in Early Prenatal Ontogeny,"B. Meyerson, H. Persson",Nature,1969-03-01,18,General Brain-AI Structure Reviews and Methods,brain-structure,10.1038/2211248a0,7222d5cb83b41050c3dd8d347767708faa485bcd,https://doi.org/10.1038/2211248a0,JournalArticle,unknown,6,brain; cerebral; cortex; brain/neural structure in title,
1969,Properties of sodium- and potassium-activated adenosine triphosphatases of rat brain--effect of cyclopropane and other agents modifying enzyme activity.,"A. Trevor, J. Cummins",Biochemical Pharmacology,1969-05-01,18,General Brain-AI Structure Reviews and Methods,brain-structure,10.1016/0006-2952(69)90119-1,be0f977710f62c809acfb3ffdb497cfb88a69843,https://doi.org/10.1016/0006-2952(69)90119-1,JournalArticle,unknown,4,brain; brain/neural structure in title,
1969,STUDIES OF MALIGNANT BRAIN TUMORS IN CELL CULTURE *,"C. B. Wilson, M. Barker",Unknown venue,1969-07-01,18,"Cellular, Synaptic, and Neuromorphic Foundations",brain-structure,10.1111/j.1749-6632.1969.tb48298.x,26b03cd8d97d1aa31aadce9741356056f3e171f8,https://doi.org/10.1111/j.1749-6632.1969.tb48298.x,Review,unknown,4,brain; brain/neural structure in title,
1969,Transformation of cells cultured from human brain tissue.,"M. Katz, H. Koprowski, P. Moorhead",Experimental Cell Research,1969-09-01,18,"Cellular, Synaptic, and Neuromorphic Foundations",brain-structure,10.1016/0014-4827(69)90381-4,ac4154c834d5c47edf288328a0d378e7ee459457,https://doi.org/10.1016/0014-4827(69)90381-4,JournalArticle,unknown,4,brain; brain/neural structure in title,
1969,Aldolase C in Brain Tumour,"T. Sugimura, Shigeaki Sato, S. Kawabe, N. Suzuki, Te Chen Chien, K. Takakura",Nature,1969-06-14,17,General Brain-AI Structure Reviews and Methods,brain-structure,10.1038/2221070A0,ae03341ac107155c0578cac91070da884585808d,https://doi.org/10.1038/2221070A0,JournalArticle,unknown,4,brain; brain/neural structure in title,
1969,Gas liquid chromatographic analysis of sphingosine bases in sphingolipids of human normal and multiple sclerosis cerebral white matter,"E. A. Moscatelli, Elizabeth Isaacson",Lipids,1969-11-01,17,"Connectomics, Graph Models, and Brain Networks",brain-structure;connectome,10.1007/BF02531040,4ff85bef7ab07497a31265942edf15deb51843b6,https://doi.org/10.1007/BF02531040,JournalArticle,unknown,1,cerebral,
1969,Infrared spectrometry of locus coeruleus and substantia nigra pigments in human brain.,"T. Maeda, R. Wegmann",Brain Research,1969-08-01,17,General Brain-AI Structure Reviews and Methods,brain-structure,10.1016/0006-8993(69)90207-8,222dbbba98cd59ff1f4034ed2ebf00233e7d94b8,https://doi.org/10.1016/0006-8993(69)90207-8,JournalArticle,unknown,4,brain; brain/neural structure in title,
1969,Maintenance of Encephalitogenic Viruses by Non-neuronal Cerebral Cells,"S. Illavia, H. E. Webb",British medical journal,1969-01-11,17,"Cellular, Synaptic, and Neuromorphic Foundations",brain-structure,10.1136/bmj.1.5636.94,9d80a30e6720fde8e33ac74df258e81114716920,https://doi.org/10.1136/bmj.1.5636.94,JournalArticle,unknown,2,cerebral; neuron,
1969,Soluble proteins in normal and diseased human brains,"B. Gerstl, C. Uyeda, L. Eng, P. Bond, J. K. Smith",Neurology,1969-10-01,17,General Brain-AI Structure Reviews and Methods,brain-structure,10.1212/WNL.19.10.1019,f047bcb8b7b6ccf0df193a6342302048aa7c3f34,https://doi.org/10.1212/WNL.19.10.1019,JournalArticle,unknown,4,brain; brain/neural structure in title,
1969,The human brain and spinal cord,J. Walton,Unknown venue,1969-11-01,17,General Brain-AI Structure Reviews and Methods,brain-structure,10.1016/0022-510X(69)90100-2,e84d17a5c29f64883757acf99a9ef304188888b8,https://doi.org/10.1016/0022-510X(69)90100-2,paper,unknown,4,brain; brain/neural structure in title,
1969,The isolation of neurons from normal and abnormal human cerebral cortex.,"G. M. McKhann, W. Ho, Silvio Varon, C. Raiborn",Archives of Neurology,1969-05-01,17,"Cellular, Synaptic, and Neuromorphic Foundations",brain-structure,10.1001/ARCHNEUR.1969.00480110106011,c37c0ec9d2776321427613f9fc25201866770d57,https://doi.org/10.1001/ARCHNEUR.1969.00480110106011,JournalArticle,unknown,6,cerebral; cortex; neuron; brain/neural structure in title,
1969,Nocardia asteroides brain abscess successfully treated by enucleation. Case report.,"M. Weiss, J. Jane",Journal of Neurosurgery,1969,16,General Brain-AI Structure Reviews and Methods,brain-structure,10.3171/JNS.1969.30.1.0083,d7d91df91c316a0c1bd339238c475dc7c667ab5b,https://doi.org/10.3171/JNS.1969.30.1.0083,JournalArticle; Review,unknown,4,brain; brain/neural structure in title,
1969,Preparation of brain slices for macroscopic study by the copper sulfate-phenol-ferrocyanide technique.,"M. Roberts, J. Hanaway",Stain Technology,1969,16,General Brain-AI Structure Reviews and Methods,brain-structure,10.3109/10520296909063340,14cfa710c64073ae8222ae2917ef404eefc2a0f4,https://doi.org/10.3109/10520296909063340,JournalArticle,unknown,4,brain; brain/neural structure in title,
1969,Preparation of La Crosse virus hemagglutinating antigen in BHK-21 suspension cell cultures.,"W. Chappell, P. Halonen, R. F. Toole, C. Calisher, L. Chester",Applied microbiology,1969-09-01,16,"Cellular, Synaptic, and Neuromorphic Foundations",brain-structure,10.1128/AEM.18.3.433-437.1969,8c93a15655a0714ab6187801f3fa386c1bc41757,https://doi.org/10.1128/AEM.18.3.433-437.1969,JournalArticle,unknown,1,brain,Hemagglutinating and complement-fixing antigens of La Crosse virus (California arbovirus group) were produced in serum-free suspension cultures of BHK-21/13S cells.
1969,Presynaptic Depolarization of Corticofugal Fibres participating in a Feedback Loop between Trigeminal Brain Stem Nuclei and Sensorimotor Cortex,"R. Dubner, B. Sessle, S. Gobel",Nature,1969-07-05,16,"Cellular, Synaptic, and Neuromorphic Foundations",brain-structure,10.1038/223072A0,09889632ff2431a368391880ba5dbd515facb344,https://doi.org/10.1038/223072A0,JournalArticle,unknown,5,brain; cortex; brain/neural structure in title,
1969,Some enzymatic properties of human brain acetylcholinesterase,"J. Patočka, J. Bajgar",FEBS Letters,1969-01-01,16,General Brain-AI Structure Reviews and Methods,brain-structure,10.1016/0014-5793(69)80017-7,b35ee2f208467c7ab08d0fcc5d6354e2f0967c29,https://doi.org/10.1016/0014-5793(69)80017-7,JournalArticle,unknown,4,brain; brain/neural structure in title,
1969,32P INCORPORATION INTO DIFFERENT MEMBRANOUS STRUCTURES SEPARATED FROM RAT CEREBRAL CORTEX 1,"E. Lapetina, G. Arnaiz, E. Robertis",Journal of Neurochemistry,1969-01-01,15,General Brain-AI Structure Reviews and Methods,brain-structure,10.1111/j.1471-4159.1969.tb10347.x,fc9c72ca0320f44164374b58f935e3eed4e8f5bc,https://doi.org/10.1111/j.1471-4159.1969.tb10347.x,JournalArticle,unknown,6,brain; cerebral; cortex; brain/neural structure in title,
1969,[vidence for a muscarinic inhibitory mechanism in the cerebral cortex].,"A. J. Vazquez, G. Krip, Carl Pinsky",Experimental Neurology,1969-03-01,15,General Brain-AI Structure Reviews and Methods,brain-structure,10.1016/0014-4886(69)90080-6,a6aef1b7423e9a4ca96aea24ed4ef7ae1613bedd,https://doi.org/10.1016/0014-4886(69)90080-6,JournalArticle,unknown,5,cerebral; cortex; brain/neural structure in title,
1969,Engrams in the human brain.,Unknown authors,Central African Journal of Medicine,1969,15,General Brain-AI Structure Reviews and Methods,brain-structure,,5efed0d7feb485e3587cbc199052c71c36f349e6,https://www.semanticscholar.org/paper/5efed0d7feb485e3587cbc199052c71c36f349e6,JournalArticle,unknown,4,brain; brain/neural structure in title,
1969,Familial nonhemolytic jaundice: bilirubinosis and encephalopathy.,"W. A. Gardner, B. Konigsmark",Pediatrics,1969-03-01,15,"Cellular, Synaptic, and Neuromorphic Foundations",brain-structure;clinical-neuroai,10.1542/peds.43.3.365,0905897ad85c8e5d5c0215a18ae12e181158eff0,https://doi.org/10.1542/peds.43.3.365,JournalArticle; CaseReport,unknown,5,cerebral; cortex; hippocampus; thalamus; neuron,The unique pathological findings of a case of congenital familial hyperbilirubinemia are presented.
1969,ON THE EVOLUTION OF THE CRANIOCEREBRAL TOPOGRAPHY IN PRIMATES *,H. Hofer,Annals of the New York Academy of Sciences,1969-07-01,15,"Connectomics, Graph Models, and Brain Networks",brain-structure;connectome,10.1111/j.1749-6632.1969.tb56343.x,fb94a54a8f696cfc15e27e8b0546270fdfc70580,https://doi.org/10.1111/j.1749-6632.1969.tb56343.x,JournalArticle,unknown,2,brain; cerebral,
1969,POLYACRYLAMIDE ELECTROPHORESIS AND IMMUNODIFFUSION STUDIES OF BRAIN TUMOR PROTEINS *,"D. E. Slagel, C. Wilson, Peggy B. Simmons",Unknown venue,1969-07-01,15,Clinical NeuroAI and Brain Disorders,brain-structure,10.1111/j.1749-6632.1969.tb48299.x,16b11429b8c9ec8e9587aa9d22109cf2876b60bc,https://doi.org/10.1111/j.1749-6632.1969.tb48299.x,paper,unknown,4,brain; brain/neural structure in title,
1969,Replica microscopy and scanning electron microscopy of laser impacts on the skin.,"L. Goldman, J. Vahl, R. J. Rockwell, R. Meyer, M. Franzen, P. Owens, et al.",Journal of Investigative Dermatology,1969,15,"Electrophysiology, Neural Signals, and AI Decoding",brain-structure;connectome;neural-signals,10.1038/JID.1969.2,8e4c6a08d605c0563e7bbd908249d34c4911a599,https://doi.org/10.1038/JID.1969.2,JournalArticle,unknown,8,cerebral; cortex; eeg; meg; historical computation/learning bridge,Reactions following the impact of the laser beam on the skin surface are complex including significant thermal mechanisms with elastic recoil and pressure phenomena.
1969,THE IN VIVO CO2 BUFFER CURVE OF THE INTRACELLULAR SPACE OF CAT CEREBRAL CORTEX,"L. Granholm, U. Pontén",Acta Neurologica Scandinavica,1969-09-01,15,General Brain-AI Structure Reviews and Methods,brain-structure,10.1111/j.1600-0404.1969.tb01259.x,18497459516fcfe2633f83d3d660e974353f6151,https://doi.org/10.1111/j.1600-0404.1969.tb01259.x,JournalArticle,unknown,7,brain; cerebral; cortex; cortical; brain/neural structure in title,"There are at present conflicting data regarding the CO, buffer capacity of cerebral tissues in uivo."
1969,Histochemical changes in neocortex and corpus callosum after intracranial injection.,N. Robinson,Journal of Neurology Neurosurgery & Psychiatry,1969-08-01,14,General Brain-AI Structure Reviews and Methods,brain-structure,10.1136/jnnp.32.4.317,353fbb1e2514bb037f13ea5435189d6612bd34f4,https://doi.org/10.1136/jnnp.32.4.317,JournalArticle,unknown,4,cortex; brain/neural structure in title,
1969,In vivo and in vitro techniques used in the study of RNA synthesis in the brains of rats and mice at various ages from birth to senility.,"P. Mackinnon, R. Simpson, C. Maclennan",Journal of Anatomy,1969-03-01,14,General Brain-AI Structure Reviews and Methods,brain-structure,,e8a16768619317cfb7741cd30d3a7cdb300357e9,https://www.semanticscholar.org/paper/e8a16768619317cfb7741cd30d3a7cdb300357e9,JournalArticle,unknown,4,brain; brain/neural structure in title,
1969,NEURAL ASPECTS OF ATTACK BEHAVIOR IN CATS,J. P. Flynn,Annals of the New York Academy of Sciences,1969-07-01,14,"Cognitive Architectures, Learning, and Systems Neuroscience",,10.1111/j.1749-6632.1969.tb12993.x,eadd21ed78cf94b804d068526c6c215f07ddf818,https://doi.org/10.1111/j.1749-6632.1969.tb12993.x,JournalArticle,unknown,4,neural; brain/neural structure in title,
1969,Pathways to the cerebral cortex for nerve impulses from joints.,E. Gardner,Acta anatomica. Supplementum,1969,14,General Brain-AI Structure Reviews and Methods,brain-structure,10.1159/000143334,d0a4d9be7278584a6ac979c065790d8e3864e711,https://doi.org/10.1159/000143334,Review; JournalArticle,unknown,6,brain; cerebral; cortex; brain/neural structure in title,
1969,THE EVOLUTION OF THE BRAIN OF PRIMATES: ITS INFLUENCE ON THE FORM OF THE SKULL,H. Hofer,Unknown venue,1969-10-01,14,General Brain-AI Structure Reviews and Methods,brain-structure,10.1111/j.1749-6632.1969.tb20455.x,c654107b93caf1bf2c71e1cf2f320ff8e2cbe8f8,https://doi.org/10.1111/j.1749-6632.1969.tb20455.x,Review,unknown,4,brain; brain/neural structure in title,
1969,"The separation, prtial purificatio nd some properties of isoenzymes of aldolase from guinea-pig cerebral cortex.","P. C. Nicholas, H. Bachelard",Biochemical Journal,1969-05-01,14,General Brain-AI Structure Reviews and Methods,brain-structure,10.1042/BJ1120587,b9c93f0c10bcb6530d0b6af98dec82bab97d9c74,https://doi.org/10.1042/BJ1120587,JournalArticle,unknown,6,brain; cerebral; cortex; brain/neural structure in title,
1969,A dorso-lateral spinal pathway mediating information from the mesencephalon to dynamic fusimotor neurones.,"B. Appelberg, T. Jeneskog",Acta Physiologica Scandinavica,1969-09-01,13,"Cellular, Synaptic, and Neuromorphic Foundations",,10.1111/J.1748-1716.1969.TB04560.X,a09601b17b2721d8ff0ff57f23eef4cfedb355cc,https://doi.org/10.1111/J.1748-1716.1969.TB04560.X,JournalArticle,unknown,1,neuron,
1969,Effect of Galactose Toxicity on Growth of the Rat Fetus and Brain,"J C Haworth, J. Ford, M. K. Younoszai",Pediatric Research,1969-09-01,13,General Brain-AI Structure Reviews and Methods,brain-structure,10.1203/00006450-196909000-00007,4da3c91e43db037e8d8a5df2c16e950b20164b7f,https://doi.org/10.1203/00006450-196909000-00007,JournalArticle,unknown,4,brain; brain/neural structure in title,
1969,LYSOSOMES AND PINOCYTOSIS IN HUMAN AND EXPERIMENTAL BRAIN TUMORS *,"C. Sutton, N. Becker",Unknown venue,1969-07-01,13,Clinical NeuroAI and Brain Disorders,brain-structure,10.1111/j.1749-6632.1969.tb48300.x,e5b353a8f878db22f0a1e2c9d74e1ebc9f26e394,https://doi.org/10.1111/j.1749-6632.1969.tb48300.x,paper,unknown,4,brain; brain/neural structure in title,
1969,Some studies on rat brain microsomes in relation to growth and development.,"D. H. Adams, M. Fox",Brain Research,1969,13,General Brain-AI Structure Reviews and Methods,brain-structure,10.1016/0006-8993(69)90062-6,31ffd594400739ece8d11b3acfead1b8f576b359,https://doi.org/10.1016/0006-8993(69)90062-6,JournalArticle,unknown,4,brain; brain/neural structure in title,
1969,STEROL METABOLISM IN BRAIN TUMORS AND CEREBROSPINAL FLUID *,"R. Fumagalli, E. G. Paoletti, R. Paoletti, P. Paoletti",Unknown venue,1969-07-01,13,Clinical NeuroAI and Brain Disorders,brain-structure,10.1111/j.1749-6632.1969.tb48297.x,2fda8896e9eed58d633a0337cbb50fcb0c3d81b7,https://doi.org/10.1111/j.1749-6632.1969.tb48297.x,paper,unknown,4,brain; brain/neural structure in title,
1969,NEURAL SERVOSYSTEMS AND THE STRUCTURE OF PERSONALITY,K. Pribram,Journal of Nervous and Mental Disease,1969-07-01,12,General Brain-AI Structure Reviews and Methods,,10.1097/00005053-196907000-00005,954e6a871a24ec77fbae8aa4a800237f978fdf47,https://doi.org/10.1097/00005053-196907000-00005,JournalArticle,unknown,5,brain; neural; brain/neural structure in title,
1969,NORADRENALINE UPTAKE INTO CEREBAL CORTEX: A HISTOCHEMICAL STUDY,G. Arbuthnott,Journal of Neurochemistry,1969-12-01,12,General Brain-AI Structure Reviews and Methods,brain-structure,10.1111/j.1471-4159.1969.tb10358.x,5e74cfb127052b33448a727ca9c34fed06281687,https://doi.org/10.1111/j.1471-4159.1969.tb10358.x,JournalArticle,unknown,5,brain; cortex; brain/neural structure in title,
1969,SOME QUESTIONS ON PARAMETERS OF NEURAL EVOLUTION IN PRIMATES,"R. Holloway,",Unknown venue,1969-10-01,12,General Brain-AI Structure Reviews and Methods,,10.1111/j.1749-6632.1969.tb20454.x,23393bdeaf3f22dea7aa001518a23a81486df725,https://doi.org/10.1111/j.1749-6632.1969.tb20454.x,paper,unknown,5,brain; neural; brain/neural structure in title,
1969,INTRODUCTION TO BIOLOGICAL AND MECHANICAL PATTERN RECOGNITION,E. Gose,Unknown venue,1969,11,"Cognitive Architectures, Learning, and Systems Neuroscience",neural-signals,10.1016/B978-1-4832-3093-1.50016-X,483bba1bb13c53091ceec80c16ebb33c751704f0,https://doi.org/10.1016/B978-1-4832-3093-1.50016-X,paper,unknown,3,eeg; meg; ecog,
1969,Regional Cerebral Blood Flow in Dogs Using a Particle-Distribution Method∗,"T. H. Tschetter, A. Klassen, J. Resch",Proceedings of the Society for Experimental Biology and Medicine. Society for Experimental Biology and Medicine,1969-09-01,11,General Brain-AI Structure Reviews and Methods,brain-structure,10.3181/00379727-131-34079,658d41db79886152cf77daec918cb8fcc639cbf0,https://doi.org/10.3181/00379727-131-34079,JournalArticle,unknown,2,brain; cerebral,
1969,The cerebral cortex as a diffractive medium,T. Barrett,Unknown venue,1969-05-01,11,General Brain-AI Structure Reviews and Methods,brain-structure,10.1016/0025-5564(69)90016-9,326ff62e4dbfd4eec6895a09ebf176dc8a102ef4,https://doi.org/10.1016/0025-5564(69)90016-9,paper,unknown,6,brain; cerebral; cortex; brain/neural structure in title,
1969,Anatomy and the Higher Functions of the Brain,N. Geschwind,Unknown venue,1969,10,General Brain-AI Structure Reviews and Methods,brain-structure,10.1007/978-94-010-3378-7_3,62574e8a6c99d8487eea362b1d2073c34c50f7cc,https://doi.org/10.1007/978-94-010-3378-7_3,paper,unknown,4,brain; brain/neural structure in title,
1969,Arteries and Veins of the Human Brain.,L. Kempe,Unknown venue,1969-12-01,10,General Brain-AI Structure Reviews and Methods,brain-structure,10.1001/ARCHINTE.1969.00300220128043,262b61071225ef7b643a08fec5794e9b4de36e00,https://doi.org/10.1001/ARCHINTE.1969.00300220128043,paper,unknown,4,brain; brain/neural structure in title,
1969,"Brain function, Vol. V: Aggression and defense: neural mechanisms and social patterns",A. Mirsky,Unknown venue,1969-03-01,10,General Brain-AI Structure Reviews and Methods,brain-structure,10.1016/0013-4694(69)90156-4,2c5e361ccd9db3c9808b99286efa913517c23de0,https://doi.org/10.1016/0013-4694(69)90156-4,paper,unknown,5,brain; neural; brain/neural structure in title,
1969,"Changes in protein, electrolyte, and water metabolism caused by prolonged spreading cortical depression in rats.",J. Křivánek,Journal of Neurobiology,1969,10,General Brain-AI Structure Reviews and Methods,brain-structure,10.1002/NEU.480010203,838e5e3efe85b482bab23b4c2ea9e73227ded954,https://doi.org/10.1002/NEU.480010203,JournalArticle,unknown,2,brain; cortical,
1969,Determination of specific cereberal impedance and cerebral current density during the application of diffuse electrical currents,"J. Lang, A. Sances, S. Larson",Medical & Biological Engineering,1969-09-01,10,General Brain-AI Structure Reviews and Methods,brain-structure,10.1007/BF02551717,30d6c7d5b789e83f24da6773b81551e58667e83f,https://doi.org/10.1007/BF02551717,JournalArticle,unknown,2,brain; cerebral,
1969,Recruiting responses in the cerebral cortex produced by putamen and pallidum stimulation,"Gerhard Dieckmann, K. Sasaki",Experimental Brain Research,1969-09-01,10,General Brain-AI Structure Reviews and Methods,brain-structure,10.1007/BF00235048,e64205c2bea23381e44abdea9f9d7498627f722b,https://doi.org/10.1007/BF00235048,JournalArticle,unknown,6,brain; cerebral; cortex; brain/neural structure in title,
1969,Sodium localization in the cerebellum.,K. Siegesmund,Journal of Anatomy,1969-09-01,10,General Brain-AI Structure Reviews and Methods,brain-structure,,e5848b8548e1d42fe88815a21ad425dc7ed5e794,https://www.semanticscholar.org/paper/e5848b8548e1d42fe88815a21ad425dc7ed5e794,JournalArticle,unknown,2,brain; cerebellum,
1969,Subcellular distribution of endogenous and (3H) gamma-aminobutyric acid in rat cerebral cortex.,"M. Neal, L. Iversen",Journal of Neurochemistry,1969,10,"Cellular, Synaptic, and Neuromorphic Foundations",brain-structure,,ee5c14c444287d7ed865f52a78538c4a5cc5cbac,https://www.semanticscholar.org/paper/ee5c14c444287d7ed865f52a78538c4a5cc5cbac,JournalArticle,unknown,6,brain; cerebral; cortex; brain/neural structure in title,
1969,The Human Brain in Figures and Tables: A quantitative Handbook.,J. Brozek,Unknown venue,1969,10,General Brain-AI Structure Reviews and Methods,brain-structure,10.1037/0010366,746be96dfefb80d274b46568394fd0f832779049,https://doi.org/10.1037/0010366,paper,unknown,4,brain; brain/neural structure in title,
1969,A brain perfusion technique adapted for the study of drugs which may affect the peripheral circulation through a central action.,"J. Barrett, A. Ingenito, L. Procita",Journal of Pharmacology and Experimental Therapeutics,1969-12-01,9,General Brain-AI Structure Reviews and Methods,brain-structure;neuroimaging,10.1016/s0022-3565(25)28414-2,f27b0a4523ab61f65e79812ff4325de9782dbcbd,https://doi.org/10.1016/s0022-3565(25)28414-2,JournalArticle,unknown,6,brain; cerebral; neural; brain/neural structure in title,"An in situ isolated, perfused brain technique has been adapted in the form of a preparation in a single cat consisting of an extracorporeally perfused brain which can competently exercise reflex and/or tonic sympathetic control over the peripheral circulation of the body and an in situ isolated, perfused hindlimb."
1969,Carbohydrate and Oxidative Metabolism in Neural Systems,"H. Bachelard, H. Mcilwain",Unknown venue,1969,9,General Brain-AI Structure Reviews and Methods,,10.1016/B978-0-444-40695-8.50014-2,9e05c371bb73a8e1b6bb35d3f9cbe2b8b0d56402,https://doi.org/10.1016/B978-0-444-40695-8.50014-2,paper,unknown,5,brain; neural; brain/neural structure in title,
1969,Cerebral death and the transplantation era.,Clarence Crafoord,Diseases of the Chest,1969-02-01,9,General Brain-AI Structure Reviews and Methods,brain-structure,10.1378/CHEST.55.2.141,6682ac8dc5d14b2abb2e2f1490a717cdfdfdb08d,https://doi.org/10.1378/CHEST.55.2.141,JournalArticle,unknown,2,brain; cerebral,
1969,Electrophysiological investigations on the pathways from cerebral cortex to the anterior lobe of cerebellum.,"L. Cervetto, Marchesi Gf, Piergiorgio Strata",Archives Italiennes de Biologie,1969-07-31,9,General Brain-AI Structure Reviews and Methods,brain-structure,10.4449/AIB.V107I2.2336,b21cf47a82482df100f4f6e411391c6ed87b1b8d,https://doi.org/10.4449/AIB.V107I2.2336,JournalArticle,unknown,7,brain; cerebral; cortex; cerebellum; brain/neural structure in title,
1969,Interhemispheric spread of drug-induced electrical cortical activity.,U. Leibowitz,Electroencephalography and Clinical Neurophysiology,1969-05-01,9,"Connectomics, Graph Models, and Brain Networks",brain-structure;connectome;neural-signals;clinical-neuroai,10.1016/0013-4694(69)90128-X,61dbe63ee4e8b685081a993f521b845eee6167da,https://doi.org/10.1016/0013-4694(69)90128-X,JournalArticle,unknown,3,cortical; eeg; meg,
1969,Sensory and motor responses to stimulation of the posterior cingulate cortex in man.,"G. Dierssen, B. Odoriz, C. Hernando",Journal of Neurosurgery,1969-10-01,9,General Brain-AI Structure Reviews and Methods,brain-structure,10.3171/JNS.1969.31.4.0435,51e6a86217a58cee9d168b1ed14b7d03fa044df6,https://doi.org/10.3171/JNS.1969.31.4.0435,JournalArticle,unknown,5,brain; cortex; brain/neural structure in title,
1969,[On the C18-and C20-sphingosine content of ceramides and sphingomyelins from the grey and white matter of the human brain].,"E. Klenk, R. T. Huang",Hoppe-Seyler´s Zeitschrift für physiologische Chemie,1969-03-01,8,General Brain-AI Structure Reviews and Methods,brain-structure,10.1515/bchm2.1969.350.1.373,a8cce8eeaec8892e9df872528f6188e9a7de12c7,https://doi.org/10.1515/bchm2.1969.350.1.373,JournalArticle,unknown,4,brain; brain/neural structure in title,
1969,Ammoniacal silver staining of embryonic chicken cells and chromosomes.,"S. Bloom, E. Buss",Poultry Science,1969-05-01,8,"Cellular, Synaptic, and Neuromorphic Foundations",brain-structure,10.3382/PS.0481114,450ddeacf4bee50a9ce3e0d66aa1bfe55564165e,https://doi.org/10.3382/PS.0481114,JournalArticle,unknown,1,brain,"Abstract Ammoniacal silver stains the cytoplasm of reticuloendothelial cells, microglia of the brain, and blood monocytes, as well as nuclei in lymph nodes of mice and humans (Black and Speer, 1958)."
1969,Developments in veterinary science. Polioencephalomalacia (cerebrocortical necrosis).,"F. Loew, O. Radostits, R. Dunlop",The Canadian veterinary journal = La revue veterinaire canadienne,1969-02-01,8,General Brain-AI Structure Reviews and Methods,brain-structure,,b508625377e20a14154070b7e602551be6943422,https://www.semanticscholar.org/paper/b508625377e20a14154070b7e602551be6943422,JournalArticle,unknown,2,brain; cortical,
1969,Effect of Brain Stimulation on Estrous Activity Cycles,"J. Hitt, A. Gerall",Psychological Reports,1969-02-01,8,General Brain-AI Structure Reviews and Methods,brain-structure,10.2466/pr0.1969.24.1.59,41be4021f34e3aab28667cf8005fb965441e36b7,https://doi.org/10.2466/pr0.1969.24.1.59,JournalArticle,unknown,16,brain; bci; brain/neural structure in title; explicit brain-structure/AI bridge,
1969,Electron microscopic alterations in the vicinity of epileptogenic cobalt-gelatine necrosis in the cerebral cortex of the rat,J. Fischer,Acta Neuropathologica,1969-09-01,8,General Brain-AI Structure Reviews and Methods,brain-structure,10.1007/BF00685300,7db334ddd83cf017e0742fcf708981cf45e38cab,https://doi.org/10.1007/BF00685300,JournalArticle,unknown,6,brain; cerebral; cortex; brain/neural structure in title,
1969,"l-GLUTAMIC ACID, GAMMA-AMINOBUTYRIC ACID AND PYRIDOXAL-5′-PHOSPHATE AT THE LEVEL OF THE SINGLE UNIT IN RAT BRAIN",F. A. Steiner,Annals of the New York Academy of Sciences,1969-09-01,8,General Brain-AI Structure Reviews and Methods,brain-structure,10.1111/j.1749-6632.1969.tb54270.x,723dcbe07eb21aba0adb1cf28bcc08079e2bcfc8,https://doi.org/10.1111/j.1749-6632.1969.tb54270.x,JournalArticle,unknown,4,brain; brain/neural structure in title,
1969,Studies on in vitro RNA synthesis in human brain tumor nuclei.,"A. Dravid, T. Duffy, K. Haglid",Brain Research,1969,8,Clinical NeuroAI and Brain Disorders,brain-structure,10.1016/0006-8993(69)90072-9,b4461cb000474cfcc4116ea22224e8613a583b9b,https://doi.org/10.1016/0006-8993(69)90072-9,JournalArticle,unknown,4,brain; brain/neural structure in title,
1969,The effects of forebrain commissurotomies on the rate of learning a dark-light discrimination by cats.,"J. Larsen, S. S. Winans, T. H. Meikle",Brain Research,1969-08-01,8,"Cognitive Architectures, Learning, and Systems Neuroscience",brain-structure,10.1016/0006-8993(69)90211-X,fcbe50b0eba66dc44db75fff6e11740842a64acc,https://doi.org/10.1016/0006-8993(69)90211-X,JournalArticle,unknown,8,brain; brain/neural structure in title; historical computation/learning bridge,
1969,The mode of action of morphine on the uptake of carbachol and decamethonium by slices of rat cerebral cortex.,"Dermot B. Taylor, Richard Creese, LU TZU-CHIAU",Journal of Pharmacology and Experimental Therapeutics,1969-02-01,8,General Brain-AI Structure Reviews and Methods,brain-structure,10.1016/s0022-3565(25)28194-0,c57fbd7303e70315ba772d2c34d7e232177a6031,https://doi.org/10.1016/s0022-3565(25)28194-0,JournalArticle,unknown,6,brain; cerebral; cortex; brain/neural structure in title,Slices of rat cerebral cortex in Krebs' fluid concentrate labeled carbachol and decamethonium (C10) ; this uptake was inhibited by morphine.
1969,The release of amino-acids from electrically stimulated rat cerebral cortex slices.,"J. Mitchell, M. Neal, V. Srinivasan",British Journal of Pharmacology,1969-05-01,8,General Brain-AI Structure Reviews and Methods,brain-structure,,4dc937722334ad7776f546a238bdb3f94bd412ce,https://www.semanticscholar.org/paper/4dc937722334ad7776f546a238bdb3f94bd412ce,JournalArticle,unknown,6,brain; cerebral; cortex; brain/neural structure in title,
1969,[Unilateral cerebral cortex hamartoblastoma (diffuse gangliocytoma) associated with a sudanophilic degeneration of the white matter in the opposite side].,"R. Dom, J. Brucher",Revue neurologique (Paris),1969-05-01,7,General Brain-AI Structure Reviews and Methods,brain-structure,,3c51d8e14f2cd19a78bb8c901a625be5547fdbbc,https://www.semanticscholar.org/paper/3c51d8e14f2cd19a78bb8c901a625be5547fdbbc,JournalArticle,unknown,6,brain; cerebral; cortex; brain/neural structure in title,
1969,A Factor Analysis of Neuronal Responses during Habituation in Cats,"E. Halas, J. V. Beardsley",Unknown venue,1969,7,"Cellular, Synaptic, and Neuromorphic Foundations",,10.1007/BF03393827,04a60f69320fb80b8cc2ca2b1fa9af19d163be2b,https://doi.org/10.1007/BF03393827,paper,unknown,1,neuron,
1969,Agroclavine antagonizes Depression induced by Noradrenaline in the Cerebral Cortex of the Rat,"N. Davidson, J. Edwardson, D. Schwab",Nature,1969-09-13,7,General Brain-AI Structure Reviews and Methods,brain-structure,10.1038/2231166A0,e9be9432a2c12f399fc8d927f462abd6c0b8a52c,https://doi.org/10.1038/2231166A0,JournalArticle,unknown,6,brain; cerebral; cortex; brain/neural structure in title,
1969,Effects of aminopyrine and phenylbutazone on the activity of neurons in the trigeminal nuclei and hypothalamus.,"M. Sasa, N. Fukuda, S. Takaori",Japanese Journal of Pharmacology,1969,7,"Cellular, Synaptic, and Neuromorphic Foundations",brain-structure,10.1254/JJP.19.363,3b10dd40a433251f50ce002375476b049738b80d,https://doi.org/10.1254/JJP.19.363,JournalArticle,unknown,8,brain; cortex; thalamus; hypothalamus; brainstem; eeg,Informations for the neural mechanism of pain sensation are still insufficient.
1969,Effects of anticholinergic drugs on epileptic activity from amygdala and frontal cortex,"C. Vas, J. Delgado, G. Glaser",Neurology,1969-03-01,7,General Brain-AI Structure Reviews and Methods,brain-structure,10.1212/WNL.19.3.234,9a72350600530d27b0c5d9f490515e1c5517c84a,https://doi.org/10.1212/WNL.19.3.234,JournalArticle; Study,unknown,5,cortex; amygdala; brain/neural structure in title,
1969,MALNUTRITION AND BRAIN DEVELOPMENT,J. S. WlGGLESWORTH,Unknown venue,1969-12-01,7,General Brain-AI Structure Reviews and Methods,brain-structure,10.1111/j.1469-8749.1969.tb01526.x,ba8a91439cf7e2ef768967f7e87a9a1d9cabb2a6,https://doi.org/10.1111/j.1469-8749.1969.tb01526.x,paper,unknown,4,brain; brain/neural structure in title,
1969,Neural information processing - Windows without and the citadel within,W. R. Adey,Unknown venue,1969,7,General Brain-AI Structure Reviews and Methods,,,dba2bf9e53a678d1a30898ae6186e50b1b65c741,https://www.semanticscholar.org/paper/dba2bf9e53a678d1a30898ae6186e50b1b65c741,paper,unknown,5,brain; neural; brain/neural structure in title,
1969,Postnatal Changes in Protein Metabolism of Brain: I. Studies in Newborn Miniature Pigs at Varying Conceptual Ages,"R. Schain, M. J. Carver, J. H. Copenhaver",Pediatric Research,1969-03-01,7,General Brain-AI Structure Reviews and Methods,brain-structure,10.1203/00006450-196903000-00005,ea934c959e8a1cfabef2d3b8ac9474fab8d107ff,https://doi.org/10.1203/00006450-196903000-00005,JournalArticle,unknown,4,brain; brain/neural structure in title,
1969,RADIATION THERAPY IN THE MANAGEMENT OF PRIMARY BRAIN TUMORS,J. Bouchard,Unknown venue,1969-07-01,7,Clinical NeuroAI and Brain Disorders,brain-structure,10.1111/j.1749-6632.1969.tb48305.x,6a2628cd0acfbd283ded693828530110d38a3666,https://doi.org/10.1111/j.1749-6632.1969.tb48305.x,paper,unknown,4,brain; brain/neural structure in title,
1969,[A case of penetration of Hypoderma lineatum de Villers larva into the human brain].,P. Semenov,Meditsinskaia parazitologiia i parazitarnye bolezni,1969,6,General Brain-AI Structure Reviews and Methods,brain-structure,,0874bbbf7bd81b08cf9c1f543c1bf9b6a63638f9,https://www.semanticscholar.org/paper/0874bbbf7bd81b08cf9c1f543c1bf9b6a63638f9,JournalArticle; CaseReport,unknown,4,brain; brain/neural structure in title,
1969,Biochemical patterns in brain tumours,G. Viale,Acta Neurochirurgica,1969-12-01,6,General Brain-AI Structure Reviews and Methods,brain-structure,10.1007/BF01405102,79770eb9b2efc3344c9d4a219c3d0894bbc92799,https://doi.org/10.1007/BF01405102,paper,unknown,4,brain; brain/neural structure in title,
1969,DISTRIBUTION QUANTITATIVE DES DIVERS PHOSPHOLIPIDES DANS LES NEURONES ET LES CELLULES GLIALES ISOLES DU CORTEX CEREBRAL DE RAT ADULTE,"L. Freysz, E. Bieth, P. Mandel",Unknown venue,1969,6,"Cellular, Synaptic, and Neuromorphic Foundations",brain-structure,10.1016/B978-0-08-013311-9.50071-3,f2870219ca462b70114067b16456b91db0ac3764,https://doi.org/10.1016/B978-0-08-013311-9.50071-3,paper,unknown,6,cerebral; cortex; neuron; brain/neural structure in title,
1969,Diuretics in Cerebral Edema,"H. Reulen, M. Samii, K. R. Koczorek, A. Baethmann, K. Schürmann",Unknown venue,1969,6,General Brain-AI Structure Reviews and Methods,brain-structure,10.1007/978-3-642-88089-6_46,02e2a1849237c81b7d4a0dfa2c5b70ba7c812715,https://doi.org/10.1007/978-3-642-88089-6_46,paper,unknown,2,brain; cerebral,
1969,Including physiological data in a science of behavior: A critical analysis,Mirari Elcoro,Unknown venue,1969-12-31,6,"Cellular, Synaptic, and Neuromorphic Foundations",brain-structure,10.31505/RBTCC.V10I2.248,d41d497378d816b328138161a26dcc3bbfe1d2eb,https://doi.org/10.31505/RBTCC.V10I2.248,paper,unknown,2,brain; neural,The position of behavior analysts on the inclusion of physiological data in behavior analysis varies.
1969,Isolation and properties of some molecular species of human brain esterases.,"S. F. Estrugo, J. Bernsohn, K. Barron, A. Hess",Biochimica et Biophysica Acta,1969-02-11,6,General Brain-AI Structure Reviews and Methods,brain-structure,10.1016/0005-2744(69)90160-0,ddc0f0116942cf2b752fc0135dc2605bb8580368,https://doi.org/10.1016/0005-2744(69)90160-0,JournalArticle,unknown,4,brain; brain/neural structure in title,
1969,Mathematical approach to the study of a cerebral cortex. 3. The columnar organization in the cortex and the spread of activity in the model.,F. Lauria,Journal of Theoretical Biology,1969-04-01,6,Computational Neuroscience and Brain-Inspired AI,brain-structure,10.1016/S0022-5193(69)80055-X,90c4c3ea298a8c1e88da4da00c6eb65604ff22c0,https://doi.org/10.1016/S0022-5193(69)80055-X,JournalArticle,unknown,17,cerebral; cortex; computational neuroscience; brain/neural structure in title; explicit brain-structure/AI bridge,
1969,Phospholipases in cerebrospinal fluid and cell fractions of human brain.,"D. Illingworth, J. Glover",Biochemical Journal,1969-11-01,6,"Cellular, Synaptic, and Neuromorphic Foundations",brain-structure,10.1042/BJ1150016PB,01e5a3b8da1d2161bf0f557655e97566c69dfcfd,https://doi.org/10.1042/BJ1150016PB,JournalArticle,unknown,4,brain; brain/neural structure in title,
1969,Projections of low threshold join afferents to the cerebral cortex of the cat.,"L. Körner, S. Landgren",Acta Physiologica Scandinavica,1969-05-01,6,General Brain-AI Structure Reviews and Methods,brain-structure,,5ff4b3a95f6339e871a04996776e351260597235,https://www.semanticscholar.org/paper/5ff4b3a95f6339e871a04996776e351260597235,JournalArticle,unknown,6,brain; cerebral; cortex; brain/neural structure in title,
1969,The association area of the cerebral cortex and its interaction with sensory zones,Narikashvili Sp,Unknown venue,1969,6,General Brain-AI Structure Reviews and Methods,brain-structure,,1117124ff4ed576d4c24bab2dcf1f0faa8bb934a,https://www.semanticscholar.org/paper/1117124ff4ed576d4c24bab2dcf1f0faa8bb934a,paper,unknown,6,brain; cerebral; cortex; brain/neural structure in title,
1969,THE UPTAKE OF METHONIUM COMPOUNDS BY ISOLATED SLICES OF RAT CEREBRAL CORTEX 1,"D. B. Taylor, T. Lu, R. Creese, J. Steinborn",Journal of Neurochemistry,1969-07-01,6,General Brain-AI Structure Reviews and Methods,brain-structure,10.1111/j.1471-4159.1969.tb05963.x,97e97c698ff640b13939bed5e645944cfb086180,https://doi.org/10.1111/j.1471-4159.1969.tb05963.x,JournalArticle,unknown,6,brain; cerebral; cortex; brain/neural structure in title,
1969,[Electric taste. Stimulus intensity dependent evoked brain potentials following electric stimulation of the tongue in humans].,K. Plattig,Zeitschrift fur Biologie,1969,5,General Brain-AI Structure Reviews and Methods,brain-structure,,b1f3d6ab705f7acc5c52c7e89581ec286a9ae52e,https://www.semanticscholar.org/paper/b1f3d6ab705f7acc5c52c7e89581ec286a9ae52e,JournalArticle,unknown,4,brain; brain/neural structure in title,
1969,[Structural organization of the motor zone of the cerebral cortex in dolphins].,"V. S. Kesarev, L. I. Malofeeva","Arkhiv anatomii, gistologii i embriologii",1969,5,General Brain-AI Structure Reviews and Methods,brain-structure,,b163b333f838ee3dc289ee5cae8b1749e51dbe9c,https://www.semanticscholar.org/paper/b163b333f838ee3dc289ee5cae8b1749e51dbe9c,JournalArticle,unknown,6,brain; cerebral; cortex; brain/neural structure in title,
1969,AN INTRALAMINAR ANALYSIS OF β-GLUCURONIDASE IN CEREBRAL CORTEX OF RAT 1,"N. Allen, H. Dekirmenjian",Journal of Neurochemistry,1969-07-01,5,General Brain-AI Structure Reviews and Methods,brain-structure,10.1111/j.1471-4159.1969.tb05956.x,9dcda8d4f16de9a6588719d27a1936b09d34637d,https://doi.org/10.1111/j.1471-4159.1969.tb05956.x,JournalArticle,unknown,6,brain; cerebral; cortex; brain/neural structure in title,
1969,Analysis of EEG activity recorded from electrodes implanted in deep structures of the human brain.,M. Brazier,Electroencephalography and Clinical Neurophysiology,1969,5,"Connectomics, Graph Models, and Brain Networks",brain-structure;connectome;neural-signals;clinical-neuroai;neuromorphic-bci,,c960a98b2f406d1c4efda61e3fa84756d48fe174,https://www.semanticscholar.org/paper/c960a98b2f406d1c4efda61e3fa84756d48fe174,JournalArticle,unknown,6,brain; eeg; meg; brain/neural structure in title,
1969,Human Brain Potentials and Vision,H. Vaughan,International ophthalmology clinics,1969,5,General Brain-AI Structure Reviews and Methods,brain-structure,10.1097/00004397-196900940-00006,e4f2b2744f6806d3f318a0f8b4b900ea70576843,https://doi.org/10.1097/00004397-196900940-00006,JournalArticle,unknown,4,brain; brain/neural structure in title,
1969,Inhibition by gamma-hexachlorocyclohexane of acetylcholine-stimulated phosphatidylinositol synthesis in cerebral cortex slices and of phosphatidic acid-inositol transferase in cerebral cortex particulate fractions.,"M. R. Hokin, D. F. Brown",Journal of Neurochemistry,1969,5,General Brain-AI Structure Reviews and Methods,brain-structure,,c7372ec01a56dfd791154d7ebb6c7f8ce179683f,https://www.semanticscholar.org/paper/c7372ec01a56dfd791154d7ebb6c7f8ce179683f,JournalArticle,unknown,6,brain; cerebral; cortex; brain/neural structure in title,
1969,Localization of 113mIn-chelates compared with 99mTc-sodium pertechnetate in experimental cerebral lesions.,"J. Burdine, T. Waltz, F. Matsen, F. Rapp",Journal of Nuclear Medicine,1969-06-01,5,General Brain-AI Structure Reviews and Methods,brain-structure,,5c2b26003804d7e9363bc203aa24396f55b51f6d,https://www.semanticscholar.org/paper/5c2b26003804d7e9363bc203aa24396f55b51f6d,JournalArticle; Study,unknown,2,brain; cerebral,
1969,Mathematical approach to the study of a cerebral cortex. II. The self-consistency of the model and the coupling coefficients of the neuronic equations.,F. Lauria,Journal of Theoretical Biology,1969-04-01,5,Computational Neuroscience and Brain-Inspired AI,brain-structure,10.1016/0022-5193(69)90068-X,5f81120bdc69ce34ef1a02a70dac4a58b8352720,https://doi.org/10.1016/0022-5193(69)90068-X,JournalArticle,unknown,10,cerebral; cortex; neuron; brain/neural structure in title; historical computation/learning bridge,
1969,Morpho-histochemical study of the action of trifluoperazine on the brain of white rats,"V. A. Romasenko, I. Jacobson",Acta Neuropathologica,1969-03-01,5,General Brain-AI Structure Reviews and Methods,brain-structure,10.1007/BF00685307,675d047d3883bc212b3ff86d68500bc1059125de,https://doi.org/10.1007/BF00685307,JournalArticle,unknown,4,brain; brain/neural structure in title,
1969,Post-natal development of synapses in the cerebral cortex of the rat.,"M. Armstrong-James, F. Johnson",Journal of Anatomy,1969,5,"Cellular, Synaptic, and Neuromorphic Foundations",brain-structure,,89dbbd577e939e9b4371b89ad05ace20edb91449,https://www.semanticscholar.org/paper/89dbbd577e939e9b4371b89ad05ace20edb91449,JournalArticle,unknown,6,cerebral; cortex; synapse; brain/neural structure in title,
1969,"Recent Investigations on the Chemical Nature of Thromboplastin (""TP"") from Human Brain","E. Hecht, G. Wijngaards",Thrombosis and Haemostasis,1969-06-15,5,General Brain-AI Structure Reviews and Methods,brain-structure,10.1055/s-0038-1653567,b83ee066899cf836468aa90f06d72e56b57384d2,https://doi.org/10.1055/s-0038-1653567,JournalArticle,unknown,4,brain; brain/neural structure in title,
1969,The Small Pyramidal Neuron of the Rat Cerebral Cortex the Axon Hillock and Initial Segment,"Alan Peters, C. Proskauer, I. R. Kaiserman-Abramof",Unknown venue,1969,5,"Cellular, Synaptic, and Neuromorphic Foundations",brain-structure,,b294d7c49993c9e4c94897ba6c10dd53187167a5,https://www.semanticscholar.org/paper/b294d7c49993c9e4c94897ba6c10dd53187167a5,paper,unknown,6,cerebral; cortex; neuron; brain/neural structure in title,
1969,"Biochemistry of the normal dura mater of the human brain determination of water, sodium, potassium, calcium, phosphorus, magnesium, copper, iron, sulfur and nitrogen contents","H. Canelas, J. Aisen, F. B. Jorge, A. Anghinah",Unknown venue,1969-06-01,4,General Brain-AI Structure Reviews and Methods,brain-structure,10.1590/S0004-282X1969000200001,b6e557cd23063a422011d3fe9f166f9d1afdffc9,https://doi.org/10.1590/S0004-282X1969000200001,paper,unknown,5,brain; cerebral; brain/neural structure in title,"The concentrations of water, sodium, potassium, calcium, phosphorus, magnesium, copper, iron, sulfur, and nitrogen were determined in samples of apparently normal dura mater removed from 18 subjects recently dead by craniocerebral trauma."
1969,Conditioned interhemispheric transfer by cerebral tetanization,"C. Giurgea, F. Moeyrsoons",Pavlovian Journal of Biological Science,1969-10-01,4,General Brain-AI Structure Reviews and Methods,brain-structure,10.1007/BF03000134,064cc59d9ab6532fc42055ad9008ecf14cb5d73d,https://doi.org/10.1007/BF03000134,JournalArticle,unknown,2,brain; cerebral,
1969,"Current Topics in Radiation Research, Vol. 5",P. Howard-Flanders,The Yale Journal of Biology and Medicine,1969-12-01,4,"Cognitive Architectures, Learning, and Systems Neuroscience",brain-structure,,967ceb14945357bee20f36ad1aad9a9bdbf742c1,https://www.semanticscholar.org/paper/967ceb14945357bee20f36ad1aad9a9bdbf742c1,paper,unknown,1,brain,varies in a predictable manner in relation to the hormonal status of their female partners.
1969,Fatal mumps meningoencephalitis. Isolation of virus from human brain (case report).,"C. de Godoy, T. de Brito, A. Tiriba, C. M. de Campos",Revista do Instituto de Medicina Tropical de São Paulo,1969-11-01,4,General Brain-AI Structure Reviews and Methods,brain-structure,,332e5fb8f49a716070d469700375604db269a5da,https://www.semanticscholar.org/paper/332e5fb8f49a716070d469700375604db269a5da,JournalArticle,unknown,4,brain; brain/neural structure in title,
1969,Interference of scalp and skull with external measurements of brain isotope content. 2. Absorption by skull of gamma radiation originating in brain.,"W. Oldendorf, Y. Iisaka",Journal of Nuclear Medicine,1969-04-01,4,General Brain-AI Structure Reviews and Methods,brain-structure,,2f3b09cf370fa83d962540ecaf8d8a643e23e879,https://www.semanticscholar.org/paper/2f3b09cf370fa83d962540ecaf8d8a643e23e879,JournalArticle,unknown,4,brain; brain/neural structure in title,
1969,Intracerebral autografts of mouse tail skin,W. Thomas Smith,Journal of Pathology,1969-01-01,4,General Brain-AI Structure Reviews and Methods,brain-structure,10.1002/path.1710970125,6a694e25a001b508a89b8aedf80917c0b50f4fb4,https://doi.org/10.1002/path.1710970125,JournalArticle,unknown,2,brain; cerebral,
1969,Osmotically induced changes in brain steady potential and auditory evoked response.,"M. Feldman, S. Goldring",Electroencephalography and Clinical Neurophysiology,1969-06-01,4,"Connectomics, Graph Models, and Brain Networks",brain-structure;connectome;neural-signals;clinical-neuroai,10.1016/0013-4694(69)90004-2,b04d9312c8d6fb1e8746e76eb3d701887ffe4bc8,https://doi.org/10.1016/0013-4694(69)90004-2,JournalArticle,unknown,6,brain; eeg; meg; brain/neural structure in title,
1969,Physical bases of fast and slow electric oscillations registered in the cerebral cortex,"Bogdanov KIu, Golovchinskiĭ Vb",Unknown venue,1969-05-01,4,"Electrophysiology, Neural Signals, and AI Decoding",brain-structure;neural-signals,,c3af30b9d495ae98a839a58682c7891bc3c88838,https://www.semanticscholar.org/paper/c3af30b9d495ae98a839a58682c7891bc3c88838,paper,unknown,7,cerebral; cortex; eeg; meg; brain/neural structure in title,
1969,Single dose-effect relationships of lithium on the electrical activity of the cerebral cortex and of the heart.,"C. Pfeiffer, M. Singh, L. Goldstein",The Journal of New Drugs,1969-09-10,4,Clinical NeuroAI and Brain Disorders,brain-structure;clinical-neuroai,10.1177/009127006900900504,6d010cd9c11a5b77270013ec582b0974a595fd93,https://doi.org/10.1177/009127006900900504,JournalArticle; ClinicalTrial,unknown,5,cerebral; cortex; brain/neural structure in title,
1969,The incorporation of [14C] orotic acid into the nuclear and microsomal RNA fractions of the developing rat cerebral cortex. Some effects of deoxycholate treatment.,D. H. Adams,Journal of Neurological Sciences,1969,4,General Brain-AI Structure Reviews and Methods,brain-structure,10.1016/0022-510X(69)90048-3,aa05fd1332ac23366cc190fc9d6dd86de1669cbf,https://doi.org/10.1016/0022-510X(69)90048-3,JournalArticle,unknown,6,brain; cerebral; cortex; brain/neural structure in title,
1969,The nature of tetraphenylboron-dissociated brain and brain tumor cells.,"M. Mahaley, R. F. Wilfong",Journal of Neurosurgery,1969-03-01,4,"Cellular, Synaptic, and Neuromorphic Foundations",brain-structure,10.3171/JNS.1969.30.3PART1.0250,99627be79a7578d3d1ee0665390b2a0f47b5a5ce,https://doi.org/10.3171/JNS.1969.30.3PART1.0250,JournalArticle,unknown,4,brain; brain/neural structure in title,
1969,The penetration of14C-urea and3H-water into the rat brain with cold-induced cerebral oedema,"K. Go, F. van Woudenberg, M. G. Woldring, E. J. Ebels, J. W. F. Beks, E. Smeets",Acta Neurochirurgica,1969-06-01,4,General Brain-AI Structure Reviews and Methods,brain-structure,10.1007/BF01540919,4991da56942134beff5d55fc64618e3581f1025a,https://doi.org/10.1007/BF01540919,paper,unknown,5,brain; cerebral; brain/neural structure in title,
1969,A case of penetration of Hypoderma lineatum de Villers larva into the human brain,Semenov Pv,Unknown venue,1969-09-01,3,General Brain-AI Structure Reviews and Methods,brain-structure,,c0fa6656724729cf14bbd8765af31f855c99af7a,https://www.semanticscholar.org/paper/c0fa6656724729cf14bbd8765af31f855c99af7a,paper,unknown,4,brain; brain/neural structure in title,
1969,Biochemical patterns in brain tumours,G. Viale,Acta Neurochirurgica,1969-12-01,3,General Brain-AI Structure Reviews and Methods,brain-structure,10.1007/BF01540920,7886320e309def64644a04dafe168fd8be666f4a,https://doi.org/10.1007/BF01540920,paper,unknown,4,brain; brain/neural structure in title,
1969,GANGLIOSIDES IN RELATION TO HISTOLOGICAL STRUCTURE OF CEREBRAL CORTEX AND OF PHOTORECEPTOR ORGANELLES,"H. Hess, N. H. Bass, C. Still",Unknown venue,1969,3,General Brain-AI Structure Reviews and Methods,brain-structure,10.1016/B978-0-08-013311-9.50095-6,50ffd4ffce10b2458813c50689d7bfbdd98b4341,https://doi.org/10.1016/B978-0-08-013311-9.50095-6,paper,unknown,6,brain; cerebral; cortex; brain/neural structure in title,
1969,Local H2-Clearance and PO2-Measurements in Microareas of the Brain Tissue in Rats,"H. Metzger, W. Erdmann, J. Heidenreich",Unknown venue,1969,3,General Brain-AI Structure Reviews and Methods,brain-structure,10.1007/978-3-642-85860-4_15,fdf96f14aa65a1b07d41c35f218f5c827ddd6229,https://doi.org/10.1007/978-3-642-85860-4_15,paper,unknown,4,brain; brain/neural structure in title,
1969,On physiological mechanisms of sleep inhibition irradiation over the cerebral cortex.,Kogan Ab,Unknown venue,1969,3,General Brain-AI Structure Reviews and Methods,brain-structure,,81dfae2c3f4c65a004334d4813f9f5fbc37e3ec3,https://www.semanticscholar.org/paper/81dfae2c3f4c65a004334d4813f9f5fbc37e3ec3,paper,unknown,6,brain; cerebral; cortex; brain/neural structure in title,
1969,Preparation of La Crosse Virus Hemagglutinating Antigen in BHK-21 Suspension Cell Cultures,"W. Chappell, P. Halonen, R. F. Toole, C. Calisher, L. Chester",Unknown venue,1969-09-01,3,"Cellular, Synaptic, and Neuromorphic Foundations",brain-structure,10.1128/am.18.3.433-437.1969,2abadd9308400370eb07fc4929bce1e808ddc2e4,https://doi.org/10.1128/am.18.3.433-437.1969,paper,unknown,1,brain,Hemagglutinating and complement-fixing antigens of La Crosse virus (California arbovirus group) were produced in serum-free suspension cultures of BHK-21/13S cells.
1969,Principal changes in ions of cerebral cortex following denervation 1,"R. Reiffenstein, K. Robinson",Journal of Neurochemistry,1969-11-01,3,General Brain-AI Structure Reviews and Methods,brain-structure,10.1111/j.1471-4159.1969.tb09911.x,2bbf0767a4bcc1c0fd16e7c087bfc948f11d7f70,https://doi.org/10.1111/j.1471-4159.1969.tb09911.x,JournalArticle,unknown,6,brain; cerebral; cortex; brain/neural structure in title,
1969,Slow potential changes recorded from cerebral cortex of dogs.,"A. Kamp, A. V. van Rijn, J. M. Zwart",Electroencephalography and Clinical Neurophysiology,1969-09-01,3,"Connectomics, Graph Models, and Brain Networks",brain-structure;connectome;neural-signals;clinical-neuroai,10.1016/0013-4694(69)91279-6,6471b4fac838cf19213df9f6b0e56c07f7147ce0,https://doi.org/10.1016/0013-4694(69)91279-6,JournalArticle,unknown,7,cerebral; cortex; eeg; meg; brain/neural structure in title,
1969,Sterol metabolism. V. A chromatographic examination of human brain sterols.,"Van Lier Je, Smith Ll",Unknown venue,1969,3,"Connectomics, Graph Models, and Brain Networks",brain-structure;connectome,,c84d0a1fe8b9fe3cd49705f3079402f9fbe14072,https://www.semanticscholar.org/paper/c84d0a1fe8b9fe3cd49705f3079402f9fbe14072,paper,unknown,4,brain; brain/neural structure in title,
1969,The major and minor hemispheres of the human brain.,W. Gooddy,Proceedings of the Australian Association of Neurologists,1969,3,General Brain-AI Structure Reviews and Methods,brain-structure,,5918004c4b092197066140c53dbf889a2a5c23ee,https://www.semanticscholar.org/paper/5918004c4b092197066140c53dbf889a2a5c23ee,JournalArticle,unknown,4,brain; brain/neural structure in title,
1969,Trace variations in the excitability of separate neurons following electric stimulation of the surface of the cerebral cortex,Voronin Ll,Unknown venue,1969-06-11,3,"Cellular, Synaptic, and Neuromorphic Foundations",brain-structure,,baf50a31fedba6471303deb5d31aceaa1f4637ab,https://www.semanticscholar.org/paper/baf50a31fedba6471303deb5d31aceaa1f4637ab,paper,unknown,6,cerebral; cortex; neuron; brain/neural structure in title,
1969,X-Ray Histochemistry Used for Simultaneous Demonstration of Neurones and Capillaries in the Human Brain,"R. Saunders, M. A. Bell, V. R. Carvalho",Unknown venue,1969,3,"Cellular, Synaptic, and Neuromorphic Foundations",brain-structure,10.1007/978-3-662-24778-5_94,0258009f071f7a449e2bb23177ab800b4aaa5184,https://doi.org/10.1007/978-3-662-24778-5_94,paper,unknown,5,brain; neuron; brain/neural structure in title,
1969,[Centripetal maturation of the cerebral cortex].,"C. Fuentès, R. Marty",Journal fur Hirnforschung,1969,2,General Brain-AI Structure Reviews and Methods,brain-structure;neuroimaging,,036ed9f265b40bbde8c6be60e8752b3b4dd966b3,https://www.semanticscholar.org/paper/036ed9f265b40bbde8c6be60e8752b3b4dd966b3,JournalArticle,unknown,6,brain; cerebral; cortex; brain/neural structure in title,
1969,[On the problem of the morphogenesis of the synaptic apparatus in the cerebral cortex of the white rat].,I. I. Glezer,"Arkhiv anatomii, gistologii i embriologii",1969-04-01,2,"Cellular, Synaptic, and Neuromorphic Foundations",brain-structure,,e6253ca0fa7ba2636c99b43b042ce8746405c4a5,https://www.semanticscholar.org/paper/e6253ca0fa7ba2636c99b43b042ce8746405c4a5,JournalArticle,unknown,5,cerebral; cortex; brain/neural structure in title,
1969,[The association area of the cerebral cortex and its interaction with sensory zones].,S. Narikashvili,Zhurnal vyssheĭ nervnoĭ deiatelnosti imeni I P Pavlova,1969,2,General Brain-AI Structure Reviews and Methods,brain-structure,,16ffd2e100eaefbd570b97023e13d0e5bc1c16a6,https://www.semanticscholar.org/paper/16ffd2e100eaefbd570b97023e13d0e5bc1c16a6,Review; JournalArticle,unknown,6,brain; cerebral; cortex; brain/neural structure in title,
1969,Action of adenosine triphosphate on the depressed spontaneous electrical activity of the dog cerebral cortex.,"G. Benzi, E. Arrigoni, A. Ferrara, P. Mascherpa",Journal of Pharmacy and Science,1969-09-01,2,General Brain-AI Structure Reviews and Methods,brain-structure,10.1002/JPS.2600580934,c1ae705dd2b2792d5fc1e99e2bd7cc85c74edd62,https://doi.org/10.1002/JPS.2600580934,JournalArticle,unknown,6,brain; cerebral; cortex; brain/neural structure in title,
1969,Adherence and phagocytosis of fresh erythrocytes by glial cells in mouse cerebellum in vitro.,G. Birnbaum,Experimental Cell Research,1969-07-01,2,"Cellular, Synaptic, and Neuromorphic Foundations",brain-structure,10.1016/0014-4827(69)90399-1,024307a4967524cfbce8280b24ea03cc4e4bc90a,https://doi.org/10.1016/0014-4827(69)90399-1,JournalArticle,unknown,1,cerebellum,
1969,Brain Mechanisms and Human Learning.,M. Cole,Unknown venue,1969,2,"Cognitive Architectures, Learning, and Systems Neuroscience",brain-structure,10.1037/009605,56d7e9641275bc01e7d56ac8bd0770f2dd5b0f30,https://doi.org/10.1037/009605,paper,unknown,8,brain; brain/neural structure in title; historical computation/learning bridge,
1969,Cinematography of brain structures prepared by perfusion staining.,"E. Gasteiger, J. Lewkowicz, D. L. Molitzau",Stain Technology,1969-05-01,2,"Connectomics, Graph Models, and Brain Networks",brain-structure;connectome,10.3109/10520296909063334,cb99768d0a1ef9f1001a3e74a5aa3c9df6135625,https://doi.org/10.3109/10520296909063334,JournalArticle,unknown,4,brain; brain/neural structure in title,
1969,Construction of a regional cerebral blood flow probe using a Peltier device.,B. Brawley,Journal of Surgical Research,1969-07-01,2,General Brain-AI Structure Reviews and Methods,brain-structure,10.1016/0022-4804(69)90110-3,f4f1ba0b6c1668745015a5ae35511f0deb2ced04,https://doi.org/10.1016/0022-4804(69)90110-3,JournalArticle,unknown,2,brain; cerebral,
1969,Effect of renal extracts on capillary permeability in the rat brain. An electron microscope study.,"H. Shibasaki, T. Yamamoto, N. Hattori, T. Omae",Archivum histologicum Japonicum = Nihon soshikigaku kiroku,1969-08-01,2,General Brain-AI Structure Reviews and Methods,brain-structure,10.1679/AOHC1950.30.437,5815e6bd31c89cd59400619a789635e05f57e2e1,https://doi.org/10.1679/AOHC1950.30.437,JournalArticle,unknown,4,brain; brain/neural structure in title,
1969,Electric taste. Stimulus intensity dependent evoked brain potentials following electric stimulation of the tongue in humans,Plattig Kh,Unknown venue,1969-03-01,2,General Brain-AI Structure Reviews and Methods,brain-structure,,105885acad76e441e71331118a99aed76d22f9b3,https://www.semanticscholar.org/paper/105885acad76e441e71331118a99aed76d22f9b3,paper,unknown,4,brain; brain/neural structure in title,
1969,Electroencephalographic Study of Dose-Response Relations for Cyclandelate on Hyperventilation-Induced Vasospasm in Human Brain,"C. Korenyi, J. Whittier",Angiology,1969-09-01,2,"Connectomics, Graph Models, and Brain Networks",brain-structure;connectome;neural-signals,10.1177/000331976902000907,f2706fd7e19dc190c0df661ebe07027e4c0466fe,https://doi.org/10.1177/000331976902000907,JournalArticle,unknown,6,brain; eeg; meg; brain/neural structure in title,
1969,Incluindo dados fisiológicos na ciência do comportamento: uma análise crítica,Mirari Elcoro,Unknown venue,1969-12-31,2,"Cellular, Synaptic, and Neuromorphic Foundations",brain-structure,10.31505/RBTCC.V10I2.330,bb2c0add8f9b9c65293e756da5689e6de8cc8e9f,https://doi.org/10.31505/RBTCC.V10I2.330,paper,unknown,2,brain; neural,The position of behavior analysts on the inclusion of physiological data in behavior analysis varies.
1969,Influence of the frequency of rhythmic photic stimulation on the harmonic composition of the driving response in the human brain.,V. A. Ilyanok,Electroencephalography and Clinical Neurophysiology,1969,2,"Connectomics, Graph Models, and Brain Networks",brain-structure;connectome;neural-signals;clinical-neuroai,,1a935272186e533810dc588bb54ec5811010157c,https://www.semanticscholar.org/paper/1a935272186e533810dc588bb54ec5811010157c,JournalArticle,unknown,6,brain; eeg; meg; brain/neural structure in title,
1969,Mechanisms of development of synchronization of cerebral cortex potentials. II. Model of dependent sources,Zhadin Mn,Unknown venue,1969-09-01,2,Computational Neuroscience and Brain-Inspired AI,brain-structure,,373d816767e46f1515b89fe7cb3786959b006b9b,https://www.semanticscholar.org/paper/373d816767e46f1515b89fe7cb3786959b006b9b,paper,unknown,10,brain; cerebral; cortex; brain/neural structure in title; historical computation/learning bridge,
1969,Neuroética - uma nova extensão da bioética,Raul Marino,Unknown venue,1969-12-31,2,"Electrophysiology, Neural Signals, and AI Decoding",brain-structure,10.26512/RBB.V3I2.7920,7021afed2f3766809c767369cce224dc7d6c2375,https://doi.org/10.26512/RBB.V3I2.7920,paper,unknown,3,brain; eeg; meg,"This article discusses Neuroethics, one of the youngest disciplines to have branched out from the original bioethics, which has been called ""ethics of the brain sciences""."
1969,Origin and functional significance of the 1st evoked potentials of the cerebral cortex,Kullanda Km,Unknown venue,1969-07-01,2,General Brain-AI Structure Reviews and Methods,brain-structure,,35aea4502c48358550b2f217de96d684d98106b8,https://www.semanticscholar.org/paper/35aea4502c48358550b2f217de96d684d98106b8,paper,unknown,7,cerebral; cortex; eeg; meg; brain/neural structure in title,
1969,Proprioceptive projection areas of the cerebral cortex and their relation to cervico-lumbar spinal interactions.,V. C. Abrahams,Journal of Physiology,1969,2,General Brain-AI Structure Reviews and Methods,brain-structure,,f0af08a1f5e3157903af848fe42b00701102dc01,https://www.semanticscholar.org/paper/f0af08a1f5e3157903af848fe42b00701102dc01,JournalArticle,unknown,6,brain; cerebral; cortex; brain/neural structure in title,
1969,Reduction of subcortical auditory system and narrowing of range of sound perception in man versus monkey,V. P. Zvorykin,Neuroscience Translations,1969-12-01,2,"Cognitive Architectures, Learning, and Systems Neuroscience",brain-structure,10.1007/BF01124287,33e15c441f1cc572704cf0a3ac5a0d2b03e416fc,https://doi.org/10.1007/BF01124287,paper,unknown,1,cortical,
1969,Response properties of single neurons in a nonspecific polysensory area of the cerebral cortex of the rat,M. Meikle,Unknown venue,1969,2,"Cellular, Synaptic, and Neuromorphic Foundations",brain-structure,10.6083/M4C53HXD,30ad5ce530bb6d668abfcd9ec8960cf799c0c3dd,https://doi.org/10.6083/M4C53HXD,paper,unknown,6,cerebral; cortex; neuron; brain/neural structure in title,
1969,Répartition des épines dendritiques dans le cortex cérébral,"C. Benhamidaforestier, G. D. Pereda",Unknown venue,1969-07-01,2,General Brain-AI Structure Reviews and Methods,brain-structure,10.1016/0022-510X(69)90055-0,91b4022981ef9c20300d40f3b0f6bca6f3588d0b,https://doi.org/10.1016/0022-510X(69)90055-0,paper,unknown,5,brain; cortex; brain/neural structure in title,
1969,Species distribution of ribonucleoprotein-derived brain antigens.,"P. C. Rajam, C. Gaudreau, A. Grady, S. Rundlett",Immunology,1969-11-01,2,General Brain-AI Structure Reviews and Methods,brain-structure,,0db39847ebd7c9169b0eb600d474aa27c7dfb6a5,https://www.semanticscholar.org/paper/0db39847ebd7c9169b0eb600d474aa27c7dfb6a5,JournalArticle,unknown,4,brain; brain/neural structure in title,
1969,Sterol metabolism. V. A chromatographic examination of human brain sterols.,"J. van Lier, L. Smith",Texas reports on biology and medicine,1969,2,"Connectomics, Graph Models, and Brain Networks",brain-structure;connectome,,24fb1742058092ac681992dc368755b65f28a9bd,https://www.semanticscholar.org/paper/24fb1742058092ac681992dc368755b65f28a9bd,JournalArticle,unknown,4,brain; brain/neural structure in title,
1969,The association of xenon with subcellular components of rat cerebral cortex.,"E. Kwan, A. Trevor",Molecular Pharmacology,1969-05-01,2,"Connectomics, Graph Models, and Brain Networks",brain-structure;connectome,10.1016/s0026-895x(25)14664-6,4a46ee4ea098f0ccd1e1cf822fe44dbf7495c05e,https://doi.org/10.1016/s0026-895x(25)14664-6,JournalArticle,unknown,6,brain; cerebral; cortex; brain/neural structure in title,Subcellular fractions isolated from rat cerebral cortex by differential and density gradient centrifugation were resuspended in mannitol and saturated with xenon at various temperatures and pressures.
1969,THE EFFECTS OF SERA FROM PSYCHIATRIC PATIENTS ON GUINEA PIG BRAIN TISSUE RESPIRATION,"B. Shopsin, S. Gershon",Journal of Nervous and Mental Disease,1969-02-01,2,Clinical NeuroAI and Brain Disorders,brain-structure;clinical-neuroai,10.1097/00005053-196902000-00010,75ea297d774caae6db31a0955d196fd6073820a8,https://doi.org/10.1097/00005053-196902000-00010,JournalArticle,unknown,4,brain; brain/neural structure in title,
1969,Über die postnatale Entwicklung der Neuroglia im Corpus callosum des Menschen,W. Schmidt,Zeitschrift für Anatomie und Entwicklungsgeschichte,1969-03-01,2,General Brain-AI Structure Reviews and Methods,,10.1007/BF00522491,24928110aa80633116ebbbde25e3e3e11851d869,https://doi.org/10.1007/BF00522491,paper,unknown,0,Semantic Scholar brain-AI query,
1969,"[Cerebral cortex potentials evoked by painful stimuli in awake cats, distribution on the cerebral cortex and dependence upon stimulus intensity].",K. Wilsmann,Pflügers Archiv: European Journal of Physiology,1969,1,General Brain-AI Structure Reviews and Methods,brain-structure,,22acd1f1b533e8138b95ce05234b9dd7d8bd103e,https://www.semanticscholar.org/paper/22acd1f1b533e8138b95ce05234b9dd7d8bd103e,JournalArticle,unknown,6,brain; cerebral; cortex; brain/neural structure in title,
1969,"[Study of the penetration of 3H-1,2-testosterone into the anterior pituitary, hypothalamus and cerebral cortex of normal and castrated rats].","S. Sampérez, M. Thieulant, R. Poupon, J. Duval, P. Jouan",Bulletin de la Societe de chimie biologique,1969-06-04,1,General Brain-AI Structure Reviews and Methods,brain-structure,,c3de02006b58854d8838d108d2597fa14df79bb7,https://www.semanticscholar.org/paper/c3de02006b58854d8838d108d2597fa14df79bb7,JournalArticle,unknown,8,brain; cerebral; cortex; thalamus; hypothalamus; brain/neural structure in title,
1969,Activity in pyramidal tract cells in the cerebral cortex of the rat during sensory stimulation.,J. Ennever,Journal of Physiology,1969-06-01,1,"Cellular, Synaptic, and Neuromorphic Foundations",brain-structure,,31909bdd6fe43ecce33e4d2879993f8f714883ca,https://www.semanticscholar.org/paper/31909bdd6fe43ecce33e4d2879993f8f714883ca,JournalArticle,unknown,6,brain; cerebral; cortex; brain/neural structure in title,
1969,Adrenergic responses in the cerebral cortex.,"E. S. Johnson, M. Roberts, D. Straughan",Journal of Physiology,1969-03-01,1,General Brain-AI Structure Reviews and Methods,brain-structure,,3501d12ee3d87539173dca585827463bafb43761,https://www.semanticscholar.org/paper/3501d12ee3d87539173dca585827463bafb43761,JournalArticle,unknown,6,brain; cerebral; cortex; brain/neural structure in title,
1969,An electrophysiologic analysis of ascending influences from the anterior segments of the hypothalamus to the cerebral cortex in unanesthetized rabbits,Provodina Vn,Unknown venue,1969-06-01,1,General Brain-AI Structure Reviews and Methods,brain-structure,,b408497e612a7398b914221048a9e3d21f396cfb,https://www.semanticscholar.org/paper/b408497e612a7398b914221048a9e3d21f396cfb,paper,unknown,8,brain; cerebral; cortex; thalamus; hypothalamus; brain/neural structure in title,
1969,ARACHNOID RUPTURE AS CAUSE OF THE POSTCONCUSSION SYNDROME,B. Ingebrigtsen,Unknown venue,1969-05-01,1,General Brain-AI Structure Reviews and Methods,brain-structure;clinical-neuroai,10.1111/j.1600-0404.1969.tb01235.x,5fbe67fa99605c6fef40aab4de4814d99c2da30c,https://doi.org/10.1111/j.1600-0404.1969.tb01235.x,Review,unknown,3,brain; cerebral; cortex,Numerous hypotheses have been advanced to explain the mechanism of cerebral concussion.
1969,Aspartate aminotransferase in brain tissue cultures,"Federico Piccoli, G. Amore, V. Bonavita",Journal of Neurochemistry,1969-10-01,1,General Brain-AI Structure Reviews and Methods,brain-structure,10.1111/j.1471-4159.1969.tb09902.x,19b64e79846f8b3a895f14666b08ee439c031ec1,https://doi.org/10.1111/j.1471-4159.1969.tb09902.x,JournalArticle,unknown,4,brain; brain/neural structure in title,
1969,CORRELATION BETWEEN INDUCED CHANGES IN THE ELECTROCORTICOGRAM AND THE RELEASE OF BIOLOGICALLY ACTIVE SUBSTANCES FROM THE CEREBRAL CORTEX,"P. Bradley, G. Samuels, J. Shaw",Unknown venue,1969,1,General Brain-AI Structure Reviews and Methods,brain-structure,10.1016/B978-0-08-013311-9.50031-2,dab6d89483377afb274ee9a13c49cd158fed4310,https://doi.org/10.1016/B978-0-08-013311-9.50031-2,paper,unknown,6,brain; cerebral; cortex; brain/neural structure in title,
1969,Cortex cérébral dans la cyclocéphalie (persistance des cellules de Cajal-Retzius),M. Auroux,Unknown venue,1969,1,"Cellular, Synaptic, and Neuromorphic Foundations",brain-structure,,d020f61a50934125eaa1896ff76331b7bd6f384e,https://www.semanticscholar.org/paper/d020f61a50934125eaa1896ff76331b7bd6f384e,paper,unknown,5,brain; cortex; brain/neural structure in title,
1969,"Depth-electrographic stimulation of the human brain and behavior:C. W. Sem-Jacobsen. (C.C. Thomas, Springfield, 1968, 222 p., $15.50)",J. M. Buren,Unknown venue,1969-06-01,1,"Connectomics, Graph Models, and Brain Networks",brain-structure;connectome,10.1016/0013-4694(69)90022-4,2719c5be8c266f28abd1c87273edfd0b7a443e8b,https://doi.org/10.1016/0013-4694(69)90022-4,paper,unknown,4,brain; brain/neural structure in title,
1969,Effect on infra-slow rhythms of microelectrophoresis of metabolic inhibitors into the cerebral cortex,"N. A. Aladzhalova, M. E. Sakson",Neuroscience Translations,1969-03-01,1,General Brain-AI Structure Reviews and Methods,brain-structure,10.1007/BF01125918,34fbb568f3531f693dc60e393adf228ac847939e,https://doi.org/10.1007/BF01125918,paper,unknown,6,brain; cerebral; cortex; brain/neural structure in title,
1969,Evoked potentials of the fields of primary somatosensory projections at the dorsolateral surface of the cerebral cortex in cats,Kalistratov Gf,Unknown venue,1969-06-21,1,General Brain-AI Structure Reviews and Methods,brain-structure,,b04140825d18f6391affa64f0b3907b29a270f1f,https://www.semanticscholar.org/paper/b04140825d18f6391affa64f0b3907b29a270f1f,paper,unknown,7,cerebral; cortex; eeg; meg; brain/neural structure in title,
1969,Influence of electromagnetic fields of superhigh frequencies on impulse activity of the cerebral cortex neurons,"Shliafer Tp, Iakovleva Mi",Unknown venue,1969,1,"Cellular, Synaptic, and Neuromorphic Foundations",brain-structure,,a437ba6e93195643d090b8aed19ac232c86a6d40,https://www.semanticscholar.org/paper/a437ba6e93195643d090b8aed19ac232c86a6d40,paper,unknown,6,cerebral; cortex; neuron; brain/neural structure in title,
1969,Interaction of cerebral cortical potentials evoked by stimulating the periphery and the contralateral cortex in the rat.,"O. Holmes, A. Short",Journal of Physiology,1969,1,General Brain-AI Structure Reviews and Methods,brain-structure,,634f7a72f355770da00ac84710580a164e5cc805,https://www.semanticscholar.org/paper/634f7a72f355770da00ac84710580a164e5cc805,JournalArticle,unknown,7,brain; cerebral; cortex; cortical; brain/neural structure in title,
1969,Mechanisms of the initiation of synchronization of cerebral cortex biopotentials. I. Model of independent sources,Zhadin Mn,Unknown venue,1969-07-01,1,Computational Neuroscience and Brain-Inspired AI,brain-structure,,f12da39954521ee0545abde1bb7f783fe3dcaa0a,https://www.semanticscholar.org/paper/f12da39954521ee0545abde1bb7f783fe3dcaa0a,paper,unknown,17,cerebral; cortex; computational neuroscience; brain/neural structure in title; explicit brain-structure/AI bridge,
1969,METABOLISM OF GABA IN CEREBRAL CORTEX,"R. Balázs, Y. Machiyama, D. Richter",Unknown venue,1969,1,General Brain-AI Structure Reviews and Methods,brain-structure,10.1016/B978-0-08-013311-9.50013-0,24cfac242f7a4434413cb78db49ce06b6450f4d3,https://doi.org/10.1016/B978-0-08-013311-9.50013-0,paper,unknown,6,brain; cerebral; cortex; brain/neural structure in title,
1969,MODIFICATION OF THE POLYSOMAL PATTERN IN RABBIT CEREBRAL CORTEX BY ELECTROSHOCK TREATMENT,"C. Vesco, A. Giuditta",Unknown venue,1969,1,General Brain-AI Structure Reviews and Methods,brain-structure,10.1016/B978-0-08-013311-9.50200-1,c36cf5bd592fea8c11a63a3ffa6d54b08035079a,https://doi.org/10.1016/B978-0-08-013311-9.50200-1,paper,unknown,6,brain; cerebral; cortex; brain/neural structure in title,
1969,Nocardial Cerebral Abscess with Systemic Involvement Treated by Aspiration and Sulphonamides,"E. Turner, J. Whitby",Unknown venue,1969,1,General Brain-AI Structure Reviews and Methods,brain-structure,,254f0a7e9c7e8ac533f95b96fdb2460fd5f92b83,https://www.semanticscholar.org/paper/254f0a7e9c7e8ac533f95b96fdb2460fd5f92b83,paper,unknown,2,brain; cerebral,
1969,OUABAIN AND ELECTROLYTE METABOLISM OF CEREBRAL CORTEX IN VITRO,D. B. Tower,Unknown venue,1969,1,General Brain-AI Structure Reviews and Methods,brain-structure,10.1016/B978-0-08-013311-9.50194-9,bd733a98a9fe023b4c4ba90a9ee8b44c0ee31187,https://doi.org/10.1016/B978-0-08-013311-9.50194-9,paper,unknown,6,brain; cerebral; cortex; brain/neural structure in title,
1969,Participation of N. VPL of the thalamus in the distribution of the afferent flow to the projection fields of the cat cerebral cortex,Kalistratov Gf,Unknown venue,1969-10-01,1,General Brain-AI Structure Reviews and Methods,brain-structure,,ad85f5b1cdeed115660b9abbde3bdbe8de31386b,https://www.semanticscholar.org/paper/ad85f5b1cdeed115660b9abbde3bdbe8de31386b,paper,unknown,7,brain; cerebral; cortex; thalamus; brain/neural structure in title,
1969,Peculiarities of electrical activity and steady component of cerebral cortex during sleep and wakefulness in infants between 3 and 12 months of age.,Akhundi Mn,Unknown venue,1969-09-01,1,General Brain-AI Structure Reviews and Methods,brain-structure,,4dee3eea3849c162ff53b91aed496fc90fb1d0f7,https://www.semanticscholar.org/paper/4dee3eea3849c162ff53b91aed496fc90fb1d0f7,paper,unknown,6,brain; cerebral; cortex; brain/neural structure in title,
1969,Photographs of microscopic serial sections of human spinal cord and brain,L. Hausman,Unknown venue,1969,1,"Connectomics, Graph Models, and Brain Networks",brain-structure;connectome,10.7326/0003-4819-71-6-1230_3,48b4a6a58e361ea40120a6e973de104e4d32d9fe,https://doi.org/10.7326/0003-4819-71-6-1230_3,paper,unknown,4,brain; brain/neural structure in title,
1969,"Preparation, derivation and partial characterization of organ-specific antigens from human brain.","P. C. Rajam, C. Gaudreau, A. Grady, S. Rundlett",Immunology,1969-09-01,1,General Brain-AI Structure Reviews and Methods,brain-structure,,cd56ea83f57b2aaeea6a6108cdfc6c849dc9b1fc,https://www.semanticscholar.org/paper/cd56ea83f57b2aaeea6a6108cdfc6c849dc9b1fc,JournalArticle,unknown,4,brain; brain/neural structure in title,
1969,Recovery of Staphylococcus from the brain after bacteremia and closed head injury.,"W. Bouzarth, R. A. Knight",Journal of Surgical Research,1969,1,General Brain-AI Structure Reviews and Methods,brain-structure,10.1016/0022-4804(69)90006-7,2aeca4389acf00a408cb8dc6c2046439e2e76f88,https://doi.org/10.1016/0022-4804(69)90006-7,JournalArticle,unknown,4,brain; brain/neural structure in title,
1969,Solubilization of mitochondrial hexokinase from ox cerebral cortex with Triton X-100.,"M. Thompson, H. Bachelard",Biochemical Journal,1969-02-01,1,General Brain-AI Structure Reviews and Methods,brain-structure,10.1042/BJ1110018PB,371654c9c20f605e8513320a699c37ca8e9224b3,https://doi.org/10.1042/BJ1110018PB,JournalArticle,unknown,6,brain; cerebral; cortex; brain/neural structure in title,
1969,Some data on oxygen dynamics in subcortical structures of the human brain.,V. Gretchin,Electroencephalography and Clinical Neurophysiology,1969,1,"Connectomics, Graph Models, and Brain Networks",brain-structure;connectome;neural-signals;clinical-neuroai,,d55d21862bfe3b216c3732a19a9280ebf960ec0b,https://www.semanticscholar.org/paper/d55d21862bfe3b216c3732a19a9280ebf960ec0b,JournalArticle,unknown,7,brain; cortical; eeg; meg; brain/neural structure in title,
1969,Some data on oxygen dynamics in subcortical structures of the human brain.,Gretchin Vb,Unknown venue,1969-05-01,1,General Brain-AI Structure Reviews and Methods,brain-structure,,20eddd2eb33fc79cebb671e90afba0c77a35c931,https://www.semanticscholar.org/paper/20eddd2eb33fc79cebb671e90afba0c77a35c931,paper,unknown,5,brain; cortical; brain/neural structure in title,
1969,Some reflections on stimulation of the human brain.,aughan Hg,Unknown venue,1969,1,General Brain-AI Structure Reviews and Methods,brain-structure,,bd5a8d050778b042b7399369b4356d8147eef3c7,https://www.semanticscholar.org/paper/bd5a8d050778b042b7399369b4356d8147eef3c7,paper,unknown,4,brain; brain/neural structure in title,
1969,Spatial distribution of electric potentials evoked in the cerebral cortex by peripheral stimulation.,"M. Carter, O. Holmes, J. Houchin",Journal of Physiology,1969-03-01,1,General Brain-AI Structure Reviews and Methods,brain-structure,,cd5fc29b0dc4ab288a52ad2c43867379327cba3a,https://www.semanticscholar.org/paper/cd5fc29b0dc4ab288a52ad2c43867379327cba3a,JournalArticle,unknown,6,brain; cerebral; cortex; brain/neural structure in title,
1969,"Steady potentials of the human brain during alertness, anesthesia and sleep.",M. K. Starobinets,Electroencephalography and Clinical Neurophysiology,1969,1,"Connectomics, Graph Models, and Brain Networks",brain-structure;connectome;neural-signals;clinical-neuroai,,22e0a4dcbdf60d5adb5de86e13d0cf78be715d16,https://www.semanticscholar.org/paper/22e0a4dcbdf60d5adb5de86e13d0cf78be715d16,JournalArticle,unknown,6,brain; eeg; meg; brain/neural structure in title,
1969,The Influence of Carotid Stenosis on Cortex Perfusion,"M. O'brien, N. Veall",Unknown venue,1969,1,General Brain-AI Structure Reviews and Methods,brain-structure,10.1007/978-3-642-85860-4_54,896fc7eed621bafb4d99bf5220ed806b2a84b547,https://doi.org/10.1007/978-3-642-85860-4_54,paper,unknown,5,brain; cortex; brain/neural structure in title,
1969,The relations of the subsurface cisternal structures of neurons in the cerebral cortex of rats.,J. Buček,Folia Morphologica,1969,1,"Cellular, Synaptic, and Neuromorphic Foundations",brain-structure,,d08ea618b37491fce9828d9fe90b40a331329d64,https://www.semanticscholar.org/paper/d08ea618b37491fce9828d9fe90b40a331329d64,JournalArticle,unknown,6,cerebral; cortex; neuron; brain/neural structure in title,
1969,Total CO2 in Brain Biopsies Taken from Patients with Intracranial Tumors and Cerebrovascular Disease after Freezing of the Tissue in Situ,J. Olesen,Unknown venue,1969,1,Clinical NeuroAI and Brain Disorders,brain-structure;clinical-neuroai,10.1007/978-3-642-85860-4_60,d5a187d8fb4a24bcb4f2562fac0d0bb4cb47e8bb,https://doi.org/10.1007/978-3-642-85860-4_60,paper,unknown,4,brain; brain/neural structure in title,
1969,Variations of the level of steady potential in deeper structures of the human brain in sleep.,Avramov Sp,Unknown venue,1969-05-01,1,General Brain-AI Structure Reviews and Methods,brain-structure,,48cc983997cf533acc28b87668863acf617aee88,https://www.semanticscholar.org/paper/48cc983997cf533acc28b87668863acf617aee88,paper,unknown,4,brain; brain/neural structure in title,
1969,144. The Influences of the Carotid Occlusion on the Oxygen Tension in the Cerebral Cortex before and after the Administration of a Cerebral Vasodilator,"T. Abe, Y. Tazaki, N. Sano, Akira Oosaka, G. Kamijima, N. Furuhashi, et al.",Unknown venue,1969-05-20,0,General Brain-AI Structure Reviews and Methods,brain-structure,,95b5a005c78f5ea2c9e9b93ac9f37a06ab75967e,https://www.semanticscholar.org/paper/95b5a005c78f5ea2c9e9b93ac9f37a06ab75967e,paper,unknown,6,brain; cerebral; cortex; brain/neural structure in title,
1969,[A comparative analysis of the ascending influences of various regions of the hypothalamus on the cerebral cortex and the behavior of anesthetized cats].,"E. Gromova, I. M. Gil'man",Zhurnal vyssheĭ nervnoĭ deiatelnosti imeni I P Pavlova,1969,0,"Cognitive Architectures, Learning, and Systems Neuroscience",brain-structure,,162a0496641c9fbc540a16881e12b7f3c3c9d3e2,https://www.semanticscholar.org/paper/162a0496641c9fbc540a16881e12b7f3c3c9d3e2,JournalArticle,unknown,7,cerebral; cortex; thalamus; hypothalamus; brain/neural structure in title,
1969,[A method of intracellular registration of cerebral cortex neuronal activity under conditions of chronic experimentation with free unrestrained animals].,É. G. Zarkeshev,Zhurnal vyssheĭ nervnoĭ deiatelnosti imeni I P Pavlova,1969,0,"Cellular, Synaptic, and Neuromorphic Foundations",brain-structure;neuroimaging,,9eb776bf60d2939d4757051323859b964d7936f8,https://www.semanticscholar.org/paper/9eb776bf60d2939d4757051323859b964d7936f8,JournalArticle,unknown,6,cerebral; cortex; neuron; brain/neural structure in title,
1969,[A modernized technic of biopotential derivation from the cerebral cortex surface].,E. Trifonov,Fiziologicheskii zhurnal SSSR imeni I. M. Sechenova,1969,0,General Brain-AI Structure Reviews and Methods,brain-structure,,6229f505c29540fd78c4d2b94acb5e580836cad0,https://www.semanticscholar.org/paper/6229f505c29540fd78c4d2b94acb5e580836cad0,JournalArticle,unknown,6,brain; cerebral; cortex; brain/neural structure in title,
1969,[A morpho-biochemical study of the mitochondrial subfractions isolated from the cerebral cortex of rats].,"Bogolepov Nn, Dovedova El",Tsitologiya,1969-02-01,0,General Brain-AI Structure Reviews and Methods,brain-structure,,2e53be0306c47687e36a6e41d4739f96f081080c,https://www.semanticscholar.org/paper/2e53be0306c47687e36a6e41d4739f96f081080c,JournalArticle,unknown,6,brain; cerebral; cortex; brain/neural structure in title,
1969,[A statistical link between the impulse activity of neurons and ultra-slow rhythmic oscillations of the potential in the cat cerebral cortex].,"N. A. Aladzhalova, M. E. Sakson, G. P. Potylitsyn",Zhurnal vyssheĭ nervnoĭ deiatelnosti imeni I P Pavlova,1969,0,"Cellular, Synaptic, and Neuromorphic Foundations",brain-structure;neural-signals,,b74ac951c27b719d11ef4f8ea78666b8572e9689,https://www.semanticscholar.org/paper/b74ac951c27b719d11ef4f8ea78666b8572e9689,JournalArticle,unknown,8,cerebral; cortex; eeg; meg; neuron; brain/neural structure in title,
1969,[A statistical link between the impulse activity of neurons and ultra-slow rhythmic oscillations of the potential in the cat cerebral cortex].,"Aladzhalova Na, Sakson Me, Potylitsyn Gp",Unknown venue,1969,0,"Cellular, Synaptic, and Neuromorphic Foundations",brain-structure;neural-signals,,608cc0134bcf5e5c8c1978219a76549fd8e482fe,https://www.semanticscholar.org/paper/608cc0134bcf5e5c8c1978219a76549fd8e482fe,paper,unknown,8,cerebral; cortex; eeg; meg; neuron; brain/neural structure in title,
1969,[An electrophysiologic analysis of ascending influences from the anterior segments of the hypothalamus to the cerebral cortex in unanesthetized rabbits].,V. N. Provodina,Biulleten' eksperimental'noi biologii i meditsiny,1969,0,General Brain-AI Structure Reviews and Methods,brain-structure,,60296a950fe536e4b643ae5c0cbb33d3009c2e67,https://www.semanticscholar.org/paper/60296a950fe536e4b643ae5c0cbb33d3009c2e67,JournalArticle,unknown,8,brain; cerebral; cortex; thalamus; hypothalamus; brain/neural structure in title,
1969,[Analysis of the neurochemical mechanisms of cerebral cortex activation during the pain reaction].,"K. V. Sudakov, G. K. Kadyrov",Biulleten' eksperimental'noi biologii i meditsiny,1969,0,General Brain-AI Structure Reviews and Methods,brain-structure,,6c34f3d9a703de70d4bf3ad331899949cbf4780a,https://www.semanticscholar.org/paper/6c34f3d9a703de70d4bf3ad331899949cbf4780a,JournalArticle,unknown,6,brain; cerebral; cortex; brain/neural structure in title,
1969,"[Associated incremental responses of Edinger-Westphal nucleus, cortex and cerebral trunk to stimulations of the amygdala].","E. G. Bobo, M. Bonvallet",Journal of Physiology,1969,0,General Brain-AI Structure Reviews and Methods,brain-structure,,29b749ccd079fea1f860030d3856bcf603aa6a48,https://www.semanticscholar.org/paper/29b749ccd079fea1f860030d3856bcf603aa6a48,JournalArticle,unknown,7,brain; cerebral; cortex; amygdala; brain/neural structure in title,
1969,[Bio-electric potentials of the cerebral cortex in rabbits under the effect of an electromagnetic field of low radio-frequency].,"L. K. Ershova, Iu D Dumanskiĭ",Fiziolohichnyĭ zhurnal,1969,0,General Brain-AI Structure Reviews and Methods,brain-structure,,d907ec16f7f24cdd032a6ac626ea1795aeb080f0,https://www.semanticscholar.org/paper/d907ec16f7f24cdd032a6ac626ea1795aeb080f0,JournalArticle,unknown,6,brain; cerebral; cortex; brain/neural structure in title,
1969,[Bio-electric potentials of the cerebral cortex in rabbits under the effect of an electromagnetic field of low radio-frequency].,"Ershova Lk, Dumanskiĭ IuD",Unknown venue,1969,0,General Brain-AI Structure Reviews and Methods,brain-structure,,bbe2fba418648036730eaaefd3ad40e0e114ae65,https://www.semanticscholar.org/paper/bbe2fba418648036730eaaefd3ad40e0e114ae65,paper,unknown,6,brain; cerebral; cortex; brain/neural structure in title,
1969,[Bioelectric activity of the cerebral cortex in the induction of food reflexes (an experimental study)].,V. V. Raevskii,Akusherstvo i ginekologiia,1969,0,General Brain-AI Structure Reviews and Methods,brain-structure,,427019a840e7f18e4a05815f345c16723f581db6,https://www.semanticscholar.org/paper/427019a840e7f18e4a05815f345c16723f581db6,JournalArticle,unknown,6,brain; cerebral; cortex; brain/neural structure in title,
1969,[Bioelectric activity of the limbic region of the rabbit cerebral cortex under normal conditions and during salt loading following the action of gamma-aminobutyric acid on the motor region].,"N. E. Vasilevskaia, G. Udalova",Vestnik Leningradskogo universiteta. Biologiia,1969,0,General Brain-AI Structure Reviews and Methods,brain-structure,,b82c51ab3f69e06dade9c692bf63a9c8b62fa431,https://www.semanticscholar.org/paper/b82c51ab3f69e06dade9c692bf63a9c8b62fa431,JournalArticle,unknown,6,brain; cerebral; cortex; brain/neural structure in title,
1969,[Bioelectric activity of the limbic region of the rabbit cerebral cortex under normal conditions and during salt loading following the action of gamma-aminobutyric acid on the motor region].,"Vasilevskaia Ne, Udalova Gp",Unknown venue,1969-08-01,0,General Brain-AI Structure Reviews and Methods,brain-structure,,67a7499edb82810c0e77a2739c2b38b23dc68817,https://www.semanticscholar.org/paper/67a7499edb82810c0e77a2739c2b38b23dc68817,paper,unknown,6,brain; cerebral; cortex; brain/neural structure in title,
1969,[Bioelectrical activity of the cerebral cortex in children and adolescents with schizophrenia].,F. Leibovich,Zhurnal Nevropatologii I Psikhiatrii Imeni S S Korsakova,1969,0,General Brain-AI Structure Reviews and Methods,brain-structure,,ca33385e9a36cdab963ec5c388118cdeef2a456d,https://www.semanticscholar.org/paper/ca33385e9a36cdab963ec5c388118cdeef2a456d,Review; JournalArticle,unknown,6,brain; cerebral; cortex; brain/neural structure in title,
1969,[Case of gargoylism--with special reference to the ultrastructural study of the stored material in the cerebral cortex nerve cell].,"T. Miyagishi, H. Hayashi, N. Takahata",No to shinkei = Brain and nerve,1969-10-01,0,"Cellular, Synaptic, and Neuromorphic Foundations",brain-structure,,6329a99bfe8ebd1265e8607c35496b2338baa916,https://www.semanticscholar.org/paper/6329a99bfe8ebd1265e8607c35496b2338baa916,JournalArticle,unknown,6,brain; cerebral; cortex; brain/neural structure in title,
1969,[Changes in the bioelectric activity of the cerebral cortex of children with somnambulism].,"Burt Li, Kogan Am",Zhurnal Nevropatologii I Psikhiatrii Imeni S S Korsakova,1969,0,General Brain-AI Structure Reviews and Methods,brain-structure,,77958d9727582cbb742cedb3f050595995f0f353,https://www.semanticscholar.org/paper/77958d9727582cbb742cedb3f050595995f0f353,JournalArticle,unknown,6,brain; cerebral; cortex; brain/neural structure in title,
1969,[Changes in the electric activity of the cerebral cortex in reversible disorders of coronary circulation].,I. Petukhova,Kardiologiia,1969-09-01,0,General Brain-AI Structure Reviews and Methods,brain-structure,,f7715faa671321dadb6ff5806b2b8e4c43706b1b,https://www.semanticscholar.org/paper/f7715faa671321dadb6ff5806b2b8e4c43706b1b,JournalArticle,unknown,6,brain; cerebral; cortex; brain/neural structure in title,
1969,[Characteristics of changes in polarization of the cerebral cortex in ontogenesis in the rabbit in relation to sleep and wakefulness].,"I. I. Gokhblit, S. A. Potemkina",Biulleten' eksperimental'noi biologii i meditsiny,1969-09-01,0,General Brain-AI Structure Reviews and Methods,brain-structure,,ed0921276c3077a169937d7ed562659c068078dc,https://www.semanticscholar.org/paper/ed0921276c3077a169937d7ed562659c068078dc,JournalArticle,unknown,6,brain; cerebral; cortex; brain/neural structure in title,
1969,[Characteristics of the spatial organization of the evoked bioelectrical activity of the cerebral cortex of schizophrenia patients].,V. Strelets,Zhurnal Nevropatologii I Psikhiatrii Imeni S S Korsakova,1969,0,Clinical NeuroAI and Brain Disorders,brain-structure;clinical-neuroai,,1eb2df0e1fe12cec806fc8be3bae83de0f8da0be,https://www.semanticscholar.org/paper/1eb2df0e1fe12cec806fc8be3bae83de0f8da0be,JournalArticle,unknown,5,cerebral; cortex; brain/neural structure in title,
1969,[Characteristics of the ultrastructure of nerve cells in the cerebral cortex of old animals].,N. I. Artiukhina,Arkhiv patologii,1969,0,"Cellular, Synaptic, and Neuromorphic Foundations",brain-structure,,44ca525af665b83f4ed27ff5d957eaf5ab0a0ede,https://www.semanticscholar.org/paper/44ca525af665b83f4ed27ff5d957eaf5ab0a0ede,JournalArticle,unknown,6,brain; cerebral; cortex; brain/neural structure in title,
1969,[Comparison of effects of actions of antichlinergic and anticholinesterase compounds on evoked potentials in the cerebral cortex].,"R. I. Il'chenok, V. S. Zinevich, L. Loskutova",Farmakologiia i toksikologiia,1969,0,General Brain-AI Structure Reviews and Methods,brain-structure,,20686ba68f65af198ca34c02e8302e3551f50acc,https://www.semanticscholar.org/paper/20686ba68f65af198ca34c02e8302e3551f50acc,JournalArticle; Study,unknown,7,cerebral; cortex; eeg; meg; brain/neural structure in title,
1969,[Distribution of dendritic spines in the cerebral cortex].,"C. Benhamida-Forestier, G. Ruiz de Pereda",Journal of Neurological Sciences,1969,0,General Brain-AI Structure Reviews and Methods,brain-structure,,e9becd2792cd9f485e1c419025d1a2cef65ab224,https://www.semanticscholar.org/paper/e9becd2792cd9f485e1c419025d1a2cef65ab224,JournalArticle,unknown,6,brain; cerebral; cortex; brain/neural structure in title,
1969,[Effect of ether on evoked potentials of cerebral cortex under conditions of hexenal narcosis].,E. K. Aganiants,Farmakologiia i toksikologiia,1969,0,General Brain-AI Structure Reviews and Methods,brain-structure,,5eb6b48116dee077e1d9f2ca50a69b793561a0fd,https://www.semanticscholar.org/paper/5eb6b48116dee077e1d9f2ca50a69b793561a0fd,JournalArticle,unknown,7,cerebral; cortex; eeg; meg; brain/neural structure in title,
1969,[Effect of roentgen radiation on the activity of symmetric sections of cerebral cortex in dogs].,I. Medianik,Fiziolohichnyĭ zhurnal,1969,0,General Brain-AI Structure Reviews and Methods,brain-structure,,951338263a6ac7a11535265ec91ffbc6687f6505,https://www.semanticscholar.org/paper/951338263a6ac7a11535265ec91ffbc6687f6505,JournalArticle,unknown,6,brain; cerebral; cortex; brain/neural structure in title,
1969,[Effects of unilateral lesions in the cerebral cortex on discriminative learning of the rat].,"K. Nemoto, S. Inoue","Iyo Kizai Kenkyujo hokoku. Reports of the Institute for Medical and Dental Engineering, Tokyo Medical and Dental University",1969,0,"Cognitive Architectures, Learning, and Systems Neuroscience",brain-structure,,8d76b678102034ea8dfd54cc93fc49cf5056d9f3,https://www.semanticscholar.org/paper/8d76b678102034ea8dfd54cc93fc49cf5056d9f3,JournalArticle,unknown,9,cerebral; cortex; brain/neural structure in title; historical computation/learning bridge,
1969,[Electrical parameters of the large cerebral hemisphere cortex in decline and restoration of the vital functions following fatal blood loss in dogs].,"V. G. Korpachev, I. N. Vasilik, L. I. Kuznetsova",Patologicheskaia fiziologiia i eksperimental'naia terapiia,1969,0,General Brain-AI Structure Reviews and Methods,brain-structure,,66d45d45798d6424829def538b7bc3fcb599211b,https://www.semanticscholar.org/paper/66d45d45798d6424829def538b7bc3fcb599211b,JournalArticle,unknown,6,brain; cerebral; cortex; brain/neural structure in title,
1969,[Electron microscopy of the nerve cells of the human cerebral cortex in psychoses linked with involution of the body or accompanying it].,"L. S. Gol'din, V. F. Dedov",Zhurnal Nevropatologii I Psikhiatrii Imeni S S Korsakova,1969,0,"Cellular, Synaptic, and Neuromorphic Foundations",brain-structure,,94d23465af18fc3ecc3382a58545f0ca232cae70,https://www.semanticscholar.org/paper/94d23465af18fc3ecc3382a58545f0ca232cae70,JournalArticle,unknown,6,brain; cerebral; cortex; brain/neural structure in title,
1969,[Evoked potentials of the fields of primary somatosensory projections at the dorsolateral surface of the cerebral cortex in cats].,G. Kalistratov,Doklady Akademii nauk SSSR,1969,0,General Brain-AI Structure Reviews and Methods,brain-structure,,d32594d471ec91c180a27d998e2b3d7115e356b1,https://www.semanticscholar.org/paper/d32594d471ec91c180a27d998e2b3d7115e356b1,JournalArticle,unknown,7,cerebral; cortex; eeg; meg; brain/neural structure in title,
1969,[Evoked responses and the analysis of stimulations in the human cerebral cortex].,A. M. Ivanitskii,Zhurnal vyssheĭ nervnoĭ deiatelnosti imeni I P Pavlova,1969,0,General Brain-AI Structure Reviews and Methods,brain-structure,,cc4feceaff31729630aafb4a6b422930e8f8cd2f,https://www.semanticscholar.org/paper/cc4feceaff31729630aafb4a6b422930e8f8cd2f,JournalArticle,unknown,6,brain; cerebral; cortex; brain/neural structure in title,
1969,[Experience in studying the bioelectric activity of the cerebral cortex in guinea pigs].,"V. Angelova, V. G. Akimov",Vestnik Dermatologii i Venerologii,1969,0,General Brain-AI Structure Reviews and Methods,brain-structure,,4b367ed7d40cebe729dfc8468bdb40aee5fc3006,https://www.semanticscholar.org/paper/4b367ed7d40cebe729dfc8468bdb40aee5fc3006,JournalArticle,unknown,6,brain; cerebral; cortex; brain/neural structure in title,
1969,[Features of the ultrastructure of cerebral cortex of animals in experimental alcoholic intoxication].,"N. I. Artiukhina, A. Khachaturian",Zhurnal Nevropatologii I Psikhiatrii Imeni S S Korsakova,1969,0,General Brain-AI Structure Reviews and Methods,brain-structure,,5106734f973330c8ef49cd9230640354da968098,https://www.semanticscholar.org/paper/5106734f973330c8ef49cd9230640354da968098,JournalArticle,unknown,6,brain; cerebral; cortex; brain/neural structure in title,
1969,"[Functional interrelationships between the cerebral cortex, the hypothalamus and brain stem reticular formation].",V. O. Al'ber,Biulleten' eksperimental'noi biologii i meditsiny,1969,0,General Brain-AI Structure Reviews and Methods,brain-structure,,df7d69865969c812349e98d37025e1f279365288,https://www.semanticscholar.org/paper/df7d69865969c812349e98d37025e1f279365288,JournalArticle,unknown,8,brain; cerebral; cortex; thalamus; hypothalamus; brain/neural structure in title,
1969,"[Functional interrelationships between the cerebral cortex, the hypothalamus and brain stem reticular formation].",Al'ber Vo,Unknown venue,1969-08-01,0,General Brain-AI Structure Reviews and Methods,brain-structure,,61d24fbcf2c0d6bdb538a9bc6ea67fbe29e1483f,https://www.semanticscholar.org/paper/61d24fbcf2c0d6bdb538a9bc6ea67fbe29e1483f,paper,unknown,8,brain; cerebral; cortex; thalamus; hypothalamus; brain/neural structure in title,
1969,[Glucocorticoid function of the adrenal cortex in patients with cerebral circulatory disorders in atherosclerosis of the cerebral vessels].,Rukhmanov Aa,Zhurnal Nevropatologii I Psikhiatrii Imeni S S Korsakova,1969,0,Clinical NeuroAI and Brain Disorders,brain-structure;clinical-neuroai,,db33ace172df3ef04ad7539691e3afb27d16610c,https://www.semanticscholar.org/paper/db33ace172df3ef04ad7539691e3afb27d16610c,JournalArticle,unknown,5,cerebral; cortex; brain/neural structure in title,
1969,[Half-life of various phosphatides in the neurons and glial cells of the cerebral cortex of rats].,"L. Freysz, R. Bieth",Journal of Physiology,1969,0,"Cellular, Synaptic, and Neuromorphic Foundations",brain-structure,,51188f2a23add1ea9c773fe678162cee6f796ad8,https://www.semanticscholar.org/paper/51188f2a23add1ea9c773fe678162cee6f796ad8,JournalArticle,unknown,6,cerebral; cortex; neuron; brain/neural structure in title,
1969,"[Influence of castration and testosterone on the in vitro biosynthesis of ribonucleic acids in rat cerebral cortex, hypothalamus, and pituitary gland].","Y. Valotaire, J. Duval, P. Jouan",Bulletin de la Societe de chimie biologique,1969-06-26,0,General Brain-AI Structure Reviews and Methods,brain-structure,,1862beb2bd453360f294693e5637a7f9b70a93f4,https://www.semanticscholar.org/paper/1862beb2bd453360f294693e5637a7f9b70a93f4,JournalArticle,unknown,8,brain; cerebral; cortex; thalamus; hypothalamus; brain/neural structure in title,
1969,[Influence of electromagnetic fields of superhigh frequencies on impulse activity of the cerebral cortex neurons].,"T. P. Shliafer, M. I. Iakovleva",Fiziologicheskii zhurnal SSSR imeni I. M. Sechenova,1969,0,"Cellular, Synaptic, and Neuromorphic Foundations",brain-structure,,12949cd8438998c573107dd7c4da76c38b769089,https://www.semanticscholar.org/paper/12949cd8438998c573107dd7c4da76c38b769089,JournalArticle,unknown,6,cerebral; cortex; neuron; brain/neural structure in title,
1969,[Influence of hypertonic potassium solutions on astroglia of the cerebral cortex of rats].,D. Ruščáková,Verhandlungen der Anatomischen Gesellschaft,1969,0,General Brain-AI Structure Reviews and Methods,brain-structure,,b7733f17a54bbdbf31de684d5db8cb429806a28a,https://www.semanticscholar.org/paper/b7733f17a54bbdbf31de684d5db8cb429806a28a,JournalArticle,unknown,5,cerebral; cortex; brain/neural structure in title,
1969,[Influence of microelectrophoretic administration of metabolic inhibitors into the cerebral cortex on the super-slow rhythmic potential oscillations].,"al-Rabah Na, Sakson Me",Unknown venue,1969-02-01,0,"Electrophysiology, Neural Signals, and AI Decoding",brain-structure;neural-signals,,a7790ec5e3f856e67580887daeb90efc82ddb5df,https://www.semanticscholar.org/paper/a7790ec5e3f856e67580887daeb90efc82ddb5df,paper,unknown,7,cerebral; cortex; eeg; meg; brain/neural structure in title,
1969,[Influence of microelectrophoretic administration of metabolic inhibitors into the cerebral cortex on the super-slow rhythmic potential oscillations].,"N. A. Aladzhsalova, M. E. Sakson",Fiziologicheskii zhurnal SSSR imeni I. M. Sechenova,1969,0,"Electrophysiology, Neural Signals, and AI Decoding",brain-structure;neural-signals,,383f9456d96bd275c9ac833605fce7163e79e3e6,https://www.semanticscholar.org/paper/383f9456d96bd275c9ac833605fce7163e79e3e6,JournalArticle,unknown,7,cerebral; cortex; eeg; meg; brain/neural structure in title,
1969,[Inhibitory post-synaptic potentials in the cerebral cortex].,"J. Dreifuss, J. Kelly, K. Krnjević",Journal of Physiology,1969-09-01,0,"Cellular, Synaptic, and Neuromorphic Foundations",brain-structure,,29fcf1f48f30b8285da54a9fa181a613cc8cfea7,https://www.semanticscholar.org/paper/29fcf1f48f30b8285da54a9fa181a613cc8cfea7,JournalArticle,unknown,5,cerebral; cortex; brain/neural structure in title,
1969,[Interferometry of rat cerebral cortex neurons developing under hypo- and hyperthyroid conditions].,"G. N. Moskovkin, A. M. Aref'eva",Biulleten' eksperimental'noi biologii i meditsiny,1969,0,"Cellular, Synaptic, and Neuromorphic Foundations",brain-structure,,a366247ba811127de223bfc25b011398943302c2,https://www.semanticscholar.org/paper/a366247ba811127de223bfc25b011398943302c2,JournalArticle,unknown,6,cerebral; cortex; neuron; brain/neural structure in title,
1969,[Interferometry of rat cerebral cortex neurons developing under hypo- and hyperthyroid conditions].,"Moskovkin Gn, Aref'eva Am",Unknown venue,1969-12-01,0,"Cellular, Synaptic, and Neuromorphic Foundations",brain-structure,,08b61ecdf99c5230451d754a7250bc684ff20714,https://www.semanticscholar.org/paper/08b61ecdf99c5230451d754a7250bc684ff20714,paper,unknown,6,cerebral; cortex; neuron; brain/neural structure in title,
1969,[Locally produced acetylcholine and strychnine potentials in the cerebral cortex following complete ischemia in the isolated dog's head].,"P. Sobotka, E. Gebert",Pflügers Archiv: European Journal of Physiology,1969,0,General Brain-AI Structure Reviews and Methods,brain-structure,,4c6abdb74287120718c64728c46894a0367b794a,https://www.semanticscholar.org/paper/4c6abdb74287120718c64728c46894a0367b794a,JournalArticle,unknown,6,brain; cerebral; cortex; brain/neural structure in title,
1969,[Mechanisms of development of synchronization of cerebral cortex potentials. II. Model of dependent sources].,M. Zhadin,Biofizika,1969,0,Computational Neuroscience and Brain-Inspired AI,brain-structure,,6539b4d3b48e19b34cdc522139078688a39592a0,https://www.semanticscholar.org/paper/6539b4d3b48e19b34cdc522139078688a39592a0,JournalArticle,unknown,10,brain; cerebral; cortex; brain/neural structure in title; historical computation/learning bridge,
1969,[Mechanisms of the initiation of synchronization of cerebral cortex biopotentials. I. Model of independent sources].,M. Zhadin,Biofizika,1969,0,Computational Neuroscience and Brain-Inspired AI,brain-structure,,2446b88403c3d64cd5293c761a5d7fd0064b0ea1,https://www.semanticscholar.org/paper/2446b88403c3d64cd5293c761a5d7fd0064b0ea1,JournalArticle,unknown,17,cerebral; cortex; computational neuroscience; brain/neural structure in title; explicit brain-structure/AI bridge,
1969,[Neuroglial reactions in the cerebral cortex during the course of degeneration].,"C. Fuentès, R. Marty",Comptes rendus hebdomadaires des seances de l'Academie des sciences. Serie D: Sciences naturelles,1969-05-12,0,General Brain-AI Structure Reviews and Methods,brain-structure,,4def42d7f96a424842f3b64d2dce3971f5b55230,https://www.semanticscholar.org/paper/4def42d7f96a424842f3b64d2dce3971f5b55230,JournalArticle,unknown,5,cerebral; cortex; brain/neural structure in title,
1969,[Nucleic acid concentration in cerebral cortex nerve cells upon disruption of higher nervous activity].,I. I. Tokarenko,Zhurnal vyssheĭ nervnoĭ deiatelnosti imeni I P Pavlova,1969,0,"Cellular, Synaptic, and Neuromorphic Foundations",brain-structure,,838f73b605af73d3512e72ea6b0b99e203afc78d,https://www.semanticscholar.org/paper/838f73b605af73d3512e72ea6b0b99e203afc78d,JournalArticle,unknown,6,brain; cerebral; cortex; brain/neural structure in title,
1969,[On the architectonic characteristics of the 17th field of the cerebral cortex in the guinea pigs].,"S. A. Shibkova, G. S. Klepach","Arkhiv anatomii, gistologii i embriologii",1969,0,General Brain-AI Structure Reviews and Methods,brain-structure,,39ebadfd3c739ae529ae6b7f78400035f9584a46,https://www.semanticscholar.org/paper/39ebadfd3c739ae529ae6b7f78400035f9584a46,JournalArticle,unknown,6,brain; cerebral; cortex; brain/neural structure in title,
1969,[On the connections of the median nucleus of the thalamus with the cerebral cortex].,N. K. Totibadze,"Arkhiv anatomii, gistologii i embriologii",1969,0,General Brain-AI Structure Reviews and Methods,brain-structure,,d100ab8a5edd3ab138ebf68eca3e675b9d634e17,https://www.semanticscholar.org/paper/d100ab8a5edd3ab138ebf68eca3e675b9d634e17,JournalArticle,unknown,7,brain; cerebral; cortex; thalamus; brain/neural structure in title,
1969,[Origin and functional significance of the 1st evoked potentials of the cerebral cortex].,K. M. Kullanda,Doklady Akademii nauk SSSR,1969,0,General Brain-AI Structure Reviews and Methods,brain-structure,,f4b21df5f52c675a2124f5ced10cf1185a4e2d64,https://www.semanticscholar.org/paper/f4b21df5f52c675a2124f5ced10cf1185a4e2d64,JournalArticle,unknown,7,cerebral; cortex; eeg; meg; brain/neural structure in title,
1969,[Participation of N. VPL of the thalamus in the distribution of the afferent flow to the projection fields of the cat cerebral cortex].,G. Kalistratov,Doklady Akademii nauk SSSR,1969,0,General Brain-AI Structure Reviews and Methods,brain-structure,,5fcd49bf2193105afe74ccb9ba062ba0b4b4c289,https://www.semanticscholar.org/paper/5fcd49bf2193105afe74ccb9ba062ba0b4b4c289,JournalArticle,unknown,7,brain; cerebral; cortex; thalamus; brain/neural structure in title,
1969,[Physical bases of fast and slow electric oscillations registered in the cerebral cortex].,"K. Bogdanov, V. B. Golovchinskii",Biofizika,1969,0,"Electrophysiology, Neural Signals, and AI Decoding",brain-structure;neural-signals,,cd5e181f4e617253028df197ad513877b77bad58,https://www.semanticscholar.org/paper/cd5e181f4e617253028df197ad513877b77bad58,JournalArticle,unknown,7,cerebral; cortex; eeg; meg; brain/neural structure in title,
1969,[Presynaptic and postsynaptic early negative responses of the cerebral cortex].,K. M. Kullanda,Doklady Akademii nauk SSSR,1969,0,"Cellular, Synaptic, and Neuromorphic Foundations",brain-structure,,c93d791709fbbe3f21d8b9bf67e95d20b5ee0e8e,https://www.semanticscholar.org/paper/c93d791709fbbe3f21d8b9bf67e95d20b5ee0e8e,JournalArticle,unknown,5,cerebral; cortex; brain/neural structure in title,
1969,[Reactions of the cerebral cortex in patients with incipient cerebral atherosclerosis to the effects of electrosleep and Bourguignon's galvanization (based on electroencephalographic data)].,Khobta Vd,Voprosy kurortologii fizioterapii i lechebnoi fizicheskoi kul tury,1969,0,"Connectomics, Graph Models, and Brain Networks",brain-structure;connectome;neural-signals;clinical-neuroai,,94120349ecf0c9327750fb82128c31c9d5c3ea8f,https://www.semanticscholar.org/paper/94120349ecf0c9327750fb82128c31c9d5c3ea8f,JournalArticle,unknown,7,cerebral; cortex; eeg; meg; brain/neural structure in title,
1969,[Respiration of rat cerebral cortex slices after addition of 5-hydroxytryptophol].,"I. Macrì, P. Rigon-Macrí, C. Zummo",Bollettino della Societa italiana di biologia sperimentale,1969-07-31,0,General Brain-AI Structure Reviews and Methods,brain-structure,,1309e3897e3ed05ea4fd5f8e4b191178717d5532,https://www.semanticscholar.org/paper/1309e3897e3ed05ea4fd5f8e4b191178717d5532,JournalArticle,unknown,6,brain; cerebral; cortex; brain/neural structure in title,
1969,[Responses of rabbit cerebral cortex neurons in the early stages of defensive conditioning to a rhythmic light].,G. Shul'gina,Zhurnal vyssheĭ nervnoĭ deiatelnosti imeni I P Pavlova,1969,0,"Cellular, Synaptic, and Neuromorphic Foundations",brain-structure,,1f0f018f2b3e9326ea1ea6cfb7c93b87a9b38b24,https://www.semanticscholar.org/paper/1f0f018f2b3e9326ea1ea6cfb7c93b87a9b38b24,JournalArticle,unknown,6,cerebral; cortex; neuron; brain/neural structure in title,
1969,[Role of the dorsal regions of the hippocampus in the conduction of visceral and exteroceptive signals into the cerebral cortex].,V. Malysheva,Vestnik Leningradskogo universiteta. Biologiia,1969,0,General Brain-AI Structure Reviews and Methods,brain-structure,,2fe87b517dca27a8b8545157e3bbf6a57acb72f4,https://www.semanticscholar.org/paper/2fe87b517dca27a8b8545157e3bbf6a57acb72f4,JournalArticle,unknown,6,cerebral; cortex; hippocampus; brain/neural structure in title,
1969,[Splanchnic afferents in the cerebral cortex of the cerebellectomized cat].,"H. Langhof, F. Rubia",Pflügers Archiv: European Journal of Physiology,1969,0,General Brain-AI Structure Reviews and Methods,brain-structure,,464fcf69f419ab39dccbd587680d5afe7664ab9a,https://www.semanticscholar.org/paper/464fcf69f419ab39dccbd587680d5afe7664ab9a,JournalArticle,unknown,6,brain; cerebral; cortex; brain/neural structure in title,
1969,"[Surface area determination of the cerebral cortex of mammals with special reference to humans, Cetacea, elephants and Marsupialia].","H. Elias, H. Haug, W. Lange, G. Schlenska, D. Schwartz",Verhandlungen der Anatomischen Gesellschaft,1969,0,General Brain-AI Structure Reviews and Methods,brain-structure,,67fe97c055ce3b27fbfdc20fbd3e75e834935673,https://www.semanticscholar.org/paper/67fe97c055ce3b27fbfdc20fbd3e75e834935673,JournalArticle,unknown,6,brain; cerebral; cortex; brain/neural structure in title,
1969,[The average level of spatial synchronization of the biopotentials of the rabbit cerebral cortex].,"M. N. Livanov, M. Zhadin, T. A. Korol'kova, G. P. Kreĭtser, V. Trush",Zhurnal vyssheĭ nervnoĭ deiatelnosti imeni I P Pavlova,1969,0,General Brain-AI Structure Reviews and Methods,brain-structure,,0cfc7acf83cec06bc7de3e743fc3bbaed1f193de,https://www.semanticscholar.org/paper/0cfc7acf83cec06bc7de3e743fc3bbaed1f193de,JournalArticle,unknown,6,brain; cerebral; cortex; brain/neural structure in title,
1969,[The behavior of cerebral cortex blood circulation in dogs under various types of anesthesia].,I. Pichlmayr,Zeitschrift fur Kreislaufforschung,1969-06-01,0,"Cognitive Architectures, Learning, and Systems Neuroscience",brain-structure,,0aa37bb87fe7da2f2c4dc603b89e911e9ea718fd,https://www.semanticscholar.org/paper/0aa37bb87fe7da2f2c4dc603b89e911e9ea718fd,JournalArticle,unknown,5,cerebral; cortex; brain/neural structure in title,
1969,[The behavior of leptomeningeal arteries and veins in cerebral cortex infarctions].,"J. Quandt, H. Sommer","Schweizer Archiv fur Neurologie, Neurochirurgie und Psychiatrie = Archives suisses de neurologie, neurochirurgie et de psychiatrie",1969,0,"Cognitive Architectures, Learning, and Systems Neuroscience",brain-structure,,2c4a5baf1f9673585803ac1c9db8a6ae2a8634d0,https://www.semanticscholar.org/paper/2c4a5baf1f9673585803ac1c9db8a6ae2a8634d0,JournalArticle,unknown,5,cerebral; cortex; brain/neural structure in title,
1969,[The cerebral cortex in cyclocephalus (persistence of Cajal-Retzius cells)].,M. Auroux,"Archives d'anatomie, d'histologie et d'embryologie normales et experimentales",1969,0,"Cellular, Synaptic, and Neuromorphic Foundations",brain-structure,,6d13fe990bdf96c4c0ed05c3761f349b11a82d6a,https://www.semanticscholar.org/paper/6d13fe990bdf96c4c0ed05c3761f349b11a82d6a,JournalArticle,unknown,6,brain; cerebral; cortex; brain/neural structure in title,
1969,[The colinergic mechanisms of reticular inhibition of cerebral cortex neurons in the cat].,"M. A. Gilinskii, R. I. Il'iuchenok",Zhurnal vyssheĭ nervnoĭ deiatelnosti imeni I P Pavlova,1969,0,"Cellular, Synaptic, and Neuromorphic Foundations",brain-structure,,ac1fc405fa327aa8f7b4da5330395cd52cee8ca2,https://www.semanticscholar.org/paper/ac1fc405fa327aa8f7b4da5330395cd52cee8ca2,JournalArticle,unknown,6,cerebral; cortex; neuron; brain/neural structure in title,
1969,[The effect of schizophrenic patient serum on the development of the ultrastructure of the neuronal synthetic apparatus of the cerebral cortex of white rats].,I. Glezer,Zhurnal Nevropatologii I Psikhiatrii Imeni S S Korsakova,1969,0,"Cellular, Synaptic, and Neuromorphic Foundations",brain-structure;clinical-neuroai,,b930e955e8605888c060eef05257059d5728bbb2,https://www.semanticscholar.org/paper/b930e955e8605888c060eef05257059d5728bbb2,JournalArticle,unknown,6,cerebral; cortex; neuron; brain/neural structure in title,
1969,[The effect of stimulation of the sensomotor region of the cerebral cortex on the impulse activity of neurons situated in the region of bulbar pressor structures].,"A. M. Blinova, N. K. Saradzhev",Biulleten' eksperimental'noi biologii i meditsiny,1969,0,"Cellular, Synaptic, and Neuromorphic Foundations",brain-structure,,742cc7c9e9b3291fbda4defdd9f9f8e60f64dd9e,https://www.semanticscholar.org/paper/742cc7c9e9b3291fbda4defdd9f9f8e60f64dd9e,JournalArticle,unknown,6,cerebral; cortex; neuron; brain/neural structure in title,
1969,[The electrical activity of individual layers of the cerebral cortex during dying and resuscitation in animals].,"I. N. Ianvareva, T. R. Kuz'mina, Doan Ien",Nervnaia sistema,1969,0,General Brain-AI Structure Reviews and Methods,brain-structure,,d99ab67bb6695de02228a342a4052b18b86d6d2a,https://www.semanticscholar.org/paper/d99ab67bb6695de02228a342a4052b18b86d6d2a,JournalArticle,unknown,6,brain; cerebral; cortex; brain/neural structure in title,
1969,[The importance of studying the dynamics of adrenal cortex function in evaluation of the character of the course and prognosis of cerebral circulatory disorders].,"K. K. Salakhutdinov, S. K. Kuridi",Zhurnal Nevropatologii I Psikhiatrii Imeni S S Korsakova,1969,0,Clinical NeuroAI and Brain Disorders,brain-structure;clinical-neuroai,,c1ec699435930bc5c81fa65e1dd30ee7a1aa25c6,https://www.semanticscholar.org/paper/c1ec699435930bc5c81fa65e1dd30ee7a1aa25c6,JournalArticle,unknown,6,brain; cerebral; cortex; brain/neural structure in title,
1969,[The influence of different regions of the cerebral cortex on the activity of the neurons of the lateral divisions of the hypothalamus].,V. Zilov,Biulleten' eksperimental'noi biologii i meditsiny,1969,0,"Cellular, Synaptic, and Neuromorphic Foundations",brain-structure,,8977dadced4b2f4841df53a9b79d456c0ea4c207,https://www.semanticscholar.org/paper/8977dadced4b2f4841df53a9b79d456c0ea4c207,JournalArticle,unknown,8,cerebral; cortex; thalamus; hypothalamus; neuron; brain/neural structure in title,
1969,[The location of evoked potentials to photic stimulation in the cerebral cortex].,Zh. A. Belousova,Zhurnal vyssheĭ nervnoĭ deiatelnosti imeni I P Pavlova,1969,0,General Brain-AI Structure Reviews and Methods,brain-structure,,f33918174e8082bf36e94418ba04a4914d1b9739,https://www.semanticscholar.org/paper/f33918174e8082bf36e94418ba04a4914d1b9739,JournalArticle,unknown,7,cerebral; cortex; eeg; meg; brain/neural structure in title,
1969,[The significance of the association areas of the cerebral cortex in the formation of complex conditioned reflex connections in cats].,A. Dm,Zhurnal vyssheĭ nervnoĭ deiatelnosti imeni I P Pavlova,1969,0,General Brain-AI Structure Reviews and Methods,brain-structure,,b4cdee403c71f9ee46efcea0c0e77438e202e502,https://www.semanticscholar.org/paper/b4cdee403c71f9ee46efcea0c0e77438e202e502,JournalArticle,unknown,6,brain; cerebral; cortex; brain/neural structure in title,
1969,[The ultrastructure of cerebral cortex synapses following direct electrical stimulation].,A. Mikeladze,Biulleten' eksperimental'noi biologii i meditsiny,1969,0,"Cellular, Synaptic, and Neuromorphic Foundations",brain-structure,,b0025fab07282c6c1c469c2a8caa487d9d7a6636,https://www.semanticscholar.org/paper/b0025fab07282c6c1c469c2a8caa487d9d7a6636,JournalArticle,unknown,6,cerebral; cortex; synapse; brain/neural structure in title,
1969,[The ultrastructure of the cerebral cortex of 2 patients with schizophrenia and traumatic epilepsy (results of a study of biopsy material)].,L. Sukhorukova,Zhurnal Nevropatologii I Psikhiatrii Imeni S S Korsakova,1969,0,Clinical NeuroAI and Brain Disorders,brain-structure;clinical-neuroai,,0fbcd8de91e5255bad5f09a047bb66c6379665b3,https://www.semanticscholar.org/paper/0fbcd8de91e5255bad5f09a047bb66c6379665b3,JournalArticle,unknown,5,cerebral; cortex; brain/neural structure in title,
1969,[Trace variations in the excitability of separate neurons following electric stimulation of the surface of the cerebral cortex].,L. Voronin,Doklady Akademii nauk SSSR,1969,0,"Cellular, Synaptic, and Neuromorphic Foundations",brain-structure,,a852da24ba13bb6dc76b6d89f19691ed8eeed40b,https://www.semanticscholar.org/paper/a852da24ba13bb6dc76b6d89f19691ed8eeed40b,JournalArticle,unknown,6,cerebral; cortex; neuron; brain/neural structure in title,
1969,[Various afferent connections of the proreal gyrus of the cerebral cortex].,"A. Mikeladze, G. Kiknadze",Zhurnal Nevropatologii I Psikhiatrii Imeni S S Korsakova,1969,0,General Brain-AI Structure Reviews and Methods,brain-structure,,cfec5babfc6f8af7f834e29b8e2d984a60824f88,https://www.semanticscholar.org/paper/cfec5babfc6f8af7f834e29b8e2d984a60824f88,JournalArticle,unknown,6,brain; cerebral; cortex; brain/neural structure in title,
1969,A comparative analysis of the ascending influences of various regions of the hypothalamus on the cerebral cortex and the behavior of anesthetized cats,"Gromova Ea, Gil'man Im",Unknown venue,1969,0,"Cognitive Architectures, Learning, and Systems Neuroscience",brain-structure,,52031645437591635a82d2aeb8ae796ed65474cf,https://www.semanticscholar.org/paper/52031645437591635a82d2aeb8ae796ed65474cf,paper,unknown,7,cerebral; cortex; thalamus; hypothalamus; brain/neural structure in title,
1969,A method of intracellular registration of cerebral cortex neuronal activity under conditions of chronic experimentation with free unrestrained animals,Zarkeshev Eg,Unknown venue,1969-09-01,0,"Cellular, Synaptic, and Neuromorphic Foundations",brain-structure;neuroimaging,,f4e2d7f11832bc5910a9b7abb0dcb530279ede12,https://www.semanticscholar.org/paper/f4e2d7f11832bc5910a9b7abb0dcb530279ede12,paper,unknown,6,cerebral; cortex; neuron; brain/neural structure in title,
1969,A modernized technic of biopotential derivation from the cerebral cortex surface,Trifonov Ev,Unknown venue,1969-06-01,0,General Brain-AI Structure Reviews and Methods,brain-structure,,eb2f7c1b1299855ee441973682bcdb5d6b5b00b3,https://www.semanticscholar.org/paper/eb2f7c1b1299855ee441973682bcdb5d6b5b00b3,paper,unknown,6,brain; cerebral; cortex; brain/neural structure in title,
1969,ALKALINE PHOSPHODIESTERASE ACTIVITY OF GOAT BRAIN CORTEX RIBOSOMES,"R. K. Datta, J. J. Ghosh, K. Bhattacharyya",Journal of Neurochemistry,1969-06-01,0,General Brain-AI Structure Reviews and Methods,brain-structure,10.1111/j.1471-4159.1969.tb08976.x,ee86478e3e978847bfd2354363edab914e7fbee9,https://doi.org/10.1111/j.1471-4159.1969.tb08976.x,JournalArticle,unknown,5,brain; cortex; brain/neural structure in title,
1969,Analysis of the ascending activation of evoked potentials in cerebral cortex to stimulation of urinary bladder receptors.,"Anokhin Pk, Kadyrov Gk",Unknown venue,1969-09-01,0,General Brain-AI Structure Reviews and Methods,brain-structure,,a085bfbb8372d642c4062efc65639c0ffaf046a6,https://www.semanticscholar.org/paper/a085bfbb8372d642c4062efc65639c0ffaf046a6,paper,unknown,7,cerebral; cortex; eeg; meg; brain/neural structure in title,
1969,Analysis of the ascending activation of evoked potentials in cerebral cortex to stimulation of urinary bladder receptors.,"P. Anokhin, G. K. Kadyrov",Electroencephalography and Clinical Neurophysiology,1969,0,"Connectomics, Graph Models, and Brain Networks",brain-structure;connectome;neural-signals;clinical-neuroai,,4365c4f11982519e2cf6b1b07cba0f036ffb4add,https://www.semanticscholar.org/paper/4365c4f11982519e2cf6b1b07cba0f036ffb4add,JournalArticle,unknown,7,cerebral; cortex; eeg; meg; brain/neural structure in title,
1969,Analysis of the neurochemical mechanisms of cerebral cortex activation during the pain reaction,"Sudakov Kv, Kadyrov Gk",Unknown venue,1969,0,General Brain-AI Structure Reviews and Methods,brain-structure,,a978d223b0268cd42490bd01f34a5ccf58b828ef,https://www.semanticscholar.org/paper/a978d223b0268cd42490bd01f34a5ccf58b828ef,paper,unknown,6,brain; cerebral; cortex; brain/neural structure in title,
1969,Bioelectric activity of the cerebral cortex in the induction of food reflexes (an experimental study),Raevskiĭ Vv,Unknown venue,1969-05-01,0,General Brain-AI Structure Reviews and Methods,brain-structure,,67505ecfe7be2b48b0b2f98d84a0c68bfeb5c15f,https://www.semanticscholar.org/paper/67505ecfe7be2b48b0b2f98d84a0c68bfeb5c15f,paper,unknown,6,brain; cerebral; cortex; brain/neural structure in title,
1969,Bioelectrical activity of the cerebral cortex in children and adolescents with schizophrenia,Leĭbovich Fa,Unknown venue,1969,0,General Brain-AI Structure Reviews and Methods,brain-structure,,5972d188899e2eb3f8dfdbe3575622b7f5251f61,https://www.semanticscholar.org/paper/5972d188899e2eb3f8dfdbe3575622b7f5251f61,paper,unknown,6,brain; cerebral; cortex; brain/neural structure in title,
1969,BIOPOTENTIALS OF CEREBRAL CORTEX IN RABBITS EXPOSED TO LOW-INTENSITY ELECTROMAGNETIC RADIOFREQUENCY FIELDS.,"L. K. Ershova, Y. Dumanskii",Unknown venue,1969,0,General Brain-AI Structure Reviews and Methods,brain-structure,,fbb002e0ffab567a73bc45e233d2bab9cb0a9952,https://www.semanticscholar.org/paper/fbb002e0ffab567a73bc45e233d2bab9cb0a9952,paper,unknown,6,brain; cerebral; cortex; brain/neural structure in title,
1969,CERTAIN CORTICOFUGAL PROJECTIONS OF THE CEREBRAL CORTEX OF THE RABBIT*,"M. Guthrie, R. A. Giolli",American Journal of Optometry and Archives of American Academy of Optometry,1969-07-01,0,"Connectomics, Graph Models, and Brain Networks",brain-structure;connectome;decoding,10.1097/00006324-196907000-00007,c99e762888ce4f24a678999277f2c15a1ce41b2b,https://doi.org/10.1097/00006324-196907000-00007,JournalArticle,unknown,7,brain; cerebral; cortex; cortical; brain/neural structure in title,ABSTRACT A lesion was produced in the cerebral cortex in each of 10 rabbits killed 7-10 days postoperatively.
1969,Changes in impedance and phase angle in the cerebral cortex during spreading depression.,E. K. Wong,Acta physiologica latino americana,1969,0,General Brain-AI Structure Reviews and Methods,brain-structure,,69a48bc1b5d09b0c2ec793897104ac953d2b53fd,https://www.semanticscholar.org/paper/69a48bc1b5d09b0c2ec793897104ac953d2b53fd,JournalArticle,unknown,6,brain; cerebral; cortex; brain/neural structure in title,
1969,Changes in impedance and phase angle in the cerebral cortex during spreading depression.,Wong Ek,Unknown venue,1969,0,General Brain-AI Structure Reviews and Methods,brain-structure,,493ff20fb627b32a40cd308a4679ae6626cf58ad,https://www.semanticscholar.org/paper/493ff20fb627b32a40cd308a4679ae6626cf58ad,paper,unknown,6,brain; cerebral; cortex; brain/neural structure in title,
1969,CHANGES IN NUCLEIC ACIDS AND ENZYMES IN DEVELOPING CEREBRAL CORTEX AND CEREBELLUM OF THE RAT AFTER NEOTAL THYROIDECTOMY,"C. Gómez, J. Pasquini, Carlos Gargia Argiz",Unknown venue,1969,0,General Brain-AI Structure Reviews and Methods,brain-structure,10.1016/B978-0-08-013311-9.50086-5,795f12f48b741d4782b596e78d7cd77045ffe106,https://doi.org/10.1016/B978-0-08-013311-9.50086-5,paper,unknown,7,brain; cerebral; cortex; cerebellum; brain/neural structure in title,
1969,Characteristics of the spatial organization of the evoked bioelectrical activity of the cerebral cortex of schizophrenia patients,Strelets Vb,Unknown venue,1969,0,Clinical NeuroAI and Brain Disorders,brain-structure;clinical-neuroai,,f5e5ca5618487d921f58e0fcb0f37321850a8f1c,https://www.semanticscholar.org/paper/f5e5ca5618487d921f58e0fcb0f37321850a8f1c,paper,unknown,5,cerebral; cortex; brain/neural structure in title,
1969,Characteristics of the ultrastructure of nerve cells in the cerebral cortex of old animals,Artiukhina Ni,Unknown venue,1969,0,"Cellular, Synaptic, and Neuromorphic Foundations",brain-structure,,1d5dc47b37e3539d777de5f2794de9720011d239,https://www.semanticscholar.org/paper/1d5dc47b37e3539d777de5f2794de9720011d239,paper,unknown,6,brain; cerebral; cortex; brain/neural structure in title,
1969,Comparison of effects of actions of antichlinergic and anticholinesterase compounds on evoked potentials in the cerebral cortex,"I. Riu, Zinevich Vs, Loskutova Lv",Unknown venue,1969,0,General Brain-AI Structure Reviews and Methods,brain-structure,,fdbc5430d527179353baf5647fa20968ca2124d8,https://www.semanticscholar.org/paper/fdbc5430d527179353baf5647fa20968ca2124d8,paper,unknown,7,cerebral; cortex; eeg; meg; brain/neural structure in title,
1969,COMPOUND NET MODEL OF THE CEREBRAL CORTEX.,"E. Harth, B. Beek, T. Csermely, R. Lindsay",Unknown venue,1969-06-01,0,Computational Neuroscience and Brain-Inspired AI,brain-structure,10.1037/e422862004-001,865de83a91d8916109e88a349da3d4c0395e0d11,https://doi.org/10.1037/e422862004-001,paper,unknown,17,cerebral; cortex; computational neuroscience; brain/neural structure in title; explicit brain-structure/AI bridge,
1969,Correlation between prostaglandin release from cerebral cortex and electrocorticogram in unanesthetized cats.,"P. Bradley, G. Samuels",Electroencephalography and Clinical Neurophysiology,1969,0,"Connectomics, Graph Models, and Brain Networks",brain-structure;connectome;neural-signals;clinical-neuroai,10.1016/0013-4694(69)91327-3,22e1f93713a73a5c719cf6b528020ef05a93b249,https://doi.org/10.1016/0013-4694(69)91327-3,JournalArticle,unknown,7,cerebral; cortex; eeg; meg; brain/neural structure in title,
1969,Correlation between prostaglandin release from cerebral cortex and electrocorticogram in unanesthetized cats.,"Bradley Pb, Samuels Gm",Unknown venue,1969-09-01,0,General Brain-AI Structure Reviews and Methods,brain-structure,,ec6ac75978399e38c38743b078a481ee2b6c7c10,https://www.semanticscholar.org/paper/ec6ac75978399e38c38743b078a481ee2b6c7c10,paper,unknown,6,brain; cerebral; cortex; brain/neural structure in title,
1969,Demi-vie des divers phosphatides dans les neurones et les cellules gliales du cortex cérébral de rat.,"L. Freysz, R. Bieth",Unknown venue,1969,0,"Cellular, Synaptic, and Neuromorphic Foundations",brain-structure,,5e49937935173e115cb531145c69b6440079e368,https://www.semanticscholar.org/paper/5e49937935173e115cb531145c69b6440079e368,paper,unknown,5,cortex; neuron; brain/neural structure in title,
1969,Dynamics of cellular activity of subcortical structures of the human brain during certain motor and psychological tests.,A. I. Trohatchev,Electroencephalography and Clinical Neurophysiology,1969,0,"Connectomics, Graph Models, and Brain Networks",brain-structure;connectome;neural-signals;clinical-neuroai,,bba85e83e60d843cfa88dfb7d63c08d5dfc4440a,https://www.semanticscholar.org/paper/bba85e83e60d843cfa88dfb7d63c08d5dfc4440a,JournalArticle,unknown,7,brain; cortical; eeg; meg; brain/neural structure in title,
1969,Dynamics of cellular activity of subcortical structures of the human brain during certain motor and psychological tests.,Trohatchev Ai,Unknown venue,1969-05-01,0,"Cellular, Synaptic, and Neuromorphic Foundations",brain-structure,,d5acaefe6e5f78764d65bbe49fc63b887710e013,https://www.semanticscholar.org/paper/d5acaefe6e5f78764d65bbe49fc63b887710e013,paper,unknown,5,brain; cortical; brain/neural structure in title,
1969,Effect of direct electrical stimulation on synapse ultrastructure in the cerebral cortex,A. Mikeladze,Bulletin of experimental biology and medicine,1969-03-01,0,"Cellular, Synaptic, and Neuromorphic Foundations",brain-structure,10.1007/BF00803854,cb1eb6beccc8079584cb6eee3c91baa34b064d74,https://doi.org/10.1007/BF00803854,paper,unknown,6,cerebral; cortex; synapse; brain/neural structure in title,
1969,Effect of ether on evoked potentials of cerebral cortex under conditions of hexenal narcosis,Aganiants Ek,Unknown venue,1969,0,General Brain-AI Structure Reviews and Methods,brain-structure,,75f96219479c9abbbb1ff43da6e3f566949f41e9,https://www.semanticscholar.org/paper/75f96219479c9abbbb1ff43da6e3f566949f41e9,paper,unknown,7,cerebral; cortex; eeg; meg; brain/neural structure in title,
1969,Effect of roentgen radiation on the activity of symmetric sections of cerebral cortex in dogs,Medianik Ia,Unknown venue,1969,0,General Brain-AI Structure Reviews and Methods,brain-structure,,5eaedc123a0bcc4e8d570a8adf3645cbd688f4c8,https://www.semanticscholar.org/paper/5eaedc123a0bcc4e8d570a8adf3645cbd688f4c8,paper,unknown,6,brain; cerebral; cortex; brain/neural structure in title,
1969,"Effect of short term quercetin, caloric restriction and combined treatment on oxidative stress parameters, acetylcholinesterase and ATPases enzyme activities in the cerebral cortex of aged rat brain","Phaniendra Alugoju, Vkd Krishan Swamy, L. Periyasamy",Unknown venue,1969-12-31,0,General Brain-AI Structure Reviews and Methods,brain-structure,,65c5c8b349ec37ada678955852826d82d4454639,https://www.semanticscholar.org/paper/65c5c8b349ec37ada678955852826d82d4454639,paper,unknown,6,brain; cerebral; cortex; brain/neural structure in title,
1969,EFFECT OF X-IRRADIATION ON ACTIVITY OF SYMMETRIC DIVISIONS OF CEREBRAL CORTEX IN DOGS.,I. Medyanik,Unknown venue,1969,0,General Brain-AI Structure Reviews and Methods,brain-structure,,54ff27f80e824efcecf7f360993a69c02d6181eb,https://www.semanticscholar.org/paper/54ff27f80e824efcecf7f360993a69c02d6181eb,paper,unknown,6,brain; cerebral; cortex; brain/neural structure in title,
1969,EFFECTS OF OUABAIN ON ISOLATED GUINEA-PIG CEREBRAL CORTEX,P. Swanson,Unknown venue,1969,0,General Brain-AI Structure Reviews and Methods,brain-structure,10.1016/B978-0-08-013311-9.50186-X,ae2a88404c6327e1022c1fe1291f2ad9d68a0ee6,https://doi.org/10.1016/B978-0-08-013311-9.50186-X,paper,unknown,6,brain; cerebral; cortex; brain/neural structure in title,
1969,Electrical parameters of the large cerebral hemisphere cortex in decline and restoration of the vital functions following fatal blood loss in dogs,"Korpachev Vg, Vasilik In, Kuznetsova Li",Unknown venue,1969,0,General Brain-AI Structure Reviews and Methods,brain-structure,,c2b254653fc67947c0c54b85e5bc5078dea589f3,https://www.semanticscholar.org/paper/c2b254653fc67947c0c54b85e5bc5078dea589f3,paper,unknown,6,brain; cerebral; cortex; brain/neural structure in title,
1969,Electron microscopy of the nerve cells of the human cerebral cortex in psychoses linked with involution of the body or accompanying it,"Gol'din Ls, Dedov Vf",Unknown venue,1969,0,"Cellular, Synaptic, and Neuromorphic Foundations",brain-structure,,23cd5ca8fcaf3497162b1f3cbf94758f0d06e719,https://www.semanticscholar.org/paper/23cd5ca8fcaf3497162b1f3cbf94758f0d06e719,paper,unknown,6,brain; cerebral; cortex; brain/neural structure in title,
1969,ENZYME HISTOCHEMICAL STUDIES ON THE CEREBRAL CORTEX OF THYROID HORMONE-DEFICIENT RATS,"N. Robinson, J. Nievel, J. Eayrs",Unknown venue,1969,0,General Brain-AI Structure Reviews and Methods,brain-structure,10.1016/B978-0-08-013311-9.50172-X,0d654d36672be486d3ce08f983fa70c04094d377,https://doi.org/10.1016/B978-0-08-013311-9.50172-X,paper,unknown,6,brain; cerebral; cortex; brain/neural structure in title,
1969,Evoked responses and the analysis of stimulations in the human cerebral cortex,Ivanitskiĭ Am,Unknown venue,1969,0,General Brain-AI Structure Reviews and Methods,brain-structure,,054008472319713b489da8fa4806af1c8291cc02,https://www.semanticscholar.org/paper/054008472319713b489da8fa4806af1c8291cc02,paper,unknown,6,brain; cerebral; cortex; brain/neural structure in title,
1969,Features of the ultrastructure of cerebral cortex of animals in experimental alcoholic intoxication,"Artiukhina Ni, Khachatur'ian Aa",Unknown venue,1969,0,General Brain-AI Structure Reviews and Methods,brain-structure,,42e510b5a2e8f29b5d36b8cd6f30d4e0bb3c6a95,https://www.semanticscholar.org/paper/42e510b5a2e8f29b5d36b8cd6f30d4e0bb3c6a95,paper,unknown,6,brain; cerebral; cortex; brain/neural structure in title,
1969,FREE AMINO-ACID CHANGES IN CAT CEREBRAL CORTEX AFTER TOPICAL APPLICATION OF STRYCHNINE AND NEMBUTAL,E. Constantinescu,Unknown venue,1969,0,General Brain-AI Structure Reviews and Methods,brain-structure,10.1016/B978-0-08-013311-9.50044-0,e36b6b71c47b4007b5f9c2f3b1999e96918695c5,https://doi.org/10.1016/B978-0-08-013311-9.50044-0,paper,unknown,6,brain; cerebral; cortex; brain/neural structure in title,
1969,Influence of thiazinamium on subcellular p-nitrophenylphosphatase in rat cerebral cortex.,"C. Dewaart, van den Eijnden Dh",Unknown venue,1969-08-01,0,"Cellular, Synaptic, and Neuromorphic Foundations",brain-structure,,b39f52e1799178ac2c9bb458002287f5e7b1def8,https://www.semanticscholar.org/paper/b39f52e1799178ac2c9bb458002287f5e7b1def8,paper,unknown,6,brain; cerebral; cortex; brain/neural structure in title,
1969,Influence of thiazinamium on subcellular p-nitrophenylphosphatase in rat cerebral cortex.,"C. DE WAART, D. H. van den Eijnden",Acta physiologica et pharmacologica Neerlandica,1969,0,"Cellular, Synaptic, and Neuromorphic Foundations",brain-structure,,3ce91e783716ad631a49585875511d490dd381e3,https://www.semanticscholar.org/paper/3ce91e783716ad631a49585875511d490dd381e3,JournalArticle,unknown,6,brain; cerebral; cortex; brain/neural structure in title,
1969,Inhibitory post-synaptic potentials in the cerebral cortex.,"J. Dreifuss, J. Kelly, Krnjević",Journal of Physiology,1969,0,"Cellular, Synaptic, and Neuromorphic Foundations",brain-structure,,b8ba7a05e0f995747485316de7b45556ca78b209,https://www.semanticscholar.org/paper/b8ba7a05e0f995747485316de7b45556ca78b209,JournalArticle,unknown,5,cerebral; cortex; brain/neural structure in title,
1969,"Inside the Human Brain: Subcortical Correlates of Human Behavior . A Psychological Study of Thalamic and Basal Ganglia Surgery. Manuel Riklan and Eric Levita. Williams and Wilkins, Baltimore, 1969. xii + 340 pp., illus. $17.",H. Lansdell,Science,1969-08-01,0,"Cognitive Architectures, Learning, and Systems Neuroscience",brain-structure,10.1126/science.165.3892.484.a,0a72e6214ae7ecd58c0e2bad3d91314b7e4bcad1,https://doi.org/10.1126/science.165.3892.484.a,paper,unknown,6,brain; cortical; basal ganglia; brain/neural structure in title,
1969,Instrumental conditioning of thalamogenic movements and its dependence on the cerebral cortex.,"R. Tarnecki, J. Konorski",Acta biologiae experimentalis,1969,0,General Brain-AI Structure Reviews and Methods,brain-structure,,e5d2562aa1defbcf95ec331eb15bbacf5d56f6ca,https://www.semanticscholar.org/paper/e5d2562aa1defbcf95ec331eb15bbacf5d56f6ca,JournalArticle,unknown,6,brain; cerebral; cortex; brain/neural structure in title,
1969,Lipid components of sialosylgalactosylceramide of human brain and studies of gangliosides of bovine adrenal cortex and adrenal medulla,B. Siddiqui,Unknown venue,1969,0,General Brain-AI Structure Reviews and Methods,brain-structure,,65195b9955262aec06dc75d787fda367fed2ede3,https://www.semanticscholar.org/paper/65195b9955262aec06dc75d787fda367fed2ede3,paper,unknown,5,brain; cortex; brain/neural structure in title,
1969,Mechanisms of hypothalamo-reticular influences on the content of sulfhydryl groups in the cerebral cortex,É. V. Gerasimovich,Bulletin of experimental biology and medicine,1969-07-01,0,General Brain-AI Structure Reviews and Methods,brain-structure,10.1007/BF00784725,86c629e6b6090d7f72731e3f77f9fcf480042571,https://doi.org/10.1007/BF00784725,paper,unknown,6,brain; cerebral; cortex; brain/neural structure in title,
1969,Morphological and certain histochemical changes in the precoronary region of the cerebral cortex in dogs during the effect of transverse accelerations,D. Medvedev,Unknown venue,1969-07-01,0,General Brain-AI Structure Reviews and Methods,brain-structure,,63374602b2825d186ac11619fa6d351efdf24637,https://www.semanticscholar.org/paper/63374602b2825d186ac11619fa6d351efdf24637,paper,unknown,6,brain; cerebral; cortex; brain/neural structure in title,
1969,Neurophysiological mechanisms of ascending activating influence of the hypothalamus on the cerebral cortex in fasting.,K. V. Sudakov,Electroencephalography and Clinical Neurophysiology,1969,0,"Connectomics, Graph Models, and Brain Networks",brain-structure;connectome;neural-signals;clinical-neuroai,,1a7a0996d4b50351e105d918532f14364a47d34d,https://www.semanticscholar.org/paper/1a7a0996d4b50351e105d918532f14364a47d34d,JournalArticle,unknown,9,cerebral; cortex; thalamus; hypothalamus; eeg; meg; brain/neural structure in title,
1969,Neurophysiological mechanisms of ascending activating influence of the hypothalamus on the cerebral cortex in fasting.,Sudakov Kv,Unknown venue,1969-05-01,0,General Brain-AI Structure Reviews and Methods,brain-structure,,2c96212930e13664a423bd6fb452cf7d254d1d29,https://www.semanticscholar.org/paper/2c96212930e13664a423bd6fb452cf7d254d1d29,paper,unknown,8,brain; cerebral; cortex; thalamus; hypothalamus; brain/neural structure in title,
1969,On physiological mechanisms of sleep inhibition irradiation over the cerebral cortex.,A. Kogan,Activitas nervosa superior,1969,0,General Brain-AI Structure Reviews and Methods,brain-structure,,32f2b9b6f8dd0f0fef3a43e97485daf6ff95b0df,https://www.semanticscholar.org/paper/32f2b9b6f8dd0f0fef3a43e97485daf6ff95b0df,JournalArticle,unknown,6,brain; cerebral; cortex; brain/neural structure in title,
1969,Responses of rabbit cerebral cortex neurons in the early stages of defensive conditioning to a rhythmic light,Shul'gina Gi,Unknown venue,1969-09-01,0,"Cellular, Synaptic, and Neuromorphic Foundations",brain-structure,,13aefdef0485c5bff3fc4ec59555ee02304a2ba4,https://www.semanticscholar.org/paper/13aefdef0485c5bff3fc4ec59555ee02304a2ba4,paper,unknown,6,cerebral; cortex; neuron; brain/neural structure in title,
1969,Role of the dorsal regions of the hippocampus in the conduction of visceral and exteroceptive signals into the cerebral cortex,Malyshev Vv,Unknown venue,1969-11-01,0,General Brain-AI Structure Reviews and Methods,brain-structure,,4aabb9c9c1642476bec8dc3b0bd05a6f38620244,https://www.semanticscholar.org/paper/4aabb9c9c1642476bec8dc3b0bd05a6f38620244,paper,unknown,6,cerebral; cortex; hippocampus; brain/neural structure in title,
1969,The colinergic mechanisms of reticular inhibition of cerebral cortex neurons in the cat,"Gilinskiĭ Ma, Il'iuchenok RIu",Unknown venue,1969-07-01,0,"Cellular, Synaptic, and Neuromorphic Foundations",brain-structure,,7de28a072031ca75e5e49d6388cd83fbb6614fc4,https://www.semanticscholar.org/paper/7de28a072031ca75e5e49d6388cd83fbb6614fc4,paper,unknown,6,cerebral; cortex; neuron; brain/neural structure in title,
1969,The effect of stimulation of the sensomotor region of the cerebral cortex on the impulse activity of neurons situated in the region of bulbar pressor structures,"Blinova Am, Saradzhev Nk",Unknown venue,1969-02-01,0,"Cellular, Synaptic, and Neuromorphic Foundations",brain-structure,,e34b78da4e1a646c2c0126042b64fe0598c49357,https://www.semanticscholar.org/paper/e34b78da4e1a646c2c0126042b64fe0598c49357,paper,unknown,6,cerebral; cortex; neuron; brain/neural structure in title,
1969,The influence of different regions of the cerebral cortex on the activity of the neurons of the lateral divisions of the hypothalamus,Zilov Vg,Unknown venue,1969-08-01,0,"Cellular, Synaptic, and Neuromorphic Foundations",brain-structure,,3408488ac5663c251457dce8e52c4b64578bf803,https://www.semanticscholar.org/paper/3408488ac5663c251457dce8e52c4b64578bf803,paper,unknown,8,cerebral; cortex; thalamus; hypothalamus; neuron; brain/neural structure in title,
1969,The reaction of single neurons in the auditory region of the cerebral cortex in cats to an adequate stimulation of the vestibular apparatus,M. Kutateladze,Unknown venue,1969-07-01,0,"Cellular, Synaptic, and Neuromorphic Foundations",brain-structure,,e835af7c6788cd45cde20778c651620863a17390,https://www.semanticscholar.org/paper/e835af7c6788cd45cde20778c651620863a17390,paper,unknown,6,cerebral; cortex; neuron; brain/neural structure in title,
1969,The ultrastructure of cerebral cortex synapses following direct electrical stimulation,Mikeladze Al,Unknown venue,1969-03-01,0,"Cellular, Synaptic, and Neuromorphic Foundations",brain-structure,,4b39a219cb232c4e01fc494040b7b7a377dc986d,https://www.semanticscholar.org/paper/4b39a219cb232c4e01fc494040b7b7a377dc986d,paper,unknown,6,cerebral; cortex; synapse; brain/neural structure in title,
1969,UNIQUE BRAIN MECHANISMS IN HIPPOCAMPUS.,T. Mclardy,Unknown venue,1969-03-01,0,General Brain-AI Structure Reviews and Methods,brain-structure,,f66fc0ba1715a869d0bfec9502086267159dbdf9,https://www.semanticscholar.org/paper/f66fc0ba1715a869d0bfec9502086267159dbdf9,paper,unknown,5,brain; hippocampus; brain/neural structure in title,
