year,title,authors,venue,publicationDate,citationCount,category,keywordTags,doi,sourceId,url,workType,language,relevanceScore,relevanceReason,abstractSnippet
1990,"Co-Planar Stereotaxic Atlas of the Human Brain-3-Dimensional Proportional System: An Approach to Cerebral Imaging, J. Talairach, P. Tournoux. Georg Thieme Verlag, New York (1988), 122 pp., 130 figs. DM 268",M. Torrens,Unknown venue,1990-03-01,11057,General Brain-AI Structure Reviews and Methods,brain-structure,10.1016/S0009-9260(05)80985-7,0d2d41b713fb1d30e2f0d263cf4cc79cd0f88ff2,https://doi.org/10.1016/S0009-9260(05)80985-7,paper,unknown,5,brain; cerebral; brain/neural structure in title,
1990,The attention system of the human brain.,"M. Posner, S. Petersen",Annual Review of Neuroscience,1990,8504,General Brain-AI Structure Reviews and Methods,brain-structure,10.1146/ANNUREV.NE.13.030190.000325,94f1cbb8e88f524efe2a9034e25c1f83a6b2abf3,https://doi.org/10.1146/ANNUREV.NE.13.030190.000325,Review; JournalArticle,unknown,4,brain; brain/neural structure in title,
1990,Brain magnetic resonance imaging with contrast dependent on blood oxygenation.,"Seijiro Ogawa, T. M. Lee, A. Kay, D. Tank",Proceedings of the National Academy of Sciences of the United States of America,1990-12-01,6567,General Brain-AI Structure Reviews and Methods,brain-structure;neuroimaging,10.1073/PNAS.87.24.9868,017ec0fb815db8d589d95239ce416456ba8460e0,https://doi.org/10.1073/PNAS.87.24.9868,JournalArticle,unknown,4,brain; brain/neural structure in title,
1990,D1 and D2 dopamine receptor-regulated gene expression of striatonigral and striatopallidal neurons.,"C. Gerfen, T. Engber, L. Mahan, Z. Susel, T. Chase, F. Monsma, et al.",Science,1990-12-07,3040,"Cellular, Synaptic, and Neuromorphic Foundations",,10.1126/SCIENCE.2147780,84e320dee6983b0a792adfc3b2543152d9b3edab,https://doi.org/10.1126/SCIENCE.2147780,JournalArticle,unknown,13,neuron; neuromorphic; explicit brain-structure/AI bridge,
1990,Localization of nitric oxide synthase indicating a neural role for nitric oxide,"D. Bredt, P. Hwang, S. Snyder",Nature,1990-10-25,3017,General Brain-AI Structure Reviews and Methods,brain-structure,10.1038/347768A0,9bd0929ed26fe9b2285d750be8c9be53ab8e5d77,https://doi.org/10.1038/347768A0,JournalArticle,unknown,5,brain; neural; brain/neural structure in title,
1990,A randomized trial of surgery in the treatment of single metastases to the brain.,"R. Patchell, P. Tibbs, J. Walsh, R. Dempsey, Y. Maruyama, R. Kryscio, et al.",New England Journal of Medicine,1990-02-22,3013,Clinical NeuroAI and Brain Disorders,brain-structure;clinical-neuroai,10.1056/NEJM199002223220802,6e5fb3e8fa92e3c869329b754ab916d521c6bcd9,https://doi.org/10.1056/NEJM199002223220802,JournalArticle; Study; ClinicalTrial,unknown,4,brain; brain/neural structure in title,
1990,Oxygenation-sensitive contrast in magnetic resonance image of rodent brain at high magnetic fields,"S. Ogawa, Tso-Ming Lee, A. Nayak, P. Glynn",Magnetic Resonance in Medicine,1990-04-01,2336,General Brain-AI Structure Reviews and Methods,brain-structure;neuroimaging,10.1002/MRM.1910140108,013e2e879462602bf3e4d7a6ede7688b87288cef,https://doi.org/10.1002/MRM.1910140108,JournalArticle,unknown,4,brain; brain/neural structure in title,
1990,Synapse loss in frontal cortex biopsies in Alzheimer's disease: Correlation with cognitive severity,"S. DeKosky, S. Scheff",Annals of Neurology,1990-05-01,2321,"Cellular, Synaptic, and Neuromorphic Foundations",brain-structure;clinical-neuroai,10.1002/ana.410270502,a9d14eed62c4ad2fb6c021ef4be625418819a749,https://doi.org/10.1002/ana.410270502,JournalArticle,unknown,17,cortex; synapse; neuromorphic; brain/neural structure in title; explicit brain-structure/AI bridge,
1990,Cannabinoid receptor localization in brain.,"M. Herkenham, A. Lynn, Little, J. Mr, L. Melvin, deCosta Br, et al.",Proceedings of the National Academy of Sciences of the United States of America,1990-03-01,2318,General Brain-AI Structure Reviews and Methods,brain-structure,10.1073/PNAS.87.5.1932,703b149132a425f8f85a4b0dc29861043afb321c,https://doi.org/10.1073/PNAS.87.5.1932,JournalArticle; Study,unknown,4,brain; brain/neural structure in title,
1990,The role of glutamate neurotoxicity in hypoxic-ischemic neuronal death.,"D. Choi, S. Rothman",Annual Review of Neuroscience,1990,2279,"Cellular, Synaptic, and Neuromorphic Foundations",,10.1146/ANNUREV.NE.13.030190.001131,5eaff6f72ae5008841d98a56bdd2ddd61ca8be42,https://doi.org/10.1146/ANNUREV.NE.13.030190.001131,Review; JournalArticle,unknown,13,neuron; neuromorphic; explicit brain-structure/AI bridge,
1990,Distribution of androgen and estrogen receptor mRNA-containing cells in the rat brain: An in situ hybridization study,"R. Simerly, L. Swanson, Chawnshang Chang, M. Muramatsu",The Journal of comparative neurology,1990-04-01,2141,"Cellular, Synaptic, and Neuromorphic Foundations",brain-structure,10.1002/cne.902940107,a905352b06eedcf292bbf6ce69885f8f00acad4a,https://doi.org/10.1002/cne.902940107,JournalArticle,unknown,16,brain; neuromorphic; brain/neural structure in title; explicit brain-structure/AI bridge,
1990,Heterogeneity in the distribution and morphology of microglia in the normal adult mouse brain.,"L. Lawson, V. Perry, P. Dri, S. Gordon",Neuroscience,1990,1987,General Brain-AI Structure Reviews and Methods,brain-structure,10.1016/0306-4522(90)90229-W,5db7515c01d3f3b72534500b583f61e5fdfeeabe,https://doi.org/10.1016/0306-4522(90)90229-W,JournalArticle,unknown,4,brain; brain/neural structure in title,
1990,Glutamate induces calcium waves in cultured astrocytes: long-range glial signaling.,"A. Cornell-Bell, S. Finkbeiner, M. Cooper, Stephen J. Smith",Science,1990-01-26,1880,General Brain-AI Structure Reviews and Methods,brain-structure,10.1126/SCIENCE.1967852,26aed2c6fffb3b37394d73fa2787b755ad2f4ca3,https://doi.org/10.1126/SCIENCE.1967852,JournalArticle,unknown,1,brain,
1990,Early detection of regional cerebral ischemia in cats: Comparison of diffusion- and T2-weighted MRI and spectroscopy,"M. Moseley, Y. Cohen, J. Mintorovitch, L. Chileuitt, Hiroaki Shimizu, J. Kucharczyk, et al.",Magnetic Resonance in Medicine,1990-05-01,1734,Structural Neuroimaging and AI,brain-structure;neuroimaging,10.1002/mrm.1910140218,e0d446efe57210ef24deee0f878fd8830ce62e14,https://doi.org/10.1002/mrm.1910140218,JournalArticle; Study,unknown,2,cerebral; mri,
1990,Approach-withdrawal and cerebral asymmetry: emotional expression and brain physiology. I.,"R. Davidson, P. Ekman, C. Saron, J. Senulis, Wallace V. Friesen",Journal of Personality and Social Psychology,1990-02-01,1728,General Brain-AI Structure Reviews and Methods,brain-structure,10.1037/0022-3514.58.2.330,34e8d55cc0e5a2c552368dd173787008f92d8e33,https://doi.org/10.1037/0022-3514.58.2.330,JournalArticle,unknown,5,brain; cerebral; brain/neural structure in title,
1990,The role of attention in auditory information processing as revealed by event-related potentials and other brain measures of cognitive function,R. Näätänen,Behavioral and Brain Sciences,1990-06-01,1726,"Cognitive Architectures, Learning, and Systems Neuroscience",brain-structure,10.1017/S0140525X00078407,31ba2a92c0bd90326fb1e52f68a172409950ab44,https://doi.org/10.1017/S0140525X00078407,paper,unknown,16,brain; cognitive architecture; brain/neural structure in title; explicit brain-structure/AI bridge,
1990,A Semiautomated Method for Measuring Brain Infarct Volume,"R. Swanson, M. T. Morton, G. Tsao-Wu, Robert A. Savalos, C. Davidson, F. Sharp",Journal of Cerebral Blood Flow and Metabolism,1990-03-01,1703,General Brain-AI Structure Reviews and Methods,brain-structure,10.1038/jcbfm.1990.47,771e54b51605bbcbba572935ebe2c6aaf6f031fe,https://doi.org/10.1038/jcbfm.1990.47,JournalArticle,unknown,4,brain; brain/neural structure in title,
1990,Neurotransmitters and neuromodulators in the basal ganglia.,A. Graybiel,Trends in Neurosciences,1990-07-01,1595,General Brain-AI Structure Reviews and Methods,,10.1016/0166-2236(90)90104-I,89cc3dc74ba163e255db82d0fcf97da5455e6be3,https://doi.org/10.1016/0166-2236(90)90104-I,Review; JournalArticle,unknown,2,brain; basal ganglia,
1990,The anterior cingulate cortex mediates processing selection in the Stroop attentional conflict paradigm.,"J. Pardo, P. J. Pardo, Kevin W. Janer, Marcus E. RAICHLEt",Proceedings of the National Academy of Sciences of the United States of America,1990,1523,"Cognitive Architectures, Learning, and Systems Neuroscience",brain-structure,10.1073/PNAS.87.1.256,ac721d62efda2d0ad1776b7aad93935ce51c51c6,https://doi.org/10.1073/PNAS.87.1.256,JournalArticle,unknown,16,cortex; cognitive architecture; brain/neural structure in title; explicit brain-structure/AI bridge,
1990,Brain systems that mediate both emotion and cognition.,J. Gray,Unknown venue,1990-07-01,1456,"Cognitive Architectures, Learning, and Systems Neuroscience",brain-structure,10.1080/02699939008410799,247a1990d8c31c92059ddd8df5f3ea0c2750cae7,https://doi.org/10.1080/02699939008410799,paper,unknown,16,brain; cognitive architecture; brain/neural structure in title; explicit brain-structure/AI bridge,
1990,Gonadal steroids regulate dendritic spine density in hippocampal pyramidal cells in adulthood,"E. Gould, C. Woolley, M. Frankfurt, B. McEwen",Journal of Neuroscience,1990-04-01,1397,"Cellular, Synaptic, and Neuromorphic Foundations",brain-structure,10.1523/JNEUROSCI.10-04-01286.1990,382f252a72a92cb5bebeb25270b24ff0fb668bdb,https://doi.org/10.1523/JNEUROSCI.10-04-01286.1990,JournalArticle,unknown,15,brain; hippocampus; neuron; neuromorphic; explicit brain-structure/AI bridge,Gonadal steroids are known to influence hippocampal physiology in adulthood.
1990,Physiological and pathophysiological roles of excitatory amino acids during central nervous system development.,"John W. McDonald, John W. McDonald, M. Johnston",Brain research. Brain research reviews,1990,1386,"Cellular, Synaptic, and Neuromorphic Foundations",brain-structure;clinical-neuroai,10.1016/0165-0173(90)90011-C,4c69d3a70328e54993b885f2815467c3d7d22c38,https://doi.org/10.1016/0165-0173(90)90011-C,Review; JournalArticle,unknown,15,brain; cortex; neuron; neuromorphic; explicit brain-structure/AI bridge,Recent studies suggest that excitatory amino acids (EAAs) have a wide variety of physiological and pathophysiological roles during central nervous system (CNS) development.
1990,The Duchenne smile: emotional expression and brain physiology. II.,"P. Ekman, R. Davidson, Wallace V. Friesen",Journal of Personality and Social Psychology,1990-02-01,1380,General Brain-AI Structure Reviews and Methods,brain-structure,10.1037/0022-3514.58.2.342,2d3fa735944906bf59e0406ff3988062d13d2db6,https://doi.org/10.1037/0022-3514.58.2.342,JournalArticle,unknown,4,brain; brain/neural structure in title,
1990,Brain magnetic resonance imaging with contrast-dependent oxygenation,S. Ogawa,Unknown venue,1990,1321,General Brain-AI Structure Reviews and Methods,brain-structure;neuroimaging,,7f11718d08072d2f96339d7e11cfb5cadaf33851,https://www.semanticscholar.org/paper/7f11718d08072d2f96339d7e11cfb5cadaf33851,paper,unknown,4,brain; brain/neural structure in title,
1990,Neurotrophin-3: a neurotrophic factor related to NGF and BDNF.,"P. Maisonpierre, L. Belluscio, S. Squinto, N. Ip, M. Furth, R. Lindsay, et al.",Science,1990-03-23,1308,"Brain Decoding, Representation Learning, and BCI",brain-structure,10.1126/SCIENCE.2321006,c38464c0b384b927507d4571c17fb9c744e5883c,https://doi.org/10.1126/SCIENCE.2321006,JournalArticle,unknown,22,brain; neuron; decoding; representation learning; bci; explicit brain-structure/AI bridge,The development and maintenance of the nervous system depends on proteins known as neurotrophic factors.
1990,Morphometric study of human cerebral cortex development.,P. Huttenlocher,Neuropsychologia,1990,1245,General Brain-AI Structure Reviews and Methods,brain-structure,10.1016/0028-3932(90)90031-I,a6e400a36de72a74b44e090da753a53e350489c2,https://doi.org/10.1016/0028-3932(90)90031-I,Review; JournalArticle,unknown,6,brain; cerebral; cortex; brain/neural structure in title,
1990,Grafts of fetal dopamine neurons survive and improve motor function in Parkinson's disease.,"O. Lindvall, P. Brundin, H. Widner, S. Rehncrona, B. Gustavii, Richard S. J. Frackowiak, et al.",Science,1990-02-02,1210,"Cellular, Synaptic, and Neuromorphic Foundations",clinical-neuroai,10.1126/SCIENCE.2105529,74d076856fa3eaca16fd112777c1e1f9727b7c44,https://doi.org/10.1126/SCIENCE.2105529,JournalArticle,unknown,13,neuron; neuromorphic; explicit brain-structure/AI bridge,
1990,The natural history of symptomatic arteriovenous malformations of the brain: a 24-year follow-up assessment.,"S. Ondra, H. Troupp, E. George, K. Schwab",Journal of Neurosurgery,1990-09-01,1145,General Brain-AI Structure Reviews and Methods,brain-structure,10.3171/JNS.1990.73.3.0387,9484b8b81c6a67b97b774a4fa633395ef520cdb6,https://doi.org/10.3171/JNS.1990.73.3.0387,JournalArticle; Review,unknown,4,brain; brain/neural structure in title,
1990,'Ischemic tolerance' phenomenon found in the brain.,"K. Kitagawa, M. Matsumoto, M. Tagaya, R. Hata, H. Ueda, M. Niinobe, et al.",Brain Research,1990-09-24,1136,"Cellular, Synaptic, and Neuromorphic Foundations",brain-structure;clinical-neuroai,10.1016/0006-8993(90)90189-I,c6d0867137e16fb000101629b213752b92fff967,https://doi.org/10.1016/0006-8993(90)90189-I,JournalArticle,unknown,19,brain; cerebral; hippocampus; neuron; neuromorphic; brain/neural structure in title; explicit brain-structure/AI bridge,"We investigated the possibility that neuronal cells given a mild ischemic treatment sufficient to perturb the cellular metabolism acquired tolerance to a subsequent, and what would be lethal, ischemic stress in vivo."
1990,Identification and characterization of a novel member of the nerve growth factor/brain-derived neurotrophic factor family,"A. Hohn, J. Leibrock, K. Bailey, Y. Barde",Nature,1990-03-22,1136,General Brain-AI Structure Reviews and Methods,brain-structure,10.1038/344339A0,242223a1aade5b1c2fa92c5e44c4c26af74ba73d,https://doi.org/10.1038/344339A0,JournalArticle; Study,unknown,4,brain; brain/neural structure in title,
1990,Interactions between glutamatergic and monoaminergic systems within the basal ganglia--implications for schizophrenia and Parkinson's disease.,"M. Carlsson, A. Carlsson",Trends in Neurosciences,1990-07-01,1131,Clinical NeuroAI and Brain Disorders,clinical-neuroai,10.1016/0166-2236(90)90108-M,7bc48788f02429242f08577c02bff2a3a8b21eab,https://doi.org/10.1016/0166-2236(90)90108-M,Review; JournalArticle,unknown,2,brain; basal ganglia,
1990,Massive increases in extracellular potassium and the indiscriminate release of glutamate following concussive brain injury.,"Y. Katayama, D. Becker, T. Tamura, D. Hovda",Journal of Neurosurgery,1990-12-01,1101,"Cellular, Synaptic, and Neuromorphic Foundations",brain-structure,10.3171/JNS.1990.73.6.0889,8dc055e388947c11a370565683c66af452f84da7,https://doi.org/10.3171/JNS.1990.73.6.0889,Review; JournalArticle,unknown,16,brain; neuromorphic; brain/neural structure in title; explicit brain-structure/AI bridge,
1990,Slow potentials of the cerebral cortex and behavior.,"N. Birbaumer, T. Elbert, A. Canavan, B. Rockstroh",Physiological Reviews,1990,1092,"Cognitive Architectures, Learning, and Systems Neuroscience",brain-structure,10.1152/PHYSREV.1990.70.1.1,257743916adb8e6ad4b3430200711ef64873b0d7,https://doi.org/10.1152/PHYSREV.1990.70.1.1,Review; JournalArticle,unknown,17,cerebral; cortex; cognitive architecture; brain/neural structure in title; explicit brain-structure/AI bridge,
1990,C-type natriuretic peptide (CNP): a new member of natriuretic peptide family identified in porcine brain.,"T. Sudoh, N. Minamino, K. Kangawa, H. Matsuo",Biochemical and Biophysical Research Communications - BBRC,1990-04-30,1084,General Brain-AI Structure Reviews and Methods,brain-structure,10.1016/0006-291X(90)92401-K,c43c6968edcfc3b03b42449064582e5832eddebb,https://doi.org/10.1016/0006-291X(90)92401-K,JournalArticle; Review,unknown,4,brain; brain/neural structure in title,
1990,Cerebral glucose metabolism in adults with hyperactivity of childhood onset.,"A. Zametkin, T. Nordahl, M. Gross, A. C. King, W. Semple, J. Rumsey, et al.",New England Journal of Medicine,1990-11-15,1038,General Brain-AI Structure Reviews and Methods,brain-structure,10.1056/NEJM199011153232001,46677998b4c6674c52c33f12eef3e27164b8677d,https://doi.org/10.1056/NEJM199011153232001,JournalArticle,unknown,2,brain; cerebral,
1990,Anatomical abnormalities in the brains of monozygotic twins discordant for schizophrenia.,"R. Suddath, G. Christison, E. Torrey, M. Casanova, D. Weinberger",New England Journal of Medicine,1990-03-22,1024,General Brain-AI Structure Reviews and Methods,brain-structure,10.1056/NEJM199003223221201,9cd2552629612550321de13fe672c328bd79de74,https://doi.org/10.1056/NEJM199003223221201,JournalArticle,unknown,4,brain; brain/neural structure in title,
1990,Introduction to Statistical Pattern Recognition-Second Edition,K. Fukunaga,Unknown venue,1990,1020,"Electrophysiology, Neural Signals, and AI Decoding",neural-signals,,97de254dc563134d233fd7f1ee40f68a8adc035c,https://www.semanticscholar.org/paper/97de254dc563134d233fd7f1ee40f68a8adc035c,paper,unknown,13,ecog; cognitive architecture; explicit brain-structure/AI bridge,
1990,Regional distribution of brain-derived neurotrophic factor mRNA in the adult mouse brain.,"M. Hofer, S. Pagliusi, A. Hohn, J. Leibrock, Y. Barde",EMBO Journal,1990-08-01,1015,General Brain-AI Structure Reviews and Methods,brain-structure,10.1002/j.1460-2075.1990.tb07423.x,e5edd6fc8b0eefd73b5a39f110dfa86685b26769,https://doi.org/10.1002/j.1460-2075.1990.tb07423.x,JournalArticle,unknown,4,brain; brain/neural structure in title,
1990,Cortical functional architecture and local coupling between neuronal activity and the microcirculation revealed by in vivo high-resolution optical imaging of intrinsic signals.,"R. Frostig, E. Lieke, D. Ts'o, A. Grinvald",Proceedings of the National Academy of Sciences of the United States of America,1990-08-01,978,"Cellular, Synaptic, and Neuromorphic Foundations",brain-structure,10.1073/PNAS.87.16.6082,15f156c962549a762d3770728d755d5b9c13927b,https://doi.org/10.1073/PNAS.87.16.6082,JournalArticle,unknown,14,cortical; neuron; neuromorphic; explicit brain-structure/AI bridge,
1990,Cortical microstimulation influences perceptual judgements of motion direction,"C. Salzman, K. Britten, W. Newsome",Nature,1990-07-12,945,General Brain-AI Structure Reviews and Methods,brain-structure,10.1038/346174A0,3366f3e82056f6e8bb03623e1fa55faae6ed5cc6,https://doi.org/10.1038/346174A0,paper,unknown,2,brain; cortical,
1990,Expression of separate isoforms of human tau protein: correlation with the tau pattern in brain and effects on tubulin polymerization.,"M. Goedert, R. Jakes",EMBO Journal,1990-12-01,922,General Brain-AI Structure Reviews and Methods,brain-structure,10.1002/j.1460-2075.1990.tb07870.x,5c7d6517d5ae4146e83b1988762adb3c9d91d9ca,https://doi.org/10.1002/j.1460-2075.1990.tb07870.x,JournalArticle,unknown,4,brain; brain/neural structure in title,
1990,Developmental history of the transient subplate zone in the visual and somatosensory cortex of the macaque monkey and human brain,"I. Kostović, P. Rakić",The Journal of comparative neurology,1990-07-15,919,General Brain-AI Structure Reviews and Methods,brain-structure,10.1002/CNE.902970309,f6a8c921ff31f7ee75e74fe13431910fb96b776a,https://doi.org/10.1002/CNE.902970309,JournalArticle; Study,unknown,5,brain; cortex; brain/neural structure in title,
1990,Neural Computing - An Introduction,"R. Beale, Thomas J. Jackson",Unknown venue,1990,919,General Brain-AI Structure Reviews and Methods,brain-structure,10.1201/9781420050431,7b74902a4e8a30084a98905f1f4f85c9126d41af,https://doi.org/10.1201/9781420050431,Review,unknown,5,brain; neural; brain/neural structure in title,
1990,A circuit for detection of interaural time differences in the brain stem of the barn owl,"C. Carr, M. Konishi",Journal of Neuroscience,1990-10-01,895,"Cellular, Synaptic, and Neuromorphic Foundations",brain-structure;neural-signals,10.1523/JNEUROSCI.10-10-03227.1990,da88dfa14edb8766138eb8f5f1a949c1f141cfe1,https://doi.org/10.1523/JNEUROSCI.10-10-03227.1990,JournalArticle,unknown,17,brain; neuron; neuromorphic; brain/neural structure in title; explicit brain-structure/AI bridge,Detection of interaural time differences underlies azimuthal sound localization in the barn owl Tyto alba.
1990,Functional organization of primate visual cortex revealed by high resolution optical imaging.,"D. Ts'o, R. Frostig, E. Lieke, A. Grinvald",Science,1990-07-27,894,"Cognitive Architectures, Learning, and Systems Neuroscience",brain-structure,10.1126/SCIENCE.2165630,0806207a334868384ea30de4d5b3eb54a7bb2a5d,https://doi.org/10.1126/SCIENCE.2165630,JournalArticle; Study,unknown,16,cortex; cognitive architecture; brain/neural structure in title; explicit brain-structure/AI bridge,
1990,Activity dependent regulation of BDNF and NGF mRNAs in the rat hippocampus is mediated by non-NMDA glutamate receptors.,"F. Zafra, B. Hengerer, J. Leibrock, H. Thoenen, D. Lindholm",EMBO Journal,1990-11-01,888,General Brain-AI Structure Reviews and Methods,brain-structure,10.1002/j.1460-2075.1990.tb07564.x,394a12484638421af864a2fe8e90cb29b2168054,https://doi.org/10.1002/j.1460-2075.1990.tb07564.x,JournalArticle,unknown,2,brain; hippocampus,
1990,"Attentional modulation of neural processing of shape, color, and velocity in humans.","M. Corbetta, F. Miezin, S. Dobmeyer, G. Shulman, S. Petersen",Science,1990-06-22,887,"Cognitive Architectures, Learning, and Systems Neuroscience",brain-structure,10.1126/SCIENCE.2360050,a28c115ccdcb11fd0b30b6813f6a052b071f0424,https://doi.org/10.1126/SCIENCE.2360050,JournalArticle,unknown,16,neural; cognitive architecture; brain/neural structure in title; explicit brain-structure/AI bridge,
1990,Brain generators implicated in the processing of auditory stimulus deviance: a topographic event-related potential study.,"M. Giard, F. Perrin, J. Pernier, P. Bouchet",Psychophysiology,1990-11-01,868,"Connectomics, Graph Models, and Brain Networks",brain-structure;connectome,10.1111/J.1469-8986.1990.TB03184.X,f892f0e611b4ecaea9738eb06cbb9531f449673a,https://doi.org/10.1111/J.1469-8986.1990.TB03184.X,JournalArticle,unknown,8,brain; brain/neural structure in title; historical computation/learning bridge,
1990,Activation of extrastriate and frontal cortical areas by visual words and word-like stimuli.,"S. Petersen, P. T. Fox, P. T. Fox, A. Snyder, M. Raichle",Science,1990-08-31,867,General Brain-AI Structure Reviews and Methods,brain-structure,10.1126/SCIENCE.2396097,aa811b34cc49f23b05accd3bc12380e5055da0d1,https://doi.org/10.1126/SCIENCE.2396097,JournalArticle,unknown,2,brain; cortical,
1990,Role of oxygen free radicals in carcinogenesis and brain ischemia,R. Floyd,The FASEB Journal,1990-01-01,863,General Brain-AI Structure Reviews and Methods,brain-structure,10.1096/fasebj.4.9.2189775,e28ec3fb8f5250b044f0a0656cf82783b35658c5,https://doi.org/10.1096/fasebj.4.9.2189775,Review; JournalArticle,unknown,4,brain; brain/neural structure in title,
1990,Cloning and expression of a rat brain GABA transporter.,"J. Guastella, N. Nelson, H. Nelson, L. Czyzyk, Shoshi Keynan, M. Miedel, et al.",Science,1990-09-14,833,General Brain-AI Structure Reviews and Methods,brain-structure,10.1126/SCIENCE.1975955,f578a89ebc5308b8314cbcae1254d6828a478cb5,https://doi.org/10.1126/SCIENCE.1975955,JournalArticle,unknown,4,brain; brain/neural structure in title,
1990,Identification of cells in rat brain and peripheral tissues expressing mRNA for members of the nerve growth factor family.,"P. Ernfors, C. Wetmore, L. Olson, H. Persson",Neuron,1990-10-01,818,"Cellular, Synaptic, and Neuromorphic Foundations",brain-structure,10.1016/0896-6273(90)90090-3,853d550d5b3a5712d3b3d7e942e74be52a9ff129,https://doi.org/10.1016/0896-6273(90)90090-3,JournalArticle,unknown,16,brain; neuromorphic; brain/neural structure in title; explicit brain-structure/AI bridge,
1990,"Oxidative damage to brain proteins, loss of glutamine synthetase activity, and production of free radicals during ischemia/reperfusion-induced injury to gerbil brain.","C. Oliver, P. Starke-Reed, E. Stadtman, G. Liu, J. Carney, R. Floyd",Proceedings of the National Academy of Sciences of the United States of America,1990-07-01,797,General Brain-AI Structure Reviews and Methods,brain-structure,10.1073/PNAS.87.13.5144,80068aae9d6cf1de21d0e7ff0ab3916d365a1a2c,https://doi.org/10.1073/PNAS.87.13.5144,JournalArticle,unknown,4,brain; brain/neural structure in title,
1990,Electrical resistance across the blood-brain barrier in anaesthetized rats: a developmental study.,"A. Butt, H. Jones, N. Abbott",Journal of Physiology,1990-10-01,789,General Brain-AI Structure Reviews and Methods,brain-structure,10.1113/jphysiol.1990.sp018243,4f38df92b4438d2efb2453c84d934c5f51d68afe,https://doi.org/10.1113/jphysiol.1990.sp018243,JournalArticle,unknown,4,brain; brain/neural structure in title,
1990,Blocking of acquisition but not expression of conditioned fear-potentiated startle by NMDA antagonists in the amygdala,"Mindy J. D. Miserendino, C. B. Sananes, K. Melia, Michael Davis",Nature,1990-06-21,788,General Brain-AI Structure Reviews and Methods,brain-structure,10.1038/345716A0,4a30c2a16e52902505ec3d606740d1eb168f311e,https://doi.org/10.1038/345716A0,JournalArticle,unknown,2,brain; amygdala,
1990,Neuronal activities in brain-stem cholinergic nuclei related to tonic activation processes in thalamocortical systems,"M. Steriade, S. Datta, D. Paré, G. Oakson, R. Dossi",Journal of Neuroscience,1990-08-01,771,"Cellular, Synaptic, and Neuromorphic Foundations",brain-structure;neural-signals;neuromorphic-bci,10.1523/JNEUROSCI.10-08-02541.1990,29d2c4bbbfc86d7d3c2825aa0eef2ef6e277356c,https://doi.org/10.1523/JNEUROSCI.10-08-02541.1990,JournalArticle,unknown,20,brain; cortical; thalamus; eeg; neuron; neuromorphic; brain/neural structure in title; explicit brain-structure/AI bridge,This study was performed to examine the hypothesis that thalamic- projecting neurons of mesopontine cholinergic nuclei display activity patterns that are compatible with their role in inducing and maintaining activation processes in thalamocortical systems during the states of waking (W) and rapid-eye-movement (REM) sleep associated with desynchronization of the electroencephalogram (EEG).
1990,Non-vesicular release of glutamate from glial cells by reversed electrogenic glutamate uptake,"M. Szatkowski, B. Barbour, D. Attwell",Nature,1990-11-29,763,"Cellular, Synaptic, and Neuromorphic Foundations",brain-structure,10.1038/348443A0,723da6a5b8fb053a9ec059f7e7e389d1a30e14a7,https://doi.org/10.1038/348443A0,JournalArticle,unknown,4,neuromorphic,
1990,A preparation of Alzheimer paired helical filaments that displays distinct tau proteins by polyacrylamide gel electrophoresis.,"S. G. Greenberg, P. Davies",Proceedings of the National Academy of Sciences of the United States of America,1990-08-01,739,"Electrophysiology, Neural Signals, and AI Decoding",brain-structure;neural-signals;clinical-neuroai,10.1073/PNAS.87.15.5827,f4082ecddc0b769482ea71f4a16b2d7dba92d1c7,https://doi.org/10.1073/PNAS.87.15.5827,JournalArticle,unknown,2,brain; ecog,Paired helical filaments (PHFs) are prominent components of Alzheimer disease (AD) neurofibrillary tangles (NFTs).
1990,Proliferation and differentiation of neuronal stem cells regulated by nerve growth factor,"E. Cattaneo, R. McKay",Nature,1990-10-25,721,"Cellular, Synaptic, and Neuromorphic Foundations",,10.1038/347762A0,203cc660c5c567860033d68f160c1fd2e21dce9e,https://doi.org/10.1038/347762A0,JournalArticle,unknown,13,neuron; neuromorphic; explicit brain-structure/AI bridge,
1990,Metabolism and role of glutamate in mammalian brain.,"M. Erecínska, I. Silver",Progress in neurobiology,1990,701,General Brain-AI Structure Reviews and Methods,brain-structure,10.1016/0301-0082(90)90013-7,4f6ae0a0cc78ac6aa20d1d4c4607b6ccfae2f5bd,https://doi.org/10.1016/0301-0082(90)90013-7,Review; JournalArticle,unknown,4,brain; brain/neural structure in title,
1990,Reorganization of retinotopic cortical maps in adult mammals after lesions of the retina.,"J. Kaas, L. Krubitzer, Y. Chino, A. Langston, E. Polley, N. Blair",Science,1990-04-13,699,General Brain-AI Structure Reviews and Methods,brain-structure,10.1126/SCIENCE.2326637,958d9fc0fdff757dbf5ee269c17d1bf2ab354aa8,https://doi.org/10.1126/SCIENCE.2326637,JournalArticle,unknown,2,brain; cortical,
1990,Binding of brain-derived neurotrophic factor to the nerve growth factor receptor.,"A. Rodríguez-Tébar, G. Dechant, Y. Barde",Neuron,1990-04-01,693,"Cellular, Synaptic, and Neuromorphic Foundations",brain-structure,10.1016/0896-6273(90)90107-Q,a929b66c4506cb3d5a6dde6fb6d8d7cb0c133b14,https://doi.org/10.1016/0896-6273(90)90107-Q,JournalArticle,unknown,16,brain; neuromorphic; brain/neural structure in title; explicit brain-structure/AI bridge,
1990,Cerebral hypoxia: some new approaches and unanswered questions,D. Choi,Journal of Neuroscience,1990-08-01,690,Clinical NeuroAI and Brain Disorders,brain-structure;neural-signals;clinical-neuroai,10.1523/JNEUROSCI.10-08-02493.1990,a32708db19ee4b071439877d1a326aa66d5b7586,https://doi.org/10.1523/JNEUROSCI.10-08-02493.1990,Review; JournalArticle,unknown,4,brain; cerebral; cortical; neuron,"The apoplexy of Hippocrates' time remains with us today, unchanged and untreated."
1990,Molecular cloning and neurotrophic activities of a protein with structural similarities to nerve growth factor: developmental and topographical expression in the brain.,"P. Ernfors, C. Ibáñez, T. Ebendal, L. Olson, H. Persson",Proceedings of the National Academy of Sciences of the United States of America,1990-07-01,686,"Connectomics, Graph Models, and Brain Networks",brain-structure;connectome,10.1073/PNAS.87.14.5454,cb115c5f0121027fd90502bc2e21f2844cff119d,https://doi.org/10.1073/PNAS.87.14.5454,JournalArticle; Study,unknown,8,brain; brain/neural structure in title; historical computation/learning bridge,
1990,Brain-derived neurotrophic factor increases survival and differentiated functions of rat septal cholinergic neurons in culture.,"R. Alderson, A. L. Alterman, Y. Barde, R. Lindsay",Neuron,1990-09-01,685,"Cellular, Synaptic, and Neuromorphic Foundations",brain-structure,10.1016/0896-6273(90)90166-D,3240d8db35285885a995717f86cb8917b278f023,https://doi.org/10.1016/0896-6273(90)90166-D,JournalArticle,unknown,17,brain; neuron; neuromorphic; brain/neural structure in title; explicit brain-structure/AI bridge,
1990,Visual Agnosia: Disorders of Object Recognition and What They Tell Us about Normal Vision,M. Farah,Unknown venue,1990-07-19,666,"Electrophysiology, Neural Signals, and AI Decoding",neural-signals,,bf4b671ab07c8e71fc968fefe3569c968d24f555,https://www.semanticscholar.org/paper/bf4b671ab07c8e71fc968fefe3569c968d24f555,Review,unknown,13,ecog; cognitive architecture; explicit brain-structure/AI bridge,
1990,Interactions between sentence context and word frequencyinevent-related brainpotentials,"C. Petten, M. Kutas",Memory & Cognition,1990-07-01,653,"Cognitive Architectures, Learning, and Systems Neuroscience",brain-structure,10.3758/BF03197127,fbc8e86b9d966e59be009ab035ac7d98074d1213,https://doi.org/10.3758/BF03197127,JournalArticle,unknown,16,brain; cognitive architecture; brain/neural structure in title; explicit brain-structure/AI bridge,
1990,Regional brain electrical asymmetries discriminate between previously depressed and healthy control subjects.,"Jeffrey B. Henriques, R. Davidson",Journal of Abnormal Psychology,1990-02-01,653,General Brain-AI Structure Reviews and Methods,brain-structure,10.1037//0021-843X.99.1.22,1948a9c16c6c6121ebf968dafe774f9ff67fca68,https://doi.org/10.1037//0021-843X.99.1.22,JournalArticle,unknown,4,brain; brain/neural structure in title,
1990,Brain morphology in developmental dyslexia and attention deficit disorder/hyperactivity.,"G. Hynd, M. Semrud-Clikeman, A. R. Lorys, Edward S. Novey, Deborah Eliopulos",Archives of Neurology,1990-08-01,636,"Cognitive Architectures, Learning, and Systems Neuroscience",brain-structure,10.1001/ARCHNEUR.1990.00530080107018,3e914383eedff60e074b1fb1637f2e57b4d92732,https://doi.org/10.1001/ARCHNEUR.1990.00530080107018,JournalArticle,unknown,16,brain; cognitive architecture; brain/neural structure in title; explicit brain-structure/AI bridge,
1990,"KN-62, 1-[N,O-bis(5-isoquinolinesulfonyl)-N-methyl-L-tyrosyl]-4-phenylpiperazi ne, a specific inhibitor of Ca2+/calmodulin-dependent protein kinase II.","H. Tokumitsu, T. Chijiwa, M. Hagiwara, Akihiro Mizutani, M. Terasawa, Hiroyoshi Hidaka",Journal of Biological Chemistry,1990-03-15,618,"Cellular, Synaptic, and Neuromorphic Foundations",brain-structure;neuroimaging,10.1016/s0021-9258(19)39565-1,e1dbddd0cb68689cbd9bfb88cf1013a7a0702473,https://doi.org/10.1016/s0021-9258(19)39565-1,JournalArticle; Study,unknown,13,brain; neuromorphic; explicit brain-structure/AI bridge,"1-[N,O-Bis(5-isoquinolinesulfonyl)-N-methyl-L-tyrosyl]-4-phenylpipera zine (KN-62), a selective inhibitor of rat brain Ca2+/calmodulin-dependent protein kinase II (Ca2+/CaM kinase II) was synthesized and its inhibitory properties in vitro and in vivo were investigated."
1990,Breakdown of the blood-brain barrier precedes symptoms and other MRI signs of new lesions in multiple sclerosis. Pathogenetic and clinical implications.,"A. Kermode, A. Thompson, P. Tofts, D. MacManus, B. Kendall, D. Kingsley, et al.",Brain : a journal of neurology,1990-10-01,616,Structural Neuroimaging and AI,brain-structure;neuroimaging;clinical-neuroai,10.1093/BRAIN/113.5.1477,c9013ef9708fe6b1f335264caa9c32fedfca2ab4,https://doi.org/10.1093/BRAIN/113.5.1477,JournalArticle; CaseReport,unknown,5,brain; mri; brain/neural structure in title,
1990,Regulation of large cerebral arteries and cerebral microvascular pressure.,"F. Faraci, D. Heistad",Circulation Research,1990,614,General Brain-AI Structure Reviews and Methods,brain-structure,10.1161/01.RES.66.1.8,e43fceb5cbfca600ed34391f77a8d104cf214f1c,https://doi.org/10.1161/01.RES.66.1.8,Review; JournalArticle,unknown,2,brain; cerebral,
1990,The expression and posttranslational modification of a neuron-specific beta-tubulin isotype during chick embryogenesis.,"Michael K. Lee, Jeremy B. Tuttle, Lionel I. Rebhun, D. W. Cleveland, A. Frankfurter",Cell Motility and the Cytoskeleton,1990,608,"Cellular, Synaptic, and Neuromorphic Foundations",,10.1002/CM.970170207,8d171665177c8f6adf51dc63d250ca2e715028db,https://doi.org/10.1002/CM.970170207,JournalArticle,unknown,13,neuron; neuromorphic; explicit brain-structure/AI bridge,
1990,The Triune Brain in Evolution: Role in Paleocerebral Functions,P. Maclean,Unknown venue,1990,608,General Brain-AI Structure Reviews and Methods,brain-structure,,3d8bbdb9106effcae0718472068a86e517c0ffa3,https://www.semanticscholar.org/paper/3d8bbdb9106effcae0718472068a86e517c0ffa3,paper,unknown,5,brain; cerebral; brain/neural structure in title,
1990,The self and its brain.,Mcclellan Rj,Ulster medical journal,1990-10-01,602,Clinical NeuroAI and Brain Disorders,brain-structure;clinical-neuroai,,c6dc58d91192af45277a9ba4a35d1dd009051706,https://www.semanticscholar.org/paper/c6dc58d91192af45277a9ba4a35d1dd009051706,Review; JournalArticle,unknown,4,brain; brain/neural structure in title,"In 1973 Philippe Pinel, physician in charge of the Bicetre asylum in Paris, literally removed the chains from his patients and ordered that they should be treated with kindness and understanding.1 This action reflected two important phenomena."
1990,Neural networks: an introduction,"Berndt Müller, J. Reinhardt",Unknown venue,1990-11-01,600,"Connectomics, Graph Models, and Brain Networks",brain-structure;connectome;deep-learning,,cea39a96c4ed375d0b81ca5908d2eabc2d15fd5a,https://www.semanticscholar.org/paper/cea39a96c4ed375d0b81ca5908d2eabc2d15fd5a,Review,unknown,17,brain; neural; neural network; brain/neural structure in title; explicit brain-structure/AI bridge,
1990,Eosinophilia in transgenic mice expressing interleukin 5,"L. Dent, M. Strath, A. Mellor, C. Sanderson",Journal of Experimental Medicine,1990-11-01,597,"Electrophysiology, Neural Signals, and AI Decoding",brain-structure;neural-signals,10.1084/jem.172.5.1425,631a2bf06a61841f43185978970c6b127aed469e,https://doi.org/10.1084/jem.172.5.1425,JournalArticle; Study,unknown,22,brain; meg; decoding; representation learning; bci; explicit brain-structure/AI bridge,"Experiments in vitro suggest that although interleukin 5 (IL-5) stimulates the late stages of eosinophil differentiation, other cytokines are required for the generation of eosinophil progenitor cells."
1990,Survival effect of ciliary neurotrophic factor (CNTF) on chick embryonic motoneurons in culture: comparison with other neurotrophic factors and cytokines,"Y. Arakawa, M. Sendtner, H. Thoenen",Journal of Neuroscience,1990-11-01,596,"Cellular, Synaptic, and Neuromorphic Foundations",brain-structure,10.1523/JNEUROSCI.10-11-03507.1990,8921d77e0aa5c28abc249719c69b819df163e30b,https://doi.org/10.1523/JNEUROSCI.10-11-03507.1990,JournalArticle; Study,unknown,14,brain; neuron; neuromorphic; explicit brain-structure/AI bridge,"In previous studies, it has been demonstrated that ciliary neurotrophic factor (CNTF) has a potent survival effect on various populations of neurons in culture, in particular, neurons isolated from chick ciliary, dorsal root sensory, and sympathetic ganglia (Barbin et al., 1984)."
1990,Local cerebral glucose metabolic rates in obsessive-compulsive disorder. Patients treated with clomipramine.,"C. Benkelfat, C. Benkelfat, T. Nordahl, W. Semple, A. King, D. Murphy, et al.",Archives of General Psychiatry,1990-09-01,593,Clinical NeuroAI and Brain Disorders,brain-structure;clinical-neuroai,10.1001/ARCHPSYC.1990.01810210048007,4208d256c2b57471e0fa226042df497b55de7637,https://doi.org/10.1001/ARCHPSYC.1990.01810210048007,JournalArticle,unknown,2,brain; cerebral,
1990,The effect of subunit composition of rat brain GABAA receptors on channel function.,"E. Sigel, R. Baur, G. Trube, H. Möhler, P. Malherbe",Neuron,1990-11-01,585,"Cellular, Synaptic, and Neuromorphic Foundations",brain-structure,10.1016/0896-6273(90)90224-4,28b71d8b39bf188d12602acf99581a1bc2d163b3,https://doi.org/10.1016/0896-6273(90)90224-4,JournalArticle,unknown,16,brain; neuromorphic; brain/neural structure in title; explicit brain-structure/AI bridge,
1990,Collagenase-induced intracerebral hemorrhage in rats.,"Gary A. Rosenberg, S. Mun-Bryce, Mary H. Wesley, M. Kornfeld",Stroke,1990-05-01,582,Clinical NeuroAI and Brain Disorders,brain-structure;clinical-neuroai,10.1161/01.STR.21.5.801,131dc3bbee6932498913a0b4e34281a747a2f120,https://doi.org/10.1161/01.STR.21.5.801,JournalArticle,unknown,2,brain; cerebral,
1990,Activity and tissue-specific expression of the transcription factor NF-E1 multigene family.,"Masayuki Yamamoto, L. Ko, M. Leonard, H. Beug, Stuart H. Orkin, J. D. Engel",Genes & Development,1990-10-01,580,"Cellular, Synaptic, and Neuromorphic Foundations",brain-structure;neural-signals,10.1101/GAD.4.10.1650,9faf90e29894c0326f9352ed59cc10d63e4acdb2,https://doi.org/10.1101/GAD.4.10.1650,JournalArticle,unknown,14,brain; ecog; neuromorphic; explicit brain-structure/AI bridge,"NF-E1, a DNA-binding protein that recognizes the general consensus motif WGATAR, is the first tissue-specific factor to be identified in erythroid cells."
1990,In situ hybridization histochemistry of Ca2+/calmodulin-dependent protein kinase in developing rat brain,"K. Burgin, M. Waxham, S. Rickling, S. Westgate, W. Mobley, P. Kelly",Journal of Neuroscience,1990-06-01,573,"Cellular, Synaptic, and Neuromorphic Foundations",brain-structure,10.1523/JNEUROSCI.10-06-01788.1990,55a5e61dc3f3dbabd0f9c3ab528b296621898d87,https://doi.org/10.1523/JNEUROSCI.10-06-01788.1990,JournalArticle,unknown,19,brain; cortex; hippocampus; neuron; neuromorphic; brain/neural structure in title; explicit brain-structure/AI bridge,Oligonucleotide DNA probes were used to determine the distribution of mRNAs encoding the alpha- and beta-subunits of Ca2+/calmodulin- dependent protein kinase type II (CaM-KII) in developing rat brain.
1990,Brain-type glucose transporter (GLUT-1) is selectively localized to the blood-brain barrier. Studies with quantitative western blotting and in situ hybridization.,"W. Pardridge, R. Boado, Christine R. Farrell",Journal of Biological Chemistry,1990-10-15,569,"Cellular, Synaptic, and Neuromorphic Foundations",brain-structure,10.1016/S0021-9258(18)38267-X,f11787541ce5b4961d18c0ac5ec5e6d72bd0919f,https://doi.org/10.1016/S0021-9258(18)38267-X,JournalArticle,unknown,18,brain; cortex; neuron; neuromorphic; brain/neural structure in title; explicit brain-structure/AI bridge,"The hypothesis that the GLUT-1 glucose transporter isoform is expressed selectively in brain at the capillary endothelium, i.e."
1990,"Developmental Time Course in Human Infants and Infant Monkeys, and the Neural Bases of, Inhibitory Control in Reaching a",A. Diamond,Annals of the New York Academy of Sciences,1990-12-01,567,General Brain-AI Structure Reviews and Methods,brain-structure,10.1111/j.1749-6632.1990.tb48913.x,241d8363e1942464590b3e9608ac6f0540f3d18b,https://doi.org/10.1111/j.1749-6632.1990.tb48913.x,Review; JournalArticle,unknown,5,brain; neural; brain/neural structure in title,
1990,Requirement for subplate neurons in the formation of thalamocortical connections,"Anirvan Ghosh, A. Antonini, S. Mcconnell, C. Shatz",Nature,1990-09-13,567,"Cellular, Synaptic, and Neuromorphic Foundations",brain-structure,10.1038/347179A0,5272d931ac5eb1c33e10e3b995fa7f98a5c993b7,https://doi.org/10.1038/347179A0,JournalArticle,unknown,14,cortical; neuron; neuromorphic; explicit brain-structure/AI bridge,
1990,Proliferation of astrocytes in vitro in response to cytokines. A primary role for tumor necrosis factor.,"K. Selmaj, M. Farooq, W. T. Norton, C. Raine, C. Brosnan",Journal of Immunology,1990-01-01,563,"Connectomics, Graph Models, and Brain Networks",brain-structure;connectome,10.4049/jimmunol.144.1.129,cdabda39c480b758faf281b5a1ac1486eda4fae7,https://doi.org/10.4049/jimmunol.144.1.129,JournalArticle,unknown,5,brain; historical computation/learning bridge,The effect of cytokines on astrocytes cultured from mature bovine brain was determined both in a serum-containing medium and in a chemically-defined medium.
1990,Alcohol-induced neuronal loss in developing rats: increased brain damage with binge exposure.,"D. Bonthius, J. West",Alcoholism: Clinical and Experimental Research,1990-02-01,555,"Cellular, Synaptic, and Neuromorphic Foundations",brain-structure;clinical-neuroai,10.1111/J.1530-0277.1990.TB00455.X,24b8547ecb684940906a3783f422b77f21ad5927,https://doi.org/10.1111/J.1530-0277.1990.TB00455.X,JournalArticle,unknown,17,brain; neuron; neuromorphic; brain/neural structure in title; explicit brain-structure/AI bridge,
1990,Molecular cloning of cDNA encoding the Ca2+ release channel (ryanodine receptor) of rabbit cardiac muscle sarcoplasmic reticulum.,"Kinya Otsu, H. Willard, Vijay K. Khanna, Francesco Zorzato, N. Green, David H. MacLennan",Journal of Biological Chemistry,1990-08-15,554,"Brain Decoding, Representation Learning, and BCI",brain-structure,10.1016/s0021-9258(18)77371-7,5bff6428076c2442ecd020c9de980c3b277515ee,https://doi.org/10.1016/s0021-9258(18)77371-7,JournalArticle; Study,unknown,21,brain; decoding; representation learning; bci; explicit brain-structure/AI bridge,We have cloned and sequenced cDNA encoding the Ca2+ release channel (ryanodine receptor) of rabbit cardiac muscle sarcoplasmic reticulum.
1990,"An Easier, Reproducible, and Mass-Production Method to Study the Blood-Brain Barrier In Vitro","M. Dehouck, S. Méresse, P. Delorme, J. Fruchart, R. Cecchelli",Journal of Neurochemistry,1990-05-01,551,General Brain-AI Structure Reviews and Methods,brain-structure,10.1111/j.1471-4159.1990.tb01236.x,3a495e2d0f9737de6ef9646095dd3eb4ca0fecf7,https://doi.org/10.1111/j.1471-4159.1990.tb01236.x,JournalArticle,unknown,4,brain; brain/neural structure in title,
1990,Functional cerebral imaging by susceptibility-contrast NMR,"J. Belliveau, B. Rosen, H. Kantor, R. Rzedzian, D. Kennedy, R. McKinstry, et al.",Magnetic Resonance in Medicine,1990-06-01,551,General Brain-AI Structure Reviews and Methods,brain-structure;neuroimaging,10.1002/mrm.1910140311,495cb87ab199b7f46b254932c532b15c6b147567,https://doi.org/10.1002/mrm.1910140311,JournalArticle,unknown,2,brain; cerebral,
1990,"LAP, a novel member of the C/EBP gene family, encodes a liver-enriched transcriptional activator protein.","P. Descombes, M. Chojkier, S. Lichtsteiner, E. Falvey, U. Schibler",Genes & Development,1990-09-01,542,"Brain Decoding, Representation Learning, and BCI",brain-structure,10.1101/GAD.4.9.1541,f2dc5461b40bebbe49d1d69dc997df7792eb36b2,https://doi.org/10.1101/GAD.4.9.1541,JournalArticle,unknown,21,brain; decoding; representation learning; bci; explicit brain-structure/AI bridge,"A gene, encoding a liver-enriched transcriptional activator protein (LAP) has been isolated."
1990,Neurosteroids: a new brain function?,"E. Baulieu, P. Robel",Journal of Steroid Biochemistry and Molecular Biology,1990-11-20,539,General Brain-AI Structure Reviews and Methods,brain-structure,10.1016/0960-0760(90)90490-C,f8b67c684753fa93efadc4812dbd7370e159d8c5,https://doi.org/10.1016/0960-0760(90)90490-C,Review; JournalArticle,unknown,4,brain; brain/neural structure in title,
1990,Widespread expression of BDNF but not NT3 by target areas of basal forebrain cholinergic neurons.,"H. Phillips, J. M. Hains, G. Laramee, A. Rosenthal, J. Winslow",Science,1990-10-12,539,"Cellular, Synaptic, and Neuromorphic Foundations",brain-structure,10.1126/SCIENCE.1688328,b4bac24e4006c469ba22159496261fca68cf4848,https://doi.org/10.1126/SCIENCE.1688328,JournalArticle,unknown,17,brain; neuron; neuromorphic; brain/neural structure in title; explicit brain-structure/AI bridge,
1990,Zebrin II: A polypeptide antigen expressed selectively by purkinje cells reveals compartments in rat and fish cerebellum,"Gino Brochu, L. Maler, R. Hawkes",The Journal of comparative neurology,1990-01-22,537,"Cellular, Synaptic, and Neuromorphic Foundations",brain-structure,10.1002/cne.902910405,5cc9a2c12e9e52d21a0184715f13d840a23acb12,https://doi.org/10.1002/cne.902910405,JournalArticle; Study,unknown,13,cerebellum; neuromorphic; explicit brain-structure/AI bridge,
1990,Suppression of experimental allergic encephalomyelitis in Lewis rats after elimination of macrophages,"I. Huitinga, N. V. Rooijen, C. D. Groot, Bernard M.J. Uitdehaag, C. Dijkstra",Journal of Experimental Medicine,1990-10-01,535,"Cellular, Synaptic, and Neuromorphic Foundations",brain-structure;clinical-neuroai,10.1084/jem.172.4.1025,350380dd54599ac10cadbe6734d4a2f61cb3a77a,https://doi.org/10.1084/jem.172.4.1025,JournalArticle,unknown,13,brain; neuromorphic; explicit brain-structure/AI bridge,Almost 50% of the cells infiltrating the central nervous system (CNS) of animals with experimental allergic encephalomyelitis (EAE) are macrophages (M psi).
1990,Changes in Cortical Extracellular Levels of Energy-Related Metabolites and Amino Acids following Concussive Brain Injury in Rats,"P. Nilsson, L. Hillered, U. Pontén, U. Ungerstedt",Journal of Cerebral Blood Flow and Metabolism,1990-09-01,534,"Cellular, Synaptic, and Neuromorphic Foundations",brain-structure,10.1038/jcbfm.1990.115,521880427c71fb944afcca7401c8ebd85161858b,https://doi.org/10.1038/jcbfm.1990.115,JournalArticle,unknown,17,brain; cortical; neuromorphic; brain/neural structure in title; explicit brain-structure/AI bridge,
1990,"Selective and nonselective stimulation of central cholinergic and dopaminergic development in vitro by nerve growth factor, basic fibroblast growth factor, epidermal growth factor, insulin and the insulin-like growth factors I and II","B. Knusel, P. Michel, J. Schwaber, F. Hefti",Journal of Neuroscience,1990-02-01,532,"Cellular, Synaptic, and Neuromorphic Foundations",brain-structure,10.1523/JNEUROSCI.10-02-00558.1990,726c38a8f67d506cbb5971a36af06646478eb64b,https://doi.org/10.1523/JNEUROSCI.10-02-00558.1990,JournalArticle,unknown,14,brain; neuron; neuromorphic; explicit brain-structure/AI bridge,"To study the selectivity of neurotrophic actions in the brain, we analyzed the actions of several known growth factors on septal cholinergic, pontine cholinergic, and mesencephalic dopaminergic neurons in culture."
1990,Brain damage induced by prenatal exposure to dexamethasone in fetal rhesus macaques. I. Hippocampus.,"H. Uno, Lon Lohmiller, Carol S. Thieme, J. Kemnitz, M. Engle, E. Roecker, et al.",Brain research. Developmental brain research,1990-05-01,529,General Brain-AI Structure Reviews and Methods,brain-structure,10.1016/0165-3806(90)90002-G,19174888f783c326b73e7ac03addd3043760bb7b,https://doi.org/10.1016/0165-3806(90)90002-G,JournalArticle,unknown,5,brain; hippocampus; brain/neural structure in title,
1990,Is the brain's mind a computer program?,J. Searle,Scientific American,1990,523,General Brain-AI Structure Reviews and Methods,brain-structure,10.1038/SCIENTIFICAMERICAN0190-26,77ba8c7fcffb676758bece2bb3107f1706c1dde7,https://doi.org/10.1038/SCIENTIFICAMERICAN0190-26,JournalArticle,unknown,4,brain; brain/neural structure in title,
1990,Firing patterns and synaptic potentials of identified giant aspiny interneurons in the rat neostriatum,"C. Wilson, HT Chang, S. Kitai",Journal of Neuroscience,1990-02-01,521,"Cellular, Synaptic, and Neuromorphic Foundations",brain-structure;neuroimaging;neural-signals,10.1523/JNEUROSCI.10-02-00508.1990,797d8abf2a4925db70a9c4390289d4592033a419,https://doi.org/10.1523/JNEUROSCI.10-02-00508.1990,JournalArticle,unknown,19,cerebral; cortex; cortical; thalamus; meg; neuron; neuromorphic; explicit brain-structure/AI bridge,Intracellular recordings were made in vivo from 9 giant aspiny neurons in the neostriatum of urethane-anesthetized rats.
1990,The ontogeny of excitatory amino acid receptors in rat forebrain--I. N-methyl-D-aspartate and quisqualate receptors.,"T. R. Insel, L. Miller, L. Miller, R. Gelhard",Neuroscience,1990,521,General Brain-AI Structure Reviews and Methods,brain-structure,10.1016/0306-4522(90)90117-M,7eee9c64cdc65a36044561b692e275c0a1c0e4c4,https://doi.org/10.1016/0306-4522(90)90117-M,JournalArticle,unknown,4,brain; brain/neural structure in title,
1990,Ethanol increases the firing rate of dopamine neurons of the rat ventral tegmental area in vitro.,"M. Brodie, S. Shefner, T. Dunwiddie",Brain Research,1990-01-29,512,"Cellular, Synaptic, and Neuromorphic Foundations",brain-structure,10.1016/0006-8993(90)91118-Z,4b792bf239b187c476e60f9a483392c12b3090eb,https://doi.org/10.1016/0006-8993(90)91118-Z,JournalArticle,unknown,13,neuron; neuromorphic; explicit brain-structure/AI bridge,
1990,Event-related brain potentials dissociate repetition effects of high-and low-frequency words,M. Rugg,Memory & Cognition,1990-07-01,510,"Cognitive Architectures, Learning, and Systems Neuroscience",brain-structure;neuroimaging,10.3758/BF03197126,f83fac4ce2e17c5e9c0c9be94199526c2ab03015,https://doi.org/10.3758/BF03197126,JournalArticle,unknown,16,brain; cognitive architecture; brain/neural structure in title; explicit brain-structure/AI bridge,
1990,Autopsy Samples of Alzheimer's Cortex Show Increased Peroxidation In Vitro,"K. Subbarao, J. Richardson, L. Ang",Journal of Neurochemistry,1990-07-01,502,Clinical NeuroAI and Brain Disorders,brain-structure;clinical-neuroai,10.1111/j.1471-4159.1990.tb08858.x,a2ef9d0ddc754c2ff975c54138de7aae45dc2ba8,https://doi.org/10.1111/j.1471-4159.1990.tb08858.x,JournalArticle,unknown,5,brain; cortex; brain/neural structure in title,
1990,Excitatory amino acid release and free radical formation may cooperate in the genesis of ischemia-induced neuronal damage,"D. Pellegrini-Giampietro, G. Cherici, M. Alesiani, V. Carlá, F. Moroni",Journal of Neuroscience,1990-03-01,502,"Cellular, Synaptic, and Neuromorphic Foundations",brain-structure,10.1523/JNEUROSCI.10-03-01035.1990,14d509f4069c6cd2e2e200353570b25f7de5e325,https://doi.org/10.1523/JNEUROSCI.10-03-01035.1990,JournalArticle,unknown,14,brain; neuron; neuromorphic; explicit brain-structure/AI bridge,Excessive stimulation of excitatory amino acid (EAA) receptors and abnormal production of oxygen-derived free radicals have repeatedly been implicated in the series of events linking brain hypoxia or ischemia to neuronal death.
1990,The Cerebral cortex of the rat,"B. Kolb, R. C. Tees",Unknown venue,1990,501,General Brain-AI Structure Reviews and Methods,brain-structure,10.1016/0300-9629(91)90172-9,9345918dcdcd655ef37f5d43913181377f848188,https://doi.org/10.1016/0300-9629(91)90172-9,Review,unknown,6,brain; cerebral; cortex; brain/neural structure in title,
1990,Correlations between morphology and electrophysiology of pyramidal neurons in slices of rat visual cortex. II. Electrophysiology,"A. Mason, A. Larkman",Journal of Neuroscience,1990-05-01,497,"Electrophysiology, Neural Signals, and AI Decoding",brain-structure;neural-signals,10.1523/JNEUROSCI.10-05-01415.1990,475abd847028dfcfa5480dd69df44d4f24390557,https://doi.org/10.1523/JNEUROSCI.10-05-01415.1990,JournalArticle,unknown,17,cortex; neuron; neuromorphic; brain/neural structure in title; explicit brain-structure/AI bridge,
1990,"Cellular distribution of transferrin, ferritin, and iron in normal and aged human brains","J. Connor, S. Menzies, S. Martin, E. Mufson",Journal of Neuroscience Research,1990-12-01,484,"Cellular, Synaptic, and Neuromorphic Foundations",brain-structure,10.1002/jnr.490270421,f9190b27b8df906ab9c8f2842ec55db75589e7d6,https://doi.org/10.1002/jnr.490270421,JournalArticle,unknown,16,brain; neuromorphic; brain/neural structure in title; explicit brain-structure/AI bridge,
1990,Dopamine receptor gene expression by enkephalin neurons in rat forebrain.,"C. Moine, E. Normand, A. F. Guitteny, B. Fouqué, R. Teoule, B. Bloch",Proceedings of the National Academy of Sciences of the United States of America,1990,484,"Cellular, Synaptic, and Neuromorphic Foundations",brain-structure,10.1073/PNAS.87.1.230,1344827c5723b1f1c6ac3ef2e8870da51cd0a0e7,https://doi.org/10.1073/PNAS.87.1.230,JournalArticle,unknown,17,brain; neuron; neuromorphic; brain/neural structure in title; explicit brain-structure/AI bridge,
1990,Localization of dopamine D2 receptor mRNA and D1 and D2 receptor binding in the rat brain and pituitary: an in situ hybridization- receptor autoradiographic analysis,"A. Mansour, J. Meador-Woodruff, J. Bunzow, O. Civelli, Huda Akil, Stanley J. Watson",Journal of Neuroscience,1990-08-01,482,General Brain-AI Structure Reviews and Methods,brain-structure;connectome,10.1523/JNEUROSCI.10-08-02587.1990,968123a38bae3a28940f526bf8c4eb2ff326c7e0,https://doi.org/10.1523/JNEUROSCI.10-08-02587.1990,JournalArticle,unknown,6,brain; cortex; hippocampus; brain/neural structure in title,"Several lines of evidence suggest the existence of multiple dopamine receptor subtypes, referred to as D1 and D2."
1990,"Endothelin in brain: receptors, mitogenesis, and biosynthesis in glial cells.","Mathew W. Maccumber, Christopher A. Ross, Solomon H. Snyder",Proceedings of the National Academy of Sciences of the United States of America,1990-03-01,480,"Cellular, Synaptic, and Neuromorphic Foundations",brain-structure,10.1073/PNAS.87.6.2359,99315251b47adcde51ddbd453d3faf4833f35149,https://doi.org/10.1073/PNAS.87.6.2359,JournalArticle,unknown,16,brain; neuromorphic; brain/neural structure in title; explicit brain-structure/AI bridge,
1990,Brain α-bungarotoxin binding protein cDNAs and MAbs reveal subtypes of this branch of the ligand-gated ion channel gene superfamily,"R. Schoepfer, W. Conroy, P. Whiting, Martin Gore, J. Lindstrom",Unknown venue,1990-07-01,473,General Brain-AI Structure Reviews and Methods,brain-structure,10.1016/0896-6273(90)90031-A,da8910e23fcfa9c31ffb22d05eb3b8053449ea6e,https://doi.org/10.1016/0896-6273(90)90031-A,paper,unknown,4,brain; brain/neural structure in title,
1990,Left prefrontal glucose hypometabolism in the depressed state: a confirmation.,"J. Martinot, P. Hardy, A. Feline, J. Huret, B. Mazoyer, D. Attar-Lévy, et al.",American Journal of Psychiatry,1990-10-01,472,"Cognitive Architectures, Learning, and Systems Neuroscience",brain-structure,10.1176/AJP.147.10.1313,49ece8094e54ce0119aeffc0cfd7dfc2d73ac0a4,https://doi.org/10.1176/AJP.147.10.1313,JournalArticle,unknown,4,cognitive architecture,
1990,A century of cerebral achromatopsia.,S. Zeki,Brain : a journal of neurology,1990-12-01,470,General Brain-AI Structure Reviews and Methods,brain-structure,10.1093/BRAIN/113.6.1721,8524f75b7ab4eecb30582ff92361ccc475ed7155,https://doi.org/10.1093/BRAIN/113.6.1721,Review; JournalArticle,unknown,2,brain; cerebral,
1990,Resting frontal brain asymmetry predicts affective responses to films.,"A. Tomarken, R. Davidson, Jeffrey B. Henriques",Journal of Personality and Social Psychology,1990-10-01,469,General Brain-AI Structure Reviews and Methods,brain-structure,10.1037//0022-3514.59.4.791,841789641fa3f47995450a8e774ae7d773427881,https://doi.org/10.1037//0022-3514.59.4.791,JournalArticle,unknown,4,brain; brain/neural structure in title,
1990,Quantitation of blood-brain barrier defect by magnetic resonance imaging and gadolinium-DTPA in patients with multiple sclerosis and brain tumors,"H. Larsson, M. Stubgaard, J. Frederiksen, M. Jensen, O. Henriksen, O. Paulson",Magnetic Resonance in Medicine,1990-10-01,468,Clinical NeuroAI and Brain Disorders,brain-structure;neuroimaging;clinical-neuroai,10.1002/mrm.1910160111,63ef029487c83d23e1d1c02bb9d22b62efe50bcf,https://doi.org/10.1002/mrm.1910160111,JournalArticle,unknown,4,brain; brain/neural structure in title,
1990,Expression of multiple novel Wnt-1/int-1-related genes during fetal and adult mouse development.,"B. J. Gavin, J A McMahon, A. P. McMahon",Genes & Development,1990-12-01,465,"Brain Decoding, Representation Learning, and BCI",brain-structure,10.1101/GAD.4.12B.2319,0188eaa4ed06cbbf4283dca34746325ab732baca,https://doi.org/10.1101/GAD.4.12B.2319,JournalArticle; Study,unknown,22,brain; neural; decoding; representation learning; bci; explicit brain-structure/AI bridge,The mammary tumor-associated proto-oncogene Wnt-1/int-1 encodes a secreted protein implicated in the regulation of neural development in vertebrates and segmental pattern in Drosophila.
1990,"HNF-3A, a hepatocyte-enriched transcription factor of novel structure is regulated transcriptionally.","E. Lai, V. Prezioso, E. Smith, Oksana Litvin, R. Costa, J. Darnell",Genes & Development,1990-08-01,455,"Cellular, Synaptic, and Neuromorphic Foundations",brain-structure,10.1101/GAD.4.8.1427,d86cca8f69d0369d57d57fb14681765edff26096,https://doi.org/10.1101/GAD.4.8.1427,JournalArticle,unknown,13,brain; neuromorphic; explicit brain-structure/AI bridge,Hepatocyte-specific gene expression requires the interaction of many proteins with multiple binding sites in the regulatory regions.
1990,Quantitation of cerebral blood volume in human infants by near-infrared spectroscopy.,"J. Wyatt, M. Cope, D. Delpy, C. Richardson, A. Edwards, S. Wray, et al.",Journal of applied physiology,1990-03-01,455,General Brain-AI Structure Reviews and Methods,brain-structure,10.1152/JAPPL.1990.68.3.1086,5dad5747ace383958516c3e11e7cb451c716e356,https://doi.org/10.1152/JAPPL.1990.68.3.1086,JournalArticle,unknown,2,brain; cerebral,
1990,Riding the glial monorail: a common mechanism for glial-guided neuronal migration in different regions of the developing mammalian brain.,M. Hatten,Trends in Neurosciences,1990-05-01,455,"Cellular, Synaptic, and Neuromorphic Foundations",brain-structure,10.1016/0166-2236(90)90044-B,4e974f77bd2f8f0d95fe8c0f8312b7b3901d808b,https://doi.org/10.1016/0166-2236(90)90044-B,JournalArticle,unknown,17,brain; neuron; neuromorphic; brain/neural structure in title; explicit brain-structure/AI bridge,
1990,"Cloning, functional expression, and mRNA tissue distribution of the rat 5-hydroxytryptamine1A receptor gene.","Paul R. Albert, Qun-Yong Zhou, H. V. Tol, J. Bunzow, O. Civelli",Journal of Biological Chemistry,1990-04-05,454,"Brain Decoding, Representation Learning, and BCI",brain-structure,10.1016/s0021-9258(19)39437-2,e935a1ca84290f76b3c4ba431c13c4e26df7c84a,https://doi.org/10.1016/s0021-9258(19)39437-2,JournalArticle,unknown,22,brain; hippocampus; decoding; representation learning; bci; explicit brain-structure/AI bridge,G protein-coupled receptors comprise a family of genes that share significant sequence similarity.
1990,Localization and responses of neurones in the parieto-insular vestibular cortex of awake monkeys (Macaca fascicularis).,"O. Grüsser, M. Pause, U. Schreiter",Journal of Physiology,1990-11-01,452,"Cellular, Synaptic, and Neuromorphic Foundations",brain-structure,10.1113/jphysiol.1990.sp018306,f065b04e93e60c28345d51746256f5849f4b4d53,https://doi.org/10.1113/jphysiol.1990.sp018306,JournalArticle,unknown,17,cortex; neuron; neuromorphic; brain/neural structure in title; explicit brain-structure/AI bridge,
1990,Quantitative assessment of cortical synaptic density in Alzheimer's disease.,"S. Scheff, S. DeKosky, D. Price",Neurobiology of Aging,1990,451,"Cellular, Synaptic, and Neuromorphic Foundations",brain-structure;clinical-neuroai,10.1016/0197-4580(90)90059-9,3ffeb8711721156d66284127722e17e8ac896be0,https://doi.org/10.1016/0197-4580(90)90059-9,JournalArticle,unknown,13,cortical; neuromorphic; explicit brain-structure/AI bridge,
1990,Sexual behavior enhances central dopamine transmission in the male rat.,"J. G. Pfaus, G. Damsma, G. Nomikos, D. Wenkstern, H. Fibiger",Brain Research,1990-10-01,449,"Cognitive Architectures, Learning, and Systems Neuroscience",brain-structure,10.1016/0006-8993(90)91309-5,e2db69acece883b961e48b0d226d3bfaaa15f5bb,https://doi.org/10.1016/0006-8993(90)91309-5,JournalArticle,unknown,13,brain; cognitive architecture; explicit brain-structure/AI bridge,Central dopamine transmission was examined in the nucleus accumbens and striatum of sexually experienced male rats during mating behaviour using in vivo brain microdialysis.
1990,Optimization of differential immunogold-silver and peroxidase labeling with maintenance of ultrastructure in brain sections before plastic embedding.,"J. Chan, C. Aoki, V. Pickel",Journal of Neuroscience Methods,1990-08-01,448,General Brain-AI Structure Reviews and Methods,brain-structure;deep-learning,10.1016/0165-0270(90)90015-8,53894dc05623ff993e8f680c8906009ee6557620,https://doi.org/10.1016/0165-0270(90)90015-8,JournalArticle,unknown,4,brain; brain/neural structure in title,
1990,Capillary Depletion Method for Quantification of Blood-Brain Barrier Transport of Circulating Peptides and Plasma Proteins,"D. Triguero, Jody L. Buciak, W. Pardridge",Journal of Neurochemistry,1990-06-01,446,General Brain-AI Structure Reviews and Methods,brain-structure,10.1111/j.1471-4159.1990.tb04886.x,cce812c9a9a59ad2d44b7eaf6565442e02bb0f36,https://doi.org/10.1111/j.1471-4159.1990.tb04886.x,JournalArticle,unknown,4,brain; brain/neural structure in title,
1990,Localization of insulin receptor mRNA in rat brain by in situ hybridization.,"J. L. Marks, D. Porte, W. L. Stahl, D. Baskin",Endocrinology,1990-12-01,446,General Brain-AI Structure Reviews and Methods,brain-structure,10.1210/ENDO-127-6-3234,870dced8ed04bc0adb468740598e5febd2cd3aa0,https://doi.org/10.1210/ENDO-127-6-3234,JournalArticle,unknown,4,brain; brain/neural structure in title,
1990,Axon overproduction and elimination in the corpus callosum of the developing rhesus monkey,"AS LaMantia, P. Rakić",Journal of Neuroscience,1990-07-01,445,"Cellular, Synaptic, and Neuromorphic Foundations",brain-structure;connectome,10.1523/JNEUROSCI.10-07-02156.1990,72b4ed958ab4adfd264f486cd8203d56ed050e90,https://doi.org/10.1523/JNEUROSCI.10-07-02156.1990,JournalArticle,unknown,15,cerebral; cortex; synapse; neuromorphic; explicit brain-structure/AI bridge,We have studied the cytological and quantitative aspects of axon addition and elimination in the corpus callosum of the developing rhesus monkey.
1990,Brain iron and ferritin in Parkinson's and Alzheimer's diseases,"K. Jellinger, W. Paulus, I. Grundke-Iqbal, P. Riederer, M. Youdim",Journal of Neural Transmission - Parkinsons Disease and Dementia Section,1990,445,Clinical NeuroAI and Brain Disorders,brain-structure;clinical-neuroai,10.1007/BF02252926,bdb2de7fa3e894209e171263f966e316a349076f,https://doi.org/10.1007/BF02252926,JournalArticle; Study,unknown,4,brain; brain/neural structure in title,
1990,Brain microglia constitutively express beta-2 integrins.,"H. Akiyama, P. Mcgeer",Journal of Neuroimmunology,1990-11-01,445,General Brain-AI Structure Reviews and Methods,brain-structure,10.1016/0165-5728(90)90055-R,e7dfb226ddf1ea5bc4fe6c0e4519078d380aab05,https://doi.org/10.1016/0165-5728(90)90055-R,JournalArticle,unknown,4,brain; brain/neural structure in title,
1990,Emerging concepts of structure-function dynamics in adult brain: the hypothalamo-neurohypophysial system.,G. I. Hatton,Progress in neurobiology,1990,445,General Brain-AI Structure Reviews and Methods,brain-structure,10.1016/0301-0082(90)90017-B,957914ce2af12d32671bb9c31351a468914ab911,https://doi.org/10.1016/0301-0082(90)90017-B,Review; JournalArticle,unknown,4,brain; brain/neural structure in title,
1990,"Extrinsic projections from area CA1 of the rat hippocampus: Olfactory, cortical, subcortical, and bilateral hippocampal formation projections","T. van Groen, J. Wyss",The Journal of comparative neurology,1990-12-15,445,General Brain-AI Structure Reviews and Methods,brain-structure,10.1002/cne.903020308,70f9c02b479de5f72067976085ccd7c92afe4a65,https://doi.org/10.1002/cne.903020308,JournalArticle,unknown,3,brain; cortical; hippocampus,
1990,Magnetic resonance imaging of the brain in schizophrenia. The pathophysiologic significance of structural abnormalities.,"N. Andreasen, J. Ehrhardt, V. Swayze, R. Alliger, W. Yuh, G. Cohen, et al.",Archives of General Psychiatry,1990,444,General Brain-AI Structure Reviews and Methods,brain-structure;neuroimaging,10.1001/ARCHPSYC.1990.01810130037006,1c8297898408d952b616ac44af8ee28d0632958e,https://doi.org/10.1001/ARCHPSYC.1990.01810130037006,JournalArticle; Study,unknown,4,brain; brain/neural structure in title,
1990,Where do semantic errors come from?,"A. Caramazza, A. Hillis",Cortex; a journal devoted to the study of the nervous system and behavior,1990-03-01,441,"Electrophysiology, Neural Signals, and AI Decoding",brain-structure;neural-signals,10.1016/S0010-9452(13)80077-9,34b569592f5717f7c14fb27c3f92d6097c53fa64,https://doi.org/10.1016/S0010-9452(13)80077-9,JournalArticle; Study; CaseReport,unknown,13,brain; cognitive architecture; explicit brain-structure/AI bridge,We report the performance of two brain-damaged subjects (RGB and HW) whose frequent errors in spoken production are nearly always semantically related to the target word.
1990,Cellular and circuit basis of working memory in prefrontal cortex of nonhuman primates.,P. Goldman-Rakic,Progress in Brain Research,1990,440,"Cellular, Synaptic, and Neuromorphic Foundations",brain-structure,10.1016/S0079-6123(08)62688-6,501d75fdab49a4a03375c723b319a995a0d60847,https://doi.org/10.1016/S0079-6123(08)62688-6,Review; JournalArticle,unknown,18,cerebral; cortex; neuron; neuromorphic; brain/neural structure in title; explicit brain-structure/AI bridge,Publisher Summary Working memory is applied by cognitive psychologists and theorists to the type of memory that is active and relevant only for a short period of time.
1990,Memory-related neural systems in Alzheimer's disease,"B. Hyman, G. W. Hoesen, A. Damasio",Neurology,1990-11-01,439,"Cognitive Architectures, Learning, and Systems Neuroscience",brain-structure;clinical-neuroai,10.1212/WNL.40.11.1721,b0e753aeacc4f1390cb04193b19d58b20ac9c0d5,https://doi.org/10.1212/WNL.40.11.1721,JournalArticle,unknown,16,neural; cognitive architecture; brain/neural structure in title; explicit brain-structure/AI bridge,
1990,Learning and Computational Neuroscience: Foundations of Adaptive Networks,"M. Gabriel, JOHN W. Moore",Unknown venue,1990-11-01,438,"Connectomics, Graph Models, and Brain Networks",connectome;brain-inspired-ai,,c4aa855146d30d79bbed56a4e18c2191b17643d6,https://www.semanticscholar.org/paper/c4aa855146d30d79bbed56a4e18c2191b17643d6,paper,unknown,13,brain; computational neuroscience; explicit brain-structure/AI bridge,
1990,Experimental Biology of Cerebral Hypoxia-Ischemia: Relation to Perinatal Brain Damage,R. Vannucci,Pediatric Research,1990-04-01,437,General Brain-AI Structure Reviews and Methods,brain-structure,10.1203/00006450-199004000-00001,ff8cc986d12f3ce2ca23a43f5e47f0aeac4d81ab,https://doi.org/10.1203/00006450-199004000-00001,Review; JournalArticle,unknown,5,brain; cerebral; brain/neural structure in title,
1990,Autoradiographic demonstration of increased serotonin 5-HT2 and beta-adrenergic receptor binding sites in the brain of suicide victims.,"V. Arango, P. Ernsberger, P. Marzuk, Jaw-Sy Chen, H. Tierney, Michael Stanley, et al.",Archives of General Psychiatry,1990-11-01,431,"Connectomics, Graph Models, and Brain Networks",brain-structure;connectome,10.1001/ARCHPSYC.1990.01810230054009,e02a3e2cd1bef59ce2537124b2946e7c6b5f9e26,https://doi.org/10.1001/ARCHPSYC.1990.01810230054009,JournalArticle,unknown,8,brain; brain/neural structure in title; historical computation/learning bridge,
1990,Enzymatically active lysosomal proteases are associated with amyloid deposits in Alzheimer brain.,"A. Cataldo, Ralph A. Nixon",Proceedings of the National Academy of Sciences of the United States of America,1990-05-01,430,Clinical NeuroAI and Brain Disorders,brain-structure;clinical-neuroai,10.1073/PNAS.87.10.3861,610a59004dc3b8b42e4533328fefbd5b959ba720,https://doi.org/10.1073/PNAS.87.10.3861,JournalArticle,unknown,4,brain; brain/neural structure in title,
1990,"The development of a simple scaffold of axon tracts in the brain of the embryonic zebrafish, Brachydanio rerio.","Stephen W. Wilson, L. S. Ross, T. Parrett, S. Easter",Development,1990,425,General Brain-AI Structure Reviews and Methods,brain-structure,,7e0cf3dfb244127e8ab50f162437aa9533aa16f1,https://www.semanticscholar.org/paper/7e0cf3dfb244127e8ab50f162437aa9533aa16f1,JournalArticle,unknown,4,brain; brain/neural structure in title,
1990,Localization of dystrophin to postsynaptic regions of central nervous system cortical neurons,"H. Lidov, T. Byers, Simon C Watkins, L. Kunkel",Nature,1990-12-20,424,"Cellular, Synaptic, and Neuromorphic Foundations",brain-structure,10.1038/348725A0,0889b3fcb28065888a3c74756ecfd7605dcfd3e5,https://doi.org/10.1038/348725A0,JournalArticle,unknown,14,cortical; neuron; neuromorphic; explicit brain-structure/AI bridge,
1990,Prolonged memory impairment in the absence of hippocampal cell death following traumatic brain injury in the rat.,"B. G. Lyeth, L. Jenkins, R. Hamm, C. Dixon, L. Phillips, G. Clifton, et al.",Brain Research,1990-09-03,423,"Cellular, Synaptic, and Neuromorphic Foundations",brain-structure,10.1016/0006-8993(90)91229-A,2639c449bf65a1136e99ccca29cf7d1e49e45d9b,https://doi.org/10.1016/0006-8993(90)91229-A,JournalArticle,unknown,16,brain; neuromorphic; brain/neural structure in title; explicit brain-structure/AI bridge,
1990,Expression of β amyloid protein precursor mRNAs: Recognition of a novel alternatively spliced form and quantitation in alzheimer's disease using PCR,"T. E. Golde, S. Estus, M. Usiak, L. Younkin, S. Younkin",Unknown venue,1990-02-01,422,"Electrophysiology, Neural Signals, and AI Decoding",neural-signals;clinical-neuroai,10.1016/0896-6273(90)90100-T,e85e653c05ebb995873e3b33cb6f258a2dfa99d1,https://doi.org/10.1016/0896-6273(90)90100-T,paper,unknown,13,ecog; cognitive architecture; explicit brain-structure/AI bridge,
1990,Circadian fluctuations of period protein immunoreactivity in the CNS and the visual system of Drosophila,"Danielle, M. Zerr, Jeffrey, C. Hall, Michael, Rosbash",Journal of Neuroscience,1990-08-01,420,"Cellular, Synaptic, and Neuromorphic Foundations",brain-structure,10.1523/JNEUROSCI.10-08-02749.1990,c4c5a791e1bebfa43e3d5e68ed6979ab1af206ce,https://doi.org/10.1523/JNEUROSCI.10-08-02749.1990,JournalArticle,unknown,13,brain; neuromorphic; explicit brain-structure/AI bridge,"When the protein encoded by the period (per) gene, which influences circadian rhythms in Drosophila melanogaster, was labeled with an anti- per antibody in adult flies sectioned at different times of day, regular fluctuations in the intensity of immunoreactivity were observed in cells of the visual system and central brain."
1990,Glutamate receptor channels in rat DRG neurons: activation by kainate and quisqualate and blockade of desensitization by Con A.,J. E. Huettner,Neuron,1990-09-01,420,"Cellular, Synaptic, and Neuromorphic Foundations",,10.1016/0896-6273(90)90163-A,b72ce3a0b1557d2c9f59c825ed1a90f9cf7b6b4f,https://doi.org/10.1016/0896-6273(90)90163-A,JournalArticle,unknown,13,neuron; neuromorphic; explicit brain-structure/AI bridge,
1990,"Surgical treatment of aneurysm or dissection involving the ascending aorta and aortic arch, utilizing circulatory arrest and retrograde cerebral perfusion.","Y. Ueda, S. Miki, K. Kusuhara, Y. Okita, T. Tahata, Kazuo Yamanaka",Journal of Cardiovascular Surgery,1990-09-01,412,General Brain-AI Structure Reviews and Methods,brain-structure,10.4326/jjcvs.19.1252,f5cfca8e5fc08573c88793d87b309a033c02682f,https://doi.org/10.4326/jjcvs.19.1252,JournalArticle,unknown,2,brain; cerebral,
1990,Heteromultimeric channels formed by rat brain potassium-channel proteins,"J. Ruppersberg, K. Schröter, B. Sakmann, M. Stocker, S. Sewing, O. Pongs",Nature,1990-06-07,410,General Brain-AI Structure Reviews and Methods,brain-structure,10.1038/345535A0,20ceb2d744c6e3464d487e4de5c394f2e60d462a,https://doi.org/10.1038/345535A0,JournalArticle,unknown,4,brain; brain/neural structure in title,
1990,Physical model simulations of brain injury in the primate.,"S. Margulies, L. Thibault, T. Gennarelli",Journal of Biomechanics,1990,409,Computational Neuroscience and Brain-Inspired AI,brain-structure;connectome;brain-inspired-ai,10.1016/0021-9290(90)90029-3,6157d0d99360242488f6973978cb34ff13610084,https://doi.org/10.1016/0021-9290(90)90029-3,JournalArticle,unknown,8,brain; brain/neural structure in title; historical computation/learning bridge,Diffuse brain injuries resulting from non-impact rotational acceleration are investigated with the aid of physical models of the skull-brain structure.
1990,Processing of local and global musical information by unilateral brain-damaged patients.,I. Peretz,Brain : a journal of neurology,1990-08-01,408,Clinical NeuroAI and Brain Disorders,brain-structure;clinical-neuroai,10.1093/BRAIN/113.4.1185,86291e2079ae4684ccb5d6c679cf08d0e2e408c4,https://doi.org/10.1093/BRAIN/113.4.1185,JournalArticle,unknown,4,brain; brain/neural structure in title,
1990,Brain microemboli during cardiac surgery or aortography,"MD D. M. Moody, DPhi1 M. A. Bell, MDt V. R. CHALLA, MD W. E. Johnston, MD D. S. Prough, D. Moody",Annals of Neurology,1990-10-01,407,"Connectomics, Graph Models, and Brain Networks",brain-structure;connectome,10.1002/ana.410280403,594d7febef559dd84107bfff4c1f406c7b4faa8a,https://doi.org/10.1002/ana.410280403,JournalArticle,unknown,8,brain; brain/neural structure in title; historical computation/learning bridge,
1990,"The effect of mild hyperthermia and hypothermia on brain damage following 5, 10, and 15 minutes of forebrain ischemia","H. Minamisawa, Maj-Lis Smith, B. Siesjö",Annals of Neurology,1990-07-01,407,General Brain-AI Structure Reviews and Methods,brain-structure,10.1002/ana.410280107,f2703b9b3e471f1998ef2744899ad708f86e14ef,https://doi.org/10.1002/ana.410280107,JournalArticle,unknown,4,brain; brain/neural structure in title,
1990,"Differential induction of brain, lung and liver nitric oxide synthase by endotoxin in the rat.","Richard Graham Knowles, M. Merrett, M. Salter, S. Moncada",Biochemical Journal,1990-09-15,404,General Brain-AI Structure Reviews and Methods,brain-structure,10.1042/BJ2700833,a3f287f8909737936543340d7f25a1b76f8e9c62,https://doi.org/10.1042/BJ2700833,JournalArticle,unknown,4,brain; brain/neural structure in title,
1990,An electrochemical microprobe for detecting nitric oxide release in brain tissue.,K. Shibuki,Neurosciences research,1990-09-01,400,General Brain-AI Structure Reviews and Methods,brain-structure,10.1016/0168-0102(90)90048-J,b4095d7f47a5a742fc75d10f38efaa18f41ba7af,https://doi.org/10.1016/0168-0102(90)90048-J,JournalArticle,unknown,4,brain; brain/neural structure in title,
1990,"Organization of cortical, basal forebrain, and hypothalamic afferents to the parabrachial nucleus in the rat","M. Moga, H. Herbert, K. M. Hurley, Y. Yasui, T. Gray, C. Saper",The Journal of comparative neurology,1990-05-22,399,General Brain-AI Structure Reviews and Methods,brain-structure,10.1002/cne.902950408,6ed77b3bfbc969926b527a0b4b95c633a96ce19e,https://doi.org/10.1002/cne.902950408,JournalArticle,unknown,5,brain; cortical; brain/neural structure in title,
1990,Corticotropin-releasing factor produces fear-enhancing and behavioral activating effects following infusion into the locus coeruleus,"P. Butler, J. Weiss, J. Stout, C. Nemeroff",Journal of Neuroscience,1990-01-01,398,"Cellular, Synaptic, and Neuromorphic Foundations",brain-structure,10.1523/JNEUROSCI.10-01-00176.1990,9766258eecdbc4a9c34d4d99c0cd34ba7600cd75,https://doi.org/10.1523/JNEUROSCI.10-01-00176.1990,JournalArticle,unknown,17,brain; amygdala; thalamus; hypothalamus; neuron; neuromorphic; explicit brain-structure/AI bridge,The present series of experiments tested the hypothesis that the behavioral activating and anxiogenic effects produced by intraventricular administration of corticotropin-releasing factor (CRF) may be mediated by noradrenergic neurons in the brain-stem locus coeruleus (LC).
1990,Inhibition of neurite outgrowth on astroglial scars in vitro,"John S. Rudge, J. Silver",Journal of Neuroscience,1990-11-01,398,"Cellular, Synaptic, and Neuromorphic Foundations",brain-structure,10.1523/JNEUROSCI.10-11-03594.1990,848e5f6a8a6b45afe06e0db77ca1c673873278fc,https://doi.org/10.1523/JNEUROSCI.10-11-03594.1990,JournalArticle,unknown,15,cerebral; cortex; neuron; neuromorphic; explicit brain-structure/AI bridge,Traumatic injury to the adult mammalian CNS results in the formation of an astroglial-mesenchymal scar that seals the wound site but blocks axonal regeneration in the process.
1990,"A phorbol ester receptor/protein kinase, nPKC eta, a new member of the protein kinase C family predominantly expressed in lung and skin.","S. Osada, K. Mizuno, T. Saido, Y. Akita, K. Suzuki, Toshio Kuroki, et al.",Journal of Biological Chemistry,1990-12-25,394,"Cellular, Synaptic, and Neuromorphic Foundations",brain-structure,10.1016/s0021-9258(18)45723-7,edc652c549fdc8a6807e691ef7f59ce535b06822,https://doi.org/10.1016/s0021-9258(18)45723-7,JournalArticle; Study,unknown,13,brain; neuromorphic; explicit brain-structure/AI bridge,"Protein kinase C (PKC)-related cDNA clones isolated from mouse epidermis cDNA library encoded a 78-kDa protein, nPKC eta."
1990,Brain pathways for learned and unlearned vocalizations differ in zebra finches,"H. Simpson, D. Vicario",Journal of Neuroscience,1990-05-01,394,General Brain-AI Structure Reviews and Methods,brain-structure,10.1523/JNEUROSCI.10-05-01541.1990,00f25eefeed3892cc1dd7343575cb47f7aa4dcca,https://doi.org/10.1523/JNEUROSCI.10-05-01541.1990,JournalArticle,unknown,4,brain; brain/neural structure in title,
1990,Limited heterogeneity of rearranged T-cell receptor Vα transcripts in brains of multiple sclerosis patients,"J. Oksenberg, S. Stuart, A. Begovich, R. Bell, H. Erlich, L. Steinman, et al.",Nature,1990-05-24,393,"Cellular, Synaptic, and Neuromorphic Foundations",brain-structure;clinical-neuroai,10.1038/345344A0,fb94ca7659d00ab7c9bb1c9256b81492c807ccf6,https://doi.org/10.1038/345344A0,paper,unknown,16,brain; neuromorphic; brain/neural structure in title; explicit brain-structure/AI bridge,
1990,Molecular cloning and expression of the cDNA for a novel alpha 1-adrenergic receptor subtype.,"D. A. Schwinn, J. Lomasney, W. Lorenz, P. Szklut, R. T. Fremeau, Teresa L. Yang-Feng, et al.",Journal of Biological Chemistry,1990-05-15,392,"Connectomics, Graph Models, and Brain Networks",brain-structure;connectome,10.1016/s0021-9258(19)39055-6,0d1d6ccce9c492720a8dafd51fac32dea2f37c35,https://doi.org/10.1016/s0021-9258(19)39055-6,JournalArticle; Study,unknown,5,brain; historical computation/learning bridge,A novel alpha 1-adrenergic receptor subtype has been cloned from a bovine brain cDNA library.
1990,Establishment and characterization of multipotent neural cell lines using retrovirus vector-mediated oncogene transfer.,"E. Ryder, E. Snyder, C. Cepko",Journal of Neurobiology,1990-03-01,391,"Cellular, Synaptic, and Neuromorphic Foundations",brain-structure,10.1002/NEU.480210209,aa5aa2201f3f6e4960bf93088ef6d11f1303d9f7,https://doi.org/10.1002/NEU.480210209,JournalArticle,unknown,16,neural; neuromorphic; brain/neural structure in title; explicit brain-structure/AI bridge,
1990,Excitatory amino acid receptors in the brain: membrane binding and receptor autoradiographic approaches.,"A. Young, G. Fagg",TIPS - Trends in Pharmacological Sciences,1990-03-01,391,"Connectomics, Graph Models, and Brain Networks",brain-structure;connectome,10.1016/0165-6147(90)90199-I,9b0a56fff7f8891426915d41b02c671ea543ab59,https://doi.org/10.1016/0165-6147(90)90199-I,Review; JournalArticle,unknown,8,brain; brain/neural structure in title; historical computation/learning bridge,
1990,An improved staining method for rat microglial cells using the lectin from Griffonia simplicifolia (GSA I-B4).,W. Streit,Journal of Histochemistry and Cytochemistry,1990-11-01,390,"Cellular, Synaptic, and Neuromorphic Foundations",brain-structure,10.1177/38.11.2212623,640d53ef847e439c6f54a8436cc9ce8bc2393caf,https://doi.org/10.1177/38.11.2212623,JournalArticle,unknown,4,neuromorphic,
1990,The role of cytokines in the generation of inflammation and tissue damage in experimental gram-positive meningitis,"K. Saukkonen, S. Sande, C. Cioffe, S. Wolpe, B. Sherry, A. Cerami, et al.",Journal of Experimental Medicine,1990-02-01,390,Computational Neuroscience and Brain-Inspired AI,brain-structure,10.1084/jem.171.2.439,fdf330e41ce96571af6912fffb771a2f7a047356,https://doi.org/10.1084/jem.171.2.439,JournalArticle,unknown,17,brain; computational neuroscience; brain-inspired; explicit brain-structure/AI bridge,Cytokines mediate many host responses to bacterial infections.
1990,Progressive neuronal loss induced by kindling: a possible mechanism for mossy fiber synaptic reorganization and hippocampal sclerosis.,"J. Cavazos, T. Sutula",Brain Research,1990-09-10,389,"Cellular, Synaptic, and Neuromorphic Foundations",brain-structure,10.1016/0006-8993(90)91054-K,7a0f781cd636a2d08c68e1759b411fef42c57792,https://doi.org/10.1016/0006-8993(90)91054-K,JournalArticle,unknown,13,neuron; neuromorphic; explicit brain-structure/AI bridge,
1990,Transgenic mice expressing a human poliovirus receptor: a new model for poliomyelitis.,"R. Ren, F. Costantini, E. Gorgacz, James Lee, V. Racaniello",Cell,1990-10-19,388,Computational Neuroscience and Brain-Inspired AI,brain-structure;clinical-neuroai,10.1016/0092-8674(90)90168-E,9df7e9f7f67b0b49b66f7ddc1813eb0eae792494,https://doi.org/10.1016/0092-8674(90)90168-E,JournalArticle,unknown,18,brain; cerebral; computational neuroscience; brain-inspired; explicit brain-structure/AI bridge,A human poliovirus receptor (PVR) gene was used to generate transgenic mice that express PVR transcripts and poliovirus binding sites in a wide range of tissues.
1990,Subcortical hyperintensity on magnetic resonance imaging: a comparison of normal and depressed elderly subjects.,"Coffey Ce, G. Figiel, Djang Wt, R. Weiner",American Journal of Psychiatry,1990-02-01,387,General Brain-AI Structure Reviews and Methods,brain-structure;neuroimaging,10.1176/AJP.147.2.187,1bc5a5718f57baed72fc7868fa47a512f276823d,https://doi.org/10.1176/AJP.147.2.187,JournalArticle,unknown,2,brain; cortical,
1990,Rapid Isolation of Metabolically Active Mitochondria from Rat Brain and Subregions Using Percoll Density Gradient Centrifugation,N. Sims,Journal of Neurochemistry,1990-08-01,386,General Brain-AI Structure Reviews and Methods,brain-structure,10.1111/j.1471-4159.1990.tb04189.x,6b52c1a43457225e0b2e616d4b4b3f43d620925c,https://doi.org/10.1111/j.1471-4159.1990.tb04189.x,JournalArticle; Study,unknown,4,brain; brain/neural structure in title,
1990,Grading white matter lesions on CT and MRI: a simple scale.,"J. Swieten, A. Hijdra, P. Koudstaal, J. Gijn",Journal of Neurology Neurosurgery & Psychiatry,1990-12-01,385,Structural Neuroimaging and AI,brain-structure;neuroimaging,10.1136/jnnp.53.12.1080,0c59558dd5b17724f6b397f09e3b6b43b4a4e9b8,https://doi.org/10.1136/jnnp.53.12.1080,JournalArticle,unknown,1,mri,
1990,Ligand-gated ion channels in the brain: The amino acid receptor superfamily,"H. Betz, H. Betz",Unknown venue,1990-10-01,385,General Brain-AI Structure Reviews and Methods,brain-structure,10.1016/0896-6273(90)90077-S,b37c8f52917c0c593b2954e833bb9e492ef0f479,https://doi.org/10.1016/0896-6273(90)90077-S,paper,unknown,4,brain; brain/neural structure in title,
1990,"Structure and expression of the rat inositol 1,4,5-trisphosphate receptor.","G. Mignery, C. L. Newton, B. Archer, T C Südhof",Journal of Biological Chemistry,1990-07-25,384,"Cellular, Synaptic, and Neuromorphic Foundations",brain-structure,10.1016/s0021-9258(19)38397-8,b9c438e67a2823ee8a0bab85f77388bcea8362e4,https://doi.org/10.1016/s0021-9258(19)38397-8,JournalArticle,unknown,13,brain; neuromorphic; explicit brain-structure/AI bridge,"The complete primary structure of the inositol 1,4,5-trisphosphate receptor from rat brain was elucidated using a series of overlapping cDNA clones."
1990,A sigma-like binding site in rat pheochromocytoma (PC12) cells: decreased affinity for (+)-benzomorphans and lower molecular weight suggest a different sigma receptor form from that of guinea pig brain.,"S. Hellewell, W. Bowen",Brain Research,1990-09-17,378,"Cellular, Synaptic, and Neuromorphic Foundations",brain-structure,10.1016/0006-8993(90)91143-5,58c1b62661b19e200cb034dff31f60f43b5106af,https://doi.org/10.1016/0006-8993(90)91143-5,JournalArticle; Study,unknown,16,brain; neuromorphic; brain/neural structure in title; explicit brain-structure/AI bridge,
1990,Localization of brain-derived neurotrophic factor mRNA to neurons in the brain by in situ hybridization.,"C. Wetmore, P. Ernfors, H. Persson, L. Olson",Experimental Neurology,1990-08-01,377,"Cellular, Synaptic, and Neuromorphic Foundations",brain-structure,10.1016/0014-4886(90)90068-4,5dc8cded2ce460732d01d68ca00cc2c169821322,https://doi.org/10.1016/0014-4886(90)90068-4,JournalArticle,unknown,17,brain; neuron; neuromorphic; brain/neural structure in title; explicit brain-structure/AI bridge,
1990,Neural substrates of latent inhibition: the switching model.,I. Weiner,Psychological bulletin,1990-11-01,375,Computational Neuroscience and Brain-Inspired AI,brain-structure;brain-inspired-ai,10.1037/0033-2909.108.3.442,88f29b4d67e95093d296d8703efbf464864613bc,https://doi.org/10.1037/0033-2909.108.3.442,Review; JournalArticle,unknown,21,brain; neural; computational neuroscience; brain-inspired; brain/neural structure in title; explicit brain-structure/AI bridge,
1990,Neuronal architecture of the antennal lobe in Drosophila melanogaster,"R. Stocker, M. Lienhard, A. Borst, K. Fischbach",Cell and Tissue Research,1990-10-01,374,"Cellular, Synaptic, and Neuromorphic Foundations",,10.1007/BF00327741,216155a0c71b8c7bec638279e7181706eff0018b,https://doi.org/10.1007/BF00327741,JournalArticle,unknown,13,neuron; neuromorphic; explicit brain-structure/AI bridge,
1990,The roles of microtubule-associated proteins in brain morphogenesis: a review.,R. Tucker,Brain research. Brain research reviews,1990-05-01,373,General Brain-AI Structure Reviews and Methods,brain-structure,10.1016/0165-0173(90)90013-E,82c727618adace49fef1ab5171ea96ba529d47f4,https://doi.org/10.1016/0165-0173(90)90013-E,Review; JournalArticle,unknown,4,brain; brain/neural structure in title,
1990,Transgenic mice expressing beta-galactosidase in mature neurons under neuron-specific enolase promoter control.,"S. Forss-Petter, P. Danielson, S. Catsicas, E. Battenberg, J. Price, M. Nerenberg, et al.",Neuron,1990,373,"Cellular, Synaptic, and Neuromorphic Foundations",,,dd26f35457603707cd2a06233fe5ca9ff8376426,https://www.semanticscholar.org/paper/dd26f35457603707cd2a06233fe5ca9ff8376426,JournalArticle,unknown,13,neuron; neuromorphic; explicit brain-structure/AI bridge,
1990,The Importance of Brain Temperature in Alterations of the Blood-Brain Barrier Following Cerebral Ischemia,"W. Dietrich, R. Busto, Marcilia Halley, I. Valdés",Journal of Neuropathology and Experimental Neurology,1990-09-01,371,General Brain-AI Structure Reviews and Methods,brain-structure,10.1097/00005072-199009000-00004,35962a9ab6c38919ad15869b9b3a6ef20ab7811a,https://doi.org/10.1097/00005072-199009000-00004,JournalArticle,unknown,5,brain; cerebral; brain/neural structure in title,
1990,Intracellular and extracellular changes of [Ca2+] in hypoxia and ischemia in rat brain in vivo,"I. Silver, Maria Erecii",The Journal of General Physiology,1990-05-01,370,"Cellular, Synaptic, and Neuromorphic Foundations",brain-structure,10.1085/jgp.95.5.837,a742756499b78e078c8545f45cacff62b17ac2d1,https://doi.org/10.1085/jgp.95.5.837,JournalArticle,unknown,20,brain; cortex; cortical; hippocampus; neuron; neuromorphic; brain/neural structure in title; explicit brain-structure/AI bridge,Changes in intra- and extracellular free calcium concentration were evaluated with ion-selective microelectrodes during periods of anoxia and ischemia in three different regions of intact rat brain.
1990,High levels of unintegrated HIV-1 DNA in brain tissue of AIDS dementia patients,"S. Pang, Y. Koyanagi, S. Miles, C. Wiley, H. Vinters, I. Chen",Nature,1990-01-04,368,Clinical NeuroAI and Brain Disorders,brain-structure;clinical-neuroai,10.1038/343085A0,61256775b5abc2f31984e5431c9c9ace77c39955,https://doi.org/10.1038/343085A0,JournalArticle,unknown,4,brain; brain/neural structure in title,
1990,The long-term side effects of radiation therapy for benign brain tumors in adults.,"O. Al-Mefty, Jane E. Kersh, A. Routh, Robert R. L. Smith",Journal of Neurosurgery,1990-10-01,368,Clinical NeuroAI and Brain Disorders,brain-structure,10.3171/JNS.1990.73.4.0502,3bceab045eb176bf2a48e16c9af3213f9878e122,https://doi.org/10.3171/JNS.1990.73.4.0502,Review; JournalArticle; CaseReport,unknown,4,brain; brain/neural structure in title,
1990,3-D phantom to simulate cerebral blood flow and metabolic images for PET,"E. Hoffman, P. Cutler, W. Digby, J. Mazziotta",Unknown venue,1990-04-01,367,General Brain-AI Structure Reviews and Methods,brain-structure;neuroimaging,10.1109/23.106686,03d4d4e0ad7cd351613995185583eb059abf8aac,https://doi.org/10.1109/23.106686,paper,unknown,2,brain; cerebral,
1990,Basic FGF reverses chemical and morphological deficits in the nigrostriatal system of MPTP-treated mice,"Dijrte Otto, K. Unsicker",Journal of Neuroscience,1990-06-01,365,"Cellular, Synaptic, and Neuromorphic Foundations",brain-structure;clinical-neuroai;neuromorphic-bci,10.1523/JNEUROSCI.10-06-01912.1990,eccd3031dea859b9fee7f8843134b659522d0a7d,https://doi.org/10.1523/JNEUROSCI.10-06-01912.1990,JournalArticle,unknown,14,brain; neuron; neuromorphic; explicit brain-structure/AI bridge,The specific mechanisms underlying the restorative effects of adrenal chromaffin grafts in experimental parkinsonism are still obscure.
1990,Connections of the retrosplenial granular b cortex in the rat,"T. van Groen, J. Wyss",The Journal of comparative neurology,1990-10-22,365,General Brain-AI Structure Reviews and Methods,brain-structure,10.1002/cne.10757,e870582fcd81050e6c225ed279b8af849adf805f,https://doi.org/10.1002/cne.10757,JournalArticle,unknown,5,brain; cortex; brain/neural structure in title,
1990,The cellular basis of segmentation in the developing hindbrain.,A. Lumsden,Trends in Neurosciences,1990-08-01,365,General Brain-AI Structure Reviews and Methods,brain-structure;neuroimaging,10.1016/0166-2236(90)90144-Y,dd33e868909e36d31346f9293d3487db894aef2c,https://doi.org/10.1016/0166-2236(90)90144-Y,Review; JournalArticle,unknown,4,brain; brain/neural structure in title,
1990,The Development and Neural Bases of Memory Functions as Indexed by the AB and Delayed Response Tasks in Human Infants and Infant Monkeys a,A. Diamond,Annals of the New York Academy of Sciences,1990-12-01,365,"Cognitive Architectures, Learning, and Systems Neuroscience",brain-structure,10.1111/j.1749-6632.1990.tb48900.x,e6af2657b6a4972deec84bf0cab1eb70f3c023f0,https://doi.org/10.1111/j.1749-6632.1990.tb48900.x,Review; JournalArticle,unknown,16,neural; cognitive architecture; brain/neural structure in title; explicit brain-structure/AI bridge,
1990,J1/tenascin is a repulsive substrate for central nervous system neurons.,"A. Faissner, J. Kruse",Neuron,1990-11-01,363,"Cellular, Synaptic, and Neuromorphic Foundations",,10.1016/0896-6273(90)90217-4,6cdd0ab95618a48cc787619e77208bdd075f9aa8,https://doi.org/10.1016/0896-6273(90)90217-4,JournalArticle,unknown,13,neuron; neuromorphic; explicit brain-structure/AI bridge,
1990,Neurotropic properties of pseudorabies virus: uptake and transneuronal passage in the rat central nervous system,"J. Card, L. Rinaman, J. Schwaber, R. Miselis, M. Whealy, A. Robbins, et al.",Journal of Neuroscience,1990-06-01,361,"Cellular, Synaptic, and Neuromorphic Foundations",brain-structure,10.1523/JNEUROSCI.10-06-01974.1990,349072c651156a57529840e1b4a312ad94b7edf0,https://doi.org/10.1523/JNEUROSCI.10-06-01974.1990,JournalArticle,unknown,15,brain; neuron; neural; neuromorphic; explicit brain-structure/AI bridge,"Uptake, replication, and transneuronal passage of a swine neurotropic herpesvirus (pseudorabies virus, PRV) was evaluated in the rat CNS."
1990,The cerebellum participates in mental activity: tomographic measurements of regional cerebral blood flow.,"J. Decety, Hans Sjöholm, E. Ryding, G. Stenberg, D. Ingvar",Brain Research,1990-12-10,360,"Connectomics, Graph Models, and Brain Networks",brain-structure;connectome,10.1016/0006-8993(90)91615-N,3e8739fc9e1c903c31322c36526bc01f0dc52632,https://doi.org/10.1016/0006-8993(90)91615-N,JournalArticle,unknown,7,brain; cerebral; cerebellum; historical computation/learning bridge,
1990,Cortical-basal ganglionic degeneration,"MD D.E. Riley, MD A.E. Lang, MB A. Lewis, MD L. Resch, MD P. Ashby, MD S Hornykiewicz, et al.",Neurology,1990-08-01,358,General Brain-AI Structure Reviews and Methods,brain-structure,10.1212/WNL.40.8.1203,bbef48600bce1d84c899730cbdaea263f6bf7d07,https://doi.org/10.1212/WNL.40.8.1203,JournalArticle; CaseReport,unknown,2,brain; cortical,
1990,Why Does Cerebral Cortex Fissure and Fold,W. Welker,Unknown venue,1990,355,General Brain-AI Structure Reviews and Methods,brain-structure,10.1007/978-1-4615-3824-0_1,354613363bdb55075bd52363927aac0be5338af2,https://doi.org/10.1007/978-1-4615-3824-0_1,paper,unknown,6,brain; cerebral; cortex; brain/neural structure in title,
1990,Mercury neurotoxicity: mechanisms of blood-brain barrier transport.,"M. Aschner, J. Aschner",Neuroscience and Biobehavioral Reviews,1990-06-01,354,General Brain-AI Structure Reviews and Methods,brain-structure,10.1016/S0149-7634(05)80217-9,b3bb2ea159f179f7856f66784fa8710aa17a7736,https://doi.org/10.1016/S0149-7634(05)80217-9,Review; JournalArticle,unknown,4,brain; brain/neural structure in title,
1990,Schizophrenia: a subcortical neurotransmitter imbalance syndrome?,"M. Carlsson, A. Carlsson",Schizophrenia bulletin,1990,353,General Brain-AI Structure Reviews and Methods,brain-structure,10.1093/SCHBUL/16.3.425,a6d30118627abf148c955ed9f2601a613517ff30,https://doi.org/10.1093/SCHBUL/16.3.425,Review; JournalArticle,unknown,2,brain; cortical,
1990,"The adhesion molecule on glia (AMOG) is a homologue of the beta subunit of the Na,K-ATPase","Sergio M. Gloor, H. Antonicek, K. Sweadner, S. Pagliusi, Rainer Frank, M. Moos, et al.",Journal of Cell Biology,1990-01-01,353,"Cellular, Synaptic, and Neuromorphic Foundations",brain-structure;neural-signals,10.1083/jcb.110.1.165,d9b77c54c7132618be49fc24ebf8d6095908d896,https://doi.org/10.1083/jcb.110.1.165,JournalArticle; Study,unknown,15,brain; ecog; neuron; neuromorphic; explicit brain-structure/AI bridge,"AMOG (adhesion molecule on glia) is a Ca2(+)-independent adhesion molecule which mediates selective neuron-astrocyte interaction in vitro (Antonicek, H., E."
1990,"Dietary effects on brain fatty acid composition: the reversibility of n-3 fatty acid deficiency and turnover of docosahexaenoic acid in the brain, erythrocytes, and plasma of rhesus monkeys.","W. Connor, M. Neuringer, D. S. Lin",Journal of Lipid Research,1990-02-01,352,General Brain-AI Structure Reviews and Methods,brain-structure,,cdfd9b0c7ff0ab295294a2fb44d0ad4af224c686,https://www.semanticscholar.org/paper/cdfd9b0c7ff0ab295294a2fb44d0ad4af224c686,JournalArticle,unknown,4,brain; brain/neural structure in title,
1990,Specific tropism of HIV-1 for microglial cells in primary human brain cultures.,"B. Watkins, H. Dorn, WB Kelly, R. Armstrong, BJ Potts, F. Michaels, et al.",Science,1990-08-03,350,"Cellular, Synaptic, and Neuromorphic Foundations",brain-structure,10.1126/SCIENCE.2200125,424eb802f2cb57afb5c676b2bfefcef17eaeaeca,https://doi.org/10.1126/SCIENCE.2200125,JournalArticle,unknown,16,brain; neuromorphic; brain/neural structure in title; explicit brain-structure/AI bridge,
1990,A theory of how the brain might work.,T. Poggio,Cold Spring Harbor Symposia on Quantitative Biology,1990-12-01,349,General Brain-AI Structure Reviews and Methods,brain-structure,10.1101/SQB.1990.055.01.084,fb2cca58ac24c45210079378e3085a55401b9c81,https://doi.org/10.1101/SQB.1990.055.01.084,JournalArticle,unknown,4,brain; brain/neural structure in title,
1990,Glucocorticoids inhibit glucose transport in cultured hippocampal neurons and glia.,"Heidi C. Homer, D. R. Packan, R. Sapolsky",Neuroendocrinology,1990-07-01,347,"Cellular, Synaptic, and Neuromorphic Foundations",,10.1159/000125539,970754c5e682159d6c3367f6a5a050ed56bc39d7,https://doi.org/10.1159/000125539,JournalArticle,unknown,13,neuron; neuromorphic; explicit brain-structure/AI bridge,
1990,"Human facilitative glucose transporters. Isolation, functional characterization, and gene localization of cDNAs encoding an isoform (GLUT5) expressed in small intestine, kidney, muscle, and adipose tissue and an unusual glucose transporter pseudogene-like sequence (GLUT6).","T. Kayano, C. Burant, H. Fukumoto, G. Gould, Y. Fan, R. Eddy, et al.",Journal of Biological Chemistry,1990-08-05,347,"Brain Decoding, Representation Learning, and BCI",brain-structure,10.1016/s0021-9258(19)38295-x,9fac407fdbe3f0dc3e08d383e73b3e09323a9656,https://doi.org/10.1016/s0021-9258(19)38295-x,JournalArticle; Study,unknown,21,brain; decoding; representation learning; bci; explicit brain-structure/AI bridge,Two novel facilitative glucose transporter-like cDNAs have been isolated from human small intestine and fetal skeletal muscle cDNA libraries by low stringency cross-hybridization with a fragment of the human erythrocyte/GLUT1 facilitative glucose transporter cDNA.
1990,The Two Patterns of Reactive Astrocytosis in Postischemic Rat Brain,"C. Petito, S. Morgello, J. Felix, Martin L. Lesser",Journal of Cerebral Blood Flow and Metabolism,1990-11-01,347,General Brain-AI Structure Reviews and Methods,brain-structure,10.1038/jcbfm.1990.141,e3c99f4759e1492fe87ed51c085139debcca1ded,https://doi.org/10.1038/jcbfm.1990.141,JournalArticle,unknown,4,brain; brain/neural structure in title,
1990,Correction of PET Data for Partial Volume Effects in Human Cerebral Cortex by MR Imaging,"C. Meltzer, J. Leal, H. Mayberg, H. Wagner, J. Frost",Journal of computer assisted tomography,1990-07-01,345,"Connectomics, Graph Models, and Brain Networks",brain-structure;connectome;neuroimaging,10.1097/00004728-199007000-00011,1cceea0a069c96ca2353a65e6ab39518d6f863db,https://doi.org/10.1097/00004728-199007000-00011,JournalArticle,unknown,10,brain; cerebral; cortex; brain/neural structure in title; historical computation/learning bridge,
1990,Effects of hypernatremia on organic brain osmoles.,"Y. Lien, J. Shapiro, L. Chan",Journal of Clinical Investigation,1990-05-01,343,Clinical NeuroAI and Brain Disorders,brain-structure;clinical-neuroai,10.1172/JCI114587,68603df76d776acfdd0d64eb6d28e9242213c81e,https://doi.org/10.1172/JCI114587,JournalArticle,unknown,4,brain; brain/neural structure in title,
1990,Development of the blood-brain barrier.,"W. Risau, H. Wolburg",Trends in Neurosciences,1990-05-01,342,General Brain-AI Structure Reviews and Methods,brain-structure,10.1016/0166-2236(90)90043-A,fa629a802b059f5a9c35343fae2c690e5165ce10,https://doi.org/10.1016/0166-2236(90)90043-A,JournalArticle,unknown,4,brain; brain/neural structure in title,
1990,Principles of neural cell migration,P. Rakic,Experientia,1990-09-15,342,"Cellular, Synaptic, and Neuromorphic Foundations",brain-structure,10.1007/BF01939380,a84b84d80dfc999efb6fef5974fc78e90a696fe7,https://doi.org/10.1007/BF01939380,Review; JournalArticle,unknown,16,neural; neuromorphic; brain/neural structure in title; explicit brain-structure/AI bridge,
1990,The Influence of Mild Body and Brain Hypothermia on Ischemic Brain Damage,"H. Minamisawa, C. Nordström, Maj-Lis Smith, B. Siesjö",Journal of Cerebral Blood Flow and Metabolism,1990-05-01,341,General Brain-AI Structure Reviews and Methods,brain-structure,10.1038/jcbfm.1990.66,d701a7b8bddc0a87bfe7400dd2052b11c03f9b73,https://doi.org/10.1038/jcbfm.1990.66,JournalArticle,unknown,4,brain; brain/neural structure in title,
1990,Interactions between the brain and the immune system.,"R. Ader, David L. Felten, N. Cohen",Annual Review of Pharmacology and Toxicology,1990,339,General Brain-AI Structure Reviews and Methods,brain-structure,10.1146/ANNUREV.PA.30.040190.003021,cdf9b3b4c7ae0ea817a8fcb3c5b21ae4163da3a0,https://doi.org/10.1146/ANNUREV.PA.30.040190.003021,Review; JournalArticle,unknown,4,brain; brain/neural structure in title,
1990,"Cerebral metabolism of [1,2-13C2]acetate as detected by in vivo and in vitro 13C NMR.","S. Cerdán, B. Künnecke, J. Seelig",Journal of Biological Chemistry,1990-08-05,338,General Brain-AI Structure Reviews and Methods,brain-structure,10.1016/s0021-9258(19)38247-x,29f674fa3749b7c5d9cd30d4d206e3f6ffcae4a7,https://doi.org/10.1016/s0021-9258(19)38247-x,JournalArticle,unknown,2,brain; cerebral,"The metabolism of [1,2-13C2]acetate in rat brain was studied by in vivo and in vitro 13C NMR spectroscopy, in particular by taking advantage of the homonuclear 13C-13C spin coupling patterns."
1990,"Congenital hypothyroidism, as studied in rats. Crucial role of maternal thyroxine but not of 3,5,3'-triiodothyronine in the protection of the fetal brain.","R. Calvo, M. Obregon, Carmen Ruiz de Onha, F. E. D. Rey, G. M. Escobar, Arzobispo Morcillo",Journal of Clinical Investigation,1990-09-01,338,Clinical NeuroAI and Brain Disorders,brain-structure;clinical-neuroai,10.1172/JCI114790,8e9ac5abcff50774b9db6fdb9ba9f43c6feefb16,https://doi.org/10.1172/JCI114790,JournalArticle,unknown,4,brain; brain/neural structure in title,
1990,Brain structures participating in mental simulation of motor behavior: a neuropsychological interpretation.,"Jean Decety, D. Ingvar",Acta Psychologica,1990-02-01,336,"Electrophysiology, Neural Signals, and AI Decoding",brain-structure;neural-signals,10.1016/0001-6918(90)90056-L,bc113f9ec77f7234e051e60e9489dfc628536ade,https://doi.org/10.1016/0001-6918(90)90056-L,Review; JournalArticle,unknown,16,brain; cognitive architecture; brain/neural structure in title; explicit brain-structure/AI bridge,
1990,Effects of normothermic versus mild hyperthermic forebrain ischemia in rats.,"W. Dalton Dietrich, R. Busto, I. Valdés, Y. Loor, D. Dietrich",Stroke,1990-09-01,336,Clinical NeuroAI and Brain Disorders,brain-structure;clinical-neuroai,10.1161/01.STR.21.9.1318,b38b934f243fb2e925a3c604e96e96a8e85bca28,https://doi.org/10.1161/01.STR.21.9.1318,JournalArticle,unknown,4,brain; brain/neural structure in title,
1990,Immunoreactive interleukin-1β localization in the rat forebrain,"R. Lechan, R. Toni, B. D. Clark, Joseph G. Cannon, Alan R. Shaw, C. Dinarello, et al.",Unknown venue,1990-04-23,335,General Brain-AI Structure Reviews and Methods,brain-structure,10.1016/0006-8993(90)90445-H,e9bd401668fced402de4a529372eb469a91b238b,https://doi.org/10.1016/0006-8993(90)90445-H,paper,unknown,4,brain; brain/neural structure in title,
1990,Prefrontal cortical control of the autonomic nervous system: anatomical and physiological observations.,E. Neafsey,Progress in Brain Research,1990,335,"Cognitive Architectures, Learning, and Systems Neuroscience",brain-structure,10.1016/S0079-6123(08)62679-5,a5f5f2b688a320ccd851f200567678e3ccf991a9,https://doi.org/10.1016/S0079-6123(08)62679-5,Review; JournalArticle,unknown,13,cortical; cognitive architecture; explicit brain-structure/AI bridge,
1990,Event-related brain potential of human newborns to pitch change of an acoustic stimulus.,"K. Alho, K. Sainio, N. Sajaniemi, K. Reinikainen, R. Näätänen",Electroencephalography and Clinical Neurophysiology,1990-03-01,333,"Electrophysiology, Neural Signals, and AI Decoding",brain-structure;connectome;neural-signals;clinical-neuroai,10.1016/0168-5597(90)90031-8,1bc64a6a1d9cee3fce26e99fd46579fac647be41,https://doi.org/10.1016/0168-5597(90)90031-8,JournalArticle,unknown,8,brain; brain/neural structure in title; historical computation/learning bridge,
1990,"hCGRP8-37, a calcitonin gene-related peptide antagonist revealing calcitonin gene-related peptide receptor heterogeneity in brain and periphery.","Trevor Dennis, A. Fournier, A. Cadieux, F. Pomerleau, François B. Jolicoeur, S. Pierre, et al.",Journal of Pharmacology and Experimental Therapeutics,1990-07-01,333,"Cognitive Architectures, Learning, and Systems Neuroscience",brain-structure;neuroimaging,10.1016/s0022-3565(25)12587-1,55bceacaf2fef15cc5356adc8e566a061c478258,https://doi.org/10.1016/s0022-3565(25)12587-1,JournalArticle,unknown,16,brain; cognitive architecture; brain/neural structure in title; explicit brain-structure/AI bridge,"The C-terminal fragment of human calcitonin gene-related peptide (CGRP), hCGRP8-37, fails to induce any biological activity in a variety of isolated tissues and behavioral assays even though it possesses nanomolar affinity for [125I]hCGRP alpha binding sites in the central nervous system and peripheral membrane preparations."
1990,Middle cerebral artery flow velocity waveforms in fetal hypoxaemia,"S. Vyas, Kypros H. Nicolaides, S. Bower, S. Campbell",British Journal of Obstetrics and Gynaecology,1990-09-01,332,General Brain-AI Structure Reviews and Methods,brain-structure,10.1111/j.1471-0528.1990.tb02573.x,bcaa921d5bf8d5665b948a337dfa3f46a29fd4ff,https://doi.org/10.1111/j.1471-0528.1990.tb02573.x,JournalArticle,unknown,2,brain; cerebral,
1990,Structure and regulation of rat long-chain acyl-CoA synthetase.,"Hiroaki Suzuki, Yutaka Kawarabayasi, J. Kondo, T. Abe, K. Nishikawa, S. Kimura, et al.",Journal of Biological Chemistry,1990-05-25,332,"Brain Decoding, Representation Learning, and BCI",brain-structure,10.1016/s0021-9258(19)38942-2,39a6951b30e9a399a6e7105dcc72e2060067ca48,https://doi.org/10.1016/s0021-9258(19)38942-2,JournalArticle; Study,unknown,21,brain; decoding; representation learning; bci; explicit brain-structure/AI bridge,Complementary DNAs encoding rat long-chain acyl-CoA synthetase have been isolated.
1990,Diffusion-weighted MR imaging of the brain: value of differentiating between extraaxial cysts and epidermoid tumors.,"J. Tsuruda, W. Chew, M. Moseley, D. Norman",AJR. American journal of roentgenology,1990-09-01,331,Clinical NeuroAI and Brain Disorders,brain-structure,10.2214/AJR.155.5.2120936,e6b34144856cf7fa086dd7a2aa8132c46f1516c3,https://doi.org/10.2214/AJR.155.5.2120936,JournalArticle; CaseReport,unknown,4,brain; brain/neural structure in title,
1990,Longitudinal study of cerebral metabolic asymmetries and associated neuropsychological patterns in early dementia of the Alzheimer type.,"J. Haxby, C. Grady, E. Koss, B. Horwitz, L. Heston, M. Schapiro, et al.",Archives of Neurology,1990-07-01,327,Clinical NeuroAI and Brain Disorders,brain-structure;clinical-neuroai,10.1001/ARCHNEUR.1990.00530070043010,7658a1ec524cf784142f7c856e61b6feee247486,https://doi.org/10.1001/ARCHNEUR.1990.00530070043010,JournalArticle,unknown,2,brain; cerebral,
1990,The concept of migraine as a state of central neuronal hyperexcitability.,"K. Welch, G. D'andrea, N. Tepley, G. Barkley, N. Ramadan",Neurologic clinics,1990-11-01,327,"Cellular, Synaptic, and Neuromorphic Foundations",,10.1016/S0733-8619(18)30319-0,10b8de5852c590387e8c22d08534f4a80a1ce75f,https://doi.org/10.1016/S0733-8619(18)30319-0,JournalArticle,unknown,13,neuron; neuromorphic; explicit brain-structure/AI bridge,
1990,Transplacental transport of lead.,R. Goyer,Environmental Health Perspectives,1990-11-01,322,"Cellular, Synaptic, and Neuromorphic Foundations",brain-structure,10.1289/ehp.9089101,1d9e02042d33b150b22b40856f8262d1dfb709b7,https://doi.org/10.1289/ehp.9089101,Review; JournalArticle,unknown,14,brain; neuron; neuromorphic; explicit brain-structure/AI bridge,"Neurotoxicity is the major health effect from exposure to lead for infants and young children, and there is current concern regarding possible toxic effects of lead on the child while in utero."
1990,Nucleus accumbens and amygdala are possible substrates for the aversive stimulus effects of opiate withdrawal.,"L. Stinus, M. Moal, G. Koob",Neuroscience,1990,321,General Brain-AI Structure Reviews and Methods,brain-structure,10.1016/0306-4522(90)90106-E,712893ad0700f69bd86e96c8b8ff1f3ca71195b6,https://doi.org/10.1016/0306-4522(90)90106-E,JournalArticle,unknown,2,brain; amygdala,
1990,Proton magnetic resonance spectroscopy of human brain in vivo in the evaluation of multiple sclerosis: Assessment of the load of disease,"D. Arnold, P. Matthews, G. Francis, J. Antel",Magnetic Resonance in Medicine,1990-04-01,320,General Brain-AI Structure Reviews and Methods,brain-structure;neuroimaging,10.1002/mrm.1910140115,4b9a47983ea2e414c450a19f53aa1966269a8231,https://doi.org/10.1002/mrm.1910140115,JournalArticle,unknown,4,brain; brain/neural structure in title,
1990,"Organometal-induced increases in oxygen reactive species: the potential of 2',7'-dichlorofluorescin diacetate as an index of neurotoxic damage.","C. Lebel, Syed F. Ali, Monique Mckee, S. Bondy",Toxicology and Applied Pharmacology,1990-06-01,319,"Cellular, Synaptic, and Neuromorphic Foundations",brain-structure,10.1016/0041-008X(90)90278-3,dcff55c0c402db720db5d5688a9a4b4bd987ce7a,https://doi.org/10.1016/0041-008X(90)90278-3,JournalArticle; Study,unknown,16,brain; cortical; hippocampus; cerebellum; neuromorphic; explicit brain-structure/AI bridge,"The effects of the neurotoxic metals methylmercury (MeHg) and trimethyltin (TMT) on oxygen reactive species formation within a crude synaptosomal fraction (P2), using the probe 2',7'-dichlorofluorescin diacetate (DCFH-DA), and intracellular calcium ([Ca2+]i), with the fluorescent indicator fluo-3, have been investigated."
1990,Cocaine-induced reduction of glucose utilization in human brain. A study using positron emission tomography and [fluorine 18]-fluorodeoxyglucose.,"E. London, N. Cascella, D. Wong, R. L. Phillips, R. Dannals, J. Links, et al.",Archives of General Psychiatry,1990-06-01,318,"Connectomics, Graph Models, and Brain Networks",brain-structure;connectome;clinical-neuroai,10.1001/ARCHPSYC.1990.01810180067010,f99e763f9a0007c229f93a26485ed341ba13041f,https://doi.org/10.1001/ARCHPSYC.1990.01810180067010,JournalArticle; ClinicalTrial,unknown,8,brain; brain/neural structure in title; historical computation/learning bridge,
1990,Functional studies of nonpeptide angiotensin II receptor subtype-specific ligands: DuP 753 (AII-1) and PD123177 (AII-2).,"P. Wong, S. Hart, Alverna M. Zaspel, A. Chiu, R. Ardecky, R. Smith, et al.",Journal of Pharmacology and Experimental Therapeutics,1990-11-01,318,General Brain-AI Structure Reviews and Methods,brain-structure,10.1016/s0022-3565(25)23123-8,9734ca7d681d53d3fe88b85df664fcf70587c68a,https://doi.org/10.1016/s0022-3565(25)23123-8,JournalArticle,unknown,1,brain,"DuP 753 and PD123177 are two nonpeptide angiotensin II (AII)-specific ligands, which show high affinities for two respective and distinct subtypes of AII binding sites, i.e., AII-1 and AII-2 sites, respectively, in the rat adrenal gland, brain and uterus."
1990,Neural mechanisms of classical conditioning in mammals.,R. Thompson,"Philosophical transactions of the Royal Society of London. Series B, Biological sciences",1990-08-29,318,General Brain-AI Structure Reviews and Methods,brain-structure,10.1098/RSTB.1990.0161,182b2e6a363aa8f05fea996879e8f43340e7e728,https://doi.org/10.1098/RSTB.1990.0161,JournalArticle,unknown,5,brain; neural; brain/neural structure in title,
1990,Naturally occurring cell death in the cerebral cortex of the rat and removal of dead cells by transitory phagocytes.,"I. Ferrer, E. Bernet, E. Soriano, T. D. Río, M. Fonseca",Neuroscience,1990,314,"Cellular, Synaptic, and Neuromorphic Foundations",brain-structure,10.1016/0306-4522(90)90281-8,07597d7b49bd1a2729895e8e5524ad337aa82220,https://doi.org/10.1016/0306-4522(90)90281-8,JournalArticle,unknown,17,cerebral; cortex; neuromorphic; brain/neural structure in title; explicit brain-structure/AI bridge,
1990,Age-dependent changes in localized proton and phosphorus MR spectroscopy of the brain.,"M S van der Knaap, J. van der Grond, P. V. van Rijen, J. A. Faber, J. Valk, K. Willemse",Radiology,1990-08-01,313,General Brain-AI Structure Reviews and Methods,brain-structure,10.1148/RADIOLOGY.176.2.2164237,884fcafdff024d2a2992218709e71a1aad32f4b7,https://doi.org/10.1148/RADIOLOGY.176.2.2164237,JournalArticle,unknown,4,brain; brain/neural structure in title,
1990,Cloning and expression of cDNA and genomic clones encoding three delayed rectifier potassium channels in rat brain.,"R. Swanson, J. Marshall, Jeffrey S. Smith, Jacinta B. Williams, M. Boyle, K. Folander, et al.",Neuron,1990-06-01,313,"Brain Decoding, Representation Learning, and BCI",brain-structure,10.1016/0896-6273(90)90146-7,61285b25a2df3dbd4bf9b13593aabede0348fc0c,https://doi.org/10.1016/0896-6273(90)90146-7,JournalArticle; Study,unknown,24,brain; decoding; representation learning; bci; brain/neural structure in title; explicit brain-structure/AI bridge,
1990,MEG versus EEG localization test using implanted sources in the human brain,"D. Cohen, B. Cuffin, K. Yunokuchi, R. Maniewski, C. Purcell, G. Cosgrove, et al.",Annals of Neurology,1990-12-01,313,"Electrophysiology, Neural Signals, and AI Decoding",brain-structure;neural-signals;neuromorphic-bci,10.1002/ana.410280613,6ee02e8c0f23903bb1226a48eb51d9b11952d153,https://doi.org/10.1002/ana.410280613,JournalArticle; Study,unknown,19,brain; eeg; meg; neural; decoding; brain/neural structure in title; explicit brain-structure/AI bridge,
1990,Protection against ischaemic neuronal damage by drugs acting on excitatory neurotransmission.,B. Meldrum,Cerebrovascular and brain metabolism reviews,1990,313,"Cellular, Synaptic, and Neuromorphic Foundations",brain-structure,,a0f971b864aff52ef094cd64900c62981b0f6df2,https://www.semanticscholar.org/paper/a0f971b864aff52ef094cd64900c62981b0f6df2,Review; JournalArticle,unknown,2,brain; neuron,
1990,The Cerebellum and Motor Learning,"M. Glickstein, Christopher H. Yeo",Journal of Cognitive Neuroscience,1990-04-01,312,"Cognitive Architectures, Learning, and Systems Neuroscience",brain-structure,10.1162/jocn.1990.2.2.69,b8b62ca3eaa208c1dffeb8ae881058a658d8b61b,https://doi.org/10.1162/jocn.1990.2.2.69,JournalArticle,unknown,13,cerebellum; cognitive architecture; explicit brain-structure/AI bridge,
1990,Magnetic resonance imaging of the hippocampal formation and mammillary nuclei distinguish medial temporal lobe and diencephalic amnesia,"L. Squire, D. Amaral, G. Press",Journal of Neuroscience,1990-09-01,310,Structural Neuroimaging and AI,brain-structure;machine-learning;neuroimaging;clinical-neuroai,10.1523/JNEUROSCI.10-09-03106.1990,5fe505b095bfa8e7b30f3babd4011eced5659ec3,https://doi.org/10.1523/JNEUROSCI.10-09-03106.1990,JournalArticle,unknown,14,brain; hippocampus; classification; explicit brain-structure/AI bridge,Studies of circumscribed amnesia have been a useful source of information about the organization of human memory functions.
1990,Neural mechanisms generating respiratory pattern in mammalian brain stem-spinal cord in vitro. I. Spatiotemporal patterns of motor and medullary neuron activity.,"Jeffrey C Smith, John J. Greer, Guosong Liu, J. L. Feldman",Journal of Neurophysiology,1990-10-01,307,"Cellular, Synaptic, and Neuromorphic Foundations",brain-structure,10.1152/JN.1990.64.4.1149,65f5cc732b3894d02d16385b6b0d25ebb65cde9d,https://doi.org/10.1152/JN.1990.64.4.1149,JournalArticle,unknown,18,brain; neuron; neural; neuromorphic; brain/neural structure in title; explicit brain-structure/AI bridge,
1990,Relaxometry of brain: Why white matter appears bright in MRI,"S. H. Koenig, Rd Brown, M. Spiller, N. Lundbom, N. Lundbom",Magnetic Resonance in Medicine,1990-06-01,306,Structural Neuroimaging and AI,brain-structure;neuroimaging,10.1002/mrm.1910140306,d351e0896172c40260effff52ec0a0af55daec3a,https://doi.org/10.1002/mrm.1910140306,JournalArticle,unknown,5,brain; mri; brain/neural structure in title,
1990,"The frontal lobes, basal ganglia, and temporal lobes as sites for schizophrenia.",M. Buchsbaum,Schizophrenia bulletin,1990,305,General Brain-AI Structure Reviews and Methods,,10.1093/SCHBUL/16.3.379,e01b79c8cf166fbdf54b212b0ecdf841d611b860,https://doi.org/10.1093/SCHBUL/16.3.379,Review; JournalArticle,unknown,2,brain; basal ganglia,
1990,Visualizing unstained neurons in living brain slices by infrared DIC-videomicroscopy.,"H. Dodt, W. Zieglgänsberger",Brain Research,1990-12-24,304,"Cellular, Synaptic, and Neuromorphic Foundations",brain-structure,10.1016/0006-8993(90)90380-T,cb4f680ce39b384c60c47bd3ddd7e8dabd0fbc8b,https://doi.org/10.1016/0006-8993(90)90380-T,JournalArticle,unknown,17,brain; neuron; neuromorphic; brain/neural structure in title; explicit brain-structure/AI bridge,
1990,Seizures and Epilepsy,G. Cascino,Neurology,1990-02-01,303,Clinical NeuroAI and Brain Disorders,brain-structure;connectome;neuroimaging;neural-signals;clinical-neuroai,10.1016/S0025-6196(12)65027-7,ab7de3821871802372e9e4b8babdfcccf6e5724a,https://doi.org/10.1016/S0025-6196(12)65027-7,paper,unknown,1,brain,"Epileptic seizures take multiple forms, the most widely known of which is the generalized tonic-clonic seizure."
1990,Type 1 astrocytes and oligodendrocyte-type 2 astrocyte glial progenitors migrate toward distinct molecules,"R. Armstrong, L. Harvath, M. Dubois-Dalcq",Journal of Neuroscience Research,1990-11-01,302,General Brain-AI Structure Reviews and Methods,brain-structure,10.1002/jnr.490270319,5aff94a361dd1ee7e6c293792ff21d2a0c717a83,https://doi.org/10.1002/jnr.490270319,JournalArticle; Study,unknown,1,brain,
1990,A map of visual space induced in primary auditory cortex.,"A. Roe, S. Pallas, J. Hahm, M. Sur",Science,1990-11-09,301,General Brain-AI Structure Reviews and Methods,brain-structure,10.1126/SCIENCE.2237432,6ff5aa53ae6bc7dc77804327e1c54bce0a15e794,https://doi.org/10.1126/SCIENCE.2237432,JournalArticle,unknown,5,brain; cortex; brain/neural structure in title,
1990,Axonogenesis in the brain of zebrafish embryos,"A. Chitnis, JY Kuwada",Journal of Neuroscience,1990-06-01,299,"Cellular, Synaptic, and Neuromorphic Foundations",brain-structure,10.1523/JNEUROSCI.10-06-01892.1990,3774fcf35c97ef35e08548958aee23b54999cc4b,https://doi.org/10.1523/JNEUROSCI.10-06-01892.1990,JournalArticle,unknown,17,brain; neuron; neuromorphic; brain/neural structure in title; explicit brain-structure/AI bridge,We analyzed the pattern and development of the earliest tracts and followed pathfinding by the growth cones of an identified cluster of neurons in the brain of zebrafish embryos.
1990,"Cortical connections of MT in four species of primates: Areal, modular, and retinotopic patterns","L. Krubitzer, Jon H. Kass",Visual Neuroscience,1990-08-01,299,General Brain-AI Structure Reviews and Methods,brain-structure,10.1017/S0952523800000213,3fa52ceea29dd1fd9f91bc0a90b2bea88e34778b,https://doi.org/10.1017/S0952523800000213,Review; JournalArticle,unknown,2,brain; cortical,
1990,Cerebral blood flow: assessment with dynamic contrast-enhanced T2*-weighted MR imaging at 1.5 T.,"R. Edelman, H. Mattle, D. Atkinson, T. Hill, J. Finn, C. Mayman, et al.",Radiology,1990-07-01,298,General Brain-AI Structure Reviews and Methods,brain-structure,10.1148/RADIOLOGY.176.1.2353094,77bbb11aee2c65824a8894ce4c5e0354d928b54b,https://doi.org/10.1148/RADIOLOGY.176.1.2353094,JournalArticle,unknown,2,brain; cerebral,
1990,Chaos in Brain Function,Erol Baş,Springer Berlin Heidelberg,1990-01-03,298,General Brain-AI Structure Reviews and Methods,brain-structure,10.1007/978-3-642-75545-3,f1b59aa042eb58102e8b97f403f9270998128512,https://doi.org/10.1007/978-3-642-75545-3,paper,unknown,4,brain; brain/neural structure in title,
1990,"Brain injuries among infants, children, adolescents, and young adults.","J. Kraus, A. Rock, P. Hemyari",A M A Journal of Diseases of Children,1990-06-01,297,General Brain-AI Structure Reviews and Methods,brain-structure,10.1001/ARCHPEDI.1990.02150300082022,d28482223680015ac359f0cd9b0f74edcaccb802,https://doi.org/10.1001/ARCHPEDI.1990.02150300082022,JournalArticle,unknown,4,brain; brain/neural structure in title,
1990,Inhibition by dopamine of (Na+ + K+)ATPase activity in neostriatal neurons through D1 and D2 dopamine receptor synergism,"A. Bertorello, Jessica F. Hopfield, A. Aperia, P. Greengard",Nature,1990-09-27,297,"Cellular, Synaptic, and Neuromorphic Foundations",,10.1038/347386A0,b055814796fd94c1fdcd65c50a4c4bb930fbeece,https://doi.org/10.1038/347386A0,JournalArticle,unknown,13,neuron; neuromorphic; explicit brain-structure/AI bridge,
1990,Calcium-binding proteins as markers for subpopulations of GABAergic neurons in monkey striate cortex,"J. V. Brederode, K. Mulligan, A. Hendrickson",The Journal of comparative neurology,1990-08-01,296,"Cellular, Synaptic, and Neuromorphic Foundations",brain-structure,10.1002/cne.902980102,a6edf6abe1e3e325b9d16a5bc2bbe8fd493e34ca,https://doi.org/10.1002/cne.902980102,JournalArticle,unknown,17,cortex; neuron; neuromorphic; brain/neural structure in title; explicit brain-structure/AI bridge,
1990,Human platelets contain brain-derived neurotrophic factor,"Hirotaka Yamamoto, M. Gurney",Journal of Neuroscience,1990-11-01,296,"Cellular, Synaptic, and Neuromorphic Foundations",brain-structure,10.1523/JNEUROSCI.10-11-03469.1990,a0e4805ec9092f9f73ce40a02911e22ea9e47946,https://doi.org/10.1523/JNEUROSCI.10-11-03469.1990,JournalArticle; Study,unknown,18,brain; neuron; neural; neuromorphic; brain/neural structure in title; explicit brain-structure/AI bridge,"Neurotrophic support to peripheral sensory neurons is provided by 2 factors of related sequence, NGF and brain-derived neurotrophic factor (BDNF)."
1990,Cortical and subcortical glucose consumption measured by PET in patients with Huntington's disease.,"T. Kuwert, H. Lange, K. Langen, H. Herzog, A. Aulich, L. Feinendegen",Brain : a journal of neurology,1990-10-01,295,Clinical NeuroAI and Brain Disorders,brain-structure;neuroimaging;clinical-neuroai,10.1093/BRAIN/113.5.1405,9e01341084b4c5ba2b9deac07202c08636629558,https://doi.org/10.1093/BRAIN/113.5.1405,JournalArticle,unknown,2,brain; cortical,
1990,Interleukin-1 receptors in mouse brain: characterization and neuronal localization.,"Toshihiro Takao, D. E. Tracey, W. M. Mitchell, ERROL B. SOUZA De",Endocrinology,1990-12-01,295,"Cellular, Synaptic, and Neuromorphic Foundations",brain-structure,10.1210/ENDO-127-6-3070,bee5307fe4eb7b44f47d0fb0b0af29fd1608e397,https://doi.org/10.1210/ENDO-127-6-3070,JournalArticle,unknown,17,brain; neuron; neuromorphic; brain/neural structure in title; explicit brain-structure/AI bridge,
1990,Mapping of the presumptive brain regions in the neural plate of Xenopus laevis.,"G. Eagleson, W. Harris",Journal of Neurobiology,1990-04-01,295,General Brain-AI Structure Reviews and Methods,brain-structure,10.1002/NEU.480210305,7509671b991480659910f8529a561a4eda7d773c,https://doi.org/10.1002/NEU.480210305,JournalArticle,unknown,5,brain; neural; brain/neural structure in title,
1990,Cloning and expression of a rat neuromedin K receptor cDNA.,"R. Shigemoto, Y. Yokota, K. Tsuchida, S. Nakanishi",Journal of Biological Chemistry,1990-01-15,294,"Cellular, Synaptic, and Neuromorphic Foundations",brain-structure,10.1016/S0021-9258(19)40095-1,ed95278f3fbb9bc99eb8fd074224136d1d472043,https://doi.org/10.1016/S0021-9258(19)40095-1,JournalArticle,unknown,13,brain; neuromorphic; explicit brain-structure/AI bridge,Functional cDNA clones for rat neuromedin K receptor were isolated from a rat brain cDNA library by cross-hybridization with the bovine substance K receptor cDNA.
1990,Scrapie prion proteins accumulate in the cytoplasm of persistently infected cultured cells,"A. Taraboulos, D. Serban, S. Prusiner",Journal of Cell Biology,1990-06-01,294,"Cellular, Synaptic, and Neuromorphic Foundations",brain-structure,10.1083/jcb.110.6.2117,bc81b4ac2c08b9639295facdb2d9ecea54486dc0,https://doi.org/10.1083/jcb.110.6.2117,JournalArticle,unknown,14,brain; neuron; neuromorphic; explicit brain-structure/AI bridge,The cellular prion protein (PrPC) is a sialoglycoprotein anchored to the external surface of cells by a glycosyl phosphatidylinositol moiety.
1990,Qualitative changes of general movements in preterm infants with brain lesions.,"F. Ferrari, G. Cioni, H. Prechtl",Early Human Development,1990-09-01,293,General Brain-AI Structure Reviews and Methods,brain-structure,10.1016/0378-3782(90)90013-9,a672a13badacf4e725b92b93bf3ebf3340d68768,https://doi.org/10.1016/0378-3782(90)90013-9,JournalArticle,unknown,4,brain; brain/neural structure in title,
1990,Antigenic changes similar to those seen in neurofibrillary tangles are elicited by glutamate and Ca2+ influx in cultured hippocampal neurons.,M. Mattson,Neuron,1990,292,"Cellular, Synaptic, and Neuromorphic Foundations",,10.1016/0896-6273(90)90447-N,f7f6629f0fa27504cae5ebe1353891e8f53deef0,https://doi.org/10.1016/0896-6273(90)90447-N,JournalArticle,unknown,13,neuron; neuromorphic; explicit brain-structure/AI bridge,
1990,Cardiac chronotropic organization of the rat insular cortex.,"S. Oppenheimer, David F. Cechetto, David F. Cechetto",Brain Research,1990-11-12,292,General Brain-AI Structure Reviews and Methods,brain-structure,10.1016/0006-8993(90)91796-J,a454f4fcc261c7fafe12595058fda2c952509a58,https://doi.org/10.1016/0006-8993(90)91796-J,JournalArticle,unknown,5,brain; cortex; brain/neural structure in title,
1990,Is the Brain a Digital Computer,J. Searle,Unknown venue,1990-11-01,291,General Brain-AI Structure Reviews and Methods,brain-structure,10.5840/APAPA2013194,3597a35c07029eeb2229c82ee7bd7a46021195f2,https://doi.org/10.5840/APAPA2013194,paper,unknown,4,brain; brain/neural structure in title,
1990,"Cortical senile plaques in coronary artery disease, aging and Alzheimer's disease.","D. Sparks, J. C. Hunsaker, S. Scheff, R. Kryscio, J. Henson, W. Markesbery",Neurobiology of Aging,1990-11-01,290,Clinical NeuroAI and Brain Disorders,brain-structure;clinical-neuroai,10.1016/0197-4580(90)90024-T,03c561ea0ab8692586f6755cfdb76ce4bf852a72,https://doi.org/10.1016/0197-4580(90)90024-T,JournalArticle,unknown,2,brain; cortical,
1990,"Synthesis, metabolism, and pharmacological activity of 3 alpha-hydroxy steroids which potentiate GABA-receptor-mediated chloride ion uptake in rat cerebral cortical synaptoneurosomes.","Robert H. Purdy, A. Morrow, J. Blinn, S. Paul",Journal of Medicinal Chemistry,1990-06-01,290,General Brain-AI Structure Reviews and Methods,brain-structure,10.1021/JM00168A008,bfb07fb22cb930c01b62bda52b6471e9d5b2f2b7,https://doi.org/10.1021/JM00168A008,JournalArticle,unknown,3,brain; cerebral; cortical,
1990,"Comparative distribution of neuropeptide-immunoreactive systems in the brain of the green molly, Poecilia latipinna","T. Batten, M. Cambre, L. Moons, F. Vandesande",The Journal of comparative neurology,1990-12-22,289,General Brain-AI Structure Reviews and Methods,brain-structure,10.1002/cne.903020416,a7e8593d55ebd06decb16a9ff317d5306450ab0d,https://doi.org/10.1002/cne.903020416,JournalArticle; Study,unknown,4,brain; brain/neural structure in title,
1990,Components of high-level vision: A cognitive neuroscience analysis and accounts of neurological syndromes,"S. Kosslyn, Rex A. Flynn, J. Amsterdam, Gretchen Wang",Cognition,1990-03-01,289,General Brain-AI Structure Reviews and Methods,brain-structure,10.1016/0010-0277(90)90006-6,1cd955aeecbeb9dcef4cbbac3bf78ead0622fa61,https://doi.org/10.1016/0010-0277(90)90006-6,Review; JournalArticle,unknown,4,cognitive architecture,
1990,Nerve growth factor infusion in the primate brain reduces lesion- induced cholinergic neuronal degeneration,"M. Tuszynski, H. U, D. Amaral, F. Gage",Journal of Neuroscience,1990-11-01,289,"Cellular, Synaptic, and Neuromorphic Foundations",brain-structure;clinical-neuroai,10.1523/JNEUROSCI.10-11-03604.1990,e58b23ac2263f940a9ac00ca8e236f28f2eac48f,https://doi.org/10.1523/JNEUROSCI.10-11-03604.1990,JournalArticle,unknown,17,brain; neuron; neuromorphic; brain/neural structure in title; explicit brain-structure/AI bridge,"NGF is a protein that promotes survival, differentiation, and process extension of selected neuronal populations during development and, in some cases, in the mature organism."
1990,Correlation between amino acid release and neuropathologic outcome in rat brain following middle cerebral artery occlusion.,"Steve P. Butcher, R. Bullock, David I. Graham, James McCulloch",Stroke,1990-12-01,287,Clinical NeuroAI and Brain Disorders,brain-structure;clinical-neuroai,10.1161/01.STR.21.12.1727,4388bf4f86fad10212bc35377797903401bc253b,https://doi.org/10.1161/01.STR.21.12.1727,JournalArticle,unknown,5,brain; cerebral; brain/neural structure in title,
1990,The enrichment of a neuronal growth cone collapsing activity from embryonic chick brain.,"J. A. Raper, J. A. Raper, Josef R. Kapfhammer",Neuron,1990,286,"Cellular, Synaptic, and Neuromorphic Foundations",brain-structure,10.1016/0896-6273(90)90440-Q,087bcc207f1f2fef4a319e186d3d26a8c0bd3f93,https://doi.org/10.1016/0896-6273(90)90440-Q,JournalArticle,unknown,17,brain; neuron; neuromorphic; brain/neural structure in title; explicit brain-structure/AI bridge,
1990,Birth of projection neurons in adult avian brain may be related to perceptual or motor learning.,"A. Alvarez-Buylla, J. Kirn, Fernando Nottebohm",Science,1990-09-21,285,"Cellular, Synaptic, and Neuromorphic Foundations",brain-structure,10.1126/SCIENCE.1698312,e709ab48ecd20e1613d1116c6991db44eee4b667,https://doi.org/10.1126/SCIENCE.1698312,JournalArticle,unknown,17,brain; neuron; neuromorphic; brain/neural structure in title; explicit brain-structure/AI bridge,
1990,Impaired awareness of behavioral limitations after traumatic brain injury.,"G. Prigatano, I. Altman",Archives of Physical Medicine and Rehabilitation,1990-12-01,285,"Cognitive Architectures, Learning, and Systems Neuroscience",brain-structure,,7b509a42b5895dc67b16d42b99f7465724e33b33,https://www.semanticscholar.org/paper/7b509a42b5895dc67b16d42b99f7465724e33b33,JournalArticle,unknown,16,brain; cognitive architecture; brain/neural structure in title; explicit brain-structure/AI bridge,
1990,Relationship of c-erbA mRNA content to tissue triiodothyronine nuclear binding capacity and function in developing and adult rats.,"K. Strait, H. L. Schwartz, A. Pérez-Castillo, J. Oppenheimer",Journal of Biological Chemistry,1990-06-25,285,General Brain-AI Structure Reviews and Methods,brain-structure,10.1016/s0021-9258(18)86977-0,0951baceeca69de4029f222e2379fddf4a8c9b9f,https://doi.org/10.1016/s0021-9258(18)86977-0,JournalArticle,unknown,3,brain; cerebrum; cerebellum,"We have quantitated in adult and developing rat tissues the molar concentrations of c-erbA alpha 1- and beta 1-mRNAs, which code for nuclear T3-binding proteins, and c-erbA alpha 2-mRNA, which is generated by alternate splicing of the alpha gene transcript and codes for a receptor variant that does not bind T3."
1990,"Subunit structure and localization of dihydropyridine-sensitive calcium channels in mammalian brain, spinal cord, and retina.","M. Ahlijanian, R. Westenbroek, W. Catterall",Neuron,1990-06-01,285,"Cellular, Synaptic, and Neuromorphic Foundations",brain-structure,10.1016/0896-6273(90)90135-3,be0ba487fdccdc3e87e055b4c0506348a03d9769,https://doi.org/10.1016/0896-6273(90)90135-3,JournalArticle,unknown,16,brain; neuromorphic; brain/neural structure in title; explicit brain-structure/AI bridge,
1990,The treatment of recurrent brain metastases with stereotactic radiosurgery.,"J. Loeffler, H. Kooy, P. Wen, H. Fine, Chee-Wai Cheng, E. Mannarino, et al.",Journal of Clinical Oncology,1990-04-01,285,Clinical NeuroAI and Brain Disorders,brain-structure;clinical-neuroai,10.1200/JCO.1990.8.4.576,95b38d4bd05adc9cd1c2c25fe5e64c0df1e92e8d,https://doi.org/10.1200/JCO.1990.8.4.576,JournalArticle,unknown,4,brain; brain/neural structure in title,
1990,Cerebral glucose utilization during sleep-wake cycle in man determined by positron emission tomography and [18F]2-fluoro-2-deoxy-D-glucose method.,"P. Maquet, D. Dive, E. Salmon, B. Sadzot, G. Franco, R. Poirrier, et al.",Brain Research,1990-04-09,284,"Connectomics, Graph Models, and Brain Networks",brain-structure;connectome,10.1016/0006-8993(90)91099-3,9b9872bf654fb61b47f95c9f29e5960031f8b7cd,https://doi.org/10.1016/0006-8993(90)91099-3,JournalArticle,unknown,6,brain; cerebral; historical computation/learning bridge,
1990,Contributions of dendritic spines and perforated synapses to synaptic plasticity.,"R. Calverley, D. Jones",Brain research. Brain research reviews,1990-09-01,284,"Cellular, Synaptic, and Neuromorphic Foundations",brain-structure,10.1016/0165-0173(90)90002-6,2cbba9e698e6eebc050698156552b2645af61b9d,https://doi.org/10.1016/0165-0173(90)90002-6,Review; JournalArticle,unknown,13,synapse; neuromorphic; explicit brain-structure/AI bridge,
1990,Schizophrenia and the brain: a prospective clinico-neuropathological study,"C. Bruton, T. Crow, C. Frith, E. Johnstone, D. Owens, G. Roberts",Psychological Medicine,1990-05-01,283,General Brain-AI Structure Reviews and Methods,brain-structure,10.1017/S0033291700017608,13ca926024cc319766e4c0243c146b4b0fc0ac7a,https://doi.org/10.1017/S0033291700017608,JournalArticle,unknown,4,brain; brain/neural structure in title,
1990,"Book reviewEnriched and impoverished environments: Effects on brain and behavior: By M.J. Renner and M.R. Rosenzweig, Springer-Verlag, 1988",S. Rose,Unknown venue,1990,282,"Cognitive Architectures, Learning, and Systems Neuroscience",brain-structure,10.1016/0028-3932(90)90132-8,b8f490d8a2e1815eeb001c01ce8c0ff37568bc56,https://doi.org/10.1016/0028-3932(90)90132-8,Review,unknown,16,brain; cognitive architecture; brain/neural structure in title; explicit brain-structure/AI bridge,
1990,Modulation of respiration during brain hypoxia.,"J. Neubauer, J. Melton, N. Edelman",Journal of applied physiology,1990-02-01,282,General Brain-AI Structure Reviews and Methods,brain-structure,10.1152/JAPPL.1990.68.2.441,1e2b82544879dbcbb0deaaa5fea4e630fd6c8df1,https://doi.org/10.1152/JAPPL.1990.68.2.441,Review; JournalArticle,unknown,4,brain; brain/neural structure in title,
1990,Purified N-cadherin is a potent substrate for the rapid induction of neurite outgrowth,"J. Bixby, Ren Zhang",Journal of Cell Biology,1990-04-01,282,"Cellular, Synaptic, and Neuromorphic Foundations",brain-structure,10.1083/jcb.110.4.1253,20a74f25d09759bc627e2248fe18b2fe260687c9,https://doi.org/10.1083/jcb.110.4.1253,JournalArticle,unknown,14,brain; neuron; neuromorphic; explicit brain-structure/AI bridge,"N-cadherin is the predominant mediator of calcium-dependent adhesion in the nervous system (Takeichi, M."
1990,Rat brain expresses a heterogeneous family of calcium channels.,"TERRY P. Snutch, John P. Leonard, M. Gilbert, Henry A. Lester, Norman Davidson",Proceedings of the National Academy of Sciences of the United States of America,1990-05-01,282,General Brain-AI Structure Reviews and Methods,brain-structure,10.1073/PNAS.87.9.3391,be309989ec06630f81f5b2543b142f225d63f8d5,https://doi.org/10.1073/PNAS.87.9.3391,JournalArticle; Study,unknown,4,brain; brain/neural structure in title,
1990,Understanding a Brain-Based Approach to Learning and Teaching.,"R. N. Caine, G. Caine",Unknown venue,1990,282,"Cognitive Architectures, Learning, and Systems Neuroscience",brain-structure,,8d58b6af940e0117fcd4f52ef7e73e16690261f5,https://www.semanticscholar.org/paper/8d58b6af940e0117fcd4f52ef7e73e16690261f5,paper,unknown,16,brain; cognitive architecture; brain/neural structure in title; explicit brain-structure/AI bridge,
1990,Appreciation of metaphoric alternative word meanings by left and right brain-damaged patients.,"H. Brownell, H. Brownell, H. Brownell, Tracy L. Simpson, Tracy L. Simpson, A. M. Bihrle, et al.",Neuropsychologia,1990,281,Clinical NeuroAI and Brain Disorders,brain-structure;clinical-neuroai,10.1016/0028-3932(90)90063-T,706fb44c121181e9c0c364035032f8a45df5db0d,https://doi.org/10.1016/0028-3932(90)90063-T,JournalArticle,unknown,4,brain; brain/neural structure in title,
1990,"Nonpeptide angiotensin II receptor antagonists. VIII. Characterization of functional antagonism displayed by DuP 753, an orally active antihypertensive agent.","P. Wong, W. Price, A. Chiu, J. Duncia, D. Carini, R. Wexler, et al.",Journal of Pharmacology and Experimental Therapeutics,1990-02-01,281,General Brain-AI Structure Reviews and Methods,brain-structure;neuroimaging,10.1016/s0022-3565(25)19984-9,4eebf704f9f8b0d515b7d2c81a90ea29d6c3fd6a,https://doi.org/10.1016/s0022-3565(25)19984-9,JournalArticle,unknown,1,brain,"In the spinal pithed rat, DuP 753, 2-n-butyl-4-chloro-5-hydroxy-methyl-1-[(2'-(1H-tetrazol-5-yl)biphe nyl-4-yl) methyl] imidazole potassium salt, inhibited competitively the pressor response to angiotensin II (AII), whereas saralasin showed a noncompetitive pattern of interaction."
1990,Disorders in executive control functions among aphasic and other brain-damaged patients.,"G. Glosser, H. Goodglass",Journal of Clinical and Experimental Neuropsychology,1990-08-01,280,Clinical NeuroAI and Brain Disorders,brain-structure;clinical-neuroai,10.1080/01688639008400995,5f705ccd020a440dca298c1068abe86937ce113e,https://doi.org/10.1080/01688639008400995,JournalArticle,unknown,4,brain; brain/neural structure in title,
1990,Target control of collateral extension and directional axon growth in the mammalian brain.,"C. D. Heffner, A. Lumsden, D. O'Leary",Science,1990-01-12,280,General Brain-AI Structure Reviews and Methods,brain-structure,10.1126/SCIENCE.2294603,e4da3d9ba05b24e8ce6d7d6ff3b14992b53f3c87,https://doi.org/10.1126/SCIENCE.2294603,JournalArticle,unknown,4,brain; brain/neural structure in title,
1990,Expression of neural proteoglycans correlates with the acquisition of mature neuronal properties in the mammalian brain.,"S. Hockfield, Robert G. Kalb, S. Zaremba, H. Fryer",Cold Spring Harbor Symposia on Quantitative Biology,1990,279,"Cellular, Synaptic, and Neuromorphic Foundations",brain-structure,10.1101/SQB.1990.055.01.049,1a62f8c8722eccaaf01e37ee47944c84dd9edd2e,https://doi.org/10.1101/SQB.1990.055.01.049,JournalArticle,unknown,18,brain; neuron; neural; neuromorphic; brain/neural structure in title; explicit brain-structure/AI bridge,
1990,Primary neurons that express the L2/HNK-1 carbohydrate during early development in the zebrafish.,"W. K. Metcalfe, P. Z. Myers, Bill Trevarrow, M. B. Bass, C. Kimmel",Development,1990-10-01,279,"Cellular, Synaptic, and Neuromorphic Foundations",,,12a7d1d810c36011683c40d9d65774eba7ecc0b5,https://www.semanticscholar.org/paper/12a7d1d810c36011683c40d9d65774eba7ecc0b5,JournalArticle,unknown,13,neuron; neuromorphic; explicit brain-structure/AI bridge,
1990,Effects of indomethacin on cerebral haemodynamics in very preterm infants.,"A. Edwards, J. Wyatt, C. Richardson, A. Potter, E. Reynolds, Mark Cope, et al.",The Lancet,1990-06-23,277,Clinical NeuroAI and Brain Disorders,brain-structure;clinical-neuroai,10.1016/0140-6736(90)93030-S,1dec42abfa250e4308dbf47a27b602ac11c4cc9b,https://doi.org/10.1016/0140-6736(90)93030-S,JournalArticle; ClinicalTrial,unknown,2,brain; cerebral,
1990,A retinoic acid responsive gene MK found in the teratocarcinoma system is expressed in spatially and temporally controlled manner during mouse embryogenesis,"Kenji Kadomatsu, Ruo-Pan Huang, T. Suganuma",Journal of Cell Biology,1990-03-01,275,Computational Neuroscience and Brain-Inspired AI,brain-structure;brain-inspired-ai,10.1083/jcb.110.3.607,7e393f2e474069767dfa4d58535d77750045eed1,https://doi.org/10.1083/jcb.110.3.607,JournalArticle,unknown,17,brain; computational neuroscience; brain-inspired; explicit brain-structure/AI bridge,"A newly identified gene MK is transiently expressed in early stages of retinoic acid-induced differentiation of embryonal carcinoma cells (Kadomatsu, K., M."
1990,Numbers of neurons and glia in mature rat somatosensory cortex: Effects of prenatal exposure to ethanol,"Michael W. Miller, Gregory Potempa",The Journal of comparative neurology,1990-03-01,274,"Cellular, Synaptic, and Neuromorphic Foundations",brain-structure,10.1002/cne.902930108,f17e8dfc4c612fb07b8767d3cdf6c6797f05d440,https://doi.org/10.1002/cne.902930108,JournalArticle,unknown,17,cortex; neuron; neuromorphic; brain/neural structure in title; explicit brain-structure/AI bridge,
1990,Methods for measuring brain morphologic features on magnetic resonance images. Validation and normal aging.,"T. L. Jernigan, G. Press, J. Hesselink",Archives of Neurology,1990,273,General Brain-AI Structure Reviews and Methods,brain-structure;neuroimaging,10.1001/ARCHNEUR.1990.00530010035015,0713329ac95c1990c721c659658b560c2eca388b,https://doi.org/10.1001/ARCHNEUR.1990.00530010035015,JournalArticle; Study,unknown,4,brain; brain/neural structure in title,
1990,Neurogranin: immunocytochemical localization of a brain-specific protein kinase C substrate,"A. Represa, J. Deloulme, M. Sensenbrenner, Yehezkel Ben-Ari, J. Baudier",Journal of Neuroscience,1990-12-01,273,"Cellular, Synaptic, and Neuromorphic Foundations",brain-structure,10.1523/JNEUROSCI.10-12-03782.1990,9c86bb04d01cfadc469be4a7a47c9e6f171d468a,https://doi.org/10.1523/JNEUROSCI.10-12-03782.1990,JournalArticle,unknown,22,brain; cerebral; cortex; hippocampus; thalamus; cerebellum; neuromorphic; brain/neural structure in title; explicit brain-structure/AI bridge,"The developmental expression and the cellular localization of neurogranin (formerly designated p17), a brain-specific protein kinase C (PKC) substrate, were investigated."
1990,Sex difference in the bed nucleus of the stria terminalis of the human brain,"L. S. Allen, R. Gorski",The Journal of comparative neurology,1990-12-22,273,General Brain-AI Structure Reviews and Methods,brain-structure,10.1002/cne.903020402,37d88350f778353d7d2e334c3cd2327b828ab7a0,https://doi.org/10.1002/cne.903020402,JournalArticle; Study,unknown,4,brain; brain/neural structure in title,
1990,Mast cells: the immune gate to the brain.,T. C. Theoharides,Life Science,1990,272,"Cellular, Synaptic, and Neuromorphic Foundations",brain-structure,10.1016/0024-3205(90)90129-F,820a54467a919e421be68657f0c34f29b1d1e4c8,https://doi.org/10.1016/0024-3205(90)90129-F,Review; JournalArticle,unknown,16,brain; neuromorphic; brain/neural structure in title; explicit brain-structure/AI bridge,
1990,Functional synaptic circuits in the subplate during fetal and early postnatal development of cat visual cortex,"E. Friauf, S. Mcconnell, C. Shatz",Journal of Neuroscience,1990-08-01,271,"Cellular, Synaptic, and Neuromorphic Foundations",brain-structure;neural-signals;neuromorphic-bci,10.1523/JNEUROSCI.10-08-02601.1990,896ad436a392a0f0f855fbb3c9e2363d16750c8e,https://doi.org/10.1523/JNEUROSCI.10-08-02601.1990,JournalArticle,unknown,20,cerebral; cortex; cortical; neuron; synapse; neuromorphic; brain/neural structure in title; explicit brain-structure/AI bridge,Among the first postmitotic cells of the cerebral cortex is a special population located below the cortical plate: the subplate neurons.
1990,Decreased Ferritin Levels in Brain in Parkinson's Disease,"D. Dexter, A. Carayon, M. Vidailhet, M. Ruberg, F. Agid, Y. Agid, et al.",Journal of Neurochemistry,1990-07-01,270,Clinical NeuroAI and Brain Disorders,brain-structure;clinical-neuroai,10.1111/j.1471-4159.1990.tb08814.x,1667f02064dd5e3c7995d413a30854a89d121769,https://doi.org/10.1111/j.1471-4159.1990.tb08814.x,JournalArticle,unknown,4,brain; brain/neural structure in title,
1990,Comparison of in vitro and in vivo models of drug transcytosis through the blood-brain barrier.,"W. Pardridge, D. Triguero, Jing Yang, P. Cancilla",Journal of Pharmacology and Experimental Therapeutics,1990-05-01,266,Computational Neuroscience and Brain-Inspired AI,brain-structure;brain-inspired-ai,10.1016/s0022-3565(25)13060-7,672ce0b122888aaaf138bd5f4b2eef1a136e6187,https://doi.org/10.1016/s0022-3565(25)13060-7,JournalArticle; Study,unknown,20,brain; computational neuroscience; brain-inspired; brain/neural structure in title; explicit brain-structure/AI bridge,Drug and solute transport through in vitro and in vivo models of the blood-brain barrier (BBB) were compared to provide a measure of how well the in vitro model predicted BBB permeability found in vivo.
1990,Enzyme Activities in Relation to pH and Lactate in Postmortem Brain in Alzheimer-Type and Other Dementias,"C. Yates, J. Butterworth, M. Tennant, A. Gordon",Journal of Neurochemistry,1990-11-01,266,Clinical NeuroAI and Brain Disorders,brain-structure;clinical-neuroai,10.1111/j.1471-4159.1990.tb04948.x,bb16fc16ebfae17d58a4a3f834487ee41e72e916,https://doi.org/10.1111/j.1471-4159.1990.tb04948.x,JournalArticle,unknown,4,brain; brain/neural structure in title,
1990,Increasing annual incidence of primary malignant brain tumors in the elderly.,"N. Grieg, L. Ries, R. Yancik, S. Rapoport",Journal of the National Cancer Institute,1990-10-17,265,Clinical NeuroAI and Brain Disorders,brain-structure,10.1093/JNCI/82.20.1621,00fd52f8507d01f09d2c16365cb4bd05009530dc,https://doi.org/10.1093/JNCI/82.20.1621,JournalArticle,unknown,4,brain; brain/neural structure in title,
1990,Lipid Compositions of Different Regions of the Human Brain During Aging,"Magnus Söderberg, C. Edlund, K. Kristensson, G. Dallner",Journal of Neurochemistry,1990-02-01,265,General Brain-AI Structure Reviews and Methods,brain-structure,10.1111/j.1471-4159.1990.tb01889.x,f8192ee2953257c6c49b08e6d92d533e1a9751c7,https://doi.org/10.1111/j.1471-4159.1990.tb01889.x,JournalArticle,unknown,4,brain; brain/neural structure in title,
1990,Individual variability in cortical organization: its relationship to brain laterality and implications to function.,"A. Galaburda, A. Galaburda, G. D. Rosen, G. D. Rosen, G. Sherman, G. Sherman",Neuropsychologia,1990,264,General Brain-AI Structure Reviews and Methods,brain-structure,10.1016/0028-3932(90)90032-J,799ceb83200806faf70fd67cddbb27de150a2028,https://doi.org/10.1016/0028-3932(90)90032-J,Review; JournalArticle,unknown,5,brain; cortical; brain/neural structure in title,
1990,Ring-deleted analogs of atrial natriuretic factor inhibit adenylate cyclase/cAMP system. Possible coupling of clearance atrial natriuretic factor receptors to adenylate cyclase/cAMP signal transduction system.,"M. B. Anand-Srivastava, M. Sairam, M. Cantin",Journal of Biological Chemistry,1990-05-25,264,"Cellular, Synaptic, and Neuromorphic Foundations",brain-structure,10.1016/s0021-9258(19)38925-2,a256c08652a229e96f0dedd6ffd76fbf0e21a6d5,https://doi.org/10.1016/s0021-9258(19)38925-2,JournalArticle,unknown,14,brain; cortical; neuromorphic; explicit brain-structure/AI bridge,"We have recently shown that atrial natriuretic factor (ANF) inhibits adenylate cyclase activity in rat platelets where only one population of ANF receptors (ANF-R2) is present, indicating that ANF-R2 receptors may be coupled to the adenylate cyclase/cAMP system."
1990,γ-Aminobutyric Acid Outside the Mammalian Brain,"S. L. Erdö, J. Wolff",Unknown venue,1990-02-01,264,General Brain-AI Structure Reviews and Methods,brain-structure,10.1111/j.1471-4159.1990.tb01882.x,dd8bb7e72316b46312bd1beaf9849b319d516f64,https://doi.org/10.1111/j.1471-4159.1990.tb01882.x,paper,unknown,4,brain; brain/neural structure in title,
1990,Detection of brain metastases: comparison of contrast-enhanced MR with unenhanced MR and enhanced CT.,"G. Sze, Edward Milano, Carl Johnson, L. Heier",AJNR. American journal of neuroradiology,1990-07-01,263,General Brain-AI Structure Reviews and Methods,brain-structure,,345723c12ffce3b88bf0d479521024acff61411d,https://www.semanticscholar.org/paper/345723c12ffce3b88bf0d479521024acff61411d,JournalArticle; Study,unknown,4,brain; brain/neural structure in title,
1990,Organization of radial glia and related cells in the developing murine CNS. An analysis based upon a new monoclonal antibody marker.,"M. Edwards, Miyuki Yamamoto, V. Caviness",Neuroscience,1990,263,"Cellular, Synaptic, and Neuromorphic Foundations",brain-structure,10.1016/0306-4522(90)90356-9,b93005b3ca82d53b70e1698605fa70be1040c465,https://doi.org/10.1016/0306-4522(90)90356-9,JournalArticle,unknown,4,neuromorphic,
1990,"Purification and characterization from bovine brain cytosol of a protein that inhibits the dissociation of GDP from and the subsequent binding of GTP to smg p25A, a ras p21-like GTP-binding protein.","Takuya Sasaki, Akira Kikuchi, Satoshi Araki, Y. Hata, M. Isomura, S. Kuroda, et al.",Journal of Biological Chemistry,1990-02-05,263,General Brain-AI Structure Reviews and Methods,brain-structure,10.1016/s0021-9258(19)39980-6,1250eae4b313051a8b162ca5f3b1fd608362ea51,https://doi.org/10.1016/s0021-9258(19)39980-6,JournalArticle,unknown,4,brain; brain/neural structure in title,"A novel regulatory protein for smg p25A, a ras p21-like GTP-binding protein, was purified to near homogeneity from bovine brain cytosol."
1990,Asymmetrical brain electrical activity discriminates between psychometrically-matched verbal and spatial cognitive tasks.,"Richard J. Davidson, J. Chapman, Loren J. Chapman, Jeffrey B. Henriques",Psychophysiology,1990-09-01,261,General Brain-AI Structure Reviews and Methods,brain-structure,10.1111/J.1469-8986.1990.TB01970.X,cd91f0facb9e41291cd2699f616f666897fef3d6,https://doi.org/10.1111/J.1469-8986.1990.TB01970.X,JournalArticle,unknown,4,brain; brain/neural structure in title,
1990,Carbon monoxide-mediated brain lipid peroxidation in the rat.,S. R. Thom,Journal of applied physiology,1990-03-01,261,General Brain-AI Structure Reviews and Methods,brain-structure,10.1152/JAPPL.1990.68.3.997,ecba274bdd8987c6d156e1062c9cdf55f26b22ae,https://doi.org/10.1152/JAPPL.1990.68.3.997,JournalArticle,unknown,4,brain; brain/neural structure in title,
1990,"Three histamine receptors (H1, H2 and H3) visualized in the brain of human and non-human primates.","M. I. Martinez-Mir, H. Pollard, J. Moreau, J. Arrang, M. Ruat, E. Traiffort, et al.",Brain Research,1990-09-03,261,General Brain-AI Structure Reviews and Methods,brain-structure,10.1016/0006-8993(90)91240-H,d0be00158cfab3951576c62be1a8d561fa9e908e,https://doi.org/10.1016/0006-8993(90)91240-H,JournalArticle,unknown,4,brain; brain/neural structure in title,
1990,Localization of m5 muscarinic receptor mRNA in rat brain examined by in situ hybridization histochemistry.,"M. Vilaró, J. Palacios, G. Mengod",Neuroscience Letters,1990-07-03,259,General Brain-AI Structure Reviews and Methods,brain-structure,10.1016/0304-3940(90)90064-G,e1f4a2693028d20d756a456dbfc412ff3501fedc,https://doi.org/10.1016/0304-3940(90)90064-G,JournalArticle,unknown,4,brain; brain/neural structure in title,
1990,Stimulation of feeding by galanin: anatomical localization and behavioral specificity of this peptide's effects in the brain.,"S. E. Kyrkouli, B. Stanley, R. Seirafi, S. Leibowitz",Peptides,1990-09-01,259,"Cognitive Architectures, Learning, and Systems Neuroscience",brain-structure,10.1016/0196-9781(90)90023-X,89fb5072e9a9f3caba487296e3889debf4d286e4,https://doi.org/10.1016/0196-9781(90)90023-X,JournalArticle; Study,unknown,16,brain; cognitive architecture; brain/neural structure in title; explicit brain-structure/AI bridge,
1990,Cerebral metabolism of acetate and glucose studied by 13C-n.m.r. spectroscopy. A technique for investigating metabolic compartmentation in the brain.,"R. BADAR-GOFFER, Herman S. BACHELARDt, P. Morris",Biochemical Journal,1990-02-15,258,General Brain-AI Structure Reviews and Methods,brain-structure,10.1042/BJ2660133,4320318ef85d83597a9cead185765ed3d2ef5cc1,https://doi.org/10.1042/BJ2660133,JournalArticle; Study,unknown,5,brain; cerebral; brain/neural structure in title,
1990,Liposome-entrapped superoxide dismutase reduces cerebral infarction in cerebral ischemia in rats.,"S. Imaizumi, V. Woolworth, R. Fishman, P. H. Chan",Stroke,1990-09-01,258,Clinical NeuroAI and Brain Disorders,brain-structure;clinical-neuroai,10.1161/01.STR.21.9.1312,74ef15a0d1406db0c55255de5ce16c6c826ba242,https://doi.org/10.1161/01.STR.21.9.1312,JournalArticle; Study,unknown,2,brain; cerebral,
1990,Microcultures of Dissociated Primary Central Nervous System Neurons,E. Azmitia,Unknown venue,1990,258,"Cellular, Synaptic, and Neuromorphic Foundations",,10.1016/B978-0-12-185254-2.50021-8,281ab7f10bfaa027fc46ad67054c43524aa0fbee,https://doi.org/10.1016/B978-0-12-185254-2.50021-8,paper,unknown,13,neuron; neuromorphic; explicit brain-structure/AI bridge,
1990,"The Flux from Glucose to Glutamate in the Rat Brain in vivo as Determined by 1-Observed, 13C-Edited NMR Spectroscopy","S. Fitzpatrick, H. Hetherington, K. Behar, R. Shulman",Journal of Cerebral Blood Flow and Metabolism,1990-03-01,258,General Brain-AI Structure Reviews and Methods,brain-structure,10.1038/jcbfm.1990.32,074312dc0b6e3fcd629bb378d11cb2c80626f332,https://doi.org/10.1038/jcbfm.1990.32,JournalArticle,unknown,4,brain; brain/neural structure in title,
1990,"Alpha-internexin, a novel neuronal intermediate filament protein, precedes the low molecular weight neurofilament protein (NF-L) in the developing rat brain","M. Kaplan, SS Chin, K.H. Fliegner, RK Liem",Journal of Neuroscience,1990-08-01,257,"Cellular, Synaptic, and Neuromorphic Foundations",brain-structure,10.1523/JNEUROSCI.10-08-02735.1990,8abe887a4d1f9310739c8b5ee1de9bcf91b14f93,https://doi.org/10.1523/JNEUROSCI.10-08-02735.1990,JournalArticle,unknown,17,brain; neuron; neuromorphic; brain/neural structure in title; explicit brain-structure/AI bridge,alpha-Internexin is a 66 kDa protein that copurifies with intermediate filaments (IF) from rat spinal cord and optic nerve.
1990,"Brain evolution in Homo: The ""radiator"" theory",D. Falk,Behavioral and Brain Sciences,1990-06-01,256,"Cognitive Architectures, Learning, and Systems Neuroscience",brain-structure,10.1017/S0140525X00078973,ef1966ad4daae385ab86c97fd75c54f3f5e7f7d0,https://doi.org/10.1017/S0140525X00078973,paper,unknown,16,brain; cognitive architecture; brain/neural structure in title; explicit brain-structure/AI bridge,
1990,Regional distribution of EDRF/NO-synthesizing enzyme(s) in rat brain.,"U. Förstermann, L. Gorsky, J. S. Pollock, Harald H.H.W. Schmidt, Michael Heller, Ferid Murad",Biochemical and Biophysical Research Communications - BBRC,1990-04-30,256,General Brain-AI Structure Reviews and Methods,brain-structure,10.1016/0006-291X(90)92382-A,585a9e91159ba3d93af233ad1b9cfe254d41243b,https://doi.org/10.1016/0006-291X(90)92382-A,JournalArticle,unknown,4,brain; brain/neural structure in title,
1990,Cerebral synthesis and release of kynurenic acid: an endogenous antagonist of excitatory amino acid receptors,"Kenton Jon Swartz, M. During, A. Freese, M. Beal",Journal of Neuroscience,1990-09-01,255,"Cellular, Synaptic, and Neuromorphic Foundations",brain-structure;connectome;clinical-neuroai,10.1523/JNEUROSCI.10-09-02965.1990,10d7086b948e6f6cb1fda87d979f2de0cafa1581,https://doi.org/10.1523/JNEUROSCI.10-09-02965.1990,JournalArticle,unknown,15,brain; cerebral; neuron; neuromorphic; explicit brain-structure/AI bridge,Excitatory amino acid (EAA)-mediated synaptic transmission is the most prevalent excitatory system within the mammalian brain.
1990,Event-related brain potentials : basic issues and applications,"J. Rohrbaugh, R. Parasuraman, Ray Johnson",Unknown venue,1990,255,General Brain-AI Structure Reviews and Methods,brain-structure,,f851069a3f8773edc5b27a45f7b4aa1d86933ef9,https://www.semanticscholar.org/paper/f851069a3f8773edc5b27a45f7b4aa1d86933ef9,paper,unknown,4,brain; brain/neural structure in title,
1990,A diverse set of developmentally regulated proteoglycans is expressed in the rat central nervous system.,"Mary E. Herndon, A. Lander",Neuron,1990-06-01,254,"Cellular, Synaptic, and Neuromorphic Foundations",brain-structure,10.1016/0896-6273(90)90148-9,4d1bce6297c4310b10b272d730ea64305ac9993a,https://doi.org/10.1016/0896-6273(90)90148-9,JournalArticle,unknown,14,brain; neural; neuromorphic; explicit brain-structure/AI bridge,"Cellular interactions in neural development are influenced by various extracellular proteins, many of which bind glycosaminoglycans or proteoglycans."
1990,Different cellular types in mesopontine cholinergic nuclei related to ponto-geniculo-occipital waves,"M. Steriade, Denis Paré, Subimal Datta, G. Oakson, R. Dossi",Journal of Neuroscience,1990-08-01,254,"Cellular, Synaptic, and Neuromorphic Foundations",brain-structure;neuroimaging;neural-signals;neuromorphic-bci,10.1523/JNEUROSCI.10-08-02560.1990,cada7c08ab8c021262e0dfff8deaa8f5e1cba28b,https://doi.org/10.1523/JNEUROSCI.10-08-02560.1990,JournalArticle,unknown,15,brain; thalamus; neuron; neuromorphic; explicit brain-structure/AI bridge,The only mesopontine neurons previously described as involved in the transfer of ponto-geniculo-occipital (PGO) waves from the brain stem to the thalamus were termed PGO-on bursting cells.
1990,Molecular cloning of the 18-kDa growth-associated protein of developing brain.,"J. Merenmies, H. Rauvala",Journal of Biological Chemistry,1990-10-05,254,"Cellular, Synaptic, and Neuromorphic Foundations",brain-structure,10.1016/s0021-9258(17)44817-4,4494f623cef2bdaf4c61815eb9dbbf61d680b71b,https://doi.org/10.1016/s0021-9258(17)44817-4,JournalArticle; Study,unknown,16,brain; neuromorphic; brain/neural structure in title; explicit brain-structure/AI bridge,"An 18-kDa protein (designated herein as the heparin-binding growth-associated molecule, HB-GAM), the expression of which in rat brain correlates to the rapid postnatal developmental phase, was previously isolated and suggested to have a role in the maturation and growth of brain (Rauvala, H."
1990,"Inhibition of angiogenesis and tumor growth in the brain. Suppression of endothelial cell turnover by penicillamine and the depletion of copper, an angiogenic cofactor.","S. Brem, D. Zagzag, A. Tsanaclis, S. Gately, M.-P. Elkouby, S. Brien",American Journal of Pathology,1990-11-01,253,"Cellular, Synaptic, and Neuromorphic Foundations",brain-structure,,8e2f9579166a943a090f2c82d271e1fa95c2df2d,https://www.semanticscholar.org/paper/8e2f9579166a943a090f2c82d271e1fa95c2df2d,JournalArticle,unknown,16,brain; neuromorphic; brain/neural structure in title; explicit brain-structure/AI bridge,
1990,Long-Term synaptic potentiation in the amygdala,"P. Chapman, E. W. Kairiss, C. L. Keenan, T. H. Brown",Synapse,1990,253,"Cellular, Synaptic, and Neuromorphic Foundations",,10.1002/syn.890060306,72f9ffc9b54133f89b6d56c83883a1f3c3932fde,https://doi.org/10.1002/syn.890060306,JournalArticle,unknown,13,amygdala; neuromorphic; explicit brain-structure/AI bridge,
1990,Neuronal development in human prefrontal cortex in prenatal and postnatal stages.,"L. Mrzljak, H. Uylings, van Eden Cg, M. Judas",Progress in Brain Research,1990,253,"Cellular, Synaptic, and Neuromorphic Foundations",brain-structure,10.1016/S0079-6123(08)62681-3,627fd1ba9724dcc56ce85de822d97bfe6ad6726a,https://doi.org/10.1016/S0079-6123(08)62681-3,Review; JournalArticle,unknown,6,brain; cortex; neuron; brain/neural structure in title,
1990,Brain dynein (MAP1C) localizes on both anterogradely and retrogradely transported membranous organelles in vivo,"Nobutaka Hirokawa, R. Sato-Yoshitake, Toshimichi Yoshida, T. Kawashima",Journal of Cell Biology,1990-09-01,252,"Cellular, Synaptic, and Neuromorphic Foundations",brain-structure,10.1083/jcb.111.3.1027,2bfb6ccd7306fff464c7cd0051e7bf990ce69d8b,https://doi.org/10.1083/jcb.111.3.1027,JournalArticle,unknown,16,brain; neuromorphic; brain/neural structure in title; explicit brain-structure/AI bridge,Brain dynein is a microtubule-activated ATPase considered to be a candidate to function as a molecular motor to transport membranous organelles retrogradely in the axon.
1990,Production of hemopoietic colony-stimulating factors by astrocytes.,"U. Malipiero, Karl Frei, Adriano Fontana",Journal of Immunology,1990-05-15,252,"Cellular, Synaptic, and Neuromorphic Foundations",brain-structure,10.4049/jimmunol.144.10.3816,36dc5389e022c0912b1deac178afe68e311457c9,https://doi.org/10.4049/jimmunol.144.10.3816,JournalArticle,unknown,13,brain; neuromorphic; explicit brain-structure/AI bridge,Astrocytes may play a central role in regulation of immune mediated processes in the central nervous system.
1990,Quantitative autoradiographic analysis of glutamate binding sites in the hippocampal formation in normal and schizophrenic brain post mortem.,"R. Kerwin, S. Patel, B. S. Meldrum",Neuroscience,1990,252,"Connectomics, Graph Models, and Brain Networks",brain-structure;connectome,10.1016/0306-4522(90)90219-T,4d19a05bc5edbd7d015e498b194070798348703d,https://doi.org/10.1016/0306-4522(90)90219-T,JournalArticle,unknown,8,brain; brain/neural structure in title; historical computation/learning bridge,
1990,Brain cholinergic systems,"M. Steriade, D. Biesold",Unknown venue,1990,251,General Brain-AI Structure Reviews and Methods,brain-structure,,f62229d9e4a12e30c70d143b0d2666634e2c167e,https://www.semanticscholar.org/paper/f62229d9e4a12e30c70d143b0d2666634e2c167e,paper,unknown,4,brain; brain/neural structure in title,
1990,Spatial representation of words in the brain implied by studies of a unilateral neglect patient,"A. Caramazza, A. Hillis",Nature,1990-07-19,251,"Brain Decoding, Representation Learning, and BCI",brain-structure;decoding;clinical-neuroai,10.1038/346267A0,bd263589cd8d8d7f1be20ea433de2afcee78d614,https://doi.org/10.1038/346267A0,JournalArticle; CaseReport,unknown,24,brain; decoding; representation learning; bci; brain/neural structure in title; explicit brain-structure/AI bridge,
1990,Gonadal steroids modify dendritic spine density in ventromedial hypothalamic neurons: a Golgi study in the adult rat.,"M. Frankfurt, E. Gould, C. Woolley, B. McEwen",Neuroendocrinology,1990,250,"Cellular, Synaptic, and Neuromorphic Foundations",,10.1159/000125387,54e718b499d9aca59d68e25ae03ecde22f338bed,https://doi.org/10.1159/000125387,JournalArticle,unknown,13,neuron; neuromorphic; explicit brain-structure/AI bridge,
1990,The relative advantages of sparse versus distributed encoding for associative neuronal networks in the brain,"E. Rolls, A. Treves",Unknown venue,1990,250,"Connectomics, Graph Models, and Brain Networks",brain-structure;connectome,10.1088/0954-898X_1_4_002,fada23a52f444fc1fd4a0d68038b74a9e52bbccb,https://doi.org/10.1088/0954-898X_1_4_002,paper,unknown,9,brain; neuron; brain/neural structure in title; historical computation/learning bridge,
1990,"Δ9-Tetrahydrocannabinol produces naloxone-blockable enhancement of presynaptic basal dopamine efflux in nucleus accumbens of conscious, freely-moving rats as measured by intracerebral microdialysis","Jianping Chen, W. Paredes, Jin Li, Diane M. Smith, J. Lowinson, E. Gardner",Psychopharmacology,1990-10-01,249,"Cellular, Synaptic, and Neuromorphic Foundations",brain-structure,10.1007/BF02245916,54b46d5f14fdcc82d241a524f77bb315752a63cf,https://doi.org/10.1007/BF02245916,JournalArticle,unknown,13,cerebral; neuromorphic; explicit brain-structure/AI bridge,
1990,Corticosteroids and the brain.,"E. D. Kloet, J. Reul, W. Sutanto",Journal of Steroid Biochemistry and Molecular Biology,1990-11-20,248,General Brain-AI Structure Reviews and Methods,brain-structure,10.1016/0960-0760(90)90489-8,7e39a6ec9a6814799db93ce4515d38a9c2c59de4,https://doi.org/10.1016/0960-0760(90)90489-8,Review; JournalArticle,unknown,4,brain; brain/neural structure in title,
1990,Cultured microglial cells have a distinct pattern of membrane channels different from peritoneal macrophages,"H. Kettenmann, D. Hoppe, K. Gottmann, R. Banati, G. Kreutzberg",Journal of Neuroscience Research,1990-08-01,248,"Cellular, Synaptic, and Neuromorphic Foundations",brain-structure,10.1002/jnr.490260303,cd736c722ad9ff4c3cebc9c0f3b864f8efdd003d,https://doi.org/10.1002/jnr.490260303,JournalArticle,unknown,4,neuromorphic,
1990,Zinc-containing neurons in hippocampus and related CNS structures.,"Chris Frederickson, G. Danscher",Progress in Brain Research,1990,248,"Cellular, Synaptic, and Neuromorphic Foundations",brain-structure,10.1016/S0079-6123(08)61242-X,ff30f9466c445b0a28d74aa3004482af00b5845b,https://doi.org/10.1016/S0079-6123(08)61242-X,Review; JournalArticle,unknown,3,brain; hippocampus; neuron,
1990,Latent varicella-zoster viral DNA in human trigeminal and thoracic ganglia.,"R. Mahalingam, M. Wellish, W. Wolf, A. N. Dueland, R. Cohrs, A. Vafai, et al.",New England Journal of Medicine,1990-09-06,247,"Cellular, Synaptic, and Neuromorphic Foundations",brain-structure,10.1056/NEJM199009063231002,77ecc2fab89a922cedf1319a6cdd1833d5443e62,https://doi.org/10.1056/NEJM199009063231002,JournalArticle,unknown,4,neuromorphic,
1990,Stimulation of a dopamine D1 receptor enhances inositol phosphates formation in rat brain.,"A. Undie, E. Friedman",Journal of Pharmacology and Experimental Therapeutics,1990-06-01,247,General Brain-AI Structure Reviews and Methods,brain-structure,10.1016/s0022-3565(25)13248-5,05330e9c7e0dcc85eb7feeb9dd4912184a44f07f,https://doi.org/10.1016/s0022-3565(25)13248-5,JournalArticle,unknown,7,brain; cortex; hippocampus; amygdala; brain/neural structure in title,Accumulation of inositol phosphates was determined in rat brain slices prelabeled with 2-[3H]inositol and incubated with various drugs.
1990,A histamine-containing neuronal system in human brain.,"Pertti Panula, M. S. Airaksinen, U. Pirvola, E. Kotilainen",Neuroscience,1990,246,"Cellular, Synaptic, and Neuromorphic Foundations",brain-structure,10.1016/0306-4522(90)90307-P,d142cd1d15bfd8a89a6c1b3127e68544b24b3c37,https://doi.org/10.1016/0306-4522(90)90307-P,JournalArticle,unknown,17,brain; neuron; neuromorphic; brain/neural structure in title; explicit brain-structure/AI bridge,
1990,Receptor reserve for 5-hydroxytryptamine1A-mediated inhibition of serotonin synthesis: possible relationship to anxiolytic properties of 5-hydroxytryptamine1A agonists.,"E. Meller, M. Goldstein, K. Bohmaker",Molecular Pharmacology,1990-02-01,246,"Cellular, Synaptic, and Neuromorphic Foundations",brain-structure,10.1016/s0026-895x(25)09962-6,2895a3500a4b72ad317d75486a0893682f641501,https://doi.org/10.1016/s0026-895x(25)09962-6,JournalArticle,unknown,5,brain; cortex; cortical; hippocampus; neuron,"The irreversible receptor antagonist N-ethoxycarbonyl-2-ethoxy-1,2-dihydroquinoline (EEDQ) was used to determine the relationship between receptor occupancy and response at central 5-hydroxytryptamine1A (5-HT1A) serotonin receptors mediating the inhibition of serotonin synthesis in rat cortex and hippocampus."
1990,Congenital brain anomalies associated with the hypoplastic left heart syndrome.,"T. Glauser, L. Rorke, P. Weinberg, Robert R. Clancy",Pediatrics,1990-06-01,244,Clinical NeuroAI and Brain Disorders,brain-structure;neural-signals;clinical-neuroai,10.1542/peds.85.6.984,cd893cf0da901330943692af7f387f822a67346d,https://doi.org/10.1542/peds.85.6.984,JournalArticle; Study,unknown,6,brain; cortical; ecog; brain/neural structure in title,"This study details the type, frequency, and clinical presentation of developmental brain anomalies in 41 infants with the hypoplastic left heart syndrome encountered during a 52-month interval."
1990,Localizing the site of magnetic brain stimulation in humans,"C. Epstein, D. Schwartzberg, K. Davey, David B. Sudderth, MD",Neurology,1990-04-01,243,General Brain-AI Structure Reviews and Methods,brain-structure,10.1212/WNL.40.4.666,d6d4af7a5a4017233adcde5ea414fb94d4ee3141,https://doi.org/10.1212/WNL.40.4.666,JournalArticle,unknown,4,brain; brain/neural structure in title,
1990,Allosteric enhancement of adenosine A1 receptor binding and function by 2-amino-3-benzoylthiophenes.,"Robert F. Bruns, J. Fergus",Molecular Pharmacology,1990-12-01,242,Computational Neuroscience and Brain-Inspired AI,brain-structure,10.1016/s0026-895x(25)09591-4,9e46943951fa65ce1ede48872c3ad1732aa0b681,https://doi.org/10.1016/s0026-895x(25)09591-4,JournalArticle,unknown,17,brain; computational neuroscience; brain-inspired; explicit brain-structure/AI bridge,Several 2-amino-3-benzoylthiophenes were found to increase the binding of [3H]N6-cyclohexyladenosine to A1 adenosine receptors in rat brain membranes.
1990,Brain volume estimation from serial section measurements: a comparison of methodologies.,"G. D. Rosen, J. Harry",Journal of Neuroscience Methods,1990-11-01,242,General Brain-AI Structure Reviews and Methods,brain-structure,10.1016/0165-0270(90)90101-K,2f36d408fb3257507a3d59972ede1c1f48738c3f,https://doi.org/10.1016/0165-0270(90)90101-K,JournalArticle; Study,unknown,4,brain; brain/neural structure in title,
1990,The comportmental learning disabilities of early frontal lobe damage.,"B. Price, K. Daffner, R. Stowe, M. Mesulam",Brain : a journal of neurology,1990-10-01,242,"Cognitive Architectures, Learning, and Systems Neuroscience",brain-structure;clinical-neuroai,10.1093/BRAIN/113.5.1383,ba83bdf43e4600e1e615e6af744bc857b50ea94b,https://doi.org/10.1093/BRAIN/113.5.1383,JournalArticle; CaseReport,unknown,13,brain; cognitive architecture; explicit brain-structure/AI bridge,Two adult patients are described who suffered bilateral prefrontal damage early in life and who subsequently came to psychiatric attention because of severely aberrant behaviour.
1990,Cognitive impairment and cerebral structure by MRI in bipolar disorder.,"J. Coffman, R. Bornstein, S. Olson, S. Schwarzkopf, H. Nasrallah",Biological Psychiatry,1990-06-01,241,Structural Neuroimaging and AI,brain-structure;neuroimaging,10.1016/0006-3223(90)90416-Y,d5b35f3da608ab8d6b05d683d9d2c88837f5aaf1,https://doi.org/10.1016/0006-3223(90)90416-Y,JournalArticle,unknown,2,cerebral; mri,
1990,"Purification and characterization from bovine brain cytosol of a novel regulatory protein inhibiting the dissociation of GDP from and the subsequent binding of GTP to rhoB p20, a ras p21-like GTP-binding protein.","Takashi Ueda, Akira Kikuchi, Nobuyuki Ohga, J. Yamamoto, Y. Takai",Journal of Biological Chemistry,1990-06-05,241,General Brain-AI Structure Reviews and Methods,brain-structure,10.1016/S0021-9258(19)38859-3,81c11c140900eb1f45a089515b15710fc4a61ee5,https://doi.org/10.1016/S0021-9258(19)38859-3,JournalArticle,unknown,4,brain; brain/neural structure in title,"A novel regulatory protein for the rho proteins (rhoA p21 and rhoB p20), belonging to a ras p21/ras p21-like small molecular weight (Mr) GTP-binding protein (G protein) superfamily, was purified to near homogeneity from bovine brain cytosol and characterized."
1990,Viruses as transneuronal tracers.,"H. Kuypers, G. Ugolini",Trends in Neurosciences,1990-02-01,241,"Cellular, Synaptic, and Neuromorphic Foundations",,10.1016/0166-2236(90)90071-H,2ce930a64a4095732625bd7481201b41ec3f65e7,https://doi.org/10.1016/0166-2236(90)90071-H,Review; JournalArticle,unknown,13,neuron; neuromorphic; explicit brain-structure/AI bridge,
1990,Chemical characterization of neuroendocrine targets for progesterone in the female rat brain and pituitary.,"Susan R. Fox, R. Harlan, B. Shivers, D. Pfaff",Neuroendocrinology,1990-03-01,240,General Brain-AI Structure Reviews and Methods,brain-structure,10.1159/000125350,0189a8aa6c25a53fbc72c309762f647fcea9d789,https://doi.org/10.1159/000125350,JournalArticle,unknown,4,brain; brain/neural structure in title,
1990,Morphologic association between microglia and senile plaque amyloid in Alzheimer's disease.,"L. S. Perlmutter, E. Barrón, H. Chui",Neuroscience Letters,1990-10-30,240,Clinical NeuroAI and Brain Disorders,brain-structure;clinical-neuroai,10.1016/0304-3940(90)90748-X,a22e2323d6d3fdbe7b6810aad07ff7e26d6ee6c0,https://doi.org/10.1016/0304-3940(90)90748-X,JournalArticle,unknown,1,brain,
1990,Vasoparalysis associated with brain damage in asphyxiated term infants.,"O. Pryds, G. Greisen, H. Lou, B. Friis-Hansen",Jornal de Pediatria,1990-07-01,239,General Brain-AI Structure Reviews and Methods,brain-structure,10.1016/S0022-3476(05)72459-8,307cb0d7e245dead5b04903405ae72176ff13f24,https://doi.org/10.1016/S0022-3476(05)72459-8,JournalArticle,unknown,4,brain; brain/neural structure in title,
1990,Binding of selective antagonists to four muscarinic receptors (M1 to M4) in rat forebrain.,"M. Waelbroeck, M. Tastenoy, J. Camus, J. Christophe",Molecular Pharmacology,1990-08-01,238,General Brain-AI Structure Reviews and Methods,brain-structure;neuroimaging,10.1016/s0026-895x(25)09445-3,060ddb1d2d07fe9f82640bd13b121d854d6b6c6d,https://doi.org/10.1016/s0026-895x(25)09445-3,JournalArticle; Study,unknown,7,brain; cortex; hippocampus; cerebellum; brain/neural structure in title,"To compare the proportions of four muscarinic receptors in different rat brain regions, we used competition curves with four selective antagonists, at 1-[N-methyl-3H]scopolamine methyl chloride [( 3H]NMS) binding equilibrium and after allowing [3H]NMS dissociation for 35 min."
1990,Rethinking mammalian brain evolution,T. Deacon,Unknown venue,1990-08-01,238,General Brain-AI Structure Reviews and Methods,brain-structure,10.1093/ICB/30.3.629,e12598bec32d8aaf686b0a075c2539d7f24e8abf,https://doi.org/10.1093/ICB/30.3.629,Review,unknown,4,brain; brain/neural structure in title,
1990,The distribution and cellular localization of the serotonin 1C receptor mRNA in the rodent brain examined by in situ hybridization histochemistry. Comparison with receptor binding distribution.,"G. Mengod, H. Nguyen, Han Le, C. Waeber, H. Lübbert, J. Palacios",Neuroscience,1990,238,"Cellular, Synaptic, and Neuromorphic Foundations",brain-structure,10.1016/0306-4522(90)90330-7,e17ffc0eaa7c690eb3a23f8add1e6324c806e32a,https://doi.org/10.1016/0306-4522(90)90330-7,JournalArticle; Study,unknown,16,brain; neuromorphic; brain/neural structure in title; explicit brain-structure/AI bridge,
1990,Post-mortem volume measurements of limbic system and basal ganglia structures in chronic schizophrenics. Initial results from a new brain collection.,"B. Bogerts, P. Falkai, M. Haupts, B. Greve, Stephan Ernst, U. Tapernon-Franz, et al.",Schizophrenia Research,1990-10-01,237,General Brain-AI Structure Reviews and Methods,brain-structure,10.1016/0920-9964(90)90013-W,b0c5e2926fe20fbf0fc2cc9b4c0cb7817a2258cc,https://doi.org/10.1016/0920-9964(90)90013-W,JournalArticle,unknown,5,brain; basal ganglia; brain/neural structure in title,
1990,Stages of Brain and Cognitive Maturation,"W. Hudspeth, K. Pribram",Unknown venue,1990-12-01,237,General Brain-AI Structure Reviews and Methods,brain-structure,10.1037/0022-0663.82.4.881,8a488a70644b1a1d205a6a0ccd01e2791edcb69f,https://doi.org/10.1037/0022-0663.82.4.881,Review,unknown,4,brain; brain/neural structure in title,
1990,Treatment of right hemispheric cerebral infarction by hemicraniectomy.,"Johnny B. Delashaw, William C. Broaddus, N. F. Kassell, E. Haley, G. Pendleton, Dennis G. Vollmer, et al.",Stroke,1990-06-01,237,Clinical NeuroAI and Brain Disorders,brain-structure;clinical-neuroai,10.1161/01.STR.21.6.874,e4f6a4c54facc8833cd5e34ddc6c96a2cdc94a35,https://doi.org/10.1161/01.STR.21.6.874,JournalArticle,unknown,2,brain; cerebral,
1990,Cerebral control of speech and limb movements,G. Hammond,Unknown venue,1990,236,General Brain-AI Structure Reviews and Methods,brain-structure,10.1016/s0166-4115(08)x6025-x,d5db65f7e17631563daa9ac33aecb4b99592f78d,https://doi.org/10.1016/s0166-4115(08)x6025-x,Review,unknown,2,brain; cerebral,
1990,On the organization of astrocytic gap junctions in rat brain as suggested by LM and EM immunohistochemistry of connexin43 expression,"T. Yamamoto, A. Ochalski, E. Hertzberg, J. Nagy",The Journal of comparative neurology,1990-12-22,236,General Brain-AI Structure Reviews and Methods,brain-structure,10.1002/cne.903020414,6797eaac6ee325840088bcddc435b1657d804399,https://doi.org/10.1002/cne.903020414,JournalArticle; Study,unknown,4,brain; brain/neural structure in title,
1990,Duration and selectivity of blood-brain barrier breakdown in chronic relapsing experimental allergic encephalomyelitis studied by gadolinium-DTPA and protein markers.,"C. Hawkins, Peter M. G. Munro, F. Mackenzie, J. Kesselring, P. Tofts, E. D. Boulay, et al.",Brain : a journal of neurology,1990-04-01,235,General Brain-AI Structure Reviews and Methods,brain-structure,10.1093/BRAIN/113.2.365,b823b48c3b9b089bcdd55761f459c6adac537095,https://doi.org/10.1093/BRAIN/113.2.365,JournalArticle,unknown,4,brain; brain/neural structure in title,
1990,"Gz, a guanine nucleotide-binding protein with unique biochemical properties.","P. Casey, H. Fong, Melvin I. Simon, A. Gilman",Journal of Biological Chemistry,1990-02-05,235,General Brain-AI Structure Reviews and Methods,brain-structure,10.1016/s0021-9258(19)39988-0,9c34e8ef8345f749d6aaaa8a6cfe37a56f62867f,https://doi.org/10.1016/s0021-9258(19)39988-0,JournalArticle; Study,unknown,1,brain,"Cloning of a complementary DNA (cDNA) for Gz alpha, a newly appreciated member of the family of guanine nucleotide-binding regulatory proteins (G proteins), has allowed preparation of specific antisera to identify the protein in tissues and to assay it during purification from bovine brain."
1990,Reduction of Perinatal Hypoxic-Ischemic Brain Damage with Allopurinol,"C. Palmer, R. Vannucci, J. Towfighi",Pediatric Research,1990-04-01,234,General Brain-AI Structure Reviews and Methods,brain-structure,10.1203/00006450-199004000-00003,1b3e023c95b75768366daf53cf58a8df82734ef2,https://doi.org/10.1203/00006450-199004000-00003,JournalArticle,unknown,4,brain; brain/neural structure in title,
1990,Parallel Processing in Neural Systems and Computers,"Rolf Eckmiller, G. Hartmann, G. Hauska",Unknown venue,1990-04-01,233,General Brain-AI Structure Reviews and Methods,brain-structure,,e5d3b040677a364100b955955ea50c3ad318ce2c,https://www.semanticscholar.org/paper/e5d3b040677a364100b955955ea50c3ad318ce2c,paper,unknown,5,brain; neural; brain/neural structure in title,
1990,Prefrontal cortex in relation to other cortical areas in rhesus monkey: architecture and connections.,"D. Pandya, D. Pandya, D. Pandya, E. Yeterian, E. Yeterian",Progress in Brain Research,1990,233,"Cognitive Architectures, Learning, and Systems Neuroscience",brain-structure,10.1016/S0079-6123(08)62676-X,a897c706f586553b136274fad52a969ef4ff8397,https://doi.org/10.1016/S0079-6123(08)62676-X,Review; JournalArticle,unknown,7,brain; cerebral; cortex; cortical; brain/neural structure in title,Publisher Summary This chapter examines the architecture and connections of the frontal lobe.
1990,"Regulation of reversible binding of smg p25A, a ras p21-like GTP-binding protein, to synaptic plasma membranes and vesicles by its specific regulatory protein, GDP dissociation inhibitor.","S. Araki, Akira Kikuchi, Y. Hata, M. Isomura, Yoshimi Takais",Journal of Biological Chemistry,1990-08-05,233,"Cellular, Synaptic, and Neuromorphic Foundations",brain-structure,10.1016/s0021-9258(19)38260-2,a3262e5f8e7a5405371ab605bb1c97218a43d9b7,https://doi.org/10.1016/s0021-9258(19)38260-2,JournalArticle,unknown,14,brain; synapse; neuromorphic; explicit brain-structure/AI bridge,"We have previously purified from bovine brain cytosol a novel regulatory protein for smg p25A, a ras p21-like GTP-binding protein."
1990,Pregnancy and the risk of hemorrhage from cerebral arteriovenous malformations.,"J. Horton, W. Chambers, S. Lyons, Raymond D. Adams, R. Kjellberg",Neurosurgery,1990-12-01,232,General Brain-AI Structure Reviews and Methods,brain-structure,10.1097/00006123-199012000-00002,5627e86779584a969aecf4cefcc643aa561b751e,https://doi.org/10.1097/00006123-199012000-00002,JournalArticle,unknown,2,brain; cerebral,
1990,Allocation of visual attention to spatial locations: Tradeoff functions for event-related brain potentials and detection performance,"G. Mangun, S. Hillyard",Perception & Psychophysics,1990-11-01,231,"Cognitive Architectures, Learning, and Systems Neuroscience",brain-structure,10.3758/BF03203106,7544a9dd91ddb26dc0c470354f79c41e69d4f019,https://doi.org/10.3758/BF03203106,JournalArticle,unknown,16,brain; cognitive architecture; brain/neural structure in title; explicit brain-structure/AI bridge,
1990,Immunocytochemical and neurochemical evidence for age-related loss of GABA in the inferior colliculus: implications for neural presbycusis,"D. Caspary, Ahmad Raza, BA Lawhorn Armour, J. Pippin, S. Arneric",Journal of Neuroscience,1990-07-01,231,"Connectomics, Graph Models, and Brain Networks",brain-structure;connectome,10.1523/JNEUROSCI.10-07-02363.1990,67e749a1f4a1c812f6c0666e07ed8bc548afd351,https://doi.org/10.1523/JNEUROSCI.10-07-02363.1990,JournalArticle,unknown,11,brain; cortex; neuron; neural; brain/neural structure in title; historical computation/learning bridge,"The present study describes substantial, selective, age-related loss of the putative inhibitory neurotransmitter GABA in the central nucleus of the inferior colliculus (CIC) of rat based on immunocytochemical and neurochemical data."
1990,A single day of alcohol exposure during the brain growth spurt induces brain weight restriction and cerebellar Purkinje cell loss.,"C. Goodlett, B. L. Marcussen, J. West",Alcohol,1990-03-01,230,"Cellular, Synaptic, and Neuromorphic Foundations",brain-structure,10.1016/0741-8329(90)90070-S,b2921df8e1ef5c21eb756318c452aaa925d1f003,https://doi.org/10.1016/0741-8329(90)90070-S,JournalArticle,unknown,16,brain; neuromorphic; brain/neural structure in title; explicit brain-structure/AI bridge,
1990,Brain damage from perinatal asphyxia: correlation of MR findings with gestational age.,"A. Barkovich, C. Truwit",AJNR. American journal of neuroradiology,1990-11-01,230,General Brain-AI Structure Reviews and Methods,brain-structure,,5724394d553c5bd4d22eed2dc68f2095e5be2e2e,https://www.semanticscholar.org/paper/5724394d553c5bd4d22eed2dc68f2095e5be2e2e,JournalArticle; Review,unknown,4,brain; brain/neural structure in title,
1990,Class I MHC genes and CD8+ T cells determine cyst number in Toxoplasma gondii infection.,"Charles R. Brown, R. McLeod",Journal of Immunology,1990-11-15,230,"Cellular, Synaptic, and Neuromorphic Foundations",brain-structure,10.4049/jimmunol.145.10.3438,81f4fc67704b54c1dc9cd936a6d6a3ad1f0b6ecf,https://doi.org/10.4049/jimmunol.145.10.3438,JournalArticle,unknown,13,brain; neuromorphic; explicit brain-structure/AI bridge,"To determine roles of MHC class I and II genes in protection against Toxoplasma gondii, H-2 congenic and mutant mice were infected perorally with bradyzoites of T."
1990,Mania after brain injury: Neuroradiological and metabolic findings,"S. Starkstein, H. Mayberg, M. Berthier, P. Fedoroff, T. Price, R. Dannals, et al.",Annals of Neurology,1990-06-01,230,General Brain-AI Structure Reviews and Methods,brain-structure,10.1002/ana.410270612,0b94102c4719fcecbf409ec46041b7481ece59b4,https://doi.org/10.1002/ana.410270612,JournalArticle; CaseReport,unknown,4,brain; brain/neural structure in title,
1990,"Metabolic effects of cachectin/tumor necrosis factor are modified by site of production. Cachectin/tumor necrosis factor-secreting tumor in skeletal muscle induces chronic cachexia, while implantation in brain induces predominantly acute anorexia.","K. Tracey, S. Morgello, B. Koplin, T. Fahey, J. Fox, A. Aledo, et al.",Journal of Clinical Investigation,1990-12-01,230,Clinical NeuroAI and Brain Disorders,brain-structure;clinical-neuroai;neuromorphic-bci,10.1172/JCI114937,37143f7546813d7e0e8a6539ed3b86dcef9e5bf5,https://doi.org/10.1172/JCI114937,JournalArticle,unknown,4,brain; brain/neural structure in title,
1990,Developmental changes in transferrin and iron uptake by the brain in the rat.,"Eve M. Taylor, Evan H. Morgan",Brain research. Developmental brain research,1990-08-01,229,General Brain-AI Structure Reviews and Methods,brain-structure,10.1016/0165-3806(90)90103-6,ab2773c625a7895a8274c970548ec8fb003d9e3d,https://doi.org/10.1016/0165-3806(90)90103-6,JournalArticle,unknown,4,brain; brain/neural structure in title,
1990,The human oxytocin gene promoter is regulated by estrogens.,"S. Richard, H. Zingg",Journal of Biological Chemistry,1990-04-15,229,"Cellular, Synaptic, and Neuromorphic Foundations",brain-structure,10.1016/S0021-9258(19)39297-X,45edc8afb19dea147da69ae820b83c52f96df56b,https://doi.org/10.1016/S0021-9258(19)39297-X,JournalArticle,unknown,14,brain; neuron; neuromorphic; explicit brain-structure/AI bridge,"Gonadal steroids affect brain function primarily by altering the expression of specific genes, yet the specific mechanisms by which neuronal target genes undergo such regulation are unknown."
1990,"11 beta-hydroxysteroid dehydrogenase bioactivity and messenger RNA expression in rat forebrain: localization in hypothalamus, hippocampus, and cortex.","M. Moisan, J. Seckl, C. Edwards",Endocrinology,1990-09-01,228,General Brain-AI Structure Reviews and Methods,brain-structure,10.1210/ENDO-127-3-1450,11fb447b322e9095a1aa83f00f9437e7fddc133b,https://doi.org/10.1210/ENDO-127-3-1450,JournalArticle,unknown,8,brain; cortex; hippocampus; thalamus; hypothalamus; brain/neural structure in title,
1990,Structural brain abnormalities in the major psychoses: a quantitative review of the evidence from computerized imaging.,"S. Raz, N. Raz",Psychological bulletin,1990-07-01,228,General Brain-AI Structure Reviews and Methods,brain-structure,10.1037/0033-2909.108.1.93,a983935504a811d6239b9b385450f6f244bc5c0f,https://doi.org/10.1037/0033-2909.108.1.93,MetaAnalysis; JournalArticle; Review,unknown,4,brain; brain/neural structure in title,
1990,Manganese and calcium efflux kinetics in brain mitochondria. Relevance to manganese toxicity.,"C. E. Gavin, K. Gunter, T. Gunter",Biochemical Journal,1990-03-01,227,General Brain-AI Structure Reviews and Methods,brain-structure,10.1042/BJ2660329,8a47d36e1f16031ecd71b9cb78af0bf0f137a6bd,https://doi.org/10.1042/BJ2660329,JournalArticle,unknown,4,brain; brain/neural structure in title,
1990,"Anti-inflammatory and safety profile of DuP 697, a novel orally effective prostaglandin synthesis inhibitor.","K. Gans, W. Galbraith, Richard J. Roman, S. Haber, J. Kerr, W. Schmidt, et al.",Journal of Pharmacology and Experimental Therapeutics,1990-07-01,226,General Brain-AI Structure Reviews and Methods,brain-structure,10.1016/s0022-3565(25)12610-4,8df58647c3d7e9066f8a80177e9396ca5d0bbe03,https://doi.org/10.1016/s0022-3565(25)12610-4,JournalArticle,unknown,1,brain,"DuP 697 (5-bromo-2[4-fluorophenyl]-3-[4-methylsulfonylphenyl]-thiophene) is a potent inhibitor of paw swelling in nonestablished and established adjuvant arthritis in rats (ED50 = 0.03 and 0.18 mg/kg/day, respectively)."
1990,Chronic Cocaine Treatment Decreases Levels of the G Protein Subunits Giα and Goα in Discrete Regions of Rat Brain,"E. Nestler, Rose Z. Terwilliger, J. Walker, K. Sevarino, R. Duman",Unknown venue,1990-09-01,226,General Brain-AI Structure Reviews and Methods,brain-structure,10.1111/j.1471-4159.1990.tb04602.x,acca6d2172b9dd60018df8534f4e007beb27b478,https://doi.org/10.1111/j.1471-4159.1990.tb04602.x,paper,unknown,4,brain; brain/neural structure in title,
1990,Cyclic AMP-dependent protein kinase decreases GABAA receptor current in mouse spinal neurons.,"N. Porter, R. Twyman, M. Uhler, R. Macdonald",Neuron,1990-12-01,226,"Cellular, Synaptic, and Neuromorphic Foundations",,10.1016/0896-6273(90)90338-G,6ecc7aa7435cb4257146d478ca1281a0476705fb,https://doi.org/10.1016/0896-6273(90)90338-G,JournalArticle,unknown,13,neuron; neuromorphic; explicit brain-structure/AI bridge,
1990,Distribution of nerve growth factor receptor-like immunoreactivity in the adult rat central nervous system. Effect of colchicine and correlation with the cholinergic system--I. Forebrain.,"Erik P Pioro, A. Cuello",Neuroscience,1990,225,General Brain-AI Structure Reviews and Methods,brain-structure,10.1016/0306-4522(90)90304-M,ad70a62ae487f0d8df0d0b0325f024b04ba3c2a5,https://doi.org/10.1016/0306-4522(90)90304-M,JournalArticle,unknown,4,brain; brain/neural structure in title,
1990,Long-term sequelae after pediatric brain tumors: their effect on disability and quality of life.,"B. Lannering, I. Márky, A. Lundberg, E. Olsson",Medical and Pediatric Oncology,1990,225,Clinical NeuroAI and Brain Disorders,brain-structure,10.1002/MPO.2950180410,4e49f766a4ecc482c5e4f52a9d044111e897b09a,https://doi.org/10.1002/MPO.2950180410,JournalArticle,unknown,4,brain; brain/neural structure in title,
1990,Aluminum access to the brain: a role for transferrin and its receptor.,"A. J. Roskams, James R. Connor",Proceedings of the National Academy of Sciences of the United States of America,1990-11-01,224,General Brain-AI Structure Reviews and Methods,brain-structure,10.1073/PNAS.87.22.9024,a96d234d5f8da239491e0b3470939f1dded6e135,https://doi.org/10.1073/PNAS.87.22.9024,JournalArticle,unknown,4,brain; brain/neural structure in title,
1990,Anomalous brain morphology on magnetic resonance images in Williams syndrome and Down syndrome.,"T. Jernigan, U. Bellugi",Archives of Neurology,1990-05-01,224,General Brain-AI Structure Reviews and Methods,brain-structure;neuroimaging,10.1001/ARCHNEUR.1990.00530050049011,b815ba4deb5adec371637203df5052264d1a380f,https://doi.org/10.1001/ARCHNEUR.1990.00530050049011,JournalArticle,unknown,4,brain; brain/neural structure in title,
1990,Effects of colony stimulating factors on isolated microglia in vitro.,"A. Suzumura, M. Sawada, Hiroko Yamamoto, T. Marunouchi",Journal of Neuroimmunology,1990-12-01,224,General Brain-AI Structure Reviews and Methods,brain-structure,10.1016/0165-5728(90)90094-4,d9171e49130566dff342072d75193ac6c103985d,https://doi.org/10.1016/0165-5728(90)90094-4,JournalArticle,unknown,1,brain,
1990,Heterogeneity of blood-brain barrier changes in multiple sclerosis,"A. Kermode, P. Tofts, A. Thompson, D. MacManus, P. Rudge, B. Kendall, et al.",Neurology,1990-02-01,224,General Brain-AI Structure Reviews and Methods,brain-structure,10.1212/WNL.40.2.229,1f0315e474f1bf0b62ac774c52bff050183fb65d,https://doi.org/10.1212/WNL.40.2.229,JournalArticle,unknown,4,brain; brain/neural structure in title,
1990,Cortical radial glia: identification in tissue culture and evidence for their transformation to astrocytes,"S. Culican, N. Baumrind, Miyuki Yamamoto, A. Pearlman",Journal of Neuroscience,1990-02-01,223,"Cellular, Synaptic, and Neuromorphic Foundations",brain-structure,10.1523/JNEUROSCI.10-02-00684.1990,02bb861d08943d2d7af123dc426e2a4c78bc630f,https://doi.org/10.1523/JNEUROSCI.10-02-00684.1990,JournalArticle,unknown,16,cerebral; cortex; cortical; neuron; neuromorphic; explicit brain-structure/AI bridge,"Radial glia are transiently present in the developing cerebral cortex, where they are thought to guide the migration of neurons from the proliferative zone to the forming cortical plate."
1990,Endotoxin induction of murine metallothionein gene expression.,"S. De, M. Mcmaster, G. Andrews",Journal of Biological Chemistry,1990-09-05,223,"Cellular, Synaptic, and Neuromorphic Foundations",brain-structure,10.1016/S0021-9258(18)77251-7,c1ffe47198aeaa5878af29197fb1b12de5134ed9,https://doi.org/10.1016/S0021-9258(18)77251-7,JournalArticle,unknown,13,brain; neuromorphic; explicit brain-structure/AI bridge,Bacterial endotoxin-lipopolysaccharide (LPS) rapidly induced hepatic metallothionein (MT) mRNA levels in the LPS-sensitive CD-1 strain of mice.
1990,The cytomegalovirus enhancer: a pan-active control element in transgenic mice,"E. Schmidt, Greg Christoph, R. Zeller, P. Leder",Molecular and Cellular Biology,1990-08-01,223,"Electrophysiology, Neural Signals, and AI Decoding",neural-signals,10.1128/mcb.10.8.4406-4411.1990,02ab2f323079c720107e55e52a3af8d4de55a4e4,https://doi.org/10.1128/mcb.10.8.4406-4411.1990,JournalArticle,unknown,13,meg; neuromorphic; explicit brain-structure/AI bridge,
1990,Thyroxine transport from blood to brain via transthyretin synthesis in choroid plexus.,"Gerhard Schreiber, A. R. Aldred, Anthony Jaworowski, C. Nilsson, Marc G. Achen, M. Segal",American Journal of Physiology,1990-02-01,223,General Brain-AI Structure Reviews and Methods,brain-structure,10.1152/AJPREGU.1990.258.2.R338,2de709cafcaed673fbb7ce742a6cfb2bceaf4ced,https://doi.org/10.1152/AJPREGU.1990.258.2.R338,JournalArticle,unknown,4,brain; brain/neural structure in title,
1990,"Ketamine, Phencyclidine, and MK-801 Protect Against Kainic Acid-Induced Seizure-Related Brain Damage","David B. Clifford, J. Olney, A. Benz, T. A. Fuller, C. Zorumski",Epilepsia,1990-08-01,222,General Brain-AI Structure Reviews and Methods,brain-structure,10.1111/j.1528-1157.1990.tb05492.x,db555af2ee1510945cf3c3a8479acb05120c99af,https://doi.org/10.1111/j.1528-1157.1990.tb05492.x,JournalArticle,unknown,4,brain; brain/neural structure in title,
1990,New expression of myelomonocytic antigens by microglia and perivascular cells following lethal motor neuron injury.,"M. Graeber, W. Streit, R. Kiefer, S. W. Schoen, G. Kreutzberg",Journal of Neuroimmunology,1990-05-01,222,"Cellular, Synaptic, and Neuromorphic Foundations",,10.1016/0165-5728(90)90061-Q,504e29f5c560173f3fc188820c0b6e0b4e0a8228,https://doi.org/10.1016/0165-5728(90)90061-Q,JournalArticle,unknown,13,neuron; neuromorphic; explicit brain-structure/AI bridge,
1990,Simulation of paleocortex performs hierarchical clustering.,"J. Ambros-Ingerson, Richard Granger, Gary Lynch",Science,1990-03-16,222,Computational Neuroscience and Brain-Inspired AI,brain-structure;brain-inspired-ai,10.1126/SCIENCE.2315702,4b7e92a29748b4c1b6a864aa7b513576f6204768,https://doi.org/10.1126/SCIENCE.2315702,JournalArticle,unknown,5,brain; cortex; brain/neural structure in title,
1990,Brain maps and parallel computers.,"M. Nelson, J. Bower",Trends in Neurosciences,1990-10-01,221,General Brain-AI Structure Reviews and Methods,brain-structure,10.1016/0166-2236(90)90119-U,d3dbe3847f4efdc8e135444e113c623c429c4d48,https://doi.org/10.1016/0166-2236(90)90119-U,JournalArticle,unknown,4,brain; brain/neural structure in title,
1990,Brain stem gliomas: a classification system based on magnetic resonance imaging.,"A. Barkovich, J. Krischer, L. Kun, R. Packer, R. Zimmerman, C. Freeman, et al.",Pediatric Neurosurgery,1990-07-01,221,Structural Neuroimaging and AI,brain-structure;machine-learning;neuroimaging,10.1159/000120511,7b7dd66ac4608255a5e46ebc75f3a81e1483145d,https://doi.org/10.1159/000120511,JournalArticle; Review,unknown,16,brain; classification; brain/neural structure in title; explicit brain-structure/AI bridge,
1990,Light input and the reversal of functional lateralization in the chicken brain.,L. Rogers,Behavioural Brain Research,1990-05-28,221,General Brain-AI Structure Reviews and Methods,brain-structure,10.1016/0166-4328(90)90176-F,35fe1c3e13075bafdadff09ef0acdf4c5b937d3c,https://doi.org/10.1016/0166-4328(90)90176-F,JournalArticle,unknown,4,brain; brain/neural structure in title,
1990,"(R)-N-[4,4-Bis(3-Methyl-2-Thienyl)but-3-en-1-yl]Nipecotic Acid Binds with High Affinity to the Brain γ-Aminobutyric Acid Uptake Carrier","C. Braestrup, E. B. Nielsen, U. Sonnewald, L. Knutsen, K. Andersen, Jens Aas Jansen, et al.",Journal of Neurochemistry,1990-02-01,220,General Brain-AI Structure Reviews and Methods,brain-structure,10.1111/j.1471-4159.1990.tb01919.x,1cfc656ca3949901183285411870a040e05e71e6,https://doi.org/10.1111/j.1471-4159.1990.tb01919.x,JournalArticle,unknown,4,brain; brain/neural structure in title,
1990,Does the brain know the physics of specular reflection?,"A. Blake, H. Bülthoff",Nature,1990-01-11,220,General Brain-AI Structure Reviews and Methods,brain-structure,10.1038/343165A0,4a3433b8b6ecebfd1c055a261bd51de78942c222,https://doi.org/10.1038/343165A0,JournalArticle,unknown,4,brain; brain/neural structure in title,
1990,The molecular basis of brain injury and brain edema: the role of oxygen free radicals.,"Y. Ikeda, D. Long",Unknown venue,1990-07-01,220,General Brain-AI Structure Reviews and Methods,brain-structure,10.1097/00006123-199007000-00001,cfd06e0c2df59563d2c9a09e6962ee4df957ac0b,https://doi.org/10.1097/00006123-199007000-00001,Review,unknown,4,brain; brain/neural structure in title,
1990,Constant neurofibrillary changes in the neocortex in progressive supranuclear palsy. Basic differences with Alzheimer's disease and aging.,"J. Hauw, M. Verny, P. Delaère, P. Cervera, Y. He, C. Duyckaerts",Neuroscience Letters,1990-11-13,219,Clinical NeuroAI and Brain Disorders,brain-structure;clinical-neuroai,10.1016/0304-3940(90)90829-X,608cefe87bfadb5398a6179b4d9956bb614385c5,https://doi.org/10.1016/0304-3940(90)90829-X,JournalArticle; Study,unknown,5,brain; cortex; brain/neural structure in title,
1990,Lightly chlorinated ortho-substituted PCB congeners decrease dopamine in nonhuman primate brain and in tissue culture.,"R. Seegal, B. Bush, B. Bush, W. Shain, W. Shain",Toxicology and Applied Pharmacology,1990-10-01,219,General Brain-AI Structure Reviews and Methods,brain-structure,10.1016/0041-008X(90)90113-9,9384f3cffb291ae11a5e7b0eeee7b9bf16ba300e,https://doi.org/10.1016/0041-008X(90)90113-9,JournalArticle,unknown,4,brain; brain/neural structure in title,
1990,Protein kinase C inhibitor proteins. Purification from sheep brain and sequence similarity to lipocortins and 14-3-3 protein.,"A. Toker, C. Ellis, L. A. Sellers, A. Aitken",European Journal of Biochemistry,1990-07-01,218,General Brain-AI Structure Reviews and Methods,brain-structure,10.1111/J.1432-1033.1990.TB19138.X,673bf66cf06045bea3b0c029b2180cefcfcf2c09,https://doi.org/10.1111/J.1432-1033.1990.TB19138.X,JournalArticle,unknown,4,brain; brain/neural structure in title,
1990,Rapid solute transport throughout the brain via paravascular fluid pathways.,"M. Rennels, Blaumanis Or, P. A. Grady",Advances in neurology,1990,218,General Brain-AI Structure Reviews and Methods,brain-structure,,b9df67581d5542cd2e12949f14154d71af82224e,https://www.semanticscholar.org/paper/b9df67581d5542cd2e12949f14154d71af82224e,JournalArticle,unknown,4,brain; brain/neural structure in title,
1990,Selective sparing of NADPH-diaphorase-somatostatin-neuropeptide Y neurons in ischemic gerbil striatum,"Y. Uemura, N. Kowall, M. Beal",Annals of Neurology,1990-06-01,218,"Cellular, Synaptic, and Neuromorphic Foundations",,10.1002/ana.410270606,b515e9a9082496b718ee7ba86b787467d30010c4,https://doi.org/10.1002/ana.410270606,JournalArticle,unknown,13,neuron; neuromorphic; explicit brain-structure/AI bridge,
1990,Detection of HLA-DR on microglia in the human brain is a function of both clinical and technical factors.,"L. Mattiace, Peter Davies, Dennis W. Dickson",American Journal of Pathology,1990-05-01,217,Clinical NeuroAI and Brain Disorders,brain-structure;clinical-neuroai,,7bd9bf2ccd54bd2cea9a50e25cf312ece9839942,https://www.semanticscholar.org/paper/7bd9bf2ccd54bd2cea9a50e25cf312ece9839942,JournalArticle,unknown,4,brain; brain/neural structure in title,
1990,Free radical generation during brief period of cerebral ischemia may trigger delayed neuronal death.,"Kazuo Kitagawa, Masayasu Matsumoto, T. Oda, M. Niinobe, Ryuji Hata, Nobuo Handa, et al.",Neuroscience,1990,217,"Cellular, Synaptic, and Neuromorphic Foundations",brain-structure,10.1016/0306-4522(90)90328-2,0ca3711cd2a01eb8a11728657ae67ecef9334a99,https://doi.org/10.1016/0306-4522(90)90328-2,JournalArticle,unknown,14,cerebral; neuron; neuromorphic; explicit brain-structure/AI bridge,
1990,Methyllycaconitine: a selective probe for neuronal α-bungarotoxin binding sites,"J. Ward, V. Cockcroft, G. Lunt, F. Smillie, S. Wonnacott",Unknown venue,1990-09-17,215,"Cellular, Synaptic, and Neuromorphic Foundations",,10.1016/0014-5793(90)81231-C,9707de66d9938c5ad493a3d68fb9112e85cd93d7,https://doi.org/10.1016/0014-5793(90)81231-C,paper,unknown,13,neuron; neuromorphic; explicit brain-structure/AI bridge,
1990,Structural brain abnormalities in bipolar affective disorder. Ventricular enlargement and focal signal hyperintensities.,"V. Swayze, N. Andreasen, R. Alliger, J. Ehrhardt, W. Yuh",Archives of General Psychiatry,1990-11-01,215,General Brain-AI Structure Reviews and Methods,brain-structure,10.1001/ARCHPSYC.1990.01810230070011,4da23cbd959908417010a59290ffc8c61cdcf3f8,https://doi.org/10.1001/ARCHPSYC.1990.01810230070011,JournalArticle; Study,unknown,4,brain; brain/neural structure in title,
1990,Brain growth in Down syndrome subjects 15 to 22 weeks of gestational age and birth to 60 months.,"B. Schmidt-Sidor, Wisniewski Ke, Shepard Th, Sersen Ea",Clinical Neuropathology,1990-07-01,214,Clinical NeuroAI and Brain Disorders,brain-structure;clinical-neuroai,,de56c35b45545ce6a34520ae944a5dfb38e1ecbd,https://www.semanticscholar.org/paper/de56c35b45545ce6a34520ae944a5dfb38e1ecbd,JournalArticle,unknown,4,brain; brain/neural structure in title,
1990,Relationship between cardiac output and cerebral blood flow in patients with intact and with impaired autoregulation.,"G. Bouma, J. Muizelaar",Journal of Neurosurgery,1990-09-01,214,Clinical NeuroAI and Brain Disorders,brain-structure;clinical-neuroai,10.3171/JNS.1990.73.3.0368,822ab70b5100fdf7bef860944d68b51afae411c4,https://doi.org/10.3171/JNS.1990.73.3.0368,JournalArticle,unknown,2,brain; cerebral,
1990,Alcohol and the Brain,W. Lishman,British Journal of Psychiatry,1990-05-01,213,General Brain-AI Structure Reviews and Methods,brain-structure,10.1192/bjp.156.5.635,b8ac0835413ba1810c47dfa72b4ed6c509d4b6b0,https://doi.org/10.1192/bjp.156.5.635,Review; JournalArticle,unknown,4,brain; brain/neural structure in title,
1990,cDNA cloning of a dihydropyridine-sensitive calcium channel from rat aorta. Evidence for the existence of alternatively spliced forms.,"W. Koch, P. Ellinor, A. Schwartz",Journal of Biological Chemistry,1990-10-15,213,"Brain Decoding, Representation Learning, and BCI",brain-structure,10.1016/s0021-9258(18)38232-2,0683fa84805b0249cb6e468039427f10b6b8f289,https://doi.org/10.1016/s0021-9258(18)38232-2,JournalArticle; Study,unknown,21,brain; decoding; representation learning; bci; explicit brain-structure/AI bridge,Several complementary DNAs have been isolated from rat aorta cDNA libraries that encode the alpha 1 subunit of the L-type dihydropyridine-sensitive voltage-dependent calcium channel (VDCC).
1990,Distinct platelet-activating factor binding sites in synaptic endings and in intracellular membranes of rat cerebral cortex.,"V. Marcheselli, M J Rossowska, M. Domingo, P. Braquet, N. G. Bazan",Journal of Biological Chemistry,1990-06-05,213,"Cellular, Synaptic, and Neuromorphic Foundations",brain-structure,10.1016/s0021-9258(19)38822-2,c0fbd4a1c219370b42d5506147459545ab758920,https://doi.org/10.1016/s0021-9258(19)38822-2,JournalArticle; Study,unknown,17,cerebral; cortex; neuromorphic; brain/neural structure in title; explicit brain-structure/AI bridge,"The binding of 1-O-alkyl-2-acetyl-sn-glycero-3-phosphocholine (AGEPC or PAF, platelet-activating factor) to synaptic plasma membranes, microsomal membranes, and other rat cerebral cortex subcellular fractions was studied."
1990,MK-801 reduced cerebral ischemic injury by inducing hypothermia.,"D. Corbett, Suzanne Evans, Charlene Thomas, Dong Wang, R. Jonas",Brain Research,1990-04-30,213,General Brain-AI Structure Reviews and Methods,brain-structure,10.1016/0006-8993(90)91424-F,b82c1372534bb4c9a9965375d24bf49fc09692e6,https://doi.org/10.1016/0006-8993(90)91424-F,JournalArticle,unknown,2,brain; cerebral,
1990,The Molecular Basis of Brain Injury and Brain Edema: The Role of Oxygen Free Radicals,"Y. Ikeda, D. Long",Neurosurgery,1990-07-01,213,General Brain-AI Structure Reviews and Methods,brain-structure,10.1227/00006123-199007000-00001,ee789593807e7f98aaa6beee0623cd638b1847a4,https://doi.org/10.1227/00006123-199007000-00001,Review; JournalArticle,unknown,4,brain; brain/neural structure in title,
1990,A microcolumnar structure of monkey cerebral cortex revealed by immunocytochemical studies of double bouquet cell axons.,"J. DeFelipe, S. Hendry, T. Hashikawa, M. Molinari, E. Jones",Neuroscience,1990,212,"Cellular, Synaptic, and Neuromorphic Foundations",brain-structure,10.1016/0306-4522(90)90097-N,f5590dac07c10ad31b3fdf6d777ffd3d3d57f609,https://doi.org/10.1016/0306-4522(90)90097-N,JournalArticle,unknown,17,cerebral; cortex; neuromorphic; brain/neural structure in title; explicit brain-structure/AI bridge,
1990,Auditory and Visual Semantic Priming in Lexical Decision: A Comparison Using Event-related Brain Potentials,"P. Holcomb, Helen J. Neville",Unknown venue,1990-10-01,212,"Cognitive Architectures, Learning, and Systems Neuroscience",brain-structure,10.1080/01690969008407065,6218a7e8204357ab601e3af9b0ea2eb618224edb,https://doi.org/10.1080/01690969008407065,paper,unknown,16,brain; cognitive architecture; brain/neural structure in title; explicit brain-structure/AI bridge,
1990,Cannabinoid Receptors and Modulation of Cyclic AMP Accumulation in the Rat Brain,"M. Bidaut-Russell, W. Devane, A. Howlett",Journal of Neurochemistry,1990-07-01,212,General Brain-AI Structure Reviews and Methods,brain-structure,10.1111/j.1471-4159.1990.tb08815.x,e359f413ea250d37a0e2a8e6c066bc5cdc1f87f9,https://doi.org/10.1111/j.1471-4159.1990.tb08815.x,JournalArticle,unknown,4,brain; brain/neural structure in title,
1990,Cytogenetics of human brain tumors.,"S. Bigner, J. Mark, D. Bigner",Cancer Genetics and Cytogenetics,1990-07-15,212,Clinical NeuroAI and Brain Disorders,brain-structure,10.1016/0165-4608(90)90024-5,d812ba41f02728fe6cdd5c023497122213e45885,https://doi.org/10.1016/0165-4608(90)90024-5,Review; JournalArticle,unknown,4,brain; brain/neural structure in title,
1990,Regional and cellular codistribution of interleukin 1 beta and nerve growth factor mRNA in the adult rat brain: possible relationship to the regulation of nerve growth factor synthesis,"C. Bandtlow, M. Meyer, D. Lindholm, M. Spranger, R. Heumann, H. Thoenen",Journal of Cell Biology,1990-10-01,212,"Cellular, Synaptic, and Neuromorphic Foundations",brain-structure,10.1083/jcb.111.4.1701,299f741b496d06b37fcfd595db16b5cec8e77eac,https://doi.org/10.1083/jcb.111.4.1701,JournalArticle,unknown,22,brain; cortex; hippocampus; thalamus; hypothalamus; cerebellum; neuromorphic; brain/neural structure in title; explicit brain-structure/AI bridge,"We have found a regional distribution of IL 1 beta mRNA and IL 1 activity in the normal adult rat brain, which reveals at least partially a colocalization with nerve growth factor (NGF)."
1990,A cysteine-string protein is expressed in retina and brain of Drosophila.,"Konrad E Zinsmaier, A. Hofbauer, G. Heimbeck, G. Pflugfelder, S. Buchner, E. Buchner",Journal of neurogenetics,1990,211,General Brain-AI Structure Reviews and Methods,brain-structure,10.3109/01677069009084150,e5414773ed6c50135e916cbba35d4e48e02409bf,https://doi.org/10.3109/01677069009084150,JournalArticle,unknown,4,brain; brain/neural structure in title,
1990,CIRCUMVENTRICULAR ORGANS - NEUROENDOCRINE INTERFACES BETWEEN THE BRAIN AND THE HEMAL MILIEU,"M. McKinley, R. McAllen, F. Mendelsohn, A. Allen, S. Chai, B. Oldfield",Unknown venue,1990,211,General Brain-AI Structure Reviews and Methods,brain-structure,,76076f75c619dc78b2db95e4d0b28085cc374598,https://www.semanticscholar.org/paper/76076f75c619dc78b2db95e4d0b28085cc374598,paper,unknown,4,brain; brain/neural structure in title,
1990,Congenital brain tumors: a review of 45 cases.,"P. Buetow, J. Smirniotopoulos, S. Done",AJR. American journal of roentgenology,1990-09-01,211,Clinical NeuroAI and Brain Disorders,brain-structure,10.2214/AJR.155.3.2167004,af4a1a37333ee094ad6fac0dd988176e96e9103a,https://doi.org/10.2214/AJR.155.3.2167004,JournalArticle; Review,unknown,4,brain; brain/neural structure in title,
1990,The dopamine transporter and cytochrome P45OIID1 (debrisoquine 4-hydroxylase) in brain: resolution and identification of two distinct [3H]GBR-12935 binding proteins.,"H. Niznik, R. Tyndale, F. Sallee, F. J. Gonzalez, J. Hardwick, T. Inaba, et al.",Archives of Biochemistry and Biophysics,1990-02-01,211,General Brain-AI Structure Reviews and Methods,brain-structure,10.1016/0003-9861(90)90741-G,0869fa88354caf2ac8d206008257890f88639a54,https://doi.org/10.1016/0003-9861(90)90741-G,JournalArticle,unknown,4,brain; brain/neural structure in title,
1990,Activation and proliferation of the isolated microglia by colony stimulating factor-1 and possible involvement of protein kinase C.,"M. Sawada, A. Suzumura, Hiroko Yamamoto, T. Marunouchi",Brain Research,1990-02-12,210,General Brain-AI Structure Reviews and Methods,brain-structure,10.1016/0006-8993(90)90317-5,88fe0162125d281053d7eee4aed1451a2635d95b,https://doi.org/10.1016/0006-8993(90)90317-5,JournalArticle,unknown,1,brain,
1990,Gonadal steroids regulate oxytocin receptors but not vasopressin receptors in the brain of male and female rats. An autoradiographical study.,"E. Tribollet, S. Audigier, M. Dubois-Dauphin, J. Dreifuss",Brain Research,1990-03-12,210,"Connectomics, Graph Models, and Brain Networks",brain-structure;connectome,10.1016/0006-8993(90)90232-Z,0b048a8349c25769bf2ebf7285700d010dcc2b92,https://doi.org/10.1016/0006-8993(90)90232-Z,JournalArticle,unknown,8,brain; brain/neural structure in title; historical computation/learning bridge,
1990,Brain stem and spinal metastases of supratentorial glioblastoma multiforme: a clinical series.,"F. Vertosick, R. Selker",Neurosurgery,1990-10-01,209,Clinical NeuroAI and Brain Disorders,brain-structure;clinical-neuroai,10.1097/00006123-199010000-00002,423c6e604b1dc2b0d062c6e6871a3335e247fe7b,https://doi.org/10.1097/00006123-199010000-00002,JournalArticle,unknown,4,brain; brain/neural structure in title,
1990,Docosahexaenoic Acid Is the Preferred Dietary n-3 Fatty Acid for the Development of the Brain and Retina,"G. Anderson, W. Connor, J. Corliss",Pediatric Research,1990,209,General Brain-AI Structure Reviews and Methods,brain-structure,10.1203/00006450-199001000-00023,8e8eafbff61498743562b3744869a2a8a5a00e90,https://doi.org/10.1203/00006450-199001000-00023,JournalArticle,unknown,4,brain; brain/neural structure in title,
1990,Early Polymorphonuclear Leukocyte Accumulation Correlates with the Development of Posttraumatic Cerebral Edema in Rats,"R. Schoettle, P. Kochanek, M. Magargee, M. Uhl, E. Nemoto",Journal of Neurotrauma,1990-12-01,209,General Brain-AI Structure Reviews and Methods,brain-structure,10.1089/neu.1990.7.207,019c0fd1cbb1c7d365ede2c4652023a5ba262990,https://doi.org/10.1089/neu.1990.7.207,JournalArticle,unknown,2,brain; cerebral,
1990,Failure of human immunodeficiency virus entry and infection in CD4-positive human brain and skin cells,"B. Chesebro, R. Buller, J. Portis, K. Wehrly",Journal of Virology,1990-01-01,209,"Cellular, Synaptic, and Neuromorphic Foundations",brain-structure,10.1128/jvi.64.1.215-221.1990,f2587fa40cd00f8ee643d9a2004ca253afb57a46,https://doi.org/10.1128/jvi.64.1.215-221.1990,JournalArticle; Study,unknown,16,brain; neuromorphic; brain/neural structure in title; explicit brain-structure/AI bridge,
1990,Behavioral limitations that traumatic-brain-injured patients tend to underestimate,"G. Prigatano, I. Altman, K. O'brien",Unknown venue,1990-06-01,208,"Cognitive Architectures, Learning, and Systems Neuroscience",brain-structure;clinical-neuroai,10.1080/13854049008401509,8c6db6122b9c39ce5bb63f5b2e209350dc1ffa52,https://doi.org/10.1080/13854049008401509,paper,unknown,16,brain; cognitive architecture; brain/neural structure in title; explicit brain-structure/AI bridge,
1990,LM and EM immunolocalization of the gap junctional protein connexin 43 in rat brain.,"T. Yamamoto, A. Ochalski, E. L. Hertzberg, J. I. Nagy",Brain Research,1990-02-05,208,General Brain-AI Structure Reviews and Methods,brain-structure,10.1016/0006-8993(90)90415-8,dda53a4041865eb41f350a64c9f5b07bc659c3e9,https://doi.org/10.1016/0006-8993(90)90415-8,JournalArticle,unknown,4,brain; brain/neural structure in title,
1990,Degeneration of pyramidal projection neurons in Huntington's disease cortex,"M. Cudkowicz, N. Kowall",Annals of Neurology,1990-02-01,207,"Cellular, Synaptic, and Neuromorphic Foundations",brain-structure,10.1002/ana.410270217,5abbf66c25e59e2d404a580d3b0d90afec30a6ab,https://doi.org/10.1002/ana.410270217,JournalArticle,unknown,17,cortex; neuron; neuromorphic; brain/neural structure in title; explicit brain-structure/AI bridge,
1990,Immunocytochemical localization of the GABA transporter in rat brain,"Rodica., Radian, O. Ottersen, J. Storm-Mathisen, Mona CasteI, Baruch, et al.",Journal of Neuroscience,1990-04-01,207,"Cellular, Synaptic, and Neuromorphic Foundations",brain-structure;connectome;deep-learning,10.1523/JNEUROSCI.10-04-01319.1990,f521ce269b4b95c9fd560f6fe07539c2bda27ff4,https://doi.org/10.1523/JNEUROSCI.10-04-01319.1990,JournalArticle,unknown,21,brain; cerebral; cortex; hippocampus; cerebellum; neuron; neuromorphic; brain/neural structure in title; explicit brain-structure/AI bridge,"Polyclonal antibodies were raised against the GABA transporter (GABA- Tp) purified from rat brain tissue (Radian et al., 1986) and used for immunocytochemical localization of the antigen in several rat brain areas, including the cerebellum, hippocampus, substantia nigra, and cerebral cortex."
1990,Neuron-specific expression of the rat brain type II sodium channel gene is directed by upstream regulatory elements.,"R. Maue, S. Kraner, R. Goodman, G. Mandel",Neuron,1990-02-01,207,"Cellular, Synaptic, and Neuromorphic Foundations",brain-structure,10.1016/0896-6273(90)90097-Y,379501b42aeeea12c141426d6b4ca95f887ce602,https://doi.org/10.1016/0896-6273(90)90097-Y,JournalArticle,unknown,17,brain; neuron; neuromorphic; brain/neural structure in title; explicit brain-structure/AI bridge,
1990,Purification and reconstitution of the sodium- and potassium-coupled glutamate transport glycoprotein from rat brain.,"N. Danbolt, G. Pines, B. Kanner",Biochemistry,1990-07-17,207,General Brain-AI Structure Reviews and Methods,brain-structure,10.1021/BI00480A025,e572a9f27f6bc04bde505d5c04263b3ffac4a545,https://doi.org/10.1021/BI00480A025,JournalArticle,unknown,4,brain; brain/neural structure in title,
1990,Acute disseminated encephalomyelitis. MRI findings and the distinction from multiple sclerosis.,"J. Kesselring, D.H Miller, S. A. Robb, B. E. Kendall, I. Moseley, D. Kingsley, et al.",Brain : a journal of neurology,1990-04-01,206,Structural Neuroimaging and AI,brain-structure;neuroimaging,10.1093/BRAIN/113.2.291,36493365f73645043e97d93fce0acd30e8c2f351,https://doi.org/10.1093/BRAIN/113.2.291,JournalArticle; CaseReport,unknown,1,mri,
1990,Intrauterine growth and spastic cerebral palsy. I. Association with birth weight for gestational age.,"E. Blair, F. J. Stanley",American Journal of Obstetrics and Gynecology,1990,206,General Brain-AI Structure Reviews and Methods,brain-structure,10.1016/0002-9378(90)90856-3,91b7f0b2c153a012871a3787571f0257b04e1034,https://doi.org/10.1016/0002-9378(90)90856-3,JournalArticle; Study,unknown,2,brain; cerebral,
1990,Brain responses to semantic incongruity in bilinguals.,"S. Ardal, M. Donald, R. Meuter, Shannon Muldrew, Moira Luce",Brain and Language,1990-08-01,205,General Brain-AI Structure Reviews and Methods,brain-structure,10.1016/0093-934X(90)90011-5,7d6d50ceb69c155f7b9290d470bd0d341772a922,https://doi.org/10.1016/0093-934X(90)90011-5,JournalArticle,unknown,4,brain; brain/neural structure in title,
1990,Deficit and hemispheric asymmetry of GABA uptake sites in the hippocampus in schizophrenia.,"G. Reynolds, C. Czudek, H. Andrews",Biological Psychiatry,1990-05-01,205,General Brain-AI Structure Reviews and Methods,brain-structure,10.1016/0006-3223(90)90039-5,a396aeb008901b99e3bb35bcba676beccaf6f1ce,https://doi.org/10.1016/0006-3223(90)90039-5,JournalArticle,unknown,2,brain; hippocampus,
1990,Increased microtubule assembly in bovine brain tubulin lacking the type III isotype of beta-tubulin.,"A. Banerjee, M. C. Roach, Phyllis P. Trcka, R. Luduena",Journal of Biological Chemistry,1990-01-25,205,"Connectomics, Graph Models, and Brain Networks",brain-structure;connectome,10.1016/s0021-9258(19)40087-2,711fe4937e56f8698e8bf5a957fb90a589e3aa4b,https://doi.org/10.1016/s0021-9258(19)40087-2,JournalArticle,unknown,9,brain; neuron; brain/neural structure in title; historical computation/learning bridge,"Tubulin, the major constituent protein of microtubules, is a heterodimer of alpha and beta subunits."
1990,Involvement of amygdala pathways in the influence of post-training intra-amygdala norepinephrine and peripheral epinephrine on memory storage.,"K. Liang, J. D. McGaugh, H. Yao",Brain Research,1990-02-05,205,"Cognitive Architectures, Learning, and Systems Neuroscience",brain-structure,10.1016/0006-8993(90)90400-6,590c358a19915c7893c6ef3cb86b64fc5134f401,https://doi.org/10.1016/0006-8993(90)90400-6,JournalArticle,unknown,13,amygdala; cognitive architecture; explicit brain-structure/AI bridge,
1990,Positron emission tomography study in progressive supranuclear palsy. Brain hypometabolic pattern and clinicometabolic correlations.,"J. Blin, J. Baron, B. Dubois, B. Pillon, H. Cambon, J. Cambier, et al.",Archives of Neurology,1990-07-01,205,"Connectomics, Graph Models, and Brain Networks",brain-structure;connectome,10.1001/ARCHNEUR.1990.00530070035009,c6a2f7ddb5826fcacf04ab06a17de16f27fb8d0a,https://doi.org/10.1001/ARCHNEUR.1990.00530070035009,JournalArticle,unknown,8,brain; brain/neural structure in title; historical computation/learning bridge,
1990,Short-term memory storage and retention: an event-related brain potential study.,"D. Ruchkin, Ray Johnson, Howard L. Canoune, Walter Ritter, Walter Ritter",Electroencephalography and Clinical Neurophysiology,1990-11-01,205,"Electrophysiology, Neural Signals, and AI Decoding",brain-structure;connectome;neural-signals;clinical-neuroai,10.1016/0013-4694(90)90096-3,ac108d68c58eb0aaca6955e170502f14fa285579,https://doi.org/10.1016/0013-4694(90)90096-3,JournalArticle,unknown,8,brain; brain/neural structure in title; historical computation/learning bridge,
1990,Antidepressant binding sites in brain: autoradiographic comparison of [3H]paroxetine and [3H]imipramine localization and relationship to serotonin transporter.,"P. Hrdina, B. Foy, A. Hepner, R. Summers",Journal of Pharmacology and Experimental Therapeutics,1990-01-01,204,"Cellular, Synaptic, and Neuromorphic Foundations",brain-structure;connectome,10.1016/s0022-3565(25)13363-6,b03fad236610e85cc6634882db2d56bfefa0ec6c,https://doi.org/10.1016/s0022-3565(25)13363-6,JournalArticle; Study,unknown,20,brain; cerebral; cortex; hippocampus; neuron; neuromorphic; brain/neural structure in title; explicit brain-structure/AI bridge,"Binding of two different antidepressant drugs, [3H]paroxetine and [3H]imipramine in 30 rat brain regions was visualized, compared and quantified by means of autoradiography and densitometry."
1990,Heat Shock RNA Levels in Brain and Other Tissues After Hyperthermia and Transient Ischemia,"T. Nowak, U. Bond, M. Schlesinger",Journal of Neurochemistry,1990-02-01,204,General Brain-AI Structure Reviews and Methods,brain-structure,10.1111/j.1471-4159.1990.tb01893.x,483e03d6a6f9a90649b49a70dd5d5eb25de57d74,https://doi.org/10.1111/j.1471-4159.1990.tb01893.x,JournalArticle,unknown,4,brain; brain/neural structure in title,
1990,Increased levels of DNA breaks in cerebral cortex of Alzheimer's disease patients.,"E. Mullaart, M. Boerrigter, R. Ravid, D. Swaab, J. Vijg",Neurobiology of Aging,1990-05-01,204,Clinical NeuroAI and Brain Disorders,brain-structure;clinical-neuroai,10.1016/0197-4580(90)90542-8,d9bcd56389930c767ff5b8eb91e664cf9277915f,https://doi.org/10.1016/0197-4580(90)90542-8,JournalArticle,unknown,6,brain; cerebral; cortex; brain/neural structure in title,
1990,Oct-6: a POU transcription factor expressed in embryonal stem cells and in the developing brain.,"N. Suzuki, H. Rohdewohld, T. Neuman, Peter Gruss, H. Schöler",EMBO Journal,1990-11-01,204,"Cellular, Synaptic, and Neuromorphic Foundations",brain-structure,10.1002/j.1460-2075.1990.tb07585.x,748ef4a60a65b329d5c58506ff6242e14f69c73e,https://doi.org/10.1002/j.1460-2075.1990.tb07585.x,JournalArticle,unknown,16,brain; neuromorphic; brain/neural structure in title; explicit brain-structure/AI bridge,
1990,An efficient deletion mutant packaging system for defective herpes simplex virus vectors: potential applications to human gene therapy and neuronal physiology.,"A. Geller, K. Keyomarsi, John Bryan, John Bryan, A. Pardee",Proceedings of the National Academy of Sciences of the United States of America,1990-11-01,203,"Cellular, Synaptic, and Neuromorphic Foundations",,10.1073/PNAS.87.22.8950,c5ea59a44e0e491010205a1bd2694cecb5e19d0f,https://doi.org/10.1073/PNAS.87.22.8950,JournalArticle,unknown,13,neuron; neuromorphic; explicit brain-structure/AI bridge,
1990,Cajal-Retzius cell ontogenesis and death in mouse brain visualized with horseradish peroxidase and electron microscopy.,"P. Derer, M. Derer",Neuroscience,1990,202,"Cellular, Synaptic, and Neuromorphic Foundations",brain-structure,10.1016/0306-4522(90)90027-2,edc3a39538a76d8f36368dabb591eec2d1eaf1dc,https://doi.org/10.1016/0306-4522(90)90027-2,JournalArticle,unknown,16,brain; neuromorphic; brain/neural structure in title; explicit brain-structure/AI bridge,
1990,CNS projections to the pterygopalatine parasympathetic preganglionic neurons in the rat: a retrograde transneuronal viral cell body labeling study.,"S. Spencer, W. B. Sawyer, H. Wada, K. Platt, A. Loewy",Brain Research,1990-11-26,202,"Cellular, Synaptic, and Neuromorphic Foundations",brain-structure,10.1016/0006-8993(90)90125-U,ad68c92fb892318f6c37d7d862a95a8bc9824278,https://doi.org/10.1016/0006-8993(90)90125-U,JournalArticle,unknown,13,neuron; neuromorphic; explicit brain-structure/AI bridge,
1990,Vulnerable Periods in Developing Brain,J. Dobbing,Unknown venue,1990,202,General Brain-AI Structure Reviews and Methods,brain-structure,10.1007/978-1-4471-1766-7_1,a3d42df3a428456365111a962057a6b9b3aa0243,https://doi.org/10.1007/978-1-4471-1766-7_1,paper,unknown,4,brain; brain/neural structure in title,
1990,"Delayed, frequency-specific inhibition in the cochlear nuclei of mice: a mechanism for monaural echo suppression","R. Wickesberg, D. Oertel",Journal of Neuroscience,1990-06-01,201,"Cellular, Synaptic, and Neuromorphic Foundations",brain-structure;connectome,10.1523/JNEUROSCI.10-06-01762.1990,4ab324dfc62820a8f1be09660b0e4fb26f889bbf,https://doi.org/10.1523/JNEUROSCI.10-06-01762.1990,JournalArticle,unknown,14,brain; neuron; neuromorphic; explicit brain-structure/AI bridge,"To understand how auditory information is processed in the cochlear nuclei, it is crucial to know what circuitry exists and how it functions."
1990,Neocortical representational dynamics in adult primates: implications for neuropsychology.,"W. Jenkins, M. Merzenich, G. Recanzone",Neuropsychologia,1990,201,"Brain Decoding, Representation Learning, and BCI",brain-structure;decoding,10.1016/0028-3932(90)90035-M,55cccb213edf52f4672c8802b5244d7afe9db0b6,https://doi.org/10.1016/0028-3932(90)90035-M,Review; JournalArticle,unknown,22,brain; cortical; decoding; representation learning; bci; explicit brain-structure/AI bridge,
1990,The high Km glucose transporter of islets of Langerhans is functionally similar to the low affinity transporter of liver and has an identical primary sequence.,"John H. Johnson, C. B. Newgard, C. B. Newgard, J. L. Milburn, H. Lodish, Bernard Thorens, et al.",Journal of Biological Chemistry,1990-04-25,201,"Cellular, Synaptic, and Neuromorphic Foundations",brain-structure,10.1016/s0021-9258(19)39181-1,768dd0431f2b4bf303074abb94271c99792c8420,https://doi.org/10.1016/s0021-9258(19)39181-1,JournalArticle; Study,unknown,13,brain; neuromorphic; explicit brain-structure/AI bridge,The liver has been shown to contain a facilitated diffusion glucose transporter with high Km for glucose that is structurally distinct from the low Km glucose transporters found in most other tissues.
1990,Cytokines act within the brain to inhibit luteinizing hormone secretion and ovulation in the rat.,"C. Rivier, W. Vale",Endocrinology,1990-08-01,200,General Brain-AI Structure Reviews and Methods,brain-structure,10.1210/ENDO-127-2-849,dc58f81d3ddff728651cd9eb59c12a9258450966,https://doi.org/10.1210/ENDO-127-2-849,JournalArticle,unknown,4,brain; brain/neural structure in title,
1990,Rehabilitation of the Adult and Child with Traumatic Brain Injury,N. Zasler,Unknown venue,1990-09-01,200,General Brain-AI Structure Reviews and Methods,brain-structure,10.1097/00001199-199009000-00018,0cbf60e8c9e603013df6971b61d827c7c3d5a9d4,https://doi.org/10.1097/00001199-199009000-00018,paper,unknown,4,brain; brain/neural structure in title,
1990,The Adaptive Brain,"S. Kitzis, S. Grossberg",Unknown venue,1990-01-23,200,General Brain-AI Structure Reviews and Methods,brain-structure,10.2307/1423222,63de40bad0b400cddb88ec11bb0a875b4f488fe1,https://doi.org/10.2307/1423222,paper,unknown,4,brain; brain/neural structure in title,
1990,Depolarization and stimulation of neurons in nucleus tractus solitarii by carbon dioxide does not require chemical synaptic input.,"J. Dean, D. Bayliss, Jeffery T. Erickson, W. Lawing, D. Millhorn",Neuroscience,1990,199,"Cellular, Synaptic, and Neuromorphic Foundations",,10.1016/0306-4522(90)90363-9,f5db2732e445734e93fe2c9cce119e32a5b9d52b,https://doi.org/10.1016/0306-4522(90)90363-9,JournalArticle,unknown,13,neuron; neuromorphic; explicit brain-structure/AI bridge,
1990,Protein kinase C phosphorylates P-glycoprotein in multidrug resistant human KB carcinoma cells.,"Timothy C. Chamber, E. Mcavoy, J. Jacobs, G. Eilon",Journal of Biological Chemistry,1990-05-05,199,"Cellular, Synaptic, and Neuromorphic Foundations",brain-structure,10.1016/s0021-9258(19)39168-9,a68b9f479691d133ba10023e21b8a62c5b066e5f,https://doi.org/10.1016/s0021-9258(19)39168-9,JournalArticle,unknown,13,brain; neuromorphic; explicit brain-structure/AI bridge,Studies were undertaken to identify the protein kinase(s) responsible for P-glycoprotein phosphorylation in multidrug-resistant (KB-V1) human carcinoma cells and to elucidate the functional role of phosphorylation.
1990,Correlation of motor cortex brain mapping data with magnetic resonance imaging.,"M. S. Berger, W. Cohen, G. Ojemann",Journal of Neurosurgery,1990-03-01,198,Structural Neuroimaging and AI,brain-structure;neuroimaging,10.3171/JNS.1990.72.3.0383,7a1147f0624990199bd3df501fab9311fddc68db,https://doi.org/10.3171/JNS.1990.72.3.0383,JournalArticle,unknown,5,brain; cortex; brain/neural structure in title,
1990,Feedback regulation of phospholipase C-beta by protein kinase C.,"S. Ryu, U. Kim, M. Wahl, A. Brown, G. Carpenter, K. Huang, et al.",Journal of Biological Chemistry,1990-10-15,198,"Cellular, Synaptic, and Neuromorphic Foundations",brain-structure,10.1016/s0021-9258(18)38254-1,485dc95092be303cd066773bef2a704e93f32370,https://doi.org/10.1016/s0021-9258(18)38254-1,JournalArticle,unknown,13,brain; neuromorphic; explicit brain-structure/AI bridge,"Treatment of a variety of cells and tissues with 12-O-tetradecanoylphorbol-13-acetate (TPA), an activator of protein kinase C (PKC) results in the inhibition of receptor-coupled inositol phospholipid-specific phospholipase C (PLC) activity."
1990,General and dramatic glial reaction in Alzheimer brains,A. Delacourte,Neurology,1990-01-01,198,Clinical NeuroAI and Brain Disorders,brain-structure;clinical-neuroai,10.1212/WNL.40.1.33,934419883c4b17894dc55cd1611c928954cf9d2c,https://doi.org/10.1212/WNL.40.1.33,JournalArticle,unknown,4,brain; brain/neural structure in title,
1990,Horizontal and vertical components of head movement are controlled by distinct neural circuits in the barn owl,"T. Masino, E. Knudsen",Nature,1990-05-31,198,General Brain-AI Structure Reviews and Methods,brain-structure,10.1038/345434A0,85c28a3f43edc05f0940df63ca67eb2efc82af8b,https://doi.org/10.1038/345434A0,JournalArticle,unknown,5,brain; neural; brain/neural structure in title,
1990,Neural damage in the rat thalamus after cortical infarcts.,"Hideaki Iizuka, K. Sakatani, Wise Young",Stroke,1990-05-01,198,Clinical NeuroAI and Brain Disorders,brain-structure;clinical-neuroai,10.1161/01.STR.21.5.790,bb0dae4074d6d1f31feb26ed96a1ba7c2ccc449e,https://doi.org/10.1161/01.STR.21.5.790,JournalArticle,unknown,7,brain; cortical; thalamus; neural; brain/neural structure in title,
1990,The pathology of human cerebral malaria.,"M. Aikawa, M. Iseki, J. Barnwell, D. Taylor, M. Oo, R. J. Howard",American Journal of Tropical Medicine and Hygiene,1990-08-01,198,General Brain-AI Structure Reviews and Methods,brain-structure,10.4269/AJTMH.1990.43.30,4e68cda20db7a78ff515af8c5e66cea651b640f5,https://doi.org/10.4269/AJTMH.1990.43.30,Review; JournalArticle,unknown,2,brain; cerebral,
1990,Age-dependent decline in human brain dopamine D1 and D2 receptors.,"J. Rinne, P. Lönnberg, P. Marjamäki",Brain Research,1990-02-05,197,General Brain-AI Structure Reviews and Methods,brain-structure,10.1016/0006-8993(90)90423-9,ed9e555f1e849985858836cb29ad1595deaca252,https://doi.org/10.1016/0006-8993(90)90423-9,JournalArticle,unknown,4,brain; brain/neural structure in title,
1990,Interhemispheric transfer of plasticity in the cerebral cortex.,"M Calford, R. Tweedale",Science,1990-08-17,197,"Cellular, Synaptic, and Neuromorphic Foundations",brain-structure,10.1126/SCIENCE.2389146,087421c7623647a3c052adea168fd410cf184d6c,https://doi.org/10.1126/SCIENCE.2389146,JournalArticle,unknown,17,cerebral; cortex; neuromorphic; brain/neural structure in title; explicit brain-structure/AI bridge,
1990,"Tubulin binds specifically to the signal-transducing proteins, Gs alpha and Gi alpha 1.","Nan Wang, K. Yan, M. Rasenick",Journal of Biological Chemistry,1990-01-25,197,"Cellular, Synaptic, and Neuromorphic Foundations",brain-structure,10.1016/s0021-9258(19)40002-1,9934184af3390bf002a4a98612ce28f419e496ea,https://doi.org/10.1016/s0021-9258(19)40002-1,JournalArticle,unknown,14,cerebral; cortex; neuromorphic; explicit brain-structure/AI bridge,Participation of cytoskeletal elements in regulation of hormonal response and responsiveness has been suggested by several laboratories.
1990,"Distribution of aromatase in the brain of the Japanese quail, ring dove, and zebra finch: An immunocytochemical study","J. Balthazart, A. Foidart, C. Surlemont, A. Vockel, N. Harada",The Journal of comparative neurology,1990-11-08,196,General Brain-AI Structure Reviews and Methods,brain-structure,10.1002/cne.903010210,aae8729d5230d12566a1aa5ddc6acd3194479ed9,https://doi.org/10.1002/cne.903010210,JournalArticle; Study,unknown,4,brain; brain/neural structure in title,
1990,Gene delivery to glioma cells in rat brain by grafting of a retrovirus packaging cell line,"M. Short, B. Choi, J. K. Lee, A. Malick, X. Breakefield, R. Martuza",Journal of Neuroscience Research,1990-11-01,196,"Cellular, Synaptic, and Neuromorphic Foundations",brain-structure,10.1002/jnr.490270322,10bfda5f91928bbd71c340086dfc50957b25d75a,https://doi.org/10.1002/jnr.490270322,JournalArticle; Study,unknown,16,brain; neuromorphic; brain/neural structure in title; explicit brain-structure/AI bridge,
1990,Preliminary report: activation of the cerebellum in essential tremor,"J. Colebatch, Richard S. J. Frackowiak, D. Brooks, L. Findley, C. M. Marsden",The Lancet,1990-10-27,196,General Brain-AI Structure Reviews and Methods,brain-structure,10.1016/0140-6736(90)92489-5,723dee7bc859f78de8f259061b114cd83fe716c3,https://doi.org/10.1016/0140-6736(90)92489-5,JournalArticle,unknown,2,brain; cerebellum,
1990,Immunohistochemical study of glial reaction and serum-protein extravasation in relation to neuronal damage in rat hippocampus after ischemia.,"R. Schmidt-Kastner, J. Szymas, K. Hossmann",Neuroscience,1990,195,"Cellular, Synaptic, and Neuromorphic Foundations",brain-structure,10.1016/0306-4522(90)90048-9,1c952ab70f7dadd702baecfc6ee8074a55a41bac,https://doi.org/10.1016/0306-4522(90)90048-9,JournalArticle,unknown,14,hippocampus; neuron; neuromorphic; explicit brain-structure/AI bridge,
1990,"Molecular, cellular, and pathologic characterization of HLA-DR immunoreactivity in normal elderly and Alzheimer's disease brain.","S. Styren, W. H. Civin, J. Rogers",Experimental Neurology,1990-10-01,195,"Cellular, Synaptic, and Neuromorphic Foundations",brain-structure;clinical-neuroai,10.1016/0014-4886(90)90054-V,ee0cb7d3e5e619de288096013c2148c1b9f9dbb2,https://doi.org/10.1016/0014-4886(90)90054-V,JournalArticle,unknown,16,brain; neuromorphic; brain/neural structure in title; explicit brain-structure/AI bridge,
1990,Noradrenaline axon terminals in adult rat neocortex: an immunocytochemical analysis in serial thin sections.,"P. Séguéla, K. C. Watkins, M. Geffard, L. Descarries",Neuroscience,1990,195,General Brain-AI Structure Reviews and Methods,brain-structure,10.1016/0306-4522(90)90079-J,828f84a68f83734068899bce0c3b8527ef795a37,https://doi.org/10.1016/0306-4522(90)90079-J,JournalArticle,unknown,5,brain; cortex; brain/neural structure in title,
1990,Transferrin receptor in normal and neoplastic brain tissue: implications for brain-tumor immunotherapy.,"L. Recht, C. Torres, T. Smith, V. Raso, T. Griffin",Journal of Neurosurgery,1990-06-01,195,Clinical NeuroAI and Brain Disorders,brain-structure,10.3171/JNS.1990.72.6.0941,2c65a4259ff29495710c9157070a8b4e9c360595,https://doi.org/10.3171/JNS.1990.72.6.0941,JournalArticle,unknown,4,brain; brain/neural structure in title,
1990,Intracellular Calcium-Dependent Proteolysis,R. L. Mellgren,Unknown venue,1990-08-29,194,"Cellular, Synaptic, and Neuromorphic Foundations",brain-structure,10.1201/9781351073813,e0e6b7d07a4b5a4fbddbf54139fc1e50d95e0014,https://doi.org/10.1201/9781351073813,paper,unknown,13,brain; neuromorphic; explicit brain-structure/AI bridge,Structural and Regulatory Properties of the Calpains and Calpastatins: Historical Background and Current Status of the Ca 2+ Dependent Proteinase System (D.E.
1990,LATE CHILDHOOD CHANGES IN BRAIN MORPHOLOGY OBSERVABLE WITH MRI,"T. Jernigan, P. Tallal",Developmental Medicine & Child Neurology,1990-05-01,194,Structural Neuroimaging and AI,brain-structure;neuroimaging,10.1111/j.1469-8749.1990.tb16956.x,4df7f93d898dbb45f8068eb38b17fcadce2c7ce4,https://doi.org/10.1111/j.1469-8749.1990.tb16956.x,JournalArticle,unknown,5,brain; mri; brain/neural structure in title,
1990,Parental occupation and childhood cancer: review of epidemiologic studies.,"D. Savitz, Jianhua Chen",Environmental Health Perspectives,1990-08-01,194,"Cognitive Architectures, Learning, and Systems Neuroscience",brain-structure;neuroimaging,10.1289/ehp.9088325,405fc6aa6acaa5d17721ad7ae51c2793a1d134bc,https://doi.org/10.1289/ehp.9088325,Review; JournalArticle,unknown,13,brain; cognitive architecture; explicit brain-structure/AI bridge,Parental occupational exposures might affect childhood cancer in the offspring through genetic changes in the ovum or sperm or through transplacental carcinogenesis.
1990,Quantitative estimation of minor mRNAs by cDNA-polymerase chain reaction. Application to dystrophin mRNA in cultured myogenic and brain cells.,"J. Chelly, Didier Montarras, Christian Pinset, Yoheved Berwald-Netter, Jean-Claude Kaplan, Axel Kahn",European Journal of Biochemistry,1990-02-01,193,"Cellular, Synaptic, and Neuromorphic Foundations",brain-structure,10.1111/J.1432-1033.1990.TB15355.X,4222a7b70f6296a85077fae20305351a16d8fbf6,https://doi.org/10.1111/J.1432-1033.1990.TB15355.X,JournalArticle; Study,unknown,16,brain; neuromorphic; brain/neural structure in title; explicit brain-structure/AI bridge,
1990,Blood-brain barrier disturbance in patients with Alzheimer's disease is related to vascular factors,"K. Blennow, A. Wallin, P. Fredman, I. Karlsson, C. Gottfries, Lars Svennerholm",Acta Neurologica Scandinavica,1990-04-01,192,Clinical NeuroAI and Brain Disorders,brain-structure;clinical-neuroai,10.1111/j.1600-0404.1990.tb01563.x,13c91c012341649ffbbff861fa3bfac965df456d,https://doi.org/10.1111/j.1600-0404.1990.tb01563.x,JournalArticle,unknown,4,brain; brain/neural structure in title,"To investigate the blood-brain barrier (BBB function), serum and cerebro-spinal fluid (CSF) from 118 patients with Alzheimer's disease (AD) and 50 healthy controls was analyzed with regard to albumin concentrations."
1990,Downregulation of Blood-Brain Barrier Glucose Transporter in Experimental Diabetes,"W. Pardridge, D. Triguero, Christine R. Farrell",Diabetes,1990-09-01,192,General Brain-AI Structure Reviews and Methods,brain-structure,10.2337/diab.39.9.1040,198d3753e529c5e5415b06ced08bcef75f5faa03,https://doi.org/10.2337/diab.39.9.1040,JournalArticle,unknown,4,brain; brain/neural structure in title,
1990,"GABAergic and dopaminergic transmission in the rat cerebral cortex: effect of stress, anxiolytic and anxiogenic drugs.","G. Biggio, A. Concas, M. Corda, O. Giorgi, E. Sanna, Mariangela Serra",Pharmacology and Therapeutics,1990,192,General Brain-AI Structure Reviews and Methods,brain-structure,10.1016/0163-7258(90)90077-F,57dd388bfdb864af3ca0846a25c4b0c3e084c35c,https://doi.org/10.1016/0163-7258(90)90077-F,Review; JournalArticle,unknown,6,brain; cerebral; cortex; brain/neural structure in title,
1990,Nuclear relaxation of human brain gray and white matter: Analysis of field dependence and implications for MRI,"H. Fischer, P. Rinck, Y. van Haverbeke, R. Muller",Magnetic Resonance in Medicine,1990-11-01,192,Structural Neuroimaging and AI,brain-structure;neuroimaging,10.1002/mrm.1910160212,75da7e566b19567c5563df0c8c87f85b38c91cf1,https://doi.org/10.1002/mrm.1910160212,JournalArticle,unknown,5,brain; mri; brain/neural structure in title,
1990,Rapid Rise in Transcription Factor mRNAs in Rat Brain After Electroshock-Induced Seizures,"A. Cole, S. Abu-Shakra, D. Saffen, J. Baraban, P. Worley",Journal of Neurochemistry,1990-12-01,192,General Brain-AI Structure Reviews and Methods,brain-structure,10.1111/j.1471-4159.1990.tb05777.x,1eb87935c51b2e46abaae75699c4a3b1436d359c,https://doi.org/10.1111/j.1471-4159.1990.tb05777.x,JournalArticle,unknown,4,brain; brain/neural structure in title,
1990,Down-regulation of protein kinase C protects cerebellar granule neurons in primary culture from glutamate-induced neuronal death.,"M. Favaron, H. Manev, R. Siman, M. Bertolino, Anna Székely, G. Deerausquin, et al.",Proceedings of the National Academy of Sciences of the United States of America,1990-03-01,191,"Cellular, Synaptic, and Neuromorphic Foundations",,10.1073/PNAS.87.5.1983,249ef3ba0c702b21c6cd4480a305470d533d065d,https://doi.org/10.1073/PNAS.87.5.1983,JournalArticle,unknown,13,neuron; neuromorphic; explicit brain-structure/AI bridge,
1990,"Subtractive cDNA cloning of RC3, a rodent cortex-enriched mRNA encoding a novel 78 residue protein","J. Watson, J. Watson, E. Battenberg, K. Wong, F. Bloom, J. Sutcliffe",Journal of Neuroscience Research,1990-08-01,191,"Brain Decoding, Representation Learning, and BCI",brain-structure,10.1002/jnr.490260402,28959b788eadedf57bf56aacf34ebd67ef41d0e5,https://doi.org/10.1002/jnr.490260402,JournalArticle,unknown,25,brain; cortex; decoding; representation learning; bci; brain/neural structure in title; explicit brain-structure/AI bridge,
1990,Thallium-201 SPECT imaging of brain tumors: methods and results.,"K. T. Kim, K. Black, D. Marciano, J. Mazziotta, B. Guze, Scott T. Grafton, et al.",Journal of Nuclear Medicine,1990-06-01,191,Clinical NeuroAI and Brain Disorders,brain-structure,,35339dc840679c58ec74fc8575c7c0bda3117ee7,https://www.semanticscholar.org/paper/35339dc840679c58ec74fc8575c7c0bda3117ee7,JournalArticle,unknown,4,brain; brain/neural structure in title,
1990,Functional subdivisions of the rat somatic sensorimotor cortex.,"T. M. Barth, T. Jones, T. Schallert",Behavioural Brain Research,1990-06-18,190,General Brain-AI Structure Reviews and Methods,brain-structure,10.1016/0166-4328(90)90122-U,ce4ad72ba21a49ee24a5bbc5ec05620ed3190751,https://doi.org/10.1016/0166-4328(90)90122-U,JournalArticle,unknown,5,brain; cortex; brain/neural structure in title,
1990,Afferent regulation of neurons in the brain stem auditory system.,"E. Rubel, R. L. Hyson, D. Durham",Journal of Neurobiology,1990,189,"Cellular, Synaptic, and Neuromorphic Foundations",brain-structure,10.1002/NEU.480210112,3ecaab0a7e7557d5306366be134fe25d5573fd29,https://doi.org/10.1002/NEU.480210112,Review; JournalArticle,unknown,5,brain; neuron; brain/neural structure in title,
1990,Identification and functional expression of a novel ligand binding subunit of the inhibitory glycine receptor.,"J. Kuhse, V. Schmieden, H. Betz",Journal of Biological Chemistry,1990-12-25,189,General Brain-AI Structure Reviews and Methods,brain-structure,10.1016/s0021-9258(18)45707-9,750fd784fe779e04e3b1d500be929d1873c5e1c6,https://doi.org/10.1016/s0021-9258(18)45707-9,JournalArticle; Study,unknown,1,brain,"By homology screening of a rat brain cDNA library we have identified a novel alpha subunit variant of the inhibitory glycine receptor, alpha 3."
1990,"Wnt-3, a gene activated by proviral insertion in mouse mammary tumors, is homologous to int-1/Wnt-1 and is normally expressed in mouse embryos and adult brain.","H. Roelink, Els Wagenaar, Sofia Lopes da Silva, Roel Nusse",Proceedings of the National Academy of Sciences of the United States of America,1990-06-01,189,Clinical NeuroAI and Brain Disorders,brain-structure,10.1073/PNAS.87.12.4519,eae7fb93490df7f23ce861a3aebd78380cfcbbdf,https://doi.org/10.1073/PNAS.87.12.4519,JournalArticle; Study,unknown,4,brain; brain/neural structure in title,
1990,ERPs during continuous recognition memory for words.,D. Friedman,Biological Psychology,1990-02-01,188,"Electrophysiology, Neural Signals, and AI Decoding",neural-signals,10.1016/0301-0511(90)90091-A,6c64734744a6ffbbdb8a77681e9b9ad26c93a3b7,https://doi.org/10.1016/0301-0511(90)90091-A,JournalArticle,unknown,13,ecog; cognitive architecture; explicit brain-structure/AI bridge,
1990,Brain plasticity as a basis for recovery of function in humans.,P. Bach-y-Rita,Neuropsychologia,1990,187,"Cellular, Synaptic, and Neuromorphic Foundations",brain-structure,10.1016/0028-3932(90)90033-K,97cc8d5e65173074ada0c6880b596961ae3ae57e,https://doi.org/10.1016/0028-3932(90)90033-K,JournalArticle; CaseReport,unknown,16,brain; neuromorphic; brain/neural structure in title; explicit brain-structure/AI bridge,
1990,Monosomy 22 in rhabdoid or atypical tumors of the brain.,"J. Biegel, L. Rorke, R. Packer, B. Emanuel",Journal of Neurosurgery,1990-11-01,186,Clinical NeuroAI and Brain Disorders,brain-structure,10.3171/JNS.1990.73.5.0710,732e4f22549a15e34b5b25e93e7f13ea5d676aa6,https://doi.org/10.3171/JNS.1990.73.5.0710,JournalArticle; CaseReport,unknown,4,brain; brain/neural structure in title,
1990,Narrative comprehension in adults with right and left hemisphere brain-damage: theme organization.,M. Hough,Brain and Language,1990-02-01,186,General Brain-AI Structure Reviews and Methods,brain-structure,10.1016/0093-934X(90)90114-V,5e40b0e524da8fdf0c499f790d0fa2a54341de6e,https://doi.org/10.1016/0093-934X(90)90114-V,JournalArticle,unknown,4,brain; brain/neural structure in title,
1990,The neural basis of primate social communication,Leslie Brothers,Unknown venue,1990,186,General Brain-AI Structure Reviews and Methods,brain-structure,10.1007/BF00991637,5a2afaadc9194e63ec14a05f707f17e056cc99c5,https://doi.org/10.1007/BF00991637,paper,unknown,5,brain; neural; brain/neural structure in title,
1990,Two forms of the basic fibroblast growth factor receptor-like mRNA are expressed in the developing mouse brain.,"Hugh H. Reid, A. Wilks, O. Bernard",Proceedings of the National Academy of Sciences of the United States of America,1990-02-01,186,General Brain-AI Structure Reviews and Methods,brain-structure,10.1073/PNAS.87.4.1596,b4a7d6e992f073efbbf36c83beaa781445066c8f,https://doi.org/10.1073/PNAS.87.4.1596,JournalArticle; Study,unknown,4,brain; brain/neural structure in title,
1990,Acute effects of ethanol on regional brain glucose metabolism and transport.,"N. Volkow, R. Hitzemann, A. Wolf, J. Logan, J. Fowler, D. Christman, et al.",Psychiatry Research,1990-04-01,185,General Brain-AI Structure Reviews and Methods,brain-structure,10.1016/0925-4927(90)90007-S,fdd379bcef7bcbb93852b5f03baff8218204b516,https://doi.org/10.1016/0925-4927(90)90007-S,JournalArticle,unknown,4,brain; brain/neural structure in title,
1990,Magnetic resonance imaging evidence for a defect of cerebral cortical development in autism.,"J. Piven, M. Berthier, S. Starkstein, E. Nehme, G. Pearlson, S. Folstein",American Journal of Psychiatry,1990-06-01,185,General Brain-AI Structure Reviews and Methods,brain-structure;neuroimaging,10.1176/AJP.147.6.734,9237d45ebed7da2a00399dfccab5341d76241f56,https://doi.org/10.1176/AJP.147.6.734,JournalArticle,unknown,3,brain; cerebral; cortical,
1990,An in vitro analysis of sound localization mechanisms in the gerbil lateral superior olive,D. Sanes,Journal of Neuroscience,1990-11-01,184,"Cellular, Synaptic, and Neuromorphic Foundations",brain-structure,10.1523/JNEUROSCI.10-11-03494.1990,2f7292931cd70abe0dd23b073b3346713f0508c1,https://doi.org/10.1523/JNEUROSCI.10-11-03494.1990,JournalArticle,unknown,14,brain; neuron; neuromorphic; explicit brain-structure/AI bridge,One way in which animals localize sounds along the horizon is by detecting the level differences at the 2 ears.
1990,Cloning of three human tyrosine phosphatases reveals a multigene family of receptor-linked protein-tyrosine-phosphatases expressed in brain.,"R. Kaplan, B. Morse, K. Huebner, C. Croce, R. Howk, Mark W. Ravera, et al.",Proceedings of the National Academy of Sciences of the United States of America,1990-09-01,184,General Brain-AI Structure Reviews and Methods,brain-structure,10.1073/PNAS.87.18.7000,f359ddfc9a4e0df7d18be8a059311ffb46d65d4d,https://doi.org/10.1073/PNAS.87.18.7000,JournalArticle; Study,unknown,4,brain; brain/neural structure in title,
1990,Comparing brains.,"P. Harvey, J. Krebs",Science,1990,184,General Brain-AI Structure Reviews and Methods,brain-structure,10.1126/science.2196673,79cd00083cb333219736201bd5342e485ecc4e7a,https://doi.org/10.1126/science.2196673,Review; JournalArticle,unknown,4,brain; brain/neural structure in title,
1990,The role of transcranial Doppler in confirming brain death,"G. Petty, J. Mohr, T. Pedley, T. Tatemichi, L. Lennihan, D. I. Duterte, et al.",Neurology,1990-02-01,184,General Brain-AI Structure Reviews and Methods,brain-structure,10.1212/WNL.40.2.300,925034e74d59f3949a58a67794b5a3c120177ba0,https://doi.org/10.1212/WNL.40.2.300,JournalArticle,unknown,4,brain; brain/neural structure in title,
1990,An imidazoline-specific mechanism for the hypotensive effect of clonidine: a study with yohimbine and idazoxan.,"E. Tibirica, J. Feldman, C. Mermet, F. Gonon, P. Bousquet",Journal of Pharmacology and Experimental Therapeutics,1990-02-01,183,"Cellular, Synaptic, and Neuromorphic Foundations",brain-structure,10.1016/s0022-3565(25)22963-9,ec3a9c3c974a3a23a49fb9bff451d7197cdafb72,https://doi.org/10.1016/s0022-3565(25)22963-9,JournalArticle,unknown,14,brain; neuron; neuromorphic; explicit brain-structure/AI bridge,Our previous in vivo electrochemical studies in the normotensive rat have shown that there was a positive correlation between the hypotensive effect of low doses of clonidine (8-40 nmol/kg i.v.) and the inhibition of the metabolic activity of catecholaminergic neurons within the nucleus reticularis region in the brain stem.
1990,Brain edema and cerebrovascular permeability during cerebral ischemia in rats.,"S. Hatashita, J. Hoff",Stroke,1990-04-01,183,Clinical NeuroAI and Brain Disorders,brain-structure;clinical-neuroai,10.1161/01.STR.21.4.582,9171bee37489cab9223c36d3b3dd566135b5651d,https://doi.org/10.1161/01.STR.21.4.582,JournalArticle,unknown,5,brain; cerebral; brain/neural structure in title,
1990,Discordant expression of heat shock protein mRNAs in tissues of heat-stressed rats.,"M. J. Blake, D. Gershon, J. Fargnoli, N. Holbrook",Journal of Biological Chemistry,1990-09-05,183,"Cellular, Synaptic, and Neuromorphic Foundations",brain-structure,10.1016/s0021-9258(18)77252-9,1f43449e3f6cbec6786b518a93254340a5ac5c9d,https://doi.org/10.1016/s0021-9258(18)77252-9,JournalArticle,unknown,13,brain; neuromorphic; explicit brain-structure/AI bridge,"Although the induction of heat shock proteins (HSP) has been studied extensively in cultured cells, comparatively few studies have examined their expression in vivo."
1990,Ontogeny of gonadotropin-releasing hormone-containing neurons in early fetal development of rhesus macaques.,"O. Rønnekleiv, J. Resko",Endocrinology,1990,183,"Cellular, Synaptic, and Neuromorphic Foundations",,10.1210/ENDO-126-1-498,5cd93e308c412add942ea1004d8b975f298c1252,https://doi.org/10.1210/ENDO-126-1-498,JournalArticle,unknown,13,neuron; neuromorphic; explicit brain-structure/AI bridge,
1990,Oligodendroglial Microtubular Tangles in Olivopontocerebellar Atrophy,"Y. Nakazato, H. Yamazaki, J. Hirato, Y. Ishida, H. Yamaguchi",Journal of Neuropathology and Experimental Neurology,1990-09-01,182,General Brain-AI Structure Reviews and Methods,brain-structure,10.1097/00005072-199009000-00007,339f287b20cbda7318e89fd6cfd2812d7d6fb6b1,https://doi.org/10.1097/00005072-199009000-00007,JournalArticle,unknown,1,brain,
1990,Autoregulation of Cerebral Blood Flow in Experimental Focal Brain Ischemia,"U. Dirnagl, W. Pulsinelli",Journal of Cerebral Blood Flow and Metabolism,1990-05-01,181,General Brain-AI Structure Reviews and Methods,brain-structure,10.1038/jcbfm.1990.61,69806a5379e9e7ea28510ab04fbeda272acd1434,https://doi.org/10.1038/jcbfm.1990.61,JournalArticle,unknown,5,brain; cerebral; brain/neural structure in title,
1990,Complications of cerebral angiography for patients with mild carotid territory ischaemia being considered for carotid endarterectomy.,"G. Hankey, C. Warlow, A. Molyneux",Journal of Neurology Neurosurgery & Psychiatry,1990-07-01,181,"Connectomics, Graph Models, and Brain Networks",brain-structure;connectome;clinical-neuroai,10.1136/jnnp.53.7.542,de50d9772372b29e1dac10b0aa8a067e3cdd0f2c,https://doi.org/10.1136/jnnp.53.7.542,JournalArticle,unknown,6,brain; cerebral; historical computation/learning bridge,
1990,Differential splicing of Alzheimer's disease amyloid A4 precursor RNA in rat tissues: PreA4(695) mRNA is predominantly produced in rat and human brain.,"Jie Kang, B. Müller-Hill",Biochemical and Biophysical Research Communications - BBRC,1990-02-14,181,Clinical NeuroAI and Brain Disorders,brain-structure;clinical-neuroai,10.1016/0006-291X(90)90992-V,f4aabd54cf061e38ff0b1d01f2960d3dc68532cc,https://doi.org/10.1016/0006-291X(90)90992-V,JournalArticle; Study,unknown,4,brain; brain/neural structure in title,
1990,Biogenesis of synaptic vesicle-like structures in a pheochromocytoma cell line PC-12,"Lois Clift-O 'grady, AD Linstedt, A W Lowe, Eric Grote, R. B. Kelly",Journal of Cell Biology,1990-05-01,180,"Cellular, Synaptic, and Neuromorphic Foundations",brain-structure,10.1083/jcb.110.5.1693,7153ba470df87b3efee6e61ffc808853d1193e8d,https://doi.org/10.1083/jcb.110.5.1693,JournalArticle,unknown,14,brain; neuron; neuromorphic; explicit brain-structure/AI bridge,The presence of unique proteins in synaptic vesicles of neurons suggests selective targeting during vesicle formation.
1990,Determination of sulfide in brain tissue and rumen fluid by ion-interaction reversed-phase high-performance liquid chromatography.,"J. C. Savage, D. Gould",Journal of Chromatography A,1990,180,"Connectomics, Graph Models, and Brain Networks",brain-structure;connectome,10.1016/S0378-4347(00)82537-2,44398fef94be690e7fffa8b32a03adb6eeb42a7d,https://doi.org/10.1016/S0378-4347(00)82537-2,JournalArticle,unknown,8,brain; brain/neural structure in title; historical computation/learning bridge,
1990,Intracerebral adrenal medulla grafts: a review.,"W. Freed, M. Półtorak, J. Becker",Experimental Neurology,1990-11-01,180,General Brain-AI Structure Reviews and Methods,brain-structure,10.1016/0014-4886(90)90026-O,aaab5897dd93954d88abf2cc68f69c25fb6721a2,https://doi.org/10.1016/0014-4886(90)90026-O,Review; JournalArticle,unknown,2,brain; cerebral,
1990,Microtubule dynamics in living dividing plant cells: confocal imaging of microinjected fluorescent brain tubulin.,"Dahong Zhang, Patricia Wadsworth, P. K. Hepler",Proceedings of the National Academy of Sciences of the United States of America,1990-11-01,180,"Cellular, Synaptic, and Neuromorphic Foundations",brain-structure,10.1073/PNAS.87.22.8820,d8998d4f878682452bc53f90e454909edaefa4bf,https://doi.org/10.1073/PNAS.87.22.8820,JournalArticle,unknown,16,brain; neuromorphic; brain/neural structure in title; explicit brain-structure/AI bridge,
1990,Minimizing the risk of brain herniation during treatment of diabetic ketoacidemia: a retrospective and prospective study.,"Gleen D. Harris, Gleen D. Harris, Irma Flordalisi, Irma Flordalisi, W. L. Harris, W. L. Harris, et al.",Jornal de Pediatria,1990-07-01,180,General Brain-AI Structure Reviews and Methods,brain-structure,10.1016/S0022-3476(05)82439-4,37f15f72136f114ea29af13a8840c76079986d48,https://doi.org/10.1016/S0022-3476(05)82439-4,JournalArticle; Study,unknown,4,brain; brain/neural structure in title,
1990,New frontiers in basal ganglia research,"P. Goldman-Rakic, L. Selemon",Unknown venue,1990-07-01,180,General Brain-AI Structure Reviews and Methods,,10.1016/0166-2236(90)90103-H,39ebb5dde707d60b3183a132bb0615753b5b5b74,https://doi.org/10.1016/0166-2236(90)90103-H,paper,unknown,2,brain; basal ganglia,
1990,Reactive microglia express class I and class II major histocompatibility complex antigens in Alzheimer's disease.,"I. Tooyama, Hiroshi Kimura, H. Akiyama, P. Mcgeer",Brain Research,1990-07-23,180,Clinical NeuroAI and Brain Disorders,brain-structure;clinical-neuroai,10.1016/0006-8993(90)91496-4,8b15b2cdad11d8d7e5c16c0f1df93c4a3682af1d,https://doi.org/10.1016/0006-8993(90)91496-4,JournalArticle,unknown,1,brain,
1990,Enhancement of acetylcholine release during paradoxical sleep in the dorsal tegmental field of the cat brain stem.,"T. Kodama, Yasuro Takahashi, Y. Honda",Neuroscience Letters,1990-07-13,179,General Brain-AI Structure Reviews and Methods,brain-structure,10.1016/0304-3940(90)90576-U,650a9cca26bc76010bd4e39adcd6d06c1f55a958,https://doi.org/10.1016/0304-3940(90)90576-U,JournalArticle,unknown,4,brain; brain/neural structure in title,
1990,Insulin regulation of the two glucose transporters in 3T3-L1 adipocytes.,"D. Calderhead, K. Kitagawa, L. Tanner, G. D. Holman, G. Lienhard",Journal of Biological Chemistry,1990-08-15,179,"Cellular, Synaptic, and Neuromorphic Foundations",brain-structure,10.1016/s0021-9258(18)77419-x,835be37e8f7fe6b59f8d3ade280c7bc9d285f08e,https://doi.org/10.1016/s0021-9258(18)77419-x,JournalArticle,unknown,13,brain; neuromorphic; explicit brain-structure/AI bridge,"The amounts of the brain type and muscle type glucose transporters (designated Glut 1 and 4, respectively) in 3T3-L1 adipocytes have been determined by quantitative immunoblotting with antibodies against their carboxyl-terminal peptides."
1990,Selective response activation can begin before stimulus recognition is complete: a psychophysiological and error analysis of continuous flow.,"H. Smid, G. Mulder, L. Mulder",Acta Psychologica,1990-08-01,179,"Electrophysiology, Neural Signals, and AI Decoding",neural-signals,10.1016/0001-6918(90)90005-Z,e969fc4dbd2fea48eb4d9f77512848fc88551ab2,https://doi.org/10.1016/0001-6918(90)90005-Z,JournalArticle,unknown,13,ecog; cognitive architecture; explicit brain-structure/AI bridge,
1990,Trace element imbalances in isolated subcellular fractions of Alzheimer's disease brains.,"D. Wenstrup, W. Ehman, W. Markesbery",Brain Research,1990-11-12,179,"Cellular, Synaptic, and Neuromorphic Foundations",brain-structure;clinical-neuroai,10.1016/0006-8993(90)91804-P,b43cab2aa47fcc897e59538329b1f9fae639e5b3,https://doi.org/10.1016/0006-8993(90)91804-P,JournalArticle,unknown,16,brain; neuromorphic; brain/neural structure in title; explicit brain-structure/AI bridge,
1990,Ubiquitin immunoreactive structures in normal human brains. Distribution and developmental aspects.,"D. Dickson, A. Wertkin, Y. Kress, H. Ksiȩżak-Reding, S. Yen",Laboratory investigation; a journal of technical methods and pathology,1990-07-01,179,General Brain-AI Structure Reviews and Methods,brain-structure,,230bbd49746742f944c08053baa5db665e63e1df,https://www.semanticscholar.org/paper/230bbd49746742f944c08053baa5db665e63e1df,JournalArticle,unknown,4,brain; brain/neural structure in title,
1990,"Autoradiographic characterization of (+-)-1-(2,5-dimethoxy-4-[125I] iodophenyl)-2-aminopropane ([125I]DOI) binding to 5-HT2 and 5-HT1c receptors in rat brain.","N. M. Appel, W. Mitchell, R. Garlick, R. Glennon, M. Teitler, E. B. D. Souza",Journal of Pharmacology and Experimental Therapeutics,1990-11-01,178,"Connectomics, Graph Models, and Brain Networks",brain-structure;connectome,10.1016/s0022-3565(25)23167-6,f5fd2350ae0b280a814173efe7631eef23b11cae,https://doi.org/10.1016/s0022-3565(25)23167-6,JournalArticle,unknown,13,brain; cerebral; cortex; hippocampus; thalamus; hypothalamus; brain/neural structure in title; historical computation/learning bridge,"The 5-HT2 (serotonin) receptor has traditionally been labeled with antagonist radioligands such as [3H]ketanserin and [3H]spiperone, which label both agonist high-affinity (guanyl nucleotide-sensitive) and agonist low-affinity (guanyl nucleotide-insensitive) states of this receptor."
1990,Caffeine and human cerebral blood flow: a positron emission tomography study.,"O. Cameron, J. Modell, M. Hariharan",Life Science,1990,178,"Connectomics, Graph Models, and Brain Networks",brain-structure;connectome,10.1016/0024-3205(90)90174-P,2a8006080a5478ec1d7a528800baf6a6d0641056,https://doi.org/10.1016/0024-3205(90)90174-P,JournalArticle; Study,unknown,6,brain; cerebral; historical computation/learning bridge,
1990,Localization during development of alternatively spliced forms of cytotactin mRNA by in situ hybridization,"A. L. Prieto, F. S. Jones, B. A. Cunningham, K. L. Crossin, G. Edelman",Journal of Cell Biology,1990-08-01,178,"Cellular, Synaptic, and Neuromorphic Foundations",brain-structure,10.1083/jcb.111.2.685,c458427652960c7528b28e41283455159f486ed6,https://doi.org/10.1083/jcb.111.2.685,JournalArticle,unknown,15,brain; cerebellum; neural; neuromorphic; explicit brain-structure/AI bridge,"Cytotactin, an extracellular glycoprotein found in neural and nonneural tissues, influences a variety of cellular phenomena, particularly cell adhesion and cell migration."
1990,Magnesium reduces N-methyl-D-aspartate (NMDA)-mediated brain injury in perinatal rats.,"J. Mcdonald, F. Silverstein, M. Johnston",Neuroscience Letters,1990-02-05,178,General Brain-AI Structure Reviews and Methods,brain-structure,10.1016/0304-3940(90)90569-U,0fe28f7aae2a2adaf2172c1bad43f53c9d464064,https://doi.org/10.1016/0304-3940(90)90569-U,JournalArticle,unknown,5,brain; cerebral; brain/neural structure in title,We evaluated the neuroprotective effects of systemically administered magnesium against N-methyl-D-aspartate (NMDA)-mediated brain injury in perinatal rats.
1990,Effects of kainic acid-induced seizures and ischemia on c-fos-like proteins in rat brain.,"T. Popovici, A. Represa, V. Cre´pel, G. Barbin, Mireille Beaudoin, Y. Ben-Ari",Brain Research,1990-12-17,177,General Brain-AI Structure Reviews and Methods,brain-structure,10.1016/0006-8993(90)90024-6,ea6f8bf1b36432d7a6a621e06b6f4cac393987c0,https://doi.org/10.1016/0006-8993(90)90024-6,JournalArticle; Study,unknown,4,brain; brain/neural structure in title,
1990,Environmental influence on behaviour and nerve growth factor in the brain.,"A. Mohammed, B. Winblad, T. Ebendal, L. Lärkfors",Brain Research,1990-09-24,177,General Brain-AI Structure Reviews and Methods,brain-structure,10.1016/0006-8993(90)90195-H,14f5f772a4455c5c7638c2116d49cd088f72118d,https://doi.org/10.1016/0006-8993(90)90195-H,JournalArticle; Study,unknown,4,brain; brain/neural structure in title,
1990,Is the neuronal basis of Alzheimer's disease cholinergic or glutamatergic?,"A. Palmer, S. Gershon",The FASEB Journal,1990-07-01,177,"Cellular, Synaptic, and Neuromorphic Foundations",clinical-neuroai,10.1096/fasebj.4.10.2165009,106056bc66d10b6adcd0a569bdd8d9831f42cf2b,https://doi.org/10.1096/fasebj.4.10.2165009,Review; JournalArticle,unknown,13,neuron; neuromorphic; explicit brain-structure/AI bridge,
1990,Low-level segmentation of 3-D magnetic resonance brain images-a rule-based system.,S. P. Raya,IEEE Transactions on Medical Imaging,1990,177,Structural Neuroimaging and AI,brain-structure;neuroimaging,10.1109/42.57771,5ae49be35923eb419aa58c0a41fcffaadf7a91ed,https://doi.org/10.1109/42.57771,JournalArticle,unknown,4,brain; brain/neural structure in title,
1990,Lysosomal proteinase antigens are prominently localized within senile plaques of Alzheimer's disease: evidence for a neuronal origin.,"A. Cataldo, C. Thayer, Edward D. Bird, T. R. Wheelock, Ralph A. Nixon",Brain Research,1990-04-16,177,"Cellular, Synaptic, and Neuromorphic Foundations",brain-structure;clinical-neuroai,10.1016/0006-8993(90)90456-L,7816b8d3e0459f45faa7b1456b9d8dae3e3451b2,https://doi.org/10.1016/0006-8993(90)90456-L,JournalArticle,unknown,13,neuron; neuromorphic; explicit brain-structure/AI bridge,
1990,Cerebral glucose metabolic differences in patients with panic disorder.,"T. Nordahl, W. Semple, M. Gross, T. Mellman, Murray B. Stein, P. Goyer, et al.",Neuropsychopharmacology,1990-08-01,176,Clinical NeuroAI and Brain Disorders,brain-structure;clinical-neuroai,,387ad44987a947330fa4de8c79222f17d6b55a5f,https://www.semanticscholar.org/paper/387ad44987a947330fa4de8c79222f17d6b55a5f,JournalArticle; Study,unknown,2,brain; cerebral,
1990,"Improvements in localized proton NMR spectroscopy of human brain. Water suppression, short echo times, and 1 ml resolution","J. Frahm, T. Michaelis, K. Merboldt, H. Bruhn, M. Gyngell, W. Haenicke",Unknown venue,1990-12-01,176,General Brain-AI Structure Reviews and Methods,brain-structure,10.1016/0022-2364(90)90051-A,feb85a1a1d2c1b2ba68f2945c94c1205045c7e5a,https://doi.org/10.1016/0022-2364(90)90051-A,paper,unknown,4,brain; brain/neural structure in title,
1990,Induction of the c-fos proto-oncogene during opiate withdrawal in the locus coeruleus and other regions of rat brain.,"M. Hayward, R. Duman, E. Nestler",Brain Research,1990-08-20,176,"Cellular, Synaptic, and Neuromorphic Foundations",brain-structure,10.1016/0006-8993(90)90872-9,fe9b0477bdbc4517a8f7f15104a208dc63231cf1,https://doi.org/10.1016/0006-8993(90)90872-9,JournalArticle,unknown,21,brain; cerebral; cortex; hippocampus; amygdala; neuron; neuromorphic; brain/neural structure in title; explicit brain-structure/AI bridge,"Opiate regulation of the nuclear proto-oncogene c-fos was studied in the locus coeruleus (LC) and other regions of rat brain by immunoblotting, northern blotting, and in situ hybridization procedures."
1990,cDNA cloning and tissue distribution of mRNAs for two proteins that are related to the band 3 Cl-/HCO3- exchanger.,"K. Kudrycki, P. R. Newman, G. Shull",Journal of Biological Chemistry,1990-01-05,175,"Brain Decoding, Representation Learning, and BCI",brain-structure,10.1016/s0021-9258(19)40253-6,ae82bec2e39ee7d8f5bb5ab07125c3266900f4b0,https://doi.org/10.1016/s0021-9258(19)40253-6,JournalArticle; Study,unknown,21,brain; decoding; representation learning; bci; explicit brain-structure/AI bridge,"Complementary DNAs encoding two proteins that are related to the Band 3 Cl-/HCO3- exchanger, designated B3RP2 and B3RP3, have been isolated from rat stomach, brain, and kidney libraries."
1990,Serotonergic afferent regulation of the basic physiology and pharmacological responsiveness of nigrostriatal dopamine neurons.,"M. Kelland, A. S. Freeman, L. Chiodo",Journal of Pharmacology and Experimental Therapeutics,1990-05-01,175,"Cellular, Synaptic, and Neuromorphic Foundations",brain-structure;neural-signals,10.1016/s0022-3565(25)13049-8,d9c6a3287ffed232f34def3f7865492f93019894,https://doi.org/10.1016/s0022-3565(25)13049-8,JournalArticle,unknown,14,brain; neuron; neuromorphic; explicit brain-structure/AI bridge,The electrophysiological responsiveness of nigrostriatal dopamine (DA) neurons to dorsal raphe stimulation and to systemic administration of serotonin (5-HT) selective compounds was examined in chloral hydrate-anesthetized rats.
1990,The right cerebral hemisphere and psychiatric disorders,J. Cutting,Unknown venue,1990,175,General Brain-AI Structure Reviews and Methods,brain-structure,,2bfacd640fb2694577867a4269494c5ea0ee6ea7,https://www.semanticscholar.org/paper/2bfacd640fb2694577867a4269494c5ea0ee6ea7,Review,unknown,2,brain; cerebral,
1990,A New Method to Measure Brain Serotonin Synthesis in vivo. I. Theory and Basic Data for a Biological Model,"M. Diksic, S. Nagahiro, T. Sourkes, Y. Yamamoto",Journal of Cerebral Blood Flow and Metabolism,1990-01-01,174,Computational Neuroscience and Brain-Inspired AI,brain-structure;brain-inspired-ai,10.1038/jcbfm.1990.1,9bc0d40c76f442917e55ab741cd7c426331560f2,https://doi.org/10.1038/jcbfm.1990.1,JournalArticle,unknown,20,brain; computational neuroscience; brain-inspired; brain/neural structure in title; explicit brain-structure/AI bridge,
1990,Immunocytochemical localization of aromatase in the brain.,"J. Balthazart, A. Foidart, N. Harada",Brain Research,1990-04-30,174,General Brain-AI Structure Reviews and Methods,brain-structure,10.1016/0006-8993(90)91428-J,c9c4b6f6afc8575256eb21010ad005460f48fe81,https://doi.org/10.1016/0006-8993(90)91428-J,JournalArticle,unknown,4,brain; brain/neural structure in title,
1990,In vivo characterization of locally applied dopamine uptake inhibitors by striatal microdialysis,"G. Nomikos, G. Damsma, D. Wenkstern, H. Fibiger",Synapse,1990,174,"Cellular, Synaptic, and Neuromorphic Foundations",brain-structure,10.1002/syn.890060113,b2ce9749173da19117aa2f6794f1dce24daf7e24,https://doi.org/10.1002/syn.890060113,JournalArticle,unknown,13,brain; neuromorphic; explicit brain-structure/AI bridge,"In vivo brain microdialysis was used to characterize the effects of some dopamine uptake inhibitors on the extracellular concentrations of dopamine (DA) and its metabolitesdihydroxyphenylacetic acid (DOPAC) and homovanillic acid (HVA) in the striata of awake, freely moving rats."
1990,"Gamma distribution model describes maturational curves for delta wave amplitude, cortical metabolic rate and synaptic density.","I. Feinberg, H. Thode, H. Chugani, J. March",Journal of Theoretical Biology,1990-01-23,173,Computational Neuroscience and Brain-Inspired AI,brain-structure,10.1016/S0022-5193(05)80218-8,56bf17a3f620f39a72459a396dfa8a104ec972ec,https://doi.org/10.1016/S0022-5193(05)80218-8,JournalArticle,unknown,18,brain; cortical; computational neuroscience; brain-inspired; explicit brain-structure/AI bridge,
1990,Paranasal sinuses on MR images of the brain: significance of mucosal thickening.,"Kevin M. Rak, John D. Newell, W. Yakes, M. Damiano, J. M. Luethke",AJR. American journal of roentgenology,1990-11-01,173,General Brain-AI Structure Reviews and Methods,brain-structure,10.2214/AJR.156.2.1898819,48b97ea0fc7748d5b3b37ad1bb18c8811b83decb,https://doi.org/10.2214/AJR.156.2.1898819,JournalArticle,unknown,4,brain; brain/neural structure in title,
1990,Biopsy-proven cerebral vasculitis associated with cocaine abuse,"D. Krendel, Susan M. Ditter, M. Frankel, W. K. Ross",Neurology,1990-07-01,172,General Brain-AI Structure Reviews and Methods,brain-structure,10.1212/WNL.40.7.1092,3ea8671d9fc954de444b240bd6ac9b25241f4de8,https://doi.org/10.1212/WNL.40.7.1092,JournalArticle; CaseReport,unknown,2,brain; cerebral,
1990,"Lipid Peroxidation and Glutathione Peroxidase, Glutathione Reductase, Superoxide Dismutase, Catalase, and Glucose-6-Phosphate Dehydrogenase Activities in FeCl3-Induced Epileptogenic Foci in the Rat Brain","Rameshwar Singh, D. N. Pathak",Epilepsia,1990-02-01,172,General Brain-AI Structure Reviews and Methods,brain-structure,10.1111/j.1528-1157.1990.tb05354.x,1c9bafffbebb20f246288b05ebb0f7978cfa763a,https://doi.org/10.1111/j.1528-1157.1990.tb05354.x,JournalArticle,unknown,4,brain; brain/neural structure in title,
1990,Effects of head shape on EEGs and MEGs,B. Cuffin,IEEE Transactions on Biomedical Engineering,1990,171,"Electrophysiology, Neural Signals, and AI Decoding",neural-signals,10.1109/10.43614,043656a3b7958563e9f8e07a1f6d831d47648f39,https://doi.org/10.1109/10.43614,JournalArticle,unknown,15,eeg; meg; neural; decoding; explicit brain-structure/AI bridge,
1990,Immunocytochemical localization of the erythroid glucose transporter: abundance in tissues with barrier functions,"S.I Harik, R. Kalaria, L. Andersson, P. Lundahl, George Perry",Journal of Neuroscience,1990-12-01,171,"Cellular, Synaptic, and Neuromorphic Foundations",brain-structure,10.1523/JNEUROSCI.10-12-03862.1990,0f11d4d5dd455e8622ff7d67ab64a6624ac5b06e,https://doi.org/10.1523/JNEUROSCI.10-12-03862.1990,JournalArticle,unknown,15,brain; neuron; neural; neuromorphic; explicit brain-structure/AI bridge,"We investigated the cellular localization and tissue distribution of the glucose transporter protein in the nervous system of the monkey and rat, and in other tissues of the rat, by immunocytochemical methods with monoclonal and polyclonal antibodies to the glucose transporter of human erythrocytes."
1990,Osmolality-induced changes in extracellular volume alter epileptiform bursts independent of chemical synapses in the rat: importance of non-synaptic mechanisms in hippocampal epileptogenesis.,"F. Dudek, A. Obenaus, J. Tasker",Neuroscience Letters,1990-12-11,171,"Cellular, Synaptic, and Neuromorphic Foundations",,10.1016/0304-3940(90)90056-F,5327b855fbf47569af36910005c5e10a751aed51,https://doi.org/10.1016/0304-3940(90)90056-F,JournalArticle,unknown,13,synapse; neuromorphic; explicit brain-structure/AI bridge,
1990,Postnatal construction of neural circuitry in the mouse olfactory bulb,"S. Pomeroy, Anthony-Samuel LaMantia, D. Purves",Journal of Neuroscience,1990-06-01,171,"Cellular, Synaptic, and Neuromorphic Foundations",brain-structure,10.1523/JNEUROSCI.10-06-01952.1990,d438a66bfce12d28086a26eacdece9d54977f486,https://doi.org/10.1523/JNEUROSCI.10-06-01952.1990,JournalArticle,unknown,18,brain; neural; synapse; neuromorphic; brain/neural structure in title; explicit brain-structure/AI bridge,We have undertaken a quantitative analysis of the mouse olfactory bulb to address several major questions concerning the development of neural circuitry in the postnatal mammalian brain.
1990,Evidence for carrier-mediated transport of glutathione across the blood-brain barrier in the rat.,"RamKannan, J. Kuhlenkamp, Eric Jeandidler, Huy Trlnh, M. Ookhtens, Neil Kaplowltz",Journal of Clinical Investigation,1990-06-01,170,Clinical NeuroAI and Brain Disorders,brain-structure;clinical-neuroai,10.1172/JCI114666,6c575fcc0e762137a90d72bd1eb47bc1ae15a612,https://doi.org/10.1172/JCI114666,JournalArticle,unknown,4,brain; brain/neural structure in title,
1990,Neural representation and neural computation,"P. Churchland, T. Sejnowski",Unknown venue,1990,170,"Brain Decoding, Representation Learning, and BCI",brain-structure;decoding;brain-inspired-ai,10.2307/2214198,42cfc5c7509d9f08c3b2dfb9daf36191affd79e0,https://doi.org/10.2307/2214198,paper,unknown,25,brain; neural; decoding; representation learning; bci; brain/neural structure in title; explicit brain-structure/AI bridge,
1990,Long-term effect of MPTP in the mouse brain in relation to aging: neurochemical and immunocytochemical analysis.,"I. Date, D. Felten, S. Felten",Brain Research,1990-06-11,169,General Brain-AI Structure Reviews and Methods,brain-structure,10.1016/0006-8993(90)90088-S,2c0d7d80b591d05dbd2f77652e8259d5634c0ba5,https://doi.org/10.1016/0006-8993(90)90088-S,JournalArticle,unknown,4,brain; brain/neural structure in title,
1990,Regionally selective increases in mu opioid receptor density in the brains of suicide victims.,"R. Gross-Isseroff, K. Dillon, M. Israeli, Anat Biegon, Anat Biegon",Brain Research,1990-10-22,169,General Brain-AI Structure Reviews and Methods,brain-structure,10.1016/0006-8993(90)91301-V,f925f62e150ff4a1a5693750ab99a291e2f9434f,https://doi.org/10.1016/0006-8993(90)91301-V,JournalArticle,unknown,4,brain; brain/neural structure in title,
1990,Antagonism of carbon monoxide-mediated brain lipid peroxidation by hyperbaric oxygen.,S. R. Thom,Toxicology and Applied Pharmacology,1990-09-01,168,Computational Neuroscience and Brain-Inspired AI,brain-structure;brain-inspired-ai,10.1016/0041-008X(90)90195-Z,bb15efb03e587e2c069c4e8f5c3c9bf3dcb6b12a,https://doi.org/10.1016/0041-008X(90)90195-Z,JournalArticle,unknown,20,brain; computational neuroscience; brain-inspired; brain/neural structure in title; explicit brain-structure/AI bridge,"The effects of oxygen at 1, 2, and 3, atmospheres absolute (ATA) were assessed on brain lipid peroxidation caused by carbon monoxide (CO) poisoning in a rat model."
1990,Cellular migration patterns in the developing mouse cerebral cortex.,"C. Austin, C. Cepko",Development,1990-11-01,168,"Cellular, Synaptic, and Neuromorphic Foundations",brain-structure,,6e05232d7bd00d8ed3593b220a1d1a85567f9196,https://www.semanticscholar.org/paper/6e05232d7bd00d8ed3593b220a1d1a85567f9196,JournalArticle,unknown,17,cerebral; cortex; neuromorphic; brain/neural structure in title; explicit brain-structure/AI bridge,
1990,Effect of Noncompetitive Blockade of N-Methyl-d-Aspartate Receptors on the Neurochemical Sequelae of Experimental Brain Injury,"T. Mcintosh, R. Vink, H. Soares, R. Hayes, R. Simon",Journal of Neurochemistry,1990-10-01,168,General Brain-AI Structure Reviews and Methods,brain-structure;neuroimaging,10.1111/j.1471-4159.1990.tb03122.x,253abe9caf697970dfbc236c4f3d110bf01a1d8f,https://doi.org/10.1111/j.1471-4159.1990.tb03122.x,JournalArticle,unknown,4,brain; brain/neural structure in title,
1990,Hypofrontality and cognitive impairment in schizophrenia: dynamic single-photon tomography and neuropsychological assessment of schizophrenic brain function.,"R. Paulman, R. Paulman, M. Devous, R. Gregory, J. Herman, L. Jennings, et al.",Biological Psychiatry,1990-02-15,168,"Connectomics, Graph Models, and Brain Networks",brain-structure;connectome,10.1016/0006-3223(90)90549-H,0d0dabdb00f0b514477ba949200223ea683b8068,https://doi.org/10.1016/0006-3223(90)90549-H,JournalArticle,unknown,8,brain; brain/neural structure in title; historical computation/learning bridge,
1990,Potassium dilates rat cerebral arteries by two independent mechanisms.,"J. McCarron, W. Halpern",American Journal of Physiology,1990-09-01,168,General Brain-AI Structure Reviews and Methods,brain-structure,10.1152/AJPHEART.1990.259.3.H902,da0925705576933e0f7fa7fb86bd5a43d6d6ed8e,https://doi.org/10.1152/AJPHEART.1990.259.3.H902,JournalArticle,unknown,2,brain; cerebral,
1990,Rates of cerebral protein synthesis are linked to slow wave sleep in the rat.,"P. Ramm, CARLYLE T. Smith",Physiology and Behavior,1990-11-01,168,"Cognitive Architectures, Learning, and Systems Neuroscience",brain-structure,10.1016/0031-9384(90)90220-X,c63b4da6a0891e53749285318bae20f82da5dce2,https://doi.org/10.1016/0031-9384(90)90220-X,JournalArticle,unknown,13,cerebral; cognitive architecture; explicit brain-structure/AI bridge,
1990,The neural and behavioural organization of goal-directed movements,Unknown authors,Psychological Medicine,1990-11-01,168,General Brain-AI Structure Reviews and Methods,brain-structure,10.1017/s0033291700037193,963978f5c7a8009d16c6e8c296dbecb3532055ee,https://doi.org/10.1017/s0033291700037193,paper,unknown,5,brain; neural; brain/neural structure in title,
1990,Cloning of the human brain GABA transporter,"H. Nelson, S. Mandiyan, N. Nelson",FEBS Letters,1990-08-20,167,General Brain-AI Structure Reviews and Methods,brain-structure,10.1016/0014-5793(90)81149-I,0a0bb2e65da2351e21314151936a98b5662127e9,https://doi.org/10.1016/0014-5793(90)81149-I,JournalArticle,unknown,4,brain; brain/neural structure in title,
1990,Dystrophin gene transcribed from different promoters in neuronal and glial cells,"J. Chelly, G. Hamard, A. Koulakoff, J. Kaplan, A. Kahn, Y. Berwald-Netter",Nature,1990-03-01,167,"Cellular, Synaptic, and Neuromorphic Foundations",,10.1038/344064A0,e4b59af92c1ddbedb9c9fa67c4dc3d8560543def,https://doi.org/10.1038/344064A0,JournalArticle; Study; Review,unknown,13,neuron; neuromorphic; explicit brain-structure/AI bridge,
1990,Induction of heat shock (stress) genes in the mammalian brain by hyperthermia and other traumatic events: A current perspective,I. Brown,Journal of Neuroscience Research,1990-11-01,167,General Brain-AI Structure Reviews and Methods,brain-structure,10.1002/jnr.490270302,827501c96a28c29844ae9d69ae9e2e6f040f414d,https://doi.org/10.1002/jnr.490270302,Review; JournalArticle,unknown,4,brain; brain/neural structure in title,
1990,Multifunctional Ca2+/calmodulin-dependent protein kinase is necessary for nuclear envelope breakdown,"C. Baitinger, J. Alderton, Martin Poenie, H. Schulman, R. Steinhardt",Journal of Cell Biology,1990-11-01,167,"Cellular, Synaptic, and Neuromorphic Foundations",brain-structure,10.1083/jcb.111.5.1763,703c11326cc917a19cbc342129c267179af63d6e,https://doi.org/10.1083/jcb.111.5.1763,JournalArticle,unknown,14,brain; neuron; neuromorphic; explicit brain-structure/AI bridge,The role of multifunctional Ca2+/calmodulin-dependent protein kinase (CaM kinase) in nuclear envelope breakdown (NEB) was investigated in sea urchin eggs.
1990,Demyelination Induced in Aggregating Brain Cell Cultures by a Monoclonal Antibody Against Myelin/Oligodendrocyte Glycoprotein,"N. Rosbo, P. Honegger, H. Lassmann, J. Matthieu",Journal of Neurochemistry,1990-08-01,166,"Cellular, Synaptic, and Neuromorphic Foundations",brain-structure,10.1111/j.1471-4159.1990.tb04173.x,0649069d4230e1c9003826d6dd66883c1c0e7c6a,https://doi.org/10.1111/j.1471-4159.1990.tb04173.x,JournalArticle,unknown,16,brain; neuromorphic; brain/neural structure in title; explicit brain-structure/AI bridge,
1990,Dieting reduces plasma tryptophan and alters brain 5-HT function in women,"I. Anderson, M. Parry-billings, E. Newsholme, C. Fairburn, P. Cowen",Psychological Medicine,1990-11-01,166,General Brain-AI Structure Reviews and Methods,brain-structure,10.1017/S0033291700036473,7c47afad093ae3e894ec4fa721e8d5c19614d296,https://doi.org/10.1017/S0033291700036473,JournalArticle,unknown,4,brain; brain/neural structure in title,
1990,Neocortical memory circuits.,"P. Goldman-Rakic, S. Funahashi, C. Bruce",Cold Spring Harbor Symposia on Quantitative Biology,1990,166,"Cognitive Architectures, Learning, and Systems Neuroscience",brain-structure,10.1101/SQB.1990.055.01.097,f2f3446b1ec0dfcd1b1658fb2155f850dd225c23,https://doi.org/10.1101/SQB.1990.055.01.097,Review; JournalArticle,unknown,13,cortical; cognitive architecture; explicit brain-structure/AI bridge,
1990,"Relationships between the neuronal sodium/potassium pump and energy metabolism. Effects of K+, Na+, and adenosine triphosphate in isolated brain synaptosomes","Maria ERECIIqSKA, F. Dagani",The Journal of General Physiology,1990-04-01,166,"Cellular, Synaptic, and Neuromorphic Foundations",brain-structure,10.1085/jgp.95.4.591,129af71e8cba81f10af5cea7152d48cfbe7d34a5,https://doi.org/10.1085/jgp.95.4.591,JournalArticle,unknown,17,brain; neuron; neuromorphic; brain/neural structure in title; explicit brain-structure/AI bridge,The relationships between Na/K pump activity and adenosine triphosphate (ATP) production were determined in isolated rat brain synaptosomes.
1990,Serotonin release varies with brain tryptophan levels.,"J. Schaechter, R. Wurtman",Brain Research,1990-11-05,166,General Brain-AI Structure Reviews and Methods,brain-structure,10.1016/0006-8993(90)91761-5,57bda770c16cb835faa08e8eae3d34d6abf68c1a,https://doi.org/10.1016/0006-8993(90)91761-5,JournalArticle,unknown,4,brain; brain/neural structure in title,
1990,The inducible blood-brain barrier specific molecule HT7 is a novel immunoglobulin-like cell surface glycoprotein.,"H. Seulberger, Fritz Lottspeich, W. Risau",EMBO Journal,1990-07-01,166,"Cellular, Synaptic, and Neuromorphic Foundations",brain-structure,10.1002/j.1460-2075.1990.tb07384.x,e23b336decebfece22ad7a62690b13f515ce66c3,https://doi.org/10.1002/j.1460-2075.1990.tb07384.x,JournalArticle; Study,unknown,16,brain; neuromorphic; brain/neural structure in title; explicit brain-structure/AI bridge,
1990,Acquired neuropathologic lesions associated with the hypoplastic left heart syndrome.,"T. Glauser, L. Rorke, P. Weinberg, Robert R. Clancy",Pediatrics,1990-06-01,165,Clinical NeuroAI and Brain Disorders,brain-structure;clinical-neuroai,10.1542/peds.85.6.991,f15904780e2d49bda8cf8bfed55cdff5b5ae2a21,https://doi.org/10.1542/peds.85.6.991,JournalArticle; Study,unknown,2,brain; cerebral,"This study details the type, frequency, clinical presentation, and etiologic associations of acquired brain lesions in 40 infants with the hypoplastic left heart syndrome encountered during a 52-month interval."
1990,Epilepsy and Brain Tumors: Implications for Treatment,G. Cascino,Epilepsia,1990-09-01,165,Clinical NeuroAI and Brain Disorders,brain-structure;clinical-neuroai,10.1111/j.1528-1157.1990.tb05858.x,d997ed553fc8370355b07997670ff85e8cad4e67,https://doi.org/10.1111/j.1528-1157.1990.tb05858.x,Review; JournalArticle; CaseReport,unknown,4,brain; brain/neural structure in title,
1990,Excitatory amino acid-mediated transmission of inspiratory drive to phrenic motoneurons.,"Guosong Liu, J. L. Feldman, J. C. Smith",Journal of Neurophysiology,1990-08-01,165,"Cellular, Synaptic, and Neuromorphic Foundations",,10.1152/JN.1990.64.2.423,fdb4d46340c38da985d16b308459af551268e563,https://doi.org/10.1152/JN.1990.64.2.423,JournalArticle,unknown,13,neuron; neuromorphic; explicit brain-structure/AI bridge,
1990,MR Diffusion Imaging of the Human Brain,"Da-Jean Chien, R. Buxton, K. Kwong, T. Brady, B. Rosen",Journal of computer assisted tomography,1990-07-01,165,"Connectomics, Graph Models, and Brain Networks",brain-structure;connectome,10.1097/00004728-199007000-00003,0a388423892eb5237351e2495d4c890e2f0b1072,https://doi.org/10.1097/00004728-199007000-00003,JournalArticle,unknown,8,brain; brain/neural structure in title; historical computation/learning bridge,
1990,Trans-activation of the JC virus late promoter by the tat protein of type 1 human immunodeficiency virus in glial cells.,"H. Tada, Jay Rappaport, M. Lashgari, S. Amini, F. Wong-Staal, K. Khalili",Proceedings of the National Academy of Sciences of the United States of America,1990-05-01,165,"Cellular, Synaptic, and Neuromorphic Foundations",brain-structure,10.1073/PNAS.87.9.3479,8834a782d1d7e260a27f2420c5603a446835e30a,https://doi.org/10.1073/PNAS.87.9.3479,JournalArticle,unknown,4,neuromorphic,
1990,Differential involvement of protein kinase C isozymes in Alzheimer's disease,"E. Masliah, Gregory Cole, S. Shimohama, L. Hansen, R. Deteresa, R. Terry, et al.",Journal of Neuroscience,1990-07-01,164,"Cellular, Synaptic, and Neuromorphic Foundations",brain-structure;clinical-neuroai,10.1523/JNEUROSCI.10-07-02113.1990,54f2d00b8b4af4f4c5e1e0fa3dae1aebc1e77895,https://doi.org/10.1523/JNEUROSCI.10-07-02113.1990,JournalArticle,unknown,17,brain; cortex; cortical; hippocampus; neuron; neuromorphic; explicit brain-structure/AI bridge,"Decreased levels of protein kinase C (PKC) and a reduction in the in vitro phosphorylation of a Mr 86,000 protein (P86), the major PKC substrate, are biochemical characteristics of brain tissue from patients with Alzheimer's disease (AD) (Cole et al., 1988)."
1990,Direct neural regulation of the teleost adenohypophysis,"R. Peter, K. Yu, T. Marchant, P. Rosenblum",Unknown venue,1990,164,General Brain-AI Structure Reviews and Methods,brain-structure,10.1002/JEZ.1402560415,2574de0b39aa61d094592d5807ae13891b441b56,https://doi.org/10.1002/JEZ.1402560415,paper,unknown,5,brain; neural; brain/neural structure in title,
1990,Manganese transport across the blood-brain barrier: relationship to iron homeostasis.,"M. Aschner, J. Aschner",Brain Research Bulletin,1990-06-01,164,General Brain-AI Structure Reviews and Methods,brain-structure,10.1016/0361-9230(90)90152-P,77dfc5f390fc7ad0375cf47c79c22a320fb28563,https://doi.org/10.1016/0361-9230(90)90152-P,JournalArticle,unknown,4,brain; brain/neural structure in title,
1990,Neuromedin B and gastrin-releasing peptide mRNAs are differentially distributed in the rat nervous system,"E. Wada, J. Way, A. Lebacq-Verheyden, J. Battey",Journal of Neuroscience,1990-09-01,164,"Cellular, Synaptic, and Neuromorphic Foundations",brain-structure,10.1523/JNEUROSCI.10-09-02917.1990,c2ec6e93f0a8067e3fdb40f0850e403cb06c009d,https://doi.org/10.1523/JNEUROSCI.10-09-02917.1990,JournalArticle; Study,unknown,15,brain; cortex; neuron; neuromorphic; explicit brain-structure/AI bridge,"The bombesin-like peptides are a family of structurally related amidated peptide ligands that are known to have a variety of potent pharmacological actions on various cells, including neurons in the rat brain."
1990,O2 deprivation induces a major depolarization in brain stem neurons in the adult but not in the neonatal rat.,"G. Haddad, D. Donnelly",Journal of Physiology,1990-10-01,164,"Cellular, Synaptic, and Neuromorphic Foundations",brain-structure,10.1113/jphysiol.1990.sp018265,88d182e026f404b61f88cb898dc6db43193703e8,https://doi.org/10.1113/jphysiol.1990.sp018265,JournalArticle,unknown,17,brain; neuron; neuromorphic; brain/neural structure in title; explicit brain-structure/AI bridge,
1990,"Spectrin, actin and the structure of the cortical lattice in mammalian cochlear outer hair cells.","Matthew C. Holley, Jonathan Ashmore",Journal of Cell Science,1990-06-01,164,"Cellular, Synaptic, and Neuromorphic Foundations",brain-structure,,2c59b1a39b89101eb062f1debecf7c9e29236151,https://www.semanticscholar.org/paper/2c59b1a39b89101eb062f1debecf7c9e29236151,JournalArticle,unknown,13,cortical; neuromorphic; explicit brain-structure/AI bridge,
1990,"A rapid, sensitive histochemical stain for myelin in frozen brain sections.",L. Schmued,Journal of Histochemistry and Cytochemistry,1990-05-01,163,General Brain-AI Structure Reviews and Methods,brain-structure,10.1177/38.5.1692056,5af8fa11ce21992d42157100dadcf7cffe63a566,https://doi.org/10.1177/38.5.1692056,JournalArticle,unknown,4,brain; brain/neural structure in title,
1990,Improvement of brain function in hemodialysis patients treated with erythropoietin.,"G. Grimm, F. Stockenhuber, B. Schneeweiss, Christian Madl, Josef Zeitlhofer, Barbara Schneider",Kidney International,1990-09-01,163,Clinical NeuroAI and Brain Disorders,brain-structure;clinical-neuroai,10.1038/KI.1990.229,ee223031efda4a5cc7473a71a3596fab9481bf36,https://doi.org/10.1038/KI.1990.229,JournalArticle,unknown,4,brain; brain/neural structure in title,
1990,Ischemic brain damage in a model of acute subdural hematoma.,"Jimmy D. Miller, R. Bullock, D. Graham, M. Chen, G. Teasdale",Neurosurgery,1990-09-01,163,Computational Neuroscience and Brain-Inspired AI,brain-structure;brain-inspired-ai,10.1227/00006123-199009000-00016,a6b78cd0ce8b9a2656a63c5a371b93422d74a4ce,https://doi.org/10.1227/00006123-199009000-00016,JournalArticle,unknown,20,brain; computational neuroscience; brain-inspired; brain/neural structure in title; explicit brain-structure/AI bridge,
1990,Messenger molecules in the cerebellum.,"C. Ross, D. Bredt, S. Snyder",Trends in Neurosciences,1990-06-01,163,General Brain-AI Structure Reviews and Methods,brain-structure,10.1016/0166-2236(90)90163-5,bb603e0d2127a1aaa1017dff540c28a20cbfcce1,https://doi.org/10.1016/0166-2236(90)90163-5,Review; JournalArticle,unknown,2,brain; cerebellum,
1990,Surface mapping brain function on 3D models,"B. A. Payne, A. Toga",IEEE Computer Graphics and Applications,1990-09-01,163,Computational Neuroscience and Brain-Inspired AI,brain-structure;connectome;brain-inspired-ai,10.1109/38.59034,a75d8d8501964c8aaaa91320cd070c885b311f69,https://doi.org/10.1109/38.59034,JournalArticle,unknown,8,brain; brain/neural structure in title; historical computation/learning bridge,
1990,Tinnitus with normal hearing sensitivity: extended high-frequency audiometry and auditory-nerve brain-stem-evoked responses.,"G. Barnea, J. Attias, S. Gold, A. Shahar",Audiology,1990,163,General Brain-AI Structure Reviews and Methods,brain-structure,10.3109/00206099009081644,fcacae6dd29f393bedd9adb642b953d2191f46cf,https://doi.org/10.3109/00206099009081644,JournalArticle,unknown,4,brain; brain/neural structure in title,
1990,"Activation of Gi-like proteins, a receptor-independent effect of kinins in mast cells.","J. Bueb, M. Mousli, Christian Bronner, Bruno Rouot, Yves Landry",Molecular Pharmacology,1990-12-01,162,"Cellular, Synaptic, and Neuromorphic Foundations",brain-structure,10.1016/s0026-895x(25)09569-0,7f1ce84e81a7a12a7fcd66e70a18c603193b83b6,https://doi.org/10.1016/s0026-895x(25)09569-0,JournalArticle,unknown,13,brain; neuromorphic; explicit brain-structure/AI bridge,"The peptide hormones bradykinin and kallidin (Lys-bradykinin), as well as their analogues [des-Arg9]-bradykinin, a selective B1 agonist, [des-Arg9,Leu8]-bradykinin, a selective B1 antagonist, and [Thi5,8,D-Phe7]-bradykinin and D-Arg0-[Hyp3,D-Phe7]-bradykinin, two selective B2 antagonists, induced rapid histamine release from purified rat peritoneal mast cells."
1990,Androgen-dependent vasopressinergic neurons are involved in social recognition in rats.,"R. Bluthé, J. Schoenen, R. Dantzer",Brain Research,1990-06-11,162,"Electrophysiology, Neural Signals, and AI Decoding",brain-structure;neural-signals,10.1016/0006-8993(90)90073-K,443c14c1ff5c7039ff74411b25e42015c880a0da,https://doi.org/10.1016/0006-8993(90)90073-K,JournalArticle,unknown,14,ecog; neuron; neuromorphic; explicit brain-structure/AI bridge,
1990,Brain G protein gamma subunits contain an all-trans-geranylgeranylcysteine methyl ester at their carboxyl termini.,"H. K. Yamane, C. Farnsworth, Hongying Xie, William Howald, B. K. Fung, Steven Clarke, et al.",Proceedings of the National Academy of Sciences of the United States of America,1990-08-01,162,General Brain-AI Structure Reviews and Methods,brain-structure,10.1073/PNAS.87.15.5868,33100303a7abe5dd05f804807d3606ec5acbf252,https://doi.org/10.1073/PNAS.87.15.5868,JournalArticle,unknown,4,brain; brain/neural structure in title,
1990,The role of diencephalic pathology in human memory disorder. Evidence from a penetrating paranasal brain injury.,"H. Dusoir, N. Kapur, D. Byrnes, S. Mckinstry, R. Hoare",Brain : a journal of neurology,1990-12-01,162,"Cognitive Architectures, Learning, and Systems Neuroscience",brain-structure,10.1093/BRAIN/113.6.1695,0243b368aa2eda67bd50d3ebee6611af3b450be5,https://doi.org/10.1093/BRAIN/113.6.1695,JournalArticle; CaseReport,unknown,16,brain; cognitive architecture; brain/neural structure in title; explicit brain-structure/AI bridge,
1990,Abnormal vibration-induced cerebral blood flow responses in idiopathic dystonia.,"L. W. Tempel, J. Perlmutter",Brain : a journal of neurology,1990-06-01,161,General Brain-AI Structure Reviews and Methods,brain-structure,10.1093/BRAIN/113.3.691,219931bac3730ebdb5e3e07de8b39d4da08d654d,https://doi.org/10.1093/BRAIN/113.3.691,JournalArticle,unknown,2,brain; cerebral,
1990,Bilateral regulation of glutamate tissue and extracellular levels in caudate-putamen by midbrain dopamine neurons.,"N. Lindefors, U. Ungerstedt",Neuroscience Letters,1990-07-31,161,"Cellular, Synaptic, and Neuromorphic Foundations",brain-structure,10.1016/0304-3940(90)90463-J,39017a0ab95c9ad82c8e076c43e8a23cac257afa,https://doi.org/10.1016/0304-3940(90)90463-J,JournalArticle,unknown,17,brain; neuron; neuromorphic; brain/neural structure in title; explicit brain-structure/AI bridge,
1990,Biosonar and neural computation in bats.,N. Suga,Scientific American,1990-06-01,161,"Cognitive Architectures, Learning, and Systems Neuroscience",brain-structure;brain-inspired-ai,10.1038/SCIENTIFICAMERICAN0690-60,60ff34325086eee0297d7b4b6044721e9eada116,https://doi.org/10.1038/SCIENTIFICAMERICAN0690-60,JournalArticle,unknown,9,brain; neural; brain/neural structure in title; historical computation/learning bridge,
1990,Colocalization of galanin and luteinizing hormone-releasing hormone in a subset of preoptic hypothalamic neurons: anatomical and functional correlates.,"I. Merchenthaler, F. J. López, A. Negro-Vilar",Proceedings of the National Academy of Sciences of the United States of America,1990-08-01,161,"Cellular, Synaptic, and Neuromorphic Foundations",,10.1073/PNAS.87.16.6326,684be8fc8ebe7c4941bc1218b25535b3b4748bac,https://doi.org/10.1073/PNAS.87.16.6326,JournalArticle,unknown,13,neuron; neuromorphic; explicit brain-structure/AI bridge,
1990,Corticospinal volleys evoked by anodal and cathodal stimulation of the human motor cortex.,"BY David Burke, R. Hicks, J. Stephen",Journal of Physiology,1990-06-01,161,General Brain-AI Structure Reviews and Methods,brain-structure,10.1113/jphysiol.1990.sp018103,8f404103a7e7fb6049f0ed4da0eaf1ba23fe21f6,https://doi.org/10.1113/jphysiol.1990.sp018103,JournalArticle,unknown,5,brain; cortex; brain/neural structure in title,
1990,Developmental expression of heme oxygenase isozymes in rat brain. Two HO-2 mRNAs are detected.,"Yi Sun, Mitch O. Rotenberg, M. Maines",Journal of Biological Chemistry,1990-05-15,161,General Brain-AI Structure Reviews and Methods,brain-structure,10.1016/S0021-9258(19)39059-3,c822255d64a604a6d4de79e9b953e86fdeb86829,https://doi.org/10.1016/S0021-9258(19)39059-3,JournalArticle,unknown,4,brain; brain/neural structure in title,Blot hybridization of RNA isolated from rat brain revealed the presence of two HO-2 homologous transcripts (1.3 and 1.9 kilobases (kb] at all stages of development ranging from 1 day before birth to adulthood.
1990,Microdialysis in the human brain: extracellular measurements in the thalamus of parkinsonian patients.,"B. Meyerson, B. Linderoth, H. Karlsson, U. Ungerstedt",Life Science,1990,161,Clinical NeuroAI and Brain Disorders,brain-structure;clinical-neuroai,10.1016/0024-3205(90)90037-R,5ea6dc85e3ebd3969c3f2275d1674b062841d183,https://doi.org/10.1016/0024-3205(90)90037-R,JournalArticle,unknown,5,brain; thalamus; brain/neural structure in title,
1990,"Opioid receptor-mediated inhibition of dopamine and acetylcholine release from slices of rat nucleus accumbens, olfactory tubercle and frontal cortex.","M. Heijna, M. Padt, F. Hogenboom, P. Portoghese, A. H. Mulder, A. Schoffelmeer",European Journal of Pharmacology,1990-06-08,161,General Brain-AI Structure Reviews and Methods,brain-structure,10.1016/0014-2999(90)90088-N,97127b0ed1cc69a37c2db3d74778682d0ab930a2,https://doi.org/10.1016/0014-2999(90)90088-N,JournalArticle,unknown,5,brain; cortex; brain/neural structure in title,
1990,The role of radiation therapy following resection of single brain metastasis from melanoma,"Neil A. Hagen, C. Cirrincione, H. Thaler, L. Deangelis",Neurology,1990-01-01,161,General Brain-AI Structure Reviews and Methods,brain-structure,10.1212/WNL.40.1.158,c1b53f43c2bf6b2e75617d73d4aec50f4c8bc022,https://doi.org/10.1212/WNL.40.1.158,JournalArticle,unknown,4,brain; brain/neural structure in title,
1990,"Thyroxine-dependent modulation of actin polymerization in cultured astrocytes. A novel, extranuclear action of thyroid hormone.","C. Siegrist-Kaiser, C. Juge-Aubry, M. Tranter, D. M. Ekenbarger, J. L. Leonard",Journal of Biological Chemistry,1990-03-25,161,"Cellular, Synaptic, and Neuromorphic Foundations",brain-structure,10.1016/S0021-9258(19)34121-3,4c9fdda18cd33c8abbfc87663085655876446b29,https://doi.org/10.1016/S0021-9258(19)34121-3,JournalArticle,unknown,13,brain; neuromorphic; explicit brain-structure/AI bridge,Actin depolymerization specifically blocks the rapid thyroid hormone-dependent inactivation of type II iodothyronine 5'-deiodinase.
1990,Changes in extracellular amino acid neurotransmitters produced by focal cerebral ischemia.,"S. Graham, K. Shiraishi, S. Panter, R. Simon, R. Simon, A. Faden",Neuroscience Letters,1990-03-02,159,"Cellular, Synaptic, and Neuromorphic Foundations",brain-structure,10.1016/0304-3940(90)90799-F,e17211c485e9fe85e616fb3ddaffe61b4f7225a9,https://doi.org/10.1016/0304-3940(90)90799-F,JournalArticle,unknown,13,cerebral; neuromorphic; explicit brain-structure/AI bridge,
1990,Ultrastructural Double-Labelling Study of Dopamine Terminals and GABA-Containing Neurons in Rat Anteromedial Cerebral Cortex,"C. Verney, C. Alvarez, M. Geffard, B. Berger",European Journal of Neuroscience,1990-11-01,159,"Cellular, Synaptic, and Neuromorphic Foundations",brain-structure,10.1111/j.1460-9568.1990.tb00008.x,b66d906153082f799473d3cc8f98fb7a2a3ccddb,https://doi.org/10.1111/j.1460-9568.1990.tb00008.x,JournalArticle,unknown,18,cerebral; cortex; neuron; neuromorphic; brain/neural structure in title; explicit brain-structure/AI bridge,
1990,Critical analysis of the use of computer-assisted transverse axial tomography to study human brain in aging and dementia of the Alzheimer type,"C. Decarli, J. Kaye, B. Horwitz, S. Rapoport",Neurology,1990-06-01,158,Clinical NeuroAI and Brain Disorders,brain-structure;connectome;clinical-neuroai,10.1212/WNL.40.6.872,0eee16505cf153d0b87220dcbe9eeb989bfd5856,https://doi.org/10.1212/WNL.40.6.872,Review; JournalArticle,unknown,4,brain; brain/neural structure in title,
1990,Effects of aging on nicotinic and muscarinic autoreceptor function in the rat brain: relationship to presynaptic cholinergic markers and binding sites,"Dalia M. Araujo, P. Lapchak, Michael J. Meaney, Brian Collier, R. Quirion, Canada R Q Is A "" Chercheur-Boursier, et al.",Journal of Neuroscience,1990-09-01,158,"Cellular, Synaptic, and Neuromorphic Foundations",brain-structure,10.1523/JNEUROSCI.10-09-03069.1990,2b1c1d3ae99b2d92f44a5f3dd9ae99954e6b8fa7,https://doi.org/10.1523/JNEUROSCI.10-09-03069.1990,JournalArticle,unknown,21,brain; cerebral; cortex; cortical; hippocampus; thalamus; neuromorphic; brain/neural structure in title; explicit brain-structure/AI bridge,The main objective of the present work was to determine whether the regulation of ACh release by nicotinic and muscarinic autoreceptors is compromised in the aged rat brain.
1990,Binding of Progesterone to Nerve Cell Membranes of Rat Brain Using Progesterone Conjugated to 125I-Bovine Serum Albumin as a Ligand,"F. Ke, V. Ramirez",Journal of Neurochemistry,1990-02-01,157,"Cellular, Synaptic, and Neuromorphic Foundations",brain-structure,10.1111/j.1471-4159.1990.tb01895.x,d7fe070c6d1584efa63650c4ae9ead59400fbcce,https://doi.org/10.1111/j.1471-4159.1990.tb01895.x,JournalArticle; Study,unknown,16,brain; neuromorphic; brain/neural structure in title; explicit brain-structure/AI bridge,
1990,Convulsants induce interleukin-1β messenger RNA in rat brain,"M. Minami, Y. Kuraishi, Takashi Yamaguchi, S. Nakai, Y. Hirai, M. Satoh",Unknown venue,1990-09-14,157,General Brain-AI Structure Reviews and Methods,brain-structure,10.1016/0006-291X(90)91221-D,4741fcb8aa711d0e581dc0073adf082b3d8953f5,https://doi.org/10.1016/0006-291X(90)91221-D,paper,unknown,4,brain; brain/neural structure in title,
1990,Progressive shrinkage of the thalamus following middle cerebral artery occlusion in rats.,"W. Fujie, Takaaki Kirino, N. Tomukai, T. Iwasawa, Akira Tamura",Stroke,1990-10-01,157,Clinical NeuroAI and Brain Disorders,brain-structure;clinical-neuroai,10.1161/01.STR.21.10.1485,f78697f9482765f160a8c595930d24a6eb34a67e,https://doi.org/10.1161/01.STR.21.10.1485,JournalArticle,unknown,3,brain; cerebral; thalamus,
1990,Tolbutamide excites rat glucoreceptive ventromedial hypothallamic neurones by indirect inhibition of ATP-K+ channels,"M. Ashford, P. Boden, J. Mark Treherne",British Journal of Pharmacology,1990-11-01,157,"Cellular, Synaptic, and Neuromorphic Foundations",,10.1111/j.1476-5381.1990.tb14116.x,fc23baaf7157ba22df03b7347946c530f39a4af1,https://doi.org/10.1111/j.1476-5381.1990.tb14116.x,JournalArticle,unknown,13,neuron; neuromorphic; explicit brain-structure/AI bridge,
1990,Chronic ethanol and pentobarbital administration in the rat: effects on GABAA receptor function and expression in brain.,"A. Morrow, P. Montpied, A. Lingford-Hughes, S. Paul",Alcohol,1990-05-01,153,General Brain-AI Structure Reviews and Methods,brain-structure,10.1016/0741-8329(90)90012-2,f5ce447b15c33bd4b8b814968b1561c8d2e9345d,https://doi.org/10.1016/0741-8329(90)90012-2,JournalArticle,unknown,4,brain; brain/neural structure in title,
1990,Dilation of cerebral arterioles by cytochrome P-450 metabolites of arachidonic acid.,"E. Ellis, R. J. Police, L. Yancey, J. S. Mckinney, S. Amruthesh",American Journal of Physiology,1990-10-01,153,General Brain-AI Structure Reviews and Methods,brain-structure,10.1152/AJPHEART.1990.259.4.H1171,38f43ba0af0fc5d975ada327cafa911a1a37cdc1,https://doi.org/10.1152/AJPHEART.1990.259.4.H1171,JournalArticle,unknown,2,brain; cerebral,
1990,"Cortical circuits: Synaptic organization of the cerebral cortex. Structure, function and theory",I. Divac,Unknown venue,1990-05-01,152,"Cellular, Synaptic, and Neuromorphic Foundations",brain-structure,10.1016/0166-2236(90)90047-E,a3403dc1a3d67cc57ad0bdd8d193231b5fff8ee2,https://doi.org/10.1016/0166-2236(90)90047-E,Review,unknown,18,cerebral; cortex; cortical; neuromorphic; brain/neural structure in title; explicit brain-structure/AI bridge,
1990,Development of excitatory amino acid induced cytotoxicity in cultured neurons,"A. Frandsen, A. Schousboe",International Journal of Developmental Neuroscience,1990,151,"Cellular, Synaptic, and Neuromorphic Foundations",brain-structure,10.1016/0736-5748(90)90013-R,e221e82c1afb8f001a88379add53a6b60c431a72,https://doi.org/10.1016/0736-5748(90)90013-R,JournalArticle,unknown,13,neuron; neuromorphic; explicit brain-structure/AI bridge,
1990,"The development of the rat prefrontal cortex. Its size and development of connections with thalamus, spinal cord and other cortical areas.","C. V. Eden, J. Kros, H. Uylings",Progress in Brain Research,1990,151,"Cognitive Architectures, Learning, and Systems Neuroscience",brain-structure,10.1016/S0079-6123(08)62680-1,2d62b2bbdf0e2321b181b49bee6b1b5c0af1c82e,https://doi.org/10.1016/S0079-6123(08)62680-1,Review; JournalArticle,unknown,7,brain; cortex; cortical; thalamus; brain/neural structure in title,
1990,Measurements of regional cerebral blood flow and cognitive performance in Alzheimer's disease.,"D. Montaldi, D. Brooks, J. McColl, D. Wyper, J. Patterson, E. Barrón, et al.",Journal of Neurology Neurosurgery & Psychiatry,1990-01-01,150,Clinical NeuroAI and Brain Disorders,brain-structure;clinical-neuroai,10.1136/jnnp.53.1.33,615ed6059686475c137550a7a4899f83f8e1ecbf,https://doi.org/10.1136/jnnp.53.1.33,JournalArticle,unknown,2,brain; cerebral,
1990,Review Article: Progressive Neuronal Degeneration of Childhood With Liver Disease (Alpers-Huttenlocher Syndrome): A Personal Review,B. Harding,Journal of Child Neurology,1990-10-01,148,"Cellular, Synaptic, and Neuromorphic Foundations",,10.1177/088307389000500402,3733a09b9a46e7c0b9ebe8605e417bdfcb5b0f4b,https://doi.org/10.1177/088307389000500402,Review; JournalArticle,unknown,13,neuron; neuromorphic; explicit brain-structure/AI bridge,
1990,The relationship of amyloid plaques to cerebral capillaries in Alzheimer's disease.,"M. Kawai, R. Kalaria, S. Harik, George Perry",American Journal of Pathology,1990-12-01,147,Clinical NeuroAI and Brain Disorders,brain-structure;clinical-neuroai,,a1b9aa06a04390d7ed0d47c3bbd3b33011292302,https://www.semanticscholar.org/paper/a1b9aa06a04390d7ed0d47c3bbd3b33011292302,JournalArticle,unknown,2,brain; cerebral,
1990,A unitary hypothesis of mind-brain interaction in the cerebral cortex,J. Eccles,Proceedings of the Royal Society of London. B. Biological Sciences,1990-06-22,143,General Brain-AI Structure Reviews and Methods,brain-structure,10.1098/rspb.1990.0047,b11d5f317be65172c7bad3302c809673e81a8a2a,https://doi.org/10.1098/rspb.1990.0047,JournalArticle; Review,unknown,6,brain; cerebral; cortex; brain/neural structure in title,
1990,"Novel human brain cDNA encoding a 34,000 Mr protein n-chimaerin, related to both the regulatory domain of protein kinase C and BCR, the product of the breakpoint cluster region gene.","C. Hall, C. Monfries, Paul Smith, Hong Hwa Lim, R. Kozma, Sohail Ahmed, et al.",Journal of Molecular Biology,1990-01-05,143,"Brain Decoding, Representation Learning, and BCI",brain-structure,10.1016/0022-2836(90)90006-8,1319af63e713951a0af3b58e1ec079f96e3314ee,https://doi.org/10.1016/0022-2836(90)90006-8,JournalArticle; Study,unknown,24,brain; decoding; representation learning; bci; brain/neural structure in title; explicit brain-structure/AI bridge,
1990,Excitatory amino acid transmitters and their receptors in neural circuits of the cerebral neocortex.,T. Tsumoto,Neurosciences research,1990-11-01,142,General Brain-AI Structure Reviews and Methods,brain-structure,10.1016/0168-0102(90)90025-A,e4f0823a27ab87a941746eda85b955c4e091a25e,https://doi.org/10.1016/0168-0102(90)90025-A,Review; JournalArticle,unknown,7,brain; cerebral; cortex; neural; brain/neural structure in title,
1990,Increased densities of peripheral-type benzodiazepine receptors in brain autopsy samples from cirrhotic patients with hepatic encephalopathy,"J. Lavoie, G. P. Layrargues, R. Butterworth",Hepatology,1990-05-01,142,Clinical NeuroAI and Brain Disorders,brain-structure;clinical-neuroai,10.1002/hep.1840110524,49bbcbafc5db88e5a508af0c27606eda7b7d196f,https://doi.org/10.1002/hep.1840110524,JournalArticle,unknown,4,brain; brain/neural structure in title,
1990,Aging associated changes in serotoninergic and dopaminergic pre- and postsynaptic neurochemical markers in the rat brain.,"H. Gozlan, G. Daval, D. Vergé, U. Spampinato, C. Fattaccini, M. C. Gallissot, et al.",Neurobiology of Aging,1990-07-01,141,"Cellular, Synaptic, and Neuromorphic Foundations",brain-structure,10.1016/0197-4580(90)90011-N,8c907a4e892fd5283957ec4c9469deb72314faad,https://doi.org/10.1016/0197-4580(90)90011-N,JournalArticle,unknown,16,brain; neuromorphic; brain/neural structure in title; explicit brain-structure/AI bridge,
1990,Pericyte coverage of retinal and cerebral capillaries.,"R. Frank, T. Turczyn, Arup Das",Investigative Ophthalmology and Visual Science,1990-06-01,141,General Brain-AI Structure Reviews and Methods,brain-structure,,5edfba37f1d8691a492d3bd8e6a33b493067ed01,https://www.semanticscholar.org/paper/5edfba37f1d8691a492d3bd8e6a33b493067ed01,JournalArticle; Study,unknown,2,brain; cerebral,
1990,"Heterogeneity of [3H]inositol 1,4,5-trisphosphate binding sites in adrenal-cortical membranes. Characterization and validation of a radioreceptor assay.","R. Challiss, E. R. Chilvers, A. L. Willcocks, S. R. Nahorski",Biochemical Journal,1990-01-15,138,General Brain-AI Structure Reviews and Methods,brain-structure,10.1042/BJ2650421,584ad846e3e0228cecce836373b51af82474ba94,https://doi.org/10.1042/BJ2650421,JournalArticle,unknown,2,brain; cortical,
1990,Structural and histochemical reorganization of the human prefrontal cortex during perinatal and postnatal life.,I. Kostović,Progress in Brain Research,1990,138,"Cognitive Architectures, Learning, and Systems Neuroscience",brain-structure,10.1016/S0079-6123(08)62682-5,03974613a6106a2490b9bdb41250301288e2afbe,https://doi.org/10.1016/S0079-6123(08)62682-5,Review; JournalArticle,unknown,5,brain; cortex; brain/neural structure in title,
1990,Tianeptine stimulates uptake of 5-hydroxytryptamine in vivo in the rat brain.,"C. Fattaccini, F. Bolaños-Jiménez, H. Gozlan, M. Hamon",Neuropharmacology,1990,137,General Brain-AI Structure Reviews and Methods,brain-structure,10.1016/0028-3908(90)90076-4,765cd7b831c9e9e16eeebb5f617680b5d764f7f9,https://doi.org/10.1016/0028-3908(90)90076-4,JournalArticle,unknown,4,brain; brain/neural structure in title,
1990,Morphine-induced metabolic changes in human brain. Studies with positron emission tomography and [fluorine 18]fluorodeoxyglucose.,"E. London, E. Broussolle, J. Links, D. Wong, N. Cascella, R. Dannals, et al.",Archives of General Psychiatry,1990,136,"Connectomics, Graph Models, and Brain Networks",brain-structure;connectome;clinical-neuroai,10.1001/ARCHPSYC.1990.01810130075010,7a316d158a5f610e563867fc85e070a86fb5d64a,https://doi.org/10.1001/ARCHPSYC.1990.01810130075010,JournalArticle; ClinicalTrial,unknown,8,brain; brain/neural structure in title; historical computation/learning bridge,
1990,The Cerebral Cortex of Reptiles,P. Ulinski,Unknown venue,1990,135,General Brain-AI Structure Reviews and Methods,brain-structure,10.1007/978-1-4757-9622-3_5,d0352bc43d3adbfcbda647255db2e7b8db581bde,https://doi.org/10.1007/978-1-4757-9622-3_5,paper,unknown,6,brain; cerebral; cortex; brain/neural structure in title,
1990,Alterations of central serotoninergic and dopaminergic neurotransmission in rats chronically treated with ipsapirone: biochemical and electrophysiological studies.,"Schechter Le, F. Bolaños, H. Gozlan, L. Lanfumey, S. Haj-Dahmane, A. Laporte, et al.",Journal of Pharmacology and Experimental Therapeutics,1990-12-01,134,"Cellular, Synaptic, and Neuromorphic Foundations",brain-structure;connectome,10.1016/s0022-3565(25)22932-9,5c8f87b712e3bd87e4659fd9f818ee1d9dc13906,https://doi.org/10.1016/s0022-3565(25)22932-9,JournalArticle,unknown,17,brain; cerebral; cortex; hippocampus; neuron; neuromorphic; explicit brain-structure/AI bridge,"Inasmuch as sustained treatment with the 5-hydroxytryptamine1A (5-HT1A) agonist, ipsapirone, is necessary for inducing anxiolytic and antidepressant effects in the clinic, investigations were performed for assessing the possible changes in serotoninergic and dopaminergic neurotransmission in the brain of rats 24 hr after a 2-week treatment with this drug."
1990,Effects of capsular or thalamic stroke on metabolism in the cortex and cerebellum: a positron tomography study.,"S. Pappatà, B. Mazoyer, S. T. Dinh, H. Cambon, M. Levasseur, J. Baron",Stroke,1990-04-01,134,"Connectomics, Graph Models, and Brain Networks",brain-structure;connectome;clinical-neuroai,10.1161/01.STR.21.4.519,27e3f7a7edc7179c74d63abb27f294871f651734,https://doi.org/10.1161/01.STR.21.4.519,JournalArticle,unknown,10,brain; cortex; cerebellum; brain/neural structure in title; historical computation/learning bridge,
1990,Changes in blood-brain barrier and cerebral blood flow following elevation of circulating serotonin level in anesthetized rats.,"H. Sharma, Y. Olsson, P. K. Dey",Brain Research,1990-05-28,133,General Brain-AI Structure Reviews and Methods,brain-structure,10.1016/0006-8993(90)91029-G,43af77e2a31c73d50e5ad682eca6981bbbd7de10,https://doi.org/10.1016/0006-8993(90)91029-G,JournalArticle,unknown,5,brain; cerebral; brain/neural structure in title,
1990,Biochemical and immunocytochemical changes in glial fibrillary acidic protein after stab wounds.,"I. Hozumi, F. Chiu, W. T. Norton",Brain Research,1990-07-30,132,General Brain-AI Structure Reviews and Methods,brain-structure,10.1016/0006-8993(90)90492-T,607cd1670468b1cb532c987b87915a7ce31850b6,https://doi.org/10.1016/0006-8993(90)90492-T,JournalArticle,unknown,1,brain,
1990,Identification of sources of brain neuronal activity with high spatiotemporal resolution through combination of neuromagnetic source localization (NMSL) and magnetic resonance imaging (MRI).,"C. Pantev, M. Hoke, Klaus Lehnertz, B. Lütkenhöner, Georg Fahrendorf, U. Stöber",Electroencephalography and Clinical Neurophysiology,1990-03-01,131,Structural Neuroimaging and AI,brain-structure;connectome;neuroimaging;neural-signals;clinical-neuroai,10.1016/0013-4694(90)90171-F,79d5ee16d4a8a5bba813a1f0f8bf033c7fca291f,https://doi.org/10.1016/0013-4694(90)90171-F,JournalArticle,unknown,6,brain; mri; neuron; brain/neural structure in title,
1990,Local cerebral glucose utilization in monkeys with hemiparkinsonism induced by intracarotid infusion of the neurotoxin MPTP,"E. Palombo, L. Porrino, Krystof S. Bankiewicq, A. Crane, L. Sokoloff, I. J. Kopin",Journal of Neuroscience,1990-03-01,131,"Connectomics, Graph Models, and Brain Networks",brain-structure;connectome;clinical-neuroai,10.1523/JNEUROSCI.10-03-00860.1990,178971ecb61f1b022055b5bf537b036af2f9d2d2,https://doi.org/10.1523/JNEUROSCI.10-03-00860.1990,JournalArticle,unknown,9,brain; cerebral; cortex; thalamus; basal ganglia; historical computation/learning bridge,"Quantitative 2-[14C]deoxyglucose autoradiography was used to map the pattern of alterations in local cerebral glucose utilization associated with unilateral lesions of the substantia nigra pars compacta produced by the infusion of 1-methyl-4-phenyl-1,2,3,6-tetrahydropyridine (MPTP) into one internal carotid artery of rhesus monkeys."
1990,Cerebral blood flow and oxygen metabolism in patients with vascular dementia of the Binswanger type.,"Hiroshi Yao, S. Sadoshima, Yasuo Kuwabara, Y. Ichiya, M. Fujishima",Stroke,1990-12-01,130,Clinical NeuroAI and Brain Disorders,brain-structure;clinical-neuroai,10.1161/01.STR.21.12.1694,b601ea37743219afed565b1f30b44b5ac1ff7a6a,https://doi.org/10.1161/01.STR.21.12.1694,JournalArticle,unknown,2,brain; cerebral,
1990,Expression of three alpha 2-adrenergic receptor subtypes in rat tissues: implications for alpha 2 receptor classification.,"W. Lorenz, J. Lomasney, S. Collins, J. Regan, M. Caron, R. Lefkowitz",Molecular Pharmacology,1990-11-01,130,Structural Neuroimaging and AI,brain-structure;machine-learning,10.1016/s0026-895x(25)09475-1,2a4bf73c2e1b294e6d27d32843ce339cdb143af7,https://doi.org/10.1016/s0026-895x(25)09475-1,JournalArticle,unknown,18,brain; cerebral; cortex; hippocampus; cerebellum; brainstem; classification; explicit brain-structure/AI bridge,"Based on biochemical and ligand binding studies in various tissues and species, evidence for several alpha 2-adrenergic receptor subtypes has accumulated."
1990,"Abecarnil, a metabolically stable, anxioselective beta-carboline acting at benzodiazepine receptors.","D. N. Stephens, Herbert Schneider, W. Kehr, J. Andrews, K. Rettig, Lechoslaw Turski, et al.",Journal of Pharmacology and Experimental Therapeutics,1990-04-01,129,General Brain-AI Structure Reviews and Methods,brain-structure,10.1016/s0022-3565(25)12465-8,3b72096c7401d117081e5ad259906c655a961631,https://doi.org/10.1016/s0022-3565(25)12465-8,JournalArticle,unknown,4,brain; cerebral; cortex; cortical,"Abecarnil (isopropyl 6-benzyloxy-4-methoxymethyl-beta-carboline-3-carboxylate) is a novel ligand for central benzodiazepine (BZ) receptors, possessing anxiolytic and anticonvulsant properties, but with considerably reduced muscle relaxant effects in comparison to diazepam (DZP)."
1990,Thalamic retrograde degeneration following cortical injury: an excitotoxic process?,"D. T. Ross, F. Ebner",Neuroscience,1990,129,"Cellular, Synaptic, and Neuromorphic Foundations",brain-structure;clinical-neuroai,10.1016/0306-4522(90)90327-Z,9427751f3bb0df9111b69e84281827f7092b356d,https://doi.org/10.1016/0306-4522(90)90327-Z,JournalArticle,unknown,18,brain; cerebral; cortex; cortical; thalamus; neuron; neuromorphic; explicit brain-structure/AI bridge,Traumatic or stroke-like injuries of the cerebral cortex result in the rapid retrograde degeneration of thalamic relay neurons that project to the damaged area.
1990,Maternal stress increases fetal brain and neonatal cerebral cortex 5-hydroxytryptamine synthesis in rats: a possible mechanism by which stress influences brain development.,D. Peters,"Pharmacology, Biochemistry and Behavior",1990-04-01,128,"Cognitive Architectures, Learning, and Systems Neuroscience",brain-structure,10.1016/0091-3057(90)90383-S,f9a89013e8b12a06e0490aaaa37004108c060858,https://doi.org/10.1016/0091-3057(90)90383-S,JournalArticle,unknown,18,brain; cerebral; cortex; cognitive architecture; brain/neural structure in title; explicit brain-structure/AI bridge,
1990,Measurement of kynurenic acid in mammalian brain extracts and cerebrospinal fluid by high-performance liquid chromatography with fluorometric and coulometric electrode array detection.,"Kenton Jon Swartz, W. Matson, U. Macgarvey, E. Ryan, M. Beal",Analytical Biochemistry,1990-03-01,128,"Connectomics, Graph Models, and Brain Networks",brain-structure;connectome,10.1016/0003-2697(90)90309-W,942a8ad2de78d6b47a8a1896de03bac0cf890903,https://doi.org/10.1016/0003-2697(90)90309-W,JournalArticle; Study,unknown,8,brain; brain/neural structure in title; historical computation/learning bridge,
1990,Three-dimensional structural organization of layer I of the human cerebral cortex: A golgi study,M. Marín-padilla,The Journal of comparative neurology,1990-09-01,128,General Brain-AI Structure Reviews and Methods,brain-structure,10.1002/cne.902990107,b0f12a68c551d1377cd5340570ae60a0ecb07927,https://doi.org/10.1002/cne.902990107,JournalArticle,unknown,6,brain; cerebral; cortex; brain/neural structure in title,
1990,Role of adenosine in regulation of regional cerebral blood flow in sensory cortex.,"K. R. Ko, A. Ngai, H. Winn",American Journal of Physiology,1990-12-01,127,General Brain-AI Structure Reviews and Methods,brain-structure,10.1152/AJPHEART.1990.259.6.H1703,b381d9845f9111fd7a4a4500a9828a398ca0f387,https://doi.org/10.1152/AJPHEART.1990.259.6.H1703,JournalArticle,unknown,6,brain; cerebral; cortex; brain/neural structure in title,
1990,Cortical tremor,"A. Ikeda, R. Kakigi, N. Funai, R. Neshige, Y. Kuroda, H. Shibasaki",Neurology,1990-10-01,126,General Brain-AI Structure Reviews and Methods,brain-structure,10.1212/WNL.40.10.1561,b6aa63bd96829f56da4f391eabecd3eb83124e51,https://doi.org/10.1212/WNL.40.10.1561,JournalArticle; CaseReport,unknown,2,brain; cortical,
1990,Protease nexin-1. Localization in the human brain suggests a protective role against extravasated serine proteases.,"B. H. Choi, Michiyasu Suzuki, Taiseung, Kim, Steven L. Wagner, D. Dennis, et al.",American Journal of Pathology,1990-10-01,125,General Brain-AI Structure Reviews and Methods,brain-structure,,aade214364afd5dfa1652eaca46fe3f3aa39e671,https://www.semanticscholar.org/paper/aade214364afd5dfa1652eaca46fe3f3aa39e671,JournalArticle,unknown,4,brain; brain/neural structure in title,
1990,Selective Loss of N-Methyl-d-Aspartate-Sensitive l-[3H]Glutamate Binding Sites in Rat Brain Following Portacaval Anastomosis,"C. Peterson, J. Giguère, C. Cotman, R. Butterworth",Journal of Neurochemistry,1990-08-01,124,General Brain-AI Structure Reviews and Methods,brain-structure,10.1111/j.1471-4159.1990.tb04149.x,0039313aeae675f6fdd1f23347cf64e933fc8897,https://doi.org/10.1111/j.1471-4159.1990.tb04149.x,JournalArticle,unknown,4,brain; brain/neural structure in title,
1990,Brain glucose metabolism in postanoxic syndrome. Positron emission tomographic study.,"A. D. Volder, A. Goffinet, A. Bol, C. Michel, T. Barsy, E. Laterre",Archives of Neurology,1990-02-01,123,"Connectomics, Graph Models, and Brain Networks",brain-structure;connectome,10.1001/ARCHNEUR.1990.00530020103022,f67a2d7999b4e81a4e6ae78a0e67822153ac775a,https://doi.org/10.1001/ARCHNEUR.1990.00530020103022,JournalArticle,unknown,8,brain; brain/neural structure in title; historical computation/learning bridge,
1990,"Neurons containing messenger RNA encoding glutamate decarboxylase in rat hypothalamus demonstrated by in situ hybridization, with special emphasis on cell groups in medial preoptic area, anterior hypothalamic area and dorsomedial hypothalamic nucleus.","Hitoshi Okamura, Hitoshi Okamura, M. Abitbol, J. Julien, S. Dumas, A. Bérod, et al.",Neuroscience,1990,123,"Cellular, Synaptic, and Neuromorphic Foundations",,10.1016/0306-4522(90)90252-Y,cd4c30dd807ec4d3adbe6d9c45682076c6b5c7bc,https://doi.org/10.1016/0306-4522(90)90252-Y,JournalArticle,unknown,15,thalamus; hypothalamus; neuron; neuromorphic; explicit brain-structure/AI bridge,
1990,"Acquired word deafness, and the temporal grain of sound representation in the primary auditory cortex.","D. P. Phillips, Mary E. Farmer",Behavioural Brain Research,1990-11-15,121,"Brain Decoding, Representation Learning, and BCI",brain-structure;decoding,10.1016/0166-4328(90)90001-U,7e88730478f3fb603f18448497e63e0c45cb0c10,https://doi.org/10.1016/0166-4328(90)90001-U,Review; JournalArticle,unknown,5,brain; cortex; brain/neural structure in title,
1990,"Synapses, axonal and dendritic patterns of GABA-immunoreactive neurons in human cerebral cortex.","Z. Kisvárday, A. Gulyás, D. Beroukas, J. B. North, I. Chubb, P. Somogyi",Brain : a journal of neurology,1990-06-01,121,"Cellular, Synaptic, and Neuromorphic Foundations",brain-structure,10.1093/BRAIN/113.3.793,5920c3ae677613ff9631263dd1ceaef1e4d475e1,https://doi.org/10.1093/BRAIN/113.3.793,Review; JournalArticle,unknown,19,cerebral; cortex; neuron; synapse; neuromorphic; brain/neural structure in title; explicit brain-structure/AI bridge,
1990,Functional expression and sites of gene transcription of a novel α subunit of the GABAA receptor in rat brain,"P. Malherbe, E. Sigel, R. Baur, E. Persohn, J. Richards, H. Möhler",Unknown venue,1990-01-29,120,General Brain-AI Structure Reviews and Methods,brain-structure,10.1016/0014-5793(90)80118-3,2bdbdd50e3468a8ad20c9b3c94bcb236d4b5309d,https://doi.org/10.1016/0014-5793(90)80118-3,paper,unknown,4,brain; brain/neural structure in title,
1990,The Correlative Brain,Philippe Eggermont,Studies of Brain Function,1990-11-02,120,General Brain-AI Structure Reviews and Methods,brain-structure,10.1007/978-3-642-51033-5,b0465d2803936461e38018f0e6590561e2f259fc,https://doi.org/10.1007/978-3-642-51033-5,Review,unknown,4,brain; brain/neural structure in title,
1990,An efficient method for estimating the total number of neurons in rat brain cortex.,"L. Korbo, B. Pakkenberg, O. Ladefoged, H. Gundersen, P. Arlien-Søborg, H. Pakkenberg",Journal of Neuroscience Methods,1990-02-01,118,General Brain-AI Structure Reviews and Methods,brain-structure,10.1016/0165-0270(90)90153-7,439e98f4ece4b230581cc410d2ed0070af5f4d31,https://doi.org/10.1016/0165-0270(90)90153-7,JournalArticle,unknown,6,brain; cortex; neuron; brain/neural structure in title,
1990,Chronic Electroconvulsive Seizures Down-Regulate Expression of the Immediate-Early Genes c-fos and c-jun in Rat Cerebral Cortex,"S. Winston, Michael Hayward, E. Nestler, R. Duman",Journal of Neurochemistry,1990-06-01,116,General Brain-AI Structure Reviews and Methods,brain-structure,10.1111/j.1471-4159.1990.tb04892.x,255274994ba216b835dabf04dcc0e47d1fca1bde,https://doi.org/10.1111/j.1471-4159.1990.tb04892.x,JournalArticle,unknown,6,brain; cerebral; cortex; brain/neural structure in title,
1990,The gamma 2 subunit is an integral component of the gamma-aminobutyric acidA receptor but the alpha 1 polypeptide is the principal site of the agonist benzodiazepine photoaffinity labeling reaction.,"F. Stephenson, M. Duggan, S. Pollard",Journal of Biological Chemistry,1990-12-05,116,"Electrophysiology, Neural Signals, and AI Decoding",brain-structure;neural-signals,10.1016/s0021-9258(17)45340-3,fb7474a014f88da31c8cd241298952b1cfc24a2e,https://doi.org/10.1016/s0021-9258(17)45340-3,JournalArticle,unknown,16,cerebral; cortex; ecog; neural; decoding; explicit brain-structure/AI bridge,"Polyclonal antibodies were raised to a synthetic peptide whose amino acid sequence was derived from the novel gamma-aminobutyric acidA (GABAA) receptor subunit, gamma 2."
1990,The General Anesthetic Propofol Enhances the Function of γ-Aminobutyric Acid-Coupled Chloride Channel in the Rat Cerebral Cortex,"A. Concas, G. Santoro, M. Mascia, Mariangela Serra, E. Sanna, G. Biggio",Journal of Neurochemistry,1990-12-01,116,General Brain-AI Structure Reviews and Methods,brain-structure,10.1111/j.1471-4159.1990.tb05807.x,c86f2e741dd82f1fe17b702f91a8dbb3c2f9289c,https://doi.org/10.1111/j.1471-4159.1990.tb05807.x,JournalArticle,unknown,6,brain; cerebral; cortex; brain/neural structure in title,
1990,Reduction of local cerebral blood flow to pathological levels by endothelin-1 applied to the middle cerebral artery in the rat.,"M. Robinson, I. M. Macrae, I. M. Macrae, M. Todd, John L. Reid, J. Mcculloch",Neuroscience Letters,1990-10-16,114,General Brain-AI Structure Reviews and Methods,brain-structure,10.1016/0304-3940(90)90644-O,f0db72f3ac276868de2ce8adc5bcdb5f9ea49315,https://doi.org/10.1016/0304-3940(90)90644-O,JournalArticle,unknown,2,brain; cerebral,
1990,Regional Cerebral Glucose Metabolism in Major Depressive Disorder *,"Trevor A. Hurwitz, C. Clark, E. Murphy, H. Klonoff, W. R. W. Martin, B. Pate",Canadian journal of psychiatry. Revue canadienne de psychiatrie,1990-11-01,114,General Brain-AI Structure Reviews and Methods,brain-structure,10.1177/070674379003500807,c88f9c39a5350f65667eb41de14bbf948eba15ea,https://doi.org/10.1177/070674379003500807,JournalArticle,unknown,2,brain; cerebral,
1990,Role of adenosine receptors in caffeine tolerance.,"S. Holtzman, S. Mante, K. Minneman",Journal of Pharmacology and Experimental Therapeutics,1990-01-01,114,"Cognitive Architectures, Learning, and Systems Neuroscience",brain-structure;neuroimaging,10.1016/s0022-3565(25)23061-0,db7496044f5da90fd6d353535a30994b3c9762fb,https://doi.org/10.1016/s0022-3565(25)23061-0,JournalArticle; Study,unknown,15,brain; cerebral; cortex; cognitive architecture; explicit brain-structure/AI bridge,Caffeine is a competitive antagonist at adenosine receptors.
1990,Presynaptic NMDA receptors stimulate noradrenaline release in the cerebral cortex.,"K. Fink, H. Bönisch, M. Göthert",European Journal of Pharmacology,1990-08-21,113,"Cellular, Synaptic, and Neuromorphic Foundations",brain-structure,10.1016/0014-2999(90)90219-V,6d62207f72c9b41fc7613b59ea335ad786eead82,https://doi.org/10.1016/0014-2999(90)90219-V,JournalArticle,unknown,17,cerebral; cortex; neuromorphic; brain/neural structure in title; explicit brain-structure/AI bridge,
1990,"Regional Cerebral Blood Flow after Hemorrhagic Hypotension in the Preterm, Near-Term, and Newborn Lamb","W. Szymonowicz, A. M. Walker, Victor Y H Yu, M. Stewart, J. Cannata, L. Cussen",Pediatric Research,1990-10-01,113,General Brain-AI Structure Reviews and Methods,brain-structure,10.1203/00006450-199010000-00012,075ae31e63f4408c55950663723eafa30946cfd6,https://doi.org/10.1203/00006450-199010000-00012,JournalArticle,unknown,2,brain; cerebral,
1990,Surgical management of epilepsy associated with cerebral arteriovenous malformations.,"H. Yeh, S. Kashiwagi, J. Tew, T. Berger",Journal of Neurosurgery,1990-02-01,112,Clinical NeuroAI and Brain Disorders,brain-structure;clinical-neuroai,10.3171/JNS.1990.72.2.0216,08bc85766ee836efd6ecc7840f01af504c79ee6c,https://doi.org/10.3171/JNS.1990.72.2.0216,JournalArticle,unknown,2,brain; cerebral,
1990,The role of disparity-sensitive cortical neurons in signalling the direction of self-motion,"J. Roy, R. Wurtz",Nature,1990-11-08,112,"Cellular, Synaptic, and Neuromorphic Foundations",brain-structure,10.1038/348160A0,f77f92d63500a2e19feefe15d559c490422c08fe,https://doi.org/10.1038/348160A0,JournalArticle,unknown,14,cortical; neuron; neuromorphic; explicit brain-structure/AI bridge,
1990,5-HT1A agonists increase and 5-HT3 agonists decrease acetylcholine efflux from the cerebral cortex of freely-moving guinea-pigs,"C. Bianchi, A. Siniscalchi, L. Beani",British Journal of Pharmacology,1990-10-01,111,General Brain-AI Structure Reviews and Methods,brain-structure,10.1111/j.1476-5381.1990.tb12728.x,79acc38a8c87663f27bb4c904f5a26d7038ab547,https://doi.org/10.1111/j.1476-5381.1990.tb12728.x,JournalArticle,unknown,6,brain; cerebral; cortex; brain/neural structure in title,
1990,Distribution of two morphologically distinct subsets of serotoninergic axons in the cerebral cortex of the marmoset,"J. Hornung, J. Fritschy, I. Törk",The Journal of comparative neurology,1990-07-08,111,General Brain-AI Structure Reviews and Methods,brain-structure,10.1002/cne.902970202,05198a03411eaa1ce5d5355810a6c11dc489bf94,https://doi.org/10.1002/cne.902970202,JournalArticle,unknown,6,brain; cerebral; cortex; brain/neural structure in title,
1990,Comparative structure and evolution of cerebral cortex,"A. Peters, E. Jones",Unknown venue,1990,110,General Brain-AI Structure Reviews and Methods,brain-structure,,82f90008e29e52a1325fba8ae8fd68be6cd69351,https://www.semanticscholar.org/paper/82f90008e29e52a1325fba8ae8fd68be6cd69351,Review,unknown,6,brain; cerebral; cortex; brain/neural structure in title,
1990,Immunocytochemical localization of the endogenous benzodiazepine ligand octadecaneuropeptide (ODN) in the rat brain.,"M. Tonon, L. Désy, P. Nicolas, H. Vaudry, Georges Pelletier",Neuropeptides,1990,110,General Brain-AI Structure Reviews and Methods,brain-structure,10.1016/0143-4179(90)90155-R,d7d8c67f98b14c51ff20900f1826f2a65b184cf5,https://doi.org/10.1016/0143-4179(90)90155-R,JournalArticle,unknown,4,brain; brain/neural structure in title,
1990,Experimental intracerebral hemorrhage: early removal of a spontaneous mass lesion improves late outcome.,"D. G. Nehls, D. Mendelow, D. Graham, G. Teasdale",Neurosurgery,1990-11-01,109,General Brain-AI Structure Reviews and Methods,brain-structure,10.1227/00006123-199011000-00002,c93504e3ab003cdf960c9fc6f5693a52873dde7d,https://doi.org/10.1227/00006123-199011000-00002,JournalArticle,unknown,2,brain; cerebral,
1990,Developmental Changes in Estrogen Receptors in Mouse Cerebral Cortex between Birth and Postweaning: Studied by Autoradiography with llβ-Methoxy-16α- [125I]Iodoestradiol*,"P. Shughrue, W. Stumpf, N. MacLusky, J. Zielinski, R. Hochberg",Unknown venue,1990-02-01,107,"Connectomics, Graph Models, and Brain Networks",brain-structure;connectome,10.1210/ENDO-126-2-1112,c63658392e27cebb55fea0fe4cce3797f7c57751,https://doi.org/10.1210/ENDO-126-2-1112,paper,unknown,10,brain; cerebral; cortex; brain/neural structure in title; historical computation/learning bridge,
1990,Effect of basic fibroblast growth factor on neurons cultured from various regions of postnatal rat brain.,"Susumu Matsuda, H. Saito, N. Nishiyama",Brain Research,1990-06-18,107,"Cellular, Synaptic, and Neuromorphic Foundations",brain-structure,10.1016/0006-8993(90)91720-2,c67019c3f52cbcffb7d12dce1340d8f741f9d4cb,https://doi.org/10.1016/0006-8993(90)91720-2,JournalArticle; Study,unknown,17,brain; neuron; neuromorphic; brain/neural structure in title; explicit brain-structure/AI bridge,
1990,A Method for the In Vivo Investigation of the Serotonergic 5-HT2 Receptors in the Human Cerebral Cortex Using Positron Emission Tomography and 18F-Labeled Setoperone,"J. Blin, G. Sette, M. Fiorelli, O. Blétry, J. Elghozi, C. Crouzel, et al.",Journal of Neurochemistry,1990-05-01,106,"Connectomics, Graph Models, and Brain Networks",brain-structure;connectome,10.1111/j.1471-4159.1990.tb01229.x,2d1b739f4a5351b5915e506dcfd89d6501ffb807,https://doi.org/10.1111/j.1471-4159.1990.tb01229.x,JournalArticle,unknown,10,brain; cerebral; cortex; brain/neural structure in title; historical computation/learning bridge,
1990,"Binding of [3H]ifenprodil, a novel NMDA antagonist, to a polyamine-sensitive site in the rat cerebral cortex.","H. Schoemaker, J. Allen, S. Z. Langer",European Journal of Pharmacology,1990-02-06,106,General Brain-AI Structure Reviews and Methods,brain-structure,10.1016/0014-2999(90)90539-I,f940fe1754a86e111a86469e8cd866bce9267e3c,https://doi.org/10.1016/0014-2999(90)90539-I,JournalArticle,unknown,6,brain; cerebral; cortex; brain/neural structure in title,
1990,"Cognitive impairment in Parkinson's disease: amyloid plaques, neurofibrillary tangles, and neuropil threads in the cerebral cortex","H. Braak, E. Braak",Journal of Neural Transmission - Parkinsons Disease and Dementia Section,1990,106,Clinical NeuroAI and Brain Disorders,brain-structure;clinical-neuroai,10.1007/BF02251245,6b02ac11772b3901c2da4ffa98b935a0bd8bed87,https://doi.org/10.1007/BF02251245,JournalArticle,unknown,6,brain; cerebral; cortex; brain/neural structure in title,
1990,"Psychophysiology at the interface of clinical science, cognitive science, and neuroscience.",Michael E. Dawson,Psychophysiology,1990-05-01,106,General Brain-AI Structure Reviews and Methods,brain-structure;clinical-neuroai,10.1111/J.1469-8986.1990.TB00378.X,0c2e074f2d882bb912611f249eb355677f7a45da,https://doi.org/10.1111/J.1469-8986.1990.TB00378.X,Review; JournalArticle,unknown,1,brain,
1990,Cerebral Glucose Utilization During Sleep in Landau-Kleffner Syndrome: A PET Study,"P. Maquet, E. Hirsch, D. Dive, E. Salmon, C. Marescaux, G. Franck",Epilepsia,1990-12-01,105,General Brain-AI Structure Reviews and Methods,brain-structure;neuroimaging,10.1111/j.1528-1157.1990.tb05519.x,6500a2c68a85096e51bce366530a7d81bcc85a45,https://doi.org/10.1111/j.1528-1157.1990.tb05519.x,JournalArticle,unknown,2,brain; cerebral,
1990,The regulation of proenkephalin expression in a distinct population of glial cells.,"M. H. Melner, K. G. Low, R. G. Allen, C. P. Nielsen, S. L. Young, R. Saneto",EMBO Journal,1990-03-01,105,"Cellular, Synaptic, and Neuromorphic Foundations",brain-structure,10.1002/j.1460-2075.1990.tb08175.x,bf8cd87fb39442ae02615fc76ae249e23a716dc5,https://doi.org/10.1002/j.1460-2075.1990.tb08175.x,JournalArticle,unknown,4,neuromorphic,
1990,Brain oedema and cellular changes induced by acute heat stress in young rats.,"H. Sharma, J. Cervós-Navarro",Acta Neurochirurgica Supplementum,1990,104,"Cellular, Synaptic, and Neuromorphic Foundations",brain-structure,10.1007/978-3-7091-9115-6_129,53e1bd60487a2634af5975ed5489dea3faadff0c,https://doi.org/10.1007/978-3-7091-9115-6_129,JournalArticle,unknown,16,brain; neuromorphic; brain/neural structure in title; explicit brain-structure/AI bridge,
1990,Is the cerebral cortex modular?,N. Swindale,Trends in Neurosciences,1990-12-01,104,General Brain-AI Structure Reviews and Methods,brain-structure,10.1016/0166-2236(90)90082-L,9e8e6242f67d43a77ff98b109996add5eaa58616,https://doi.org/10.1016/0166-2236(90)90082-L,Review; JournalArticle,unknown,6,brain; cerebral; cortex; brain/neural structure in title,
1990,The effect of arsenic trioxide on brain monoamine metabolism and locomotor activity of mice.,"T. Itoh, Y. Zhang, S. Murai, H. Saito, H. Nagahama, H. Miyate, et al.",Toxicology Letters,1990-12-01,104,General Brain-AI Structure Reviews and Methods,brain-structure,10.1016/0378-4274(90)90202-W,afd4d07261b9b2e8a7e67100f871407e54551099,https://doi.org/10.1016/0378-4274(90)90202-W,JournalArticle,unknown,4,brain; brain/neural structure in title,
1990,Developmental and tissue-specific expression of the rod photoreceptor cGMP-gated ion channel gene.,"I. Ahmad, L. Redmond, C. Barnstable",Biochemical and Biophysical Research Communications - BBRC,1990-11-30,103,General Brain-AI Structure Reviews and Methods,brain-structure,10.1016/S0006-291X(05)81081-2,268c70bd79d5f245de4b46ab506b1c4ae4a1d938,https://doi.org/10.1016/S0006-291X(05)81081-2,JournalArticle,unknown,4,brain; cerebral; cortex; cerebellum,Probes against the retinal cGMP-gated cation channel were generated by PCR amplification of cDNA from rat and bovine retina.
1990,Exo-focal postischemic neuronal death in the rat brain.,"H. Nagasawa, K. Kogure",Brain Research,1990-08-06,103,"Cellular, Synaptic, and Neuromorphic Foundations",brain-structure,10.1016/0006-8993(90)90690-D,d83af0fd21521e773e4da233b9f4ded0ff0ed402,https://doi.org/10.1016/0006-8993(90)90690-D,JournalArticle,unknown,17,brain; neuron; neuromorphic; brain/neural structure in title; explicit brain-structure/AI bridge,
1990,Protein kinase C is translocated to cell membranes during cerebral ischemia.,"M. Cardell, B. Hu, T. Wieloch, J. Zivin, T. Saitoh",Neuroscience Letters,1990-11-13,103,"Cellular, Synaptic, and Neuromorphic Foundations",brain-structure,10.1016/0304-3940(90)90840-6,0df148be723fbbac50f699795eb8cd900a1e1b4d,https://doi.org/10.1016/0304-3940(90)90840-6,JournalArticle,unknown,13,cerebral; neuromorphic; explicit brain-structure/AI bridge,
1990,Factors involved in the establishment of specific interconnections between thalamus and cerebral cortex.,"C. Blakemore, Z. Molnár, Press Cshlab.",Cold Spring Harbor Symposia on Quantitative Biology,1990,102,General Brain-AI Structure Reviews and Methods,brain-structure,10.1101/SQB.1990.055.01.048,93c2a2eaaedbe2dc083e4aaffe5252bd030197ed,https://doi.org/10.1101/SQB.1990.055.01.048,JournalArticle,unknown,7,brain; cerebral; cortex; thalamus; brain/neural structure in title,
1990,"Further Characterization of the Guinea Pig Cerebral Cortex Idazoxan Receptor: Solubilization, Distinction from the Imidazole Site, and Demonstration of Cirazoline as an Idazoxan Receptor-Selective Drug","J. Wikberg, S. Uhlén",Journal of Neurochemistry,1990-07-01,102,General Brain-AI Structure Reviews and Methods,brain-structure,10.1111/j.1471-4159.1990.tb08838.x,7de445b2f8ffe35948b4e4cccf5969c10b01ba6b,https://doi.org/10.1111/j.1471-4159.1990.tb08838.x,JournalArticle; Review,unknown,6,brain; cerebral; cortex; brain/neural structure in title,
1990,A quantitative study of the neurofibrillary tangles and the choline acetyltransferase activity in the cerebral cortex and the amygdala in Alzheimer's disease.,"M. Esiri, R. Pearson, J. Steele, D. Bowen, T. Powell",Journal of Neurology Neurosurgery & Psychiatry,1990-02-01,101,Clinical NeuroAI and Brain Disorders,brain-structure;clinical-neuroai,10.1136/jnnp.53.2.161,dd6771390a71a13cb3529f19510876c94a724ca7,https://doi.org/10.1136/jnnp.53.2.161,JournalArticle,unknown,7,brain; cerebral; cortex; amygdala; brain/neural structure in title,
1990,Characterization and Distribution of Transferrin Receptors in the Rat Brain,"D. Mash, J. Pablo, D. D. Flynn, S. Efange, W. Weiner",Journal of Neurochemistry,1990-12-01,101,General Brain-AI Structure Reviews and Methods,brain-structure,10.1111/j.1471-4159.1990.tb05784.x,2b0840a7ecff6d5dcb0b93f7927e871e4e09f1b6,https://doi.org/10.1111/j.1471-4159.1990.tb05784.x,JournalArticle,unknown,4,brain; brain/neural structure in title,
1990,Down-regulation of brain and spinal cord mu-opiate receptors in morphine tolerant-dependent rats.,"Hemendra M. Bhargava, A. Gulati",European Journal of Pharmacology,1990-11-13,101,General Brain-AI Structure Reviews and Methods,brain-structure,10.1016/0014-2999(90)94194-3,083968d2d3d6b78b977657688e900cd85756cfeb,https://doi.org/10.1016/0014-2999(90)94194-3,JournalArticle,unknown,4,brain; brain/neural structure in title,
1990,Distribution of GABAA and GABAB receptors in mammalian brain: Potential targets for drug development,"A. Young, D. Chu",Unknown venue,1990,99,General Brain-AI Structure Reviews and Methods,brain-structure,10.1002/DDR.430210303,288b99b079103aedf8320444da253bcb958aedf6,https://doi.org/10.1002/DDR.430210303,paper,unknown,4,brain; brain/neural structure in title,
1990,Regional cerebral blood flow in patients with leuko-araiosis and atherosclerotic carotid artery disease.,"K. Herholz, Walter Heindel, A. Rackl, I. Neubauer, W. Steinbrich, Uwe Pietrzyk, et al.",Archives of Neurology,1990-04-01,99,Clinical NeuroAI and Brain Disorders,brain-structure;clinical-neuroai,10.1001/ARCHNEUR.1990.00530040034016,a8bdf0b66fe3d32de7960c56a6f40de1eaaaa12d,https://doi.org/10.1001/ARCHNEUR.1990.00530040034016,JournalArticle,unknown,2,brain; cerebral,
1990,The response of the cerebral hemisphere of the rat to injury. II. The neonatal rat.,"W. Maxwell, R. Follows, D. E. Ashhurst, Martin Berry","Philosophical transactions of the Royal Society of London. Series B, Biological sciences",1990-06-26,99,General Brain-AI Structure Reviews and Methods,brain-structure,10.1098/RSTB.1990.0122,b2d129eddda44dafa999ae9d9ab9ef0a4b7bd959,https://doi.org/10.1098/RSTB.1990.0122,JournalArticle,unknown,2,brain; cerebral,
1990,Visual motion response properties of neurons in dorsolateral pontine nucleus of alert monkey.,"David A. Suzuki, J. May, E. Keller, R. Yee",Journal of Neurophysiology,1990,98,"Cellular, Synaptic, and Neuromorphic Foundations",,10.1152/JN.1990.63.1.37,ef146e0ddadf8fea8ad6cbc6eb115581daea0592,https://doi.org/10.1152/JN.1990.63.1.37,JournalArticle,unknown,13,neuron; neuromorphic; explicit brain-structure/AI bridge,
1990,Acute phase proteins are present in amorphous plaques in the cerebral but not in the cerebellar cortex of patients with Alzheimer's disease.,"J. Rozemuller, F. Stam, P. Eikelenboom",Neuroscience Letters,1990-10-30,97,Clinical NeuroAI and Brain Disorders,brain-structure;clinical-neuroai,10.1016/0304-3940(90)90759-3,69aad9be5a4a8ee77ed4baf0bbd9d4b67d5ce966,https://doi.org/10.1016/0304-3940(90)90759-3,JournalArticle,unknown,6,brain; cerebral; cortex; brain/neural structure in title,
1990,Calbindin D-28k Protein and mRNA Localization in the Rat Brain,"J. Sequier, W. Hunziker, C. Andressen, M. Celio",European Journal of Neuroscience,1990-12-01,96,General Brain-AI Structure Reviews and Methods,brain-structure,10.1111/j.1460-9568.1990.tb00023.x,b25a0b2975d828c3a9ece4d0a94cc278f3f2d654,https://doi.org/10.1111/j.1460-9568.1990.tb00023.x,JournalArticle,unknown,4,brain; brain/neural structure in title,
1990,A distinct human testis and brain mu-class glutathione S-transferase. Molecular cloning and characterization of a form present even in individuals lacking hepatic type mu isoenzymes.,"E. Campbell, Y. Takahashi, M. Abramovitz, M. Peretz, I. Listowsky",Journal of Biological Chemistry,1990-06-05,95,General Brain-AI Structure Reviews and Methods,brain-structure,10.1016/s0021-9258(19)38830-1,a650ca5036f607e9126280b1497ccdf35d8023c9,https://doi.org/10.1016/s0021-9258(19)38830-1,JournalArticle,unknown,6,brain; cerebral; cortex; brain/neural structure in title,mu-Class glutathione S-transferases (GSTs) were identified in all 13 human testes and 28 brains examined; even subjects whose livers were devoid of mu-GSTs expressed extrahepatic GSTs of this class.
1990,Biphasic effects of polarizing current on adenosine-sensitive generation of cyclic AMP in rat cerebral cortex.,"Y. Hattori, A. Moriwaki, Y. Hori",Neuroscience Letters,1990-08-24,95,General Brain-AI Structure Reviews and Methods,brain-structure,10.1016/0304-3940(90)90094-P,1566540841b364725784792b0cae36f6197b9c60,https://doi.org/10.1016/0304-3940(90)90094-P,JournalArticle,unknown,6,brain; cerebral; cortex; brain/neural structure in title,
1990,Glial fibrillary acidic protein messenger RNA and glutamine synthetase activity after nervous system injury,"D. Condorelli, P. Dell'Albani, L. Kaczmarek, L. Messina, G. Spampinato, R. Avola, et al.",Journal of Neuroscience Research,1990-06-01,95,General Brain-AI Structure Reviews and Methods,brain-structure,10.1002/jnr.490260216,a0214714837470f5a64218ffd172d532e14b5942,https://doi.org/10.1002/jnr.490260216,JournalArticle,unknown,1,brain,
1990,The effect of aging on the D1 dopamine receptors in human frontal cortex.,"J. Keyser, J. Backer, G. Vauquelin, G. Ebinger",Brain Research,1990-10-01,95,General Brain-AI Structure Reviews and Methods,brain-structure,10.1016/0006-8993(90)91672-4,d40585100589e9b7abad2e50fbd3bced275408e4,https://doi.org/10.1016/0006-8993(90)91672-4,JournalArticle,unknown,5,brain; cortex; brain/neural structure in title,
1990,The effect of carbon dioxide on the diameter of brain capillaries.,"J. Atkinson, Robert E. Anderson, T. Sundt",Brain Research,1990-05-28,95,General Brain-AI Structure Reviews and Methods,brain-structure,10.1016/0006-8993(90)91046-J,6bb441cf2eebd42c8278a09abb32611cebb2d93e,https://doi.org/10.1016/0006-8993(90)91046-J,JournalArticle,unknown,4,brain; brain/neural structure in title,
1990,The Purkinje cell class may extend beyond the cerebellum,"A. S. Berrebi, J. I. Morgan, Enrico Mugnaini",Journal of Neurocytology,1990-10-01,95,"Cellular, Synaptic, and Neuromorphic Foundations",brain-structure,10.1007/BF01188033,c12bc403ec205a645d40856f24085a7e05ded21c,https://doi.org/10.1007/BF01188033,JournalArticle,unknown,13,cerebellum; neuromorphic; explicit brain-structure/AI bridge,
1990,Cholinergic neurons of the feline pontomesencephalon. II. Ascending anatomical projections.,"N. Woolf, J. Harrison, J. Buchwald",Brain Research,1990-06-18,94,"Cellular, Synaptic, and Neuromorphic Foundations",brain-structure,10.1016/0006-8993(90)91691-9,d90f9191924eb11c4ec656a2ac4e4abcb642f426,https://doi.org/10.1016/0006-8993(90)91691-9,JournalArticle,unknown,13,neuron; neuromorphic; explicit brain-structure/AI bridge,
1990,Evaluation of brain damage in a rat model of neonatal hypoxic-ischemia.,"P. Andiné, M. Thordstein, Ingemar Kjellmer, C. Nordborg, K. Thiringer, E. Wennberg, et al.",Journal of Neuroscience Methods,1990-12-01,94,Computational Neuroscience and Brain-Inspired AI,brain-structure;brain-inspired-ai,10.1016/0165-0270(90)90131-X,3ab06925704a401d71524226e6ab9f57027c064e,https://doi.org/10.1016/0165-0270(90)90131-X,JournalArticle,unknown,8,brain; brain/neural structure in title; historical computation/learning bridge,
1990,Glutamine synthetase immunoreactivity is present in oligodendroglia of various regions of the central nervous system,"F. D'amelio, L. Eng, M. Gibbs",Glia,1990,94,General Brain-AI Structure Reviews and Methods,brain-structure,10.1002/glia.440030504,ef914dda3e09fde420760f838144b0d52bb29f84,https://doi.org/10.1002/glia.440030504,JournalArticle,unknown,1,brain,
1990,C6 glioma cell invasion and migration of rat brain after neural homografting: ultrastructure.,"J. J. Bernstein, W. Goldberg, E. Laws, D. Conger, V. Morreale, L. R. Wood",Neurosurgery,1990-04-01,93,"Cellular, Synaptic, and Neuromorphic Foundations",brain-structure,10.1097/00006123-199004000-00010,e283ac2c5843a18a5ea27ece04b8c6c5d94053fc,https://doi.org/10.1097/00006123-199004000-00010,JournalArticle,unknown,17,brain; neural; neuromorphic; brain/neural structure in title; explicit brain-structure/AI bridge,
1990,Neuronal plasticity and astrocytic reaction in Down syndrome and Alzheimer disease.,"Ole Steen J∅rgensen, B. Brooksbank, R. Balázs",Journal of Neurological Sciences,1990-08-01,93,"Cellular, Synaptic, and Neuromorphic Foundations",clinical-neuroai,10.1016/0022-510X(90)90182-M,350443df3d91993556377bf1f93d362048ed4ac5,https://doi.org/10.1016/0022-510X(90)90182-M,JournalArticle,unknown,13,neuron; neuromorphic; explicit brain-structure/AI bridge,
1990,Pharmacological analysis of [3H]-senktide binding to NK3 tachykinin receptors in guinea-pig ileum longitudinal muscle-myenteric plexus and cerebral cortex membranes,"S. Guard, S. Watson, J. Maggio, H. Too, K. Watling",British Journal of Pharmacology,1990-04-01,93,General Brain-AI Structure Reviews and Methods,brain-structure,10.1111/j.1476-5381.1990.tb13004.x,87d053d6b67a0d2587784b123576d3f69e065aaa,https://doi.org/10.1111/j.1476-5381.1990.tb13004.x,JournalArticle,unknown,6,brain; cerebral; cortex; brain/neural structure in title,
1990,Phenylketonuria: MR imaging of the brain with clinical correlation.,"K. Pearsen, A D Gean-Marton, H. Levy, K. Davis",Radiology,1990-11-01,93,Clinical NeuroAI and Brain Disorders,brain-structure;clinical-neuroai,10.1148/RADIOLOGY.177.2.2217781,8d0425a77056911c1e2c33028fc55ee27c858f5b,https://doi.org/10.1148/RADIOLOGY.177.2.2217781,JournalArticle; Study,unknown,4,brain; brain/neural structure in title,
1990,Reduced inositol polyphosphate accumulation and inositol supply induced by lithium in stimulated cerebral cortex slices.,"E D Kennedy, R. Challiss, C. I. Ragan, S. R. Nahorski",Biochemical Journal,1990-05-01,93,General Brain-AI Structure Reviews and Methods,brain-structure,10.1042/BJ2670781,413bc8fdae68ac6a31604c53a91ee1bb0796ef6a,https://doi.org/10.1042/BJ2670781,JournalArticle,unknown,6,brain; cerebral; cortex; brain/neural structure in title,
1990,Microwave irradiation of rats at 2.45 GHz activates pinocytotic-like uptake of tracer by capillary endothelial cells of cerebral cortex.,"C. Neubauer, A. Phelan, H. Kues, D. Lange",Bioelectromagnetics,1990,92,"Cellular, Synaptic, and Neuromorphic Foundations",brain-structure,10.1002/BEM.2250110402,a2cae22914e698d30bcb0d83aac68a72fd707ca7,https://doi.org/10.1002/BEM.2250110402,JournalArticle,unknown,17,cerebral; cortex; neuromorphic; brain/neural structure in title; explicit brain-structure/AI bridge,
1990,Vascular pressures and cortical blood flow in cavernous angioma of the brain.,"John R. Little, I. Awad, Stephen C. Jones, Zeyd Ebrahim",Journal of Neurosurgery,1990-10-01,92,General Brain-AI Structure Reviews and Methods,brain-structure,10.3171/JNS.1990.73.4.0555,256315480767df9aa569f0ce380ebe8698a5ec28,https://doi.org/10.3171/JNS.1990.73.4.0555,JournalArticle,unknown,5,brain; cortical; brain/neural structure in title,
1990,Biochemical evidence for the existence of gamma-aminobutyrateA receptor iso-oligomers.,"M. Duggan, F. Stephenson",Journal of Biological Chemistry,1990-03-05,91,General Brain-AI Structure Reviews and Methods,brain-structure,10.1016/S0021-9258(19)39669-3,e5aae0cd5aa7359e4531d72a0edca24e74afbf9e,https://doi.org/10.1016/S0021-9258(19)39669-3,JournalArticle,unknown,5,brain; cerebral; cortex; hippocampus; cerebellum,"Polyclonal antibodies were raised against synthetic peptides whose sequences were from unique regions of the bovine gamma-aminobutyrateA receptor alpha 1, alpha 2, and alpha 3 subunits."
1990,Cell surface molecules containing N-acetylgalactosamine are associated with basket cells and neurogliaform cells in cat visual cortex,"J. Naegele, L. Katz",Journal of Neuroscience,1990-02-01,91,"Cellular, Synaptic, and Neuromorphic Foundations",brain-structure,10.1523/JNEUROSCI.10-02-00540.1990,56d0b022217b5cd1e0cf0c228152b589a412a06e,https://doi.org/10.1523/JNEUROSCI.10-02-00540.1990,JournalArticle,unknown,19,cerebral; cortex; cortical; neuron; neuromorphic; brain/neural structure in title; explicit brain-structure/AI bridge,"In the cerebral cortex, the plant lectin Vicia villosa (VVA) selectively stains the surfaces of nonpyramidal neurons."
1990,Effect of hyperglycemia on neuronal changes in a rabbit model of focal cerebral ischemia.,"S. A. Kraft, C. P. Larson, Lawrence Shuer, Gary K. Steinberg, G. Benson, Ronald G. Pearl",Stroke,1990-03-01,89,Computational Neuroscience and Brain-Inspired AI,brain-structure;clinical-neuroai,10.1161/01.STR.21.3.447,82674947c9546646c431df8acc71cf3f09d0bc08,https://doi.org/10.1161/01.STR.21.3.447,JournalArticle,unknown,19,brain; cerebral; neuron; computational neuroscience; brain-inspired; explicit brain-structure/AI bridge,
1990,Reactive astrogliosis after basic fibroblast growth factor (bFGF) injection in injured neonatal rat brain,"F. Eclancher, F. Perraud, J. Faltin, G. Labourdette, M. Sensenbrenner",Glia,1990,89,General Brain-AI Structure Reviews and Methods,brain-structure,10.1002/glia.440030609,84d9e7396f4a2ca26ca084d45b2bda034ebf3dbe,https://doi.org/10.1002/glia.440030609,JournalArticle,unknown,4,brain; brain/neural structure in title,
1990,Histamine H3 receptor binding sites in rat brain membranes: modulations by guanine nucleotides and divalent cations.,"J. Arrang, J. Roy, J. Morgat, W. Schunack, Jean-Charles Schwartz",European Journal of Pharmacology,1990-04-25,88,General Brain-AI Structure Reviews and Methods,brain-structure,10.1016/0922-4106(90)90005-I,45405b1928a22ac704610a8b1a9bc7eb74a0e1fb,https://doi.org/10.1016/0922-4106(90)90005-I,JournalArticle,unknown,4,brain; brain/neural structure in title,
1990,"Regional distribution of M1, M2 and non-M1, non-M2 subtypes of muscarinic binding sites in rat brain.","Frederick J. Ehlert, L. Tran",Journal of Pharmacology and Experimental Therapeutics,1990-12-01,88,Computational Neuroscience and Brain-Inspired AI,brain-structure;neuroimaging,10.1016/s0022-3565(25)23162-7,2b73db8b30335dd84c45a66981bdc2eeb30fa2e8,https://doi.org/10.1016/s0022-3565(25)23162-7,JournalArticle; Study,unknown,26,brain; cerebral; cortex; hippocampus; thalamus; hypothalamus; computational neuroscience; brain-inspired; brain/neural structure in title; explicit brain-structure/AI bridge,"The distribution of subtypes of the muscarinic receptor in homogenates of the rat brain was investigated by measuring the competitive inhibition of the binding [3H]N-methylscopolamine by pirenzepine and AF-DX 116 (11[[2-[(diethylamino)methyl]-1-piperidinyl]acetyl]-5, 11-dihydro-6H-pyrido[2,3-b][1,4]benzodiazepine-6-one)."
1990,Representation of the ipsilateral visual field in the transition zone between areas 17 and 18 of the cat's cerebral cortex,Bertram R. Payne,Visual Neuroscience,1990-05-01,88,"Brain Decoding, Representation Learning, and BCI",brain-structure;decoding,10.1017/S0952523800005204,8ea01d2b4eeacc4c9d7c1aa4e744bf1569cff1be,https://doi.org/10.1017/S0952523800005204,JournalArticle,unknown,26,brain; cerebral; cortex; decoding; representation learning; bci; brain/neural structure in title; explicit brain-structure/AI bridge,
1990,Cerebral preamyloid deposits and congophilic angiopathy in aged dogs.,"G. Giaccone, L. Verga, M. Finazzi, B. Pollo, F. Tagliavini, B. Frangione, et al.",Neuroscience Letters,1990-07-03,87,General Brain-AI Structure Reviews and Methods,brain-structure,10.1016/0304-3940(90)90068-K,c6d6264d780074b21110e2eabf46ed9474d4b24d,https://doi.org/10.1016/0304-3940(90)90068-K,JournalArticle,unknown,2,brain; cerebral,
1990,Morphology and distribution of HIV-1 gp41-positive microglia in subacute AIDS encephalitis. Pattern of involvement resembling a multisystem degeneration.,"K. Kure, K. Weidenheim, W. Lyman, D. Dickson",Acta Neuropathologica,1990,86,General Brain-AI Structure Reviews and Methods,brain-structure,,68a5317df3cbe74eafedf96557e0d1c43d1da04e,https://www.semanticscholar.org/paper/68a5317df3cbe74eafedf96557e0d1c43d1da04e,JournalArticle,unknown,1,brain,
1990,The effects of intrauterine growth retardation on the development of neuroglia in fetal guinea pigs. An immunohistochemical and an ultrastructural study,"I. Nitsos, S. Rees",International Journal of Developmental Neuroscience,1990,86,General Brain-AI Structure Reviews and Methods,brain-structure,10.1016/0736-5748(90)90029-2,6d3b09c31b50fffb4fcb6cdee8a5b292aa23ad61,https://doi.org/10.1016/0736-5748(90)90029-2,JournalArticle,unknown,1,brain,
1990,Alpha-dendrotoxin acceptor from bovine brain is a K+ channel protein. Evidence from the N-terminal sequence of its larger subunit.,"V. Scott, D. Parcej, J. Keen, J. Findlay, J. Dolly",Journal of Biological Chemistry,1990-11-25,85,"Cellular, Synaptic, and Neuromorphic Foundations",brain-structure,10.1016/S0021-9258(17)30474-X,f1cbd171da0237d7c462fbd790f8bf822a76418d,https://doi.org/10.1016/S0021-9258(17)30474-X,JournalArticle; Study,unknown,19,brain; cerebral; cortex; neuron; neuromorphic; brain/neural structure in title; explicit brain-structure/AI bridge,"High affinity acceptors for alpha-dendrotoxin, a selective probe for certain fast activating voltage-dependent K+ channels, were purified approximately 4,000-fold from synaptic plasma membranes of bovine cerebral cortex."
1990,"Choline acetyltransferase activity and [3H]vesamicol binding in the temporal cortex of patients with Alzheimer's disease, Parkinson's disease, and rats with basal forebrain lesions.","Merle Ruberg, Willy Mayo, Alexis Brice, C. Duyckaerts, J. Hauw, Hervé Simon, et al.",Neuroscience,1990,85,Clinical NeuroAI and Brain Disorders,brain-structure;clinical-neuroai,10.1016/0306-4522(90)90086-J,793db8e3393203453229dc28bd20d90590049830,https://doi.org/10.1016/0306-4522(90)90086-J,JournalArticle,unknown,5,brain; cortex; brain/neural structure in title,
1990,Nerve growth factor receptor immunoreactivity is transiently associated with the subplate neurons of the mammalian cerebral cortex.,"K. Allendoerfer, D. Shelton, E. Shooter, Carla J Shatz",Proceedings of the National Academy of Sciences of the United States of America,1990,85,"Cellular, Synaptic, and Neuromorphic Foundations",brain-structure,10.1073/PNAS.87.1.187,cb2424cfae66822bd8860987cba129169457079e,https://doi.org/10.1073/PNAS.87.1.187,JournalArticle,unknown,18,cerebral; cortex; neuron; neuromorphic; brain/neural structure in title; explicit brain-structure/AI bridge,
1990,Somatosensory evoked potentials in rat cerebral cortex before and after middle cerebral artery occlusion.,"K. Sakatani, Hideaki Iizuka, Wise Young",Stroke,1990,85,"Electrophysiology, Neural Signals, and AI Decoding",brain-structure;neural-signals;clinical-neuroai,10.1161/01.STR.21.1.124,f876cc66c86eec819614b278098ccb099baf9eaf,https://doi.org/10.1161/01.STR.21.1.124,JournalArticle,unknown,6,brain; cerebral; cortex; brain/neural structure in title,
1990,Sphenopalatine ganglion stimulation increases regional cerebral blood flow independent of glucose utilization in the cat.,P. J. Goadsby,Brain Research,1990,85,General Brain-AI Structure Reviews and Methods,brain-structure,10.1016/0006-8993(90)91211-X,b1efa4de1e394c85680fdcfd574906290c048178,https://doi.org/10.1016/0006-8993(90)91211-X,JournalArticle,unknown,2,brain; cerebral,
1990,Temporal progression of cortical reorganization following nerve injury.,"Catherine G. Cusick, J. Wall, John H. Whiting, R. G. Wiley",Brain Research,1990-12-24,85,General Brain-AI Structure Reviews and Methods,brain-structure,10.1016/0006-8993(90)90385-O,3d23b0cdb2addb00ee4842e17abeb68ef04f62d3,https://doi.org/10.1016/0006-8993(90)90385-O,JournalArticle,unknown,2,brain; cortical,
1990,Corticonigral degeneration with neuronal achromasia. A clinicopathologic study of two cases.,"C. Lippa, Thomas W. Smith, Nancy M. Fontneau",Journal of Neurological Sciences,1990-09-01,84,"Cellular, Synaptic, and Neuromorphic Foundations",,10.1016/0022-510X(90)90271-N,b4346ea8b736a0bca1c056531abe30b041630c66,https://doi.org/10.1016/0022-510X(90)90271-N,JournalArticle; CaseReport,unknown,13,neuron; neuromorphic; explicit brain-structure/AI bridge,
1990,"Serum amyloid P immunoreactivity in hippocampal tangles, plaques and vessels: implications for leakage across the blood-brain barrier in Alzheimer's disease.","R. Kalaria, I. Grahovac",Brain Research,1990-05-21,84,Clinical NeuroAI and Brain Disorders,brain-structure;clinical-neuroai,10.1016/0006-8993(90)90941-4,ca63ae5bedd0db90615023389aeda226112765e0,https://doi.org/10.1016/0006-8993(90)90941-4,JournalArticle,unknown,4,brain; brain/neural structure in title,
1990,A cloned G protein-coupled protein with a distribution restricted to striatal medium-sized neurons. Possible relationship with D1 dopamine receptor.,"Serge N. Schiffmann, F. Libert, G. Vassart, J. E. Dumont, J.-J. Vanderhaeghen",Brain Research,1990-06-11,82,"Cellular, Synaptic, and Neuromorphic Foundations",brain-structure,10.1016/0006-8993(90)90097-U,c545f3205a31f40ceb61e160ae3096ad941d9d3c,https://doi.org/10.1016/0006-8993(90)90097-U,JournalArticle,unknown,13,neuron; neuromorphic; explicit brain-structure/AI bridge,
1990,Effect of Ammonia on Brain Serotonin Metabolism in Relation to Function in the Portacaval Shunted Rat,"M. Bergeron, Margaret S. Swain, T. Reader, L. Grondin, R. Butterworth",Journal of Neurochemistry,1990-07-01,82,General Brain-AI Structure Reviews and Methods,brain-structure,10.1111/j.1471-4159.1990.tb08842.x,9ecd52cd82a075a3ca19e3421e01030e022a7e1b,https://doi.org/10.1111/j.1471-4159.1990.tb08842.x,JournalArticle,unknown,4,brain; brain/neural structure in title,
1990,"Immunocytochemical localization of the neuron-specific form of the c- src gene product, pp60c-src(+), in rat brain","Mary M. Sugrue, Joan S. Brugge, Daniel R. Marshak, Paul Greengard, E. L. Gustafson",Journal of Neuroscience,1990-08-01,82,"Cellular, Synaptic, and Neuromorphic Foundations",brain-structure;neural-signals,10.1523/JNEUROSCI.10-08-02513.1990,f8a7b220a2b8ff633ddd11bd0cf38435eab18faa,https://doi.org/10.1523/JNEUROSCI.10-08-02513.1990,JournalArticle,unknown,21,brain; cerebral; cortex; cerebellum; ecog; neuron; neuromorphic; brain/neural structure in title; explicit brain-structure/AI bridge,"Neurons express high levels of a variant form of the c-src gene product, denoted pp60c-src(+), which contains a 6 amino acid insert in the amino-terminal half of the c-src protein."
1990,Neuronal mechanisms of motion perception.,"W. T. Newsome, K. Britten, C. Salzman, J. Movshon",Cold Spring Harbor Symposia on Quantitative Biology,1990,82,"Cellular, Synaptic, and Neuromorphic Foundations",,10.1101/SQB.1990.055.01.065,455ae6e7ff3608f81bcd2b59c04daaa0106c5798,https://doi.org/10.1101/SQB.1990.055.01.065,JournalArticle; Review,unknown,13,neuron; neuromorphic; explicit brain-structure/AI bridge,
1990,Neuronal alterations in patients with dementia: a Golgi study on biopsy samples.,"I. Ferrer, N. Guionnet, F. cruz-Sánchez, T. Tuñón",Neuroscience Letters,1990-06-22,81,Clinical NeuroAI and Brain Disorders,clinical-neuroai,10.1016/0304-3940(90)90420-E,b05f08127cc7fe3a70c1d67a1b81fd58b4361f76,https://doi.org/10.1016/0304-3940(90)90420-E,JournalArticle,unknown,2,brain; neuron,
1990,The Bounded Brain: Toward Quantitative Neuroanatomy,Christopher Cherniak,Journal of Cognitive Neuroscience,1990,81,General Brain-AI Structure Reviews and Methods,brain-structure,10.1162/jocn.1990.2.1.58,83d1a924c20fad5db295097be438773549dfd738,https://doi.org/10.1162/jocn.1990.2.1.58,JournalArticle,unknown,4,brain; brain/neural structure in title,
1990,Effects of recombinant human basic fibroblast growth factor and its modified protein CS23 on survival of primary cultured neurons from various regions of fetal rat brain.,"K. Abe, M. Takayanagi, H. Saito",Japanese Journal of Pharmacology,1990,80,"Cellular, Synaptic, and Neuromorphic Foundations",brain-structure,10.1254/JJP.53.221,eb6c280524b8f5de1624c3e0ef945c529dff3d99,https://doi.org/10.1254/JJP.53.221,JournalArticle,unknown,22,brain; cerebral; cortex; hippocampus; thalamus; cerebellum; neuromorphic; brain/neural structure in title; explicit brain-structure/AI bridge,Neutrophic effects of recombinant human basic fibroblast growth factor (hbFGF) and its modified protein CS23 on brain neurons were evaluated by their abilities to promote survival of primary cultured neurons from various regions of fetal rat brain.
1990,Higher density of serotonin-1A receptors in the hippocampus and cerebral cortex of alcohol-preferring P rats.,"David T. Wong, P. Threlkeld, L. Lumeng, Ting-Kai Li",Life Science,1990,79,General Brain-AI Structure Reviews and Methods,brain-structure,10.1016/0024-3205(90)90109-5,80c1d4943242e0179ef927fb6425a41479119e24,https://doi.org/10.1016/0024-3205(90)90109-5,JournalArticle,unknown,7,brain; cerebral; cortex; hippocampus; brain/neural structure in title,
1990,Influence of age on NMDA receptor complex in rat brain studied by in vitro autoradiography.,"S. Kito, R. Miyoshi, T. Nomoto",Journal of Histochemistry and Cytochemistry,1990-12-01,79,"Connectomics, Graph Models, and Brain Networks",brain-structure;connectome,10.1177/38.12.2147708,a08de929f715d9ac432dc220dd395ddaddee2b84,https://doi.org/10.1177/38.12.2147708,JournalArticle; Study,unknown,8,brain; brain/neural structure in title; historical computation/learning bridge,
1990,Perinatal opiate treatment delays growth of cortical dendrites.,"A. A. Ricalde, R. Hammer",Neuroscience Letters,1990-07-31,79,General Brain-AI Structure Reviews and Methods,brain-structure,10.1016/0304-3940(90)90444-E,819e627e747c402d283b410987b5db41674d7ea6,https://doi.org/10.1016/0304-3940(90)90444-E,JournalArticle,unknown,2,brain; cortical,
1990,Regional Cerebral Glucose Metabolism in Turner Syndrome,"C. Clark, Harry Klonoff, Michael R. Hayden",Canadian Journal of Neurological Sciences / Journal Canadien des Sciences Neurologiques,1990-03-01,79,General Brain-AI Structure Reviews and Methods,brain-structure,10.1017/S0317167100030341,09d8707bca0e07dcffd20f04b0d813de6e94bab1,https://doi.org/10.1017/S0317167100030341,JournalArticle,unknown,2,brain; cerebral,
1990,Timing and patterns of astrocyte migration from xenogeneic transplants of the cortex and corpus callosum,"Hai-feng Zhou, L. H. Lee, R. Lund",The Journal of comparative neurology,1990-02-08,79,General Brain-AI Structure Reviews and Methods,brain-structure,10.1002/cne.902920213,6bb41b3483dfd6e7710bf6487ae82409a26e24fe,https://doi.org/10.1002/cne.902920213,JournalArticle,unknown,5,brain; cortex; brain/neural structure in title,
1990,A quantitative study of dendrite complexity in selected areas of the human cerebral cortex.,"A. Scheibel, Tracy Conrad, Sondra Perdue, U. Tomiyasu, A. Wechsler",Brain and Cognition,1990,78,"Cognitive Architectures, Learning, and Systems Neuroscience",brain-structure,10.1016/0278-2626(90)90006-A,20bd8229d0689ffb439b02da2e97f98e89c18631,https://doi.org/10.1016/0278-2626(90)90006-A,JournalArticle,unknown,17,cerebral; cortex; cognitive architecture; brain/neural structure in title; explicit brain-structure/AI bridge,
1990,"Effects of two pyrethroids, bioallethrin and deltamethrin, on subpopulations of muscarinic and nicotinic receptors in the neonatal mouse brain.","P. Eriksson, A. Nordberg",Toxicology and Applied Pharmacology,1990-03-01,78,General Brain-AI Structure Reviews and Methods,brain-structure,10.1016/0041-008X(90)90041-R,da76c73fc53710d91c8d80b4ef5c9de31129e5ed,https://doi.org/10.1016/0041-008X(90)90041-R,JournalArticle,unknown,4,brain; brain/neural structure in title,
1990,Difference in distribution of microtubule-associated proteins 5a and 5b during the development of cerebral cortex and corpus callosum in cats: dependence on phosphorylation.,"B. Riederer, A. Guadaño-Ferraz, G. Innocenti",Brain research. Developmental brain research,1990-11-01,77,General Brain-AI Structure Reviews and Methods,brain-structure,10.1016/0165-3806(90)90088-G,95d52a9c10c1405e44f4f8b8368286ac6f62830c,https://doi.org/10.1016/0165-3806(90)90088-G,JournalArticle,unknown,6,brain; cerebral; cortex; brain/neural structure in title,
1990,Positive cooperativity in the binding of alcuronium and N-methylscopolamine to muscarinic acetylcholine receptors.,"S. Tuček, J. Musilkova, J. Nedoma, J. Proska, S. Shelkovnikov, J. Vorlíček",Molecular Pharmacology,1990-11-01,77,General Brain-AI Structure Reviews and Methods,brain-structure;neuroimaging,10.1016/s0026-895x(25)09526-4,f17146256bb64ce3b87b42cd577047e6b9959236,https://doi.org/10.1016/s0026-895x(25)09526-4,JournalArticle,unknown,4,brain; cerebral; cortex; cerebellum,"The effect of the neuromuscular blocker alcuronium on the binding of N-[3H]-methylscopolamine [( 3H]NMS) and l-[3H]quinuclidinylbenzilate ([3H]QNB) to muscarinic binding sites in rat heart atria, longitudinal smooth muscle of the ileum, cerebral cortex, cerebellum, and submaxillary glands was measured using filtration techniques."
1990,Presence of 3-Hydroxyanthranilic Acid in Rat Tissues and Evidence for Its Production from Anthranilic Acid in the Brain,"H. Baran, R. Schwarcz",Journal of Neurochemistry,1990-09-01,77,General Brain-AI Structure Reviews and Methods,brain-structure,10.1111/j.1471-4159.1990.tb04553.x,328428bc6f6e4c2e13bb65184f42a68375b784c6,https://doi.org/10.1111/j.1471-4159.1990.tb04553.x,JournalArticle; Study,unknown,4,brain; brain/neural structure in title,
1990,Synthesis and regulation of lipoprotein lipase in the hippocampus.,"O. Ben-Zeev, M. Doolittle, Nalini Singh, Chris H. Chang, M. Schotz",Journal of Lipid Research,1990-07-01,77,General Brain-AI Structure Reviews and Methods,brain-structure,,3933b67ef33c74052372877ff0b134a6cd4e80fe,https://www.semanticscholar.org/paper/3933b67ef33c74052372877ff0b134a6cd4e80fe,JournalArticle,unknown,2,brain; hippocampus,
1990,Visual Neuroscience: Author Index and Contents,"123, Marjorie Lemay, 557, L. Maier, 217, Morten Meller, et al.",Visual Neuroscience,1990,77,General Brain-AI Structure Reviews and Methods,brain-structure,10.1017/S095252380000081X,8726606bdf46dccaf309b41ebefe5ad46f41c241,https://doi.org/10.1017/S095252380000081X,paper,unknown,1,brain,
1990,Cell culture of cryopreserved human fetal cerebral cortical and hippocampal neurons: neuronal development and responses to trophic factors.,"M. Mattson, B. Rychlik",Brain Research,1990-07-09,76,"Cellular, Synaptic, and Neuromorphic Foundations",brain-structure,10.1016/0006-8993(90)91462-P,e56954516b6aebf8408dec3e7577e571a4a44937,https://doi.org/10.1016/0006-8993(90)91462-P,JournalArticle,unknown,15,cerebral; cortical; neuron; neuromorphic; explicit brain-structure/AI bridge,
1990,"DARPP-32, a phosphoprotein enriched in dopaminoceptive neurons bearing dopamine D1 receptors: DIstribution in the cerebral cortex of the newborn and adult rhesus monkey","B. Berger, A. Febvret, P. Greengard, P. Goldman-Rakic",The Journal of comparative neurology,1990-09-15,76,"Cellular, Synaptic, and Neuromorphic Foundations",brain-structure,10.1002/cne.902990306,94daabb632cc0f096f7519e78c215d106b4e381f,https://doi.org/10.1002/cne.902990306,JournalArticle,unknown,18,cerebral; cortex; neuron; neuromorphic; brain/neural structure in title; explicit brain-structure/AI bridge,
1990,"Development of tolerance to the effects of vigabatrin (γ-vinyl-GABA) on GABA release from rat cerebral cortex, spinal cord and retina","M. Neal, M. A. Shah",British Journal of Pharmacology,1990-06-01,76,General Brain-AI Structure Reviews and Methods,brain-structure,10.1111/j.1476-5381.1990.tb15803.x,3f5e5d9c1199a1148a649515d314b048611079ea,https://doi.org/10.1111/j.1476-5381.1990.tb15803.x,JournalArticle,unknown,6,brain; cerebral; cortex; brain/neural structure in title,
1990,Effects of timing of inspiratory occlusion on cerebral evoked potentials in humans.,"W. R. Revelette, P. Davenport",Journal of applied physiology,1990,76,"Electrophysiology, Neural Signals, and AI Decoding",brain-structure;neural-signals,10.1152/JAPPL.1990.68.1.282,abf3de26278dda890c2b932f0e79d4e204f70869,https://doi.org/10.1152/JAPPL.1990.68.1.282,JournalArticle,unknown,2,brain; cerebral,
1990,Angiotensinogen production by rat astroglial cells in vitro and in vivo.,"A. Intebi, M. Flaxman, W. Ganong, C. Deschepper",Neuroscience,1990,75,"Cellular, Synaptic, and Neuromorphic Foundations",brain-structure,10.1016/0306-4522(90)90163-X,3588950fc1cefcb39a4ba2def1cfb38ebeec62d1,https://doi.org/10.1016/0306-4522(90)90163-X,JournalArticle,unknown,4,neuromorphic,
1990,"Autoradiographic visualization of NK-3 tachykinin binding sites in the rat brain, utilizing [3H]senktide.","A. Stoessl, David R. Hill",Brain Research,1990-11-26,75,"Connectomics, Graph Models, and Brain Networks",brain-structure;connectome,10.1016/0006-8993(90)90105-K,743287cb5fc4e16016a517486ce3c4b94c956059,https://doi.org/10.1016/0006-8993(90)90105-K,JournalArticle,unknown,8,brain; brain/neural structure in title; historical computation/learning bridge,
1990,Functional specialization for visual motion processing in primate cerebral cortex.,"R. H. Wurtz, D. S. Yamasaki, Charles J. Duffy, J.-P. Roy",Cold Spring Harbor Symposia on Quantitative Biology,1990,75,General Brain-AI Structure Reviews and Methods,brain-structure,10.1101/SQB.1990.055.01.067,23e7f82e4b11c1fb5cd48f65b0258d375e0c3534,https://doi.org/10.1101/SQB.1990.055.01.067,Review; JournalArticle,unknown,6,brain; cerebral; cortex; brain/neural structure in title,
1990,Ifenprodil potently interacts with [3H](+)-3-PPP-labeled sigma binding sites in guinea pig brain membranes.,"E. Karbon, R. Patch, M. Pontecorvo, J. Ferkany",European Journal of Pharmacology,1990-02-06,75,General Brain-AI Structure Reviews and Methods,brain-structure,10.1016/0014-2999(90)90538-H,48c89522b20b6bf632067973aa940cf6f31eb00b,https://doi.org/10.1016/0014-2999(90)90538-H,JournalArticle,unknown,4,brain; brain/neural structure in title,
1990,Lateralisation of cortical function during cognitive tasks: regional cerebral blood flow studies of normal individuals and patients with schizophrenia.,"K. F. Berman, D. R. Weinberger",Journal of Neurology Neurosurgery & Psychiatry,1990-02-01,75,Clinical NeuroAI and Brain Disorders,brain-structure;clinical-neuroai,10.1136/jnnp.53.2.150,89f26e11b3be5a75f9b53f56eae88ed93de160b8,https://doi.org/10.1136/jnnp.53.2.150,JournalArticle,unknown,3,brain; cerebral; cortical,
1990,Neuropeptide Y in Cortex and Striatum,"C. Aoki, V. Pickel",Annals of the New York Academy of Sciences,1990-11-01,75,General Brain-AI Structure Reviews and Methods,brain-structure,10.1111/j.1749-6632.1990.tb48931.x,d54dd7c00b92f6578367dd1c5c6c7423042e6ff4,https://doi.org/10.1111/j.1749-6632.1990.tb48931.x,Review; JournalArticle,unknown,5,brain; cortex; brain/neural structure in title,
1990,Corticosterone regulates calbindin-D28k mRNA and protein levels in rat hippocampus.,"A. Iacopino, S. Christakos",Journal of Biological Chemistry,1990-06-25,74,General Brain-AI Structure Reviews and Methods,brain-structure,10.1016/s0021-9258(18)86924-1,607c4a4b3ae32c330b7aba55eb356117de07d441,https://doi.org/10.1016/s0021-9258(18)86924-1,JournalArticle,unknown,5,brain; cerebral; cortex; hippocampus; cerebellum,"Corticosterone was administered to normal and bilaterally adrenalectomized rats (250-300 g), and hormonal regulation of brain calbindin-D28k (CaBP28k) levels was investigated by radioimmunoassay for CaBP28k protein and by slot and Northern blot analyses for CaBP28k mRNA."
1990,"DuP 996 (3,3-bis(4-pyrindinylmethyl)-1-phenylindolin-2-one) enhances the stimulus-induced release of acetylcholine from rat brain in vitro and in vivo","V. Nickolson, S. William Tam, M. J. Myers, L. Cook",Unknown venue,1990,74,General Brain-AI Structure Reviews and Methods,brain-structure,10.1002/ddr.430190307,514547e4158794a8b6480225c2f98329f82b5866,https://doi.org/10.1002/ddr.430190307,paper,unknown,4,brain; brain/neural structure in title,
1990,Enhanced expression of an exocrine pancreatic protein in Alzheimer's disease and the developing human brain.,"S. M. De, La, Monte, Mehmet, Ozturk, R. Jack, et al.",Journal of Clinical Investigation,1990-09-01,74,Clinical NeuroAI and Brain Disorders,brain-structure;clinical-neuroai,10.1172/JCI114762,0d1c1a84f37d1f97bb0cb0e21906a86c61805079,https://doi.org/10.1172/JCI114762,JournalArticle,unknown,4,brain; brain/neural structure in title,
1990,Interactions of taurine with GABAB binding sites in mouse brain.,"P. Kontro, S. Oja",Neuropharmacology,1990-03-01,74,General Brain-AI Structure Reviews and Methods,brain-structure,10.1016/0028-3908(90)90008-F,585e198808552f68ef7f56531fcb2b7607a2a8e1,https://doi.org/10.1016/0028-3908(90)90008-F,JournalArticle,unknown,4,brain; brain/neural structure in title,
1990,Methods in Neuronal Modelling. From Synapses to Networks,E. Schwartz,Unknown venue,1990-10-01,74,"Cellular, Synaptic, and Neuromorphic Foundations",connectome,10.1016/0166-2236(90)90132-T,5e8f31305b34509218ace5d9ccabda5424a5ddf5,https://doi.org/10.1016/0166-2236(90)90132-T,paper,unknown,14,neuron; synapse; neuromorphic; explicit brain-structure/AI bridge,
1990,Somatostatin-14 and somatostatin-28 inhibit calcium currents in rat neocortical neurons.,"H.-L. Wang, Terry Reisine, M. Dichter",Neuroscience,1990,74,"Cellular, Synaptic, and Neuromorphic Foundations",brain-structure,10.1016/0306-4522(90)90032-Y,88dcb673f005c5b7ed184212da7390916d9137c6,https://doi.org/10.1016/0306-4522(90)90032-Y,JournalArticle,unknown,14,cortical; neuron; neuromorphic; explicit brain-structure/AI bridge,
1990,Age-related modifications of cytochrome C oxidase activity in discrete brain regions.,"D. Curti, M. C. Giangaré, M. E. Redolfi, I. Fugaccia, G. Benzi",Mechanisms of Ageing and Development,1990-08-01,73,General Brain-AI Structure Reviews and Methods,brain-structure,10.1016/0047-6374(90)90024-A,15d286b3183b65aad9361215904321793ef25491,https://doi.org/10.1016/0047-6374(90)90024-A,JournalArticle; Study,unknown,4,brain; brain/neural structure in title,
1990,Current Aspects of the Neurosciences,N. Osborne,Unknown venue,1990-12-01,73,General Brain-AI Structure Reviews and Methods,brain-structure,10.1007/978-1-349-12272-1,4d19742ca809ecfb0eb63b37a58b6a70a42080d4,https://doi.org/10.1007/978-1-349-12272-1,paper,unknown,1,brain,
1990,Platelet-activating factor and progressive brain damage following focal brain injury.,"K. Frerichs, P. Lindsberg, J. Hallenbeck, G. Feuerstein",Journal of Neurosurgery,1990-08-01,73,General Brain-AI Structure Reviews and Methods,brain-structure,10.3171/JNS.1990.73.2.0223,923688ff21adb79793f5b9033db47aacf91e4ddf,https://doi.org/10.3171/JNS.1990.73.2.0223,JournalArticle,unknown,4,brain; brain/neural structure in title,
1990,Cocaine acutely inhibits DNA synthesis in developing rat brain regions: evidence for direct actions.,"T. Anderson-Brown, T. Slotkin, F. Seidler",Brain Research,1990-12-24,72,General Brain-AI Structure Reviews and Methods,brain-structure,10.1016/0006-8993(90)90358-I,484185726c0f0143d09efa2e5d7715bfeee105f6,https://doi.org/10.1016/0006-8993(90)90358-I,JournalArticle,unknown,4,brain; brain/neural structure in title,
1990,Hypercolumns in primate visual cortex can develop in the absence of cues from photoreceptors.,"R. Kuljiš, P. Rakic",Proceedings of the National Academy of Sciences of the United States of America,1990-07-01,72,"Cognitive Architectures, Learning, and Systems Neuroscience",brain-structure,10.1073/PNAS.87.14.5303,d0b1c6b65b9beda15b5ea0b22abfb0a635bc21f7,https://doi.org/10.1073/PNAS.87.14.5303,JournalArticle,unknown,16,cortex; cognitive architecture; brain/neural structure in title; explicit brain-structure/AI bridge,
1990,"Rat brain cytochromes P-450: catalytic, immunochemical properties and inducibility of multiple forms.","H. Anandatheerthavarada, S. Shankar, V. Ravindranath",Brain Research,1990-12-17,72,General Brain-AI Structure Reviews and Methods,brain-structure,10.1016/0006-8993(90)90047-F,53b3c32234b0a5005f8d5b72bba41117450ea138,https://doi.org/10.1016/0006-8993(90)90047-F,JournalArticle,unknown,4,brain; brain/neural structure in title,
1990,Characterization and regional distribution of strychnine-insensitive [3H]glycine binding sites in rat brain by quantitative receptor autoradiography.,"John W. McDonald, J. Penney, M. V. Johnston, A. B. Young",Neuroscience,1990,71,"Connectomics, Graph Models, and Brain Networks",brain-structure;connectome,10.1016/0306-4522(90)90336-3,0c4edce1b21c2ae35384581f39cc430c553fd687,https://doi.org/10.1016/0306-4522(90)90336-3,JournalArticle; Study,unknown,8,brain; brain/neural structure in title; historical computation/learning bridge,
1990,Decreased Protein Kinase C Activity During Cerebral Ischemia and After Reperfusion in the Adult Rat,"R. Crumrine, G. Dubyak, J. LaManna",Journal of Neurochemistry,1990-12-01,71,General Brain-AI Structure Reviews and Methods,brain-structure,10.1111/J.1471-4159.1990.TB05788.X,b5f57249340e86c453345af9edadcfec7da800f5,https://doi.org/10.1111/J.1471-4159.1990.TB05788.X,JournalArticle,unknown,2,brain; cerebral,
1990,Morphology of Central Serotonin Neurons,"L. Descarries, M. A. Audet, G. Doucet, S. Garcia, S. Oleskevich, P. Séguéla, et al.",Unknown venue,1990-10-01,71,"Cellular, Synaptic, and Neuromorphic Foundations",,10.1111/j.1749-6632.1990.tb16874.x,8221ca7898a3ecaca76364bd4879362cb1f6666e,https://doi.org/10.1111/j.1749-6632.1990.tb16874.x,Review,unknown,13,neuron; neuromorphic; explicit brain-structure/AI bridge,
1990,The ltk receptor tyrosine kinase is expressed in pre-B lymphocytes and cerebral neurons and uses a non-AUG translational initiator.,"A. Bernards, S. Monte",EMBO Journal,1990-07-01,71,"Cellular, Synaptic, and Neuromorphic Foundations",brain-structure,10.1002/j.1460-2075.1990.tb07399.x,5f30cc1577a68ea5b4cd23efa5cfa480b609fb61,https://doi.org/10.1002/j.1460-2075.1990.tb07399.x,JournalArticle; Study,unknown,14,cerebral; neuron; neuromorphic; explicit brain-structure/AI bridge,
1990,VIP neurons in the cerebral cortex.,P. Magistretti,TIPS - Trends in Pharmacological Sciences,1990-06-01,71,"Cellular, Synaptic, and Neuromorphic Foundations",brain-structure,10.1016/0165-6147(90)90253-5,cb76c483db3caa5c8499c77cf636d06f086b6afc,https://doi.org/10.1016/0165-6147(90)90253-5,Review; JournalArticle,unknown,18,cerebral; cortex; neuron; neuromorphic; brain/neural structure in title; explicit brain-structure/AI bridge,
1990,Characterization in Mammalian Brain of a DARPP-32 Serine Kinase Identical to Casein Kinase II,"J. Girault, H. Hemmings, S. Zorn, E. Gustafson, P. Greengard",Journal of Neurochemistry,1990-11-01,70,General Brain-AI Structure Reviews and Methods,brain-structure,10.1111/j.1471-4159.1990.tb04968.x,ce626e347cfbf0e65e8965e63bfc3f6c15117b56,https://doi.org/10.1111/j.1471-4159.1990.tb04968.x,JournalArticle,unknown,4,brain; brain/neural structure in title,
1990,Common pharmacological and physico-chemical properties of 5-HT3 binding sites in the rat cerebral cortex and NG 108-15 clonal cells.,"F. Bolaños, L. Schechter, M. Miquel, M. Emerit, J. Rumigny, M. Hamon, et al.",Biochemical Pharmacology,1990-10-01,70,"Cellular, Synaptic, and Neuromorphic Foundations",brain-structure,10.1016/0006-2952(90)90452-Q,20d38486e453f069791ab45a11054b2e339a39b1,https://doi.org/10.1016/0006-2952(90)90452-Q,JournalArticle; Study,unknown,17,cerebral; cortex; neuromorphic; brain/neural structure in title; explicit brain-structure/AI bridge,
1990,"Comparative Structure and Evolution of Cerebral Cortex, Part I","E. Jones, A. Peters",Cerebral Cortex,1990,70,General Brain-AI Structure Reviews and Methods,brain-structure,10.1007/978-1-4757-9622-3,8d5af4373e3cb3e68e3fc5f73124c27a87a87292,https://doi.org/10.1007/978-1-4757-9622-3,paper,unknown,6,brain; cerebral; cortex; brain/neural structure in title,
1990,Developmental expression of somatostatin in mouse brain. II. In situ hybridization.,"C. Bendotti, C. Höhmann, G. Forloni, R. Reeves, J. Coyle, M. Oster-Granite",Brain research. Developmental brain research,1990-04-01,70,General Brain-AI Structure Reviews and Methods,brain-structure,10.1016/0165-3806(90)90121-E,db14941b4dadc13e29e84c348010e36c293329fb,https://doi.org/10.1016/0165-3806(90)90121-E,JournalArticle,unknown,4,brain; brain/neural structure in title,
1990,Horizontal compartmentation in the germinal matrices and intermediate zone of the embryonic rat cerebral cortex.,"J. Altman, S. A. Bayer",Experimental Neurology,1990,69,General Brain-AI Structure Reviews and Methods,brain-structure,10.1016/0014-4886(90)90061-V,d2b0644b85d9faa1f9247f37d651f5adbb676c0e,https://doi.org/10.1016/0014-4886(90)90061-V,JournalArticle,unknown,6,brain; cerebral; cortex; brain/neural structure in title,
1990,Amyloid angiopathy with cerebral hemorrhage and senile plaque in aged dogs.,"Kazuyuki Uchida, Yasushi Miyauchi, H. Nakayama, Naoaki Goto",Nihon juigaku zasshi. The Japanese journal of veterinary science,1990-06-01,68,General Brain-AI Structure Reviews and Methods,brain-structure,10.1292/JVMS1939.52.605,40f802906692a470a8a909abf428437c885c906d,https://doi.org/10.1292/JVMS1939.52.605,JournalArticle,unknown,2,brain; cerebral,
1990,Central neural control of the lower urinary tract.,"D. Groat, C. William",Unknown venue,1990,68,General Brain-AI Structure Reviews and Methods,brain-structure,10.1002/9780470513941.CH3,1fc926ac873eb4ad8356c404ce28fdcd64668627,https://doi.org/10.1002/9780470513941.CH3,paper,unknown,5,brain; neural; brain/neural structure in title,
1990,Developing forebrain astrocytes are sensitive to thyroid hormone,"E. Gould, M. Frankfurt, A. Westlind-Danielsson, B. McEwen",Glia,1990,68,General Brain-AI Structure Reviews and Methods,brain-structure,10.1002/glia.440030408,878dd98b2699a938b5fef26eeb98dfa8ce2646e2,https://doi.org/10.1002/glia.440030408,JournalArticle,unknown,4,brain; brain/neural structure in title,
1990,Learning impairment and microtubule-associated protein 2 decrease in gerbils under chronic cerebral hypoperfusion.,"T. Kudo, K. Tada, M. Takeda, T. Nishimura",Stroke,1990-08-01,68,"Cognitive Architectures, Learning, and Systems Neuroscience",brain-structure;clinical-neuroai,10.1161/01.STR.21.8.1205,42e672e0251752d1f59b849172263832bdaf1284,https://doi.org/10.1161/01.STR.21.8.1205,JournalArticle,unknown,13,cerebral; cognitive architecture; explicit brain-structure/AI bridge,
1990,"A morphological analysis of senile plaques in the brains of nondemented persons of different ages using silver, immunocytochemical and lectin histochemical staining techniques","D. Mann, A. Brown, D. Prinja, D. Jones, C. Davies",Neuropathology and Applied Neurobiology,1990-02-01,67,General Brain-AI Structure Reviews and Methods,brain-structure,10.1111/j.1365-2990.1990.tb00928.x,61f9f7790b8ef76aa8bbb4d6fda2651794bf357e,https://doi.org/10.1111/j.1365-2990.1990.tb00928.x,JournalArticle,unknown,4,brain; brain/neural structure in title,
1990,"Differential expression of ARPP-16 and ARPP-19, two highly related cAMP- regulated phosphoproteins, one of which is specifically associated with dopamine-innervated brain regions","Jean-Antoine Girault, A. Horiuchi, E. L. Gustafson, Neal L. Rosen, Paul Greengard",Journal of Neuroscience,1990-04-01,67,"Cellular, Synaptic, and Neuromorphic Foundations",brain-structure,10.1523/JNEUROSCI.10-04-01124.1990,9ecffca85134e6c8298e6eae5efe267357849a94,https://doi.org/10.1523/JNEUROSCI.10-04-01124.1990,JournalArticle,unknown,20,brain; cerebral; cortex; basal ganglia; neuron; neuromorphic; brain/neural structure in title; explicit brain-structure/AI bridge,"ARPP-16 and ARPP-19 are 2 cAMP-regulated phosphoproteins of Mr = 16,000 and 19,000, respectively, which are identical except for the presence of 15 additional amino acids on the NH2-terminus of ARPP-19."
1990,Distribution of phosphate-activated glutaminase in the human cerebral cortex,"H. Akiyama, T. Kaneko, N. Mizuno, P. Mcgeer",The Journal of comparative neurology,1990-07-08,67,General Brain-AI Structure Reviews and Methods,brain-structure,10.1002/cne.902970207,927fd7c92b33f9540323ef72dafb5163b41e584d,https://doi.org/10.1002/cne.902970207,JournalArticle,unknown,6,brain; cerebral; cortex; brain/neural structure in title,
1990,Effects of stress and exercise on rat hippocampus and striatum extracellular lactate.,"L. A. D. Bruin, E. M. Schasfoort, A. Steffens, J. Korf",American Journal of Physiology,1990-10-01,67,"Cellular, Synaptic, and Neuromorphic Foundations",brain-structure,10.1152/AJPREGU.1990.259.4.R773,a119825ef309d08be4710c258674d0d56b930f40,https://doi.org/10.1152/AJPREGU.1990.259.4.R773,JournalArticle,unknown,13,hippocampus; neuromorphic; explicit brain-structure/AI bridge,
1990,Endogenous neurotransmitter activates N-methyl-D-aspartate receptors on differentiating neurons in embryonic cortex.,"M. Blanton, J. J. Lo Turco, A. Kriegstein",Proceedings of the National Academy of Sciences of the United States of America,1990-10-01,67,"Cellular, Synaptic, and Neuromorphic Foundations",brain-structure,10.1073/PNAS.87.20.8027,0ae8fd4f517184dc12386e70cf2aa1ead58eb5b6,https://doi.org/10.1073/PNAS.87.20.8027,JournalArticle,unknown,17,cortex; neuron; neuromorphic; brain/neural structure in title; explicit brain-structure/AI bridge,
1990,"Novel localization of a G protein, Gz-alpha, in neurons of brain and retina","David, R. Hinton, Janet, C., Blanks, Henry, et al.",Journal of Neuroscience,1990-08-01,67,"Cellular, Synaptic, and Neuromorphic Foundations",brain-structure;deep-learning,10.1523/JNEUROSCI.10-08-02763.1990,4af028e248460a9a05d70df1024dace8e288d696,https://doi.org/10.1523/JNEUROSCI.10-08-02763.1990,JournalArticle,unknown,22,brain; cerebral; cortex; hippocampus; cerebellum; neuron; neuromorphic; brain/neural structure in title; explicit brain-structure/AI bridge,"Recently, a cDNA coding for a novel G protein alpha-subunit, Gz-alpha, was isolated from a human retinal cDNA library and shown by Northern blot analysis to be expressed at high levels in neural tissues."
1990,Chaos and the new science of the brain,"C. Skarda, W. Freeman",Unknown venue,1990,66,General Brain-AI Structure Reviews and Methods,brain-structure,,dbf29b276903501bb3aa796491f42ba92fa0ab93,https://www.semanticscholar.org/paper/dbf29b276903501bb3aa796491f42ba92fa0ab93,Review,unknown,4,brain; brain/neural structure in title,
1990,Deposition of amyloid (A4) protein within the brains of persons with dementing disorders other than Alzheimer's disease and Down's syndrome.,"D. Mann, David Jones",Neuroscience Letters,1990-02-05,66,Clinical NeuroAI and Brain Disorders,brain-structure;clinical-neuroai,10.1016/0304-3940(90)90539-L,7977480f32b3792a92b7e6ed34dad79e9d2e5b01,https://doi.org/10.1016/0304-3940(90)90539-L,JournalArticle,unknown,4,brain; brain/neural structure in title,
1990,Dimethylthiourea Reduces Ischemic Brain Edema without Affecting Cerebral Blood Flow,"Dean Martz, M. Beer, A. L. Betz",Journal of Cerebral Blood Flow and Metabolism,1990-05-01,66,General Brain-AI Structure Reviews and Methods,brain-structure,10.1038/jcbfm.1990.64,8ccadbc772579ca53e139ea103b60c5a559a6816,https://doi.org/10.1038/jcbfm.1990.64,JournalArticle,unknown,5,brain; cerebral; brain/neural structure in title,
1990,Down-regulation of 3H-imipramine binding sites in rat cerebral cortex after prenatal exposure to antidepressants.,"D. Montero, M. L. de Ceballos, J. del Río",Life Science,1990,66,General Brain-AI Structure Reviews and Methods,brain-structure,10.1016/0024-3205(90)90393-6,00625fdccf890474c868cbb0f9ae3acc5c9797b0,https://doi.org/10.1016/0024-3205(90)90393-6,JournalArticle,unknown,6,brain; cerebral; cortex; brain/neural structure in title,
1990,The role of afferent activity in the maintenance of primate neocorticalfunction.,E. Jones,Journal of Experimental Biology,1990-10-01,66,General Brain-AI Structure Reviews and Methods,brain-structure,,9f4d2bcc65d3042cd5820c0215d5c9ba6e229f8e,https://www.semanticscholar.org/paper/9f4d2bcc65d3042cd5820c0215d5c9ba6e229f8e,Review; JournalArticle,unknown,2,brain; cortical,
1990,Effects of magnesium sulfate and nifedipine on regional cerebral blood flow during middle cerebral artery ligation in the rat.,"Chi Oz, P. Pollak, Weiss Hr",Archives internationales de pharmacodynamie et de therapie,1990-03-01,65,General Brain-AI Structure Reviews and Methods,brain-structure,,0e573c8ddb57e75c9dbee40d7dce3165cc237c81,https://www.semanticscholar.org/paper/0e573c8ddb57e75c9dbee40d7dce3165cc237c81,JournalArticle,unknown,2,brain; cerebral,
1990,Selectivity for Omega-Receptor Subtypes as a Strategy for the Development of Anxiolytic Drugs,"S. Z. Langer, S. Arbilla, S. Tan, K. Lloyd, P. George, J. Allen, et al.",Pharmacopsychiatry,1990-05-01,65,"Electrophysiology, Neural Signals, and AI Decoding",neural-signals,10.1055/s-2007-1014544,58a2fd4d30097ab1194e70355605e851e0175c52,https://doi.org/10.1055/s-2007-1014544,Review; JournalArticle,unknown,14,meg; neural; decoding; explicit brain-structure/AI bridge,
1990,Chromogranin A-like immunoreactivity in the human brain: distribution in bulbar medulla and cerebral cortex.,"David G. Munoz, L. Kobylinski, D. Henry, David George",Neuroscience,1990,64,General Brain-AI Structure Reviews and Methods,brain-structure,10.1016/0306-4522(90)90162-W,addd06e1f29fee3cbae601ae620242139bffd763,https://doi.org/10.1016/0306-4522(90)90162-W,JournalArticle,unknown,6,brain; cerebral; cortex; brain/neural structure in title,
1990,"Effects of acute hypoxia on neonatal rat brain: regionally selective, long-term alterations in catecholamine levels and turnover.","F. Seidler, T. Slotkin",Brain Research Bulletin,1990-02-01,64,General Brain-AI Structure Reviews and Methods,brain-structure,10.1016/0361-9230(90)90200-J,088bbc5091f938649b6ebd3d325dccf1360a96da,https://doi.org/10.1016/0361-9230(90)90200-J,JournalArticle,unknown,4,brain; brain/neural structure in title,
1990,Functional PET scanning in the assessment of cerebral arteriovenous malformations. Case report.,"R. Leblanc, E. Meyer",Journal of Neurosurgery,1990-10-01,64,General Brain-AI Structure Reviews and Methods,brain-structure;neuroimaging,10.3171/JNS.1990.73.4.0615,c6e27bbd550560719ca5cfcfa69f0cb6f9973153,https://doi.org/10.3171/JNS.1990.73.4.0615,JournalArticle; CaseReport,unknown,2,brain; cerebral,
1990,Methionine sulfoximine reduces cortical infarct size in rats after middle cerebral artery occlusion.,"R. Swanson, K. Shiraishi, M. T. Morton, F. Sharp",Stroke,1990-02-01,64,Clinical NeuroAI and Brain Disorders,brain-structure;clinical-neuroai,10.1161/01.STR.21.2.322,fc03a03dbe776a0cb96951fd218491dec8e2c4fc,https://doi.org/10.1161/01.STR.21.2.322,JournalArticle,unknown,3,brain; cerebral; cortical,
1990,Nimodipine Pretreatment Improves Cerebral Blood Flow and Reduces Brain Edema in Conscious Rats Subjected to Focal Cerebral Ischemia,"M. Jacewicz, S. Brint, J. Tanabe, Xing-Je Wang, W. Pulsinelli",Journal of Cerebral Blood Flow and Metabolism,1990-11-01,64,General Brain-AI Structure Reviews and Methods,brain-structure,10.1038/jcbfm.1990.147,ba0cf4599091685f019042caa42eb7f38bef845d,https://doi.org/10.1038/jcbfm.1990.147,JournalArticle,unknown,5,brain; cerebral; brain/neural structure in title,
1990,Transport of Lead-203 at the Blood-Brain Barrier During Short Cerebrovascular Perfusion with Saline in the Rat,"R. Deane, M. Bradbury",Journal of Neurochemistry,1990-03-01,64,General Brain-AI Structure Reviews and Methods,brain-structure,10.1111/j.1471-4159.1990.tb02337.x,9244f1e0238cb96f3de3a35834e2ca6c8048e3c5,https://doi.org/10.1111/j.1471-4159.1990.tb02337.x,JournalArticle,unknown,4,brain; brain/neural structure in title,
1990,Distribution of ectopic neurite growth and other geometrical distortions of CNS neurons in feline GM2 gangliosidosis.,"S. Walkley, S. Wurzelmann, M. Rattazzi, Henry J. Baker",Brain Research,1990-02-26,62,"Cellular, Synaptic, and Neuromorphic Foundations",brain-structure,10.1016/0006-8993(90)90728-T,e6f9611d3fd660ebbe69f8c9b195d581aef2791d,https://doi.org/10.1016/0006-8993(90)90728-T,JournalArticle,unknown,13,neuron; neuromorphic; explicit brain-structure/AI bridge,
1990,Microvascular changes in aged rat forebrain. Effects of chronic nimodipine treatment.,"G. I. Jong, H. Weerd, T. Schuurman, J. Traber, P. Luiten",Neurobiology of Aging,1990-07-01,62,General Brain-AI Structure Reviews and Methods,brain-structure,10.1016/0197-4580(90)90003-I,57c794049fe2b63a91db2499fa09389e09035ffc,https://doi.org/10.1016/0197-4580(90)90003-I,JournalArticle,unknown,4,brain; brain/neural structure in title,
1990,Identification of endothelin receptors in various regions of rat brain.,"Ponnal Nambi, M. Pullen, G. Feuerstein",Neuropeptides,1990-08-01,61,General Brain-AI Structure Reviews and Methods,brain-structure,10.1016/0143-4179(90)90062-4,ab592f16bf51ab0a84f9249102d6ca2f00416758,https://doi.org/10.1016/0143-4179(90)90062-4,JournalArticle,unknown,4,brain; brain/neural structure in title,
1990,Central neural control of the lower urinary tract.,W. de Groat,Ciba Foundation symposium,1990,60,General Brain-AI Structure Reviews and Methods,brain-structure,,8496efb0f27b8c1aecf1aa3ac80e615659a626b7,https://www.semanticscholar.org/paper/8496efb0f27b8c1aecf1aa3ac80e615659a626b7,Review; JournalArticle,unknown,5,brain; neural; brain/neural structure in title,
1990,Cerebral cortical calbindin D28K and parvalbumin neurones in Down's syndrome.,"K. Kobayashi, P. C. Emson, C. Mountjoy, S. Thornton, D. Lawson, D. Mann",Neuroscience Letters,1990-05-18,60,"Cellular, Synaptic, and Neuromorphic Foundations",brain-structure,10.1016/0304-3940(90)90487-T,acc3d7b5ca867178bd71d82954d4fcb43f132e18,https://doi.org/10.1016/0304-3940(90)90487-T,JournalArticle,unknown,15,cerebral; cortical; neuron; neuromorphic; explicit brain-structure/AI bridge,
1990,Distribution and cellular localization of DARPP-32 mRNA in rat brain.,"M. Schalling, Mikael Djurfeldt, T. Hökfelt, M. Ehrlich, T. Kurihara, P. Greengard",Brain Research. Molecular Brain Research,1990-02-01,60,"Cellular, Synaptic, and Neuromorphic Foundations",brain-structure,10.1016/0169-328X(90)90091-Q,807465fef066a454d1cea4bf07c142e0669f4bcd,https://doi.org/10.1016/0169-328X(90)90091-Q,JournalArticle,unknown,16,brain; neuromorphic; brain/neural structure in title; explicit brain-structure/AI bridge,
1990,Distribution and synaptic contacts of the cortical terminals arising from neurons in the rat ventromedial thalamic nucleus.,"G. Arbuthnott, N. Macleod, David J. Maxwell, A. Wright",Neuroscience,1990,60,"Cellular, Synaptic, and Neuromorphic Foundations",brain-structure,10.1016/0306-4522(90)90373-C,dfc3b9817c1d542512eadfe7c7a0397f47814264,https://doi.org/10.1016/0306-4522(90)90373-C,JournalArticle,unknown,14,cortical; neuron; neuromorphic; explicit brain-structure/AI bridge,
1990,Effects of high-dose fenfluramine treatment on monoamine uptake sites in rat brain: Assessment using quantitative autoradiography,"N. Appel, W. Mitchell, J. F. Contrera, E. Desouza",Synapse,1990,60,"Connectomics, Graph Models, and Brain Networks",brain-structure;connectome,10.1002/syn.890060105,5f37f076c915a8c6eead058920f8b8ec96ef5192,https://doi.org/10.1002/syn.890060105,JournalArticle,unknown,8,brain; brain/neural structure in title; historical computation/learning bridge,
1990,Ischemia-Induced Alterations in Lipid Metabolism of the Gerbil Cerebral Cortex: I. Changes in Free Fatty Acid Liberation,"S. Nakano, K. Kogure, Koji Abe, T. Yae",Journal of Neurochemistry,1990-06-01,60,General Brain-AI Structure Reviews and Methods,brain-structure,10.1111/j.1471-4159.1990.tb04890.x,2da59bbd6875185a9091e128a1ee7bb6eb9632fb,https://doi.org/10.1111/j.1471-4159.1990.tb04890.x,JournalArticle,unknown,6,brain; cerebral; cortex; brain/neural structure in title,
1990,The auditory cortex : structural and functional bases of auditory perception,L. Aitkin,Unknown venue,1990,60,"Cognitive Architectures, Learning, and Systems Neuroscience",brain-structure,,da42237070751a28c764d292161fe0054c7d22ac,https://www.semanticscholar.org/paper/da42237070751a28c764d292161fe0054c7d22ac,paper,unknown,16,cortex; cognitive architecture; brain/neural structure in title; explicit brain-structure/AI bridge,
1990,The brain and behavior : assessing cortical dysfunction through activities of daily living (ADL),G. Árnadóttir,Unknown venue,1990,60,"Cognitive Architectures, Learning, and Systems Neuroscience",brain-structure,,c0905a5b6d7ba6387fbba37d2a49477a51b081f5,https://www.semanticscholar.org/paper/c0905a5b6d7ba6387fbba37d2a49477a51b081f5,Review,unknown,17,brain; cortical; cognitive architecture; brain/neural structure in title; explicit brain-structure/AI bridge,
1990,Category-related recognition defects as a clue to the neural substrates of knowledge.,Antonio R. Damasio,Trends in Neurosciences,1990-03-01,59,"Electrophysiology, Neural Signals, and AI Decoding",brain-structure;neural-signals,10.1016/0166-2236(90)90184-C,eb88069194bbab00ad7380b5ce849e1067afb37a,https://doi.org/10.1016/0166-2236(90)90184-C,Review; JournalArticle,unknown,17,ecog; neural; cognitive architecture; brain/neural structure in title; explicit brain-structure/AI bridge,
1990,Effects of acute and chronic ethanol administration on thiamine metabolizing enzymes in some brain areas and in other organs of the rat.,"U. Laforenza, C. Patrini, G. Gastaldi, Gianguido Rindi",Alcohol and Alcoholism,1990,59,General Brain-AI Structure Reviews and Methods,brain-structure,10.1093/OXFORDJOURNALS.ALCALC.A045055,589c462f4fb5d169d99c8367281c46b8ca9a3471,https://doi.org/10.1093/OXFORDJOURNALS.ALCALC.A045055,JournalArticle,unknown,4,brain; brain/neural structure in title,
1990,On the involvement of multiple muscarinic receptor subtypes in the activation of phosphoinositide metabolism in rat cerebral cortex.,"Carlos Forray, E. E. El-Fakahany",Molecular Pharmacology,1990-06-01,59,"Cellular, Synaptic, and Neuromorphic Foundations",brain-structure;machine-learning;neuroimaging,10.1016/s0026-895x(25)11041-9,e94696bf13a2258242ec061c1e25167538c49537,https://doi.org/10.1016/s0026-895x(25)11041-9,JournalArticle,unknown,17,cerebral; cortex; neuromorphic; brain/neural structure in title; explicit brain-structure/AI bridge,"We have examined the activation of phosphoinositide metabolism by muscarinic agonists in rat cerebral cortex, in an attempt to delineate the mechanisms by means of which some selective antagonists inhibit this response in a manner that deviates from simple mass action law."
1990,The Alzheimer's amyloid precursor protein is produced by type I astrocytes in primary cultures of rat neuroglia,"F. Berkenbosch, L. Refolo, V. Friedrich, D. Casper, M. Blum, N. Robakis",Journal of Neuroscience Research,1990-03-01,59,Clinical NeuroAI and Brain Disorders,brain-structure;clinical-neuroai,10.1002/jnr.490250321,f139fde7744e68dd2340d9b39127dcf7363747d6,https://doi.org/10.1002/jnr.490250321,JournalArticle,unknown,1,brain,
1990,Cajal on the Cerebral Cortex.,R. Sturrock,Unknown venue,1990-08-01,58,General Brain-AI Structure Reviews and Methods,brain-structure,,799fedc393b1639c94781c09a6ca23b31f1e8e47,https://www.semanticscholar.org/paper/799fedc393b1639c94781c09a6ca23b31f1e8e47,paper,unknown,6,brain; cerebral; cortex; brain/neural structure in title,
1990,Cortical reorganization in deaf children.,"A. B. Wolff, R. Thatcher",Journal of Clinical and Experimental Neuropsychology,1990-03-01,58,Clinical NeuroAI and Brain Disorders,brain-structure;clinical-neuroai,10.1080/01688639008400968,a6e071a887b6d63d6211611a72f1b8d211a497ee,https://doi.org/10.1080/01688639008400968,JournalArticle,unknown,2,brain; cortical,
1990,Improvement of cholera toxin-catalyzed ADP-ribosylation by endogenous ADP-ribosylation factor from bovine brain provides evidence for an unchanged amount of Gs alpha in failing human myocardium.,"P. Schnabel, Michael Böhm, Peter Gierschik, K. Jakobs, Erland Erdmann",Journal of Molecular and Cellular Cardiology,1990,58,"Cellular, Synaptic, and Neuromorphic Foundations",brain-structure,10.1016/0022-2828(90)90973-6,caa0b5608f3c4994241635ea16085152f53595e5,https://doi.org/10.1016/0022-2828(90)90973-6,JournalArticle,unknown,16,brain; neuromorphic; brain/neural structure in title; explicit brain-structure/AI bridge,
1990,Quisqualate- and NMDA-sensitive [3H]glutamate binding in primate brain,"A. B. Young, G. Dauth, Z. Hollingsworth, J. Penney, K. Kaatz, Sid Gilman",Journal of Neuroscience Research,1990-12-01,58,General Brain-AI Structure Reviews and Methods,brain-structure,10.1002/JNR.490270412,cd603fa7d25b3180449bcba55001bbf552ae3782,https://doi.org/10.1002/JNR.490270412,JournalArticle,unknown,4,brain; brain/neural structure in title,
1990,Somatostatin-immunoreactive neurons in the rat striatum: effects of corticostriatal and nigrostriatal dopaminergic lesions.,"P. Salin, L. Goff, V. Heidet, J. Epelbaum, André Nieoullon",Brain Research,1990-06-25,58,"Cellular, Synaptic, and Neuromorphic Foundations",brain-structure,10.1016/0006-8993(90)91520-Q,acac2be8266948ff264a08b362ee4860b8176b35,https://doi.org/10.1016/0006-8993(90)91520-Q,JournalArticle,unknown,13,neuron; neuromorphic; explicit brain-structure/AI bridge,
1990,Two types of rhythmical jaw movements evoked by stimulation of the rat cortex.,"K. Sasamoto, Guixin Zhang, Makoto Iwasaki",Shika Kiso Igakkai zasshi = Japanese journal of oral biology,1990-02-20,58,General Brain-AI Structure Reviews and Methods,brain-structure,10.2330/JORALBIOSCI1965.32.57,b1fde6205e9e0f36568cc3bd0436ada8f85286d8,https://doi.org/10.2330/JORALBIOSCI1965.32.57,JournalArticle,unknown,5,brain; cortex; brain/neural structure in title,
1990,Alzheimer patients and Down patients: abnormal presynaptic terminals are related to cerebral preamyloid deposits.,"O. Bugiani, G. Giaccone, L. Verga, B. Pollo, B. Ghetti, B. Frangione, et al.",Neuroscience Letters,1990-10-30,57,Clinical NeuroAI and Brain Disorders,brain-structure;clinical-neuroai,10.1016/0304-3940(90)90754-W,74099375784ac63a437988289c067a7855d43ec2,https://doi.org/10.1016/0304-3940(90)90754-W,JournalArticle,unknown,2,brain; cerebral,
1990,Arginine vasopressin induces the expression of c-fos in the mouse septum and hippocampus.,"P. Giri, J. Dave, B. Tabakoff, P. Hoffman",Brain Research. Molecular Brain Research,1990-02-01,57,General Brain-AI Structure Reviews and Methods,brain-structure,10.1016/0169-328X(90)90090-Z,8d0284a9fdcd2bc596e2c945af1c488893620019,https://doi.org/10.1016/0169-328X(90)90090-Z,JournalArticle,unknown,2,brain; hippocampus,
1990,Astrocytes cultured from specific brain regions differ in their expression of adrenergic binding sites.,"P. Ernsberger, L. Iacovitti, D. Reis",Brain Research,1990-05-28,57,"Connectomics, Graph Models, and Brain Networks",brain-structure;connectome,10.1016/0006-8993(90)91027-E,8a68640ef315564b9c1413867426f606a1b08944,https://doi.org/10.1016/0006-8993(90)91027-E,JournalArticle,unknown,13,brain; cerebral; cortex; hippocampus; thalamus; hypothalamus; brain/neural structure in title; historical computation/learning bridge,We sought to characterize regional heterogeneity of astrocytes using adrenergic receptor sites as cellular markers.
1990,Cytological and cytoarchitectural changes in the feline cerebral cortex during experimental infantile hydrocephalus.,"Carey Wright, James P. McAllister II, S. Katz, David W. Miller, T. Lovely, A. G. Salotto, et al.",Pediatric Neurosurgery,1990-07-01,57,General Brain-AI Structure Reviews and Methods,brain-structure,10.1159/000120516,47612a7c545e50ee8e1ca13e88b37f7fb071c7cc,https://doi.org/10.1159/000120516,JournalArticle,unknown,6,brain; cerebral; cortex; brain/neural structure in title,
1990,Ethanol withdrawal seizures produce increased c-fos mRNA in mouse brain.,"J. Dave, B. Tabakoff, P. Hoffman",Molecular Pharmacology,1990-03-01,57,"Cellular, Synaptic, and Neuromorphic Foundations",brain-structure,10.1016/s0026-895x(25)10815-8,e1810ff7c935765fcaaca413331088db8b7f6692,https://doi.org/10.1016/s0026-895x(25)10815-8,JournalArticle,unknown,21,brain; cerebral; cortex; hippocampus; cerebellum; neuron; neuromorphic; brain/neural structure in title; explicit brain-structure/AI bridge,"mRNA levels for the protooncogene c-fos, measured by Northern blot analysis, were greatly increased in brains of mice undergoing ethanol withdrawal seizures."
1990,Interaction of the atypical neuroleptic clozapine with 5-HT3 receptors in the cerebral cortex and superior cervical ganglion of the rat.,"K. Watling, Margaret S. Beer, J. Stanton, N. R. Newberry",European Journal of Pharmacology,1990-07-17,57,General Brain-AI Structure Reviews and Methods,brain-structure,10.1016/0014-2999(90)90043-6,e8d56f8e58bab0bcf25e382fd5837b515751d99a,https://doi.org/10.1016/0014-2999(90)90043-6,JournalArticle,unknown,6,brain; cerebral; cortex; brain/neural structure in title,
1990,Intraoperative assessment of cerebral ischemia during carotid surgery.,"Svante Horsch, P. DeVleeschauwer, K. Ktenidis",Journal of Cardiovascular Surgery,1990-09-01,57,General Brain-AI Structure Reviews and Methods,brain-structure,,1f0ac9cc59e6897f9f86f3dc7d310eba275b2ba4,https://www.semanticscholar.org/paper/1f0ac9cc59e6897f9f86f3dc7d310eba275b2ba4,JournalArticle,unknown,2,brain; cerebral,
1990,Neuropeptide Y receptor binding sites in human brain. Possible alteration in Alzheimer's disease.,"J. Martel, R. Alagar, Y. Robitaille, R. Quirion",Brain Research,1990-06-11,57,Clinical NeuroAI and Brain Disorders,brain-structure;clinical-neuroai,10.1016/0006-8993(90)90082-M,138c5281a9a80973335350c7dfce222604ced965,https://doi.org/10.1016/0006-8993(90)90082-M,JournalArticle,unknown,4,brain; brain/neural structure in title,
1990,The increase in local cerebral glucose utilization following fluid percussion brain injury is prevented with kynurenic acid and is associated with an increase in calcium.,"D. Hovda, A. Yoshino, T. Kawamata, Y. Katayama, I. Fineman, Donald P. Becker",Acta Neurochirurgica Supplementum,1990,57,General Brain-AI Structure Reviews and Methods,brain-structure,10.1007/978-3-7091-9115-6_112,48f886b01b9f48dd2ad48e13439ce8db7d88d635,https://doi.org/10.1007/978-3-7091-9115-6_112,JournalArticle,unknown,5,brain; cerebral; brain/neural structure in title,
1990,Androgen receptors are differentially distributed between right and left cerebral hemispheres of the fetal male rhesus monkey.,"S. Sholl, Kil-Lyong Kim",Brain Research,1990-05-14,56,General Brain-AI Structure Reviews and Methods,brain-structure,10.1016/0006-8993(90)90905-Q,0087c684aaf9395b76b8c23dee61f1517c96ff69,https://doi.org/10.1016/0006-8993(90)90905-Q,JournalArticle,unknown,2,brain; cerebral,
1990,Differential regulation of corticotropin-releasing hormone mRNA in rat brain.,"D. M. Frim, B. Robinson, K. Pasieka, J. A. Majzoub",American Journal of Physiology,1990-04-01,56,General Brain-AI Structure Reviews and Methods,brain-structure,10.1152/AJPENDO.1990.258.4.E686,f58474cdf650f5a2c026cc4e38ebae28ef195e9f,https://doi.org/10.1152/AJPENDO.1990.258.4.E686,JournalArticle,unknown,4,brain; brain/neural structure in title,
1990,Effects of aging and vincamine derivatives on pericapillary microenvironment: stereological characterization of the cerebral capillary network.,"M. Jucker, K. Bättig, W. Meier-Ruge",Neurobiology of Aging,1990,56,"Connectomics, Graph Models, and Brain Networks",brain-structure;connectome,10.1016/0197-4580(90)90060-D,d2d92d83a118b427b1868574aad60c699788fd00,https://doi.org/10.1016/0197-4580(90)90060-D,JournalArticle,unknown,6,brain; cerebral; historical computation/learning bridge,
1990,Cerebral Dysfunction Following Extracorporeal Circulation for Aortocoronary Bypass Surgery: No Differences in Neuropsychological Outcome After Pulsatile Versus Nonpulsatile Flow,"Th. Henze, H. Stephan, H. Sonntag",The thoracic and cardiovascular surgeon,1990-04-01,55,Clinical NeuroAI and Brain Disorders,brain-structure;clinical-neuroai,10.1055/s-2007-1013995,8480b67e3a7928d26372e4d0f21b60d8f4d9045f,https://doi.org/10.1055/s-2007-1013995,JournalArticle; Study; ClinicalTrial,unknown,2,brain; cerebral,
1990,Regional patterns of cortical blood flow distinguish extraverts from introverts,"G. Stenberg, J. Risberg, S. Warkentin, I. Rosén",Unknown venue,1990,55,General Brain-AI Structure Reviews and Methods,brain-structure,10.1016/0191-8869(90)90251-L,dcecab708a32b82471e496449d352225c7b01610,https://doi.org/10.1016/0191-8869(90)90251-L,paper,unknown,2,brain; cortical,
1990,Chapter 26 Human brain cholinergic pathways,M. Mesulam,Unknown venue,1990,54,General Brain-AI Structure Reviews and Methods,brain-structure,10.1016/S0079-6123(08)60908-5,6c363ad502b135f944792f12cc8b830e6b19ec9e,https://doi.org/10.1016/S0079-6123(08)60908-5,paper,unknown,4,brain; brain/neural structure in title,
1990,"Functional anatomy of storage, recall, and recognition of a visual pattern in man.","P. Roland, B. Gulyás, Riidiger J. Seitz, Christian Bohm, Sharon Stone-Elander",NeuroReport,1990-09-01,54,"Electrophysiology, Neural Signals, and AI Decoding",neural-signals,10.1097/00001756-199009000-00015,aa0519996ab497787cba395592809f2e1ca22e09,https://doi.org/10.1097/00001756-199009000-00015,JournalArticle,unknown,13,ecog; cognitive architecture; explicit brain-structure/AI bridge,
1990,Gallium-67 as a Potential Marker for Aluminium Transport in Rat Brain: Implications for Alzheimer's Disease,"R. Pullen, J. Candy, C. Morris, G. Taylor, A. B. Keith, J. Edwardson",Journal of Neurochemistry,1990-07-01,54,Clinical NeuroAI and Brain Disorders,brain-structure;clinical-neuroai,10.1111/j.1471-4159.1990.tb08846.x,5bfeff8cb4d690d23fcf2511492a3bf5be9d8445,https://doi.org/10.1111/j.1471-4159.1990.tb08846.x,JournalArticle,unknown,4,brain; brain/neural structure in title,
1990,Long-term potentiation and depression in the cerebral neocortex.,T. Tsumoto,The Japanese Journal of Physiology,1990,54,General Brain-AI Structure Reviews and Methods,brain-structure,10.2170/JJPHYSIOL.40.573,3b582c69df6655bfb2d9d859ce002f80fac4915e,https://doi.org/10.2170/JJPHYSIOL.40.573,Review; JournalArticle,unknown,6,brain; cerebral; cortex; brain/neural structure in title,
1990,Membrane Viscosity Correlates with α1-Adrenergic Signal Transduction of the Aged Rat Cerebral Cortex,"A. Miyamoto, T. Araiso, T. Koyama, H. Ohshika",Journal of Neurochemistry,1990-07-01,54,General Brain-AI Structure Reviews and Methods,brain-structure,10.1111/j.1471-4159.1990.tb08822.x,67bf0f01ecb12f812d6f9cf47d30cad46435641a,https://doi.org/10.1111/j.1471-4159.1990.tb08822.x,JournalArticle,unknown,6,brain; cerebral; cortex; brain/neural structure in title,
1990,Vertical compartmentation and cellular transformations in the germinal matrices of the embryonic rat cerebral cortex.,"J. Altman, S. A. Bayer",Experimental Neurology,1990,54,"Cellular, Synaptic, and Neuromorphic Foundations",brain-structure,10.1016/0014-4886(90)90060-6,7e711c5e5829e2d4ac8e0e797b944bacd4bfd7c8,https://doi.org/10.1016/0014-4886(90)90060-6,JournalArticle,unknown,17,cerebral; cortex; neuromorphic; brain/neural structure in title; explicit brain-structure/AI bridge,
1990,Central gabaergic mechanisms as targets for melatonin activity in brain.,"R. Rosenstein, D. Cardinali",Neurochemistry International,1990,53,General Brain-AI Structure Reviews and Methods,brain-structure,10.1016/0197-0186(90)90019-P,07c01f61db53f76ce9e824b1235d7cec4dbb3a72,https://doi.org/10.1016/0197-0186(90)90019-P,JournalArticle,unknown,4,brain; brain/neural structure in title,
1990,Cholinergic neurons of the pontomesencephalic tegmentum release acetylcholine in the basal nuclear complex of freely moving rats.,"Silvana Consolo, Rosalia Bertorelli, G. Forloni, L. Butcher",Neuroscience,1990,53,"Cellular, Synaptic, and Neuromorphic Foundations",,10.1016/0306-4522(90)90102-A,742ba7b0ab087f7a7b9ff12fed33139c8e992381,https://doi.org/10.1016/0306-4522(90)90102-A,JournalArticle,unknown,13,neuron; neuromorphic; explicit brain-structure/AI bridge,
1990,Experimental intracerebral haematoma: the role of blood constituents in early ischaemia.,"Alistair Jenkins, A. D. Mendelow, D. Graham, Fredrik P. Nath, G. Teasdale",British Journal of Neurosurgery,1990,53,General Brain-AI Structure Reviews and Methods,brain-structure,10.3109/02688699009000681,c7eb179ba97c263b744bd7b018a1e92a9b953144,https://doi.org/10.3109/02688699009000681,JournalArticle,unknown,2,brain; cerebral,
1990,Organization of the Cerebral Cortex in Monotremes and Marsupials,M. Rowe,Unknown venue,1990,53,General Brain-AI Structure Reviews and Methods,brain-structure,10.1007/978-1-4615-3824-0_5,10b7161f69489038ef39a6fb13154bc1d28234f8,https://doi.org/10.1007/978-1-4615-3824-0_5,Review,unknown,6,brain; cerebral; cortex; brain/neural structure in title,
1990,Pericyte degeneration and thickening of basement membranes of cerebral microvessels in complex partial seizures: electron microscopic study of surgically removed tissue.,"B. Liwnicz, J. L. Leach, Hwa-shain Yeh, M. Privitera",Neurosurgery,1990-03-01,53,General Brain-AI Structure Reviews and Methods,brain-structure,10.1097/00006123-199003000-00006,928f7d5e60184ea9ca7a0afd53e307fc3ebcfa71,https://doi.org/10.1097/00006123-199003000-00006,JournalArticle,unknown,2,brain; cerebral,
1990,Selective Increase in S-100β Protein by Aging in Rat Cerebral Cortex,"Kanefusa Kato, F. Suzuki, R. Morishita, T. Asano, Tsuneko Sato",Unknown venue,1990-04-01,53,General Brain-AI Structure Reviews and Methods,brain-structure,10.1111/j.1471-4159.1990.tb01958.x,9f71941c123ab0234e595e4b79020aaa2537be51,https://doi.org/10.1111/j.1471-4159.1990.tb01958.x,paper,unknown,6,brain; cerebral; cortex; brain/neural structure in title,
1990,"Synergistic activation of brain adenylate cyclase by calmodulin, and either GTP or catecholamines including dopamine.","N. Natsukari, H. Hanai, T. Matsunaga, M. Fujita",Brain Research,1990-11-26,53,General Brain-AI Structure Reviews and Methods,brain-structure,10.1016/0006-8993(90)90126-V,c526eec22df0d0e475a44a1be18eb868f5f2ba77,https://doi.org/10.1016/0006-8993(90)90126-V,JournalArticle,unknown,7,brain; cerebral; cortex; cortical; brain/neural structure in title,"The effects of calmodulin (CaM), guanosine triphosphate (GTP) and dopaminergic or beta-adrenergic agonists on the activities of adenylate cyclase were studied in EGTA-washed lysed synaptosomal membranes from rat striatum and cerebral cortex."
1990,The relationship of structural ischemic brain damage to neurobehavioural deficit: the effect of postischemic MK-801.,"M. Rod, I. Whishaw, R. N. Auer",Canadian journal of psychology,1990-06-01,53,General Brain-AI Structure Reviews and Methods,brain-structure,10.1037/H0084242,97feb0982def10f70194e3eae521cfa3dc4f3850,https://doi.org/10.1037/H0084242,JournalArticle,unknown,4,brain; brain/neural structure in title,
1990,Antidepressants induce regeneration of catecholaminergic axon terminals in the rat cerebral cortex.,S. Nakamura,Neuroscience Letters,1990-03-26,52,General Brain-AI Structure Reviews and Methods,brain-structure,10.1016/0304-3940(90)90345-A,4f0aacf8e16683ed19520d31be71e36d3b3e5b5a,https://doi.org/10.1016/0304-3940(90)90345-A,JournalArticle,unknown,6,brain; cerebral; cortex; brain/neural structure in title,
1990,Cholinergic manipulation alters stimulus-evoked metabolic activity in cat somatosensory cortex,"S. Juliano, Wu Ma, M. Bear, D. Eslin",The Journal of comparative neurology,1990-07-01,52,General Brain-AI Structure Reviews and Methods,brain-structure,10.1002/cne.902970108,b503c43e0ade7975fd66476aa047367ba42d4b98,https://doi.org/10.1002/cne.902970108,JournalArticle,unknown,5,brain; cortex; brain/neural structure in title,
1990,Location of phosphotyrosine-containing proteins by immunocytochemistry in the rat forebrain corresponds to the distribution of the insulin receptor.,"A. Moss, J. Unger, R. Moxley, J. Livingston",Proceedings of the National Academy of Sciences of the United States of America,1990-06-01,52,General Brain-AI Structure Reviews and Methods,brain-structure,10.1073/PNAS.87.12.4453,57a24126ab65fb02cca822abca5753f66e7b0336,https://doi.org/10.1073/PNAS.87.12.4453,JournalArticle,unknown,4,brain; brain/neural structure in title,
1990,Trauma-induced golgi-like staining of neurons: A new approach to neuronal organization and response to injury,"Anthony N. van dnn Pol, F. Gallyas",The Journal of comparative neurology,1990-06-22,52,"Cellular, Synaptic, and Neuromorphic Foundations",,10.1002/cne.902960410,bd098b992cce8f48caca2573d45ee93656a5474c,https://doi.org/10.1002/cne.902960410,JournalArticle,unknown,13,neuron; neuromorphic; explicit brain-structure/AI bridge,
1990,Tyrosine hydroxylase-immunoreactive neurons in the mouse cerebral cortex during the postnatal period.,"J. Satoh, Kinuko Suzuki",Brain research. Developmental brain research,1990-04-01,52,"Cellular, Synaptic, and Neuromorphic Foundations",brain-structure,10.1016/0165-3806(90)90119-J,dd863674818833742b761c7cbc5bfb0b0b90bb1f,https://doi.org/10.1016/0165-3806(90)90119-J,JournalArticle,unknown,18,cerebral; cortex; neuron; neuromorphic; brain/neural structure in title; explicit brain-structure/AI bridge,
1990,Influence of MK-801 on Brain Extracellular Calcium and Potassium Activities in Severe Hypoglycemia,"E. Zhang, A. Hansen, T. Wieloch, M. Lauritzen",Journal of Cerebral Blood Flow and Metabolism,1990-01-01,51,"Cellular, Synaptic, and Neuromorphic Foundations",brain-structure,10.1038/jcbfm.1990.18,cd4e5f6fe1e0a451a7ebb52eccf331cb61308ef5,https://doi.org/10.1038/jcbfm.1990.18,JournalArticle,unknown,16,brain; neuromorphic; brain/neural structure in title; explicit brain-structure/AI bridge,
1990,Selectivity of melaninized nigra-striatal dopamine neurons to degeneration in Parkinson's disease may depend on iron-melanin interaction.,"D. Ben-Shachar, M. Youdim",Journal of neural transmission. Supplementum,1990,51,"Cellular, Synaptic, and Neuromorphic Foundations",clinical-neuroai,10.1007/978-3-7091-9050-0_24,83b6fe084c4bd4da25c18231bf961346e5d70384,https://doi.org/10.1007/978-3-7091-9050-0_24,Review; JournalArticle,unknown,13,neuron; neuromorphic; explicit brain-structure/AI bridge,
1990,The axon terminals of vasoactive intestinal polypeptide (VIP)-containing bipolar cells in rat visual cortex,A. Peters,Journal of Neurocytology,1990-10-01,51,"Cellular, Synaptic, and Neuromorphic Foundations",brain-structure,10.1007/BF01188036,bf8e512bfb9d469ab04831f18dad38a25bb644c6,https://doi.org/10.1007/BF01188036,JournalArticle,unknown,16,cortex; neuromorphic; brain/neural structure in title; explicit brain-structure/AI bridge,
1990,Trauma-induced increase of extracellular ascorbate in rat cerebral cortex.,"L. Hillered, P. Nilsson, U. Ungerstedt, U. Pontén",Neuroscience Letters,1990-06-08,51,"Cellular, Synaptic, and Neuromorphic Foundations",brain-structure,10.1016/0304-3940(90)90606-A,a49154130815a58964ad9b39e9e49d5e215d269f,https://doi.org/10.1016/0304-3940(90)90606-A,JournalArticle,unknown,17,cerebral; cortex; neuromorphic; brain/neural structure in title; explicit brain-structure/AI bridge,
1990,Undernutrition and Overnutrition in the Neonatal Rat: Long-Term Effects on Noradrenergic Pathways in Brain Regions,"F. Seidler, J. Bell, T. Slotkin",Pediatric Research,1990-02-01,51,General Brain-AI Structure Reviews and Methods,brain-structure,10.1203/00006450-199002000-00021,d69105b61e64bdd432bf867321f274dca5add55b,https://doi.org/10.1203/00006450-199002000-00021,JournalArticle,unknown,4,brain; brain/neural structure in title,
1990,Expression of β-nerve growth factor in cultured cells derived from the hypothalamus and cerebral cortex,"D. González, W. Dees, J. Hiney, S. Ojeda, R. Saneto",Unknown venue,1990-03-19,50,"Cellular, Synaptic, and Neuromorphic Foundations",brain-structure,10.1016/0006-8993(90)90169-C,f62eb228e99b2a4f18bf6052aa4ff433500f2fed,https://doi.org/10.1016/0006-8993(90)90169-C,paper,unknown,19,cerebral; cortex; thalamus; hypothalamus; neuromorphic; brain/neural structure in title; explicit brain-structure/AI bridge,
1990,Impaired capillary perfusion and brain edema following experimental subarachnoid hemorrhage: a morphometric study.,"Hiroo Johshita, Neal F. Kassell, Tomio Sasaki, Hisayuki Ogawa",Journal of Neurosurgery,1990-09-01,50,General Brain-AI Structure Reviews and Methods,brain-structure,10.3171/JNS.1990.73.3.0410,25f308c97cb6fac9f2a36708568fffc8b6dfef9d,https://doi.org/10.3171/JNS.1990.73.3.0410,JournalArticle,unknown,4,brain; brain/neural structure in title,
1990,Late generated neurons in the medial cortex of adult lizards send axons that reach the Timm-reactive zones.,"C. López-García, A. Molowny, J. García-Verdugo, F. Martínez-Guijarro, A. Bernabeu",Brain research. Developmental brain research,1990-12-15,50,"Cellular, Synaptic, and Neuromorphic Foundations",brain-structure,10.1016/0165-3806(90)90050-9,2b780c07a9692479ca456ac7ba92257a6b85df5d,https://doi.org/10.1016/0165-3806(90)90050-9,JournalArticle,unknown,17,cortex; neuron; neuromorphic; brain/neural structure in title; explicit brain-structure/AI bridge,
1990,"Cerebral energy metabolism and intracellular pH during severe hypoxia and recovery: A study using 1H, 31P, and 1H [13C] nuclear magnetic resonance spectroscopy in the guinea pig cerebral cortex in vitro","R. Kauppinen, S. Williams, S. Williams",Journal of Neuroscience Research,1990-08-01,49,"Cellular, Synaptic, and Neuromorphic Foundations",brain-structure;neuroimaging,10.1002/jnr.490260313,9f9670875082a914e155fa25e2dc86bdfe24c455,https://doi.org/10.1002/jnr.490260313,JournalArticle,unknown,17,cerebral; cortex; neuromorphic; brain/neural structure in title; explicit brain-structure/AI bridge,
1990,Chromaffin cell grafts to rat cerebral cortex reverse lesion-induced memory deficits.,"S. Welner, Zafiro C. Koty, P. Boksa",Brain Research,1990-09-10,49,"Cellular, Synaptic, and Neuromorphic Foundations",brain-structure,10.1016/0006-8993(90)91077-T,fe0ba18b59674e4ae7c0aec3c2b1e23bda347f34,https://doi.org/10.1016/0006-8993(90)91077-T,JournalArticle,unknown,17,cerebral; cortex; neuromorphic; brain/neural structure in title; explicit brain-structure/AI bridge,
1990,Regional brain morphometry and lissencephaly in the Sirenia.,"R. Reep, Thomas J. O'Shea","Brain, Behavior and Evolution",1990,49,"Cognitive Architectures, Learning, and Systems Neuroscience",brain-structure,10.1159/000115866,bad125cc9f5d04da149939c5449431d24f7ffcaf,https://doi.org/10.1159/000115866,JournalArticle; Study,unknown,16,brain; cognitive architecture; brain/neural structure in title; explicit brain-structure/AI bridge,
1990,Studies of the immunohistochemical and biochemical localization of the cytochrome P-450scc-linked monooxygenase system in the adult rat brain.,"K. Iwahashi, H. S. Ozaki, M. Tsubaki, J. Ohnishi, Y. Takeuchi, Y. Ichikawa",Biochimica et Biophysica Acta,1990-08-17,49,General Brain-AI Structure Reviews and Methods,brain-structure,10.1016/0304-4165(90)90114-C,460441a87b33c13d324a36131d931eb59426333e,https://doi.org/10.1016/0304-4165(90)90114-C,JournalArticle,unknown,4,brain; brain/neural structure in title,
1990,Changes in brain biogenic monoamines induced by the nootropic drugs adafenoxate and meclofenoxate and by citicholine (experiments on rats).,"Vesselin D. Petkov, S. Stancheva, Lidia Tocuschieva, Petkov Vv",General Pharmacology,1990,48,General Brain-AI Structure Reviews and Methods,brain-structure,10.1016/0306-3623(90)90598-G,b4183eae68bd9b02c052b848ab25242179401214,https://doi.org/10.1016/0306-3623(90)90598-G,JournalArticle,unknown,4,brain; brain/neural structure in title,
1990,Charged-particle radiosurgery of the brain.,"R. P. Levy, Jacob I. Fabrikant, Kenneth A. Frankel, M H Phillips, J. Lyman",Neurosurgery clinics of North America,1990-10-01,48,General Brain-AI Structure Reviews and Methods,brain-structure,10.1016/S1042-3680(18)30782-4,5c36a3ec25a8040028fb38c5e6913f48d00786e9,https://doi.org/10.1016/S1042-3680(18)30782-4,Review; JournalArticle,unknown,4,brain; brain/neural structure in title,
1990,Comparative morphometry of the mammalian brain: estimates of cerebral volumes and cortical surface areas obtained from macroscopic slices.,"T. Mayhew, G. Mwamengele, V. Dantzer",Journal of Anatomy,1990-10-01,48,General Brain-AI Structure Reviews and Methods,brain-structure,,660ca0820c9b4c7127bdb58610602dfc9b82927e,https://www.semanticscholar.org/paper/660ca0820c9b4c7127bdb58610602dfc9b82927e,JournalArticle; Study,unknown,6,brain; cerebral; cortical; brain/neural structure in title,
1990,Neuronal lineages in chimeric mouse forebrain are segregated between compartments and in the rostrocaudal and radial planes.,"G. Fishell, J. Rossant, D. Kooy",Developmental Biology,1990-09-01,48,"Cellular, Synaptic, and Neuromorphic Foundations",brain-structure,10.1016/0012-1606(90)90102-O,d53b3dca93453543d3b0917677d190fd4441e4c6,https://doi.org/10.1016/0012-1606(90)90102-O,JournalArticle,unknown,17,brain; neuron; neuromorphic; brain/neural structure in title; explicit brain-structure/AI bridge,
1990,Neurotensin innervation of the human cerebral cortex: lack of colocalization with catecholamines.,"P. Gaspar, B. Berger, A. Febvret",Brain Research,1990-10-22,48,General Brain-AI Structure Reviews and Methods,brain-structure,10.1016/0006-8993(90)91282-L,0e78a495ca9dde82a71c60e3f37296637c2eb58c,https://doi.org/10.1016/0006-8993(90)91282-L,JournalArticle,unknown,6,brain; cerebral; cortex; brain/neural structure in title,
1990,Differences in ischemia-induced accumulation of amino acids in the cat cortex.,"N. Shimada, Rudolf Graf, G. Rosner, W. Heiss",Stroke,1990-10-01,47,Clinical NeuroAI and Brain Disorders,brain-structure;clinical-neuroai,10.1161/01.STR.21.10.1445,27a505520cb332193e24d5d6bd4f470da540c5ee,https://doi.org/10.1161/01.STR.21.10.1445,JournalArticle,unknown,5,brain; cortex; brain/neural structure in title,
1990,Increased Intracellular Calcium Stimulates 3H-Inositol Polyphosphate Accumulation in Rat Cerebral Cortical Slices,"J. G. Baird, S. Nahorski",Journal of Neurochemistry,1990-02-01,47,"Cellular, Synaptic, and Neuromorphic Foundations",brain-structure,10.1111/j.1471-4159.1990.tb01907.x,474303c9fd24cb5254d2618abe6ec419a7ff456b,https://doi.org/10.1111/j.1471-4159.1990.tb01907.x,JournalArticle,unknown,14,cerebral; cortical; neuromorphic; explicit brain-structure/AI bridge,
1990,"Localization and characterization of neuropeptide Y in the brain of Microcebus murinus (primate, lemurian)","N. Bons, N. Mestre, A. Petter, J. Danger, G. Pelletier, H. Vaudry",The Journal of comparative neurology,1990-08-15,47,General Brain-AI Structure Reviews and Methods,brain-structure,10.1002/cne.902980307,2be889a14e9de50b58d968e4d54c0c74c16e97bc,https://doi.org/10.1002/cne.902980307,JournalArticle,unknown,4,brain; brain/neural structure in title,
1990,Regional distribution of cholecystokinin messenger RNA in rat brain during development: quantitation and correlation with cholecystokinin immunoreactivity.,"J. Belleroche, R. Bandopadhyay, A. King, A. Malcolm, K. O'brien, B. P. Premi, et al.",Neuropeptides,1990-04-01,47,General Brain-AI Structure Reviews and Methods,brain-structure,10.1016/0143-4179(90)90014-P,ce46cc9bc3b8b804a82fdd7f3d051a84db327c21,https://doi.org/10.1016/0143-4179(90)90014-P,JournalArticle,unknown,4,brain; brain/neural structure in title,
1990,Abnormal architecture and connections disclosed by neurofilament staining in the cerebral cortex of autoimmune mice.,"G. Sherman, J. Stone, D. M. Press, G. Rosen, A. Galaburda",Brain Research,1990-10-08,46,General Brain-AI Structure Reviews and Methods,brain-structure,10.1016/0006-8993(90)90828-Y,390d529b1462fa764b1f2686a8163bc9610dde0c,https://doi.org/10.1016/0006-8993(90)90828-Y,JournalArticle,unknown,6,brain; cerebral; cortex; brain/neural structure in title,
1990,Comparative and Evolutionary Anatomy of the Visual Cortex of the Dolphin,"P. Morgane, I. Glezer, M. S. Jacobs",Unknown venue,1990,46,"Cognitive Architectures, Learning, and Systems Neuroscience",brain-structure,10.1007/978-1-4615-3824-0_4,02a1970c04750885e24449dc3ea5559d0651f1c2,https://doi.org/10.1007/978-1-4615-3824-0_4,paper,unknown,16,cortex; cognitive architecture; brain/neural structure in title; explicit brain-structure/AI bridge,
1990,Lack of excitotoxic cell death in serum-free cultures of rat cerebral cortex.,"S. L. Erdö, A. Michler, J. Wolff, H. Tytko",Brain Research,1990-09-03,46,"Cellular, Synaptic, and Neuromorphic Foundations",brain-structure,10.1016/0006-8993(90)91241-8,3dff2a7476f9ba082f7a4ebfecd0377a19c3acae,https://doi.org/10.1016/0006-8993(90)91241-8,JournalArticle,unknown,17,cerebral; cortex; neuromorphic; brain/neural structure in title; explicit brain-structure/AI bridge,
1990,Antioxidant enzymatic systems in neuronal and glial cell-enriched fractions of rat brain during aging,"E. Geremia, D. Baratta, S. Zafarana, R. Giordano, M. R. Pinizzotto, Maria Grazia La Rosa, et al.",Neurochemical Research,1990-07-01,45,"Cellular, Synaptic, and Neuromorphic Foundations",brain-structure,10.1007/BF00973653,61f92334dcf881f36b82318d83427694a1a462c7,https://doi.org/10.1007/BF00973653,JournalArticle,unknown,17,brain; neuron; neuromorphic; brain/neural structure in title; explicit brain-structure/AI bridge,
1990,Cortical Regulation of Striatal Neuropeptide Y (NPY)-Containing Neurons in the Rat,"L. Kerkérian, Pascal Salin, André Nieoullon",European Journal of Neuroscience,1990-03-01,45,"Cellular, Synaptic, and Neuromorphic Foundations",brain-structure,10.1111/j.1460-9568.1990.tb00411.x,80ea1ba780a8eb312e4a5fd00700cab5c02c5bb6,https://doi.org/10.1111/j.1460-9568.1990.tb00411.x,JournalArticle,unknown,14,cortical; neuron; neuromorphic; explicit brain-structure/AI bridge,
1990,Developmental cortical anomalies in Asperger's syndrome: neuroradiological findings in two patients.,"M. Berthier, S. Starkstein, R. Leiguarda",The Journal of Neuropsychiatry and Clinical Neurosciences,1990,45,Clinical NeuroAI and Brain Disorders,brain-structure;clinical-neuroai,10.1176/JNP.2.2.197,e732c595fd07bb2aba6dc514d2513a26e687d433,https://doi.org/10.1176/JNP.2.2.197,JournalArticle; CaseReport,unknown,2,brain; cortical,
1990,Effects of a 21-aminosteroid (U-74006F) on cerebral metabolites and edema after severe experimental head trauma.,"R. Dimlich, P. A. Tornheim, R. Kindel, E. Hall, J. Braughler, J. Mccall",Advances in neurology,1990,45,General Brain-AI Structure Reviews and Methods,brain-structure,,98c25b9cd38dca0f9f7a0d1c8f4b061b41fbc592,https://www.semanticscholar.org/paper/98c25b9cd38dca0f9f7a0d1c8f4b061b41fbc592,JournalArticle,unknown,2,brain; cerebral,
1990,Effects of chronic alcohol intake and withdrawal on the prefrontal neurons and synapses.,"A. Cadete-Leite, M. C. Alves, M. Tavares, M. Paula-Barbosa",Alcohol,1990-03-01,45,"Cellular, Synaptic, and Neuromorphic Foundations",,10.1016/0741-8329(90)90076-O,23fb63ba12ad9602b5b556138da16d4ac91cc84b,https://doi.org/10.1016/0741-8329(90)90076-O,JournalArticle,unknown,14,neuron; synapse; neuromorphic; explicit brain-structure/AI bridge,
1990,"Modulation of mu, delta and kappa opioid receptors in rat brain by metal ions and histidine.","G. A. Tejwani, S. Hanissian",Neuropharmacology,1990-05-01,45,General Brain-AI Structure Reviews and Methods,brain-structure,10.1016/0028-3908(90)90166-O,fbfacbc24096ca84069d4de5beb39d8a5e07338c,https://doi.org/10.1016/0028-3908(90)90166-O,JournalArticle,unknown,4,brain; brain/neural structure in title,
1990,Age-dependent nerve cell loss in the brain of Sprague-Dawley rats: effect of long term acetyl-L-carnitine treatment.,"P. Napoleone, F. Ferrante, O. Ghirardi, M. Ramacci, F. Amenta",Archives of gerontology and geriatrics (Print),1990-03-01,44,"Cellular, Synaptic, and Neuromorphic Foundations",brain-structure,10.1016/0167-4943(90)90017-Z,418f95a3d4d3ff30d999d61801b6858d1cec2213,https://doi.org/10.1016/0167-4943(90)90017-Z,JournalArticle,unknown,16,brain; neuromorphic; brain/neural structure in title; explicit brain-structure/AI bridge,
1990,Brain imaging in acquired immunodeficiency syndrome dementia complex.,"E. Kramer, J. Sanger",Seminars in nuclear medicine,1990-10-01,44,Clinical NeuroAI and Brain Disorders,brain-structure;connectome;neuroimaging;clinical-neuroai,10.1016/S0001-2998(05)80239-9,b014bd339b33a9da41764698d8e637ad675d080c,https://doi.org/10.1016/S0001-2998(05)80239-9,Review; JournalArticle,unknown,8,brain; cerebral; cortex; cortical; mri; brain/neural structure in title,Human immunodeficiency virus (HIV) infections are accompanied by many different types of neurological complications.
1990,Calmodulin Involvement in Stress- and Corticosterone-Induced Down-Regulation of Cyclic AMP-Generating Systems in Brain,"M. Gannon, B. McEwen",Journal of Neurochemistry,1990-07-01,44,General Brain-AI Structure Reviews and Methods,brain-structure,10.1111/j.1471-4159.1990.tb08849.x,61fdadc893b570a8e5d9656ca2a0360b6c833f6f,https://doi.org/10.1111/j.1471-4159.1990.tb08849.x,JournalArticle,unknown,4,brain; brain/neural structure in title,
1990,Effect of septal kindling on glutamate binding and calcium/calmodulin-dependent phosphorylation in a postsynaptic density fraction isolated from rat cerebral cortex.,"K. Wu, C. Wasterlain, L. Sachs, P. Siekevitz",Proceedings of the National Academy of Sciences of the United States of America,1990-07-01,44,"Cellular, Synaptic, and Neuromorphic Foundations",brain-structure,10.1073/PNAS.87.14.5298,5782ccdaef2b0ec1ce7dbeab523321266099260d,https://doi.org/10.1073/PNAS.87.14.5298,JournalArticle,unknown,17,cerebral; cortex; neuromorphic; brain/neural structure in title; explicit brain-structure/AI bridge,
1990,"Stimulation of the nucleus basalis of Meynert and substantia innominata produces widespread increases in cerebral blood flow in the frontal, parietal and occipital cortices.","T. Adachi, D. Biesold, O. Inanami, A. Sato",Brain Research,1990-04-23,44,General Brain-AI Structure Reviews and Methods,brain-structure,10.1016/0006-8993(90)90452-H,c755026366234b61acb48cbbe20a655e5fbee7c0,https://doi.org/10.1016/0006-8993(90)90452-H,JournalArticle,unknown,2,brain; cerebral,
1990,Truncated IGF-1 exerts trophic effects on fetal brain tissue grafts.,"M. Giacobini, L. Olson, B. Hoffer, V. Sara",Experimental Neurology,1990-04-01,44,General Brain-AI Structure Reviews and Methods,brain-structure,10.1016/0014-4886(90)90004-C,cda4e80af0c41f85919f7a81d60e02c2682b3dbf,https://doi.org/10.1016/0014-4886(90)90004-C,JournalArticle; Study,unknown,4,brain; brain/neural structure in title,
1990,Ultrastructural localization of stage-specific neurite-associated proteins in the developing rat cerebral and cerebellar cortices,"M. Yamamoto, L. Hassinger, J. Crandall",Journal of Neurocytology,1990-10-01,44,General Brain-AI Structure Reviews and Methods,brain-structure,10.1007/BF01188031,995be983ef09f41ce279aa02262633dfde17a248,https://doi.org/10.1007/BF01188031,JournalArticle,unknown,2,brain; cerebral,
1990,Xenon-enhanced computed tomographic measurement of cerebral blood flow in patients with chronic subdural hematomas.,"Akira Tanaka, S. Yoshinaga, M. Kimura",Neurosurgery,1990-10-01,44,"Connectomics, Graph Models, and Brain Networks",brain-structure;connectome;clinical-neuroai,10.1097/00006123-199010000-00009,5b9b409b7420f5363622f876d6b737ee5eebe2ec,https://doi.org/10.1097/00006123-199010000-00009,JournalArticle; CaseReport,unknown,6,brain; cerebral; historical computation/learning bridge,
1990,A novel mechanism for acetylcholine to generate diacylglycerol in brain.,"Z. Qian, L. Drewes",Journal of Biological Chemistry,1990-03-05,43,"Cellular, Synaptic, and Neuromorphic Foundations",brain-structure,10.1016/s0021-9258(19)39634-6,1d4a8289f5811d626547246a7d30b078c313dcee,https://doi.org/10.1016/s0021-9258(19)39634-6,JournalArticle,unknown,18,brain; cerebral; cortex; neuromorphic; brain/neural structure in title; explicit brain-structure/AI bridge,The classical scheme involving inositol phospholipid breakdown by phospholipase C as the sole source of diacylglycerol (DAG) has recently been challenged by evidence that phosphatidylcholine (PC) is an alternative source.
1990,Comparative Aspects of Olfactory Cortex,L. Haberly,Unknown venue,1990,43,General Brain-AI Structure Reviews and Methods,brain-structure,10.1007/978-1-4615-3824-0_2,b2453881aee3d098487260deed734287c52f9b26,https://doi.org/10.1007/978-1-4615-3824-0_2,paper,unknown,5,brain; cortex; brain/neural structure in title,
1990,Developmental Expression of HNK-1-Reactive Antigens in the Rat Cerebellum and Localization of Sulfoglucuronyl Glycolipids in Molecular Layer and Deep Cerebellar Nuclei,"N. Prasadarao, O. Koul, S. Tobet, D. Chou, F. Jungalwala",Journal of Neurochemistry,1990-12-01,43,General Brain-AI Structure Reviews and Methods,brain-structure,10.1111/j.1471-4159.1990.tb05791.x,7d0a64590742eed9f1422284f1f3c00e08b311c5,https://doi.org/10.1111/j.1471-4159.1990.tb05791.x,JournalArticle,unknown,2,brain; cerebellum,
1990,Effects of chronic lithium treatment on serotonin binding sites in rat brain.,"Y. Odagaki, T. Koyama, S. Matsubara, R. Matsubara, Itaru Yamashita",Journal of Psychiatric Research,1990,43,General Brain-AI Structure Reviews and Methods,brain-structure,10.1016/0022-3956(90)90016-J,f9c91e16878e9e239c7bbf3b09f7605aa752cdce,https://doi.org/10.1016/0022-3956(90)90016-J,JournalArticle,unknown,4,brain; brain/neural structure in title,
1990,Enhancement of [3H]muscimol binding to brain synaptic membranes by progesterone and related pregnanes.,"A. López-Colomé, M. McCarthy, Carlos Beyer",European Journal of Pharmacology,1990-02-13,43,"Cellular, Synaptic, and Neuromorphic Foundations",brain-structure,10.1016/0014-2999(90)90023-Y,e18d3e635fa580306c6ad43777fca39bc962edfc,https://doi.org/10.1016/0014-2999(90)90023-Y,JournalArticle,unknown,16,brain; neuromorphic; brain/neural structure in title; explicit brain-structure/AI bridge,
1990,Involvement of protein kinase C in the mitogenic and chemotaxis effects of basic fibroblast growth factor on bovine cerebral cortex capillary endothelial cells,"I. Daviet, J. Herbert, J. Maffrand",FEBS Letters,1990,43,"Cellular, Synaptic, and Neuromorphic Foundations",brain-structure,10.1016/0014-5793(90)80035-H,b5b56c2ee1f9581b7545c7fdd5727be8c21bcf6d,https://doi.org/10.1016/0014-5793(90)80035-H,JournalArticle,unknown,17,cerebral; cortex; neuromorphic; brain/neural structure in title; explicit brain-structure/AI bridge,
1990,Latencies of peripheral nerve and cerebral evoked responses to air-puff and electrical stimuli,"I. Hashimoto, K. Yoshikawa, M. Sasaki",Muscle and Nerve,1990-12-01,43,General Brain-AI Structure Reviews and Methods,brain-structure,10.1002/mus.880131203,ec32743bccefa28e8b4fe4002c636c9a89075994,https://doi.org/10.1002/mus.880131203,JournalArticle; Study,unknown,2,brain; cerebral,
1990,MR and CT of tuberous sclerosis: linear abnormalities in the cerebral white matter.,"Satoru lwasaki, H. Nakagawa, K. Kichikawa, A. Fukusumi, Y. Watabe, Kouji Kitamura, et al.",AJNR. American journal of neuroradiology,1990-09-01,43,General Brain-AI Structure Reviews and Methods,brain-structure,,81ed0cb1aa2125eeee7194828d848f1c172f4463,https://www.semanticscholar.org/paper/81ed0cb1aa2125eeee7194828d848f1c172f4463,JournalArticle; Review,unknown,2,brain; cerebral,
1990,Projection of thenar muscle afferents to frontal and parietal cortex of human subjects.,"S. Gandevia, D. Burke",Electroencephalography and Clinical Neurophysiology,1990-09-01,43,"Electrophysiology, Neural Signals, and AI Decoding",brain-structure;connectome;neural-signals;clinical-neuroai,10.1016/0168-5597(90)90057-K,e58cc973ae85422ef1f7e492c54d0e511ce0cd31,https://doi.org/10.1016/0168-5597(90)90057-K,JournalArticle,unknown,9,brain; cortex; brain/neural structure in title; historical computation/learning bridge,
1990,Small Cerebral Hemispheres in Adults with Down's Syndrome: Contributions of Developmental Arrest and Lesions of Alzheimer's Disease,"S. M. de la Monte, E. Hedley-Whyte",Journal of Neuropathology and Experimental Neurology,1990-09-01,43,Clinical NeuroAI and Brain Disorders,brain-structure;clinical-neuroai,10.1097/00005072-199009000-00006,3788ee375358eecde49b666fb1e2b22247ba71a1,https://doi.org/10.1097/00005072-199009000-00006,JournalArticle; Study,unknown,2,brain; cerebral,
1990,Absolute quantitation of phosphorus metabolites in the cerebral cortex of the newborn human infant and in the forearm muscles of young adults using a double-tuned surface coil,E. Cady,Unknown venue,1990-05-01,42,General Brain-AI Structure Reviews and Methods,brain-structure,10.1016/0022-2364(90)90302-P,21788ca26c20fa687e728b681b64335f4ac064a5,https://doi.org/10.1016/0022-2364(90)90302-P,paper,unknown,6,brain; cerebral; cortex; brain/neural structure in title,
1990,Decrease in Perfusion of Cerebral Capillaries during Incomplete Ischemia and Reperfusion,"S. Ennis, R. Keep, G. P. Schielke, A. Betz",Journal of Cerebral Blood Flow and Metabolism,1990-03-01,42,General Brain-AI Structure Reviews and Methods,brain-structure,10.1038/jcbfm.1990.37,a1e18a929b4059231e9a1aff238e447e43e97245,https://doi.org/10.1038/jcbfm.1990.37,JournalArticle,unknown,2,brain; cerebral,
1990,"Enhancing ""idling"" neurons.","R. Neubauer, S. Gottlieb, R. Kagan",The Lancet,1990-03-03,42,"Cellular, Synaptic, and Neuromorphic Foundations",,10.1016/0140-6736(90)90777-3,df2c9334143538e5295a0517f41ace541e52e2fc,https://doi.org/10.1016/0140-6736(90)90777-3,LettersAndComments; CaseReport,unknown,13,neuron; neuromorphic; explicit brain-structure/AI bridge,
1990,Immunocytochemical visualization of muscarinic cholinoceptors in the human cerebral cortex.,"H. Schröder, K. Zilles, P. Luiten, André D. Strosberg",Brain Research,1990-04-30,42,General Brain-AI Structure Reviews and Methods,brain-structure,10.1016/0006-8993(90)91420-L,0f2fa54ad9d935437e7beccae1ee8dbc3be1ac8a,https://doi.org/10.1016/0006-8993(90)91420-L,JournalArticle,unknown,6,brain; cerebral; cortex; brain/neural structure in title,
1990,Intraventricular infusion of HBGF-2 promotes cerebral angiogenesis in Wistar rat.,"M. Puumala, Robert E. Anderson, F. Meyer",Brain Research,1990-11-26,42,General Brain-AI Structure Reviews and Methods,brain-structure,10.1016/0006-8993(90)90140-7,118e62a68c08d94d133b4b1b7c413de0fbfe673f,https://doi.org/10.1016/0006-8993(90)90140-7,JournalArticle,unknown,2,brain; cerebral,
1990,Neocortical Death and Human Death,R. J. Devettere,Law Medicine and Health Care,1990-03-01,42,General Brain-AI Structure Reviews and Methods,brain-structure,10.1111/j.1748-720X.1990.tb01136.x,85d81c327cfadfea08b384968d6d3c11addf6028,https://doi.org/10.1111/j.1748-720X.1990.tb01136.x,JournalArticle; Study,unknown,2,brain; cortical,
1990,Proline-specific proteases in cultivated neuronal and glial cells.,"R. Mentlein, Martina von Kolszynski, R. Sprang, R. Lucius",Brain Research,1990-09-10,42,"Cellular, Synaptic, and Neuromorphic Foundations",brain-structure,10.1016/0006-8993(90)91076-S,d839efe2312c38d9be17191a46b01064fafef66c,https://doi.org/10.1016/0006-8993(90)91076-S,JournalArticle,unknown,13,neuron; neuromorphic; explicit brain-structure/AI bridge,
1990,Swollen Cortical Neurons in Creutzfeldt-Jakob Disease Contain a Phosphorylated Neurofilament Epitope,"J. Hirato, Y. Ishida, S. Hoshi, Masatoshi Hasegawa, T. Fukuda",Journal of Neuropathology and Experimental Neurology,1990-05-01,42,"Cellular, Synaptic, and Neuromorphic Foundations",brain-structure,10.1097/00005072-199005000-00001,ee28c354b3f87721e6f305ab6eeecc9ae9a5fc5b,https://doi.org/10.1097/00005072-199005000-00001,JournalArticle,unknown,14,cortical; neuron; neuromorphic; explicit brain-structure/AI bridge,
1990,Vinpocetin protects against excitotoxic cell death in primary cultures of rat cerebral cortex.,"S. L. Erdö, N. Cai, J. R. Wolff, Béla Kiss",European Journal of Pharmacology,1990-10-23,42,"Cellular, Synaptic, and Neuromorphic Foundations",brain-structure,10.1016/0014-2999(90)90386-K,8ca54937cad1127010449e9fcf5ff5300bf72ba1,https://doi.org/10.1016/0014-2999(90)90386-K,JournalArticle,unknown,17,cerebral; cortex; neuromorphic; brain/neural structure in title; explicit brain-structure/AI bridge,
1990,"Postnatal development of the excitatory amino acid system in visual cortex of the rat. Changes in ligand binding to NMDA, quisqualate and kainate receptors","S. L. Erdö, J. R. Wolff",International Journal of Developmental Neuroscience,1990,41,"Cognitive Architectures, Learning, and Systems Neuroscience",brain-structure,10.1016/0736-5748(90)90011-P,67340e526ead3910feaa1308c2b31c8df360db1e,https://doi.org/10.1016/0736-5748(90)90011-P,JournalArticle,unknown,16,cortex; cognitive architecture; brain/neural structure in title; explicit brain-structure/AI bridge,
1990,Sparing of visual field perception in neonatal but not adult cerebral hemispherectomized cats. Relationship with oxidative metabolism of the superior colliculus.,"D. Hovda, J. Villablanca",Behavioural Brain Research,1990-03-05,41,"Cognitive Architectures, Learning, and Systems Neuroscience",brain-structure,10.1016/0166-4328(90)90087-U,5e5717f3f800bfe5d4be3a448a3c291663967248,https://doi.org/10.1016/0166-4328(90)90087-U,JournalArticle,unknown,13,cerebral; cognitive architecture; explicit brain-structure/AI bridge,
1990,Transplantation of peripheral cholinergic neurons into Alzheimer model rat brain.,"T. Itakura, H. Yokote, S. Yukawa, M. Nakai, N. Komai, M. Umemoto",Stereotactic and Functional Neurosurgery,1990,41,Computational Neuroscience and Brain-Inspired AI,brain-structure;clinical-neuroai,10.1159/000100237,03f5002af529bbb6a48728f50619ecc8ba472410,https://doi.org/10.1159/000100237,JournalArticle,unknown,21,brain; neuron; computational neuroscience; brain-inspired; brain/neural structure in title; explicit brain-structure/AI bridge,
1990,Age-Related changes of strychnine-insensitive glycine receptors in rat brain as studied by in vitro autroradiography,"R. Miyoshi, S. Kito, N. Doudou, T. Nomoto",Synapse,1990,40,"Connectomics, Graph Models, and Brain Networks",brain-structure;connectome,10.1002/syn.890060405,894cc6d3f8022f158d64ca658a943f7b9aa44cb8,https://doi.org/10.1002/syn.890060405,JournalArticle,unknown,8,brain; brain/neural structure in title; historical computation/learning bridge,
1990,Comparison between rat brain calbindin- and calretinin-immuno-reactivities.,"A. Résibois, F. Blachier, J. Rogers, D. Lawson, R. Pochet",Advances in Experimental Medicine and Biology,1990,40,General Brain-AI Structure Reviews and Methods,brain-structure,10.1007/978-1-4684-5754-4_34,30c9701f2f748422a6be9aeb2c8c43531ad05eb4,https://doi.org/10.1007/978-1-4684-5754-4_34,JournalArticle,unknown,4,brain; brain/neural structure in title,
1990,Continuous monitoring of blood-brain barrier opening to Cr51-EDTA by microdialysis following probe injury.,"O. Major, T. Shdanova, L. Duffek, Z. Nagy",Acta Neurochirurgica Supplementum,1990,40,General Brain-AI Structure Reviews and Methods,brain-structure,10.1007/978-3-7091-9115-6_16,5e7348093eda75246a57b7bba2476891117a2c3e,https://doi.org/10.1007/978-3-7091-9115-6_16,JournalArticle,unknown,4,brain; brain/neural structure in title,
1990,Cutaneous stimulation regulates blood flow in cerebral cortex in anesthetized rats.,"Takehiko Adachi, Kazuko Meguro, Akio Sato, Y. Sato",NeuroReport,1990-09-01,40,General Brain-AI Structure Reviews and Methods,brain-structure,10.1097/00001756-199009000-00012,75ab1b73a5e1d18484b0c3483d99f4507086ccdb,https://doi.org/10.1097/00001756-199009000-00012,JournalArticle,unknown,6,brain; cerebral; cortex; brain/neural structure in title,
1990,Impairment of metabolic recovery with increasing periods of middle cerebral artery occlusion in rats.,"W. Selman, R. Crumrine, A. Ricci, J. LaManna, R. Ratcheson, W. David Lust, et al.",Stroke,1990-03-01,40,Clinical NeuroAI and Brain Disorders,brain-structure;clinical-neuroai,10.1161/01.STR.21.3.467,cfc114bda07b9443a86c24b994f7afdd1bf2fcee,https://doi.org/10.1161/01.STR.21.3.467,JournalArticle,unknown,2,brain; cerebral,
1990,Induction of Ornithine Decarboxylase in Cerebral Cortex by Excitotoxin Lesion of Nucleus Basalis: Association with Postsynaptic Responsiveness and N-Methyl-d-Aspartate Receptor Activation,"L. Reed, J. Belleroche",Journal of Neurochemistry,1990-09-01,40,"Cellular, Synaptic, and Neuromorphic Foundations",brain-structure,10.1111/j.1471-4159.1990.tb04560.x,28d026ddbe2fe9fb3c43f89794b32a3b04b94914,https://doi.org/10.1111/j.1471-4159.1990.tb04560.x,JournalArticle,unknown,17,cerebral; cortex; neuromorphic; brain/neural structure in title; explicit brain-structure/AI bridge,
1990,A comparison of neurotrophic effects of epidermal growth factor and basic fibroblast growth factor in primary cultured neurons from various regions of fetal rat brain.,"Kazuho Abe, M. Takayanagi, Hiroshi Saito",Japanese Journal of Pharmacology,1990,39,"Cellular, Synaptic, and Neuromorphic Foundations",brain-structure,10.1254/JJP.54.45,06314cb10a8d5f1155973476d67631230ae661d0,https://doi.org/10.1254/JJP.54.45,JournalArticle; Study,unknown,22,brain; cerebral; cortex; hippocampus; thalamus; cerebellum; neuromorphic; brain/neural structure in title; explicit brain-structure/AI bridge,Effects of recombinant human epidermal growth factor (hEGF) on survival of primary cultured neurons from various regions of fetal rat brain were compared with those of recombinant human basic fibroblast growth factor (hbFGF).
1990,Anatomic localization of cerebral cortical function by magnetoencephalography combined with MR imaging and CT.,"W. Orrison, L. Davis, G. Sullivan, F. Mettler, E. Flynn",AJNR. American journal of neuroradiology,1990-07-01,39,"Electrophysiology, Neural Signals, and AI Decoding",brain-structure;connectome;neural-signals,,6244f44c4390b53adc9723a8355d3f59ab81fa7d,https://www.semanticscholar.org/paper/6244f44c4390b53adc9723a8355d3f59ab81fa7d,JournalArticle,unknown,7,brain; cerebral; cortical; historical computation/learning bridge,
1990,Asymmetric distribution of brain monoamines in left- and right-handed mice.,"P. Barnéoud, M. Moal, P. Neveu",Brain Research,1990-06-18,39,General Brain-AI Structure Reviews and Methods,brain-structure,10.1016/0006-8993(90)91721-R,4ad66b05c7e7c1920642c629131a1af6db6dfdd9,https://doi.org/10.1016/0006-8993(90)91721-R,JournalArticle; Study,unknown,4,brain; brain/neural structure in title,
1990,Convulsants induce interleukin-1 beta messenger RNA in rat brain.,"M. Minami, Y. Kuraishi, T. Yamaguchi, S. Nakai, Y. Hirai, M. Satoh",Biochemical and Biophysical Research Communications - BBRC,1990,39,General Brain-AI Structure Reviews and Methods,brain-structure,,72db7e256a29b09f1ce289479b41a4a30daef59c,https://www.semanticscholar.org/paper/72db7e256a29b09f1ce289479b41a4a30daef59c,JournalArticle,unknown,4,brain; brain/neural structure in title,
1990,Depolarization-dependent 45Ca uptake by synaptosomes of rat cerebral cortex is enhanced by L-triiodothyronine.,"George A. Mason, Cheryl H. Walker, Arthur J. Prange",Neuropsychopharmacology,1990-08-01,39,General Brain-AI Structure Reviews and Methods,brain-structure,,27bbcb9eaa626d1fb5af46a07697c6d97694af0d,https://www.semanticscholar.org/paper/27bbcb9eaa626d1fb5af46a07697c6d97694af0d,JournalArticle,unknown,6,brain; cerebral; cortex; brain/neural structure in title,
1990,Influence of amphetamine treatment on somatosensory function of the normal and infarcted rat brain.,"W. Dietrich, O. Alonso, R. Busto, B. Watson, Y. Loor, M. Ginsberg",Stroke,1990,39,Clinical NeuroAI and Brain Disorders,brain-structure;clinical-neuroai,,d7ebc97e32e026da4a9cd1d8994548f14f8933a4,https://www.semanticscholar.org/paper/d7ebc97e32e026da4a9cd1d8994548f14f8933a4,JournalArticle,unknown,4,brain; brain/neural structure in title,
1990,"Microdialysis studies on cortical noradrenaline release: basic characteristics, significance of extracellular calcium and massive post-mortem increase.","M. Veldhuizen, M. Feenstra, G. Boer, B. Westerink",Neuroscience Letters,1990-11-13,39,"Cellular, Synaptic, and Neuromorphic Foundations",brain-structure,10.1016/0304-3940(90)90841-V,4ab0c2316e2ff07c7ebff7dd38fc4629f15df8e3,https://doi.org/10.1016/0304-3940(90)90841-V,JournalArticle,unknown,13,cortical; neuromorphic; explicit brain-structure/AI bridge,
1990,"Neurotransmitter and Depolarization-Stimulated Accumulation of Inositol 1,3,4,5-Tetrakisphosphate Mass in Rat Cerebral Cortex Slices","R. Challiss, S. Nahorski",Journal of Neurochemistry,1990-06-01,39,General Brain-AI Structure Reviews and Methods,brain-structure,10.1111/j.1471-4159.1990.tb04920.x,42aaf31b8a4ff7b5b25e03b1b34e2ed3dadda94f,https://doi.org/10.1111/j.1471-4159.1990.tb04920.x,JournalArticle,unknown,6,brain; cerebral; cortex; brain/neural structure in title,
1990,Access of luteinizing hormone-releasing hormone neurons to the vasculature in the rat.,J. Witkin,Neuroscience,1990,38,"Cellular, Synaptic, and Neuromorphic Foundations",brain-structure,10.1016/0306-4522(90)90417-3,d3f54279f0364864777127491af6ea5f457a3fd6,https://doi.org/10.1016/0306-4522(90)90417-3,JournalArticle,unknown,14,brain; neuron; neuromorphic; explicit brain-structure/AI bridge,Luteinizing hormone-releasing hormone is secreted into the hypophysial portal vasculature through which it controls the release of the gonadotropins.
1990,Artificially imposed electrical potentials drive L-glutamate uptake into synaptic vesicles of bovine cerebral cortex.,"Junichi Shioi, Tetsufumi Ueda",Biochemical Journal,1990-04-01,38,"Cellular, Synaptic, and Neuromorphic Foundations",brain-structure,10.1042/BJ2670063,f64e1f460e1f643cd80959a280112ba8c980b4ec,https://doi.org/10.1042/BJ2670063,JournalArticle,unknown,17,cerebral; cortex; neuromorphic; brain/neural structure in title; explicit brain-structure/AI bridge,
1990,Connectionist modeling and brain function : the developing interface,"S. Hanson, C. Olson",Unknown venue,1990,38,Computational Neuroscience and Brain-Inspired AI,brain-structure;brain-inspired-ai,,c47d2b3f91f286034d809cf6729a773f8605fc4e,https://www.semanticscholar.org/paper/c47d2b3f91f286034d809cf6729a773f8605fc4e,Review,unknown,20,brain; computational neuroscience; brain-inspired; brain/neural structure in title; explicit brain-structure/AI bridge,
1990,"D-CPP-ene (SDZ EAA 494), a potent and competitive N-methyl-D-aspartate (NMDA) antagonist: effect on spontaneous activity and NMDA-induced depolarizations in the rat neocortical slice preparation, compared with other CPP derivatives and MK-801.","D. Lowe, H. Neijt, B. Aebischer",Neuroscience Letters,1990-06-08,38,General Brain-AI Structure Reviews and Methods,brain-structure;neuroimaging,10.1016/0304-3940(90)90604-8,dc9719db8d1f157a97b2d37612be227b0d201bd6,https://doi.org/10.1016/0304-3940(90)90604-8,JournalArticle,unknown,2,brain; cortical,
1990,Effects of acetylcholine on single cortical somatosensory neurons in the unanesthetized rat.,"M. Bassant, J. Baleyte, Yvon Lamour",Neuroscience,1990,38,"Cellular, Synaptic, and Neuromorphic Foundations",brain-structure,10.1016/0306-4522(90)90232-S,cc6b5db92a5beaa31a6972abf87ae06ec3403ffb,https://doi.org/10.1016/0306-4522(90)90232-S,JournalArticle,unknown,14,cortical; neuron; neuromorphic; explicit brain-structure/AI bridge,
1990,Localization of aldolase C mRNA in brain cells,"T. Popovici, Yoheved Berwald-Netter, M. Vibert, Axel Kahn, H. Skala",FEBS Letters,1990-07-30,38,"Cellular, Synaptic, and Neuromorphic Foundations",brain-structure,10.1016/0014-5793(90)81005-9,8052ef6e27e865aa937c027fffeeb2faa19043df,https://doi.org/10.1016/0014-5793(90)81005-9,JournalArticle,unknown,16,brain; neuromorphic; brain/neural structure in title; explicit brain-structure/AI bridge,
1990,Morphometrical and microdensitometrical studies on peptide- and tyrosine hydroxylase-like immunoreactivities in the forebrain of rats prenatally exposed to methylazoxymethanol acetate.,"M. Zoli, E. Pich, M. Cimino, G. Lombardelli, G. Peruzzi, K. Fuxe, et al.",Brain research. Developmental brain research,1990,38,General Brain-AI Structure Reviews and Methods,brain-structure,10.1016/0165-3806(90)90257-Y,7af3f20c478a7f2919f79e116dbc40a454eb1efc,https://doi.org/10.1016/0165-3806(90)90257-Y,JournalArticle,unknown,4,brain; brain/neural structure in title,
1990,"Quantitative brain autoradiography of [9, 10-3H]palmitic acid incorporation into brain lipids","J. G. Noronha, J. Bell, S. Rapoport",Journal of Neuroscience Research,1990-06-01,38,"Connectomics, Graph Models, and Brain Networks",brain-structure;connectome,10.1002/jnr.490260209,843a82ba69f540c592c5b081a4a2e4bffd00eb99,https://doi.org/10.1002/jnr.490260209,JournalArticle,unknown,8,brain; brain/neural structure in title; historical computation/learning bridge,
1990,(S)-emopamil protects against global ischemic brain injury in rats.,"B. Lin, W. Dietrich, R. Busto, M. Ginsberg",Stroke,1990-12-01,37,Clinical NeuroAI and Brain Disorders,brain-structure;clinical-neuroai,10.1161/01.STR.21.12.1734,aaec79dc91237f204707ab944c0cdf2c78a29b39,https://doi.org/10.1161/01.STR.21.12.1734,JournalArticle,unknown,4,brain; brain/neural structure in title,
1990,An antibody to neural cell adhesion molecule impairs motor nerve terminal sprouting in a mouse muscle locally paralysed with botulinum toxin.,"C. Booth, S. Kemplay, M. C. Brown",Neuroscience,1990,37,"Cellular, Synaptic, and Neuromorphic Foundations",brain-structure,10.1016/0306-4522(90)90123-L,8906d1aedfb92a776bbc263a80f47fdde007e5ef,https://doi.org/10.1016/0306-4522(90)90123-L,JournalArticle,unknown,16,neural; neuromorphic; brain/neural structure in title; explicit brain-structure/AI bridge,
1990,"Brain water content, brain blood volume, blood chemistry, and pathology in a model of cerebral edema.","James E. Olson, Lynn Mishler, R. Dimlich",Annals of Emergency Medicine,1990-10-01,37,Computational Neuroscience and Brain-Inspired AI,brain-structure;brain-inspired-ai,10.1016/S0196-0644(05)81514-8,ff756dfe3e4bfe95402d87f46085e0868ecc80a3,https://doi.org/10.1016/S0196-0644(05)81514-8,JournalArticle,unknown,21,brain; cerebral; computational neuroscience; brain-inspired; brain/neural structure in title; explicit brain-structure/AI bridge,
1990,"Decreased efficacy of inositol 1,4,5-trisphosphate to elicit calcium mobilization from cerebrocortical microsomes of aged rats.","D. Burnett, L. C. Daniell, N. Zahniser",Molecular Pharmacology,1990-04-01,37,"Cellular, Synaptic, and Neuromorphic Foundations",brain-structure,10.1016/s0026-895x(25)10843-2,73b954a784b1c1d60aade6fe5f8d1efab04d6b9d,https://doi.org/10.1016/s0026-895x(25)10843-2,JournalArticle,unknown,20,brain; cerebral; cortex; cortical; hippocampus; thalamus; neuromorphic; explicit brain-structure/AI bridge,"The effects of aging on the ability of brain microsomes to sequester calcium in response to ATP stimulation and to release calcium in response to inositol 1,4,5-trisphosphate (IP3) stimulation were examined."
1990,Differential effects of DSP-4 on noradrenaline axons in cerebral cortex and hypothalamus may reflect heterogeneity of noradrenaline uptake sites.,"R. Zaczek, J. Fritschy, S. Culp, E. Souza, R. Grzanna",Brain Research,1990-07-09,37,General Brain-AI Structure Reviews and Methods,brain-structure;neuroimaging,10.1016/0006-8993(90)91474-U,a4dafe66d47e68f48da1c49e7f4da883e9b6ebe1,https://doi.org/10.1016/0006-8993(90)91474-U,JournalArticle; Study,unknown,9,brain; cerebral; cortex; cortical; thalamus; hypothalamus; brain/neural structure in title,The effect of the noradrenergic neurotoxin DSP-4 on high affinity transport of noradrenaline (NAT) was studied using rat brain synaptosomes.
1990,"Heterogeneity of alpha 2-adrenoceptors in rat cortex but not human platelets can be defined by 8-OH-DPAT, RU 24969 and methysergide.","C. Brown, A. MacKinnon, J. C. McGrath, M. Spedding, A. T. Kilpatrick",British Journal of Pharmacology,1990,37,General Brain-AI Structure Reviews and Methods,brain-structure,,1bc517bd742c99c5108fe0358c1397280b30c552,https://www.semanticscholar.org/paper/1bc517bd742c99c5108fe0358c1397280b30c552,JournalArticle,unknown,5,brain; cortex; brain/neural structure in title,
1990,High-frequency stimulation of the facial nerve results in local cortical release of vasoactive intestinal polypeptide in the anesthetised cat.,"P. J. Goadsby, S. Shelley",Neuroscience Letters,1990-05-04,37,General Brain-AI Structure Reviews and Methods,brain-structure,10.1016/0304-3940(90)90217-W,449c88897fafb57fb74ba932fb0a0e909a6b5f69,https://doi.org/10.1016/0304-3940(90)90217-W,JournalArticle,unknown,2,brain; cortical,
1990,In Vivo Measurement of Extracellular Cyclic AMP in the Brain: Use in Studies of β-Adrenoceptor Function in Nonanesthetized Rats,"E. Stone, Safy M. John",Journal of Neurochemistry,1990-12-01,37,"Cellular, Synaptic, and Neuromorphic Foundations",brain-structure,10.1111/j.1471-4159.1990.tb05780.x,116447dbf88e51ea0396169eb5b8ee240ddc1864,https://doi.org/10.1111/j.1471-4159.1990.tb05780.x,JournalArticle,unknown,16,brain; neuromorphic; brain/neural structure in title; explicit brain-structure/AI bridge,
1990,Insulin-like growth factor I (IGF-I) distribution in the tissue and extracellular compartment in different regions of rat brain.,"F. Yamaguchi, T. Itano, M. Mizobuchi, O. Miyamoto, Najma A. Jangua, H. Matsui, et al.",Brain Research,1990-11-19,37,"Cellular, Synaptic, and Neuromorphic Foundations",brain-structure,10.1016/0006-8993(90)91361-J,91e6e3302628c739d2ccd814e3866faf8b1e19b4,https://doi.org/10.1016/0006-8993(90)91361-J,JournalArticle; Study,unknown,16,brain; neuromorphic; brain/neural structure in title; explicit brain-structure/AI bridge,
1990,Morphological changes in acute cerebral ischemia after occlusion and reperfusion in the rat.,"Y. Nakagawa, N. Fujimoto, K. Matsumoto, J. Cervós-Navarro",Advances in neurology,1990,37,General Brain-AI Structure Reviews and Methods,brain-structure,,5be34f3f6e155f95c449dec3d1723db50665ca3e,https://www.semanticscholar.org/paper/5be34f3f6e155f95c449dec3d1723db50665ca3e,JournalArticle; Study,unknown,2,brain; cerebral,
1990,Novel Glutamate Receptor Antagonists Selectively Protect Against Kainic Acid Neurotoxicity in Cultured Cerebral Cortex Neurons,"A. Frandsen, P. Krogsgaard-Larsen, A. Schousboe",Journal of Neurochemistry,1990-11-01,37,"Cellular, Synaptic, and Neuromorphic Foundations",brain-structure,10.1111/j.1471-4159.1990.tb04976.x,243fe1aa455f03a9a2fa16cbe167319d42c3b1be,https://doi.org/10.1111/j.1471-4159.1990.tb04976.x,JournalArticle,unknown,18,cerebral; cortex; neuron; neuromorphic; brain/neural structure in title; explicit brain-structure/AI bridge,
1990,Asymmetrical distribution of beta-endorphin in cerebral hemispheres of suicides: preliminary data.,"S. Scarone, O. Gambini, G. Calabrese, P. Sacerdote, M. Bruni, M. Carucci, et al.",Psychiatry Research,1990-05-01,36,General Brain-AI Structure Reviews and Methods,brain-structure,10.1016/0165-1781(90)90082-G,8512965ad108213c1da8d7143b9e9a9579086ac6,https://doi.org/10.1016/0165-1781(90)90082-G,JournalArticle,unknown,2,brain; cerebral,
1990,Effect of the richness of the environment on neurons in cat visual cortex. II. Spatial and temporal frequency characteristics.,"C. Beaulieu, M. Cynader",Brain research. Developmental brain research,1990-04-01,36,"Cellular, Synaptic, and Neuromorphic Foundations",brain-structure,10.1016/0165-3806(90)90126-J,c527b553db14ccab5cc66bf14de3e4c18a3b38c5,https://doi.org/10.1016/0165-3806(90)90126-J,JournalArticle,unknown,17,cortex; neuron; neuromorphic; brain/neural structure in title; explicit brain-structure/AI bridge,
1990,Effects of anterior corpus callosum section on cortical glucose utilization in baboons. A sequential positron emission tomography study.,"T. Yamaguchi, Masayuki Kunimoto, Sabina Pappatà, Chantal Chavoix, Danielle Riche, L. Chevalier, et al.",Brain : a journal of neurology,1990-08-01,36,"Connectomics, Graph Models, and Brain Networks",brain-structure;connectome,10.1093/BRAIN/113.4.937,1ef297f89cbcf403099eeac2941af245ebfb20e0,https://doi.org/10.1093/BRAIN/113.4.937,JournalArticle,unknown,6,brain; cortical; historical computation/learning bridge,
1990,In vitro screening for anticonvulsant-induced teratogenesis in neural primary cultures and cell lines,"C. Regan, A. Gorman, O. M. Larsson, C. Maguire, M. L. Martin, A. Schousboe, et al.",International Journal of Developmental Neuroscience,1990,36,"Cellular, Synaptic, and Neuromorphic Foundations",brain-structure,10.1016/0736-5748(90)90004-L,8605933554efc3f365b0ea413c8d3d7388407c60,https://doi.org/10.1016/0736-5748(90)90004-L,JournalArticle,unknown,16,neural; neuromorphic; brain/neural structure in title; explicit brain-structure/AI bridge,
1990,Modulation of Histamine Release in the Rat Brain by K-Opioid Receptors,"C. Gulat-Marnay, A. Lafitte, J. Arrang, J. Schwartz",Journal of Neurochemistry,1990-07-01,36,General Brain-AI Structure Reviews and Methods,brain-structure,10.1111/j.1471-4159.1990.tb08819.x,21951f299d4dfbd4ebd662d5ec4b8fc33f1ae908,https://doi.org/10.1111/j.1471-4159.1990.tb08819.x,JournalArticle,unknown,4,brain; brain/neural structure in title,
1990,Stimulation of the nucleus basalis of Meynert does not influence glucose utilization of the cerebral cortex in anesthetized rats.,"A. Kimura, A. Sato, Y. Takano",Neuroscience Letters,1990-10-30,36,General Brain-AI Structure Reviews and Methods,brain-structure,10.1016/0304-3940(90)90766-3,911906d4ef4d005066cf9c2793b2cb1b83d00cb8,https://doi.org/10.1016/0304-3940(90)90766-3,JournalArticle,unknown,6,brain; cerebral; cortex; brain/neural structure in title,
1990,Anterior Frontal Cortex and the Effect of Proactive Interference in Paired Associate Learning: A DC Potential Study,"F. Uhl, P. Franzen, W. Serles, W. Lang, G. Lindinger, Lüder Deecke",Journal of Cognitive Neuroscience,1990-10-01,35,"Cognitive Architectures, Learning, and Systems Neuroscience",brain-structure,10.1162/jocn.1990.2.4.373,72faba36853d5ee6c23f8f5d087ca07670df4600,https://doi.org/10.1162/jocn.1990.2.4.373,JournalArticle,unknown,16,cortex; cognitive architecture; brain/neural structure in title; explicit brain-structure/AI bridge,
1990,Cerebral capillary bed structure of normotensive and chronically hypertensive rats.,"S. Z. Lin, N. Sposito, S. Pettersen, L. Rybacki, E. McKenna, K. Pettigrew, et al.",Microvascular Research,1990-11-01,35,General Brain-AI Structure Reviews and Methods,brain-structure,10.1016/0026-2862(90)90032-M,8755beaff0596fc7a0b5b11bcbf185419907b18d,https://doi.org/10.1016/0026-2862(90)90032-M,JournalArticle,unknown,2,brain; cerebral,
1990,Developmental neurotoxicity of ethanol: in vitro inhibition of muscarinic receptor-stimulated phosphoinositide metabolism in brain from neonatal but not adult rats.,"W. Balduini, L. Costa",Brain Research,1990-04-02,35,General Brain-AI Structure Reviews and Methods,brain-structure,10.1016/0006-8993(90)90633-M,3a340defa0627189eb2bff4e90bffb15d1f0e8aa,https://doi.org/10.1016/0006-8993(90)90633-M,JournalArticle,unknown,4,brain; brain/neural structure in title,
1990,Primary cultures of astrocytes from different brain areas of newborn rats and effects of basic fibroblast growth factor.,"F. Perraud, G. Labourdette, F. Eclancher, M. Sensenbrenner",Developmental Neuroscience,1990,35,General Brain-AI Structure Reviews and Methods,brain-structure,10.1159/000111831,c7b94f6f8dc80af4b2e49d72723577315c24e805,https://doi.org/10.1159/000111831,JournalArticle,unknown,4,brain; brain/neural structure in title,
1990,Regional ischemia in cerebral venous hypertension due to embolic occlusion of the superior sagittal sinus in the rat.,"Yasutaka Kurokawa, Kazuo Hashi, T. Okuyama, Teiji Uede",Surgical Neurology,1990-12-01,35,General Brain-AI Structure Reviews and Methods,brain-structure,10.1016/0090-3019(90)90242-H,7fac9b57c0d4a7ed9917fd52db28cc57d9bfae57,https://doi.org/10.1016/0090-3019(90)90242-H,JournalArticle,unknown,2,brain; cerebral,
1990,Spontaneous DNA breaks in the rat brain during development and aging.,"Erik Mullaart, M. Boerrigter, G. J. Boer, Jan Vijg",Mutation research,1990,35,General Brain-AI Structure Reviews and Methods,brain-structure,10.1016/0921-8734(90)90027-O,53d450ce7cf2942369ffe549b81b37963a1e5131,https://doi.org/10.1016/0921-8734(90)90027-O,JournalArticle,unknown,4,brain; brain/neural structure in title,
1990,Brain Superoxide Anion Generation during Asphyxia and Reventilation in Newborn Pigs,"M. Pourcyrous, C. Leffler, R. Mirro, D. Busija",Pediatric Research,1990-12-01,34,General Brain-AI Structure Reviews and Methods,brain-structure,10.1203/00006450-199012000-00015,42c1dd0a6498054be0c621a72bcca1cfc3229150,https://doi.org/10.1203/00006450-199012000-00015,JournalArticle,unknown,4,brain; brain/neural structure in title,
1990,Duration-dependent effects of repeated restraint stress on cortical projections of locus coeruleus neurons.,"T. Sakaguchi, S. Nakamura",Neuroscience Letters,1990-10-16,34,"Cellular, Synaptic, and Neuromorphic Foundations",brain-structure,10.1016/0304-3940(90)90624-I,46543d99ebdc5bc618508a67cba53cece21fd63d,https://doi.org/10.1016/0304-3940(90)90624-I,JournalArticle,unknown,14,cortical; neuron; neuromorphic; explicit brain-structure/AI bridge,
1990,Effect of Dipyridamole on Cerebral Extracellular Adenosine Level in vivo,"T. Park, J. Gidday",Journal of Cerebral Blood Flow and Metabolism,1990-05-01,34,"Cellular, Synaptic, and Neuromorphic Foundations",brain-structure,10.1038/jcbfm.1990.73,725d90758d2b483690a88c497e940cdd0c2bd3b4,https://doi.org/10.1038/jcbfm.1990.73,JournalArticle,unknown,13,cerebral; neuromorphic; explicit brain-structure/AI bridge,
1990,"Establishment of permanent astroglial cell lines, able to differentiate in vitro, from transgenic mice carrying the polyoma virus large T gene: An alternative approach to brain cell immortalization","E. Galiana, I. Borde, P. Marin, M. Rassoulzadegan, F. Cuzin, F. Gros, et al.",Journal of Neuroscience Research,1990-08-01,34,"Cellular, Synaptic, and Neuromorphic Foundations",brain-structure,10.1002/JNR.490260302,2fce8b5c0d4f49517c525bffc6d2e73ee278beb0,https://doi.org/10.1002/JNR.490260302,JournalArticle,unknown,16,brain; neuromorphic; brain/neural structure in title; explicit brain-structure/AI bridge,
1990,Function of the corpus callosum in the representation of the visual field in cat visual cortex,B. Payne,Visual Neuroscience,1990-08-01,34,"Brain Decoding, Representation Learning, and BCI",brain-structure;decoding,10.1017/S0952523800000225,d44d2289cc435ffd0d67ccd5a7f09e57207198be,https://doi.org/10.1017/S0952523800000225,JournalArticle,unknown,25,brain; cortex; decoding; representation learning; bci; brain/neural structure in title; explicit brain-structure/AI bridge,
1990,Pathogenesis and Significance of Abnorma Nonepileptiform Rhythms in the EEG,N. Schaul,Journal of clinical neurophysiology,1990-04-01,34,"Electrophysiology, Neural Signals, and AI Decoding",neural-signals;clinical-neuroai,10.1097/00004691-199004000-00006,8e9055b9f06e27dd8fad9960261ab8128446c92b,https://doi.org/10.1097/00004691-199004000-00006,Review; JournalArticle,unknown,2,brain; eeg,
1990,The anti-aggressive drug eltoprazine preferentially binds to 5-HT1A and 5-HT1B receptor subtypes in rat brain: sensitivity to guanine nucleotides.,"H. Sijbesma, J. Schipper, E. de Kloet",European Journal of Pharmacology,1990-10-09,34,General Brain-AI Structure Reviews and Methods,brain-structure,10.1016/0014-2999(90)90008-T,025d5eaff6dcda793149201648586f375b804a90,https://doi.org/10.1016/0014-2999(90)90008-T,JournalArticle,unknown,4,brain; brain/neural structure in title,
1990,Calcium Antagonists for Reduction of Brain Damage in Stroke,"A. Sauter, M. Rudin",Journal of Cardiovascular Pharmacology,1990,33,Clinical NeuroAI and Brain Disorders,brain-structure;clinical-neuroai,10.1097/00005344-199000151-00009,237d6abf8515ceeb3ce27d4744b206f19bd535ac,https://doi.org/10.1097/00005344-199000151-00009,JournalArticle,unknown,4,brain; brain/neural structure in title,
1990,Cerebral hemodynamics during cortical spreading depression in rabbits.,"M. Shibata, C. Leffler, D. Busija",Brain Research,1990-10-22,33,General Brain-AI Structure Reviews and Methods,brain-structure,10.1016/0006-8993(90)91294-Q,f82d7697e83b9c75130424078965462a2dcece4c,https://doi.org/10.1016/0006-8993(90)91294-Q,JournalArticle,unknown,3,brain; cerebral; cortical,
1990,"Developmental and Regional Studies of the Metabolism of Inositol 1,4,5-Trisphosphate in Rat Brain","A. M. Heacock, E. Seguin, B. Agranoff",Journal of Neurochemistry,1990-04-01,33,General Brain-AI Structure Reviews and Methods,brain-structure,10.1111/j.1471-4159.1990.tb01976.x,b5074b82df0d5d659604bc8ce827ace1c4d8ba31,https://doi.org/10.1111/j.1471-4159.1990.tb01976.x,JournalArticle,unknown,4,brain; brain/neural structure in title,
1990,Distinct Muscarinic Receptor Subtypes Differentially Modulate Acetylcholine Release from Corticocerebral Synaptosomes,"Z. Pittel, E. Heldman, R. Rubinstein, Sasson Cohen",Journal of Neurochemistry,1990-08-01,33,General Brain-AI Structure Reviews and Methods,brain-structure,10.1111/j.1471-4159.1990.tb04185.x,dda9d2cba0af1f99550269a80d49d700ce57411b,https://doi.org/10.1111/j.1471-4159.1990.tb04185.x,JournalArticle,unknown,2,brain; cerebral,
1990,EEG and CT findings in poststroke epilepsy,"D. Ryglewicz, M. Barańska-Gieruszczak, K. Niedzielska, T. Kryst-Widźgowska",Acta Neurologica Scandinavica,1990-06-01,33,Clinical NeuroAI and Brain Disorders,brain-structure;neural-signals;clinical-neuroai,10.1111/j.1600-0404.1990.tb01005.x,834a283ef7609edd92dd8956646af2614c677acc,https://doi.org/10.1111/j.1600-0404.1990.tb01005.x,JournalArticle,unknown,5,brain; cerebral; cortex; cortical; eeg,"The present study was undertaken to assess the diagnostic value of CT in patients with poststroke epilepsy, related to EEG in revealing the factors contributing to the development of epileptic fits."
1990,Mannitol therapy in perinatal hypoxic-ischemic brain damage in rats.,"D. Mujsce, J. Towfighi, Diane R. Stern, R. Vannucci",Stroke,1990-08-01,33,Clinical NeuroAI and Brain Disorders,brain-structure;clinical-neuroai,10.1161/01.STR.21.8.1210,f37810269f5e5310f436775758ee9b400cb123e8,https://doi.org/10.1161/01.STR.21.8.1210,JournalArticle,unknown,4,brain; brain/neural structure in title,
1990,Neurotensin Regulation of Endogenous Acetylcholine Release from Rat Cerebral Cortex: Effect of Quinolinic Acid Lesions of the Basal Forebrain,"P. Lapchak, Dalia M. Araujo, R. Quirion, Alain Beaudet",Journal of Neurochemistry,1990-10-01,33,General Brain-AI Structure Reviews and Methods,brain-structure,10.1111/j.1471-4159.1990.tb03152.x,78ac0c554f935ef0a80b42f721cb61e832e4ae47,https://doi.org/10.1111/j.1471-4159.1990.tb03152.x,JournalArticle,unknown,6,brain; cerebral; cortex; brain/neural structure in title,
1990,Peripheral administration of a long-chain fatty alcohol promotes septal cholinergic neurons survival after fimbria-fornix transection.,"J. Borg, Patrick J. Kesslak, C. Cotman",Brain Research,1990-06-04,33,"Cellular, Synaptic, and Neuromorphic Foundations",brain-structure,10.1016/0006-8993(90)90985-K,d69226fc44c34a011bc7f9f93c12999b3c2bd871,https://doi.org/10.1016/0006-8993(90)90985-K,JournalArticle,unknown,13,neuron; neuromorphic; explicit brain-structure/AI bridge,
1990,Principles underlying the representation and storage of information in neuronal networks in the primate hippocampus and cerebral cortex,E. Rolls,Unknown venue,1990-01-03,33,"Connectomics, Graph Models, and Brain Networks",brain-structure;connectome;decoding,,fa5a27e7b196822374cab8f957fd3af81d4992f8,https://www.semanticscholar.org/paper/fa5a27e7b196822374cab8f957fd3af81d4992f8,paper,unknown,12,brain; cerebral; cortex; hippocampus; neuron; brain/neural structure in title; historical computation/learning bridge,
1990,"The Hippocampus: A Site for Modulatory Interactions Between Steroid Hormones, Neurotransmitters and Neuropeptides","B. McEwen, R. Brinton, H. Chao, H. Coirini, M. Gannon, E. Gould, et al.",Unknown venue,1990,33,General Brain-AI Structure Reviews and Methods,brain-structure,10.1007/978-1-4612-3446-3_4,a200100a1446473f5c136d4d4fd2ddf1c6656e7a,https://doi.org/10.1007/978-1-4612-3446-3_4,paper,unknown,2,brain; hippocampus,
1990,"Adaptation of brain 5HT2 receptors after mianserin treatment: receptor sensitivity, not receptor binding, more accurately correlates with behavior.","Randy L. Smith, Robert J. Barrett, E. sanders-Bush",Journal of Pharmacology and Experimental Therapeutics,1990-08-01,32,"Cognitive Architectures, Learning, and Systems Neuroscience",brain-structure,10.1016/s0022-3565(25)12714-6,3c4b364b51e735905932891ba58c4ac023488f93,https://doi.org/10.1016/s0022-3565(25)12714-6,JournalArticle,unknown,18,brain; cerebral; cortex; cognitive architecture; brain/neural structure in title; explicit brain-structure/AI bridge,"This study investigates the possibility that mianserin, a serotonin-2 (5HT2) receptor antagonist, produces a prolonged antagonism of quipazine discrimination, consistent with its prolonged biochemical effects."
1990,Cerebral amyloid angiopathy as a cause of subarachnoid hemorrhage.,"T. Ohshima, T. Endo, H. Nukui, Shu-ichi Ikeda, David Allsop, T. Onaya",Stroke,1990-03-01,32,Clinical NeuroAI and Brain Disorders,brain-structure;clinical-neuroai,10.1161/01.STR.21.3.480,8f63955e4759d452ba630483dec4922708c10bd1,https://doi.org/10.1161/01.STR.21.3.480,JournalArticle; CaseReport,unknown,2,brain; cerebral,
1990,Cerebral Ischemia and Calcium,"A. Hartmann, W. Kuschinsky",Springer Berlin Heidelberg,1990-10-01,32,General Brain-AI Structure Reviews and Methods,brain-structure,10.1007/978-3-642-85863-5,740097aa86304f11a696166dc295ef080b8fdde3,https://doi.org/10.1007/978-3-642-85863-5,Review,unknown,2,brain; cerebral,
1990,Cerebral palsy: initial experience with Tc-99m HMPAO SPECT of the brain.,"R. Denays, M. Tondeur, V. Toppet, H. Ham, A. Piepsz, M. Spehl, et al.",Radiology,1990-04-01,32,General Brain-AI Structure Reviews and Methods,brain-structure,10.1148/RADIOLOGY.175.1.2315468,6ce2f456582207afd647b3b34fee4ff902738791,https://doi.org/10.1148/RADIOLOGY.175.1.2315468,JournalArticle,unknown,5,brain; cerebral; brain/neural structure in title,
1990,Effect of 8-hydroxy-2-(di-n-propylamino)-tetralin on the tryptophan-induced increase in 5-hydroxytryptophan accumulation in rat brain.,"M. Fernstrom, Mehran S. Massoudi, J. Fernstrom",Life Science,1990,32,General Brain-AI Structure Reviews and Methods,brain-structure,10.1016/0024-3205(90)90585-F,f671a3269177b1900ce811a07a3654e5df153218,https://doi.org/10.1016/0024-3205(90)90585-F,JournalArticle,unknown,4,brain; brain/neural structure in title,
1990,Effects of beta-endorphin on DNA synthesis in brain regions of preweanling rats.,"B. A. Lorber, S. Freitag, J. Bartolome",Brain Research,1990-10-29,32,General Brain-AI Structure Reviews and Methods,brain-structure,10.1016/0006-8993(90)90795-D,2b9eaa1182a2493c5d0998627893b3e32135f8e1,https://doi.org/10.1016/0006-8993(90)90795-D,JournalArticle; Study,unknown,4,brain; brain/neural structure in title,
1990,Phenobarbital protects cerebral cortex neurones against toxicity induced by kainate but not by other excitatory amino acids.,"A. Frandsen, B. Quistorff, A. Schousboe",Neuroscience Letters,1990-03-26,32,"Cellular, Synaptic, and Neuromorphic Foundations",brain-structure,10.1016/0304-3940(90)90374-I,537f52efd60a1b9d89737403d8f151bff3e3debb,https://doi.org/10.1016/0304-3940(90)90374-I,JournalArticle,unknown,18,cerebral; cortex; neuron; neuromorphic; brain/neural structure in title; explicit brain-structure/AI bridge,
1990,"Presence and induction of Fos B-like immunoreactivity in neural, but not non-neural, cells in adult rat brain.",M. Dragunow,Brain Research,1990-11-19,32,"Cellular, Synaptic, and Neuromorphic Foundations",brain-structure,10.1016/0006-8993(90)91357-M,db6f96c32ad850a53be74affbf8aab2e18ec41ac,https://doi.org/10.1016/0006-8993(90)91357-M,JournalArticle; Study,unknown,17,brain; neural; neuromorphic; brain/neural structure in title; explicit brain-structure/AI bridge,
1990,Changes in brainstem and cortical auditory potentials during Qi-Gong meditation.,"Guolong Liu, R. Cui, Guo-zhang Li, Chi-ming Huang",The American Journal of Chinese Medicine,1990,31,General Brain-AI Structure Reviews and Methods,brain-structure,10.1142/S0192415X90000137,b7a5c7543a71161de561cf70edbc1c9d2b39f047,https://doi.org/10.1142/S0192415X90000137,JournalArticle,unknown,6,brain; cortical; brainstem; brain/neural structure in title,
1990,Development and plasticity of the primate cerebral cortex.,"M. Schwartz, P. Goldman-Rakic",Clinics of Perinatology,1990-03-01,31,"Cellular, Synaptic, and Neuromorphic Foundations",brain-structure;connectome,10.1016/S0095-5108(18)30591-8,6119ce616a2c47a298c9a144218f08ad290871ea,https://doi.org/10.1016/S0095-5108(18)30591-8,JournalArticle,unknown,21,brain; cerebral; cortex; cortical; connectivity; neuron; neuromorphic; brain/neural structure in title; explicit brain-structure/AI bridge,The results of our studies of corticocortical connectivity in developing monkey association cortex contrast with those obtained in similar studies of sensory regions in other species.
1990,Handling-habituation prevents the effects of diazepam and alprazolam on brain serotonin levels in rats.,"Fernando Boix, A. F. Teruel, R. M. Escorihuela, A. Tobeña",Behavioural Brain Research,1990-01-22,31,General Brain-AI Structure Reviews and Methods,brain-structure,10.1016/0166-4328(90)90059-N,edbe9d425ed2ec3e7f40623c05263ffd623340c6,https://doi.org/10.1016/0166-4328(90)90059-N,JournalArticle,unknown,4,brain; brain/neural structure in title,
1990,Input-output relationships in the jaw and orofacial motor zones of the cat cerebral cortex.,"K. Iwata, H. Muramatsu, Y. Tsuboi, R. Sumino",Brain Research,1990-01-22,31,General Brain-AI Structure Reviews and Methods,brain-structure,10.1016/0006-8993(90)90293-K,36271740eacd23d0047124ab23e7198d47d25a25,https://doi.org/10.1016/0006-8993(90)90293-K,JournalArticle,unknown,6,brain; cerebral; cortex; brain/neural structure in title,
1990,Loss of muscarinic M1 receptors with aging in the cerebral cortex of Fisher 344 rats.,"Roy D. Schwarz, A. Bernabei, C. Spencer, T. Pugsley","Pharmacology, Biochemistry and Behavior",1990-03-01,31,"Cognitive Architectures, Learning, and Systems Neuroscience",brain-structure,10.1016/0091-3057(90)90295-S,b98c0d3d8af195cffc1191588ca8e6c6d88cc706,https://doi.org/10.1016/0091-3057(90)90295-S,JournalArticle,unknown,17,cerebral; cortex; cognitive architecture; brain/neural structure in title; explicit brain-structure/AI bridge,
1990,Ontogenetic development of calmodulin mRNA in rat brain using in situ hybridization histochemistry.,"M. Cimino, J. F. Chen, B. Weiss",Brain research. Developmental brain research,1990-06-01,31,General Brain-AI Structure Reviews and Methods,brain-structure,10.1016/0165-3806(90)90063-5,48a03b0207671caed2d29efbb1149a5b3efab968,https://doi.org/10.1016/0165-3806(90)90063-5,JournalArticle,unknown,4,brain; brain/neural structure in title,
1990,Organization of the cerebral ganglion of the colonial ascidian Polyandrocarpa misakiensis,"H. Koyama, T. Kusunoki",The Journal of comparative neurology,1990-12-15,31,General Brain-AI Structure Reviews and Methods,brain-structure,10.1002/cne.903380405,6461e2cd37e69133b0cbc197caf5b04f446077f0,https://doi.org/10.1002/cne.903380405,JournalArticle; Study,unknown,2,brain; cerebral,
1990,Pharmacological Characterization of Somatostatin Receptors in the Rat Cerebellum During Development,"B. Gonzalez, P. Leroux, C. Bodénant, P. Braquet, H. Vaudry",Journal of Neurochemistry,1990-09-01,31,General Brain-AI Structure Reviews and Methods,brain-structure,10.1111/j.1471-4159.1990.tb04552.x,3c11564e4c2923a5e22cafe3736fe6bd91ed8f60,https://doi.org/10.1111/j.1471-4159.1990.tb04552.x,JournalArticle; Study,unknown,2,brain; cerebellum,
1990,The Brain in the 18q- Syndrome,"Hannes Vogel, H. Urich, D. Horoupian, W. Wertelecki",Developmental Medicine & Child Neurology,1990-08-01,31,General Brain-AI Structure Reviews and Methods,brain-structure,10.1111/j.1469-8749.1990.tb08435.x,f7121b4703b3f47ce89e5dad5220a3ec3a697e44,https://doi.org/10.1111/j.1469-8749.1990.tb08435.x,JournalArticle; CaseReport,unknown,4,brain; brain/neural structure in title,
1990,Neurochemical and neural mechanisms of positive and negative symptoms in schizophrenia.,"D. Pickar, R. Litman, P. Konicki, O. Wolkowitz, A. Breier",Modern problems of pharmacopsychiatry,1990-07-01,30,General Brain-AI Structure Reviews and Methods,brain-structure,10.1159/000418015,5efbcdf0878c835209292d7b2278002f0ae66a83,https://doi.org/10.1159/000418015,Review; JournalArticle,unknown,5,brain; neural; brain/neural structure in title,
1990,Patterns of cell lineage in the cerebral cortex reveal evidence for developmental boundaries.,"J. Crandall, K. Herrup",Experimental Neurology,1990-07-01,30,"Cellular, Synaptic, and Neuromorphic Foundations",brain-structure,10.1016/S0014-4886(05)80014-7,bf67cc2d2e4792a61c5cb625fd9a60ca39fd9fdd,https://doi.org/10.1016/S0014-4886(05)80014-7,JournalArticle,unknown,17,cerebral; cortex; neuromorphic; brain/neural structure in title; explicit brain-structure/AI bridge,
1990,The influence of adrenalectomy on α-adrenoceptor responses in rat cerebral cortex slices,"J. P. Robinson, D. Kendall",Unknown venue,1990,30,General Brain-AI Structure Reviews and Methods,brain-structure,10.1016/0169-328X(90)90075-O,5638ee97f1d6a831a43baea36503d301c1688f94,https://doi.org/10.1016/0169-328X(90)90075-O,paper,unknown,6,brain; cerebral; cortex; brain/neural structure in title,
1990,Anatomical localization of calmodulin mRNA in the rat brain with cloned cDNA and synthetic oligonucleotide probes,"Jill M. Roberts-Lewis, M. Cimino, R. Krause, Daniel F. Tyrrell, L. G. Davis, B. Weiss, et al.",Synapse,1990,29,"Cellular, Synaptic, and Neuromorphic Foundations",brain-structure,10.1002/syn.890050311,37acd9ec1b92c7503f7dd757e01f9bd4cd86071e,https://doi.org/10.1002/syn.890050311,JournalArticle,unknown,16,brain; neuromorphic; brain/neural structure in title; explicit brain-structure/AI bridge,
1990,Antagonist properties of 1-(2-pyrimidinyl)piperazine at presynaptic alpha 2-adrenoceptors in the rat brain.,"M. Gobbi, E. Frittoli, T. Mennini",European Journal of Pharmacology,1990-05-03,29,"Cellular, Synaptic, and Neuromorphic Foundations",brain-structure,10.1016/0014-2999(90)90608-9,5c638e764791e053d304fc4d587a92441c5dadf2,https://doi.org/10.1016/0014-2999(90)90608-9,JournalArticle,unknown,16,brain; neuromorphic; brain/neural structure in title; explicit brain-structure/AI bridge,
1990,Benzodiazepine agonist and inverse agonist actions on GABAA receptor-operated chloride channels. I. Acute effects of ethanol.,"K. Buck, R. Harris",Journal of Pharmacology and Experimental Therapeutics,1990-05-01,29,General Brain-AI Structure Reviews and Methods,brain-structure,10.1016/s0022-3565(25)13036-x,cbce445d87d7683198885c30c017ec2ce1b54557,https://doi.org/10.1016/s0022-3565(25)13036-x,JournalArticle,unknown,3,brain; cerebral; cortex,"Acute exposure to ethanol was found to enhance the ability of a benzodiazepine (BZ) inverse agonist, methyl-6,7-dimethoxy-4-ethyl-beta-carboline-3-carboxylate (DMCM), to reduce muscimol-activated 36Cl- uptake by membranes isolated from mouse cerebral cortex."
