year,title,authors,venue,publicationDate,citationCount,category,keywordTags,doi,sourceId,url,workType,language,relevanceScore,relevanceReason,abstractSnippet
1972,Introduction to Statistical Pattern Recognition,K. Fukunaga,Unknown venue,1972,6870,"Cognitive Architectures, Learning, and Systems Neuroscience",neural-signals,,f1277592f221ea26fa1d2321a38b64c58b33d75b,https://www.semanticscholar.org/paper/f1277592f221ea26fa1d2321a38b64c58b33d75b,paper,unknown,3,eeg; meg; ecog,
1972,Human memory and the medial temporal region of the brain.,Philip M. Corsi,Unknown venue,1972,1567,"Cognitive Architectures, Learning, and Systems Neuroscience",brain-structure,,788530227e9013511b46fdb5d462bb1c8052d430,https://www.semanticscholar.org/paper/788530227e9013511b46fdb5d462bb1c8052d430,paper,unknown,4,brain; brain/neural structure in title,
1972,Visual properties of neurons in inferotemporal cortex of the Macaque.,"C. G. Gross, C. Rocha-Miranda, D. B. Bender",Journal of Neurophysiology,1972,1553,"Cellular, Synaptic, and Neuromorphic Foundations",brain-structure,10.1152/JN.1972.35.1.96,3c523f408efb0b32eccdbc12e9e57fb9b3b19c46,https://doi.org/10.1152/JN.1972.35.1.96,JournalArticle,unknown,5,cortex; neuron; brain/neural structure in title,
1972,Localization of the glial fibrillary acidic protein in astrocytes by immunofluorescence.,"A. Bignami, L. Eng, D. Dahl, C. Uyeda",Brain Research,1972-08-25,1468,General Brain-AI Structure Reviews and Methods,brain-structure,10.1016/0006-8993(72)90398-8,0942c9a5a8981651c66a30376b1a73de6e55e822,https://doi.org/10.1016/0006-8993(72)90398-8,JournalArticle,unknown,0,Semantic Scholar brain-AI query,
1972,Brain of the firm,"S. Beer, Ìîçã Ôèðìû, Ñòýôôîðä Áèð, Êðàòêàÿ àííîòàöèÿ",Unknown venue,1972,1190,General Brain-AI Structure Reviews and Methods,brain-structure,10.2307/1533075,e3bb8ed48f26079675f08dcab91aee2ab61798eb,https://doi.org/10.2307/1533075,paper,unknown,4,brain; brain/neural structure in title,
1972,Persistent vegetative state after brain damage. A syndrome in search of a name.,"B. Jennett, F. Plum",The Lancet,1972-04-01,1091,General Brain-AI Structure Reviews and Methods,brain-structure,10.1016/S0140-6736(72)90242-5,e17af50d2452125d5f8a2f323913574246045705,https://doi.org/10.1016/S0140-6736(72)90242-5,JournalArticle,unknown,4,brain; brain/neural structure in title,
1972,"Dopamine-sensitive adenylate cyclase in caudate nucleus of rat brain, and its similarity to the ""dopamine receptor"".","J. Kebabian, G. Petzold, P. Greengard",Proceedings of the National Academy of Sciences of the United States of America,1972-08-01,969,General Brain-AI Structure Reviews and Methods,brain-structure,10.1073/PNAS.69.8.2145,6947ff09fbe00966b4ab33959bcf38cf3253d7f3,https://doi.org/10.1073/PNAS.69.8.2145,JournalArticle,unknown,4,brain; brain/neural structure in title,
1972,Brain Serotonin Content: Physiological Regulation by Plasma Neutral Amino Acids,"J. Fernstrom, R. Wurtman",Science,1972-10-27,859,General Brain-AI Structure Reviews and Methods,brain-structure,10.1126/science.178.4059.414,1a086d3bdaadc2d12dc3904288ede96066e5e1e6,https://doi.org/10.1126/science.178.4059.414,JournalArticle,unknown,4,brain; brain/neural structure in title,
1972,Magnetoencephalography: Detection of the Brain's Electrical Activity with a Superconducting Magnetometer,D. Cohen,Science,1972-02-11,784,"Connectomics, Graph Models, and Brain Networks",brain-structure;connectome;neural-signals,10.1126/science.175.4022.664,8a530c2588a3468d9707a5640e941ceb1af793da,https://doi.org/10.1126/science.175.4022.664,JournalArticle,unknown,6,brain; eeg; meg; brain/neural structure in title,
1972,"Growth and cultivation of dissociated neurons and glial cells from embryonic chick, rat and human brain in flask cultures.","J. Booher, M. Sensenbrenner",Neurobiology,1972,779,"Cellular, Synaptic, and Neuromorphic Foundations",brain-structure,,c3429ddb88a37abb6fe3a10d9a935d5c6268aab5,https://www.semanticscholar.org/paper/c3429ddb88a37abb6fe3a10d9a935d5c6268aab5,JournalArticle,unknown,5,brain; neuron; brain/neural structure in title,
1972,Inhibition of Prostaglandin Synthetase in Brain explains the Anti-pyretic Activity of Paracetamol (4-Acetamidophenol),"R. J. Flower, J. Vane",Nature,1972-12-15,762,General Brain-AI Structure Reviews and Methods,brain-structure,10.1038/240410A0,fece163a41afb0a8be9d913959dcaeac76a2ee92,https://doi.org/10.1038/240410A0,JournalArticle; Study; Review,unknown,4,brain; brain/neural structure in title,
1972,Language and the brain.,N. Geschwind,Scientific American,1972-04-01,752,General Brain-AI Structure Reviews and Methods,brain-structure,10.1038/SCIENTIFICAMERICAN0472-76,626a269b6c751264a04aba50a421cc80e1c54537,https://doi.org/10.1038/SCIENTIFICAMERICAN0472-76,JournalArticle,unknown,4,brain; brain/neural structure in title,
1972,THE STRUCTURAL SPECIFICITY OF THE HIGH AFFINITY UPTAKE OF l-GLUTAMATE AND l-ASPARTATE BY RAT BRAIN SLICES,"Vladimir J. Balcar, Graham A.R. Johnston",Journal of Neurochemistry,1972-11-01,680,General Brain-AI Structure Reviews and Methods,brain-structure,10.1111/j.1471-4159.1972.tb01325.x,61a93262d6fe10afec159a30fd9e61256ebf432a,https://doi.org/10.1111/j.1471-4159.1972.tb01325.x,JournalArticle,unknown,4,brain; brain/neural structure in title,
1972,A simple neural network generating an interactive memory,J.A. Anderson,Unknown venue,1972-08-01,639,"Connectomics, Graph Models, and Brain Networks",connectome;deep-learning,10.1016/0025-5564(72)90075-2,97671dde585824f5aa1192067e98e1a5db42c10f,https://doi.org/10.1016/0025-5564(72)90075-2,paper,unknown,16,neural; neural network; brain/neural structure in title; explicit brain-structure/AI bridge,
1972,The Working Brain,C. Blakemore,Nature,1972-10-01,603,General Brain-AI Structure Reviews and Methods,brain-structure,10.1038/239473B0,f8d4a5064f091e86da392b156265cd7ceef907a0,https://doi.org/10.1038/239473B0,paper,unknown,4,brain; brain/neural structure in title,
1972,MENKES'S KINKY HAIR SYNDROME,"D. Danks, P. Campbell, B. Stevens, V. Mayne, E. Cartwright",Pediatrics,1972-08-01,564,Clinical NeuroAI and Brain Disorders,brain-structure;connectome;clinical-neuroai,10.1542/peds.50.2.188,cef29db220631c67b400a81f21af057d859a6f43,https://doi.org/10.1542/peds.50.2.188,paper,unknown,2,brain; cerebral,Seven new cases of Menkes's kinky hair syndrome are described from five families.
1972,On the theory and practice of shaking infants. Its potential residual effects of permanent brain damage and mental retardation.,J. Caffey,A M A Journal of Diseases of Children,1972-08-01,540,General Brain-AI Structure Reviews and Methods,brain-structure,10.1001/ARCHPEDI.1972.02110140011001,9c0d14a01f258af3145361e1f96b7a14c19ebbfe,https://doi.org/10.1001/ARCHPEDI.1972.02110140011001,Review; JournalArticle,unknown,4,brain; brain/neural structure in title,
1972,Two patterns of perinatal brain damage and their conditions of occurrence.,R. Myers,American Journal of Obstetrics and Gynecology,1972-01-15,514,General Brain-AI Structure Reviews and Methods,brain-structure,10.1016/0002-9378(72)90124-X,6e2d71c1036f8a850bb0d790e7d93c7248d2d7e2,https://doi.org/10.1016/0002-9378(72)90124-X,JournalArticle,unknown,4,brain; brain/neural structure in title,
1972,Brain mechanisms in sensory substitution,P. Bach-y-Rita,Unknown venue,1972,495,General Brain-AI Structure Reviews and Methods,brain-structure,,d9d5fe3a13e57161657d0b3dddcdb2f3ff9573bf,https://www.semanticscholar.org/paper/d9d5fe3a13e57161657d0b3dddcdb2f3ff9573bf,paper,unknown,4,brain; brain/neural structure in title,
1972,Activity of brain stem neurons during eye movements of alert monkeys.,"E. S. Luschei, A. Fuchs",Journal of Neurophysiology,1972-07-01,454,"Cellular, Synaptic, and Neuromorphic Foundations",brain-structure,10.1152/JN.1972.35.4.445,2dbdaadfe74b9bb040abf3cf7d2a8ed45a7d4a7a,https://doi.org/10.1152/JN.1972.35.4.445,JournalArticle,unknown,5,brain; neuron; brain/neural structure in title,
1972,The effects of early hypo- and hyperthyroidism on the development of rat cerebellar cortex. I. Cell proliferation and differentiation.,"Jean L. Nicholson, J. Altman",Brain Research,1972-09-15,453,"Cellular, Synaptic, and Neuromorphic Foundations",brain-structure,10.1016/0006-8993(72)90362-9,4839f7e52dc8ddfaeda913a208bbd3966bcb9457,https://doi.org/10.1016/0006-8993(72)90362-9,JournalArticle,unknown,5,brain; cortex; brain/neural structure in title,
1972,Qualitative analysis of unilateral spatial neglect in relation to laterality of cerebral lesions,"G. Gainotti, P. Messerli, R. Tissot",Journal of Neurology Neurosurgery & Psychiatry,1972-08-01,449,General Brain-AI Structure Reviews and Methods,brain-structure,10.1136/jnnp.35.4.545,249f61d902b70497769e357196b1ec316add0cde,https://doi.org/10.1136/jnnp.35.4.545,JournalArticle,unknown,1,cerebral,
1972,Arteriovenous malformations of the brain. A long-term clinical study.,"David M. C. Forster, Ladislau Steiner, Sten Håkanson",Journal of Neurosurgery,1972-11-01,438,Clinical NeuroAI and Brain Disorders,brain-structure;clinical-neuroai,10.3171/JNS.1972.37.5.0562,c8274c8a43ad5d7a8adfe225571fd4b07d87330d,https://doi.org/10.3171/JNS.1972.37.5.0562,JournalArticle; Study,unknown,4,brain; brain/neural structure in title,
1972,Catecholamines in the brain as mediators of amphetamine psychosis.,S. Snyder,Archives of General Psychiatry,1972-08-01,425,General Brain-AI Structure Reviews and Methods,brain-structure,10.1001/ARCHPSYC.1972.01750260021004,68b43a643103b4fbc53780f51a37df864dae5f70,https://doi.org/10.1001/ARCHPSYC.1972.01750260021004,Review; JournalArticle,unknown,4,brain; brain/neural structure in title,
1972,Learning centers of rat brain mapped by measuring latencies of conditioned unit responses.,"James L Olds, J. Disterhoft, M. Segal, C. Kornblith, R. Hirsh",Journal of Neurophysiology,1972-03-01,424,"Cognitive Architectures, Learning, and Systems Neuroscience",brain-structure,10.1152/JN.1972.35.2.202,b49e535fec1e566147bbfa77f885567fd136682f,https://doi.org/10.1152/JN.1972.35.2.202,JournalArticle,unknown,8,brain; brain/neural structure in title; historical computation/learning bridge,
1972,The lipid composition of adult rat brain synaptosomal plasma membranes.,"W. Breckenridge, G. Gombos, I. Morgan",Biochimica et Biophysica Acta,1972-06-20,392,General Brain-AI Structure Reviews and Methods,brain-structure,10.1016/0005-2736(72)90365-3,6a691ea3de51a3c618483e5dc97626674d491c69,https://doi.org/10.1016/0005-2736(72)90365-3,JournalArticle,unknown,4,brain; brain/neural structure in title,
1972,The use of dopamine -hydroxylase as a marker for the central noradrenergic nervous system in rat brain.,"B. K. Hartman, D. Zide, S. Udenfriend",Proceedings of the National Academy of Sciences of the United States of America,1972-09-01,389,General Brain-AI Structure Reviews and Methods,brain-structure,10.1073/PNAS.69.9.2722,424c81994c5cba45921d66eba40fb02d957591a6,https://doi.org/10.1073/PNAS.69.9.2722,JournalArticle,unknown,4,brain; brain/neural structure in title,
1972,Markers for gene expression in cultured cells from the nervous system.,"S. H. Wilson, B. Schrier, J. Farber, E. Thompson, R. Rosenberg, A. Blume, et al.",Journal of Biological Chemistry,1972-05-25,388,"Cellular, Synaptic, and Neuromorphic Foundations",brain-structure;neuroimaging,10.1016/s0021-9258(19)45227-7,1e30d835039760ca59729714e5d33b1b05bc21f8,https://doi.org/10.1016/s0021-9258(19)45227-7,JournalArticle,unknown,2,brain; neuron,"Abstract Methods are presented for preparation of extracts from cultured cells from the nervous system and for study of choline acetyltransferase, acetylcholinesterase, glutamate decarboxylase, and catechol O-methyltransferase activities."
1972,Cortical Afferents to the Entorhinal Cortex of the Rhesus Monkey,"G. V. Van Hoesen, D. Pandya, N. Butters",Science,1972-03-31,380,General Brain-AI Structure Reviews and Methods,brain-structure,10.1126/science.175.4029.1471,c42b0e4b24a357e9e8242593ba7ca03aa69e4027,https://doi.org/10.1126/science.175.4029.1471,JournalArticle,unknown,6,brain; cortex; cortical; brain/neural structure in title,
1972,Testing of a hypothesis for osmotic opening of the blood-brain barrier.,"S. Rapoport, M. Hori, I. Klatzo",American Journal of Physiology,1972-08-01,377,General Brain-AI Structure Reviews and Methods,brain-structure,10.1152/AJPLEGACY.1972.223.2.323,27035ca3628eac5a63f4028904b285df31134179,https://doi.org/10.1152/AJPLEGACY.1972.223.2.323,JournalArticle,unknown,4,brain; brain/neural structure in title,
1972,Free Tryptophan in Plasma and Brain Tryptophan Metabolism,"P. Knott, G. Curzon",Nature,1972-10-20,376,General Brain-AI Structure Reviews and Methods,brain-structure,10.1038/239452A0,669adc73142b02c7f11897be4e340fa074161fd1,https://doi.org/10.1038/239452A0,JournalArticle,unknown,4,brain; brain/neural structure in title,
1972,Brain-endocrine interaction,"K. Knigge, D. Scott, A. Weindl",Unknown venue,1972,367,General Brain-AI Structure Reviews and Methods,brain-structure,,8aff7b3fed9f02f80e8e947523e06639231f6e89,https://www.semanticscholar.org/paper/8aff7b3fed9f02f80e8e947523e06639231f6e89,paper,unknown,4,brain; brain/neural structure in title,
1972,CEREBRAL CARBOHYDRATE METABOLISM DURING ACUTE HYPOXIA AND RECOVERY 1,"T. Duffy, S. Nelson, O. H. Lowry",Journal of Neurochemistry,1972-04-01,367,General Brain-AI Structure Reviews and Methods,brain-structure,10.1111/j.1471-4159.1972.tb01417.x,4200b5900e57ae02f5f46ab98abf0154fd36fe48,https://doi.org/10.1111/j.1471-4159.1972.tb01417.x,JournalArticle,unknown,2,brain; cerebral,
1972,The projection field of the stria terminalis in the rat brain. An experimental study,"J. D. Olmos, W. R. Ingram",The Journal of comparative neurology,1972-11-01,361,General Brain-AI Structure Reviews and Methods,brain-structure,10.1002/cne.901460303,2f869fc03b494da6ee7ede4d9710ec3b72cdf4e5,https://doi.org/10.1002/cne.901460303,JournalArticle,unknown,4,brain; brain/neural structure in title,
1972,ATLAS OF THE MOUSE BRAIN AND SPINAL CORD,S. Strich,Unknown venue,1972-06-01,359,General Brain-AI Structure Reviews and Methods,brain-structure,10.1136/jnnp.35.3.422-b,b38f313675024221f658bc1f21adf0a0b04f6295,https://doi.org/10.1136/jnnp.35.3.422-b,paper,unknown,4,brain; brain/neural structure in title,
1972,"Blood-Brain Barrier: Penetration of Morphine, Codeine, Heroin, and Methadone after Carotid Injection","W. Oldendorf, S. Hyman, L. Braun, S. Z. Oldendorf",Science,1972-12-01,356,General Brain-AI Structure Reviews and Methods,brain-structure,10.1126/science.178.4064.984,0a7196c77dc4e19e3f41c899f90a149e1d455dbe,https://doi.org/10.1126/science.178.4064.984,JournalArticle,unknown,4,brain; brain/neural structure in title,
1972,Potassium-selective microelectrodes used for measuring the extracellular brain potassium during spreading depression and anoxic depolarization in rats,"F. Vyskocˇil, Norbert Krˇízˇ, J. Buresˇ",Unknown venue,1972-04-14,353,"Cellular, Synaptic, and Neuromorphic Foundations",brain-structure,10.1016/0006-8993(72)90802-5,b3a1085183029363f400d3e8b79568a7462908c8,https://doi.org/10.1016/0006-8993(72)90802-5,paper,unknown,4,brain; brain/neural structure in title,
1972,Studies of the uptake of 3 H-gaba and ( 3 H)glycine in slices and homogenates of rat brain and spinal cord by electron microscopic autoradiography.,"L. Iversen, F. Bloom",Brain Research,1972-06-08,341,"Connectomics, Graph Models, and Brain Networks",brain-structure;connectome,10.1016/0006-8993(72)90621-X,3326facc7d8f00d4a5594bb9f39bb76a60f16b0d,https://doi.org/10.1016/0006-8993(72)90621-X,JournalArticle,unknown,4,brain; brain/neural structure in title,
1972,Rheological Response of Human Brain Tissue in Shear,"L. Shuck, S. Advani",Unknown venue,1972-12-01,339,General Brain-AI Structure Reviews and Methods,brain-structure,10.1115/1.3425588,d5dde460438f2d5f93c9af58908adbd3f5bcf0ec,https://doi.org/10.1115/1.3425588,paper,unknown,4,brain; brain/neural structure in title,
1972,Benzodiazepines: Anxiety-Reducing Activity by Reduction of Serotonin Turnover in the Brain,"C. Wise, B. Berger, L. Stein",Science,1972-07-14,335,General Brain-AI Structure Reviews and Methods,brain-structure,10.1126/science.177.4044.180,cb266485c6b6e82f0db626917cccdca7b897ee46,https://doi.org/10.1126/science.177.4044.180,JournalArticle,unknown,4,brain; brain/neural structure in title,
1972,EFFECTS OF IMMOBILIZATION AND FOOD DEPRIVATION ON RAT BRAIN TRYPTOPHAN METABOLISM,"G. Curzon, M. H. Joseph, P. Knott",Journal of Neurochemistry,1972-08-01,316,General Brain-AI Structure Reviews and Methods,brain-structure,10.1111/j.1471-4159.1972.tb01486.x,f1db4748a2d5708c6e861f6364b4f485fe9177d8,https://doi.org/10.1111/j.1471-4159.1972.tb01486.x,JournalArticle,unknown,4,brain; brain/neural structure in title,
1972,Rat Brain Binds Adrenal Steroid Hormone: Radioautography of Hippocampus with Corticosterone,"J. Gerlach, B. McEwen",Science,1972-03-10,315,"Connectomics, Graph Models, and Brain Networks",brain-structure;connectome,10.1126/science.175.4026.1133,2f0377917d47c74224cad3d26968c12f80e633e5,https://doi.org/10.1126/science.175.4026.1133,JournalArticle,unknown,5,brain; hippocampus; brain/neural structure in title,
1972,Human brain--morphologic differences in the hemispheres demonstrable by carotid arteriography.,"M. LeMay, A. Culebras",New England Journal of Medicine,1972-07-27,313,"Connectomics, Graph Models, and Brain Networks",brain-structure;connectome,10.1056/NEJM197207272870404,fd5e8e6d928109eacb92870664c965e10f2cf8c7,https://doi.org/10.1056/NEJM197207272870404,JournalArticle,unknown,4,brain; brain/neural structure in title,
1972,"Sensory and Neural Degeneration with Aging, as Seen in Microdissections of the Human Inner Ear","L. Johnsson, J. E. Hawkins","Annals of Otology, Rhinology and Laryngology",1972-04-01,313,General Brain-AI Structure Reviews and Methods,,10.1177/000348947208100203,d37b2ed6546ef5b1d26601d3ea10b446c6940b40,https://doi.org/10.1177/000348947208100203,JournalArticle,unknown,5,brain; neural; brain/neural structure in title,
1972,"A comparison of the capacities of isomers of amphetamine, deoxypipradrol and methylphenidate to inhibit the uptake of tritiated catecholamines into rat cerebral cortex slices, synaptosomal preparations of rat cerebral cortex, hypothalamus and striatum and into adrenergic nerves of rabbit aorta.","R. Ferris, F. Tang, R. Maxwell",Journal of Pharmacology and Experimental Therapeutics,1972-06-01,308,General Brain-AI Structure Reviews and Methods,brain-structure,10.1016/s0022-3565(25)29222-9,c707941330b85c95b7ee8969944689ae12724e69,https://doi.org/10.1016/s0022-3565(25)29222-9,JournalArticle,unknown,8,brain; cerebral; cortex; thalamus; hypothalamus; brain/neural structure in title,"The uptake of tritiated catecholamines into crude synaptosomal preparations of rat cere bral cortex, hypothalamus and striatum, into rat cerebral cortex slices and into adrenergic nerves of rabbit aorta is inhibited equally by the isomers of amphetamine."
1972,Brain changes in response to experience.,"M. Rosenzweig, E. Bennett, M. Diamond",Unknown venue,1972-02-01,307,General Brain-AI Structure Reviews and Methods,brain-structure,10.1038/SCIENTIFICAMERICAN0272-22,5917908fc13bf20ac0ec27adabf03de0ffe321fa,https://doi.org/10.1038/SCIENTIFICAMERICAN0272-22,paper,unknown,4,brain; brain/neural structure in title,
1972,Vulnerability of developing brain,"B. Adlard, J. Dobbing",British Journal of Nutrition,1972-07-01,306,General Brain-AI Structure Reviews and Methods,brain-structure,10.1079/BJN19720016,e6bff4ab29035abd5092a64a377bcba6190dabfd,https://doi.org/10.1079/BJN19720016,JournalArticle,unknown,4,brain; brain/neural structure in title,
1972,THE EFFECT OF MODERATE AND MARKED HYPERCAPNIA UPON THE ENERGY STATE AND UPON THE CYTOPLASMIC NADH/NAD+ RATIO OF THE RAT BRAIN,"Jaroslava Eolbergrová, V. Macmillan, B. Siesjö",Journal of Neurochemistry,1972-11-01,295,General Brain-AI Structure Reviews and Methods,brain-structure,10.1111/j.1471-4159.1972.tb01309.x,520d80a6c22e3f76954b864ec87b6f2f6bdc8f63,https://doi.org/10.1111/j.1471-4159.1972.tb01309.x,JournalArticle,unknown,4,brain; brain/neural structure in title,
1972,A brain protein unique to the olfactory bulb.,F. Margolis,Proceedings of the National Academy of Sciences of the United States of America,1972-05-01,292,General Brain-AI Structure Reviews and Methods,brain-structure,10.1073/PNAS.69.5.1221,f8abf0f34d9b01925532eb4a7c5873edf488b7e7,https://doi.org/10.1073/PNAS.69.5.1221,JournalArticle,unknown,4,brain; brain/neural structure in title,
1972,"ISOTOPIC MICROASSAY OF HISTAMINE, HISTIDINE, HISTIDINE DECARBOXYLASE AND HISTAMINE METHYLTRANSFERASE IN BRAIN TISSUE 1","K. Taylor, S. Snyder",Journal of Neurochemistry,1972-05-01,292,General Brain-AI Structure Reviews and Methods,brain-structure,10.1111/J.1471-4159.1972.TB01459.X,95d4ffdf52b7135441eec67b66b09f4140d91fcf,https://doi.org/10.1111/J.1471-4159.1972.TB01459.X,JournalArticle,unknown,4,brain; brain/neural structure in title,
1972,Nucleated Assembly of Microtubules in Porcine Brain Extracts,"G. Borisy, J. B. Olmsted",Science,1972-09-29,289,General Brain-AI Structure Reviews and Methods,brain-structure,10.1126/science.177.4055.1196,82d7abdcc450ec9b499acbe31b10f7886a030b93,https://doi.org/10.1126/science.177.4055.1196,JournalArticle,unknown,4,brain; brain/neural structure in title,
1972,"Tyrosine hydroxylase in rat brain--cofactor requirements, regional and subcellular distribution.",J. Coyle,Biochemical Pharmacology,1972-07-15,289,"Cellular, Synaptic, and Neuromorphic Foundations",brain-structure,10.1016/0006-2952(72)90006-8,9c60bd2e4dea6a62d73a15e528dcd8f2a9077fa5,https://doi.org/10.1016/0006-2952(72)90006-8,JournalArticle,unknown,4,brain; brain/neural structure in title,
1972,"Role of muscarinic cholinergic receptors in regulation of guanosine 3':5'-cyclic monophosphate content in mammalian brain, heart muscle, and intestinal smooth muscle.","T. P. Lee, J. Kuo, P. Greengard",Proceedings of the National Academy of Sciences of the United States of America,1972-11-01,288,General Brain-AI Structure Reviews and Methods,brain-structure,10.1073/PNAS.69.11.3287,52f63979a02e13a4d39510251c84a970923f75fb,https://doi.org/10.1073/PNAS.69.11.3287,JournalArticle,unknown,4,brain; brain/neural structure in title,
1972,DISTRIBUTION AND PROPERTIES OF ANGIOTENSIN CONVERTING ENZYME OF RAT BRAIN,"H. Yang, N. Neff",Journal of Neurochemistry,1972-10-01,286,General Brain-AI Structure Reviews and Methods,brain-structure,10.1111/j.1471-4159.1972.tb01298.x,bd6064a7c2e82404081d188b9fa581a86ad7eff2,https://doi.org/10.1111/j.1471-4159.1972.tb01298.x,JournalArticle,unknown,4,brain; brain/neural structure in title,
1972,Brain of the Firm: The Managerial Cybernetics of Organization,S. Beer,Unknown venue,1972,285,General Brain-AI Structure Reviews and Methods,brain-structure,,9097a078cf0b4849bd3bcd52b0acb7e45fe483ea,https://www.semanticscholar.org/paper/9097a078cf0b4849bd3bcd52b0acb7e45fe483ea,paper,unknown,4,brain; brain/neural structure in title,
1972,Structural abnormalities of the cerebral cortex in human chromosomal aberrations: a Golgi study.,M. Marín-padilla,Brain Research,1972-09-29,284,General Brain-AI Structure Reviews and Methods,brain-structure,10.1016/0006-8993(72)90324-1,f5a156a635e61962a28328a2420069c25c90e0c4,https://doi.org/10.1016/0006-8993(72)90324-1,JournalArticle,unknown,6,brain; cerebral; cortex; brain/neural structure in title,
1972,Choline: High-Affinity Uptake by Rat Brain Synaptosomes,"H. Yamamura, S. Snyder",Science,1972-11-10,282,General Brain-AI Structure Reviews and Methods,brain-structure,10.1126/science.178.4061.626,79f0ccbd8e3be268104dde7558a82e7101dbf590,https://doi.org/10.1126/science.178.4061.626,JournalArticle,unknown,4,brain; brain/neural structure in title,
1972,"The effect of intracarotid epinephrine, norepinephrine, and angiotensin on the regional cerebral blood flow in man",J. Olesen,Neurology,1972-09-01,276,General Brain-AI Structure Reviews and Methods,brain-structure,10.1212/WNL.22.9.978,8cbd6628e9abfbedc572527b9cae23f7abd5c2d2,https://doi.org/10.1212/WNL.22.9.978,JournalArticle; Review,unknown,1,cerebral,
1972,SEROLOGICALLY DEMONSTRABLE ALLOANTIGENS OF MOUSE EPIDERMAL CELLS,"M. Scheid, E. Boyse, E. Carswell, L. Old",Journal of Experimental Medicine,1972-03-31,271,"Cellular, Synaptic, and Neuromorphic Foundations",brain-structure,10.1084/jem.135.4.938,7f41b2e4d569d9612621e474d337e3e250f46b71,https://doi.org/10.1084/jem.135.4.938,JournalArticle,unknown,1,brain,Single cells were prepared from mouse tail epidermis by a method which gives high viability counts and so permits their use in cytotoxicity tests.
1972,Amino acid content of epileptogenic human brain: focal versus surrounding regions.,"N. M. Gelder, A. Sherwin, T. Rasmussen",Brain Research,1972-05-26,267,General Brain-AI Structure Reviews and Methods,brain-structure,10.1016/0006-8993(72)90141-2,8c2fe7085f79550bb544bcf1bce315267d79948d,https://doi.org/10.1016/0006-8993(72)90141-2,JournalArticle,unknown,4,brain; brain/neural structure in title,
1972,The subependymal layer and neighboring region in the brain of the young rat,"A. Privat, C. P. Leblond",The Journal of comparative neurology,1972-11-01,266,General Brain-AI Structure Reviews and Methods,brain-structure,10.1002/cne.901460302,28039cbaccc6e1479b89aaf495f2dd6f9a474b92,https://doi.org/10.1002/cne.901460302,JournalArticle,unknown,4,brain; brain/neural structure in title,
1972,Restitution: a method of eliminating aggressive-disruptive behavior of retarded and brain damaged patients.,"R. Foxx, N. Azrin",Behaviour Research and Therapy,1972-02-01,257,"Cognitive Architectures, Learning, and Systems Neuroscience",brain-structure;clinical-neuroai,10.1016/0005-7967(72)90003-4,4ffdb4e653555c20abbd72eaee98465317fa111f,https://doi.org/10.1016/0005-7967(72)90003-4,JournalArticle,unknown,4,brain; brain/neural structure in title,
1972,TYROSINE HYDROXYLASE IN RAT BRAIN: DEVELOPMENTAL CHARACTERISTICS,"J. Coyle, J. Axelrod",Journal of Neurochemistry,1972-04-01,257,General Brain-AI Structure Reviews and Methods,brain-structure,10.1111/j.1471-4159.1972.tb01431.x,77d6a1d2f79225c74230a51077c8eff649954632,https://doi.org/10.1111/j.1471-4159.1972.tb01431.x,JournalArticle,unknown,4,brain; brain/neural structure in title,
1972,Locations of amino acids in brain slices from the rat. Tetrodotoxin-sensitive release of amino acids.,"A. M. Benjamin, J. H. Quastel",Biochemical Journal,1972-07-01,256,General Brain-AI Structure Reviews and Methods,brain-structure,10.1042/BJ1280631,17f5c2bc798db746ea94cc54603f67a7acecdd3a,https://doi.org/10.1042/BJ1280631,JournalArticle,unknown,4,brain; brain/neural structure in title,
1972,Quantitative Brain Measurements in Chronic Schizophrenia,"R. Rosenthal, L. Bigelow",British Journal of Psychiatry,1972-09-01,255,General Brain-AI Structure Reviews and Methods,brain-structure,10.1192/bjp.121.3.259,ce9c40662cd0f03c2abab91f56dcfb87876a645e,https://doi.org/10.1192/bjp.121.3.259,JournalArticle; Review,unknown,4,brain; brain/neural structure in title,
1972,Concepts of cerebral perfusion pressure and vascular compression during intracranial hypertension.,"J. Miller, Albert Stanek, T. Langfitt",Progress in Brain Research,1972,253,General Brain-AI Structure Reviews and Methods,brain-structure,10.1016/S0079-6123(08)60102-8,33a67c66f38b1b973566b5b99c241551d7ec2118,https://doi.org/10.1016/S0079-6123(08)60102-8,JournalArticle,unknown,2,brain; cerebral,
1972,ISOLATION AND STRUCTURAL STUDIES ON SYNAPTIC COMPLEXES FROM RAT BRAIN,"C. Cotman, Dwan A. Taylor",Journal of Cell Biology,1972-12-01,253,"Cellular, Synaptic, and Neuromorphic Foundations",brain-structure,10.1083/jcb.55.3.696,a090337ab6888950579bf4174bdf2a89df7645c4,https://doi.org/10.1083/jcb.55.3.696,JournalArticle,unknown,4,brain; brain/neural structure in title,A fraction enriched in synaptic complexes has been isolated from rat brain.
1972,GLUTAMATE-INDUCED BRAIN DAMAGE IN INFANT PRIMATES,"J. Olney, L. Sharpe, R. Feigin",Journal of Neuropathology and Experimental Neurology,1972-07-01,250,General Brain-AI Structure Reviews and Methods,brain-structure,10.1097/00005072-197207000-00006,1a529105311796b30b0ed6b1fd281c72653a833a,https://doi.org/10.1097/00005072-197207000-00006,JournalArticle,unknown,4,brain; brain/neural structure in title,
1972,"THE EFFECT OF HYPERCAPNIA UPON INTRACELLULAR pH IN THE BRAIN, EVALUATED BY THE BICARBONATE- CARBONIC ACID METHOD AND FROM THE CREATINE PHOSPHOKINASE EQUILIBRIUM","B. Siesjö, J. Folbergrová, V. Macmillan",Journal of Neurochemistry,1972-11-01,248,"Cellular, Synaptic, and Neuromorphic Foundations",brain-structure,10.1111/j.1471-4159.1972.tb01308.x,6b2f3fbc8be0c77991b0939ade0d6c06c5eeacaa,https://doi.org/10.1111/j.1471-4159.1972.tb01308.x,JournalArticle,unknown,4,brain; brain/neural structure in title,
1972,"Cyclic nucleotide-dependent protein kinases. X. An assay method for the measurement of quanosine 3',5'-monophosphate in various biological materials and a study of agents regulating its levels in heart and brain.","J. Kuo, Tee-Ping Lee, Procerfina L. Reyes, K. Walton, T. Donnelly, P. Greengard",Journal of Biological Chemistry,1972-01-10,245,General Brain-AI Structure Reviews and Methods,brain-structure,10.1016/S0021-9258(19)45752-9,a338e06d0fef73d0eaaddcdfc89c8e43b83a08c0,https://doi.org/10.1016/S0021-9258(19)45752-9,JournalArticle,unknown,7,brain; cerebral; cortex; cerebellum; brain/neural structure in title,"Abstract An assay method has been developed for the measurement of tissue levels of guanosine 3',5'-monophosphate (cyclic GMP) based upon the ability of the cyclic nucleotide to activate cyclic GMP-dependent protein kinase prepared from either lobster tail muscle or silkmoth pupal fat body."
1972,Anoxic-ischaemic cell change in rat brain light microscopic and fine-structural observations.,"A. W. Brown, J. Brierley",Journal of Neurological Sciences,1972-05-01,241,"Cellular, Synaptic, and Neuromorphic Foundations",brain-structure,10.1016/0022-510X(72)90102-5,04cb26f79fbd472baac3627ae19d6659bb328b98,https://doi.org/10.1016/0022-510X(72)90102-5,JournalArticle,unknown,4,brain; brain/neural structure in title,
1972,ISOLATION AND SOME CHEMICAL PROPERTIES OF OLIGODENDROGLIA FROM CALF BRAIN 1,"Shirley E. Poduslo, William T. Norton",Journal of Neurochemistry,1972-03-01,241,General Brain-AI Structure Reviews and Methods,brain-structure,10.1111/j.1471-4159.1972.tb01388.x,5068444f90ebe4445093bc9e96ccdc1199b80dd6,https://doi.org/10.1111/j.1471-4159.1972.tb01388.x,JournalArticle,unknown,4,brain; brain/neural structure in title,
1972,PLEASURE AND BRAIN ACTIVITY IN MAN: Deep and Surface Electroencephalograms During Orgasm,R. Heath,Journal of Nervous and Mental Disease,1972-01-01,240,General Brain-AI Structure Reviews and Methods,brain-structure;neural-signals,10.1097/00005053-197201000-00002,a579c4fe6e3d3b819f04ae9db33ddcde8f234f6d,https://doi.org/10.1097/00005053-197201000-00002,JournalArticle,unknown,6,brain; eeg; meg; brain/neural structure in title,
1972,Lysergic acid diethylamide and serotonin: direct actions on serotonin-containing neurons in rat brain.,"G. Aghajanian, H. Haigler, Floyd E. Bloom",Life sciences. Pt. 1: Physiology and pharmacology,1972-07-01,234,"Cellular, Synaptic, and Neuromorphic Foundations",brain-structure,10.1016/0024-3205(72)90153-1,c71f7d73ef0239a5fe8ea37a88b2e4b9f5953008,https://doi.org/10.1016/0024-3205(72)90153-1,JournalArticle,unknown,5,brain; neuron; brain/neural structure in title,
1972,Tryptophan hydroxylase activity and synaptosomal uptake of serotonin in discrete brain regions after midbrain raphe lesions: correlations with serotonin levels and histochemical fluorescence.,"M. Kuhar, G. Aghajanian, R. Roth",Brain Research,1972-09-15,234,General Brain-AI Structure Reviews and Methods,brain-structure,10.1016/0006-8993(72)90372-1,71481b0fc78a5d3bd2ab053003a7d827d572d039,https://doi.org/10.1016/0006-8993(72)90372-1,JournalArticle,unknown,4,brain; brain/neural structure in title,
1972,The effects of high phenylalanine concentrations on serotonin and catecholamine metabolism in the human brain.,C. McKean,Brain Research,1972-12-12,232,General Brain-AI Structure Reviews and Methods,brain-structure,10.1016/0006-8993(72)90653-1,ae4388194083ab42d1b0aa90338b64e8572f1dcb,https://doi.org/10.1016/0006-8993(72)90653-1,JournalArticle,unknown,4,brain; brain/neural structure in title,
1972,The effect of bilateral carotid artery ligation upon the blood flow and the energy state of the rat brain.,"B. Eklof, B. Siesjö",Acta Physiologica Scandinavica,1972-10-01,231,General Brain-AI Structure Reviews and Methods,brain-structure,10.1111/J.1748-1716.1972.TB05322.X,c420fd2f256fd68b7c7d02b1aaff4e5a22c166e3,https://doi.org/10.1111/J.1748-1716.1972.TB05322.X,JournalArticle,unknown,4,brain; brain/neural structure in title,
1972,Daily variations of serotonin metabolism in the rat brain.,"F. Hery, E. Rouer, J. Glowinski",Brain Research,1972-08-25,229,General Brain-AI Structure Reviews and Methods,brain-structure,10.1016/0006-8993(72)90400-3,0a285e66e6d90b8b9977a472b30024475a63ab0d,https://doi.org/10.1016/0006-8993(72)90400-3,JournalArticle,unknown,4,brain; brain/neural structure in title,
1972,Projections ascendantes du locus coeruleus et d'autres neurones aminergiques pontiques au niveau du prosencéphale du rat,"T. Maeda, Nobuo Shimizu",Unknown venue,1972-01-14,226,"Cellular, Synaptic, and Neuromorphic Foundations",,10.1016/0006-8993(72)90763-9,8c591077015bc796e59855d1154879f8048237c2,https://doi.org/10.1016/0006-8993(72)90763-9,paper,unknown,1,neuron,
1972,A permanent change in convulsive threshold in normal and Brain-Damaged Rats with repeated small doses of Pentylenetetrazol*,"C. Mason, R. M. Cooper",Epilepsia,1972-09-01,225,General Brain-AI Structure Reviews and Methods,brain-structure,10.1111/j.1528-1157.1972.tb04401.x,791cfa699400deee49fac322c00d89802ff56ba7,https://doi.org/10.1111/j.1528-1157.1972.tb04401.x,JournalArticle,unknown,4,brain; brain/neural structure in title,
1972,Defective visual localization in focal brain wounds.,"G. Ratcliff, G. Davies-Jones",Brain : a journal of neurology,1972,221,General Brain-AI Structure Reviews and Methods,brain-structure,10.1093/BRAIN/95.1.49,ab7750e5b2d0b99719a30f39ec5235eab631d9a4,https://doi.org/10.1093/BRAIN/95.1.49,JournalArticle,unknown,4,brain; brain/neural structure in title,
1972,The reticulum cell sarcoma--microglioma group of brain tumours. A consideration of their clinical features and therapy.,"H. Schaumburg, C. Plank, Raymond D. Adams",Brain : a journal of neurology,1972,220,"Cellular, Synaptic, and Neuromorphic Foundations",brain-structure;clinical-neuroai,10.1093/BRAIN/95.2.199,347d847d6a2f4fc61e5764295aa4809bb05fe274,https://doi.org/10.1093/BRAIN/95.2.199,JournalArticle,unknown,4,brain; brain/neural structure in title,
1972,Brain damage and the ordering of two temporally successive stimuli.,"Linda Peck Swisher, I. Hirsh",Neuropsychologia,1972-07-01,218,General Brain-AI Structure Reviews and Methods,brain-structure,10.1016/0028-3932(72)90053-X,461aa84c344b91031f642d33b27b8b0ebdef0128,https://doi.org/10.1016/0028-3932(72)90053-X,JournalArticle,unknown,4,brain; brain/neural structure in title,
1972,A stereotaxic atlas of the developing rat brain,A. McComas,Unknown venue,1972-04-01,214,General Brain-AI Structure Reviews and Methods,brain-structure,10.1016/0022-510X(72)90178-5,ef7f7c1a709b15cd401fba6b0f96bbfca6d40e24,https://doi.org/10.1016/0022-510X(72)90178-5,paper,unknown,4,brain; brain/neural structure in title,
1972,DOPAMINE-β-HYDROXYLASE IN THE RAT BRAIN: DEVELOPMENTAL CHARACTERISTICS,"J. Coyle, J. Axelrod",Journal of Neurochemistry,1972-02-01,210,General Brain-AI Structure Reviews and Methods,brain-structure,10.1111/j.1471-4159.1972.tb01354.x,0b8adddfde10ec5930f51a6a1a8d09f35ee58657,https://doi.org/10.1111/j.1471-4159.1972.tb01354.x,JournalArticle,unknown,4,brain; brain/neural structure in title,
1972,Fusion of cultured multiple-sclerosis brain cells with indicator cells: presence of nucleocapsids and virions and isolation of parainfluenza-type virus.,"V. ter meulen, H. Koprowski, Y. Iwasaki, Y. Käckell, D. Müller",The Lancet,1972-07-01,210,"Cellular, Synaptic, and Neuromorphic Foundations",brain-structure,10.1016/S0140-6736(72)91273-1,588a5f5e4aed803c2bbe760834b70d9e9a997662,https://doi.org/10.1016/S0140-6736(72)91273-1,JournalArticle,unknown,4,brain; brain/neural structure in title,
1972,METABOLISM OF BEDS OF MAMMALIAN CORTICAL SYNAPTOSOMES: RESPONSE TO DEPOLARIZING INFLUENCES,"J. Belleroche, H. Bradford",Journal of Neurochemistry,1972-03-01,209,General Brain-AI Structure Reviews and Methods,brain-structure,10.1111/j.1471-4159.1972.tb01376.x,beffd8032100657efbdfa5965e912e5c173cdbee,https://doi.org/10.1111/j.1471-4159.1972.tb01376.x,JournalArticle,unknown,2,brain; cortical,
1972,The other side of the brain. IV. The A-P ratio.,"J. Bogen, R. DeZure, Tenhouten Wd, Marshall Jf",Bulletin of the Los Angeles Neurological Society,1972-04-01,209,General Brain-AI Structure Reviews and Methods,brain-structure,,d9fe0ed11760851d4bc9cfc24c06fe7540ccc451,https://www.semanticscholar.org/paper/d9fe0ed11760851d4bc9cfc24c06fe7540ccc451,JournalArticle,unknown,4,brain; brain/neural structure in title,
1972,Effects of environmental enrichment and impoverishment on rat cerebral cortex.,"M. Diamond, M. Rosenzweig, Edward L. Bennett, Bernice Lindner, L. Lyon",Journal of Neurobiology,1972,208,General Brain-AI Structure Reviews and Methods,brain-structure,10.1002/NEU.480030105,725a20fc3befca395fababae8dc06f977e9c5299,https://doi.org/10.1002/NEU.480030105,JournalArticle,unknown,6,brain; cerebral; cortex; brain/neural structure in title,
1972,Developmental characteristics of brain catecholamines and tyrosine hydroxylase in the rat: effects of 6-hydroxydopamine,"G. Breese, T. D. Traylor",British Journal of Pharmacology,1972-02-01,207,General Brain-AI Structure Reviews and Methods,brain-structure,10.1111/j.1476-5381.1972.tb07257.x,d38af83bcc28b3f1b7ac5acaaa24f2a092928000,https://doi.org/10.1111/j.1476-5381.1972.tb07257.x,JournalArticle,unknown,4,brain; brain/neural structure in title,
1972,Catecholamine-containing neurones and electrical self-stimulation: 1. a review of some data,Timothy J. Crow,Psychological Medicine,1972-11-01,205,"Cellular, Synaptic, and Neuromorphic Foundations",,10.1017/S0033291700045232,89531db1f0c64d7a75450e36d9d7094b78e2b980,https://doi.org/10.1017/S0033291700045232,Review; JournalArticle,unknown,1,neuron,
1972,Rat brain microtubule protein: purification and determination of covalently bound phosphate and carbohydrate.,B. Eipper,Proceedings of the National Academy of Sciences of the United States of America,1972-08-01,204,General Brain-AI Structure Reviews and Methods,brain-structure,10.1073/PNAS.69.8.2283,685750af186db15e18ae7a728f7c25b2f0ec01f8,https://doi.org/10.1073/PNAS.69.8.2283,JournalArticle,unknown,4,brain; brain/neural structure in title,
1972,Adenine derivatives as neurohumoral agents in the brain. The quantities liberated on excitation of superfused cerebral tissues.,"I. Pull, H. Mcilwain",Biochemical Journal,1972-12-01,201,General Brain-AI Structure Reviews and Methods,brain-structure,10.1042/BJ1300975,78aef1b829448e3e3a4e3fb193eb6d158c1e5aed,https://doi.org/10.1042/BJ1300975,JournalArticle,unknown,5,brain; cerebral; brain/neural structure in title,
1972,"Stimulation, by inhibition of (Na+-K+-Mg2+)-activated, ATP-ase, of acetylcholine release in cortical slices from rat brain",BY E. S. Vizi,Journal of Physiology,1972-10-01,198,General Brain-AI Structure Reviews and Methods,brain-structure,10.1113/jphysiol.1972.sp009975,12a3b34cbc71a98367af9cf5c86bd3183c8a93e3,https://doi.org/10.1113/jphysiol.1972.sp009975,JournalArticle,unknown,5,brain; cortical; brain/neural structure in title,
1972,Cyclic Adenosine Monophosphate Phosphodiesterase in Brain: Effect on Anxiety,"B. Beer, M. Chasin, D. Clody, J. R. Vogel, Z. Horovitz",Science,1972-04-28,197,General Brain-AI Structure Reviews and Methods,brain-structure,10.1126/science.176.4033.428,95205713ddb0946f0f199484714e492f9e54568c,https://doi.org/10.1126/science.176.4033.428,JournalArticle,unknown,4,brain; brain/neural structure in title,
1972,EFFECTS OF CORTICOSTEROIDS ON THE BIOCHEMICAL MATURATION OF RAT BRAIN: POSTNATAL CELL FORMATION,"Mary Cotterrell, R. Balaazs, A. Johnson",Journal of Neurochemistry,1972-09-01,197,"Cellular, Synaptic, and Neuromorphic Foundations",brain-structure,10.1111/J.1471-4159.1972.TB05124.X,5cf74ad30cb020597f89aae01dc833dba9b2f8eb,https://doi.org/10.1111/J.1471-4159.1972.TB05124.X,JournalArticle,unknown,4,brain; brain/neural structure in title,
1972,Conditioned Approach and Contact Behavior toward Signals for Food or Brain-Stimulation Reinforcement,"G. Peterson, James E. Ackilt, G. Frommer, E. Hearst",Science,1972-09-15,196,"Cognitive Architectures, Learning, and Systems Neuroscience",brain-structure,10.1126/science.177.4053.1009,03c13f7bf07d2f106da6030ab2db533cdb881c40,https://doi.org/10.1126/science.177.4053.1009,JournalArticle,unknown,4,brain; brain/neural structure in title,
1972,THE ACCUMULATION OF ARACHIDONATE AND DOCOSAHEXAENOATE IN THE DEVELOPING RAT BRAIN,"Andrew J. Sinclair, Michael A. Crawford",Journal of Neurochemistry,1972-07-01,195,General Brain-AI Structure Reviews and Methods,brain-structure,10.1111/j.1471-4159.1972.tb06219.x,e9bdf8d79fbf577c0e627e99b667cf0b2cb7edac,https://doi.org/10.1111/j.1471-4159.1972.tb06219.x,JournalArticle,unknown,4,brain; brain/neural structure in title,
1972,Brain RNA and hypophysectomy; a topographical study.,"W. Gispen, P. Schotman, E. R. D. Kloet",Neuroendocrinology,1972-07-01,194,"Connectomics, Graph Models, and Brain Networks",brain-structure;connectome,10.1159/000122060,673f5925d1c0e5ad23030c79ea83eb3df5d7d2d8,https://doi.org/10.1159/000122060,JournalArticle,unknown,4,brain; brain/neural structure in title,
1972,Restoration of autoregulation of cerebral blood flow by hypocapnia,"O. Paulson, J. Olesen, M. Christensen",Neurology,1972-03-01,194,General Brain-AI Structure Reviews and Methods,brain-structure,10.1212/WNL.22.3.286,27a47a506b4cd90bfcfd5abbb1dc6a8a066b5649,https://doi.org/10.1212/WNL.22.3.286,JournalArticle,unknown,1,cerebral,
1972,THE EFFECT OF HYPERCAPNIC ACIDOSIS UPON SOME GLYCOLYTIC AND KREBS CYCLE-ASSOCIATED INTERMEDIATES IN THE RAT BRAIN,"J. Folbergrová, V. Macmillan, Bo K. Siesjö",Journal of Neurochemistry,1972-11-01,193,General Brain-AI Structure Reviews and Methods,brain-structure,10.1111/j.1471-4159.1972.tb01310.x,9f80245198e1b2478cf3d81db467cfbf95c62989,https://doi.org/10.1111/j.1471-4159.1972.tb01310.x,JournalArticle,unknown,4,brain; brain/neural structure in title,
1972,"Uptake, metabolism and efflux of 14 C-5-hydroxytryptamine in isolated perfused rat lungs.",A. Junod,Journal of Pharmacology and Experimental Therapeutics,1972-11-01,193,Computational Neuroscience and Brain-Inspired AI,brain-structure,10.1016/s0022-3565(25)29346-6,6f2f336d010b5d4e7c2c1a0b9e7990035a5ed6ff,https://doi.org/10.1016/s0022-3565(25)29346-6,JournalArticle,unknown,7,brain; eeg; meg; historical computation/learning bridge,"The uptake, metabolism and efflux of 14C-5-hydroxytryptamine (5-HT) were studied in isolated rat lungs, artificially ventilated and perfused via the pulmonary artery with Krebs' medium containing 5 mM glucose and 4.5% bovine serum albumin."
1972,"Catalepsy and circling behaviour after intracerebral injections of neuroleptic, cholinergic and anticholinergic agents into the caudate-putamen, globus pallidus and substantia nigra of rat brain.","B. Costall, R. J. Naylor, J. Olley",Neuropharmacology,1972-09-01,192,General Brain-AI Structure Reviews and Methods,brain-structure,10.1016/0028-3908(72)90073-1,3902f67f2f9bad9e7452aeb4af852052a4d70470,https://doi.org/10.1016/0028-3908(72)90073-1,JournalArticle,unknown,5,brain; cerebral; brain/neural structure in title,
1972,Steroids and Brain Edema,"Harry, Demopoulos, Paul Milvy, Sophia Kakari, J. Ransohoff",Springer Berlin Heidelberg,1972,192,General Brain-AI Structure Reviews and Methods,brain-structure,10.1007/978-3-642-65448-0,814e22f7632c1a191afccd0729812274d2d89172,https://doi.org/10.1007/978-3-642-65448-0,paper,unknown,4,brain; brain/neural structure in title,
1972,Characterization and tissue localization of catecholamine synthesizing enzymes.,"M. Goldstein, K. Fuxe, T. Hökfelt",Pharmacological Reviews,1972-06-01,188,General Brain-AI Structure Reviews and Methods,brain-structure;clinical-neuroai,10.1016/s0031-6997(25)06917-0,a0758a5fd1f0f57f4096e12542b415d1845d3f8d,https://doi.org/10.1016/s0031-6997(25)06917-0,Review; JournalArticle,unknown,1,brain,"1 . Three enzymes involved in catecholamine biosynthesis, namely, aromatic-L-amino acid decarboxylase (AADC), dopamine-β-3-hydroxylase (DβH) and phenylethanolamine-N-methyl transferase (PNMT) were purified from bovine adrenal glands."
1972,Regulatory properties of soluble and particulate rat brain tyrosine hydroxylase.,"R. Kuczenski, A. Mandell",Journal of Biological Chemistry,1972-05-25,187,General Brain-AI Structure Reviews and Methods,brain-structure;neuroimaging,10.1016/s0021-9258(19)45221-6,a79ebf21e8e35e12a5726500175c0276d24f9f22,https://doi.org/10.1016/s0021-9258(19)45221-6,JournalArticle,unknown,4,brain; brain/neural structure in title,"Abstract Rat brain tyrosine hydroxylase exists in two distinct physical forms, a soluble and a membrane-bound form."
1972,Neuropathology of Organic Brain Syndromes Associated with Aging,N. Malamud,Unknown venue,1972,186,General Brain-AI Structure Reviews and Methods,brain-structure,10.1007/978-1-4684-8503-5_6,ca17fce3cbd7588c481b4483dd6ce2799ebf2e70,https://doi.org/10.1007/978-1-4684-8503-5_6,paper,unknown,4,brain; brain/neural structure in title,
1972,Psychotomimetic N-Methylated Tryptamines: Formation in Brain in vivo and in vitro,"J. Saavedra, J. Axelrod",Science,1972-03-24,182,General Brain-AI Structure Reviews and Methods,brain-structure,10.1126/science.175.4028.1365,d02fbb6f7f9a1fc6e8a3c06e96e4d68545460c84,https://doi.org/10.1126/science.175.4028.1365,JournalArticle,unknown,4,brain; brain/neural structure in title,
1972,CHANGES IN THE PROTEIN COMPOSITION OF MOUSE BRAIN MYELIN DURING DEVELOPMENT,"Pierre Morell, S. Greenfield, Elvira Costantino-Ceccarini, H. Wisniewski",Journal of Neurochemistry,1972-11-01,181,General Brain-AI Structure Reviews and Methods,brain-structure,10.1111/j.1471-4159.1972.tb01313.x,3b30c222f78d8f1b2174c01c79ff56497bb4215a,https://doi.org/10.1111/j.1471-4159.1972.tb01313.x,JournalArticle,unknown,4,brain; brain/neural structure in title,
1972,Neuronal degeneration in rat brain induced by 6-hydroxydopamine; a histological and biochemical study.,"J. Hedreen, J. Chalmers",Brain Research,1972-11-27,177,"Cellular, Synaptic, and Neuromorphic Foundations",brain-structure,10.1016/0006-8993(72)90248-X,f9cae140ea02211f82786bcf515e631b186084ab,https://doi.org/10.1016/0006-8993(72)90248-X,JournalArticle,unknown,5,brain; neuron; brain/neural structure in title,
1972,Reconstruction of brain tissue from cell suspensions. I. Aggregation patterns of cells dissociated from different regions of the developing brain.,"B. Garber, A. Moscona",Developmental Biology,1972-02-01,177,"Cellular, Synaptic, and Neuromorphic Foundations",brain-structure,10.1016/0012-1606(72)90099-1,9ccc2ee156b203d47cb40c1bb036b509b08eeece,https://doi.org/10.1016/0012-1606(72)90099-1,JournalArticle,unknown,4,brain; brain/neural structure in title,
1972,Evoked Brain Potentials in Psychiatry,C. Shagass,Springer US,1972,174,General Brain-AI Structure Reviews and Methods,brain-structure,10.1007/978-1-4615-8654-8,24b57ae9db634d962427d8d75ad91f4961c5bd2e,https://doi.org/10.1007/978-1-4615-8654-8,paper,unknown,4,brain; brain/neural structure in title,
1972,Estrogen formation in the brain.,"K. Ryan, F. Naftolin, V. Reddy, F. Flores, Z. Petro",American Journal of Obstetrics and Gynecology,1972-10-15,173,General Brain-AI Structure Reviews and Methods,brain-structure,10.1016/0002-9378(72)90204-9,ef8ccbf2893df80ec4a8484959ffadc88f1b8e40,https://doi.org/10.1016/0002-9378(72)90204-9,JournalArticle,unknown,4,brain; brain/neural structure in title,
1972,ET495 and brain catecholamine mechanisms: evidence for stimulation of dopamine receptors.,"H. Corrodi, H. Corrodi, L. Farnebo, L. Farnebo, K. Fuxe, K. Fuxe, et al.",European Journal of Pharmacology,1972-11-01,172,General Brain-AI Structure Reviews and Methods,brain-structure,10.1016/0014-2999(72)90149-5,413e7189040715441748199a63c59d43fb2b95a1,https://doi.org/10.1016/0014-2999(72)90149-5,JournalArticle,unknown,4,brain; brain/neural structure in title,
1972,Effects of amphetamine on the turnover rate of brain catecholamines and motor activity,"E. Costa, A. Groppetti, M. Naimzada",British Journal of Pharmacology,1972-04-01,171,General Brain-AI Structure Reviews and Methods,brain-structure,10.1111/j.1476-5381.1972.tb07312.x,4f0f517100edb9856aa6a83108bb4fd1a8092454,https://doi.org/10.1111/j.1476-5381.1972.tb07312.x,JournalArticle,unknown,4,brain; brain/neural structure in title,
1972,The avian brain,R. Pearson,Unknown venue,1972,171,General Brain-AI Structure Reviews and Methods,brain-structure,,c6943c1fb7036be5c600674fc70a1c1cf33ccae3,https://www.semanticscholar.org/paper/c6943c1fb7036be5c600674fc70a1c1cf33ccae3,paper,unknown,4,brain; brain/neural structure in title,
1972,HISTAMINE FORMATION IN RAT BRAIN IN VIVO: EFFECTS OF HISTIDINE LOADS 1 2,"J. Schwartz, C. Lampart, C. Rose",Journal of Neurochemistry,1972-03-01,170,General Brain-AI Structure Reviews and Methods,brain-structure,10.1111/j.1471-4159.1972.tb01394.x,56125558a34f6323251fc9ad1824deaa7ba12f7f,https://doi.org/10.1111/j.1471-4159.1972.tb01394.x,JournalArticle,unknown,4,brain; brain/neural structure in title,
1972,Experimental Brain Ischemia: Protection From Irreversible Damage With a Rapid-Acting Barbiturate (Methohexital),"F. Yatsu, Ivan Diamond, C. Graziano, P. Lindquist",Stroke,1972-11-01,169,Clinical NeuroAI and Brain Disorders,brain-structure;clinical-neuroai,10.1161/01.STR.3.6.726,0bde15ce37359df3f77bb4558ce0e10da2cd71a8,https://doi.org/10.1161/01.STR.3.6.726,JournalArticle,unknown,4,brain; brain/neural structure in title,
1972,7 - Representation in the Cerebral Cortex and Its Areal Lamination Patterns,F. Sanides,Unknown venue,1972,168,"Brain Decoding, Representation Learning, and BCI",brain-structure;decoding,10.1016/B978-0-12-119285-3.50013-1,a8bd08ad84f6b860d85392cbcdf7ac2fbccc573d,https://doi.org/10.1016/B978-0-12-119285-3.50013-1,paper,unknown,6,brain; cerebral; cortex; brain/neural structure in title,
1972,The metaphorical brain 2 - neural networks and beyond (2. ed.),M. Arbib,Unknown venue,1972,168,"Connectomics, Graph Models, and Brain Networks",brain-structure;connectome;deep-learning,,08b176e59c6ec3fbdb975542d3913ccf88780170,https://www.semanticscholar.org/paper/08b176e59c6ec3fbdb975542d3913ccf88780170,paper,unknown,17,brain; neural; neural network; brain/neural structure in title; explicit brain-structure/AI bridge,
1972,Changes During Weeks in Effects of Tricyclic Drugs on the Human Sleeping Brain,"D. Dunleavy, Vlasta Březinová, Ian Oswald, A. W. MacLean, M. Tinker",British Journal of Psychiatry,1972-06-01,166,Clinical NeuroAI and Brain Disorders,brain-structure;clinical-neuroai,10.1192/bjp.120.559.663,0075e48c0323391e4a041a0215159340f6059569,https://doi.org/10.1192/bjp.120.559.663,JournalArticle; ClinicalTrial; Study,unknown,4,brain; brain/neural structure in title,
1972,UPTAKE AND RELEASE OF TAURINE FROM RAT BRAIN SLICES,"L. Kaczmarek, A. Davison",Journal of Neurochemistry,1972-10-01,166,General Brain-AI Structure Reviews and Methods,brain-structure,10.1111/j.1471-4159.1972.tb01289.x,b389bc47e97134fcb853fb3f5a9766c32c2e07b6,https://doi.org/10.1111/j.1471-4159.1972.tb01289.x,JournalArticle,unknown,4,brain; brain/neural structure in title,
1972,Changes in interhemispheric amplitude relationships in the EEG during sleep.,"L. Goldstein, Neal W. Stoltzfus, J. F. Gardocki",Physiology and Behavior,1972-05-01,165,"Cognitive Architectures, Learning, and Systems Neuroscience",neural-signals,10.1016/0031-9384(72)90289-2,f076a17bf773aa91e1c332b6d7782113e52ee439,https://doi.org/10.1016/0031-9384(72)90289-2,JournalArticle,unknown,2,eeg; meg,
1972,"Positional distribution and turnover of fatty acids in phosphatidic acid, phosphinositides, phosphatidylcholine and phosphatidylethanolamine in rat brain in vivo.","R. Baker, William Forde Thompson",Biochimica et Biophysica Acta,1972-08-11,165,General Brain-AI Structure Reviews and Methods,brain-structure,10.1016/0005-2760(72)90114-2,999544d27f92d27cd5e46f73c1eaf4142fa63b10,https://doi.org/10.1016/0005-2760(72)90114-2,JournalArticle,unknown,4,brain; brain/neural structure in title,
1972,Cerebral changes in rats exposed individually to an enriched environment.,"M. Rosenzweig, E. Bennett",Journal of Comparative and Physiological Psychology,1972-08-01,162,General Brain-AI Structure Reviews and Methods,brain-structure,10.1037/H0032978,d95a882fd9a0046690a196013b6f91aeec83124b,https://doi.org/10.1037/H0032978,JournalArticle,unknown,2,brain; cerebral,
1972,Barbiturate-induced glycogen accumulation in brain. An electron microscopic study.,C. Phelps,Brain Research,1972-04-14,161,General Brain-AI Structure Reviews and Methods,brain-structure,10.1016/0006-8993(72)90797-4,a1fd0c548484b0602a9154613ad54a8492141a2f,https://doi.org/10.1016/0006-8993(72)90797-4,JournalArticle,unknown,4,brain; brain/neural structure in title,
1972,Fluorometric estimation of 4-hydroxy-3-methoxyphenylethyleneglycol sulphate in brain,"J. Meek, N. Neff",British Journal of Pharmacology,1972-07-01,159,General Brain-AI Structure Reviews and Methods,brain-structure,10.1111/j.1476-5381.1972.tb08099.x,c2b887a8ba25fcaaaa49ea4cc197d77308fdd0ba,https://doi.org/10.1111/j.1476-5381.1972.tb08099.x,JournalArticle,unknown,4,brain; brain/neural structure in title,
1972,Heat storage in running antelopes: independence of brain and body temperatures.,"C. Taylor, C. P. Lyman",American Journal of Physiology,1972,159,General Brain-AI Structure Reviews and Methods,brain-structure,10.1152/AJPLEGACY.1972.222.1.114,ab71b506e6e692e964094e753cfcb8655f6751c0,https://doi.org/10.1152/AJPLEGACY.1972.222.1.114,JournalArticle,unknown,4,brain; brain/neural structure in title,
1972,"Infantile hydrocephalus: clinical, histological, and ultrastructural study of brain damage.","R. Weller, Kenneth Shulman",Journal of Neurosurgery,1972-03-01,159,Clinical NeuroAI and Brain Disorders,brain-structure;clinical-neuroai,10.3171/JNS.1972.36.3.0255,ae9c1ae2232ce1d6f6fb401351e80708d61082ef,https://doi.org/10.3171/JNS.1972.36.3.0255,JournalArticle,unknown,4,brain; brain/neural structure in title,
1972,Active-site-directed irreversible inhibition of rat brain 4-aminobutyrate aminotransferase by ethanolamine O-sulphate in vitro and in vivo.,"L. Fowler, R. John",Biochemical Journal,1972-11-01,158,General Brain-AI Structure Reviews and Methods,brain-structure,10.1042/BJ1300569,69d880b283b58ca59443e364970aa6ec6b7df6a1,https://doi.org/10.1042/BJ1300569,JournalArticle,unknown,4,brain; brain/neural structure in title,
1972,"EFFECTS OF 5,6-DIHYDROXYTRYPTAMINE ON MONOAMINERGIC NEURONES IN THE CENTRAL NERVOUS SYSTEM OF THE RAT","H. Baumgarten, K. D. Evetts, R. Holman, L. Iversen, M. Vogt, Gay Wilson",Journal of Neurochemistry,1972-06-01,158,"Cellular, Synaptic, and Neuromorphic Foundations",,10.1111/j.1471-4159.1972.tb05102.x,f064118697bb22b32d0d17be63959c6299393c8e,https://doi.org/10.1111/j.1471-4159.1972.tb05102.x,JournalArticle,unknown,1,neuron,
1972,MOUSE THYMUS-INDEPENDENT AND THYMUS-DERIVED LYMPHOID CELLS,"J. Lamelin, B. Lisowska-bernstein, A. Matter, J. Ryser, Pierre Vassalli",Journal of Experimental Medicine,1972-10-31,158,"Connectomics, Graph Models, and Brain Networks",brain-structure;connectome,10.1084/jem.136.5.984,216e8aaad648518e49f7dbb65882aa9726711a60,https://doi.org/10.1084/jem.136.5.984,JournalArticle,unknown,1,brain,ions of heterologous antisera directed against thymus-derived (T) cell mouse-specific lymphocyte antigen and brain-associated theta antigen (MSLA and BAθ) or thymus-independent (B) cell mouse-specific bone marrow-derived lymphocyte antigen (MBLA) surface antigens allowed direct proof of the different specificity of these antisera by double immunofluorescence (IF) staining with selective visualization of fluorochromes.
1972,Brain Function and Adaptive Systems: A Heterostatic Theory,A. Klopf,Unknown venue,1972-03-03,157,General Brain-AI Structure Reviews and Methods,brain-structure,,0c1accd2ef7218534a1726a8de7d6e7c14271a75,https://www.semanticscholar.org/paper/0c1accd2ef7218534a1726a8de7d6e7c14271a75,paper,unknown,4,brain; brain/neural structure in title,
1972,Long-term effects of p-chloroamphetamine on tryptophan hydroxylase activity and on the levels of 5-hydroxytryptamine and 5-hydroxyindole acetic acid in brain.,"Elaine Sanders-Bush, J. A. Bushing, Fridolin Sulser",European Journal of Pharmacology,1972-12-01,156,General Brain-AI Structure Reviews and Methods,brain-structure,10.1016/0014-2999(72)90204-X,e1f0c150a8a208d1c1c3bce6af4481cc857920b8,https://doi.org/10.1016/0014-2999(72)90204-X,JournalArticle,unknown,4,brain; brain/neural structure in title,
1972,Methods for Perfusing Different Structures of the Brain,R. D. Myers,Unknown venue,1972,156,General Brain-AI Structure Reviews and Methods,brain-structure,10.1016/B978-0-12-512302-0.50011-0,732fbd8e5382357c0082eed1a422da024059aa05,https://doi.org/10.1016/B978-0-12-512302-0.50011-0,paper,unknown,4,brain; brain/neural structure in title,
1972,Glutamate uptake by brain slices and its relation to the depolarization of neurones by acidic amino acids.,"V. Balcar, G. Johnston",Journal of Neurobiology,1972,155,"Cellular, Synaptic, and Neuromorphic Foundations",brain-structure,10.1002/NEU.480030403,57e701f9dc4102dce6d47db96a13b27cf2da8949,https://doi.org/10.1002/NEU.480030403,JournalArticle,unknown,5,brain; neuron; brain/neural structure in title,
1972,The Insect Blood-Brain Barrier,"J. Treherne, Y. Pichon",Unknown venue,1972,154,General Brain-AI Structure Reviews and Methods,brain-structure,10.1016/S0065-2806(08)60278-7,adaf9664cefde2c08cc782e9878d40ed81586bda,https://doi.org/10.1016/S0065-2806(08)60278-7,paper,unknown,4,brain; brain/neural structure in title,
1972,The effects of selective lesioning of brain serotonin or catecholamine containing neurones on the anorectic activity of fenfluramine and amphetamine.,"R. Samanin, D. Ghezzi, L. Valzelli, S. Garattini",European Journal of Pharmacology,1972-09-01,152,"Cellular, Synaptic, and Neuromorphic Foundations",brain-structure,10.1016/0014-2999(72)90097-0,428aba2eeb2dc336c1a757e590b22c85019ec868,https://doi.org/10.1016/0014-2999(72)90097-0,JournalArticle,unknown,5,brain; neuron; brain/neural structure in title,
1972,The metaphorical brain : an introduction to cybernetics as artificial intelligence and brain theory,"M. Arbib, A. Lecci",Unknown venue,1972,150,Computational Neuroscience and Brain-Inspired AI,brain-structure,,93f62439427a60f18ccc769111d2364356e44b52,https://www.semanticscholar.org/paper/93f62439427a60f18ccc769111d2364356e44b52,paper,unknown,20,brain; artificial intelligence; computational neuroscience; brain/neural structure in title; explicit brain-structure/AI bridge,
1972,The distribution of lipids in the human nervous system. II. Lipid composition of human fetal and infant brain.,"L. Svennerholm, M. Vanier",Brain Research,1972-12-12,149,General Brain-AI Structure Reviews and Methods,brain-structure,10.1016/0006-8993(72)90652-X,e4487ebab01598ba34d4b33087cfce504ef92a3c,https://doi.org/10.1016/0006-8993(72)90652-X,JournalArticle,unknown,4,brain; brain/neural structure in title,
1972,ZINC IN MATURING RAT BRAIN: HIPPOCAMPAL CONCENTRATION AND LOCALIZATION 1,"I. Crawford, J. Connor",Journal of Neurochemistry,1972-06-01,149,General Brain-AI Structure Reviews and Methods,brain-structure,10.1111/j.1471-4159.1972.tb05088.x,30b8547ec19819fd3360a3dec6fe407989194c09,https://doi.org/10.1111/j.1471-4159.1972.tb05088.x,JournalArticle,unknown,4,brain; brain/neural structure in title,
1972,Non-specific histopathological changes induced by the intracerebral injection of 6-hydroxy-dopamine (6-OH-DA).,"L. Poirier, P. Langelier, Roberge Ag, R. Boucher, A. Kitsikis",Journal of Neurological Sciences,1972-08-01,148,General Brain-AI Structure Reviews and Methods,brain-structure,10.1016/0022-510X(72)90047-0,e2ec7318584c850e30cc359af8789edb140e9da3,https://doi.org/10.1016/0022-510X(72)90047-0,JournalArticle,unknown,2,brain; cerebral,
1972,OCCURRENCE AND DISTRIBUTION OF AROMATIC l-AMINO ACID (l-DOPA) DECARBOXYLASE IN THE HUMAN BRAIN,"K. Lloyd, O. Hornykiewicz",Journal of Neurochemistry,1972-06-01,148,General Brain-AI Structure Reviews and Methods,brain-structure,10.1111/j.1471-4159.1972.tb05099.x,805ae5ddc9fd2aea0d5141f47d7159b280b28310,https://doi.org/10.1111/j.1471-4159.1972.tb05099.x,JournalArticle,unknown,4,brain; brain/neural structure in title,
1972,NEUROPATHOLOGIC STUDY OF FOURTEEN CASES OF MALIGNANT BRAIN TUMOR TREATED BY BORON-10 SLOW NEUTRON CAPTURE RADIATION,"A. Asbury, R. Ojemann, S. Nielsen, W. Sweet",Journal of Neuropathology and Experimental Neurology,1972-04-01,147,Clinical NeuroAI and Brain Disorders,brain-structure,10.1097/00005072-197204000-00005,d46e7990c22d7df047ee4b7a2738fe295b52f460,https://doi.org/10.1097/00005072-197204000-00005,JournalArticle,unknown,4,brain; brain/neural structure in title,
1972,Experimental vasoconstriction of cerebral arteries by prostaglandins.,"Y. Lucas Yamamoto, W. Feindel, Leonhard S. Wolfe, H. Katoh, C. Hodge",Journal of Neurosurgery,1972-10-01,146,General Brain-AI Structure Reviews and Methods,brain-structure,10.3171/JNS.1972.37.4.0385,b2863a47dd60207eb7da0cd48f32e23af772ebfc,https://doi.org/10.3171/JNS.1972.37.4.0385,JournalArticle,unknown,2,brain; cerebral,
1972,"Radioimmunoassay for cyclic nucleotides. 3. Effect of ischemia, changes during development and regional distribution of adenosine 3',5'-monophosphate and guanosine 3',5'-monophosphate in mouse brain.","A. Steiner, J. Ferrendelli, D. Kipnis",Journal of Biological Chemistry,1972-02-25,146,General Brain-AI Structure Reviews and Methods,brain-structure,,e2cdd6c41a15ff3f8c59db9ef4a9843f42bb7cb2,https://www.semanticscholar.org/paper/e2cdd6c41a15ff3f8c59db9ef4a9843f42bb7cb2,JournalArticle,unknown,4,brain; brain/neural structure in title,
1972,An analysis of lesion development in the brain and in plastics by high-intensity focused ultrasound at low-megahertz frequencies.,"T. Robinson, P. P. Lele",Journal of the Acoustical Society of America,1972-04-01,143,"Electrophysiology, Neural Signals, and AI Decoding",brain-structure;neural-signals,10.1121/1.1912979,3014bc69ca352acb2650474a4dbbe024d51a5249,https://doi.org/10.1121/1.1912979,JournalArticle,unknown,6,brain; eeg; meg; brain/neural structure in title,
1972,Characteristics of the swallowing reflex induced by peripheral nerve and brain stem stimulation.,A. J. Miller,Experimental Neurology,1972-02-01,141,General Brain-AI Structure Reviews and Methods,brain-structure,10.1016/0014-4886(72)90168-9,497014264ba00adf3e294eb298254f2a187e0721,https://doi.org/10.1016/0014-4886(72)90168-9,JournalArticle,unknown,4,brain; brain/neural structure in title,
1972,Early neuron differentiation in the mouse olfactory bulb. I. Light microscopy,J. Hinds,Unknown venue,1972-10-01,140,"Cellular, Synaptic, and Neuromorphic Foundations",,10.1002/cne.901460207,4c08415387db233e45c7fed452b53b6a496d07c1,https://doi.org/10.1002/cne.901460207,paper,unknown,1,neuron,
1972,Electron microscopical studies on rat brain neurons. Localization of acid phosphatase and mode of formation of lipofuscin bodies.,"U. Brunk, U. Brunk, Jan L. E. Ericsson, Jan L. E. Ericsson",Journal of Ultrastructure Research,1972,140,"Cellular, Synaptic, and Neuromorphic Foundations",brain-structure,10.1016/S0022-5320(72)90080-9,1c5ecdec646b0e9edbd21d66881ad2374666310e,https://doi.org/10.1016/S0022-5320(72)90080-9,JournalArticle,unknown,5,brain; neuron; brain/neural structure in title,
1972,Intracerebral androgens and sexual behavior in the male rat,P. Johnston,Unknown venue,1972-12-01,140,"Cognitive Architectures, Learning, and Systems Neuroscience",brain-structure,10.1016/0018-506X(72)90024-4,2c96b37d505fa0dc67c4c76dd735f6e085b353e1,https://doi.org/10.1016/0018-506X(72)90024-4,paper,unknown,1,cerebral,
1972,LH syndrome and brain catecholamine levels after lesions of the nigrostriatal bundle.,"G. Oltmans, John A. Harvey",Physiology and Behavior,1972,140,"Cognitive Architectures, Learning, and Systems Neuroscience",brain-structure,10.1016/0031-9384(72)90131-X,accea054637c88e0d040fff261f79b1992442124,https://doi.org/10.1016/0031-9384(72)90131-X,JournalArticle,unknown,4,brain; brain/neural structure in title,
1972,γ-Aminobutyric Acid Uptake by Sympathetic Ganglia,"N. Bowery, D. A. Brown",Unknown venue,1972-07-19,140,General Brain-AI Structure Reviews and Methods,,10.1038/NEWBIO238089A0,d5b6f4479b689e36ac85b35f714fc4f5cbe43aa8,https://doi.org/10.1038/NEWBIO238089A0,paper,unknown,0,Semantic Scholar brain-AI query,
1972,Base exchange reactions of the phospholipids in rat brain particles.,J. Kanfer,Journal of Lipid Research,1972-07-01,139,General Brain-AI Structure Reviews and Methods,brain-structure,,49d9c05baecb9af0d647757f4e6fd1483d93864c,https://www.semanticscholar.org/paper/49d9c05baecb9af0d647757f4e6fd1483d93864c,JournalArticle,unknown,4,brain; brain/neural structure in title,
1972,The topography of impaired micro vascular perfusion in the primate brain following total circulatory arrest,"M. Ginsberg, R. Myers",Neurology,1972-09-01,136,"Connectomics, Graph Models, and Brain Networks",brain-structure;connectome,10.1212/WNL.22.9.998,2a47530591cd2fdedae52e83bad370e99604e4eb,https://doi.org/10.1212/WNL.22.9.998,JournalArticle,unknown,4,brain; brain/neural structure in title,
1972,The transformation of testosterone into dihydrotestosterone by the brain and the anterior pituitary.,"R. Massa, E. Stupnicka, Z. Kniewald, L. Martini",Journal of Steroid Biochemistry,1972-04-01,136,General Brain-AI Structure Reviews and Methods,brain-structure,10.1016/0022-4731(72)90085-4,07da4e2da05ac4ba111aca88cc5de3f4957c865f,https://doi.org/10.1016/0022-4731(72)90085-4,JournalArticle,unknown,4,brain; brain/neural structure in title,
1972,"Chemical and Anatomical Plasticity of Brain: Replications and Extensions, 1970","M. Rosenzweig, E. Bennett, M. Diamond",Unknown venue,1972,134,"Cellular, Synaptic, and Neuromorphic Foundations",brain-structure,10.1007/978-1-4684-6042-1_12,6cd9d2c3906c861200fcfecfd83375d044f3c27d,https://doi.org/10.1007/978-1-4684-6042-1_12,paper,unknown,4,brain; brain/neural structure in title,
1972,"The presence of 2′, 3′-cyclic AMP 3′-phosphohydrolase in glial cells in tissue culture","J. Zanetta, P. Benda, G. Gombos, I. Morgan",Journal of Neurochemistry,1972-03-01,134,"Cellular, Synaptic, and Neuromorphic Foundations",,10.1111/j.1471-4159.1972.tb01401.x,b4718057d5db80dce38e73ad7ffb32c0db2e117a,https://doi.org/10.1111/j.1471-4159.1972.tb01401.x,JournalArticle,unknown,0,Semantic Scholar brain-AI query,
1972,Biogenic monoamines in the cyclostome and lower vertebrate brain.,H. Baumgarten,Progress in Histochemistry and Cytochemistry,1972,132,General Brain-AI Structure Reviews and Methods,brain-structure,10.1016/s0079-6336(72)80008-1,9f0f4aafccf39367268fd658f165869d40e7cc44,https://doi.org/10.1016/s0079-6336(72)80008-1,Review; JournalArticle,unknown,4,brain; brain/neural structure in title,
1972,Cortical-subcortical EEG correlates of suppressed motor behavior during sleep and waking in the cat.,"R.C Howe, M. Sterman",Electroencephalography and Clinical Neurophysiology,1972-06-01,132,"Connectomics, Graph Models, and Brain Networks",brain-structure;connectome;neural-signals;clinical-neuroai,10.1016/0013-4694(72)90104-6,18b9a8249aa156a0548223b89a28344f7dfded42,https://doi.org/10.1016/0013-4694(72)90104-6,JournalArticle,unknown,3,cortical; eeg; meg,
1972,DYNAMICS OF THE REGULATION OF HISTAMINE LEVELS IN MOUSE BRAIN 1,"Kenneth M. Taylor, Solomon H. Snyder",Journal of Neurochemistry,1972-02-01,130,General Brain-AI Structure Reviews and Methods,brain-structure,10.1111/j.1471-4159.1972.tb01344.x,6f020f5bbb8a1a32f9f2f32715a95c1a9cafb939,https://doi.org/10.1111/j.1471-4159.1972.tb01344.x,JournalArticle,unknown,4,brain; brain/neural structure in title,
1972,ORNITHINE DECARBOXYLASE ACTIVITY IN DEVELOPING RAT BRAIN 1,"T. R. Anderson, S. Schanberg",Journal of Neurochemistry,1972-06-01,129,General Brain-AI Structure Reviews and Methods,brain-structure,10.1111/j.1471-4159.1972.tb05090.x,2b0c350b2214a344c393813e0d5c1f7c5ee53494,https://doi.org/10.1111/j.1471-4159.1972.tb05090.x,JournalArticle,unknown,4,brain; brain/neural structure in title,
1972,A TECHNIQUE FOR MEASURING BRAIN PROTEIN SYNTHESIS,"P. Garlick, I. Marshall",Journal of Neurochemistry,1972-03-01,128,General Brain-AI Structure Reviews and Methods,brain-structure,10.1111/j.1471-4159.1972.tb01375.x,868311fc44f1ce843387be5991ee741eac9e7894,https://doi.org/10.1111/j.1471-4159.1972.tb01375.x,JournalArticle,unknown,4,brain; brain/neural structure in title,
1972,Experience with brain abscesses.,"M. E. Carey, S. Chou, L. French",Journal of Neurosurgery,1972,128,General Brain-AI Structure Reviews and Methods,brain-structure,10.3171/JNS.1972.36.1.0001,1ebc4c52a38f1e57990472617573cdc516e3e6a2,https://doi.org/10.3171/JNS.1972.36.1.0001,JournalArticle,unknown,4,brain; brain/neural structure in title,
1972,Generation times of the matrix cells during embryonic brain development: an autoradiographic study in rats.,"R. Waechter, Brigitte Jaensch",Brain Research,1972-11-13,128,"Connectomics, Graph Models, and Brain Networks",brain-structure;connectome,10.1016/0006-8993(72)90018-2,6009fb0168e29018e235a0e6686125cdab91a395,https://doi.org/10.1016/0006-8993(72)90018-2,JournalArticle,unknown,4,brain; brain/neural structure in title,
1972,The Man with a Shattered World: The History of a Brain Wound,A. Luria,Unknown venue,1972,128,General Brain-AI Structure Reviews and Methods,brain-structure,,c145f11c88f41b28da1415f7d312ccba7304830c,https://www.semanticscholar.org/paper/c145f11c88f41b28da1415f7d312ccba7304830c,paper,unknown,4,brain; brain/neural structure in title,
1972,Cholinergic mechanisms in the rat somatosensory cerebral cortex,T. Stone,Journal of Physiology,1972-09-01,127,General Brain-AI Structure Reviews and Methods,brain-structure,10.1113/jphysiol.1972.sp009951,b1a337fb5a3c0c1ca178f4de8be0b82cc4790aa3,https://doi.org/10.1113/jphysiol.1972.sp009951,JournalArticle,unknown,6,brain; cerebral; cortex; brain/neural structure in title,
1972,Effects of catecholamines and adenosine derivatives given into the brain of fowls,"E. Marley, G. Nisticó",British Journal of Pharmacology,1972-12-01,126,General Brain-AI Structure Reviews and Methods,brain-structure,10.1111/j.1476-5381.1972.tb06888.x,e90d0c1f3103dfc581faad633f71747571cf9837,https://doi.org/10.1111/j.1476-5381.1972.tb06888.x,JournalArticle,unknown,4,brain; brain/neural structure in title,
1972,EFFECTS OF ELECTRICAL STIMULATION OF RAT MIDBRAIN ON 5-HYDROXYTRYPTAMINE SYNTHESIS AS DETERMINED BY A SENSITIVE RADIOISOTOPE METHOD,"P. Shields, D. Eccleston",Journal of Neurochemistry,1972-02-01,126,General Brain-AI Structure Reviews and Methods,brain-structure,10.1111/j.1471-4159.1972.tb01336.x,d5b43cee09d5db9041102ff1e08171e06e29ab6b,https://doi.org/10.1111/j.1471-4159.1972.tb01336.x,JournalArticle,unknown,4,brain; brain/neural structure in title,
1972,Growth and development of the rabbit brain.,"S. Harel, K. Watanabe, I. Linke, R. Schain",Biology of the Neonate,1972,126,General Brain-AI Structure Reviews and Methods,brain-structure,10.1159/000240527,3aa0184dce8ad84fbe319b788cf998a8150a196c,https://doi.org/10.1159/000240527,JournalArticle,unknown,4,brain; brain/neural structure in title,
1972,Potassium-selective microelectrodes used for measuring the extracellular brain potassium during spreading depression and anoxic depolarization in rats.,"F. Vyskocil, N. Kritz, J. Bureš",Brain Research,1972,126,"Cellular, Synaptic, and Neuromorphic Foundations",brain-structure,,0084d4d1fca163fc1590dd9c4f7c49c9194aaaad,https://www.semanticscholar.org/paper/0084d4d1fca163fc1590dd9c4f7c49c9194aaaad,JournalArticle,unknown,4,brain; brain/neural structure in title,
1972,Barbiturates and meprobamate: decreases in cathecholamine turnover of central dopamine and noradrenaline neuronal systems and the influence of immobilization stress.,"Peter Lidbrink, Hans Corrodi, K. Fuxe, Lars Olson",Brain Research,1972-10-27,125,"Cellular, Synaptic, and Neuromorphic Foundations",brain-structure,10.1016/0006-8993(72)90479-9,3ba8e5f55ba60182bb13dda03f1b49d7ee84f805,https://doi.org/10.1016/0006-8993(72)90479-9,JournalArticle,unknown,1,neuron,
1972,Biological Sciences: Human Brain Monoamine Oxidase: Multiple Forms and Selective Inhibitors,"M. Youdim, G. Collins, M. Sandler, A. B. Jones, C. Pare, W. Nicholson",Nature,1972-03-31,125,General Brain-AI Structure Reviews and Methods,brain-structure,10.1038/236225B0,3d329bab409fa30109318aed016823aec26f08b5,https://doi.org/10.1038/236225B0,JournalArticle,unknown,4,brain; brain/neural structure in title,
1972,Purification and properties of rat brain hexokinase.,"A. Chou, John E. Wilson",Archives of Biochemistry and Biophysics,1972-07-01,125,General Brain-AI Structure Reviews and Methods,brain-structure,10.1016/0003-9861(72)90471-7,6a9fe7bd117a44ada4f8dcf9cf788a982c41b883,https://doi.org/10.1016/0003-9861(72)90471-7,JournalArticle,unknown,4,brain; brain/neural structure in title,
1972,Radiology of the Skull and Brain: The Skull,E. Heinz,Unknown venue,1972-08-01,124,General Brain-AI Structure Reviews and Methods,brain-structure,10.1148/104.2.320,1c44fe5b857c380df7287a48f55adffcd4e40502,https://doi.org/10.1148/104.2.320,paper,unknown,4,brain; brain/neural structure in title,
1972,Cerebral Miliary Aneurysms in Hypertension,Fisher Cm,Unknown venue,1972-02-01,123,General Brain-AI Structure Reviews and Methods,brain-structure,,c5192ec0730b19420225b3af83faf24bd1314b29,https://www.semanticscholar.org/paper/c5192ec0730b19420225b3af83faf24bd1314b29,Review,unknown,2,brain; cerebral,
1972,Morphine-induced increases in the incorporation of 14 C-Tyrosine into 14 C-Dopamine and 14 C-norepinephrine in the mouse brain: antagonism by naloxone and tolerance.,"C. Smith, M. Sheldon, J. H. Bednarczyk, J. Villarreal",Journal of Pharmacology and Experimental Therapeutics,1972-03-01,123,General Brain-AI Structure Reviews and Methods,brain-structure,10.1016/s0022-3565(25)29138-8,0861bcd829996def994837d0487af908f6617ff3,https://doi.org/10.1016/s0022-3565(25)29138-8,JournalArticle,unknown,8,brain; cerebral; cortex; cerebellum; brainstem; brain/neural structure in title,The effects of morphine and levorphanol upon the incorporation of 14 C-tyrosine into 14 C-catecholamines in various tissues of the mouse were determined.
1972,Primary vestibulocerebellar fibers in the monkey: distribution of fibers arising from distinctive cell groups of the vestibular ganglia.,"Malcolm B. Carpenter, B. Stein, Philip Peter",American Journal of Anatomy,1972-10-01,123,"Cellular, Synaptic, and Neuromorphic Foundations",,10.1002/AJA.1001350209,0f2bcfe687c9ad685206653c1577bb9aacff2c01,https://doi.org/10.1002/AJA.1001350209,JournalArticle,unknown,0,Semantic Scholar brain-AI query,
1972,Reconstruction of brain tissue from cell suspensions. 2. Specific enhancement of aggregation of embryonic cerebral cells by supernatant from homologous cell cultures.,"B. Garber, A. Moscona",Developmental Biology,1972-02-01,123,"Cellular, Synaptic, and Neuromorphic Foundations",brain-structure,10.1016/0012-1606(72)90100-5,b359d93499dee9bb2825f8ca42f73dd4557b48ef,https://doi.org/10.1016/0012-1606(72)90100-5,JournalArticle,unknown,5,brain; cerebral; brain/neural structure in title,
1972,THE REGIONAL AND SUBCELLULAR DISTRIBUTION OF CATECHOL-O-METHYL TRANSFERASE IN THE RAT BRAIN,"O. J. Broch, F. Fonnum",Journal of Neurochemistry,1972-09-01,123,"Cellular, Synaptic, and Neuromorphic Foundations",brain-structure,10.1111/j.1471-4159.1972.tb05115.x,c06b5ce2efa5d2246247ed665e75b9adab7ea3cf,https://doi.org/10.1111/j.1471-4159.1972.tb05115.x,JournalArticle,unknown,4,brain; brain/neural structure in title,
1972,Phospholipids and acyl groups of synaptosomal and myelin membranes isolated from the cerebral cortex of squirrel monkey (Saimiri sciureus).,"G. Sun, Y. Sun",Biochimica et Biophysica Acta,1972-10-05,122,General Brain-AI Structure Reviews and Methods,brain-structure,10.1016/0005-2760(72)90098-7,b7ba0c660555c84867a3883bdbe7b8ec3c331916,https://doi.org/10.1016/0005-2760(72)90098-7,JournalArticle,unknown,6,brain; cerebral; cortex; brain/neural structure in title,
1972,Phosphoprotein phosphatases from rat cerebral cortex. Subcellular distribution and characterization.,"H. Maeno, P. Greengard",Journal of Biological Chemistry,1972-05-25,122,"Cellular, Synaptic, and Neuromorphic Foundations",brain-structure,,113af507ba57be404b8cb2bbae8df780268707c8,https://www.semanticscholar.org/paper/113af507ba57be404b8cb2bbae8df780268707c8,JournalArticle,unknown,6,brain; cerebral; cortex; brain/neural structure in title,
1972,Temporal Lobe Epilepsy: Its Possible Contribution to the Understanding of the Functional Significance of the Amygdala and of Its Interaction with Neocortical-Temporal Mechanisms,P. Gloor,Unknown venue,1972,122,Clinical NeuroAI and Brain Disorders,brain-structure;clinical-neuroai,10.1007/978-1-4615-8987-7_15,2341f5a35e100e51e052842b3bbed38aeccf42d8,https://doi.org/10.1007/978-1-4615-8987-7_15,paper,unknown,2,cortical; amygdala,
1972,CHANGES IN BLOOD FLOW IN THE COMPONENT STRUCTURES OF THE DOG BRAIN DURING POSTNATAL MATURATION,"C. Kennedy, G. Grave, J. Jehle, L. Sokoloff",Journal of Neurochemistry,1972-10-01,121,General Brain-AI Structure Reviews and Methods,brain-structure,10.1111/j.1471-4159.1972.tb01296.x,f4d5887909124bb8676ee992aa25e2739dc41f38,https://doi.org/10.1111/j.1471-4159.1972.tb01296.x,JournalArticle,unknown,4,brain; brain/neural structure in title,
1972,Loss of Genes coding for Ribosomal RNA in Ageing Brain Cells,"Roger D. Johnson, B. Strehler",Nature,1972-12-15,121,"Cellular, Synaptic, and Neuromorphic Foundations",brain-structure,10.1038/240412A0,f5cf49515e87b32dad87c00217515323e69f33b4,https://doi.org/10.1038/240412A0,JournalArticle; Review,unknown,4,brain; brain/neural structure in title,
1972,A Neural Effect of Partial Visual Deprivation in Humans,"Ralph D. Freeman, D. Mitchell, Michel Millodot",Science,1972-03-24,120,General Brain-AI Structure Reviews and Methods,,10.1126/science.175.4028.1384,b68de76001563c59f0aa835cf7a84340d9929bf5,https://doi.org/10.1126/science.175.4028.1384,JournalArticle,unknown,5,brain; neural; brain/neural structure in title,
1972,"Prenatal toxicity, maternal distribution and placental transfer of tetrahydrocannabinol.","R. Harbison, B. Mantilla-Plata",Journal of Pharmacology and Experimental Therapeutics,1972-02-01,120,General Brain-AI Structure Reviews and Methods,brain-structure,10.1016/s0022-3565(25)29124-8,3b55cd066a14d94f4555fb6ccd7489e9fdc58538,https://doi.org/10.1016/s0022-3565(25)29124-8,JournalArticle,unknown,1,brain,Δ 9 -Tetrahydrocannabinol (Δ 9 -THC) was embryo- or fetocidal when administered to pregnant mice.
1972,Choline metabolism in the cerebral cortex of guinea pigs. Stable-bound acetylcholine.,"L. A. Barker, M. Dowdall, V. P. Whittaker",Biochemical Journal,1972-12-01,119,General Brain-AI Structure Reviews and Methods,brain-structure,10.1042/BJ1301063,4fbfd16530fb7b8364b0a74886b36695b0024493,https://doi.org/10.1042/BJ1301063,JournalArticle,unknown,6,brain; cerebral; cortex; brain/neural structure in title,
1972,The Effect of Dexamethasone on Water and Electrolyte Content and on rCBF in Perifocal Brain Edema in Man,"H. Reulen, A. Hadjidimos, Kurt Schürmann",Unknown venue,1972,119,General Brain-AI Structure Reviews and Methods,brain-structure,10.1007/978-3-642-65448-0_27,fb0abe5dd21d83502a3ceafcc12ef57ac8c123d4,https://doi.org/10.1007/978-3-642-65448-0_27,paper,unknown,4,brain; brain/neural structure in title,
1972,The Treatment of Brain Ischemia With Vasopressor Drugs,"G. Wise, R. Sutter, J. Burkholder",Stroke,1972-03-01,118,Clinical NeuroAI and Brain Disorders,brain-structure;clinical-neuroai,10.1161/01.STR.3.2.135,24e4d371f76de2390154bfe2746cdb45d6ffa754,https://doi.org/10.1161/01.STR.3.2.135,JournalArticle,unknown,4,brain; brain/neural structure in title,
1972,Topological analysis of the brain stem of the lamprey Lampetra fluviatilis,R. Nieuwenhuys,The Journal of comparative neurology,1972-06-01,118,General Brain-AI Structure Reviews and Methods,brain-structure;neuroimaging,10.1002/cne.901450204,aa2e2164304d4b10053587fe11da2aae459d3a8a,https://doi.org/10.1002/cne.901450204,JournalArticle; Review,unknown,4,brain; brain/neural structure in title,
1972,CEREBRAL ARTERIO-VENOUS DIFFERENCE OF ACETOACETATE AND D-β-HYDROXYBUTYRATE IN CHILDREN,"B. Persson, G. Settergren, G. Dahlquist",Acta Paediatrica Scandinavica,1972-05-01,117,General Brain-AI Structure Reviews and Methods,brain-structure,10.1111/j.1651-2227.1972.tb16098.x,9308b6bd9987580255d5b201cde520ad5ef696c5,https://doi.org/10.1111/j.1651-2227.1972.tb16098.x,JournalArticle,unknown,2,brain; cerebral,
1972,The Double Brain,S. Dimond,Unknown venue,1972,117,General Brain-AI Structure Reviews and Methods,brain-structure,10.4324/9780203392980_chapter_8,74e4c124ae2c1ef2ad4eb2ad4ec0c089f2749185,https://doi.org/10.4324/9780203392980_chapter_8,paper,unknown,4,brain; brain/neural structure in title,
1972,Effects of acetylcholine on labeling of phosphatidate and phosphoinositides by ( 32 P) orthophosphate in nerve ending fractions of guinea pig cortex.,"J. Schacht, B. Agranoff",Journal of Biological Chemistry,1972-02-10,116,"Cellular, Synaptic, and Neuromorphic Foundations",brain-structure,10.1016/s0021-9258(19)45674-3,438dcd800d08c48699b3bf096d8de72e9ea93416,https://doi.org/10.1016/s0021-9258(19)45674-3,JournalArticle,unknown,6,brain; cerebral; cortex; brain/neural structure in title,Abstract The effect of acetylcholine on the incorporation of 32Pi into phospholipids was studied in subfractions of guinea pig cerebral cortex obtained by sucrose density fractionation.
1972,CHARACTERISTICS OF AMINO ACID ACCUMULATION BY SYNAPTOSOMAL PARTICLES ISOLATED FROM RAT BRAIN,"N. A. Peterson, E. Raghupathy",Journal of Neurochemistry,1972-06-01,115,General Brain-AI Structure Reviews and Methods,brain-structure,10.1111/j.1471-4159.1972.tb05086.x,d09ba96d58c3938dadfe49a885afc1274fcbb37f,https://doi.org/10.1111/j.1471-4159.1972.tb05086.x,JournalArticle,unknown,4,brain; brain/neural structure in title,
1972,Sympathetic Control of Cerebral Blood Flow in Dogs,"L. D'alecy, E. Feigl",Circulation Research,1972-08-01,115,General Brain-AI Structure Reviews and Methods,brain-structure,10.1161/01.RES.31.2.267,571075a79ceee65daff89d7efbe91d2063b40d8d,https://doi.org/10.1161/01.RES.31.2.267,JournalArticle,unknown,2,brain; cerebral,
1972,Amphetamine response in rat after dopamine neurone destruction.,"I. Creese, S. Iversen",Nature: New biology,1972-08-23,114,"Cellular, Synaptic, and Neuromorphic Foundations",,10.1038/NEWBIO238247A0,48436d47e785feaa3299ca2c7b05945a5a0966ec,https://doi.org/10.1038/NEWBIO238247A0,JournalArticle,unknown,1,neuron,
1972,AXONAL TRANSPORT IN NIGRO-STRIATAL AND NIGRO-THALAMIC NEURONS: EFFECTS OF MEDIAL FOREBRAIN BUNDLE LESIONS AND 6-HYDROXYDOPAMINE 1,"H. Fibiger, R. Pudritz, P. Mcgeer, E. Mcgeer",Journal of Neurochemistry,1972-07-01,114,"Cellular, Synaptic, and Neuromorphic Foundations",brain-structure,10.1111/j.1471-4159.1972.tb06214.x,76ba6e8b606afe1356019a117d78ebb5298e2fe4,https://doi.org/10.1111/j.1471-4159.1972.tb06214.x,JournalArticle,unknown,5,brain; neuron; brain/neural structure in title,
1972,Influence of drugs on the firing of serotonin-containing neurons in brain.,G. Aghajanian,Federation proceedings,1972,114,"Cellular, Synaptic, and Neuromorphic Foundations",brain-structure,,c6972d8f0e3acf2b38b4acf558933b89b31f3f4e,https://www.semanticscholar.org/paper/c6972d8f0e3acf2b38b4acf558933b89b31f3f4e,JournalArticle,unknown,5,brain; neuron; brain/neural structure in title,
1972,Steric requirements for catecholamine uptake by rat brain synaptosomes: studies with rigid analogs of amphetamine.,"A. Horn, S. Snyder",Journal of Pharmacology and Experimental Therapeutics,1972-03-01,114,General Brain-AI Structure Reviews and Methods,brain-structure,10.1016/s0022-3565(25)29135-2,f9ac0d7512fe8d6ae7c15c8d1952c7e3fdf4aec7,https://doi.org/10.1016/s0022-3565(25)29135-2,JournalArticle,unknown,6,brain; thalamus; hypothalamus; brain/neural structure in title,"The effects of cis - and trans -2-phenylcyclopropylamine and 1- and 2-amino-indanes, all rigid analogs of amphetamine, were examined for their ability to inhibit catecholamine uptake into synaptosomes from the hypothalamus and corpus striatum."
1972,AUTORADIOGRAPHIC STUDIES ON HISTOGENESIS OF BRAIN MACROPHAGES IN THE MOUSE,"T. Kitamura, H. Hattori, S. Fujita",Journal of Neuropathology and Experimental Neurology,1972-07-01,113,"Connectomics, Graph Models, and Brain Networks",brain-structure;connectome,10.1097/00005072-197207000-00008,64bda845f9752576bcd9114b5075b2ac973b8826,https://doi.org/10.1097/00005072-197207000-00008,JournalArticle,unknown,4,brain; brain/neural structure in title,
1972,The pharmacology of hallucinogens.,"P. Brawley, J. Duffield",Pharmacological Reviews,1972-03-01,112,"Cellular, Synaptic, and Neuromorphic Foundations",brain-structure;neural-signals,10.1016/s0031-6997(25)06903-0,97051d1dd8930c0382f403e53f540386c237b451,https://doi.org/10.1016/s0031-6997(25)06903-0,Review; JournalArticle,unknown,12,brain; cortex; cortical; hippocampus; amygdala; brainstem; historical computation/learning bridge,"neurons; no antagonism of 5-HT depressions has been observed; data on other psychotomimetics in this respect is lacking; (k) LSD has non-specific depressant effects on neurons at many locations in the brain; (l) LSD increases the spontaneous firing rates of retinal ganglion cells; (m) LSD has an inhibitory effect upon transmission through the lateral geniculate nucleus, but so do several non-hallucinogenic substances."
1972,Changes in brain serotonin metabolism associated with fasting and satiation in rats,"J. Pérez-Cruet, A. Tagliamonte, P. Tagliamonte, G. Gessa",Unknown venue,1972-01-08,111,General Brain-AI Structure Reviews and Methods,brain-structure,10.1016/0024-3205(72)90149-X,33856a4bd47353f5a53c01a41351505b92b2c1b4,https://doi.org/10.1016/0024-3205(72)90149-X,paper,unknown,4,brain; brain/neural structure in title,
1972,ENZYMES CATALYSING ETHANOL METABOLISM IN NEURAL AND SOMATIC TISSUES OF THE RAT,"N. Raskin, L. Sokoloff",Journal of Neurochemistry,1972-02-01,111,General Brain-AI Structure Reviews and Methods,,10.1111/j.1471-4159.1972.tb01337.x,d662972b9af26168e5784f4474cd547fea99563c,https://doi.org/10.1111/j.1471-4159.1972.tb01337.x,JournalArticle,unknown,5,brain; neural; brain/neural structure in title,
1972,BRAIN-ASSOCIATED STEM CELL ANTIGEN: AN ANTIGEN SHARED BY BRAIN AND HEMOPOIETIC STEM CELLS,E. Golub,Journal of Experimental Medicine,1972-08-01,110,"Cellular, Synaptic, and Neuromorphic Foundations",brain-structure,10.1084/jem.136.2.369,d7d82ffcf70ed732c8ba80b445da80623cf386ff,https://doi.org/10.1084/jem.136.2.369,JournalArticle,unknown,4,brain; brain/neural structure in title,There is an antigen on mouse brain tissue which is shared by the hemopoietic colony-forming unit or stem cell of the mouse.
1972,EVIDENCE THAT METHADONE BLOCKS DOPAMINE RECEPTORS IN THE BRAIN,"H. Sasame, J. Pérez-Cruet, G. Chiara, A. Tagliamonte, P. Tagliamonte, G. Gessa",Journal of Neurochemistry,1972-08-01,110,General Brain-AI Structure Reviews and Methods,brain-structure,10.1111/j.1471-4159.1972.tb01484.x,5a56e7d0abe054b2489077ae2e458481e05b6283,https://doi.org/10.1111/j.1471-4159.1972.tb01484.x,JournalArticle,unknown,4,brain; brain/neural structure in title,
1972,Facilitation of lordosis in ovariectomized rats by intracerebral progesterone implants.,J. Powers,Brain Research,1972-12-24,110,General Brain-AI Structure Reviews and Methods,brain-structure;neuromorphic-bci,10.1016/0006-8993(72)90186-2,35eb4984fdf91b4d8aa630935b68c277199a825b,https://doi.org/10.1016/0006-8993(72)90186-2,JournalArticle,unknown,14,brain; cerebral; bci; explicit brain-structure/AI bridge,
1972,Facilitated transport of amino acids through the blood-brain barrier of the dog studied in a single capillary circulation.,"D. Yudilevich, Norina De Rose, F. Sepúlveda",Brain Research,1972-09-29,109,General Brain-AI Structure Reviews and Methods,brain-structure,10.1016/0006-8993(72)90319-8,eafabe699c9d88f6221fcfdc1618ccd88b8c2198,https://doi.org/10.1016/0006-8993(72)90319-8,JournalArticle,unknown,4,brain; brain/neural structure in title,
1972,Release of Brain Dopamine as the Probable Mechanism for the Hypothermic Effect of D-Amphetamine,"S. Yehuda, R. Wurtman",Nature,1972-12-22,108,General Brain-AI Structure Reviews and Methods,brain-structure,10.1038/240477A0,93146413d4f5140006b1112534cfbf6bd53d5a92,https://doi.org/10.1038/240477A0,JournalArticle,unknown,4,brain; brain/neural structure in title,
1972,Brain damage in dogs immediately following pulsatile and non-pulsatile blood flows in extracorporeal circulation,"J. Sanderson, G. Wright, F. W. Sims",Thorax,1972-05-01,107,General Brain-AI Structure Reviews and Methods,brain-structure,10.1136/thx.27.3.275,10adf2f39b280f2584ef38f4a6bbb9f16ed7a0fb,https://doi.org/10.1136/thx.27.3.275,JournalArticle,unknown,4,brain; brain/neural structure in title,
1972,DOPA decar☐ylase in the developing rat brain,"F. Lamprecht, J. Coyle",Unknown venue,1972-06-22,106,General Brain-AI Structure Reviews and Methods,brain-structure,10.1016/0006-8993(72)90525-2,b3a0c1b14ac6cbf0a7ad0c4ebfbe37715cf4eee4,https://doi.org/10.1016/0006-8993(72)90525-2,paper,unknown,4,brain; brain/neural structure in title,
1972,Narcotic Drugs: Effects on the Serotonin Biosynthetic Systems of the Brain,"S. Knapp, A. Mandell",Science,1972-09-29,106,General Brain-AI Structure Reviews and Methods,brain-structure,10.1126/science.177.4055.1209,bf36fd1ac9a5a4a21b34af54db36489fbb285b32,https://doi.org/10.1126/science.177.4055.1209,JournalArticle,unknown,4,brain; brain/neural structure in title,
1972,Cutaneous sensory projections to the avian forebrain.,"J. Delius, J. Delius, Kathryn Bennetto, Kathryn Bennetto",Brain Research,1972-02-25,105,General Brain-AI Structure Reviews and Methods,brain-structure,10.1016/0006-8993(72)90667-1,d28d79df8ccc361280b3247f7e5ee711d19d485e,https://doi.org/10.1016/0006-8993(72)90667-1,JournalArticle,unknown,4,brain; brain/neural structure in title,
1972,Some aspects of the morphology of Betz cells in the cerebral cortex of the cat.,"I. R. Kaiserman-Abramof, Alan Peters",Brain Research,1972-08-25,105,"Cellular, Synaptic, and Neuromorphic Foundations",brain-structure,10.1016/0006-8993(72)90406-4,fba5c7e983ab91ccb6c11eeb8688a8b2b417bbb8,https://doi.org/10.1016/0006-8993(72)90406-4,JournalArticle,unknown,6,brain; cerebral; cortex; brain/neural structure in title,
1972,THE MINIMAL BRAIN DYSFUNCTION SYNDROME IN CHILDREN: I-THE SYNDROME AND ITS RELEVANCE FOE PSYCHIATRY II-A PSYCHOLOGICAL AND BIOCHEMICAL MODEL FOR THE SYNDROME,P. Wender,Journal of Nervous and Mental Disease,1972-07-01,105,Computational Neuroscience and Brain-Inspired AI,brain-structure,10.1097/00005053-197207000-00007,86a5b66bcc6799faa564e0c41cc262eaf5b09b06,https://doi.org/10.1097/00005053-197207000-00007,JournalArticle; Review,unknown,8,brain; brain/neural structure in title; historical computation/learning bridge,
1972,Production and characterization of migration inhibitory factor(s) (MIF) of established lymphoid and non-lymphoid cell lines.,"P. Papageorgiou, Walter L. Henley, P. Glade, S. Okas",Journal of Immunology,1972-02-01,104,"Cellular, Synaptic, and Neuromorphic Foundations",brain-structure,10.4049/jimmunol.108.2.494,8cf93ed112c0414ec9bf77a167ef9ba9e238c123,https://doi.org/10.4049/jimmunol.108.2.494,JournalArticle,unknown,1,brain,Lymphoid cells from established human lymphoid suspension cultures migrate in vitro like guinea pig peritoneal macrophages.
1972,REGIONAL DEVELOPMENT OF CATECHOLAMINE BIBSYNTHESIS IN RAT BRAIN 1,"W. Porcher, Alfred Heller",Journal of Neurochemistry,1972-08-01,104,General Brain-AI Structure Reviews and Methods,brain-structure,10.1111/j.1471-4159.1972.tb01480.x,2c84bdcce2c0e85fe2a1c67c2d8ba1eaae21f50d,https://doi.org/10.1111/j.1471-4159.1972.tb01480.x,JournalArticle,unknown,4,brain; brain/neural structure in title,
1972,Cerebral pharmacokinetics of tremor-producing harmala and iboga alkaloids.,"G. Zetler, G. Singbartl, L. Schlosser",Pharmacology,1972,103,General Brain-AI Structure Reviews and Methods,brain-structure,10.1159/000136294,301d465626c1640600243e8af4aa239377d921e3,https://doi.org/10.1159/000136294,JournalArticle,unknown,2,brain; cerebral,
1972,Effect of L-tryptophan on brain serotonin metabolism in depressed patients.,"D. Dunner, F. Goodwin",Archives of General Psychiatry,1972-04-01,103,Clinical NeuroAI and Brain Disorders,brain-structure;clinical-neuroai,10.1001/ARCHPSYC.1972.01750220074014,0fda038256b7554c4d2af64aec56ea62fd3a2ace,https://doi.org/10.1001/ARCHPSYC.1972.01750220074014,JournalArticle; ClinicalTrial,unknown,4,brain; brain/neural structure in title,
1972,"Amino acid imbalance, protein intake, and changes in rat brain and plasma amino acids.","Y. Peng, J. K. Tews, A. Harper",American Journal of Physiology,1972-02-01,102,General Brain-AI Structure Reviews and Methods,brain-structure,10.1152/AJPLEGACY.1972.222.2.314,af27a0e47b28cc4931fd20e3582509b911282d32,https://doi.org/10.1152/AJPLEGACY.1972.222.2.314,JournalArticle,unknown,4,brain; brain/neural structure in title,
1972,Cerebral atherosclerosis in Negroes and Caucasians.,"L. Solberg, P. McGarry",Atherosclerosis,1972-09-01,102,General Brain-AI Structure Reviews and Methods,brain-structure,10.1016/0021-9150(72)90048-2,bd0090f77442d23abee0471f4c529b1d4dbdf495,https://doi.org/10.1016/0021-9150(72)90048-2,JournalArticle,unknown,2,brain; cerebral,
1972,Microvascular abnormalities in virally-induced canine brain tumors. Structural bases for altered blood-brain barrier function.,"N. Vick, Darell D Bigner",Journal of Neurological Sciences,1972-09-01,102,Clinical NeuroAI and Brain Disorders,brain-structure,10.1016/0022-510X(72)90019-6,a49ae90dcd2b192a9e399da4bd9c00627d02d68f,https://doi.org/10.1016/0022-510X(72)90019-6,JournalArticle,unknown,4,brain; brain/neural structure in title,
1972,The stabilization of calf-brain microtubule protein by sucrose.,"Ronald P. Frigon, James C. Lee",Archives of Biochemistry and Biophysics,1972-12-01,102,General Brain-AI Structure Reviews and Methods,brain-structure,10.1016/0003-9861(72)90376-1,58364b99378092630fa34e522699a54c8238b02d,https://doi.org/10.1016/0003-9861(72)90376-1,JournalArticle,unknown,4,brain; brain/neural structure in title,
1972,A stereotaxic atlas of the New Zealand rabbit's brain,"I. Urban, P. Richard",Unknown venue,1972,101,General Brain-AI Structure Reviews and Methods,brain-structure,,360471df9b7f40f1ffe37ee9fe74993ee774abcf,https://www.semanticscholar.org/paper/360471df9b7f40f1ffe37ee9fe74993ee774abcf,paper,unknown,4,brain; brain/neural structure in title,
1972,The corticopontine projection from the visual cortex in the cat. II. The projection from areas 18 and 19.,Per Brodal,Brain Research,1972-04-28,101,"Cognitive Architectures, Learning, and Systems Neuroscience",brain-structure,10.1016/0006-8993(72)90439-8,895cad571a2dcafeef35a3d186dc1d09eb1de3ae,https://doi.org/10.1016/0006-8993(72)90439-8,JournalArticle,unknown,4,cortex; brain/neural structure in title,
1972,The effect of lipoxidation on synaptosomal (Na + + K + )-ATPase isolated from the cerebral cortex of squirrel monkey.,A. Sun,Biochimica et Biophysica Acta,1972-05-09,101,General Brain-AI Structure Reviews and Methods,brain-structure,10.1016/0005-2736(72)90093-4,b35949593096f83119cde50fe9f936422d77fa3f,https://doi.org/10.1016/0005-2736(72)90093-4,JournalArticle,unknown,6,brain; cerebral; cortex; brain/neural structure in title,
1972,Focal Transient Cerebral Ischemia in the Squirrel Monkey: EFFECT ON BRAIN ADENOSINE TRIPHOSPHATE AND LACTATE LEVELS WITH ELECTROCORTICOGRAPHIC AND PATHOLOGIC CORRELATION,"T. Sundt, J. Michenfelder",Circulation Research,1972-06-01,100,"Connectomics, Graph Models, and Brain Networks",brain-structure;connectome,10.1161/01.RES.30.6.703,7183876b96a4f78f0407d002be440ac00047c874,https://doi.org/10.1161/01.RES.30.6.703,JournalArticle,unknown,5,brain; cerebral; brain/neural structure in title,
1972,In vitro demonstration of cell-mediated immunity to human brain tumors.,"N. L. Levy, Mahaley Ms, E. Day",Cancer Research,1972-03-01,100,"Cellular, Synaptic, and Neuromorphic Foundations",brain-structure,,3b824500642722cb40dbd7c4800c94eb432d1414,https://www.semanticscholar.org/paper/3b824500642722cb40dbd7c4800c94eb432d1414,JournalArticle,unknown,4,brain; brain/neural structure in title,
1972,"Isolation of rat brain myelin, monitored by polyacrylamide gel electrophoresis of dodecyl sulfate-extracted proteins.","T. Waehneldt, P. Mandel",Brain Research,1972-05-26,100,General Brain-AI Structure Reviews and Methods,brain-structure,10.1016/0006-8993(72)90143-6,152c836be66ea38082fd47e724f1fa44f034d45c,https://doi.org/10.1016/0006-8993(72)90143-6,JournalArticle,unknown,4,brain; brain/neural structure in title,
1972,Megalencephaly in children,W. Demyer,Neurology,1972-06-01,100,"Electrophysiology, Neural Signals, and AI Decoding",neural-signals,10.1212/WNL.22.6.634,a8c1f8e3c84804f59c37ad400a429b62f9b962e1,https://doi.org/10.1212/WNL.22.6.634,paper,unknown,2,eeg; meg,
1972,IMMUNOPATHOGENESIS OF ACUTE CENTRAL NERVOUS SYSTEM DISEASE PRODUCED BY LYMPHOCYTIC CHORIOMENINGITIS VIRUS,"D. Gilden, G. A. Cole, A. Monjan, N. Nathanson",Journal of Experimental Medicine,1972-03-31,99,"Cellular, Synaptic, and Neuromorphic Foundations",brain-structure,10.1084/jem.135.4.860,f1e95e7c967a6ae5e405a037dcc173241d4ccfed,https://doi.org/10.1084/jem.135.4.860,JournalArticle,unknown,4,brain; cerebral; cerebellum; neural,"A single dose of 150 mg/g of cyclophosphamide (CY), given 3 days after intracerebral (i.c.) inoculation of lymphocytic choriomeningitis (LCM) virus, protected over 90% of adult BALB/c mice against acutely fatal choriomeningitis."
1972,The chemotherapy of brain tumors. Clinical experience with carmustine (BCNU) and vincristine.,"D. Fewer, C. Wilson, E. Boldrey, K. Enot, M. Powell",Journal of the American Medical Association (JAMA),1972-10-30,99,Clinical NeuroAI and Brain Disorders,brain-structure;clinical-neuroai,10.1001/JAMA.1972.03210050021004,f8cb329045548ee90126bc6ff54750ffbe4cca3a,https://doi.org/10.1001/JAMA.1972.03210050021004,JournalArticle; ClinicalTrial,unknown,4,brain; brain/neural structure in title,
1972,"THE ORIGIN OF BRAIN MACROPHAGES IN TRAUMATIC LESIONS, WALLERIAN DEGENERATION, AND RETROGRADE DEGENERATION",A. E. Stenwig,Journal of Neuropathology and Experimental Neurology,1972-10-01,99,General Brain-AI Structure Reviews and Methods,brain-structure,10.1097/00005072-197210000-00011,58b0b9097ee12caab6d6760cd07b9d36d1a4ea91,https://doi.org/10.1097/00005072-197210000-00011,JournalArticle,unknown,4,brain; brain/neural structure in title,
1972,The use of microwave radiation in the determination of acetylcholine in the rat brain.,"D. Schmidt, R. Speth, F. Welsch, M. Schmidt",Brain Research,1972-03-24,99,General Brain-AI Structure Reviews and Methods,brain-structure,10.1016/0006-8993(72)90720-2,ead7a0727e02efabb235e4448afb427215575958,https://doi.org/10.1016/0006-8993(72)90720-2,JournalArticle,unknown,4,brain; brain/neural structure in title,
1972,COMPETITIVE INHIBITION OF GABA UPTAKE IN RAT BRAIN SLICES BY SOME GABA ANALOGUES OF RESTRICTED CONFORMATION,"P. Beart, G. Johnston, M. L. Urn",Journal of Neurochemistry,1972-08-01,98,General Brain-AI Structure Reviews and Methods,brain-structure;neuroimaging,10.1111/j.1471-4159.1972.tb01474.x,656f7b250ad122b54be50d4b00ed8790dd151837,https://doi.org/10.1111/j.1471-4159.1972.tb01474.x,JournalArticle,unknown,4,brain; brain/neural structure in title,
1972,OXYGEN TOXICITY IN MAN: A PROSPECTIVE STUDY IN PATIENTS WITH IRREVERSIBLE BRAIN DAMAGE,"R. Barber, J. Lee, W. Hamilton",New England Journal of Medicine,1972-04-01,98,Clinical NeuroAI and Brain Disorders,brain-structure;clinical-neuroai,10.1097/00132586-197204000-00015,bd7b3a9f9feab867d739c9525b05083cc4141b1f,https://doi.org/10.1097/00132586-197204000-00015,JournalArticle; ClinicalTrial,unknown,4,brain; brain/neural structure in title,
1972,Soluble corticosterone-binding macromolecules extracted from rat brain.,"Bruce S. McEwen, C. Magnus, G. Wallach",Endocrinology,1972,98,General Brain-AI Structure Reviews and Methods,brain-structure,10.1210/ENDO-90-1-217,6453f4c24943287d5cad916ae7a1f19a96e53222,https://doi.org/10.1210/ENDO-90-1-217,JournalArticle,unknown,4,brain; brain/neural structure in title,
1972,Iprindole-amphetamine interactions in the rat: the role of aromatic hydroxylation of amphetamine in its mode of action.,"J. Freeman, F. Sulser",Journal of Pharmacology and Experimental Therapeutics,1972-11-01,95,"Cellular, Synaptic, and Neuromorphic Foundations",brain-structure,10.1016/s0022-3565(25)29342-9,cb51ec88bf365566ae16ef2b9e3c43de395d7c08,https://doi.org/10.1016/s0022-3565(25)29342-9,JournalArticle,unknown,2,brain; neuron,The present investigations were undertaken to study the mechanism by which iprindole enhances the psychomotor stimulation (locomotor and stereotyped activity) of amphetamine and to elucidate the role of the hydroxylated metabolites of amphetamine in its mode of action.
1972,Isolation of Brain Cell Nuclei,"B. McEwen, R. Zigmond",Unknown venue,1972,95,"Cellular, Synaptic, and Neuromorphic Foundations",brain-structure,10.1007/978-1-4615-7748-5_6,1bbc292abc4383c28b1914b4b68ff8c6794abce4,https://doi.org/10.1007/978-1-4615-7748-5_6,paper,unknown,4,brain; brain/neural structure in title,
1972,QUANTITATIVE CHANGES WITH AGE IN THE DNA CONTENT OF METHYLAZOXYMETHANOL-INDUCED MICROENCEPHALIC RAT BRAIN 1,"H. Matsumoto, M. Spatz, Gert L. Laqueur",Journal of Neurochemistry,1972-02-01,95,General Brain-AI Structure Reviews and Methods,brain-structure,10.1111/j.1471-4159.1972.tb01339.x,6b0eeec08463c89f8f492ef0cf4c05d6c659edfd,https://doi.org/10.1111/j.1471-4159.1972.tb01339.x,JournalArticle,unknown,4,brain; brain/neural structure in title,
1972,The characterization of two reduced nicotinamide-adenine dinucleotide phosphate-linked aldehyde reductases from pig brain.,"A. Turner, K. Tipton",Biochemical Journal,1972-12-01,95,General Brain-AI Structure Reviews and Methods,brain-structure,10.1042/BJ1300765,00ed9e5e1663c1abb590280c012c720d320740b2,https://doi.org/10.1042/BJ1300765,JournalArticle,unknown,4,brain; brain/neural structure in title,
1972,ACTOMYOSIN-LIKE PROTEIN IN BRAIN: SUBCELLULAR DISTRIBUTION,"S. Puszkin, W. J. Nicklas, Soll Berl",Journal of Neurochemistry,1972-05-01,94,"Cellular, Synaptic, and Neuromorphic Foundations",brain-structure,10.1111/j.1471-4159.1972.tb01457.x,267afa435c87729faa2d2b0c802aefb80ff2862f,https://doi.org/10.1111/j.1471-4159.1972.tb01457.x,JournalArticle,unknown,4,brain; brain/neural structure in title,
1972,"FATTY ACID SYNTHETASE OF BRAIN: DEVELOPMENT, INFLUENCE OF NUTRITIONAL AND HORMONAL FACTORS AND COMPARISON WITH LIVER ENZYME","J. Volpe, Y. Kishimoto",Journal of Neurochemistry,1972-03-01,94,General Brain-AI Structure Reviews and Methods,brain-structure,10.1111/j.1471-4159.1972.tb01389.x,0e208bca28f64dd4f86e9ded9a5638ddd32c7483,https://doi.org/10.1111/j.1471-4159.1972.tb01389.x,JournalArticle,unknown,4,brain; brain/neural structure in title,
1972,Increased cyclic AMP response to norepinephrine in the rat brain following 6-hydroxydopamine.,G. C. Palmer,Neuropharmacology,1972,94,General Brain-AI Structure Reviews and Methods,brain-structure,10.1016/0028-3908(72)90066-4,cb648730480de2cf11090a75087badd0b1956e66,https://doi.org/10.1016/0028-3908(72)90066-4,JournalArticle,unknown,4,brain; brain/neural structure in title,
1972,Organophosphate Pesticides: Specific Level of Brain AChE Inhibition Related to Death in Sheepshead Minnows,D. L. Coppage,Unknown venue,1972-07-01,94,General Brain-AI Structure Reviews and Methods,brain-structure,10.1577/1548-8659(1972)101<534:OP>2.0.CO;2,d356cca8f7bf9f864ec68e7d325f9fe7d858c249,https://doi.org/10.1577/1548-8659(1972)101<534:OP>2.0.CO;2,paper,unknown,4,brain; brain/neural structure in title,
1972,Sub-synaptosomal localization of brain particulate neuraminidose.,"G. Tettamanti, I. Morgan, G. Gombos, G. Vincendon, P. Mandel",Brain Research,1972-12-12,94,General Brain-AI Structure Reviews and Methods,brain-structure,10.1016/0006-8993(72)90661-0,e2d1f054c0c7cb13ad91c3dd8e4ca4adf8a5cf27,https://doi.org/10.1016/0006-8993(72)90661-0,JournalArticle,unknown,4,brain; brain/neural structure in title,
1972,Symposium: behavior modification by drugs. II. Psychological effects of stimulant drugs in children with minimal brain dysfunction.,C. Conners,Pediatrics,1972-05-01,94,"Cognitive Architectures, Learning, and Systems Neuroscience",brain-structure;clinical-neuroai,,bcc3447b210112ccd6a3f5e2a669bc8822c3c01c,https://www.semanticscholar.org/paper/bcc3447b210112ccd6a3f5e2a669bc8822c3c01c,JournalArticle; ClinicalTrial,unknown,4,brain; brain/neural structure in title,
1972,A specific and sensitive enzymatic assay for tryptamine in tissues.,"J. Saavedra, J. Axelrod",Journal of Pharmacology and Experimental Therapeutics,1972-09-01,93,General Brain-AI Structure Reviews and Methods,brain-structure,10.1016/s0022-3565(25)29288-6,e6206761b317b1818e366f793aac01e7afc34fb2,https://doi.org/10.1016/s0022-3565(25)29288-6,JournalArticle,unknown,1,brain,A sensitive and specific enzymatic-isotopic method for the determination of tryptamine content in animal tissues is described.
1972,Bacillus cereus-Induced Fluid Accumulation in Rabbit Ileal Loops,"W. Spira, J. Goepfert",Applied microbiology,1972-09-01,93,Computational Neuroscience and Brain-Inspired AI,brain-structure,10.1128/am.24.3.341-348.1972,de1fc852879f99809dabdb8e1431b5d0db03771f,https://doi.org/10.1128/am.24.3.341-348.1972,JournalArticle,unknown,13,brain; computational neuroscience; explicit brain-structure/AI bridge,The usefulness of the ligated rabbit ileal loop as an experimental model of Bacillus cereus food poisoning was investigated.
1972,Can mitochondria and synaptosomes of guinea-pig brain synthesize phospholipids?,"By E. K. Miller, R. Dawson",Biochemical Journal,1972-02-01,93,General Brain-AI Structure Reviews and Methods,brain-structure,10.1042/BJ1260805,f34212453c3e8446eaa04f8255b6f8e20affb575,https://doi.org/10.1042/BJ1260805,JournalArticle,unknown,4,brain; brain/neural structure in title,
1972,Fenestrated blood vessels in a metastatic renal carcinoma in the brain.,"A. Hirano, Zimmerman Hm",Laboratory investigation; a journal of technical methods and pathology,1972-04-01,93,General Brain-AI Structure Reviews and Methods,brain-structure,,c9fa5527b822edc7654b2ab9fa858814a59e6bca,https://www.semanticscholar.org/paper/c9fa5527b822edc7654b2ab9fa858814a59e6bca,JournalArticle,unknown,4,brain; brain/neural structure in title,
1972,Latent herpes simplex virus. Isolation from rabbit trigeminal ganglia between episodes of recurrent ocular infection.,"A. Nesburn, M. L. Cook, J. Stevens",A M A Archives of Ophthalmology,1972-10-01,93,"Electrophysiology, Neural Signals, and AI Decoding",,10.1001/ARCHOPHT.1972.01000030414012,7ad03ac91452f00e35eb86bc5d64056159e2d1fd,https://doi.org/10.1001/ARCHOPHT.1972.01000030414012,JournalArticle,unknown,2,eeg; meg,
1972,TAURINE DISTRIBUTION IN CAT BRAIN,"A. Guidotti, G. Badiani, G. Pepeu",Journal of Neurochemistry,1972-02-01,93,General Brain-AI Structure Reviews and Methods,brain-structure,10.1111/j.1471-4159.1972.tb01352.x,92783ef7d9e47e5aa01ff383107cae3f583fd258,https://doi.org/10.1111/j.1471-4159.1972.tb01352.x,JournalArticle,unknown,4,brain; brain/neural structure in title,
1972,The uptake and metabolism of plasma lysophosphatidylcholine in vivo by the brain of squirrel monkeys.,"D. Illingworth, O. Portman",Biochemical Journal,1972-11-01,93,General Brain-AI Structure Reviews and Methods,brain-structure,10.1042/BJ1300557,2cf0b6c470bb7df5cd41a6a7d492febd03fda696,https://doi.org/10.1042/BJ1300557,JournalArticle,unknown,4,brain; brain/neural structure in title,
1972,Contrasts between activity of precentral and postcentral neurons of cerebral cortex during movement in the monkey.,E. Evarts,Brain Research,1972-05-12,92,"Cellular, Synaptic, and Neuromorphic Foundations",brain-structure,10.1016/0006-8993(72)90101-1,95ceab7d84af57156383a25eb9897fe4cfbab64c,https://doi.org/10.1016/0006-8993(72)90101-1,JournalArticle,unknown,6,cerebral; cortex; neuron; brain/neural structure in title,
1972,SPECIFICITY OF THE INFLAMMATORY RESPONSE IN VIRAL ENCEPHALITIS,"H. McFarland, D. Griffin, Richard T. Johnson",Journal of Experimental Medicine,1972-08-01,92,"Cellular, Synaptic, and Neuromorphic Foundations",brain-structure,10.1084/jem.136.2.216,91c8fce37a33531c9c09e66df6fe71d152760bc9,https://doi.org/10.1084/jem.136.2.216,JournalArticle,unknown,2,brain; cerebral,The viral-induced perivascular inflammatory response in Sindbis virus encephalitis of mice was shown to be immunologically specific.
1972,Brain energy metabolism in hypoxemia.,"V. Macmillan, B. Siesjö",Scandinavian Journal of Clinical and Laboratory Investigation,1972-10-01,91,Clinical NeuroAI and Brain Disorders,brain-structure;clinical-neuroai,10.3109/00365517209081101,47626af48ba9b3475edc082318cf3a69c3bc98da,https://doi.org/10.3109/00365517209081101,JournalArticle,unknown,4,brain; brain/neural structure in title,
1972,Effects of early experience on regional incorporation of precursors into RNA and protein in the chick brain.,"P. Bateson, G. Horn, S. Rose",Brain Research,1972-04-28,91,General Brain-AI Structure Reviews and Methods,brain-structure,10.1016/0006-8993(72)90448-9,1f1398c8ecca9b8649030ecfe9421a0d53407144,https://doi.org/10.1016/0006-8993(72)90448-9,JournalArticle,unknown,4,brain; brain/neural structure in title,
1972,FURTHER STUDIES ON THE K+-DEPENDENT SWELLING OF PRIMATE CEREBRAL CORTEX IN VIVO: THE ENZYMATIC BASIS OF THE K+-DEPENDENT TRANSPORT OF CHLORIDE,"R. S. Bourke, K. M. Nelson",Journal of Neurochemistry,1972-03-01,91,General Brain-AI Structure Reviews and Methods,brain-structure,10.1111/j.1471-4159.1972.tb01383.x,ecabde9dac07a0d1ebe034d7c05c1ca694775b64,https://doi.org/10.1111/j.1471-4159.1972.tb01383.x,JournalArticle,unknown,6,brain; cerebral; cortex; brain/neural structure in title,
1972,New insights into the organization of the shark brain.,S. Ebbesson,"Comparative biochemistry and physiology. A, Comparative physiology",1972-05-01,91,General Brain-AI Structure Reviews and Methods,brain-structure,10.1016/0300-9629(72)90372-6,8f1eac59545bfa4d1feb76088649a54f70606e4a,https://doi.org/10.1016/0300-9629(72)90372-6,JournalArticle; Review,unknown,4,brain; brain/neural structure in title,
1972,One brain--two minds?,M. Gazzaniga,American Scientist,1972-05-01,91,General Brain-AI Structure Reviews and Methods,brain-structure,,5936d83b1d4eb31dcab79e682417c6101315bdce,https://www.semanticscholar.org/paper/5936d83b1d4eb31dcab79e682417c6101315bdce,JournalArticle,unknown,4,brain; brain/neural structure in title,
1972,Parachlorophenylalanine--its three phase sequence of interactions with the two forms of brain tryptophan hydroxylase.,"S. Knapp, A. Mandell",Life sciences. Pt. 1: Physiology and pharmacology,1972-08-15,91,General Brain-AI Structure Reviews and Methods,brain-structure,10.1016/0024-3205(72)90210-X,a08342fcba74c6384ddeee2cf3d938a4725a7179,https://doi.org/10.1016/0024-3205(72)90210-X,JournalArticle,unknown,4,brain; brain/neural structure in title,
1972,ADENOSINE KINASE OF MAMMALIAN BRAIN: PARTIAL PURIFICATION AND ITS ROLE FOR THE UPTAKE OF ADENOSINE,"H. Shimizu, S. Tanaka, T. Kodama",Journal of Neurochemistry,1972-03-01,90,General Brain-AI Structure Reviews and Methods,brain-structure,10.1111/j.1471-4159.1972.tb01384.x,02684bf73911422046941d9316b141adc7c0b14c,https://doi.org/10.1111/j.1471-4159.1972.tb01384.x,JournalArticle,unknown,4,brain; brain/neural structure in title,
1972,DEMONSTRATION OF ACETYLCHOLINE RELEASE BY MEASURING EFFLUX OF LABELLED CHOLINE FROM CEREBRAL CORTICAL SLICES,"G. Somogyi, J. Szerb",Journal of Neurochemistry,1972-11-01,90,General Brain-AI Structure Reviews and Methods,brain-structure,10.1111/j.1471-4159.1972.tb01326.x,1c93678e99e9be4c883b14dc44707cc593b5a08a,https://doi.org/10.1111/j.1471-4159.1972.tb01326.x,JournalArticle,unknown,3,brain; cerebral; cortical,
1972,Linear analysis of the dynamics of neural masses.,W. Freeman,Annual Review of Biophysics and Bioengineering,1972,90,General Brain-AI Structure Reviews and Methods,,10.1146/ANNUREV.BB.01.060172.001301,af980eca69be331e6f5104950a501117ed71dd9a,https://doi.org/10.1146/ANNUREV.BB.01.060172.001301,Review; JournalArticle,unknown,5,brain; neural; brain/neural structure in title,
1972,Studies on the transplantation of developing neural tissue in the mammalian brain. I. Transplantation of cerebellar slabs into the cerebellum of neonate rats.,"G. Das, J. Altman",Brain Research,1972-03-24,90,General Brain-AI Structure Reviews and Methods,brain-structure,10.1016/0006-8993(72)90710-X,e4985bfba94d50751e7da35060f59171b870402c,https://doi.org/10.1016/0006-8993(72)90710-X,JournalArticle,unknown,6,brain; cerebellum; neural; brain/neural structure in title,
1972,Synthesis of galactosyl ceramide and glucosyl ceramide by rat brain: assay procedures and changes with age.,"Antoinette Brenkert, N. S. Radin",Brain Research,1972-01-14,90,General Brain-AI Structure Reviews and Methods,brain-structure,10.1016/0006-8993(72)90774-3,324bce279eccc4184cef7804f375354b202de7f3,https://doi.org/10.1016/0006-8993(72)90774-3,JournalArticle,unknown,4,brain; brain/neural structure in title,
1972,An illustrated history of brain function,"E. Clarke, K. Dewhurst",Unknown venue,1972,89,General Brain-AI Structure Reviews and Methods,brain-structure,,51e4d1cb42caa163d1611a02f89dd60ea2ee7b99,https://www.semanticscholar.org/paper/51e4d1cb42caa163d1611a02f89dd60ea2ee7b99,paper,unknown,4,brain; brain/neural structure in title,
1972,Assessment of brain damage. A neuropsychological key approach,J. Oxbury,Unknown venue,1972-02-01,89,General Brain-AI Structure Reviews and Methods,brain-structure,10.1016/0022-510X(72)90014-7,6bb86804e24ac658be17dd4ac46e24653baee492,https://doi.org/10.1016/0022-510X(72)90014-7,paper,unknown,4,brain; brain/neural structure in title,
1972,The canine brain in stereotaxic coordinates,R. Snider,Unknown venue,1972-05-01,89,General Brain-AI Structure Reviews and Methods,brain-structure,10.1016/0013-4694(72)90074-0,517ad3b1db63086631676e25a673154dd3cf5b69,https://doi.org/10.1016/0013-4694(72)90074-0,paper,unknown,4,brain; brain/neural structure in title,
1972,Interaction between cholinergic and catecholaminergic neurones in rat brain.,"H. Corrodi, K. Fuxe, P. Lidbrink",Brain Research,1972-08-25,88,"Cellular, Synaptic, and Neuromorphic Foundations",brain-structure,10.1016/0006-8993(72)90396-4,9dc8bdcca4897a905812d81e3d38df7c5b8edf77,https://doi.org/10.1016/0006-8993(72)90396-4,JournalArticle,unknown,5,brain; neuron; brain/neural structure in title,
1972,"Accumulation of cyclic adenosine monophosphate in incubated slices of brain tissue. 2. Effects of depolarizing agents, membrane stabilizers, phosphodiesterase inhibitors, and adenosine analogs.","M. Huang, H. Shimizu, J. Daly",Journal of Medicinal Chemistry,1972-05-01,87,General Brain-AI Structure Reviews and Methods,brain-structure,10.1021/JM00275A005,0b1d500069ccc95075f28ab4132bd96336cf312c,https://doi.org/10.1021/JM00275A005,JournalArticle,unknown,4,brain; brain/neural structure in title,
1972,Brain abscesses caused by free-living amoeba probably of the genus Hartmannella in a patient with Hodgkin's disease.,"B. Jager, W. P. Stamm",The Lancet,1972-12-23,87,Clinical NeuroAI and Brain Disorders,brain-structure;clinical-neuroai,10.1016/S0140-6736(72)92781-X,e32f46c67ee9c6b90cfc395c9ba06331847a01c1,https://doi.org/10.1016/S0140-6736(72)92781-X,JournalArticle,unknown,4,brain; brain/neural structure in title,
1972,"Lipids in the nervous system of different species as a function of age: brain, spinal cord, peripheral nerve, purified whole cell preparations, and subcellular particulates: regulatory mechanisms and membrane structure.","G. Rouser, G. Kritchevsky, A. Yamamoto, C. Baxter",Advances in Lipid Research,1972,87,"Cellular, Synaptic, and Neuromorphic Foundations",brain-structure,10.1016/B978-0-12-024910-7.50013-0,22da5387958ead8c2d645ddf0d279d02fabf4f93,https://doi.org/10.1016/B978-0-12-024910-7.50013-0,Review; JournalArticle,unknown,4,brain; brain/neural structure in title,
1972,WAIS factor analysis with brain-damaged subjects using criterion measures.,E. Russell,Journal of Consulting and Clinical Psychology,1972-08-01,87,Clinical NeuroAI and Brain Disorders,brain-structure;clinical-neuroai,10.1037/H0033212,7f10a60084ef996adf90f4d28925076de0805997,https://doi.org/10.1037/H0033212,JournalArticle,unknown,4,brain; brain/neural structure in title,
1972,"Adenosine cyclic 3',5'-monophosphate in fetal rat brain cell cultures. I. Effect of catecholamines.","A. Gilman, B. Schrier",Molecular Pharmacology,1972-07-01,86,"Cellular, Synaptic, and Neuromorphic Foundations",brain-structure,10.1016/s0026-895x(25)12753-3,62c724b5c3445eb2c4e4708864d985ab269256a3,https://doi.org/10.1016/s0026-895x(25)12753-3,JournalArticle,unknown,4,brain; brain/neural structure in title,"The effects of various neurohormones and other chemical agents on intracellular levels of adenosine cyclic 39,59-monophosphate were evaluated in surface cultures of fetal rat brain cells."
1972,Cerebral dehydration action of glycerol; I. Historical aspects with emphasis on the toxicity and intravenous administration,"W. Tourtellotte, J. Reinglass, T. Newkirk",Clinical pharmacology and therapy,1972-03-01,86,Clinical NeuroAI and Brain Disorders,brain-structure;clinical-neuroai,10.1002/cpt1972132159,e4e39c90235387eca01808dfd78c73d26d2f163b,https://doi.org/10.1002/cpt1972132159,Review; JournalArticle,unknown,1,cerebral,
1972,Disorders of higher cortical functions in acute confusional states.,"François Chédru, François Chédru, Norman Geschwind, Norman Geschwind",Cortex; a journal devoted to the study of the nervous system and behavior,1972-12-01,86,"Cognitive Architectures, Learning, and Systems Neuroscience",brain-structure,10.1016/S0010-9452(72)80004-2,4538cfbaf4ecc9722f09fb4908ae1497295d2c8d,https://doi.org/10.1016/S0010-9452(72)80004-2,JournalArticle,unknown,1,cortical,
1972,"Isolation, Identification and Synthesis of a specific-behaviour-inducing Brain Peptide","Georges Ungar, D. Desiderio, W. Parr",Nature,1972-07-28,86,General Brain-AI Structure Reviews and Methods,brain-structure,10.1038/238198A0,2cf23e41401c662d8e6193e010ced6845a34e80e,https://doi.org/10.1038/238198A0,JournalArticle,unknown,4,brain; brain/neural structure in title,
1972,Acetylcholine receptor. I. Identification and biochemical characteristics of a cholinergic receptor of guinea pig cerebral cortex.,H. Bosmann,Journal of Biological Chemistry,1972-01-10,85,General Brain-AI Structure Reviews and Methods,brain-structure,,44b773599e0bc0f002f110d9ea18c5ef662c6f8e,https://www.semanticscholar.org/paper/44b773599e0bc0f002f110d9ea18c5ef662c6f8e,JournalArticle,unknown,6,brain; cerebral; cortex; brain/neural structure in title,
1972,Activite rythmique du cortex somesthesique primaire en relation avec l'immobilite chez le chat libre eveille,"E. Rougeul, A. Letalle, J. Corvisier",Unknown venue,1972-07-01,85,General Brain-AI Structure Reviews and Methods,brain-structure,10.1016/0013-4694(72)90022-3,4169830e6ae0a41e7a7c331d68ae23cebd0f9f82,https://doi.org/10.1016/0013-4694(72)90022-3,paper,unknown,5,brain; cortex; brain/neural structure in title,
1972,"Brain levels of 1 -tetrahydrocannabinol and its metabolites in mice--correlation with behaviour, and the effect of the metabolic inhibitors SKF 525A and piperonyl butoxide.","E. Gill, G. Jones",Biochemical Pharmacology,1972-08-15,85,General Brain-AI Structure Reviews and Methods,brain-structure,10.1016/0006-2952(72)90039-1,3595b1c7f3cc363dfb18ec02c0fed5deb9425243,https://doi.org/10.1016/0006-2952(72)90039-1,JournalArticle,unknown,4,brain; brain/neural structure in title,
1972,Neuron survival in the aging mouse.,"H. Johnson, S. Erner",Experimental Gerontology,1972-04-01,85,"Cellular, Synaptic, and Neuromorphic Foundations",,10.1016/0531-5565(72)90005-8,a01761d79da1bac83f9f88cd0a0d72b3948505ac,https://doi.org/10.1016/0531-5565(72)90005-8,JournalArticle,unknown,1,neuron,
1972,Purification of a calcium-binding phosphoprotein from pig brain.,"D. J. Wolff, F. Siegel",Journal of Biological Chemistry,1972-07-10,85,"Connectomics, Graph Models, and Brain Networks",brain-structure;connectome,10.1016/s0021-9258(19)45057-6,045dbc3d2bd7bf1da103336e82f0a8e15bb0d761,https://doi.org/10.1016/s0021-9258(19)45057-6,JournalArticle,unknown,4,brain; brain/neural structure in title,Abstract An acidic phosphoprotein has been isolated from adult pig brain and purified to apparent homogeneity.
1972,Reserpine-induced alterations in brain amines and their relationship to changes in the incidence of minimal electroshock seizures in mice.,"A. Azzaro, G. Wenger, C. R. Craig, R. Stitzel",Journal of Pharmacology and Experimental Therapeutics,1972-03-01,85,"Electrophysiology, Neural Signals, and AI Decoding",brain-structure,10.1016/s0022-3565(25)29139-x,9bde2ef2167dfbfbeb4be6e214a946c4311b7c00,https://doi.org/10.1016/s0022-3565(25)29139-x,JournalArticle,unknown,6,brain; eeg; meg; brain/neural structure in title,The injection of a single dose of reserpine to mice leads to a reduction in the threshold for minimal electroshock seizures (MES).
1972,Cysteine-induced brain damage in infant and fetal rodents.,"J. Olney, O. Ho, V. Rhee, B. Schainker",Brain Research,1972-10-13,84,General Brain-AI Structure Reviews and Methods,brain-structure,10.1016/0006-8993(72)90243-0,12c71a6dfd3264b89751a7e38e3c830232a564f3,https://doi.org/10.1016/0006-8993(72)90243-0,JournalArticle,unknown,4,brain; brain/neural structure in title,
1972,Inhibition of brain sodium-potassium ATPase in uremic rats.,"L. Minkoff, G. Gaertner, M. Darab, C. Mercier, Levin Ml",Journal of Laboratory and Clinical Medicine,1972-07-01,84,Clinical NeuroAI and Brain Disorders,brain-structure;clinical-neuroai,,8d406219d5742b41c6e76cfccf5d066c582b12ed,https://www.semanticscholar.org/paper/8d406219d5742b41c6e76cfccf5d066c582b12ed,JournalArticle,unknown,4,brain; brain/neural structure in title,
1972,Metabolism and function of dog's brain recovering from longtime ischemia.,"DH Hinzen, U. Muller, P. Sobotka, E. Gebert, R. Lang, H. Hirsch",American Journal of Physiology,1972-11-01,84,General Brain-AI Structure Reviews and Methods,brain-structure,10.1152/AJPLEGACY.1972.223.5.1158,0d8d632cf0ec10e323122cc5a22cecdb2a0495c2,https://doi.org/10.1152/AJPLEGACY.1972.223.5.1158,JournalArticle,unknown,4,brain; brain/neural structure in title,
1972,The incorporation of linolenic acid and docosahexaenoic acid into liver and brain lipids of developing rats,"A. Sinclair, M. Crawford",FEBS Letters,1972-10-01,84,General Brain-AI Structure Reviews and Methods,brain-structure,10.1016/0014-5793(72)80557-X,3426127c55112337c67be456f145e0e279d1de7f,https://doi.org/10.1016/0014-5793(72)80557-X,JournalArticle,unknown,4,brain; brain/neural structure in title,
1972,Alterations in human brain biochemistry following intrauterine growth retardation.,"H. Chase, N. N. Welch, C. S. Dabiere, N. Vasan, L. J. Butterfield",Pediatrics,1972-09-01,83,"Cellular, Synaptic, and Neuromorphic Foundations",brain-structure,10.1542/peds.50.3.403,97c9cfb8a43fa0cdb2592f77b94c3c50ee2d0072,https://doi.org/10.1542/peds.50.3.403,JournalArticle,unknown,5,brain; cerebellum; brain/neural structure in title,"Analyses of brains from six infants whose birth weights were ""small for gestational age"" (SGA) and ten infants whose birth weights were 'appropriate for gestational age"" (AGA) show the cerebellum to be the area of the brain most greatly affected by intrauterine underdevelopment."
1972,Cerebral miliary aneurysms in hypertension.,C. Fisher,American Journal of Pathology,1972,83,General Brain-AI Structure Reviews and Methods,brain-structure,,b4f015dba0a722fbfa1415cc1a745edf9052a322,https://www.semanticscholar.org/paper/b4f015dba0a722fbfa1415cc1a745edf9052a322,JournalArticle; Review,unknown,2,brain; cerebral,
1972,Cortical and subcortical slow potentials in the monkey's brain during a preparatory interval.,Charles S. Rebert,Electroencephalography and Clinical Neurophysiology,1972-10-01,83,"Connectomics, Graph Models, and Brain Networks",brain-structure;connectome;neural-signals;clinical-neuroai,10.1016/0013-4694(72)90119-8,8614970e0c3a5e125eb4e63a63b4b67487b2b23c,https://doi.org/10.1016/0013-4694(72)90119-8,JournalArticle,unknown,7,brain; cortical; eeg; meg; brain/neural structure in title,
1972,DEGENERATION OF CENTRAL AND PERIPHERAL NORADRENALINE NEURONS PRODUCED BY 6-HYDROXY-DOPA,"C. Sachs, G. Jonsson",Journal of Neurochemistry,1972-06-01,83,"Cellular, Synaptic, and Neuromorphic Foundations",,10.1111/j.1471-4159.1972.tb05100.x,701e13c60d9ffb1d3f2720f799e4b39b0bd88056,https://doi.org/10.1111/j.1471-4159.1972.tb05100.x,JournalArticle,unknown,1,neuron,
1972,"ACETYLCHOLINE, CHOLINE AND CHOLINE ACETYLTRANSFERASE ACTIVITY IN THE DEVELOPING BRAIN OF NORMAL AND HYPOTHYROID RATS 1","Herbert Ladinsky, Silvana Consolo, Giuseppe Peri, S. Garattini",Journal of Neurochemistry,1972-08-01,82,General Brain-AI Structure Reviews and Methods,brain-structure,10.1111/j.1471-4159.1972.tb01483.x,f0b2d856e3f83933ed124aa9825944e13d181c47,https://doi.org/10.1111/j.1471-4159.1972.tb01483.x,JournalArticle,unknown,4,brain; brain/neural structure in title,
1972,Are deconnected cerebral hemispheres independent channels? A preliminary study of the effect of unilateral loading on bilateral finger tapping.,"C. Kreuter, M. Kinsbourne, M. Kinsbourne, C. Trevarthen",Neuropsychologia,1972-12-01,82,General Brain-AI Structure Reviews and Methods,brain-structure,10.1016/0028-3932(72)90008-5,7fbf12a23669710d1903b0f065799d9842277287,https://doi.org/10.1016/0028-3932(72)90008-5,JournalArticle,unknown,2,brain; cerebral,
1972,'Seamless' endothelia in brain capillaries during development of the rat's cerebral cortex.,"J. Wolff, T. Bär",Brain Research,1972-06-08,81,General Brain-AI Structure Reviews and Methods,brain-structure,10.1016/0006-8993(72)90613-0,9beea29798287db4d2ee1e0fad458e048466b186,https://doi.org/10.1016/0006-8993(72)90613-0,JournalArticle,unknown,6,brain; cerebral; cortex; brain/neural structure in title,
1972,-Sympathetic receptor stimulation in the brain and hypotensive activity of -methyldopa.,"A. Heise, G. Kroneberg",European Journal of Pharmacology,1972-02-01,81,General Brain-AI Structure Reviews and Methods,brain-structure,10.1016/0014-2999(72)90180-X,4af49c6e93e40011fc3b0ab1bab6a71e5e156898,https://doi.org/10.1016/0014-2999(72)90180-X,JournalArticle,unknown,4,brain; brain/neural structure in title,
1972,"A scanning electron microscopic study of the ependymal surface of the third ventricle of the rabbit, rat, mouse and human brain","J. Bruni, D. Montemurro, R. Clattenburg, R. Singh",The Anatomical Record,1972-12-01,81,General Brain-AI Structure Reviews and Methods,brain-structure,10.1002/ar.1091740402,c9ad0d2995f62028a9dc832efca2269d4a39bbf4,https://doi.org/10.1002/ar.1091740402,JournalArticle,unknown,4,brain; brain/neural structure in title,
1972,Brain and testicular function.,"Eugene L. Bliss, A. Frischat, Leo T. Samuels",Life sciences. Pt. 1: Physiology and pharmacology,1972-03-01,81,General Brain-AI Structure Reviews and Methods,brain-structure,10.1016/0024-3205(72)90008-2,3eddd5c97d2c1f724bfed82e4a1d0e33ce23d0af,https://doi.org/10.1016/0024-3205(72)90008-2,JournalArticle,unknown,4,brain; brain/neural structure in title,
1972,"Ethanol preference in the rat: interactions between brain serotonin and ethanol, acetaldehyde, paraldehyde, 5-HTP and 5-HTOL.","R. D. Myers, J. Evans, T. Yaksh",Neuropharmacology,1972-07-01,81,General Brain-AI Structure Reviews and Methods,brain-structure,10.1016/0028-3908(72)90009-3,99432eafc4c697cdc74dde738683d916171b3363,https://doi.org/10.1016/0028-3908(72)90009-3,JournalArticle,unknown,4,brain; brain/neural structure in title,
1972,False aneurysm secondary to penetration of the brain through orbitofacial wounds. Report of two cases.,"D. J. Ferry, L. Kempe",Journal of Neurosurgery,1972-04-01,81,General Brain-AI Structure Reviews and Methods,brain-structure,10.3171/JNS.1972.36.4.0503,e703ae572ff3d5524cf3ac8bdf8f92243ad6f150,https://doi.org/10.3171/JNS.1972.36.4.0503,JournalArticle,unknown,4,brain; brain/neural structure in title,
1972,Studies on the possible role of brain histamine in behaviour,"M. C. Gerald, R. P. Maickel",British Journal of Pharmacology,1972-03-01,81,General Brain-AI Structure Reviews and Methods,brain-structure,10.1111/j.1476-5381.1972.tb07284.x,04563bc127bab64e4fa997fb92b499739d6cf8e0,https://doi.org/10.1111/j.1476-5381.1972.tb07284.x,JournalArticle,unknown,4,brain; brain/neural structure in title,
1972,Zinc Deficiency: Effect on Brain of the Suckling Rat,"H. Sandstead, D. Gillespie, R. Brady",Pediatric Research,1972-02-01,81,General Brain-AI Structure Reviews and Methods,brain-structure,10.1203/00006450-197202000-00005,aa328a8fd6c6bcb994e66b8823cbc8a3be9522be,https://doi.org/10.1203/00006450-197202000-00005,JournalArticle,unknown,4,brain; brain/neural structure in title,
1972,An isomer of trisialoganglioside and the sturcture of tetra- and pentasialogangliosides from fish brain.,"I. Ishizuka, Herbert Wiegandt",Biochimica et Biophysica Acta,1972-02-21,80,General Brain-AI Structure Reviews and Methods,brain-structure,10.1016/0005-2760(72)90039-2,4c2b003a0bbf1e045274c1ede65f9d1bb97f3dac,https://doi.org/10.1016/0005-2760(72)90039-2,JournalArticle,unknown,4,brain; brain/neural structure in title,
1972,CEREBRAL EVOLUTION AND EMOTIONAL PROCESSES: NEW FINDINGS ON THE STRIATAL COMPLEX,P. Maclean,Annals of the New York Academy of Sciences,1972-08-01,79,General Brain-AI Structure Reviews and Methods,brain-structure,10.1111/j.1749-6632.1972.tb27830.x,eb2b61d903b360b31b06c135fbd991ddb37a76ac,https://doi.org/10.1111/j.1749-6632.1972.tb27830.x,Review; JournalArticle,unknown,2,brain; cerebral,
1972,Effect of Intravenous Infusion of Glycerol on Hemispheric Blood Flow and Metabolism in Patients With Acute Cerebral Infarction,"J. Meyer, Y. Fukuuchi, K. Shimazu, T. Ohuchi, A. Ericsson",Stroke,1972-03-01,79,Clinical NeuroAI and Brain Disorders,brain-structure;clinical-neuroai,10.1161/01.STR.3.2.168,5648ff0183b3e87ff310038060f5f33c201434b4,https://doi.org/10.1161/01.STR.3.2.168,JournalArticle,unknown,1,cerebral,
1972,Effects of Caffeine and Theophylline on Activity of Rats in Relation to Brain Xanthine Concentrations 1,"A. Thithapandha, H. Maling, J. Gillette",Proceedings of the Society for Experimental Biology and Medicine. Society for Experimental Biology and Medicine,1972-02-01,79,General Brain-AI Structure Reviews and Methods,brain-structure,10.3181/00379727-139-36191,e71d537766cbc74fccc95430353e49a1df4dc891,https://doi.org/10.3181/00379727-139-36191,JournalArticle,unknown,4,brain; brain/neural structure in title,
1972,Juvenile hormone in relation to the larval-pupal transformation of the cecropia silkworm.,L. Riddiford,The Biological Bulletin,1972-04-01,79,General Brain-AI Structure Reviews and Methods,brain-structure,10.2307/1540234,6c4454e3fbb4329706a65e5ea4fd2dd9ae5ce823,https://doi.org/10.2307/1540234,JournalArticle,unknown,1,brain,1. Pupae retaining larval integumentary structures were formed after topical applications of Cecropia juvenile hormone or a mixture of juvenile hormone analogues to fifth instar Cecropia larvae prior to the initiation of spinning.
1972,"Patterns of protein synthesis in individual, identified molluscan neurons.",Harold Gainer,Brain Research,1972-04-28,79,"Cellular, Synaptic, and Neuromorphic Foundations",brain-structure,10.1016/0006-8993(72)90442-8,8b78fe9beb2185d29fb3b1ca8decb33c747fe67f,https://doi.org/10.1016/0006-8993(72)90442-8,JournalArticle,unknown,1,neuron,
1972,6-Hydroxydopa Depletion of Brain Norepinephrine and the Facilitation of Aggressive Behavior,"N. Thoa, Burr Eichelman, J. Richardson, D. M. Jacobowitz",Science,1972-10-06,78,"Cognitive Architectures, Learning, and Systems Neuroscience",brain-structure,10.1126/science.178.4056.75,692deffd33663c3d53f9c6cd95bd91f02d4f1a21,https://doi.org/10.1126/science.178.4056.75,paper,unknown,4,brain; brain/neural structure in title,
1972,A possible relation between phosphoinositides and the diglyceride pool in rat brain.,"K. Keough, G. Macdonald, William Forde Thompson",Biochimica et Biophysica Acta,1972-07-07,78,General Brain-AI Structure Reviews and Methods,brain-structure,10.1016/0005-2760(72)90198-1,44b9fd1762fd3c7bf2705e33b4152ef2e43891d4,https://doi.org/10.1016/0005-2760(72)90198-1,JournalArticle,unknown,4,brain; brain/neural structure in title,
1972,Functional asymmetry between the cerebral hemispheres of the cat.,W. G. Webster,Neuropsychologia,1972-04-01,78,General Brain-AI Structure Reviews and Methods,brain-structure,10.1016/0028-3932(72)90044-9,6833b80b7ae47c63e4976a3b11cd7726680cff57,https://doi.org/10.1016/0028-3932(72)90044-9,JournalArticle,unknown,2,brain; cerebral,
1972,Influence of p-chlorophenylalanine on morphine tolerance and physical dependence and regional brain serotonin turnover studies in morphine tolerant-dependent mice.,"Ho Ik, Lu Se, S. Stolman, Loh Hh, Way El",Journal of Pharmacology and Experimental Therapeutics,1972-07-01,78,General Brain-AI Structure Reviews and Methods,brain-structure;neuromorphic-bci,10.1016/s0022-3565(25)29260-6,3f84a0d84ef03909b9a66f25cc6aa9b620a9cfa0,https://doi.org/10.1016/s0022-3565(25)29260-6,JournalArticle,unknown,6,brain; thalamus; hypothalamus; brain/neural structure in title,The administration of p -chlorophenylalanine ( p CPA) inhibited partially the development of tolerance to and physical dependence on morphine induced by morphine pellet implantation in the mouse and rat.
1972,Ion Homeostasis of the Brain,S. Alexander,Unknown venue,1972-02-01,78,General Brain-AI Structure Reviews and Methods,brain-structure,10.1097/00000542-197202000-00033,fbfbf7d55896cee9711f3b8711f1584042d07c34,https://doi.org/10.1097/00000542-197202000-00033,paper,unknown,4,brain; brain/neural structure in title,
1972,THE FORMATION OF CHOLINE AND OF ACETYLCHOLTNE BY BRAIN IN VITRO,"B. Collier, P. Poon, S. Salehmoghaddam",Journal of Neurochemistry,1972-01-01,78,General Brain-AI Structure Reviews and Methods,brain-structure,10.1111/j.1471-4159.1972.tb01252.x,4b4aed1bbe34e8a560644c7773f94764928b2cba,https://doi.org/10.1111/j.1471-4159.1972.tb01252.x,JournalArticle,unknown,4,brain; brain/neural structure in title,
1972,N-methylation of dopamine to epinine in brain tissue using N-methyltetrahydrofolic acid as the methyl donor.,P. Laduron,Nature: New biology,1972-08-16,77,General Brain-AI Structure Reviews and Methods,brain-structure,10.1038/NEWBIO238212A0,e650b9f57653c1dd141340b91c4465f12f709d88,https://doi.org/10.1038/NEWBIO238212A0,JournalArticle,unknown,4,brain; brain/neural structure in title,
1972,p-Chloroamphetamine--inhibition of cerebral tryptophan hydroxylase.,"E. sanders-Bush, J. A. Bushing, Fridolin Sulser",Biochemical Pharmacology,1972-05-15,77,General Brain-AI Structure Reviews and Methods,brain-structure,10.1016/0006-2952(72)90375-9,8664c6befff90cb59328cf64e4ba7db8225f5bc4,https://doi.org/10.1016/0006-2952(72)90375-9,JournalArticle,unknown,2,brain; cerebral,
1972,Acidic and neutral metabolites of norepinephrine: their metabolism and transport from brain.,"J. Meek, N. Neff",Journal of Pharmacology and Experimental Therapeutics,1972-06-01,76,General Brain-AI Structure Reviews and Methods,brain-structure,10.1016/s0022-3565(25)29227-8,28356d3a983aecbce7c49059b63d014b1923e81f,https://doi.org/10.1016/s0022-3565(25)29227-8,JournalArticle,unknown,4,brain; brain/neural structure in title,"Radiolabeled vanillylmandelic acid, 3-methoxy-4-hydnoxyphenylglycol (MOPEG) and its sulfate conjugate (MOPEG-SO 4 ) were injected into the lateral ventricle of the rat and their metabolic fate was studied."
1972,Cyclic AMP in brain areas: effects of amphetamine and norepinephrine assessed through the use of microwave radiation as a means of tissue fixation.,"M. Schmidt, J. T. Hopkins, D. Schmidt, G. Robison",Brain Research,1972-07-20,76,General Brain-AI Structure Reviews and Methods,brain-structure,10.1016/0006-8993(72)90544-6,eade3663620cf619032cb23b379a5f3bf09cb5c6,https://doi.org/10.1016/0006-8993(72)90544-6,JournalArticle,unknown,4,brain; brain/neural structure in title,
1972,Effects of Lesions and Electrical Stimulation of the Amygdala on Hypothalamic-Hypophyseal-Regulation,A. Zolovick,Unknown venue,1972,76,General Brain-AI Structure Reviews and Methods,,10.1007/978-1-4615-8987-7_25,1e2e65393a63faf679045faf536709a602a0c731,https://doi.org/10.1007/978-1-4615-8987-7_25,paper,unknown,2,brain; amygdala,
1972,THE EFFECT ON GABA METABOLISM IN BRAIN OF ISONICOTINIC ACID HYDRAZIDE AND PYRIDOXINE AS A FUNCTION OF TIME AFTER ADMINISTRATION,"J. Wood, S. J. Peesker",Journal of Neurochemistry,1972-06-01,76,General Brain-AI Structure Reviews and Methods,brain-structure,10.1111/j.1471-4159.1972.tb05097.x,8e931703af53724bb2ef0d22beb77290abac7bd6,https://doi.org/10.1111/j.1471-4159.1972.tb05097.x,JournalArticle,unknown,4,brain; brain/neural structure in title,
1972,THE EFFECTS OF INTOXICATING DOSES OF ETHANOL UPON INTERMEDIARY METABOLISM IN RAT BRAIN,"D. Veloso, J. Passonneau, R. Veech",Journal of Neurochemistry,1972-11-01,76,General Brain-AI Structure Reviews and Methods,brain-structure,10.1111/j.1471-4159.1972.tb01327.x,78fdf0f24f828b69b1547419809c512513ec4816,https://doi.org/10.1111/j.1471-4159.1972.tb01327.x,JournalArticle,unknown,4,brain; brain/neural structure in title,
1972,5 - Sites of Steroid Binding and Action in the Brain,"B. McEwen, R. Zigmond, J. Gerlach",Unknown venue,1972,75,General Brain-AI Structure Reviews and Methods,brain-structure,10.1016/B978-0-12-119285-3.50011-8,2593cf580731c3e11ae287c510f4d93a4b2d7b1c,https://doi.org/10.1016/B978-0-12-119285-3.50011-8,paper,unknown,4,brain; brain/neural structure in title,
1972,Central nervous system mechanisms responsible for blood pressure elevation induced by p-chlorophenylalanine.,"A. Ito, S. Schanberg",Journal of Pharmacology and Experimental Therapeutics,1972-04-01,75,General Brain-AI Structure Reviews and Methods,brain-structure,10.1016/s0022-3565(25)29176-5,6984b572aad7edfff988056e747970c573723410,https://doi.org/10.1016/s0022-3565(25)29176-5,JournalArticle,unknown,1,brain,An elevation in blood pressure was produced in rats after either intracisternal (1-10 mg/kg) or i.p.
1972,Characteristics of amphetamine-induced release of norepinephrine from rat cerebral cortex in vitro.,"R. Ziance, A. Azzaro, C. Rutledge",Journal of Pharmacology and Experimental Therapeutics,1972-08-01,75,"Cellular, Synaptic, and Neuromorphic Foundations",brain-structure,10.1016/s0022-3565(25)29275-8,1392b77d975dab56f5455234e086a61b84224d24,https://doi.org/10.1016/s0022-3565(25)29275-8,JournalArticle,unknown,6,cerebral; cortex; neuron; brain/neural structure in title,"Release of 3 H-norepinephrine from central nervous system neurons was studied by incubating cerebral cortex tissue with 3 H-norepinephrine, allowing the 3 H-amine to be taken up into the tissue and observing the amount of 3 H-norepinephrine released into the incubation medium upon addition of amphetamine."
1972,Ischemic anoxia and cerebral serotonin levels.,"K. Welch, J. Meyer, Tetsuaki Teraura, K. Hashi, S. Shinmaru",Journal of Neurological Sciences,1972-05-01,75,General Brain-AI Structure Reviews and Methods,brain-structure,10.1016/0022-510X(72)90103-7,5511db3655a61662fa37a313d201eda6da93fe63,https://doi.org/10.1016/0022-510X(72)90103-7,JournalArticle,unknown,2,brain; cerebral,
1972,Regulation of brain and eye temperatures by the bluefin tuna.,"D. Linthicum, F. G. Carey","Comparative biochemistry and physiology. A, Comparative physiology",1972-10-01,75,General Brain-AI Structure Reviews and Methods,brain-structure,10.1016/0300-9629(72)90201-0,8d6e08fe506e7cb4fbc788e9d918b8d8144f7d1d,https://doi.org/10.1016/0300-9629(72)90201-0,JournalArticle,unknown,4,brain; brain/neural structure in title,
1972,Variations in mitochondrial structure and content of neurons and neuroglia in rat brain: an electron microscopic study.,"J. Pysh, T. Khan",Brain Research,1972-01-14,75,"Cellular, Synaptic, and Neuromorphic Foundations",brain-structure,10.1016/0006-8993(72)90762-7,0819a5e494899996130ddd7d298a8e124ab472eb,https://doi.org/10.1016/0006-8993(72)90762-7,JournalArticle,unknown,5,brain; neuron; brain/neural structure in title,
1972,Brain of the Firm: A Development in Management Cybernetics.,S. Beer,Unknown venue,1972,74,General Brain-AI Structure Reviews and Methods,brain-structure,,cdbfc5932f516b44d7ad24cceff00c2400e8e06d,https://www.semanticscholar.org/paper/cdbfc5932f516b44d7ad24cceff00c2400e8e06d,paper,unknown,4,brain; brain/neural structure in title,
1972,Mechanisms of habituation in the brain stem.,"P. M. Groves, G. Lynch",Psychology Review,1972-05-01,74,General Brain-AI Structure Reviews and Methods,brain-structure,10.1037/H0032689,35397b9d3ebf5f189709e2ab0e5deaa427b2da7d,https://doi.org/10.1037/H0032689,Review; JournalArticle,unknown,4,brain; brain/neural structure in title,
1972,"UPTAKE OF [3H-METHYL]CHOLINE BY MICROSOMAL, SYNAPTOSOMAL, MITOCHONDRIAL AND SYNAPTIC VESICLE FRACTIONS OF RAT BRAIN","I. Diamond, D. Milfay",Unknown venue,1972-08-01,74,"Cellular, Synaptic, and Neuromorphic Foundations",brain-structure,10.1111/j.1471-4159.1972.tb01478.x,1b70737edf1cb6004ae14aed10eb871176079366,https://doi.org/10.1111/j.1471-4159.1972.tb01478.x,paper,unknown,4,brain; brain/neural structure in title,
1972,Book Review: 'Proceedings' Put Emphasis on Treatment of Children: Abnormal Motor Behaviour: Abnormal Postural Reflex Activity Caused by Brain Lesions,B. Bobath,Unknown venue,1972-04-01,73,General Brain-AI Structure Reviews and Methods,brain-structure,10.1177/030802267203500411,be902738c840d2bf50de7fff6ea0254e94deae18,https://doi.org/10.1177/030802267203500411,Review,unknown,4,brain; brain/neural structure in title,
1972,Electrolytes and water in the brain and cerebrospinal fluid of the foetal sheep and guinea-pig,"M. Bradbury, J. Crowder, S. Desai, J. Reynolds, M. Reynolds, N. Saunders",Journal of Physiology,1972-12-01,73,General Brain-AI Structure Reviews and Methods,brain-structure,10.1113/jphysiol.1972.sp010049,a5f6e871fb8feef55f7d89936fe64d5c7c06dc37,https://doi.org/10.1113/jphysiol.1972.sp010049,JournalArticle,unknown,4,brain; brain/neural structure in title,
1972,Highly purified synaptosomal membranes from rat brain. Preparation and characterization.,"I. Levitan, W. Mushynski, G. Ramı́rez",Journal of Biological Chemistry,1972-09-10,73,General Brain-AI Structure Reviews and Methods,brain-structure,,e0e5ff95a0ed68b7864b51e6cb526cbe6842649c,https://www.semanticscholar.org/paper/e0e5ff95a0ed68b7864b51e6cb526cbe6842649c,JournalArticle,unknown,4,brain; brain/neural structure in title,
1972,Histochemical studies during the differentiation of dissociated nerve cells cultivated in the presence of brain extracts.,"M. Sensenbrenner, N. Springer, J. Booher, P. Mandel",Neurobiology,1972,73,"Cellular, Synaptic, and Neuromorphic Foundations",brain-structure,,04cb74107ecdd1de6540022dec9acfe45741ab08,https://www.semanticscholar.org/paper/04cb74107ecdd1de6540022dec9acfe45741ab08,JournalArticle,unknown,4,brain; brain/neural structure in title,
1972,"Waves, Pulses, and the Theory of Neural Masses",W. Freeman,Unknown venue,1972,73,"Cellular, Synaptic, and Neuromorphic Foundations",brain-structure;connectome;deep-learning;neural-signals,10.1016/B978-0-12-543102-6.50010-8,db86228a2bd68a777614821efb71ab7b62582754,https://doi.org/10.1016/B978-0-12-543102-6.50010-8,Review,unknown,20,brain; eeg; meg; neuron; neural; neural network; brain/neural structure in title; explicit brain-structure/AI bridge,"Author(s): Freeman, Walter J, III | Abstract: It is a truism that systems as complex as vertebrate nervous systems are more than the sum of their parts."
1972,5-Hydroxytryptamine and 5-hydroxyindolylacetic acid content in brain of rat strains selected for their alcohol intake.,"L. Ahtee, K. Eriksson",Physiology and Behavior,1972,72,"Cognitive Architectures, Learning, and Systems Neuroscience",brain-structure,10.1016/0031-9384(72)90138-2,4725f50f03b6b7c2a90880278b28b1da96ee9800,https://doi.org/10.1016/0031-9384(72)90138-2,JournalArticle,unknown,4,brain; brain/neural structure in title,
1972,DECREASED PERCENTAGE OF POLYMORPHONUCLEAR NEUTROPHILS IN MOUSE PERIPHERAL BLOOD AFTER INOCULATION WITH MATERIAL FROM MULTIPLE SCLEROSIS PATIENTS,"R. Carp, P. C. Licursi, P. Merz, G. Merz",Journal of Experimental Medicine,1972-09-01,72,Clinical NeuroAI and Brain Disorders,brain-structure;clinical-neuroai,10.1084/jem.136.3.618,7e9c14521239d0ce9f58aebf6d2869e9b501f24b,https://doi.org/10.1084/jem.136.3.618,JournalArticle,unknown,1,brain,"Mice inoculated with brain homogenates from multiple sclerosis (MS) cases showed marked changes in their leukocyte differential counts, with a decrease in per cent polymorphonuclear neutrophils (PMN) and an increase in the per cent lymphocytes."
1972,HEADACHE AS POSSIBLE EXPRESSION OF DEFICIENCY OF BRAIN 5-HYDROXYTRYPTAMINE (CENTRAL DENERVATION SUPERSENSITIVITY),F. Sicuteri,Headache,1972-07-01,72,General Brain-AI Structure Reviews and Methods,brain-structure,10.1111/j.1526-4610.1972.hed1202069.x,c64e556ccd2b54a9721fc441f87d486a42848d18,https://doi.org/10.1111/j.1526-4610.1972.hed1202069.x,JournalArticle,unknown,4,brain; brain/neural structure in title,
1972,MOUSE THYMUS-INDEPENDENT AND THYMUS-DERIVED LYMPHOID CELLS,"A. Matter, B. Lisowska-bernstein, J. Ryser, J. Lamelin, Pierre Vassalli",Journal of Experimental Medicine,1972-10-31,72,"Connectomics, Graph Models, and Brain Networks",brain-structure;connectome,10.1084/jem.136.5.1008,84b8ff84f6af894b19eadf8e45aefa45ebc65000,https://doi.org/10.1084/jem.136.5.1008,JournalArticle,unknown,1,brain,"The ultrastructural features of B-, T-, and surface Ig(sIg)-bearing cells have been studied on cell suspensions from lymphoid organs of mice at different stages of immunization."
1972,PURIFICATION AND PROPERTIES OF MULTIPLE FORMS OF BRAIN ACETYLCHOLINESTERASE (EC 3.1.1.7) 1,"S. Chan, D. Shirachi, H. Bhargava, E. Gardner, A. Trevor",Unknown venue,1972-12-01,72,General Brain-AI Structure Reviews and Methods,brain-structure,10.1111/J.1471-4159.1972.TB03812.X,99907530e89856c88270ae6420f349c005a263c4,https://doi.org/10.1111/J.1471-4159.1972.TB03812.X,paper,unknown,4,brain; brain/neural structure in title,
1972,STUDIES ON THE NATURAL HISTORY OF MULTIPLE SCLEROSIS 6. Clinical and Laboratory Findings at First Diagnosis,"J. Kurtzke, G. Beebe, B. Nagler, T. Auth, L. Kurland, M. Nefzger",Acta Neurologica Scandinavica,1972-03-01,72,Clinical NeuroAI and Brain Disorders,brain-structure;clinical-neuroai,10.1111/j.1600-0404.1972.tb07525.x,ff213d85865c8090ac64b1bb002a9676da4c84ee,https://doi.org/10.1111/j.1600-0404.1972.tb07525.x,JournalArticle,unknown,2,brain; cerebral,"Signs, symptoms, and laboratory findings were presented to describe an early bout of multiple sclerosis (MS)."
1972,The effects of a soluble factor and of catecholamines on the activity of adenosine triphosphatase in subcellular fractions of rat brain.,"A. Schaefer, G. Unyi, A. Pfeifer",Biochemical Pharmacology,1972-09-01,72,"Cellular, Synaptic, and Neuromorphic Foundations",brain-structure,10.1016/0006-2952(72)90379-6,b1b45f3a795f4af3d6d99c12d90b26dbd9eb7c5f,https://doi.org/10.1016/0006-2952(72)90379-6,JournalArticle,unknown,4,brain; brain/neural structure in title,
1972,An evaluation of the management of patients with cerebral metastases from malignant melanoma,"J. Gottlieb, E. Frei, J. Luce",Cancer,1972-03-01,71,Clinical NeuroAI and Brain Disorders,brain-structure;clinical-neuroai,10.1002/1097-0142(197203)29:3<701::AID-CNCR2820290324>3.0.CO;2-S,7b82fd84eb9fc8b0cb497847ecee5d888de55334,https://doi.org/10.1002/1097-0142(197203)29:3<701::AID-CNCR2820290324>3.0.CO;2-S,JournalArticle,unknown,1,cerebral,
1972,IMMUNOHISTOCHEMICAL STUDIES OF S-100 PROTEIN DURING POSTNATAL ONTOGENESIS OF THE BRAIN OF TWO STRAINS OF RATS,"S. M. Sviridov, L. Korochkin, V. Ivanov, E. I. Maletskaya, T. K. Bakhtina",Journal of Neurochemistry,1972-03-01,71,General Brain-AI Structure Reviews and Methods,brain-structure,10.1111/j.1471-4159.1972.tb01386.x,7e5e62b4d791393ce591f74f24c6a81b21a96da3,https://doi.org/10.1111/j.1471-4159.1972.tb01386.x,JournalArticle,unknown,4,brain; brain/neural structure in title,
1972,TRANSPORT OF l-TRYPTOPHAN INTO SLICES OF RAT CEREBRAL CORTEX 1,"M. E. Kiely, T. L. Sourkes",Journal of Neurochemistry,1972-12-01,71,General Brain-AI Structure Reviews and Methods,brain-structure,10.1111/j.1471-4159.1972.tb03824.x,899c283ba829a44b0e94e057ac5d5bab6a42c6cb,https://doi.org/10.1111/j.1471-4159.1972.tb03824.x,JournalArticle,unknown,6,brain; cerebral; cortex; brain/neural structure in title,
1972,An electron microscopic study of intravascular agglutination in the cerebral cortex due to Babesia argentina infection.,I. G. Wright,International Journal of Parasitology,1972-06-01,70,General Brain-AI Structure Reviews and Methods,brain-structure,10.1016/0020-7519(72)90008-2,e850cd41fc30b5b9508246429a2a68dc32552d50,https://doi.org/10.1016/0020-7519(72)90008-2,JournalArticle,unknown,6,brain; cerebral; cortex; brain/neural structure in title,
1972,Cerebral vascular permeability and cellular infiltration in experimental allergic encephalomyelitis.,"S. Leibowitz, L. Kennedy",Immunology,1972-05-01,70,"Cellular, Synaptic, and Neuromorphic Foundations",brain-structure,,5d8e9caa5f5825913924112f02b0956d468b82c5,https://www.semanticscholar.org/paper/5d8e9caa5f5825913924112f02b0956d468b82c5,JournalArticle,unknown,2,brain; cerebral,
1972,EXPERIMENTAL ALLERGIC ENCEPHALITIS,"L. Spitler, C. von Muller, H. Fudenberg, E. Eylar",Journal of Experimental Medicine,1972-07-01,70,"Cellular, Synaptic, and Neuromorphic Foundations",brain-structure,10.1084/jem.136.1.156,50574b801e5d38d1210a07a261c88c177b1c5247,https://doi.org/10.1084/jem.136.1.156,JournalArticle,unknown,1,brain,"The encephalitogenic determinant of brain protein, a nonapeptide having the amino acid sequence Phe-Ser-Trp-Gly-Ala-Glu-Gly-Gln-Lys, has been characterized and synthesized."
1972,Organotypic Bioelectric Activity in Cultured Reaggregates of Dissociated Rodent Brain Cells,"S. Crain, M. Bornstein",Science,1972-04-14,70,"Cellular, Synaptic, and Neuromorphic Foundations",brain-structure,10.1126/science.176.4031.182,9264c47bf72a74e802e0766a49b054ebe9a8da13,https://doi.org/10.1126/science.176.4031.182,JournalArticle,unknown,4,brain; brain/neural structure in title,
1972,Responses of trigeminal ganglion and brain stem neurones in the cat to mechanical and thermal stimulation of the face.,"Mark J. Rowe, B. Sessle",Brain Research,1972-07-20,70,General Brain-AI Structure Reviews and Methods,brain-structure,10.1016/0006-8993(72)90537-9,e53d011efe7f627383c056eff1197e94e34a5057,https://doi.org/10.1016/0006-8993(72)90537-9,JournalArticle; Review,unknown,5,brain; neuron; brain/neural structure in title,
1972,The effect of thyroid deficiency on myelination of brain,"N. Rosman, M. Malone, Myrna Helfenstein, Edith Kraft",Neurology,1972-01-01,70,General Brain-AI Structure Reviews and Methods,brain-structure,10.1212/WNL.22.1.99,1fa5efc9d21d210296284a103eb3a1bf8628fb7a,https://doi.org/10.1212/WNL.22.1.99,JournalArticle,unknown,4,brain; brain/neural structure in title,
1972,Exchange of phospholipids between brain membranes in vitro.,"By E. K. Miller, R. Dawson",Biochemical Journal,1972-02-01,69,General Brain-AI Structure Reviews and Methods,brain-structure,10.1042/BJ1260823,5696e01f720c6ec204312794e1ed1a558f18e27a,https://doi.org/10.1042/BJ1260823,JournalArticle,unknown,4,brain; brain/neural structure in title,
1972,Neonatal sympathectomy by 6-hydroxydopamine in the rat: no effects on behavior by changes in endogenous brain norepinephrine.,"B. Pappas, S. Sobrian",Life sciences. Pt. 1: Physiology and pharmacology,1972-07-15,69,"Cognitive Architectures, Learning, and Systems Neuroscience",brain-structure,10.1016/0024-3205(72)90035-5,fab9270ef1c1d9115c9b48cb3cc47fccc23838e3,https://doi.org/10.1016/0024-3205(72)90035-5,JournalArticle,unknown,4,brain; brain/neural structure in title,
1972,Oligoclonal immunoglobulin G in multiple sclerosis brains.,H. Link,Journal of Neurological Sciences,1972-05-01,69,General Brain-AI Structure Reviews and Methods,brain-structure,10.1016/0022-510X(72)90105-0,b48b25f179cda7428145e6574706e93183061b97,https://doi.org/10.1016/0022-510X(72)90105-0,JournalArticle,unknown,4,brain; brain/neural structure in title,
1972,On the physiological response of the cerebral cortex to acute stress (reversible asphyxia),"L. Bito, R. Myers",Journal of Physiology,1972-03-01,69,General Brain-AI Structure Reviews and Methods,brain-structure,10.1113/jphysiol.1972.sp009755,5108aae566344e96637b07c13cef15055d6ee140,https://doi.org/10.1113/jphysiol.1972.sp009755,JournalArticle,unknown,6,brain; cerebral; cortex; brain/neural structure in title,
1972,14C-Catecholamine Synthesis in Mouse Brain during Morphine Withdrawal,"S. J. Rosenman, C. B. Smith",Nature,1972-11-17,68,General Brain-AI Structure Reviews and Methods,brain-structure,10.1038/240153A0,c54da3100ed0778d5bea52765ac471b346711f2a,https://doi.org/10.1038/240153A0,JournalArticle,unknown,4,brain; brain/neural structure in title,
1972,"Brain Catecholamines, Affective States and Memory",S. Kety,Unknown venue,1972,68,"Cognitive Architectures, Learning, and Systems Neuroscience",brain-structure,10.1007/978-1-4684-3060-8_5,8cba2a3eddaee19eca6ed72ddbf7694599c353fd,https://doi.org/10.1007/978-1-4684-3060-8_5,paper,unknown,4,brain; brain/neural structure in title,
1972,BRAIN DOPAMINE-β-HYDROXYLASE: REGIONAL DISTRIBUTION AND EFFECTS OF LESIONS AND 6-HYDROXY-DOPAMINE ON ACTIVITY,"D. Reis, P. Molinoff",Journal of Neurochemistry,1972-01-01,68,General Brain-AI Structure Reviews and Methods,brain-structure,10.1111/j.1471-4159.1972.tb01269.x,abba852a8b3904dbf43e3c341e239ae48eb1e23d,https://doi.org/10.1111/j.1471-4159.1972.tb01269.x,JournalArticle,unknown,4,brain; brain/neural structure in title,
1972,Regulatory significance of the release and action of adenine derivatives in cerebral systems.,H. McIlwain,Biochemical Journal,1972-07-01,68,General Brain-AI Structure Reviews and Methods,brain-structure,10.1042/BJ1280074P,9efaee4ffddeffaa1632137de22cff98a11383e2,https://doi.org/10.1042/BJ1280074P,JournalArticle,unknown,2,brain; cerebral,
1972,Specific noradrenergic neurones destroyed by 6-hydroxydopamine injection into newborn rats.,"K. Taylor, D. Clark, R. Laverty, E. L. Phelan",Nature: New biology,1972-10-25,68,"Cellular, Synaptic, and Neuromorphic Foundations",,10.1038/NEWBIO239247A0,0c02593714e75028884fb52ef87b7980cd2c7055,https://doi.org/10.1038/NEWBIO239247A0,JournalArticle,unknown,1,neuron,
1972,The localization of latent brain hexokinase on synaptosomal mitochondria.,John Eric Wilson,Archives of Biochemistry and Biophysics,1972-05-01,68,General Brain-AI Structure Reviews and Methods,brain-structure,10.1016/0003-9861(72)90015-X,1dcb11b4b7d7af7e7aa67b4cd62e742c163ba55b,https://doi.org/10.1016/0003-9861(72)90015-X,JournalArticle,unknown,4,brain; brain/neural structure in title,
1972,A comparison of the effects of fenfluramine and amphetamine on uptake release and catabolism of norepinephrine in rat brain.,"R. Ziance, C. Rutledge",Journal of Pharmacology and Experimental Therapeutics,1972-01-01,67,Structural Neuroimaging and AI,brain-structure;neuroimaging,10.1016/s0022-3565(25)29093-0,df6ce98dc2a344f89c1a6b078d857957a4d2e99a,https://doi.org/10.1016/s0022-3565(25)29093-0,JournalArticle,unknown,7,brain; cortex; mri; neuron; brain/neural structure in title,"Fenfluramine and amphetamine both inhibit the accumulation of 3H-norepinephrine into rat brain cortex tissue slices but d -amphetamine is about 50 times more potent than either d -, l - or dl -fenfluramine."
1972,Actomyosin-like protein from brain. Separation and characterization of the actin-like component.,"S. Puszkin, S. Berl",Biochimica et Biophysica Acta,1972-03-16,67,General Brain-AI Structure Reviews and Methods,brain-structure,10.1016/0005-2728(72)90204-6,423dc243a8d32379ec20336267dab8514f5736df,https://doi.org/10.1016/0005-2728(72)90204-6,JournalArticle,unknown,4,brain; brain/neural structure in title,
1972,"Cerebral blood flow, oxygen consumption, and glucose utilization of fetal lambs in utero.","E. Makowski, J. Schneider, N. G. Tsoulos, J. R. Colwill, F. Battaglia, G. Meschia",American Journal of Obstetrics and Gynecology,1972-10-01,67,General Brain-AI Structure Reviews and Methods,brain-structure,10.1016/0002-9378(72)90606-0,752f8b23984cede07811d699298bc13e21d50180,https://doi.org/10.1016/0002-9378(72)90606-0,JournalArticle,unknown,2,brain; cerebral,
1972,Evidence of phenylalanine transaminase activity in the isoenzymes of aspartate transaminase.,"E. Shrawder, M. Martinez-Carrión",Journal of Biological Chemistry,1972-04-25,67,General Brain-AI Structure Reviews and Methods,brain-structure;neuroimaging,10.1016/s0021-9258(19)45454-9,cd128e3868b8aac6dc7105d995625cc37665445c,https://doi.org/10.1016/s0021-9258(19)45454-9,JournalArticle,unknown,1,brain,"Abstract The transamination by pig mitochondrial and supernatant aspartate transaminase of aromatic amino acids was studied in order to determine if an analogy exists between these enzymes and a previously reported brain phenylalanine transaminase (George, H., and Gabay, S."
1972,Glial and neuronal localization of cerebroside-metabolizing enzymes.,"N. Radin, A. Brenkert, Ramesh Chandra Arora, O. Z. Sellinger, A. Flangas",Brain Research,1972-04-14,67,"Cellular, Synaptic, and Neuromorphic Foundations",brain-structure,10.1016/0006-8993(72)90792-5,2bd48b1bd08a6c6b3c1fec8ca9cbc896d329b348,https://doi.org/10.1016/0006-8993(72)90792-5,JournalArticle,unknown,1,neuron,
1972,Impaired microvascular filling after focal cerebral ischemia in monkeys.,"R. Crowell, Y. Olsson",Journal of Neurosurgery,1972-03-01,67,General Brain-AI Structure Reviews and Methods,brain-structure,10.3171/JNS.1972.36.3.0303,b0b27e49c9a427ee46dfbcf8253384f81d88a995,https://doi.org/10.3171/JNS.1972.36.3.0303,JournalArticle,unknown,2,brain; cerebral,
1972,Psychological Effects of Stimulant Drugs in Children with Minimal Brain Dysfunction.,C. Conners,Unknown venue,1972,67,General Brain-AI Structure Reviews and Methods,brain-structure,,4cc44bcd870bbd6df1b89540b04c422a3e3ad1ea,https://www.semanticscholar.org/paper/4cc44bcd870bbd6df1b89540b04c422a3e3ad1ea,paper,unknown,4,brain; brain/neural structure in title,
1972,The effect of bilateral carotid artery ligation upon acid-base parameters and substrate levels in the rat brain.,"B. Eklof, B. Siesjö",Acta Physiologica Scandinavica,1972-12-01,67,General Brain-AI Structure Reviews and Methods,brain-structure,10.1111/J.1748-1716.1972.TB05354.X,3785e734c090fc062a0776543c047ec3d15016ab,https://doi.org/10.1111/J.1748-1716.1972.TB05354.X,JournalArticle,unknown,4,brain; brain/neural structure in title,
1972,"[1,2-3H]progesterone uptake by guinea pig brain and uterus: Differential localization, time-course of uptake and metabolism, and effects of age, sex, estrogen-priming and competing steriods","G. Wade, H. Feder",Unknown venue,1972-10-27,66,General Brain-AI Structure Reviews and Methods,brain-structure;neuroimaging,10.1016/0006-8993(72)90480-5,b762e1cc198f67d976977af7e0c62868b4d72c0b,https://doi.org/10.1016/0006-8993(72)90480-5,paper,unknown,4,brain; brain/neural structure in title,
1972,Age changes in the neuronal microenvironment.,"W. Bondareff, R. Narotzky",Science,1972,66,"Cellular, Synaptic, and Neuromorphic Foundations",,10.1016/B978-0-12-591650-9.50006-6,a1aa4217e8995eb44db125acc3b394954a1c2cd6,https://doi.org/10.1016/B978-0-12-591650-9.50006-6,JournalArticle,unknown,1,neuron,
1972,Protein composition of coronavirus OC 43,"J. C. Hierholzer, Erskine L. Palmer, Sylvia G. Whitfield, H. S. Kaye, Walter R. Dowdle",Virology,1972-05-01,66,"Cellular, Synaptic, and Neuromorphic Foundations",brain-structure;neural-signals,10.1016/0042-6822(72)90062-1,1f5cba1440adbf90ea4b08927afc160d085e52d1,https://doi.org/10.1016/0042-6822(72)90062-1,JournalArticle,unknown,1,brain,"A human coronavirus, strain OC 43, was propagated in suckling mouse brain and purified 5000-fold with, a 90% yield."
1972,The effect of hexachlorophene on the respiration of brain and liver mitochondria.,"W. Cammer, Cyril L. Moore",Biochemical and Biophysical Research Communications - BBRC,1972-03-10,66,General Brain-AI Structure Reviews and Methods,brain-structure,10.1016/0006-291X(72)90066-6,2b3eacb32713bff9fb2fd586520dbd27bdc001f8,https://doi.org/10.1016/0006-291X(72)90066-6,JournalArticle,unknown,4,brain; brain/neural structure in title,
1972,AMINO ACIDS AS PUTATIVE TRANSMITTERS: FAILURE TO BIND TO SYNAPTIC VESICLES OF GUINEA PIG CEREBRAL CORTEX 1,D. Rassin,Journal of Neurochemistry,1972-01-01,65,"Cellular, Synaptic, and Neuromorphic Foundations",brain-structure,10.1111/j.1471-4159.1972.tb01263.x,420dbda3ccf77ab334d9c4ec30a7ec39aecc3f10,https://doi.org/10.1111/j.1471-4159.1972.tb01263.x,JournalArticle,unknown,5,cerebral; cortex; brain/neural structure in title,
1972,Barrels in somatic sensory neocortex of the marsupial Trichosurus vulpecula (brush-tailed possum).,W. L. Weller,Brain Research,1972-08-11,65,General Brain-AI Structure Reviews and Methods,brain-structure,10.1016/0006-8993(72)90271-5,a338f8651b9da25de3466cf5e928701dc8cba461,https://doi.org/10.1016/0006-8993(72)90271-5,JournalArticle; Review,unknown,5,brain; cortex; brain/neural structure in title,
1972,Brain area nicotine levels in male and female rats with different levels of spontaneous activity.,J. Rosecrans,Neuropharmacology,1972-11-01,65,General Brain-AI Structure Reviews and Methods,brain-structure,10.1016/0028-3908(72)90045-7,5f13a6bb702842de4603537d9db1bdc52dd537ae,https://doi.org/10.1016/0028-3908(72)90045-7,JournalArticle,unknown,4,brain; brain/neural structure in title,
1972,Cerebral spongy degeneration of infancy,"B. Adornato, J. O'brien, P. Lampert, T. Roe, H. Neustein",Neurology,1972-02-01,65,General Brain-AI Structure Reviews and Methods,brain-structure,10.1212/WNL.22.2.202,80bfffa123b567a1202a052934d086777dbad147,https://doi.org/10.1212/WNL.22.2.202,JournalArticle,unknown,1,cerebral,
1972,"Effects of a fatty acid deficiency on lipids of whole brain, microsomes, and myelin in the rat.",G. Sun,Journal of Lipid Research,1972,65,General Brain-AI Structure Reviews and Methods,brain-structure,,5c3037782e436b5d05a41f2bfe242b57d621ca4e,https://www.semanticscholar.org/paper/5c3037782e436b5d05a41f2bfe242b57d621ca4e,JournalArticle,unknown,4,brain; brain/neural structure in title,
1972,Influence of the carotid rete on brain temperature in cats exposed to hot environments,M. A. Baker,Journal of Physiology,1972-02-01,65,General Brain-AI Structure Reviews and Methods,brain-structure,10.1113/jphysiol.1972.sp009731,511651ce96e50dc97523af380621b54ae63d7120,https://doi.org/10.1113/jphysiol.1972.sp009731,JournalArticle,unknown,4,brain; brain/neural structure in title,
1972,Organization of brain tissue: is the brain a noisy processor?,W. R. Adey,International Journal of Neuroscience,1972,65,General Brain-AI Structure Reviews and Methods,brain-structure,10.3109/00207457209147637,94c205ebcdf60ff8968a80563965df10125768a7,https://doi.org/10.3109/00207457209147637,JournalArticle,unknown,4,brain; brain/neural structure in title,
1972,Simulation and malingering after injuries to the brain and spinal cord.,"H. Miller, N. Cartlidge",The Lancet,1972-03-11,65,General Brain-AI Structure Reviews and Methods,brain-structure,10.1016/S0140-6736(72)90368-6,8e55ba0627adee51a888b0d58453bf97930c68ff,https://doi.org/10.1016/S0140-6736(72)90368-6,JournalArticle,unknown,16,brain; computational neuroscience; brain/neural structure in title; explicit brain-structure/AI bridge,
1972,A neuronal basis for the alerting action of (+)-amphetamine,"R. Boakes, P. Bradley, J. Candy",British Journal of Pharmacology,1972-07-01,64,"Cellular, Synaptic, and Neuromorphic Foundations",,10.1111/j.1476-5381.1972.tb08096.x,ff3c2e8e89523447c105f6da816ad43e4c554ccc,https://doi.org/10.1111/j.1476-5381.1972.tb08096.x,JournalArticle,unknown,1,neuron,
1972,CALCIUM MOVEMENTS IN BRAIN SLICES IN LOW SODIUM OR CALCIUM MEDIA,"W. L. Stahl, P. Swanson",Journal of Neurochemistry,1972-10-01,64,General Brain-AI Structure Reviews and Methods,brain-structure,10.1111/j.1471-4159.1972.tb01294.x,dc427e4961861b00f4a4a9fbf40ebc2fc954876b,https://doi.org/10.1111/j.1471-4159.1972.tb01294.x,JournalArticle,unknown,4,brain; brain/neural structure in title,
1972,Developmental determinants of cortical plasticity.,Goldman-Rakic Ps,Unknown venue,1972,64,"Cellular, Synaptic, and Neuromorphic Foundations",brain-structure,,c706be1dac49aa78a7dc5a4c8743aa28c54ba39c,https://www.semanticscholar.org/paper/c706be1dac49aa78a7dc5a4c8743aa28c54ba39c,paper,unknown,2,brain; cortical,
1972,LIPID COMPOSITION OF HUMAN CEREBRAL WHITE MATTER AND MYELIN IN PHENYLKETONURIA 1,"S. Shah, N. A. Peterson, C. McKean",Journal of Neurochemistry,1972-10-01,64,General Brain-AI Structure Reviews and Methods,brain-structure,10.1111/j.1471-4159.1972.tb01291.x,192cb2750d3e07066a38b95ddabe7026024f3443,https://doi.org/10.1111/j.1471-4159.1972.tb01291.x,JournalArticle,unknown,2,brain; cerebral,
1972,Relationship of stress to brain serotonin and 5-hydroxyindoleacetic acid.,"Eugene L. Bliss, William Thatcher, J. Ailion",Journal of Psychiatric Research,1972-06-01,64,General Brain-AI Structure Reviews and Methods,brain-structure,10.1016/0022-3956(72)90001-5,b5b9d1bc020d8655c01875abd53fcc367b952481,https://doi.org/10.1016/0022-3956(72)90001-5,JournalArticle,unknown,4,brain; brain/neural structure in title,
1972,Studies in ageing of the brain. II. Microchemical analyses of the nervous system in Alzheimer patients.,"T. Nikaido, J. Austin, L. Trueb, R. Rinehart",Archives of Neurology,1972-12-01,64,Clinical NeuroAI and Brain Disorders,brain-structure;clinical-neuroai,10.1001/ARCHNEUR.1972.00490180085017,b0c8fbbbc8a76d442abcf33a2c694343bbd18207,https://doi.org/10.1001/ARCHNEUR.1972.00490180085017,JournalArticle,unknown,4,brain; brain/neural structure in title,
1972,Tuberculomas of the brain in Britain,R. Maurice-Williams,Postgraduate medical journal,1972-11-01,64,General Brain-AI Structure Reviews and Methods,brain-structure,10.1136/pgmj.48.565.678,9ef51d79c13e4798a633bebf4d54ff13b63414b1,https://doi.org/10.1136/pgmj.48.565.678,JournalArticle; Review,unknown,4,brain; brain/neural structure in title,
1972,Biophysical properties of cultured human glial cells.,"Michael C. Trachtenberg, P. L. Kornblith, J. Häuptli",Brain Research,1972-03-24,63,"Cellular, Synaptic, and Neuromorphic Foundations",brain-structure,10.1016/0006-8993(72)90713-5,2cf0154f19f497a326f1632c521fb9abd578c677,https://doi.org/10.1016/0006-8993(72)90713-5,JournalArticle,unknown,0,Semantic Scholar brain-AI query,
1972,Demonstration of a glycoprotein which is associated with a purified myelin fraction from rat brain.,"R. Quarles, John L. Everly, R. Brady",Biochemical and Biophysical Research Communications - BBRC,1972-04-28,63,General Brain-AI Structure Reviews and Methods,brain-structure,10.1016/0006-291X(72)90741-3,52cfa850883a89fe74c949777b1cf799eced397e,https://doi.org/10.1016/0006-291X(72)90741-3,JournalArticle,unknown,4,brain; brain/neural structure in title,
1972,"GABA--2-oxoglutarate transaminase, glutamate decarboxylase and the half-life of GABA in different areas of rat brain.",G. Collins,Biochemical Pharmacology,1972-11-01,63,General Brain-AI Structure Reviews and Methods,brain-structure,10.1016/0006-2952(72)90209-2,a4eaebcabb742cca335f256163ef406e47404485,https://doi.org/10.1016/0006-2952(72)90209-2,JournalArticle,unknown,4,brain; brain/neural structure in title,
1972,"Investigations into the release of acetylcholine from the cerebral cortex of the cat: effects of amphetamine, of scopolamine and of septal lesions.","A. Nistri, A. Bartolini, G. Deffenu, G. Pepeu",Neuropharmacology,1972-09-01,63,General Brain-AI Structure Reviews and Methods,brain-structure,10.1016/0028-3908(72)90074-3,8d0098e553de0e5632e8ebfa52bd5f9785510a28,https://doi.org/10.1016/0028-3908(72)90074-3,JournalArticle,unknown,6,brain; cerebral; cortex; brain/neural structure in title,
1972,Metabolism of prostaglandin E1 in the cerebral cortex and cerebellum of the dog and rat,"J. Nakano, A. Prancan, S. Moore",Unknown venue,1972-04-28,63,General Brain-AI Structure Reviews and Methods,brain-structure,10.1016/0006-8993(72)90462-3,921c75a9c483f5c6de6ec1e283a54d6f078791d8,https://doi.org/10.1016/0006-8993(72)90462-3,paper,unknown,7,brain; cerebral; cortex; cerebellum; brain/neural structure in title,
1972,Phase II study of 1-(2-chloroethyl)-3-cyclohexyl-1-nitrosourea (CCNU; NSC-79037) in the treatment of brain tumors.,"D. Fewer, Wilson Cb, Boldrey Eb, Enot Jk",Cancer chemotherapy reports,1972-06-01,63,Clinical NeuroAI and Brain Disorders,brain-structure;clinical-neuroai,,c99315d9ec72330512cd44da1b7c8c751194a70b,https://www.semanticscholar.org/paper/c99315d9ec72330512cd44da1b7c8c751194a70b,JournalArticle; ClinicalTrial,unknown,4,brain; brain/neural structure in title,
1972,Regional localization of histamine and histidine in the brain of the rhesus monkey.,"Kenneth M. Taylor, Eduard Gfeller, Solomon H. Snyder",Brain Research,1972-06-08,63,General Brain-AI Structure Reviews and Methods,brain-structure,10.1016/0006-8993(72)90624-5,7f98d6e3dedaf40a33e7d3c8b1855a1ca8790a3b,https://doi.org/10.1016/0006-8993(72)90624-5,JournalArticle,unknown,4,brain; brain/neural structure in title,
1972,Chemically induced degeneration of indoleamine-containing nerve terminals in rat brain.,"H. Baumgarten, L. Lachenmayer",Brain Research,1972-03-10,62,General Brain-AI Structure Reviews and Methods,brain-structure,10.1016/0006-8993(72)90610-5,82db51134c6a8039aeeb9bb9cf9d1edb95b11dc5,https://doi.org/10.1016/0006-8993(72)90610-5,JournalArticle,unknown,4,brain; brain/neural structure in title,
1972,Effect of Hormonal State on Cell Number and Functional Maturation of the Brain,"R. Balázs, Mary Cotterrell",Nature,1972-04-14,62,"Cellular, Synaptic, and Neuromorphic Foundations",brain-structure,10.1038/236348A0,87391a7deddef2c60a8ca826b0e394940a12aeda,https://doi.org/10.1038/236348A0,JournalArticle,unknown,4,brain; brain/neural structure in title,
1972,Effects of amantadine hydrochloride on catecholamine metabolism in the brain of the rat.,"R. Baldessarini, J. Lipinski, K. V. Chace",Biochemical Pharmacology,1972,62,General Brain-AI Structure Reviews and Methods,brain-structure,10.1016/0006-2952(72)90252-3,7bc8f753a12bd09420e0871ea1d7778615b7aa27,https://doi.org/10.1016/0006-2952(72)90252-3,JournalArticle,unknown,4,brain; brain/neural structure in title,
1972,"Effects of electric stimulation of brain stem reticular formation on hippocampal theta rhythm and muscle activity in unanesthetized, cervical- and midbrain-transected rats.",W. Klemm,Brain Research,1972-06-22,62,General Brain-AI Structure Reviews and Methods,brain-structure,10.1016/0006-8993(72)90506-9,f1ff8d3997068fbca0792f3509093b4f6a4ecc8e,https://doi.org/10.1016/0006-8993(72)90506-9,JournalArticle,unknown,4,brain; brain/neural structure in title,
1972,Experimental cerebral microembolism. Multiple tracer assessment of brain edema.,"B. Siegel, R. Meidinger, A. J. Elliott, R. Studer, C. Curtis, J. Morgan, et al.",Archives of Neurology,1972,62,General Brain-AI Structure Reviews and Methods,brain-structure,10.1001/ARCHNEUR.1972.00490070091011,57371b71f8c369e584dadfdaed880c7936abd902,https://doi.org/10.1001/ARCHNEUR.1972.00490070091011,JournalArticle,unknown,5,brain; cerebral; brain/neural structure in title,
1972,The Structure of the Cerebral Cortex in Down's Syndrome - A quantitative analysis -,E. Colon,Unknown venue,1972-10-01,62,General Brain-AI Structure Reviews and Methods,brain-structure,10.1055/s-0028-1091775,ced89f26bf4c68f9e17780150b59d25dbe0f4e59,https://doi.org/10.1055/s-0028-1091775,paper,unknown,6,brain; cerebral; cortex; brain/neural structure in title,
1972,On the control of brain serotonin turnover rate by end product inhibition.,"S. A. Millard, E. Costa, E. Gal",Brain Research,1972-05-26,61,General Brain-AI Structure Reviews and Methods,brain-structure,10.1016/0006-8993(72)90160-6,32d324cac589e58f194c9be0c68a3e39b97754e5,https://doi.org/10.1016/0006-8993(72)90160-6,JournalArticle,unknown,4,brain; brain/neural structure in title,
1972,Regional distribution and developmental change of tryptophan hydroxylase activity in rat brain 1,"T. Deguchi, J. Barchas",Journal of Neurochemistry,1972-03-01,61,General Brain-AI Structure Reviews and Methods,brain-structure,10.1111/j.1471-4159.1972.tb01412.x,01105f0bbda330dc4fb545d2b7a723b9ba356623,https://doi.org/10.1111/j.1471-4159.1972.tb01412.x,JournalArticle,unknown,4,brain; brain/neural structure in title,
1972,Spontaneous Thrombosis of Vascular Malformations of the Brain,"J. Eisenman, A. Alekoumbides, H. Pribram",Acta radiologica: diagnosis,1972-01-01,61,Clinical NeuroAI and Brain Disorders,brain-structure;clinical-neuroai,10.1177/02841851720130P112,1a6020bdafe44a65f2758cc5a95c0fc99841e9f6,https://doi.org/10.1177/02841851720130P112,JournalArticle; Review,unknown,4,brain; brain/neural structure in title,
1972,The Brain in Hominid Evolution,J. Zielonka,The Yale Journal of Biology and Medicine,1972-12-01,61,"Cognitive Architectures, Learning, and Systems Neuroscience",brain-structure,10.1016/s0047-2484(77)80033-x,2821e367ca5f3dbf91ab1deeec7b67893f59aa7e,https://doi.org/10.1016/s0047-2484(77)80033-x,Review,unknown,9,brain; neural; brain/neural structure in title; historical computation/learning bridge,"613 one of the indispensible reference sources for anyone interested in the art or science of human genetics, attests to both the great breadth of knowledge and the enormous energy of its author."
1972,"CATECHOLAMINE INDUCED INCREASE OF CYCLIC ADENOSINE 3′,5′-MONOPHOSPHATE IN RAT BRAIN IN VIVO",W. Burkard,Journal of Neurochemistry,1972-11-01,60,General Brain-AI Structure Reviews and Methods,brain-structure,10.1111/j.1471-4159.1972.tb01320.x,690337c274b2f9ebcff8fa13c179bacb1342cc56,https://doi.org/10.1111/j.1471-4159.1972.tb01320.x,JournalArticle,unknown,4,brain; brain/neural structure in title,
1972,Chronic Effects of Osmotic Opening of the Blood-Brain Barrier in the Monkey,"S. Rapoport, D. Bachman, H. K. Thompson",Science,1972-06-16,60,General Brain-AI Structure Reviews and Methods,brain-structure,10.1126/science.176.4040.1243,4243c16b3ba63c7447eadf29f96c811e9e6004fb,https://doi.org/10.1126/science.176.4040.1243,JournalArticle,unknown,4,brain; brain/neural structure in title,
1972,Effect of central stimulants and depressants on mouse brain acetylcholine and choline levels.,"S. Consolo, H. Ladinsky, G. Peri, S. Garattini",European Journal of Pharmacology,1972-05-01,60,General Brain-AI Structure Reviews and Methods,brain-structure,10.1016/0014-2999(72)90249-X,df1a36b59e9a2ef49c62138fe2dea7eeee6f0eff,https://doi.org/10.1016/0014-2999(72)90249-X,JournalArticle,unknown,4,brain; brain/neural structure in title,
1972,"Effect of depolarizing agents on accumulation of cyclic adenosine 3',5'-monophosphate in cerebral cortical slices.","H. Shimizu, J. W. Daly",European Journal of Pharmacology,1972-02-01,60,General Brain-AI Structure Reviews and Methods,brain-structure,10.1016/0014-2999(72)90165-3,1401b834857ba0844e4f1bbf50b9e6e7a710bf7f,https://doi.org/10.1016/0014-2999(72)90165-3,JournalArticle,unknown,3,brain; cerebral; cortical,
1972,Effect of morphine on the cerebral contents of metabolites of dopamine in normal and tolerant mice: its possible relation to analgesic action,"K. Fukui, H. Takagi",British Journal of Pharmacology,1972-01-01,60,General Brain-AI Structure Reviews and Methods,brain-structure,10.1111/j.1476-5381.1972.tb07236.x,1ed315b06845b5e1ca7ca8e6c4d53ee9d36693e1,https://doi.org/10.1111/j.1476-5381.1972.tb07236.x,JournalArticle,unknown,2,brain; cerebral,
1972,METABOLISM OF THE ASPARTYL MOIETY OF N-ACETYL-l-ASPARTIC ACID IN THE RAT BRAIN,"J. Nadler, J. Cooper",Journal of Neurochemistry,1972-09-01,60,General Brain-AI Structure Reviews and Methods,brain-structure,10.1111/j.1471-4159.1972.tb05119.x,1a35b0109cbeb874dc1495cc4a0218b6d2ca7692,https://doi.org/10.1111/j.1471-4159.1972.tb05119.x,JournalArticle,unknown,4,brain; brain/neural structure in title,
1972,The distribution of brain-associated theta antigen cross-reactive with mouse in the brain of other species.,Edward S. Golub,Journal of Immunology,1972-07-01,60,"Cellular, Synaptic, and Neuromorphic Foundations",brain-structure,10.4049/jimmunol.109.1.168,33c0ccb101d411375060207ef4a84185b41e1e79,https://doi.org/10.4049/jimmunol.109.1.168,JournalArticle,unknown,4,brain; brain/neural structure in title,θ is a mouse alloantigen which serves as a marker for thymus-derived (T) cells (1).
1972,The neuron doctrine: a revision of functional concepts.,G. Shepherd,The Yale Journal of Biology and Medicine,1972-12-01,60,"Cellular, Synaptic, and Neuromorphic Foundations",brain-structure,,d50c07f7cc64b8d82c5c4543628f6c4d0e312b7d,https://www.semanticscholar.org/paper/d50c07f7cc64b8d82c5c4543628f6c4d0e312b7d,JournalArticle; Review,unknown,3,brain; neuron; synapse,"The functional tenets of the ineuiron doctrine were reviewed some time ago(l3), but there hlas been little attempt to correct obvious deficiencies or formulate new concepts that take iinto account the great amount of anatomical and physiological work of recent years."
1972,Uveitis associated with isolated reticulum cell sarcoma of the brain.,"R. W. Neault, R. E. Van Scoy, H. Okazaki, C. S. Maccarty",American journal of ophthalmology-glaucoma,1972-03-01,60,"Cellular, Synaptic, and Neuromorphic Foundations",brain-structure,10.1016/0002-9394(72)90072-4,ea1d058a8cfd9ffd2c4d685b91e6e090f2de97c4,https://doi.org/10.1016/0002-9394(72)90072-4,JournalArticle,unknown,4,brain; brain/neural structure in title,
1972,Cerebral water and electrolytes. An experimental model of inappropriate secretion of antidiuretic hormone.,"C. Dila, H. Pappius",Archives of Neurology,1972,59,Computational Neuroscience and Brain-Inspired AI,brain-structure,10.1001/ARCHNEUR.1972.00490070103013,a14dd968e9cb2dcfbc77b45985b3bff1977a3d0a,https://doi.org/10.1001/ARCHNEUR.1972.00490070103013,JournalArticle,unknown,5,cerebral; historical computation/learning bridge,
1972,Enzymatic reduction of alkyl and acyl derivatives of dihydroxyacetone phosphate by reduced pyridine nucleotides.,"E. Labelle, A. Hajra",Journal of Biological Chemistry,1972-09-25,59,"Cellular, Synaptic, and Neuromorphic Foundations",brain-structure,10.1016/s0021-9258(19)44832-1,c39885d9094d91a484e4b85de5723c73c671afaa,https://doi.org/10.1016/s0021-9258(19)44832-1,JournalArticle,unknown,1,brain,Abstract The reductions of either acyl or alkyl derivatives of dihydroxyacetone phosphate by enzymes from ascites tumor cell microsomes with NADPH were studied.
1972,"Kinetics of influx of phenylalanine, tyrosine, tryptophan, histidine and leucine into slices of brain cortex from adult and 7-day-old rats.","M. Vahvelainen, M. Vahvelainen, S. Oja, S. Oja",Brain Research,1972-05-26,59,General Brain-AI Structure Reviews and Methods,brain-structure,10.1016/0006-8993(72)90148-5,0e7c84150f4f825a3b04b5f0953c6ecbb7400b6d,https://doi.org/10.1016/0006-8993(72)90148-5,JournalArticle,unknown,5,brain; cortex; brain/neural structure in title,
1972,Paediatric Neurology in Africa: A Ugandan Report,"H. Egdell, J. Stanfield",British medical journal,1972-02-26,59,General Brain-AI Structure Reviews and Methods,,10.1136/bmj.1.5799.548,9556f878298cfe5c83bc68fe3b2967f921d7b5ac,https://doi.org/10.1136/bmj.1.5799.548,JournalArticle,unknown,0,Semantic Scholar brain-AI query,
1972,Persistence of Methadone-3H and Metabolite in Rat Brain after a Single Injection and its Implications on Pharmacological Tolerance,"A. Misra, S. Mulé",Nature,1972-07-21,59,General Brain-AI Structure Reviews and Methods,brain-structure,10.1038/238155A0,c05ac998a1290e465be4f532654826f4fe195213,https://doi.org/10.1038/238155A0,JournalArticle,unknown,4,brain; brain/neural structure in title,
1972,Response of glia in cat sensorimotor cortex to increased extracellular potassium.,"Lawrence G. Pape, Robert Katzman",Brain Research,1972-03-10,59,"Cellular, Synaptic, and Neuromorphic Foundations",brain-structure,10.1016/0006-8993(72)90590-2,d02e33a58c725c0ab03a23975be591ed40401dfd,https://doi.org/10.1016/0006-8993(72)90590-2,JournalArticle,unknown,4,cortex; brain/neural structure in title,
1972,Uptake and release of glutamate in cerebral-cortex slices from the rat.,"K. Okamoto, J. H. Quastel",Biochemical Journal,1972-08-01,59,General Brain-AI Structure Reviews and Methods,brain-structure,10.1042/BJ1281117,479f65c01f355ed586afce49ef6484dec102bfa1,https://doi.org/10.1042/BJ1281117,JournalArticle,unknown,6,brain; cerebral; cortex; brain/neural structure in title,
1972,Accumulation of cyclic adenosine monophosphate in incubated slices of brain tissue. 1. Structure-activity relationships of agonists and antagonists of biogenic amines and of tricyclic tranquilizers and antidepressants.,"M. Huang, J. Daly",Journal of Medicinal Chemistry,1972-05-01,58,General Brain-AI Structure Reviews and Methods,brain-structure,10.1021/JM00275A004,1aaf9ab6e94bc4be1429dd362f6acaf1c3024701,https://doi.org/10.1021/JM00275A004,JournalArticle,unknown,4,brain; brain/neural structure in title,
1972,Age changes in the lipid composition of whole homogenates and isolated myelin fractions of mouse brain.,"G. Sun, T. Samorajski",Journal of Gerontology,1972,58,General Brain-AI Structure Reviews and Methods,brain-structure,10.1093/GERONJ/27.1.10,dce8e3326bb33549201463fd2fba704bd6664161,https://doi.org/10.1093/GERONJ/27.1.10,JournalArticle,unknown,4,brain; brain/neural structure in title,
1972,Convulsive Properties of d-Tubocurarine and Cortical Inhibition,"R. Hill, Michael A. Simmonds, D. Straughan",Nature,1972-11-03,58,General Brain-AI Structure Reviews and Methods,brain-structure,10.1038/240051A0,fd53416b9dace73e7c44bdfc832e16ec63b24bb1,https://doi.org/10.1038/240051A0,JournalArticle,unknown,2,brain; cortical,
1972,Cure of metastatic choriocarcinoma of the brain.,"T. Stilp, P. Bucy, J. Brewer",Journal of the American Medical Association (JAMA),1972-07-17,58,General Brain-AI Structure Reviews and Methods,brain-structure,10.1001/JAMA.1972.03200160028008,743be9725a1407a2b678a7502966250e028b9805,https://doi.org/10.1001/JAMA.1972.03200160028008,JournalArticle,unknown,4,brain; brain/neural structure in title,
1972,THE PRESENCE OF BIOLOGICALLY LABILE COMPOUNDS DURING ISCHEMIA AND THEIR RELATIONSHIP TO THE EEG IN RAT CEREBRAL CORTEX AND HYPOTHALAMUS,"D. F. Swaab, K. Boer",Journal of Neurochemistry,1972-12-01,58,"Electrophysiology, Neural Signals, and AI Decoding",brain-structure;neural-signals,10.1111/j.1471-4159.1972.tb03822.x,ae9a71f35181a2de5d7759c3325c2e6d74222e5e,https://doi.org/10.1111/j.1471-4159.1972.tb03822.x,JournalArticle,unknown,9,cerebral; cortex; thalamus; hypothalamus; eeg; meg; brain/neural structure in title,
1972,Ultrastructural changes in isoniazid-induced brain oedema in the dog,"W. Blakemore, A. Palmer, P. Noel",Journal of Neurocytology,1972-10-01,58,General Brain-AI Structure Reviews and Methods,brain-structure,10.1007/BF01099938,67fed773aac62eb9f51b6d939e42f5b9102b0c49,https://doi.org/10.1007/BF01099938,JournalArticle,unknown,4,brain; brain/neural structure in title,
1972,Brain irradiation for metastatic disease of lung origin,"G. Montana, W. Meacham, W. Caldwell",Cancer,1972-06-01,57,Clinical NeuroAI and Brain Disorders,brain-structure;clinical-neuroai,10.1002/1097-0142(197206)29:6<1477::AID-CNCR2820290610>3.0.CO;2-H,6343ceeb0acaeb394c3d0501625b6056775c8587,https://doi.org/10.1002/1097-0142(197206)29:6<1477::AID-CNCR2820290610>3.0.CO;2-H,JournalArticle; ClinicalTrial; Review,unknown,4,brain; brain/neural structure in title,
1972,"Effect of maternal essential fatty acid supply on fatty acid composition of brain, liver, muscle and serum in 21-day-old rats.","C. Alling, A. Bruce, I. Karlsson, O. Sapia, L. Svennerholm",Journal of NutriLife,1972-06-01,57,General Brain-AI Structure Reviews and Methods,brain-structure,10.1093/JN/102.6.773,1392cd9481678042ba6aae6906c4ce4bde895a0f,https://doi.org/10.1093/JN/102.6.773,JournalArticle,unknown,4,brain; brain/neural structure in title,
1972,Effects of pilocarpine or arecoline administration on acetylcholine levels and serotonin turnover in rat brain.,"D. Haubrich, W. D. Reid",Journal of Pharmacology and Experimental Therapeutics,1972-04-01,57,"Cognitive Architectures, Learning, and Systems Neuroscience",brain-structure,10.1016/s0022-3565(25)29171-6,b566e27f96e3f65c9b88d0eea2b7d2a788abe874,https://doi.org/10.1016/s0022-3565(25)29171-6,JournalArticle,unknown,4,brain; brain/neural structure in title,"Despite the similarities between the peripheral muscarinic actions of pilocarpine and arecoline, the central excitatory effect of pilocarpine HCL (100 mg/kg i.p.) lasted several hours in rats and was accompanied by clonic movementS, whereas the excitation induced by arecoline (50 mg/kg i.p.) lasted only 10 minutes and was associated with tremors."
1972,Evaluation of amantadine as a releasing agent or uptake blocker for H 3 -dopamine in rat brain slices.,"R. Heikkila, G. Cohen",European Journal of Pharmacology,1972-11-01,57,General Brain-AI Structure Reviews and Methods,brain-structure,10.1016/0014-2999(72)90144-6,7c285e73d7dc98ccb026dbf4dd88f4bdd86b3539,https://doi.org/10.1016/0014-2999(72)90144-6,JournalArticle,unknown,4,brain; brain/neural structure in title,
1972,Inactivity of narcotic glucuronides as analgesics and on guinea-pig ileum.,"R. Schulz, A. Goldstein",Journal of Pharmacology and Experimental Therapeutics,1972-11-01,57,General Brain-AI Structure Reviews and Methods,brain-structure,10.1016/s0022-3565(25)29352-1,59693fe0ed3e922ce44a5fd470d342ed1cb192db,https://doi.org/10.1016/s0022-3565(25)29352-1,JournalArticle,unknown,2,brain; cerebral,"The effects of morphine, levorphanol, morphine-3-glucuronide and levorphanol-3-glucuronide in the electrically stimulated longitudinal muscle strip of the guinea-pig ileum as well as the analgesic action of intracerebrally injected levorphanol and levorphanol-3-glucuronide in mice have been studied."
1972,METABOLISM OF BRAIN DURING SLEEP AND WAKEFULNESS,"P. Reich, S. Geyer, Manfred L. Karnovsky",Journal of Neurochemistry,1972-02-01,57,General Brain-AI Structure Reviews and Methods,brain-structure,10.1111/j.1471-4159.1972.tb01358.x,1f3277e32653c1ac2e5f2a574547e45ed0264fe1,https://doi.org/10.1111/j.1471-4159.1972.tb01358.x,JournalArticle,unknown,4,brain; brain/neural structure in title,
1972,Accumulation of adenosine 3':5'-cyclic monophosphate in clonal glial cells: labeling of intracellular adenine nucleotides with radioactive adenine.,"J. Schultz, B. Hamprecht, J. Daly",Proceedings of the National Academy of Sciences of the United States of America,1972-05-01,56,"Cellular, Synaptic, and Neuromorphic Foundations",,10.1073/PNAS.69.5.1266,5f84cdfc0890ede413a4a2065b5db78be4926aed,https://doi.org/10.1073/PNAS.69.5.1266,JournalArticle,unknown,0,Semantic Scholar brain-AI query,
1972,Cerebral amino acid uptake in vivo in newborn mice.,"K. Seta, H. Sershen, A. Lajtha",Brain Research,1972-12-12,56,General Brain-AI Structure Reviews and Methods,brain-structure,10.1016/0006-8993(72)90649-X,9ca5814dcc002af50dd6edd97a8f99408a8ce12c,https://doi.org/10.1016/0006-8993(72)90649-X,JournalArticle,unknown,2,brain; cerebral,
1972,Neural pathways mediating drinking and feeding in rats.,"Y. H. Huang, G. Mogenson",Experimental Neurology,1972-11-01,56,General Brain-AI Structure Reviews and Methods,,10.1016/0014-4886(72)90073-8,e9d3bd19ce98da59c325f6a7208661c20bf99002,https://doi.org/10.1016/0014-4886(72)90073-8,JournalArticle,unknown,4,neural; brain/neural structure in title,
1972,Pathogenesis of virulent Newcastle disease in chickens.,"Cheville Nf, H. Stone, J. Riley, Ritchie Ae",Journal of the American Veterinary Medical Association,1972-07-15,56,General Brain-AI Structure Reviews and Methods,brain-structure,10.2460/javma.1972.161.02.169,1caea79fb062207f17cfa83bff49da3d4004e1ab,https://doi.org/10.2460/javma.1972.161.02.169,JournalArticle,unknown,1,brain,The pathogenesis of disease caused by 2 strains (219 and Largo) of Newcastle disease virus (ndv) was studied in chickens of various ages.
1972,Stimulation by acetylcholine of phosphatidylinositol labelling. Subcellular distribution in rat cerebral-cortex slices.,"E. Lapetina, R. Michell",Biochemical Journal,1972-03-01,56,"Cellular, Synaptic, and Neuromorphic Foundations",brain-structure,10.1042/BJ1261141,ade6cfb76a07dcbd15016171846d763201a2e020,https://doi.org/10.1042/BJ1261141,JournalArticle,unknown,6,brain; cerebral; cortex; brain/neural structure in title,
1972,The Clinical Effects of a Synthetic Gluco-Corticoid used for Brain Edema in the Practice of Neurosurgery,"R. Maxwell, D. Long, L. French",Unknown venue,1972,56,Clinical NeuroAI and Brain Disorders,brain-structure;clinical-neuroai,10.1007/978-3-642-65448-0_25,08298917b13528a7379bc510425d7f321ab48b4f,https://doi.org/10.1007/978-3-642-65448-0_25,paper,unknown,4,brain; brain/neural structure in title,
1972,The effect of induced hypertension on internal carotid artery pressure and regional cerebral blood flow during temporary carotid clamping for endarterectomy,"G. Boysen, H. C. Engell, H. Henriksen",Neurology,1972-11-01,56,Clinical NeuroAI and Brain Disorders,brain-structure;clinical-neuroai,10.1212/WNL.22.11.1133,1a5de11e19be0fa67a52e862587acc23d70a1c6f,https://doi.org/10.1212/WNL.22.11.1133,JournalArticle; ClinicalTrial,unknown,1,cerebral,
1972,THE GLUTAMATE AND GLUTAMINE CONTENT OF RAT BRAIN AFTER PORTOCAVAL ANASTOMOSIS,"A. Williams, M. Kyu, J. Fenton, J. Cavanagh",Journal of Neurochemistry,1972-04-01,56,General Brain-AI Structure Reviews and Methods,brain-structure,10.1111/j.1471-4159.1972.tb01427.x,adafce737b22c258a58304749f68d0a389fda36d,https://doi.org/10.1111/j.1471-4159.1972.tb01427.x,JournalArticle,unknown,4,brain; brain/neural structure in title,
1972,Auditory sequencing and left cerebral dominance for language.,Martin L. Albert,Neuropsychologia,1972-07-01,55,General Brain-AI Structure Reviews and Methods,brain-structure,10.1016/0028-3932(72)90067-X,61a0d92138e0c4b69aa2987afc4d4b0bc0d72d3b,https://doi.org/10.1016/0028-3932(72)90067-X,JournalArticle,unknown,2,brain; cerebral,
1972,BRAIN PEPTIDASES: CONVERSION AND INACTIVATION OF KININ HORMONES,"A. Camargo, F. J. Ramalho-Pinto, L. J. Greene",Journal of Neurochemistry,1972-01-01,55,General Brain-AI Structure Reviews and Methods,brain-structure,10.1111/j.1471-4159.1972.tb01251.x,7c04797a3d6aac9cc97af0a9f447dda7d691b7f8,https://doi.org/10.1111/j.1471-4159.1972.tb01251.x,JournalArticle,unknown,4,brain; brain/neural structure in title,
1972,Brain tissue osmolality: method of determination and variations in hyper- and hypo-osmolar states.,"A. Arieff, C. Kleeman, A. Keushkerian, H. Bagdoyan",Journal of Laboratory and Clinical Medicine,1972-02-01,55,Clinical NeuroAI and Brain Disorders,brain-structure;clinical-neuroai,10.5555/URI:PII:0022214372900947,79c3af05ac95851e45bf90da364e4d019a8f138e,https://doi.org/10.5555/URI:PII:0022214372900947,JournalArticle,unknown,4,brain; brain/neural structure in title,
1972,CHANGES OF THYMIDINE KINASE IN THE DEVELOPING RAT BRAIN,"S. Yamagami, K. Mow, Yukio Kawakita",Journal of Neurochemistry,1972-02-01,55,General Brain-AI Structure Reviews and Methods,brain-structure,10.1111/j.1471-4159.1972.tb01346.x,11c21b5b3184285f21c08b7a9d9348dc55871187,https://doi.org/10.1111/j.1471-4159.1972.tb01346.x,JournalArticle,unknown,4,brain; brain/neural structure in title,
1972,EFFECTS OF ACETYLCHOLINE ON THE INCORPORATION OF [32P]ORTHOPHOSPHATE IN VITRO INTO THE PHOSPHOLIPIDS OF NERVE-ENDING PARTICLES FROM GUINEA PIG BRAIN,"Y. Yagihara, J. Hawthorne",Journal of Neurochemistry,1972-02-01,55,General Brain-AI Structure Reviews and Methods,brain-structure,10.1111/j.1471-4159.1972.tb01345.x,24bdce9e40739cda1119d19471650ee2cfc4c33b,https://doi.org/10.1111/j.1471-4159.1972.tb01345.x,JournalArticle,unknown,4,brain; brain/neural structure in title,
1972,Neuronal Ceroid Lipofuscinosis (Batten's Disease),"N. Gordon, H. B. Marsden, M. Noronha",Archives of Disease in Childhood,1972-04-01,55,"Cellular, Synaptic, and Neuromorphic Foundations",,10.1136/adc.47.252.285,1adff41aed6231ec70090fc0b90e99c5abc4f27d,https://doi.org/10.1136/adc.47.252.285,JournalArticle,unknown,1,neuron,
1972,Repetitive vocalizations evoked by local electrical stimulation of avian brains. I. Awake chickens (Gallus Gallus).,"Richard E. Phillips, O. Youngren, Frank W. Peek",Animal Behaviour,1972-11-01,55,General Brain-AI Structure Reviews and Methods,brain-structure;neuroimaging,10.1016/S0003-3472(72)80141-6,e86822bfa07ad601ed7ee5082cdc540d678d8cee,https://doi.org/10.1016/S0003-3472(72)80141-6,JournalArticle,unknown,4,brain; brain/neural structure in title,
1972,Septic Cerebral Embolism,Gaetano F. Molinari,Stroke,1972-03-01,55,Clinical NeuroAI and Brain Disorders,brain-structure;clinical-neuroai,10.1161/01.STR.3.2.117,aefaef012089a1933bce7d4fad10f2c4ea0fd90e,https://doi.org/10.1161/01.STR.3.2.117,JournalArticle,unknown,1,cerebral,
1972,The purification and properties of an NADPH-linked aldehyde reductase from pig brain.,"A. Turner, K. Tipton",European Journal of Biochemistry,1972-10-01,55,General Brain-AI Structure Reviews and Methods,brain-structure,10.1111/J.1432-1033.1972.TB02106.X,5767433892f9cce5178e7b19d026d7263367fd38,https://doi.org/10.1111/J.1432-1033.1972.TB02106.X,JournalArticle,unknown,4,brain; brain/neural structure in title,
1972,ATPase activity in glial cells and in neuronal perikarya of rat cerebral cortex during early postnatal development 1,"F. Medzihradsky, O. Z. Sellinger, P. Nandhasri, J. Santiago",Journal of Neurochemistry,1972-02-01,54,"Cellular, Synaptic, and Neuromorphic Foundations",brain-structure,10.1111/j.1471-4159.1972.tb01365.x,c50c293fe448e773df5c5972601228ff3b701ce4,https://doi.org/10.1111/j.1471-4159.1972.tb01365.x,JournalArticle,unknown,6,cerebral; cortex; neuron; brain/neural structure in title,
1972,CHOLESTEROL ESTERS IN DEVELOPING RAT BRAIN: CONCENTRATION AND FATTY ACID COMPOSITION 1,"Y. Eto, K. Suzuki",Journal of Neurochemistry,1972-01-01,54,General Brain-AI Structure Reviews and Methods,brain-structure,10.1111/j.1471-4159.1972.tb01259.x,e4bd0ed6d3aafa05ff95eedadd3dd569dff07cc3,https://doi.org/10.1111/j.1471-4159.1972.tb01259.x,JournalArticle,unknown,4,brain; brain/neural structure in title,
1972,DISPOSITION OF FUCOSE IN BRAIN 1,"R. Margolis, R. U. Margolis",Journal of Neurochemistry,1972-04-01,54,General Brain-AI Structure Reviews and Methods,brain-structure,10.1111/j.1471-4159.1972.tb01422.x,492f91dae53202b3061cb4ff6d034a35b4d1db54,https://doi.org/10.1111/j.1471-4159.1972.tb01422.x,JournalArticle,unknown,4,brain; brain/neural structure in title,
1972,Progressive cerebral poliodystrophy - Alpers' disease,"U. Sandbank, P. Lerman",Journal of Neurology Neurosurgery & Psychiatry,1972-12-01,54,General Brain-AI Structure Reviews and Methods,brain-structure,10.1136/jnnp.35.6.749,be643f2ca74755af5be0946e1ba825caa01743b4,https://doi.org/10.1136/jnnp.35.6.749,JournalArticle,unknown,1,cerebral,
1972,Regional distribution of tyrosine hydroxylase in rat brain 1,"Theodore J. Cicero, Lawrence G. Sharpe, E. Robins, S. Grote",Journal of Neurochemistry,1972-09-01,54,General Brain-AI Structure Reviews and Methods,brain-structure,10.1111/j.1471-4159.1972.tb05136.x,97932d0c9c659b2e114a078196439576e825012f,https://doi.org/10.1111/j.1471-4159.1972.tb05136.x,JournalArticle,unknown,4,brain; brain/neural structure in title,
1972,Soluble and particulate forms of phosphoinositide phosphodiesterase in ox brain.,"K. Keough, W. Thompson",Biochimica et Biophysica Acta,1972-07-07,54,General Brain-AI Structure Reviews and Methods,brain-structure,10.1016/0005-2760(72)90197-X,b9740ac944c35c75897465eb6fc8deb2e50ed52f,https://doi.org/10.1016/0005-2760(72)90197-X,JournalArticle,unknown,4,brain; brain/neural structure in title,
1972,"The effects of chronic imipramine administration on rat brain levels of serotonin, 5-hydroxyindoleacetic acid, norepinephrine and dopamine.","H. Alpers, H. Himwich",Journal of Pharmacology and Experimental Therapeutics,1972-03-01,54,General Brain-AI Structure Reviews and Methods,brain-structure,10.1016/s0022-3565(25)29136-4,5c65b7839e9220ae4bc24493fc74e5dbacac74cb,https://doi.org/10.1016/s0022-3565(25)29136-4,JournalArticle,unknown,7,brain; cortex; hippocampus; cerebellum; brain/neural structure in title,"The effects of chronic imipramine admimlistration on levels of serotonin, 5-hydroxyin doleacetic acid (5-HIAA), norepinephrine and dopamine in six areas of the brain were studied in four groups of female rats; 1) a noninjected."
1972,Transport of potassium at the blood-brain barrier,"M. Bradbury, M. Segal, J. Wilson",Journal of Physiology,1972-03-01,54,General Brain-AI Structure Reviews and Methods,brain-structure,10.1113/jphysiol.1972.sp009771,1d02e6830d571a27a0b8bd24855e78c8d1725684,https://doi.org/10.1113/jphysiol.1972.sp009771,JournalArticle,unknown,4,brain; brain/neural structure in title,
1972,CEREBRAL AND CEREBELLAR INVOLVEMENT OF TREMATODE PARASITES IN DOLPHINS AND THEIR POSSIBLE ROLE IN STRANDING,"S. Ridgway, M. Dailey",Journal of Wildlife Diseases,1972,53,General Brain-AI Structure Reviews and Methods,brain-structure,10.7589/0090-3558-8.1.33,4532a7f55a0a5054ced448eabc16ff2586d4d7d4,https://doi.org/10.7589/0090-3558-8.1.33,JournalArticle,unknown,2,brain; cerebral,
1972,"EXPERIMENTAL ALCOHOLISM IN RATS: PROTEIN SYNTHESIS IN SUBCELLULAR FRACTIONS FROM CEREBELLUM, CEREBRAL CORTEX AND LIVER AFTER LONG TERM TREATMENT 1",J. Jarlstedt,Journal of Neurochemistry,1972-03-01,53,"Cellular, Synaptic, and Neuromorphic Foundations",brain-structure,10.1111/j.1471-4159.1972.tb01377.x,b5e7912f7f928f0a249d1b95d050f7a25c9c93ee,https://doi.org/10.1111/j.1471-4159.1972.tb01377.x,JournalArticle,unknown,7,brain; cerebral; cortex; cerebellum; brain/neural structure in title,
1972,Inhibition of the biosynthesis of 5-hydroxytryptamine in rat brain by imipramine.,J. Bruinvels,European Journal of Pharmacology,1972-11-01,53,General Brain-AI Structure Reviews and Methods,brain-structure,10.1016/0014-2999(72)90153-7,b2a058dc9bd1559c2e8bb054c6810e440a1a695f,https://doi.org/10.1016/0014-2999(72)90153-7,JournalArticle,unknown,4,brain; brain/neural structure in title,
1972,Acetylcholine inhibition in the intact and chronically isolated cerebral cortex,"L. M. Jordan, J. Phillis",British Journal of Pharmacology,1972-08-01,52,General Brain-AI Structure Reviews and Methods,brain-structure,10.1111/j.1476-5381.1972.tb08116.x,81dcdbc718c487939d3b59657b6d35283a41ffbe,https://doi.org/10.1111/j.1476-5381.1972.tb08116.x,JournalArticle,unknown,6,brain; cerebral; cortex; brain/neural structure in title,
1972,Age Changes in the Neuronal Microenvironment,"William Bondari, Robert Narot",Science,1972-06-09,52,"Cellular, Synaptic, and Neuromorphic Foundations",,10.1126/SCIENCE.176.4039.1135,172e17b028e62edde0914c55269290a49fed22f9,https://doi.org/10.1126/SCIENCE.176.4039.1135,paper,unknown,1,neuron,
1972,An experimental study of hyperchromic nerve cells in the cerebral cortex.,"S. Stensaas, Corwin Q. Edwards, L. Stensaas",Experimental Neurology,1972-09-01,52,"Cellular, Synaptic, and Neuromorphic Foundations",brain-structure,10.1016/0014-4886(72)90007-6,33026efb5111a6ca4fc0df4385cfb390600a7830,https://doi.org/10.1016/0014-4886(72)90007-6,JournalArticle,unknown,5,cerebral; cortex; brain/neural structure in title,
1972,"Antenatal neuronal loss and gliosis of the reticular formation, thalamus, and hypothalamus",M. Norman,Neurology,1972-09-01,52,"Cellular, Synaptic, and Neuromorphic Foundations",,10.1212/WNL.22.9.910,adcabf927a811d62f9bee209d0d20d9ea353e7c7,https://doi.org/10.1212/WNL.22.9.910,JournalArticle,unknown,3,thalamus; hypothalamus; neuron,
1972,Clinical equivalents of cerebral oxygen consumption in coma,"M. Shalit, A. Beller, M. Feinsod",Neurology,1972-02-01,52,Clinical NeuroAI and Brain Disorders,brain-structure;clinical-neuroai,10.1212/WNL.22.2.155,d020388bf5a1107824cc53f47753ad3693a1061c,https://doi.org/10.1212/WNL.22.2.155,JournalArticle,unknown,1,cerebral,
1972,DEHYDROEPIANDROSTERONE SULPHATE IN RAT BRAIN: INCORPORATION FROM BLOOD AND METABOLISM IN VIVO 1 2,"Y. Kishimoto, M. Hoshi",Journal of Neurochemistry,1972-09-01,52,General Brain-AI Structure Reviews and Methods,brain-structure,10.1111/j.1471-4159.1972.tb05129.x,8c0bd731a3b7a98f2320fe9cadcaaee76d2f8ce6,https://doi.org/10.1111/j.1471-4159.1972.tb05129.x,JournalArticle,unknown,4,brain; brain/neural structure in title,
1972,Effects of a focal penicillin lesion on responses of rabbit cortical neurones to putative neurotransmitters,"G. Clarke, R. Hill",British Journal of Pharmacology,1972-03-01,52,"Cellular, Synaptic, and Neuromorphic Foundations",brain-structure,10.1111/j.1476-5381.1972.tb07281.x,1dd30eb345185fcc663ac4cb711961dd7e30cb1c,https://doi.org/10.1111/j.1476-5381.1972.tb07281.x,JournalArticle,unknown,2,cortical; neuron,
1972,Effects of external Na + and K + on the initial rates of noradrenaline uptake by synaptosomes prepared from rat brain.,"T. White, D. Paton",Biochimica et Biophysica Acta,1972-04-14,52,General Brain-AI Structure Reviews and Methods,brain-structure,10.1016/0005-2736(72)90126-5,cb8da1e943e7b7b3c92e70ac7ee6a61e5af364c9,https://doi.org/10.1016/0005-2736(72)90126-5,JournalArticle,unknown,4,brain; brain/neural structure in title,
1972,Generalized accumulation of neutral glycosphingolipids with G M2 ganglioside accumulation in the brain.,"P. Snyder, W. Krivit, C. Sweeley",Journal of Lipid Research,1972,52,General Brain-AI Structure Reviews and Methods,brain-structure,,7a275e6ec005039b5dde9ee0f4b3e855a958bc1d,https://www.semanticscholar.org/paper/7a275e6ec005039b5dde9ee0f4b3e855a958bc1d,JournalArticle,unknown,4,brain; brain/neural structure in title,
1972,Hypoxia and the energy charge of the cerebral adenylate pool.,J. Ridge,Biochemical Journal,1972-04-01,52,General Brain-AI Structure Reviews and Methods,brain-structure,10.1042/BJ1270351,3d4e2720a928676a22726fc02321c08e0bab6f7a,https://doi.org/10.1042/BJ1270351,JournalArticle,unknown,2,brain; cerebral,
1972,5-hydroxyindole levels in rat brain after inhibition of dopamine -hydroxylase.,"G. Johnson, E. G. Kim, S. J. Boukma",Journal of Pharmacology and Experimental Therapeutics,1972-03-01,51,General Brain-AI Structure Reviews and Methods,brain-structure,10.1016/s0022-3565(25)29137-6,108e338d16030a248b5fe2add9e4fe2db78527a1,https://doi.org/10.1016/s0022-3565(25)29137-6,JournalArticle,unknown,4,brain; brain/neural structure in title,"Endogenous brain norepinephrine (NE) levels were decreased within an hour after rats received U-14,624, 200 mg/kg; maximum depletion was detected after 12 hours."
1972,A membrane-associated thiamine triphosphatase from rat brain. Properties of the enzyme.,"R. Barchi, P. E. Braun",Journal of Biological Chemistry,1972-12-10,51,"Cellular, Synaptic, and Neuromorphic Foundations",brain-structure,10.1016/s0021-9258(19)44577-8,b016b1edd197e210243d84983b10889b2e635f32,https://doi.org/10.1016/s0021-9258(19)44577-8,JournalArticle,unknown,4,brain; brain/neural structure in title,Abstract A membrane-associated thiamine triphosphatase in subcellular fractions of the rat brain is described.
1972,"Bovine brain mitochondrial hexokinase. Solubilization, purification, and role of sulfhydryl residues.","V. D. Redkar, U. W. Kenkare",Journal of Biological Chemistry,1972-12-10,51,General Brain-AI Structure Reviews and Methods,brain-structure,,d0a0c1844e9c0bc2ea98c25802d3725d7d30789f,https://www.semanticscholar.org/paper/d0a0c1844e9c0bc2ea98c25802d3725d7d30789f,JournalArticle,unknown,4,brain; brain/neural structure in title,
1972,Comparison of effects of methylazoxymethanol acetate on brain development in different species.,"R. Haddad, A. Rabe, R. Dumas",Federation proceedings,1972-09-01,51,General Brain-AI Structure Reviews and Methods,brain-structure,,9ee4a5dfa371e43e13b7c561955fa13637749b1c,https://www.semanticscholar.org/paper/9ee4a5dfa371e43e13b7c561955fa13637749b1c,JournalArticle,unknown,4,brain; brain/neural structure in title,
1972,FIBRINOLYSIS AND SUBARACHNOID HAEMORRHAGE. INHIBITORY EFFECT OF TRANEXAMIC ACID A Clinical Study,"D. Tovi, I. Nilsson, C. Thulin",Acta Neurologica Scandinavica,1972-09-01,51,Clinical NeuroAI and Brain Disorders,brain-structure;clinical-neuroai,10.1111/j.1600-0404.1972.tb07561.x,9b993c34bf49c6a17ae54da4caf173410f3d0c4c,https://doi.org/10.1111/j.1600-0404.1972.tb07561.x,JournalArticle,unknown,1,brain,"In 4 patients with subarachnoid haemorrhage after ruptured intracranial aneurysm, tranexamic acid (AMCA) was used to prevent the recurrence of the bleeding."
1972,Functions of the Amygdala Related to the Feedback Actions of Gonadal Steroid Hormones,C. Sawyer,Unknown venue,1972,51,General Brain-AI Structure Reviews and Methods,,10.1007/978-1-4615-8987-7_28,329027d558a17f412ffe563f07437bf851004fa4,https://doi.org/10.1007/978-1-4615-8987-7_28,paper,unknown,2,brain; amygdala,
1972,Hyperdipsia after serotonin-depleting midbrain lesions.,"D. V. Coscina, L. Grant, S. Balagura, S. P. Grossman",Nature: New biology,1972-01-12,51,General Brain-AI Structure Reviews and Methods,brain-structure,10.1038/NEWBIO235063A0,730dd832d9602d2f0d0cdd9b265c92cec9be3d09,https://doi.org/10.1038/NEWBIO235063A0,JournalArticle,unknown,4,brain; brain/neural structure in title,
1972,"HYPOXANTHINE-GUANINE-PHOSPHORIBOSYL-TRANSFERASE FROM RAT BRAIN (PURIFICATION, KINETIC PROPERTIES, DEVELOPMENT AND DISTRIBUTION)","W. Gutensohn, Gordon Guroff",Journal of Neurochemistry,1972-09-01,51,General Brain-AI Structure Reviews and Methods,brain-structure,10.1111/j.1471-4159.1972.tb05123.x,5e7b02d1edd75a0308e59745f1a27656dce34a58,https://doi.org/10.1111/j.1471-4159.1972.tb05123.x,JournalArticle,unknown,4,brain; brain/neural structure in title,
1972,REMOVAL AND UTILIZATION OF KETONE BODIES BY THE BRAIN OF NEWBORN PUPPIES,"J. Spitzer, J. Weng",Journal of Neurochemistry,1972-09-01,51,General Brain-AI Structure Reviews and Methods,brain-structure,10.1111/j.1471-4159.1972.tb05125.x,b1253a92faec461608c6919d016dee9aebe009f7,https://doi.org/10.1111/j.1471-4159.1972.tb05125.x,JournalArticle,unknown,4,brain; brain/neural structure in title,
1972,Studies on factors influencing enzyme responses to adenylate energy charge.,"D. Purich, H. Fromm",Journal of Biological Chemistry,1972-01-10,51,Computational Neuroscience and Brain-Inspired AI,brain-structure,10.1016/s0021-9258(19)45782-7,78ba2b53c03d12b4fd684398f7a4f82b167d4c92,https://doi.org/10.1016/s0021-9258(19)45782-7,JournalArticle,unknown,13,brain; computational neuroscience; explicit brain-structure/AI bridge,"Abstract The responses of rat brain hexokinase, human red cell hexokinase, and human red cell pyruvate kinase to changes in the adenylate energy charge were observed."
1972,Tissue specific brain S-100. A demonstration of multiple proteins.,J. A. Stewart,Biochimica et Biophysica Acta,1972-03-15,51,General Brain-AI Structure Reviews and Methods,brain-structure,10.1016/0005-2795(72)90171-7,a77d74f9359b64345376afefe3967f4ab696875b,https://doi.org/10.1016/0005-2795(72)90171-7,JournalArticle,unknown,4,brain; brain/neural structure in title,
1972,Brain adrenergic system in the feeding response induced by 2-deoxy-D-glucose.,"E. Muller, D. Cocchi, P. Mantegazza",American Journal of Physiology,1972-10-01,50,General Brain-AI Structure Reviews and Methods,brain-structure,10.1152/AJPLEGACY.1972.223.4.945,405cecf07bd8d0de104b7c7236ba29521c3fdeea,https://doi.org/10.1152/AJPLEGACY.1972.223.4.945,JournalArticle,unknown,4,brain; brain/neural structure in title,
1972,Brain tumors during the first year of life.,"J. Gruszkiewicz, Y. Doron, B. Gellei, E. Peyser",Zentralblatt für Neurochirurgie,1972,50,Clinical NeuroAI and Brain Disorders,brain-structure,,3e17fbf9f34853532a9b399305b0aafdef6000aa,https://www.semanticscholar.org/paper/3e17fbf9f34853532a9b399305b0aafdef6000aa,JournalArticle,unknown,4,brain; brain/neural structure in title,
1972,Cellular Aspects of Neural Growth and Differentiation.,J. Biehl,Unknown venue,1972-06-01,50,"Cellular, Synaptic, and Neuromorphic Foundations",,10.1001/ARCHINTE.1972.00320060154043,9bf512474c692edb618347fa724a7975a26ec3ef,https://doi.org/10.1001/ARCHINTE.1972.00320060154043,paper,unknown,5,brain; neural; brain/neural structure in title,
1972,Effects of anticholinesterase insecticides on hepatic microsomal metabolism.,"J. Stevens, R. Stitzel, J. Mcphillips",Journal of Pharmacology and Experimental Therapeutics,1972-06-01,50,General Brain-AI Structure Reviews and Methods,brain-structure,10.1016/s0022-3565(25)29240-0,2f88f0daf3614f5352cc4e57478c12ffc457db7c,https://doi.org/10.1016/s0022-3565(25)29240-0,JournalArticle,unknown,1,brain,"Parathion, paraoxon, malathion, disulfoton and carbaryl, but not octamethyl pyrophos-phoramide, prolonged hexobarbital sleeping time in the mouse."
1972,Highly purified synaptosomal membranes from rat brain. Incorporation of amino acids into membrane proteins in vitro.,"G. Ramı́rez, I. Levitan, W. Mushynski",Journal of Biological Chemistry,1972-09-10,50,General Brain-AI Structure Reviews and Methods,brain-structure,,54f2059e2c89a4ddc8b8fdb2aaabe61be6e93f85,https://www.semanticscholar.org/paper/54f2059e2c89a4ddc8b8fdb2aaabe61be6e93f85,JournalArticle,unknown,4,brain; brain/neural structure in title,
1972,Intracellular channels as a route for protein passage in the capillary endothelium of the shark brain.,P. H. Hashimoto,American Journal of Anatomy,1972-05-01,50,"Cellular, Synaptic, and Neuromorphic Foundations",brain-structure,10.1002/AJA.1001340105,0c40131d72557cdfafda562706656cc201dad9a4,https://doi.org/10.1002/AJA.1001340105,JournalArticle,unknown,4,brain; brain/neural structure in title,
1972,Long-term effects of postnatal 6-hydroxydopamine treatment on tissue catecholamine levels.,"L. D. Lytle, W. Shoemaker, K. Cottman, R. Wurtman",Journal of Pharmacology and Experimental Therapeutics,1972-10-01,50,"Cellular, Synaptic, and Neuromorphic Foundations",brain-structure,10.1016/s0022-3565(25)29315-6,4bb7c5a209772e2add9b4178f99f01321515c0c2,https://doi.org/10.1016/s0022-3565(25)29315-6,JournalArticle,unknown,2,brain; neuron,"Littermate albino rats were injected with doses of 6-hydroxydopamine hydrobromide (6-OHDA) intracisternally (i.c.) (0, 50, 100 or 200µg) or i.p."
1972,Malignant glioma of the brain-stem,"G. Golden, N. Ghatak, A. Hirano, J. French",Journal of Neurology Neurosurgery & Psychiatry,1972-10-01,50,General Brain-AI Structure Reviews and Methods,brain-structure,10.1136/jnnp.35.5.732,7492097aae50ace3097b4cc1ec780127f5273f86,https://doi.org/10.1136/jnnp.35.5.732,JournalArticle,unknown,4,brain; brain/neural structure in title,
1972,REGIONAL AND SUBCELLULAR DISTRIBUTION OF AMINOTRANSFERASES IN RAT BRAIN,"M. Benuck, F. Stern, A. Lajtha",Journal of Neurochemistry,1972-04-01,50,"Cellular, Synaptic, and Neuromorphic Foundations",brain-structure,10.1111/j.1471-4159.1972.tb01416.x,5d4627e486c99f868a426bbe6693902739e7dd0f,https://doi.org/10.1111/j.1471-4159.1972.tb01416.x,JournalArticle,unknown,4,brain; brain/neural structure in title,
1972,Reverberation of cortical spreading depression along closed-loop pathways in rat cerebral cortex.,"M. Shibata, J. Bureš",Journal of Neurophysiology,1972-05-01,50,"Brain Decoding, Representation Learning, and BCI",brain-structure;neuromorphic-bci,10.1152/JN.1972.35.3.381,206245cb19fd10dc35e72c28b25ad64253913baa,https://doi.org/10.1152/JN.1972.35.3.381,JournalArticle,unknown,19,brain; cerebral; cortex; cortical; bci; brain/neural structure in title; explicit brain-structure/AI bridge,
1972,Role of the pontine reticular formation in the neural organization of deglutition.,T. Sumi,The Japanese Journal of Physiology,1972-06-01,50,General Brain-AI Structure Reviews and Methods,,10.2170/JJPHYSIOL.22.295,1a37c45c4faf5bf1e2c487f7c445a49634216138,https://doi.org/10.2170/JJPHYSIOL.22.295,JournalArticle,unknown,5,brain; neural; brain/neural structure in title,
1972,Some actions of pentazocine on behavior and brain monoamines in the rat.,"S. Holtzman, R. Jewett",Journal of Pharmacology and Experimental Therapeutics,1972-05-01,50,"Cognitive Architectures, Learning, and Systems Neuroscience",brain-structure,10.1016/s0022-3565(25)29212-6,d7309bef7438bbb786af16568c691ad86a7e9f23,https://doi.org/10.1016/s0022-3565(25)29212-6,JournalArticle,unknown,6,brain; eeg; meg; brain/neural structure in title,"The effects of pentazocine, a weak narcotic-antagonist analgesic, were studied on operant behavior (continuous avoidance schedule), locomotor activity and brain nonoamines in the rat."
1972,ACETYLCHOLINESTERASE AT THE MYONEURAL JUNCTION: CYTOCHEMICAL ULTRASTRUCTURE AND SOME BIOCHEMICAL CONSIDERATIONS,"R. Friedenberg, A. Seligman",Journal of Histochemistry and Cytochemistry,1972-10-01,49,General Brain-AI Structure Reviews and Methods,,10.1177/20.10.771,a03ea9acb0580653922a68fc3ea269628366738c,https://doi.org/10.1177/20.10.771,Review; JournalArticle,unknown,5,brain; neural; brain/neural structure in title,
1972,Brain Amine Concentrations after Monoamine Oxidase Inhibitor Administration,"A. B. Jones, C. Pare, W. J. Nicholson, K. Price, R. S. Stacey",British medical journal,1972-01-01,49,Clinical NeuroAI and Brain Disorders,brain-structure;clinical-neuroai,10.1136/bmj.1.5791.17,0bdde9c04deb9f8ecf499bd159ad654a29b80f98,https://doi.org/10.1136/bmj.1.5791.17,JournalArticle; ClinicalTrial,unknown,4,brain; brain/neural structure in title,
1972,Brain damage and mortality in dogs following pulsatile and non-pulsatile blood flows in extracorporeal circulation,"G. Wright, ON J.M.SANDERS, W. Dunn",Thorax,1972-11-01,49,General Brain-AI Structure Reviews and Methods,brain-structure,10.1136/thx.27.6.738,024b14a09a6265a08f9d89db9ad91d1135c70d45,https://doi.org/10.1136/thx.27.6.738,JournalArticle,unknown,4,brain; brain/neural structure in title,
1972,Brain stem serotonin depletion and ponto-geniculo-occipital wave activity in the cat treated with reserpine.,"Dana C. Brooks, Michael D. Gershon, R. Simon",Neuropharmacology,1972-07-01,49,"Electrophysiology, Neural Signals, and AI Decoding",brain-structure,10.1016/0028-3908(72)90006-8,acf6dd63c3d13c39a77cd0c4d3d305b2b6cd18f8,https://doi.org/10.1016/0028-3908(72)90006-8,JournalArticle,unknown,6,brain; eeg; meg; brain/neural structure in title,
1972,CHEMICAL-FEEDBACK REGULATION OF SEROTONIN-CONTAINING NEURONS IN BRAIN,G. Aghajanian,Annals of the New York Academy of Sciences,1972-08-01,49,General Brain-AI Structure Reviews and Methods,brain-structure,10.1111/j.1749-6632.1972.tb27826.x,786065985a051cb5089c651d8e86740987d27108,https://doi.org/10.1111/j.1749-6632.1972.tb27826.x,Review; JournalArticle,unknown,5,brain; neuron; brain/neural structure in title,
1972,Deposition of Mercury in Fetal and Maternal Brain 1,"M. Yang, K. S. Krawford, J. D. Garcia, J. H. Wang, K. Lei",Proceedings of the Society for Experimental Biology and Medicine. Society for Experimental Biology and Medicine,1972-12-01,49,General Brain-AI Structure Reviews and Methods,brain-structure,10.3181/00379727-141-36920,b28d8aad9054df54b1bfdba7876b3cefed295b3c,https://doi.org/10.3181/00379727-141-36920,JournalArticle,unknown,4,brain; brain/neural structure in title,
1972,Effects of ACTH analogues on macromolecule metabolism in the brain stem of hypophysectomized rats.,"P. Schotman, W. Gispen, H. Jansz, D. De Wied",Brain Research,1972-11-13,49,General Brain-AI Structure Reviews and Methods,brain-structure,10.1016/0006-8993(72)90025-X,18cad03d44b6052a7ca2c0fcfc6c6462bbf63227,https://doi.org/10.1016/0006-8993(72)90025-X,JournalArticle,unknown,4,brain; brain/neural structure in title,
1972,Electron microscopical study of the brain in Down's syndrome.,P. Ohara,Brain : a journal of neurology,1972,49,General Brain-AI Structure Reviews and Methods,brain-structure,10.1093/BRAIN/95.4.681,3fd398e487738d25e048bb45c9e80eb3a3c6981b,https://doi.org/10.1093/BRAIN/95.4.681,JournalArticle,unknown,4,brain; brain/neural structure in title,
1972,Galactosylsphingosine galactosyl hydrolase. Partial purification and properties of the enzyme in rat brain.,"T. Miyatake, K. Suzuki",Journal of Biological Chemistry,1972-09-10,49,General Brain-AI Structure Reviews and Methods,brain-structure,,0049b953199fd60520808700e7b6c917512f6262,https://www.semanticscholar.org/paper/0049b953199fd60520808700e7b6c917512f6262,JournalArticle,unknown,4,brain; brain/neural structure in title,
1972,HUMAN BRAIN-SPECIFIC ALPHA2-GLYCOPROTEIN: PURIFICATION BY AFFINITY CHROMATOGRAPHY AND DETECTION OF A NEW COMPONENT; LOCALIZATION IN NERVOUS CELLS 1,"K. Warecka, H. Moller, H. Vogel, Ioannis Tripatzis",Journal of Neurochemistry,1972-03-01,49,"Connectomics, Graph Models, and Brain Networks",brain-structure;connectome,10.1111/j.1471-4159.1972.tb01387.x,690283e405abde8648c5e43c566a0afd6a2fc9a4,https://doi.org/10.1111/j.1471-4159.1972.tb01387.x,JournalArticle,unknown,4,brain; brain/neural structure in title,
1972,"Inoculation of voles, Chinese hamsters, gerbils and guinea-pigs with scrapie brain material.","R. L. Chandler, B. Turfrey",Research in Veterinary Science,1972-05-01,49,General Brain-AI Structure Reviews and Methods,brain-structure,10.1016/S0034-5288(18)34031-1,49f60291cbcd720d644ef89a0dcb025929d42f04,https://doi.org/10.1016/S0034-5288(18)34031-1,JournalArticle,unknown,4,brain; brain/neural structure in title,
1972,SOME EFFECTS OF DIETARY VITAMIN B6 DEFICIENCY AND 4-DEOXYPYRIDOXINE ON γ-AMINOBUTYRIC ACID METABOLISM IN RAT BRAIN,"R. Bayoumi, J. Kirwan, W. Smith",Journal of Neurochemistry,1972-03-01,49,General Brain-AI Structure Reviews and Methods,brain-structure,10.1111/j.1471-4159.1972.tb01374.x,82fb631d80db49d9a9bcb84c300dd2b87673de61,https://doi.org/10.1111/j.1471-4159.1972.tb01374.x,JournalArticle,unknown,4,brain; brain/neural structure in title,
1972,Subacute sclerosing panencephalitis: in-vitro characterization of viruses isolated from brain cells in culture.,"V. Meulen, M. Katz, Y. Käckell, G. Barbanti-Brodano, H. Koprowski, E. H. Lennette",Journal of Infectious Diseases,1972-07-01,49,"Cellular, Synaptic, and Neuromorphic Foundations",brain-structure,10.1093/INFDIS/126.1.11,04c4d99dfee0d28b91bb1c0f2ac27cb65ae54c34,https://doi.org/10.1093/INFDIS/126.1.11,JournalArticle,unknown,4,brain; brain/neural structure in title,
1972,"The distribution of methadone in the nonpregnant, pregnant and fetal rat after acute methadone treatment.","M. A. Peters, M. Turnbow, D. Buchenauer",Journal of Pharmacology and Experimental Therapeutics,1972-05-01,49,General Brain-AI Structure Reviews and Methods,brain-structure,10.1016/s0022-3565(25)29203-5,41ab844b4de409c1b60b5cea600ade736f5ad99c,https://doi.org/10.1016/s0022-3565(25)29203-5,JournalArticle,unknown,1,brain,The 14C-labeled methadone administered to female rats was found to be distributed differently in the pregnant as compared with nonpregnant female control animals.
1972,The Effects of Steroids on Brain Edema in Man,J. Ransohoff,Unknown venue,1972,49,General Brain-AI Structure Reviews and Methods,brain-structure,10.1007/978-3-642-65448-0_24,11b0694529ba3d8a85143e2e73990ea792361d70,https://doi.org/10.1007/978-3-642-65448-0_24,paper,unknown,4,brain; brain/neural structure in title,
1972,The metabolism of Tay-Sachs ganglioside: catabolic studies with lysosomal enzymes from normal and Tay-Sachs brain tissue.,"J. Tallman, W. Johnson, R. Brady",Journal of Clinical Investigation,1972-09-01,49,Clinical NeuroAI and Brain Disorders,brain-structure;clinical-neuroai,10.1172/JCI107045,7acbea900212ac2b8915376427f5beebac518359,https://doi.org/10.1172/JCI107045,JournalArticle,unknown,4,brain; brain/neural structure in title,
1972,What the tongue tells the brain.,H. M. Sussman,Psychological bulletin,1972-04-01,49,General Brain-AI Structure Reviews and Methods,brain-structure,10.1037/H0032374,845fd8b4673315ab2ff31742daf4dd4d966f93fa,https://doi.org/10.1037/H0032374,Review; JournalArticle,unknown,4,brain; brain/neural structure in title,
1972,Biosynthesis of glycolipids in myelin deficient mutants: brain glycosyl transferases in jimpy and quaking mice.,"N. Neskovic, L. Sarlieve, Paul Mandel",Brain Research,1972-07-13,48,General Brain-AI Structure Reviews and Methods,brain-structure,10.1016/0006-8993(72)90049-2,3dfac6274e50427065258abf7a689dc0fd18c619,https://doi.org/10.1016/0006-8993(72)90049-2,JournalArticle,unknown,4,brain; brain/neural structure in title,
1972,Brain Tissue Pressure,"W. Pöll, M. Brock, E. Markakis, W. Winkelmüller, H. Dietz",Unknown venue,1972,48,General Brain-AI Structure Reviews and Methods,brain-structure,10.1007/978-3-642-65486-2_32,6ab85fe06de09693be0ee1b0f8f938e5b2cee061,https://doi.org/10.1007/978-3-642-65486-2_32,paper,unknown,4,brain; brain/neural structure in title,
1972,Comparison of the effects of Ca 2+ and Mg 2+ on the adenyl cyclase of beef brain.,L. S. Bradham,Biochimica et Biophysica Acta,1972-08-28,48,General Brain-AI Structure Reviews and Methods,brain-structure,10.1016/0005-2744(72)91005-4,59fca60d50a74c1c594d664178093ea3eb384095,https://doi.org/10.1016/0005-2744(72)91005-4,JournalArticle,unknown,4,brain; brain/neural structure in title,
1972,Effects of l-dopa and inhibitors of decarboxylase and monoamine oxidase on brain noradrenaline levels and blood pressure in spontaneously hypertensive rats,"Y. Yamori, W. Jong, H. Yamabe, W. Lovenberg, A. Sjoerdsma",The Journal of pharmacy and pharmacology,1972-09-01,48,General Brain-AI Structure Reviews and Methods,brain-structure,10.1111/j.2042-7158.1972.tb09091.x,efd3258016af40b9f19ad927fd3a2494f72aacea,https://doi.org/10.1111/j.2042-7158.1972.tb09091.x,JournalArticle,unknown,4,brain; brain/neural structure in title,
1972,Injury induced molting in Galleria mellonella larvae.,A. Krishnakumaran,The Biological Bulletin,1972-04-01,48,"Cellular, Synaptic, and Neuromorphic Foundations",brain-structure,10.2307/1540231,37660977fd6963de5e1ea3bcfcd4881988ee87fc,https://doi.org/10.2307/1540231,JournalArticle,unknown,1,brain,1. Injury to less than 1-day-old last instar larvae of Galleria induced an additional larval molt.2.
1972,Minimal Brain Dysfunction in Children: Failure to Find Evidence for a Behavioral Syndrome,"D. Routh, R. D. Roberts",Psychological Reports,1972-08-01,48,"Cognitive Architectures, Learning, and Systems Neuroscience",brain-structure,10.2466/pr0.1972.31.1.307,eea5e9b18842565f6da072ebe4d30c91b6d08f9f,https://doi.org/10.2466/pr0.1972.31.1.307,JournalArticle,unknown,4,brain; brain/neural structure in title,
1972,PROPERTIES OF CELL NUCLEI ISOLATED FROM VARIOUS REGIONS OF RAT BRAIN: DIVERGENT CHARACTERISTICS OF CEREBELLAR CELL NUCLEI,"Bruce S. McEwen, L. Plapinger, G. Wallach, C. Magnus",Journal of Neurochemistry,1972-04-01,48,"Cellular, Synaptic, and Neuromorphic Foundations",brain-structure,10.1111/j.1471-4159.1972.tb01436.x,8f18b45e283ab0853a9783ffc0ccf0e9bcd278bb,https://doi.org/10.1111/j.1471-4159.1972.tb01436.x,JournalArticle,unknown,4,brain; brain/neural structure in title,
1972,Strain differences in behavior and brain tyrosine hydroxylase activity.,"D. Segal, R. Kuczenski, A. Mandell",Behavioral Biology,1972-02-01,48,"Cognitive Architectures, Learning, and Systems Neuroscience",brain-structure,10.1016/S0091-6773(72)80190-1,be8e4bb7bd5f1e2f20222023fc7d3db9dc1692c6,https://doi.org/10.1016/S0091-6773(72)80190-1,JournalArticle,unknown,4,brain; brain/neural structure in title,
1972,The influence of various cations on the binding of colchicine by rat brain homogenates. Stabilization of intact neurotubules by zinc and cadmium ions,"V. Nickolson, H. Veldstra",FEBS Letters,1972-07-01,48,General Brain-AI Structure Reviews and Methods,brain-structure,10.1016/0014-5793(72)80303-X,774bf898394604b1680ac583c1619f7fc60c2a01,https://doi.org/10.1016/0014-5793(72)80303-X,JournalArticle,unknown,4,brain; brain/neural structure in title,
1972,Thein vivo neuropharmacology of amino-oxyacetic acid in the cerebral cortex of the cat,"Z. Gottesfeld, J. Kelly, L. Renaud",Unknown venue,1972-07-20,48,General Brain-AI Structure Reviews and Methods,brain-structure,10.1016/0006-8993(72)90534-3,c5ad5313738996e41c39c11fa313b115a1125baf,https://doi.org/10.1016/0006-8993(72)90534-3,paper,unknown,6,brain; cerebral; cortex; brain/neural structure in title,
1972,BIOSYNTHESIS AND BIODEGRADATION OF RAT BRAIN GANGLIOSIDES STUDIED IN VIVO,"M. Holm, L. Svennerholm",Journal of Neurochemistry,1972-03-01,47,General Brain-AI Structure Reviews and Methods,brain-structure,10.1111/j.1471-4159.1972.tb01378.x,6fd4e5eb1f04791f0f6aa60ab652c65cbc8c09a5,https://doi.org/10.1111/j.1471-4159.1972.tb01378.x,JournalArticle,unknown,4,brain; brain/neural structure in title,
1972,Brain stem encephalitis caused by Herpesvirus hominis.,"A. Dayan, W. Gooddy, M. Harrison, P. Rudge",British medical journal,1972-11-18,47,"Electrophysiology, Neural Signals, and AI Decoding",brain-structure,10.1136/BMJ.4.5837.405,faa7b4c5f088c7dd10034db6608dd070192c3622,https://doi.org/10.1136/BMJ.4.5837.405,JournalArticle; CaseReport,unknown,6,brain; eeg; meg; brain/neural structure in title,
1972,Brain-reactive antibodies in mouse serum as a function of age.,K. Nandy,Journal of Gerontology,1972-04-01,47,General Brain-AI Structure Reviews and Methods,brain-structure,10.1093/GERONJ/27.2.173,57bcf80fa64c745ccce8d96afc5238007530b467,https://doi.org/10.1093/GERONJ/27.2.173,JournalArticle,unknown,4,brain; brain/neural structure in title,
1972,Further Studies of a Simian Virus 40-Like Virus Isolated from Human Brain,"L. Weiner, R. Herndon, O. Narayan, R. Johnson",Journal of Virology,1972-07-01,47,General Brain-AI Structure Reviews and Methods,brain-structure,10.1128/jvi.10.1.147-149.1972,1c535a33f00ab6bea683e5bffdcccf56d58a5e01,https://doi.org/10.1128/jvi.10.1.147-149.1972,JournalArticle,unknown,4,brain; brain/neural structure in title,
1972,Lysophospholipases of rat brain.,"Z. Leibovitz-BenGershon, I. Kobiler, S. Gatt",Journal of Biological Chemistry,1972-11-10,47,"Cellular, Synaptic, and Neuromorphic Foundations",brain-structure,10.1016/s0021-9258(19)44662-0,fabe61dda279ea7b6b13fd831405812f89121ff9,https://doi.org/10.1016/s0021-9258(19)44662-0,JournalArticle,unknown,4,brain; brain/neural structure in title,Abstract 1. The properties of rat brain lysophospholipase were investigated.
1972,Sound production evoked by electrical stimulation of the brain in toadfish (Opsanus beta).,"L. S. Demski, J. W. Gerald",Animal Behaviour,1972-08-01,47,General Brain-AI Structure Reviews and Methods,brain-structure,10.1016/S0003-3472(72)80015-0,49d369b82fa3a2fc64043282f717b793f698cf47,https://doi.org/10.1016/S0003-3472(72)80015-0,JournalArticle,unknown,4,brain; brain/neural structure in title,
1972,The role of prefrontal cortex in grand mal convulsion.,S. Goldring,Archives of Neurology,1972-02-01,47,"Cognitive Architectures, Learning, and Systems Neuroscience",brain-structure,10.1001/ARCHNEUR.1972.00490080027002,88611a6af541e171a3358838878d88584d6e9074,https://doi.org/10.1001/ARCHNEUR.1972.00490080027002,JournalArticle,unknown,4,cortex; brain/neural structure in title,
1972,The ultrastructure of the corpus cardiacum of Aedes sollicitans and the histology of the cerebral neurosecretory system of mosquitoes.,"S. Meola, A. O. Lea",General and Comparative Endocrinology,1972-04-01,47,General Brain-AI Structure Reviews and Methods,brain-structure,10.1016/0016-6480(72)90208-0,1d48226d17819846067b1005a742129ab5bfd5a2,https://doi.org/10.1016/0016-6480(72)90208-0,JournalArticle,unknown,2,brain; cerebral,
1972,"A quantitative study of the ""closing-in"" symptom in normal children and in brain-damaged patients.","G. Gainotti, G. Gainotti",Neuropsychologia,1972-12-01,46,Clinical NeuroAI and Brain Disorders,brain-structure;clinical-neuroai,10.1016/0028-3932(72)90005-X,0bf4b642d199a85ff3ee54f26ab01ceb2bddb3ed,https://doi.org/10.1016/0028-3932(72)90005-X,JournalArticle,unknown,4,brain; brain/neural structure in title,
1972,Dermatomyositis with cerebral vasculitis in a patient with agammaglobulinemia.,"S. Gotoff, R. D. Smith, O. Sugar",A M A Journal of Diseases of Children,1972,46,Clinical NeuroAI and Brain Disorders,brain-structure;clinical-neuroai,10.1001/ARCHPEDI.1972.02110070103015,596872641208efa428feacc692cf57b4f2c9cb54,https://doi.org/10.1001/ARCHPEDI.1972.02110070103015,JournalArticle,unknown,1,cerebral,
1972,METABOLIC CONTROL MECHANISMS IN MAMMALIAN SYSTEMS,"Radhey L. Singhal, Joseph R. E. Valadares, George M. Ling",Journal of Neurochemistry,1972-04-01,46,General Brain-AI Structure Reviews and Methods,brain-structure,10.1111/j.1471-4159.1972.tb01437.x,38d07a522add02b3a0fe294d6c0efced54330542,https://doi.org/10.1111/j.1471-4159.1972.tb01437.x,JournalArticle,unknown,5,brain; cerebral; cortex; cortical; cerebellum,"Abstract- The regulation by thyroid hormone of the activities of hexokinase (ATP: D-hexose 6-phosphotransferase; EC 2.7.1.1), phosphofructokinase (ATP: D-fructose-6- phosphate 1-phosphotransferase; EC 2.7.1.11) and pyruvate kinase (ATP: pyruvate phosphotransferase; EC 2.7.1.40) has been investigated in the soluble fractions of the cerebral cortex and cerebellum of the rat."
1972,"Methamphetamine, fenfluramine and their N-dealkylated metabolites: effect on monoamine concentrations in rat tissues.","C. D. Morgan, F. Cattabeni, E. Costa",Journal of Pharmacology and Experimental Therapeutics,1972-01-01,46,"Connectomics, Graph Models, and Brain Networks",brain-structure;connectome,10.1016/s0022-3565(25)29094-2,cd11cabd13a450e827386803600de1624aadfff5,https://doi.org/10.1016/s0022-3565(25)29094-2,JournalArticle,unknown,1,brain,The sensitive technique of gas chromatography-mass spectrometry was used to detect and identify metabolites of methamphetamine and fenfluramine in rat tissue after i.p.
1972,On the reversible and selective adsorption of aldolase isoenzymes in rat brain.,"F. Clarke, C. Masters",Archives of Biochemistry and Biophysics,1972-11-01,46,General Brain-AI Structure Reviews and Methods,brain-structure,10.1016/0003-9861(72)90444-4,12610c226c3b5f5858247eaf50a87149ab6fbaab,https://doi.org/10.1016/0003-9861(72)90444-4,JournalArticle,unknown,4,brain; brain/neural structure in title,
1972,The cortico-subcortical arterial angio-architecture in the human brain.,J. Dereuck,Unknown venue,1972-09-01,46,General Brain-AI Structure Reviews and Methods,brain-structure,,2f9039af5139313f15a81b71b11ede88ffb24085,https://www.semanticscholar.org/paper/2f9039af5139313f15a81b71b11ede88ffb24085,paper,unknown,5,brain; cortical; brain/neural structure in title,
1972,"The Effect of Head Compression on FHR, Brain Metabolism and Function","L. Mann, A. Carmichael, S. Duchin",Obstetrics and Gynecology,1972-05-01,46,General Brain-AI Structure Reviews and Methods,brain-structure,,61e5116fbc24ace7dc16dd7b0450cabcaa373b5c,https://www.semanticscholar.org/paper/61e5116fbc24ace7dc16dd7b0450cabcaa373b5c,JournalArticle,unknown,4,brain; brain/neural structure in title,
1972,Vertebrobasilar occlusive disease in children. A recognizable clinical entity.,"D. Devivo, F. W. Farrell",Archives of Neurology,1972-03-01,46,Clinical NeuroAI and Brain Disorders,neural-signals;clinical-neuroai,10.1001/ARCHNEUR.1972.00490090104011,1c84fc6edb931f7cb3f2a3656107eab8b77f1d51,https://doi.org/10.1001/ARCHNEUR.1972.00490090104011,JournalArticle,unknown,1,ecog,
1972,Diapause termination and metamorphosis in brainless tobacco hornworms (Lepidoptera),K. Judy,Unknown venue,1972-06-22,45,General Brain-AI Structure Reviews and Methods,brain-structure,10.1016/0024-3205(72)90243-3,b83cac37818ac94ceb389a2c7688eaa504bd1cf7,https://doi.org/10.1016/0024-3205(72)90243-3,paper,unknown,4,brain; brain/neural structure in title,
1972,Estradiol-Concentrating Cells in the Rat Amygdala as Part of a Limbic-Hypothalamic Hormone-Sensitive System,"D. Pfaff, M. Keiner",Unknown venue,1972,45,"Cellular, Synaptic, and Neuromorphic Foundations",,10.1007/978-1-4615-8987-7_30,c91ab224f06bcd5321916d5a3b94e2e91888a594,https://doi.org/10.1007/978-1-4615-8987-7_30,paper,unknown,2,brain; amygdala,
1972,Hemodynamic and metabolic concomitants of brain swelling and cerebral edema due to experimental cerebral infarction.,"T. Teraura, J. Meyer, K. Sakamoto, K. Hashi, P. Marx, C. Sterman-Marinchesu, et al.",Journal of Neurosurgery,1972-06-01,45,General Brain-AI Structure Reviews and Methods,brain-structure,10.3171/JNS.1972.36.6.0728,34a0b032da02ae752d5fafaac0c68aa3b6567b4b,https://doi.org/10.3171/JNS.1972.36.6.0728,JournalArticle,unknown,5,brain; cerebral; brain/neural structure in title,
1972,Interaction of atropine-like drugs with dopamine-containing neurones in rat brain,"M. Bowers, R. Roth",British Journal of Pharmacology,1972-02-01,45,"Cellular, Synaptic, and Neuromorphic Foundations",brain-structure,10.1111/j.1476-5381.1972.tb07267.x,a657cf13203fd17c8827a4ff1675a3a8f1c6a928,https://doi.org/10.1111/j.1476-5381.1972.tb07267.x,JournalArticle,unknown,5,brain; neuron; brain/neural structure in title,
1972,Monoamine Changes in the Brain of Rats injected with L-5-Hydroxytryptophan,"F. Okada, Y. Saito, T. Fujieda, I. Yamashita",Nature,1972-08-11,45,General Brain-AI Structure Reviews and Methods,brain-structure,10.1038/238355A0,5aeeaa9e0f290d81b5ee2834f3454d8c5c9e3fd4,https://doi.org/10.1038/238355A0,JournalArticle,unknown,4,brain; brain/neural structure in title,
1972,Neurological disease in man following administration of suckling mouse brain antirabies vaccine.,"J. R. Held, H. Adaros",Bulletin of the World Health Organization,1972,45,General Brain-AI Structure Reviews and Methods,brain-structure,,ead48ac862c8ab596ef62767307033a887c16597,https://www.semanticscholar.org/paper/ead48ac862c8ab596ef62767307033a887c16597,JournalArticle,unknown,4,brain; brain/neural structure in title,
1972,Operant Behavior Changes Norepinephrine Metabolism in Rat Brain,"A. Lewy, L. Seiden",Science,1972-01-28,45,"Cognitive Architectures, Learning, and Systems Neuroscience",brain-structure,10.1126/science.175.4020.454,84c82b520e9be54ab9df438443bd13e47a45ade6,https://doi.org/10.1126/science.175.4020.454,JournalArticle,unknown,4,brain; brain/neural structure in title,
1972,"The effects of some drugs affecting brain 5-HT on the aggressive behaviour and spontaneous electrical activity of the central nervous system of the ant, Formica rufa.","W. Kostowski, B. Tarchalska",Brain Research,1972-03-10,45,General Brain-AI Structure Reviews and Methods,brain-structure,10.1016/0006-8993(72)90595-1,6e1e7b3a7a5c2585454a6aa180666007660c9307,https://doi.org/10.1016/0006-8993(72)90595-1,JournalArticle,unknown,4,brain; brain/neural structure in title,
1972,EFFECTS OF ESSENTIAL FATTY ACID DEFICIENCY ON MYELIN AND VARIOUS SUBCELLULAR STRUCTURES IN RAT BRAIN,"C. Galli, H. Trzeciak, R. Paoletti",Journal of Neurochemistry,1972-08-01,44,"Cellular, Synaptic, and Neuromorphic Foundations",brain-structure,10.1111/j.1471-4159.1972.tb01475.x,8fc9c2f33b50c5e35bc0f71eaa4c38215ea736ff,https://doi.org/10.1111/j.1471-4159.1972.tb01475.x,JournalArticle,unknown,4,brain; brain/neural structure in title,
1972,Excitatory and inhibitory effects of lingual nerve stimulation on reflexes controlling the activity of masseteric motoneurons.,Louis J. Goldberg,Brain Research,1972-04-14,44,"Cellular, Synaptic, and Neuromorphic Foundations",brain-structure,10.1016/0006-8993(72)90787-1,08333b007ccd50d6f25fdafb39ba26f85e1b1d6a,https://doi.org/10.1016/0006-8993(72)90787-1,JournalArticle,unknown,1,neuron,
1972,Fatty acid transport into the brain.,"G. A. Dhopeshwarkar, C. Subramanian, Douglas H. McConnell, James F. Mead",Biochimica et Biophysica Acta,1972-02-11,44,General Brain-AI Structure Reviews and Methods,brain-structure,10.1016/0005-2736(72)90161-7,ad9f34de2504368c7be17f98d00fccb95e496467,https://doi.org/10.1016/0005-2736(72)90161-7,JournalArticle,unknown,4,brain; brain/neural structure in title,
1972,Regional distribution of thiamine-dependent enzymes in normal and thiamine-deficient brain.,"J. Pincus, K. Wells",Experimental Neurology,1972-12-01,44,General Brain-AI Structure Reviews and Methods,brain-structure,10.1016/0014-4886(72)90092-1,cf5eab0fbba12524bae9228531963d666bd039e3,https://doi.org/10.1016/0014-4886(72)90092-1,JournalArticle,unknown,4,brain; brain/neural structure in title,
1972,"The activity of D- -hydroxybutyrate dehydrogenase in fetal, infant and adult rat brain and the influence of starvation.","G. Dahlquist, U. Persson, B. Persson",Biology of the Neonate,1972,44,General Brain-AI Structure Reviews and Methods,brain-structure,10.1159/000240444,b908e6a0b7cf96638c5119d2c9a84eb4b739f612,https://doi.org/10.1159/000240444,JournalArticle,unknown,4,brain; brain/neural structure in title,
1972,CHARACTERIZATION OF ACIDIC PROTEINS IN CELL ACRYLAMIDE GEL ELECTROPHORESIS NUCLEI FROM RAT BRAIN BY HIGH-RESOLUTION 1,"R. H. Davis, J. Copenhaver, M. J. Carver",Unknown venue,1972-02-01,43,"Cellular, Synaptic, and Neuromorphic Foundations",brain-structure,10.1111/j.1471-4159.1972.tb01356.x,3250af7aff1ef1b8a1e2e4e24dce1ac8f238616e,https://doi.org/10.1111/j.1471-4159.1972.tb01356.x,paper,unknown,4,brain; brain/neural structure in title,
1972,"Conversion of 1,4-butanediol to -hydroxybutyric acid in rat brain and in peripheral tissue.","R. Maxwell, R. Roth",Biochemical Pharmacology,1972-06-01,43,General Brain-AI Structure Reviews and Methods,brain-structure,10.1016/0006-2952(72)90301-2,08023ba733e1b062125cea278099e2d82919d2d4,https://doi.org/10.1016/0006-2952(72)90301-2,JournalArticle,unknown,4,brain; brain/neural structure in title,
1972,Determination of adenosine 3':5'-cyclic monophosphate in cerebral tissues by saturation analysis. Assessment of a method using a binding protein from ox muscle.,"M. Weller, R. Rodnight, D. Carrera",Biochemical Journal,1972-08-01,43,General Brain-AI Structure Reviews and Methods,brain-structure,10.1042/BJ1290113,d3aae322f6ad6f97e23401d1f1c1b4aef620553a,https://doi.org/10.1042/BJ1290113,JournalArticle,unknown,2,brain; cerebral,
1972,Effect of low molecular dextran on total cerebral blood flow and on regional flow within ischemic brain lesions.,"Heiss Wd, P. Prosenz, H. Tschabitscher, C. Lasek, H. J. Herles",European Neurology,1972,43,General Brain-AI Structure Reviews and Methods,brain-structure,10.1159/000114564,90f1b7ac94180291aff4e91950f35b4f8b5c1981,https://doi.org/10.1159/000114564,JournalArticle,unknown,5,brain; cerebral; brain/neural structure in title,
1972,Effects of ischemia and exogenous fatty acids on the energy metabolism in brain mitochondria.,"Lazarewicz Jw, J. Strosznajder, A. Gromek",Bulletin de l Academie Polonaise des Sciences-Serie des Sciences Biologiques,1972,43,General Brain-AI Structure Reviews and Methods,brain-structure,,ad093b46f3a290a9b7c6e40817903f5176c49336,https://www.semanticscholar.org/paper/ad093b46f3a290a9b7c6e40817903f5176c49336,JournalArticle,unknown,4,brain; brain/neural structure in title,
1972,HORMONAL FACTORS IN THE CNS AND HEMOLYMPH OF PUPARIATING FLY LARVAE WHICH ACCELERATE PUPARIUM FORMATION AND TANNING,"G. Fraenkel, J. Zdárek, P. Sivasubramanian",Unknown venue,1972-08-01,43,"Cellular, Synaptic, and Neuromorphic Foundations",brain-structure;neural-signals,10.2307/1540333,f69da8a595e0a92a768361c19c41de249ab66d61,https://doi.org/10.2307/1540333,paper,unknown,4,brain; eeg; meg; ecog,"We formerly reported tile existence of a hormone, derived from neurosecretory brain cells of fly larvae, which accelerates puparium formation (pupariation) in whole larvae or ligated hind parts."
1972,Localization of sensory zones in the dolphin cerebral cortex,"Sokolov Ve, Ladygina Tf, Supin AIa",Unknown venue,1972-01-11,43,General Brain-AI Structure Reviews and Methods,brain-structure,,97fb1293d3775be19bb1066d296ae9ca4ecd1fa2,https://www.semanticscholar.org/paper/97fb1293d3775be19bb1066d296ae9ca4ecd1fa2,paper,unknown,6,brain; cerebral; cortex; brain/neural structure in title,
1972,MITOCHONDRIAL AUTONOMY,"H. Bosmann, M. Myers, Delena Dehond, R. D. Ball, K. Case",Journal of Cell Biology,1972-10-01,43,"Cellular, Synaptic, and Neuromorphic Foundations",brain-structure,10.1083/jcb.55.1.147,8fb6db779b5e41472b54188c83bae1d2571bc4a7,https://doi.org/10.1083/jcb.55.1.147,JournalArticle,unknown,3,brain; cerebral; cortex,N-acetylneuraminic acid at the surfaces of rat cerebral cortex and liver mitochondria and derived mitoplasts (inner membrane plus matrix particles) was studied biochemically and electrokinetically.
1972,"Parental practices and innate activity in normal, autistic, and brain-damaged infants","M. Demyer, W. Pontius, J. Norton, Sandra Barton, J. Allen, R. Steele",Journal of Autism and Childhood Schizophrenia,1972,43,General Brain-AI Structure Reviews and Methods,brain-structure,10.1007/BF01537626,7052498ecec7d9ff022087e7184e4ab6e778d7d6,https://doi.org/10.1007/BF01537626,JournalArticle,unknown,4,brain; brain/neural structure in title,
1972,Pattern of developmental changes in two DNA polymerases of rat brain.,"J. Chiu, S. Sung",Biochimica et Biophysica Acta,1972-05-29,43,General Brain-AI Structure Reviews and Methods,brain-structure,10.1016/0005-2787(72)90123-2,0335b0732f422881cf3a7a547f941729190be6fc,https://doi.org/10.1016/0005-2787(72)90123-2,JournalArticle,unknown,4,brain; brain/neural structure in title,
1972,Spontaneous Transformation of Human Brain Cells Grown in vitro and Description of Associated Virus Particles,"J. Hooks, C. Gibbs, H. Chopra, M. Lewis, D. Gajdusek",Science,1972-06-30,43,"Cellular, Synaptic, and Neuromorphic Foundations",brain-structure,10.1126/science.176.4042.1420,dafe8b3b9ba2556aa64efeb78be4cb7b2306da1a,https://doi.org/10.1126/science.176.4042.1420,paper,unknown,4,brain; brain/neural structure in title,
1972,The effect of 6-hydroxydopamine on morphine tolerance and physical dependence.,"G. Friedler, H. Bhargava, R. Quock, E. Way",Journal of Pharmacology and Experimental Therapeutics,1972-10-01,43,"Cellular, Synaptic, and Neuromorphic Foundations",brain-structure;neuromorphic-bci,10.1016/s0022-3565(25)29314-4,4a51ad0d875571951ff7b5fd3aba69dfd17fb265,https://doi.org/10.1016/s0022-3565(25)29314-4,JournalArticle,unknown,3,brain; cerebral; neuron,"The effect of 6-hydroxydopamine (6-OHDA), which is known to deplete selectively catecholamines by destruction of catecholaminergic neurons, was investigated in mice rendered tolerant to and dependent upon morphine by pellet implantation."
1972,Verbal Problem Solving as Related to Cerebral Damage,R. Reitan,Perceptual and Motor Skills,1972-04-01,43,General Brain-AI Structure Reviews and Methods,brain-structure,10.2466/pms.1972.34.2.515,8d4a03f0b44db40866c0e02a0a8340dd48ff65a7,https://doi.org/10.2466/pms.1972.34.2.515,JournalArticle,unknown,2,brain; cerebral,
1972,"Activation of amygdaloid neurones in reward, eating and drinking elicited by electrical stimulation of the brain.",E. Rolls,Brain Research,1972-10-27,42,"Cellular, Synaptic, and Neuromorphic Foundations",brain-structure,10.1016/0006-8993(72)90468-4,2891c353a94588c40901b6a10268cd1027d7ddb9,https://doi.org/10.1016/0006-8993(72)90468-4,JournalArticle,unknown,5,brain; neuron; brain/neural structure in title,
1972,Enlargement of skull fracture in childhood due to cerebral herniation.,"B. Stein, M. Tenner",Archives of Neurology,1972-02-01,42,General Brain-AI Structure Reviews and Methods,brain-structure,10.1001/ARCHNEUR.1972.00490080055005,deead29f9a5c90e695acb6055a463c63f61d837a,https://doi.org/10.1001/ARCHNEUR.1972.00490080055005,JournalArticle,unknown,1,cerebral,
1972,Enzymic synthesis of 1-alkyl-2-acyl-sn-glycero-3-phosphorylethanolamines by the CDP-ethanolamine: 1-radyl-2-acyl-sn-glycerol ethanolaminephosphotransferase from microsomal fraction of rat brain.,"A. Radomiñska-pyrek, L. Horrocks",Journal of Lipid Research,1972-09-01,42,General Brain-AI Structure Reviews and Methods,brain-structure,10.1016/S0022-2275(20)39363-9,4180957de2d717307340564edb66b4e84c4ef5f5,https://doi.org/10.1016/S0022-2275(20)39363-9,JournalArticle,unknown,4,brain; brain/neural structure in title,"e incorporation of radioactivity from cytidine-5'-phosphate-[(32)P]phosphorylethanolamine into 1-alkyl-2-acyl-sn-glycero-3-phosphorylethanolamines and 1,2-diacyl-sn-glycero-3-phosphorylethanolamines was stimulated more than fourfold by 1-alkyl-2-acyl-sn-glycerols and 1,2-diacyl-sn-glycerols, respectively, with an ethanolaminephosphotransferase (EC 2.7.8.1) present in the microsomal fraction from brains of mature rats."
1972,Generalized accumulation of neutral glycosphingolipids with GM2 ganglioside accumulation in the brain. Sandhoff's disease (variant of Tay-Sachs disease).,"W. Krivit, R. Desnick, J. Lee, J. Moller, F. Wright, C. Sweeley, et al.",American Journal of Medicine,1972-06-01,42,General Brain-AI Structure Reviews and Methods,brain-structure,10.1016/0002-9343(72)90082-4,f10d3fa23555435b19f8583cd7b1d46642faac7f,https://doi.org/10.1016/0002-9343(72)90082-4,JournalArticle,unknown,4,brain; brain/neural structure in title,
1972,Inverse cerebellum morphogenetically related to Dandy-Walker and Arnold-Chiari syndromes: bizarre malformed brain with occipital encephalocele.,"D. Padget, R. Lindenberg",The Johns Hopkins medical journal,1972-09-01,42,General Brain-AI Structure Reviews and Methods,brain-structure,,4d8de02ed9901b48011afee13cf2248d5222cf1b,https://www.semanticscholar.org/paper/4d8de02ed9901b48011afee13cf2248d5222cf1b,JournalArticle,unknown,5,brain; cerebellum; brain/neural structure in title,
1972,Ionic properties of beef brain gangliosides.,"M. B. Abramson, R. Yu, V. Zaby",Biochimica et Biophysica Acta,1972-10-05,42,General Brain-AI Structure Reviews and Methods,brain-structure,10.1016/0005-2760(72)90105-1,32d2b91b125d27336221ab9a3f63951bdffff5b1,https://doi.org/10.1016/0005-2760(72)90105-1,JournalArticle,unknown,4,brain; brain/neural structure in title,
1972,Isoaccepting transfer ribonucleic acids in liver and brain of young and old BC3F 1 mice.,"J. M. Frazer, Wen Kuang Yang",Archives of Biochemistry and Biophysics,1972-12-01,42,General Brain-AI Structure Reviews and Methods,brain-structure,10.1016/0003-9861(72)90380-3,74053e497422239531002a984291e442f6e6b20c,https://doi.org/10.1016/0003-9861(72)90380-3,JournalArticle,unknown,4,brain; brain/neural structure in title,
1972,Long survival time of an isolated perfused rat brain,"G. Krieglstein, J. Krieglstein, W. Urban",Journal of Neurochemistry,1972-03-01,42,General Brain-AI Structure Reviews and Methods,brain-structure,10.1111/j.1471-4159.1972.tb01402.x,0cbdbaf5ea4aa992cf96bfe6fa8f3bc399276f4f,https://doi.org/10.1111/j.1471-4159.1972.tb01402.x,JournalArticle,unknown,4,brain; brain/neural structure in title,
1972,Normal pressure hydrocephalus: complication of posterior fossa surgery in children.,"Bennett M. Stein, Richard A. R. Fraser, Michael S. Tenner",Pediatrics,1972-01-01,42,Clinical NeuroAI and Brain Disorders,brain-structure;clinical-neuroai,10.1542/peds.49.1.50,4afbd8af2fbb3253defc9c5736ad603fe9251861,https://doi.org/10.1542/peds.49.1.50,JournalArticle,unknown,2,brain; cortical,The occurrence of symptomatic normal pressure hydrocephalus in children as a complication of posterior fossa surgery is recorded here.
1972,Oxygen-Dependent Cleavage of the Vinyl-Ether Linkage of Plasmalogen. 1. Cleavage by Rat-Brain Supernatant,"E. Yavin, S. Gatt",Unknown venue,1972-02-01,42,General Brain-AI Structure Reviews and Methods,brain-structure,10.1111/J.1432-1033.1972.TB01712.X,adbfef6fed4fb30049ba9a9a2c7fb12c19b3ec56,https://doi.org/10.1111/J.1432-1033.1972.TB01712.X,paper,unknown,4,brain; brain/neural structure in title,
1972,Short-term memory: a comparison between frontal and nonfrontal right- and left-hemisphere brain-damaged patients.,"P. Lewinsohn, R. E. Zieler, J. Libet, S. Eyeberg, G. Nielson",Journal of Comparative and Physiological Psychology,1972-11-01,42,"Cognitive Architectures, Learning, and Systems Neuroscience",brain-structure;clinical-neuroai,10.1037/H0033564,7668454ea3a3a91f94fd20816b53743ce389dcfa,https://doi.org/10.1037/H0033564,JournalArticle,unknown,4,brain; brain/neural structure in title,
1972,Single-unit visual responses in the frog's brain.,"B. Liege, G. Galand",Vision Research,1972-04-01,42,General Brain-AI Structure Reviews and Methods,brain-structure,10.1016/0042-6989(72)90155-1,1bfc39cc531b808dddf1337fc45f7e2585086be5,https://doi.org/10.1016/0042-6989(72)90155-1,JournalArticle,unknown,4,brain; brain/neural structure in title,
1972,The organization of paramembranous densities during postnatal maturation of synaptic junctions in the cerebral cortex.,"A. Adinolfi, A. Adinolfi",Experimental Neurology,1972-03-01,42,"Cellular, Synaptic, and Neuromorphic Foundations",brain-structure,10.1016/0014-4886(72)90036-2,7609140dd5afbeb56648e1b6e710f416c56bffcf,https://doi.org/10.1016/0014-4886(72)90036-2,JournalArticle,unknown,5,cerebral; cortex; brain/neural structure in title,
1972,[Pharmacology of integrative activity of the brain. Attempt at nootropic concept in psychopharmacology].,C. Giurgea,Actualites pharmacologiques,1972,41,General Brain-AI Structure Reviews and Methods,brain-structure,,f05f9fa634654fe7f79299274a8c36dfac115d0e,https://www.semanticscholar.org/paper/f05f9fa634654fe7f79299274a8c36dfac115d0e,JournalArticle,unknown,4,brain; brain/neural structure in title,
1972,Acute brain syndrome associated with lithium therapy.,"P. Agulnik, A. Dimascio, P. Moore",American Journal of Psychiatry,1972-11-01,41,General Brain-AI Structure Reviews and Methods,brain-structure,10.1176/AJP.129.5.621,d7bf2e6604073400725fda226402e9f5ec383d2e,https://doi.org/10.1176/AJP.129.5.621,JournalArticle,unknown,4,brain; brain/neural structure in title,
1972,Cerebral effects of differential experience in hypophysectomized rats.,"M. Rosenzweig, E. Bennett, M. Diamond",Journal of Comparative and Physiological Psychology,1972-04-01,41,General Brain-AI Structure Reviews and Methods,brain-structure,10.1037/H0032527,92d680317eba008d87270b2d76e099bb81b4a473,https://doi.org/10.1037/H0032527,JournalArticle,unknown,2,brain; cerebral,
1972,Chemotherapy of brain tumors. Uptake of tritiated methotrexate by a transplantable intracerebral ependymoblastoma in mice.,Charles Tator,Journal of Neurosurgery,1972-07-01,41,Clinical NeuroAI and Brain Disorders,brain-structure,10.3171/JNS.1972.37.1.0001,45b27f35ca23f6c02ab22aa899248938c8fd673e,https://doi.org/10.3171/JNS.1972.37.1.0001,JournalArticle,unknown,5,brain; cerebral; brain/neural structure in title,
1972,Cholinergic effects on adrenergic neurotransmitters in rabbit brain parts.,"S. Glisson, A. Karczmar, L. Barnes",Neuropharmacology,1972-07-01,41,General Brain-AI Structure Reviews and Methods,brain-structure,10.1016/0028-3908(72)90002-0,6811b14b57adbf527ef6b008bb0d78d3d1d85c6e,https://doi.org/10.1016/0028-3908(72)90002-0,JournalArticle,unknown,4,brain; brain/neural structure in title,
1972,CoA transferase in the brain and other mammalian tissues.,"J. Tildon, D. Sevdalian",Archives of Biochemistry and Biophysics,1972-02-01,41,General Brain-AI Structure Reviews and Methods,brain-structure,10.1016/0003-9861(72)90155-5,4434f2c85b5a0b646b77378ae6dc8bd20979401f,https://doi.org/10.1016/0003-9861(72)90155-5,JournalArticle,unknown,4,brain; brain/neural structure in title,
1972,Comparative investigation of inhibitors of extracerebral dopa decarboxylase in man and rats,"I. Kuruma, G. Bartholini, R. Tissot, A. Pletscher",The Journal of pharmacy and pharmacology,1972-04-01,41,General Brain-AI Structure Reviews and Methods,brain-structure,10.1111/j.2042-7158.1972.tb08988.x,c2d2054fbde7a8c5907a452a1cbf9d532634621c,https://doi.org/10.1111/j.2042-7158.1972.tb08988.x,JournalArticle; Study,unknown,2,brain; cerebral,
1972,"Determination and physiological disposition of dimethyltryptamine and diethyltryptamine in rat brain, liver and plasma.","I. Cohen, W. Vogel",Biochemical Pharmacology,1972-04-15,41,General Brain-AI Structure Reviews and Methods,brain-structure,10.1016/0006-2952(72)90119-0,88867e2e2a44af68664c948af4f57ebf2da01aad,https://doi.org/10.1016/0006-2952(72)90119-0,JournalArticle,unknown,4,brain; brain/neural structure in title,
1972,Enzymatic activity in tubulin preparations. I. Intrinsic protein kinase activity in lyophilized preparations of tubulin from porcine brain.,"D. Soifer, A. Laszlo, J. Scotto",Biochimica et Biophysica Acta,1972-06-22,41,General Brain-AI Structure Reviews and Methods,brain-structure,10.1016/0005-2795(72)90146-8,3cf49fa3016dbc436ca8ebe152cca65d57d60d2e,https://doi.org/10.1016/0005-2795(72)90146-8,JournalArticle,unknown,4,brain; brain/neural structure in title,
1972,Ethanol enhancement of blood-brain barrier permeability to catecholamines in chicks.,"Joseph P. Hanig, J. Morrison, Stephen Krop",European Journal of Pharmacology,1972-04-01,41,General Brain-AI Structure Reviews and Methods,brain-structure,10.1016/0014-2999(72)90134-3,9ca811bdcaa904f6c18991b8da09ca940df60931,https://doi.org/10.1016/0014-2999(72)90134-3,JournalArticle,unknown,4,brain; brain/neural structure in title,
1972,"Intracellular pH of the brain in arterial hypoxemia, evaluated with the CO 2 method and from the creatine phosphokinase equilibrium.","V. Macmillan, B. Siesjö",Scandinavian Journal of Clinical and Laboratory Investigation,1972-10-01,41,"Cellular, Synaptic, and Neuromorphic Foundations",brain-structure;clinical-neuroai,10.3109/00365517209081100,09d5fc98eceb63a1988fd7b172de188ace0690d9,https://doi.org/10.3109/00365517209081100,JournalArticle,unknown,4,brain; brain/neural structure in title,
1972,Relations between Cortical DC Shifts and Membrane Potential Changes of Cortical Neurons Associated with Seizure Activity,"E. Speckmann, H. Caspers, Janzen Rw",Unknown venue,1972,41,"Cellular, Synaptic, and Neuromorphic Foundations",brain-structure,10.1007/978-3-7091-8306-9_8,394b8149ab11563681eb70f7c9e6922b840847d1,https://doi.org/10.1007/978-3-7091-8306-9_8,paper,unknown,2,cortical; neuron,
1972,Some properties of brain PAPS-cerebroside sulphotransferase in Jimpy and Quaking mice.,"L. Sarliève, N. Neskovic, G. Rebel, P. Mandel",Neurobiology,1972,41,General Brain-AI Structure Reviews and Methods,brain-structure,,30aa203d309430fc096ab239252d0acace2e39f4,https://www.semanticscholar.org/paper/30aa203d309430fc096ab239252d0acace2e39f4,JournalArticle,unknown,4,brain; brain/neural structure in title,
1972,Syndrome of minimal brain damage in young adults.,"E. Shelley, A. Riester",Diseases of the nervous system,1972-05-01,41,General Brain-AI Structure Reviews and Methods,brain-structure,,fedacc1f87eb22c90bafce856ac86621b92c446f,https://www.semanticscholar.org/paper/fedacc1f87eb22c90bafce856ac86621b92c446f,JournalArticle,unknown,4,brain; brain/neural structure in title,
1972,The development of the diencephalon of the Chinese hamster. An investigation of the validity of the criteria of subdivision of the brain.,A. Keyser,Acta anatomica. Supplementum,1972,41,General Brain-AI Structure Reviews and Methods,brain-structure,,2ef6ec2622f8441fda1ecf5d8cf1cdae479d7614,https://www.semanticscholar.org/paper/2ef6ec2622f8441fda1ecf5d8cf1cdae479d7614,JournalArticle,unknown,4,brain; brain/neural structure in title,
1972,The nuclei and cerebral connections of the human thalamus,"J. M. Buren, R. Borke",Unknown venue,1972,41,General Brain-AI Structure Reviews and Methods,brain-structure,,0248f0d85b61d5658d597fb31b0cb6b741f7ad43,https://www.semanticscholar.org/paper/0248f0d85b61d5658d597fb31b0cb6b741f7ad43,paper,unknown,3,brain; cerebral; thalamus,
1972,"Age-related changes in the fine structure and number of neurons in the brain of the housefly, Musca domestica.","R. S. Sohal, S. Sharma",Experimental Gerontology,1972-08-01,40,"Cellular, Synaptic, and Neuromorphic Foundations",brain-structure,10.1016/0531-5565(72)90014-9,7ab4cdfed604c61bb1d20b0485c23831449ae9c0,https://doi.org/10.1016/0531-5565(72)90014-9,JournalArticle,unknown,5,brain; neuron; brain/neural structure in title,
1972,Antigenic correlations between brain and thymus. I. Common antigenic structures in rat and mouse brain tissue and thymocytes,"H. Thiele, R. Stark, D. Keeser",European Journal of Immunology,1972-10-01,40,General Brain-AI Structure Reviews and Methods,brain-structure,10.1002/eji.1830020508,29b0230b0924d8bab4d68dd4d3b1df585e5a9619,https://doi.org/10.1002/eji.1830020508,JournalArticle,unknown,4,brain; brain/neural structure in title,
1972,Biosynthesis of acyl dihydroxyacetone phosphate in subcellular fractions of rat liver.,"E. Labelle, A. Hajra",Journal of Biological Chemistry,1972-09-25,40,"Connectomics, Graph Models, and Brain Networks",brain-structure;connectome,10.1016/s0021-9258(19)44833-3,1c93c048eb0b06c206849d3ce2bd1248906cc8df,https://doi.org/10.1016/s0021-9258(19)44833-3,JournalArticle,unknown,1,brain,"The activity of acyl-CoA: dihydroxyacetone phosphate acyltransferase in rat liver was studied by measuring the formation of labeled lipid from dihydroxyacetone [W]phosphate and either palmitoyl-CoA or a mixture of palmitate, CoA, and ATP."
1972,Cortical potentials evoked by tooth pulp stimulation in rhesus monkeys.,"H. J. van Hassel, M. A. Biedenbach, A. C. Brown",Archives of Oral Biology,1972-07-01,40,General Brain-AI Structure Reviews and Methods,brain-structure,10.1016/0003-9969(72)90180-X,4bb67b61a498803610d63a120c1f2a05467bcf14,https://doi.org/10.1016/0003-9969(72)90180-X,JournalArticle,unknown,2,brain; cortical,
1972,DEVELOPMENT AND CHARACTERISTICS OF THE HISTAMINE-INDUCED ACCUMULATION OF CYCLIC AMP IN THE RABBIT CEREBRAL CORTEX,"G. C. Palmer, M. Schmidt, G. Robison",Journal of Neurochemistry,1972-10-01,40,General Brain-AI Structure Reviews and Methods,brain-structure,10.1111/j.1471-4159.1972.tb01278.x,d9d895926119bb40b55ee937fe8261340d3168d6,https://doi.org/10.1111/j.1471-4159.1972.tb01278.x,JournalArticle,unknown,6,brain; cerebral; cortex; brain/neural structure in title,
1972,Effects of experimental ischemia on electrolytes of cortical cerebrospinal fluid and on brain water.,"C. West, Frederick Albert Matsen IV",Journal of Neurosurgery,1972-06-01,40,General Brain-AI Structure Reviews and Methods,brain-structure,10.3171/JNS.1972.36.6.0687,f7dc2e69f2d2744a728934dab77e08378bfda600,https://doi.org/10.3171/JNS.1972.36.6.0687,JournalArticle,unknown,5,brain; cortical; brain/neural structure in title,
1972,Feeding Produced in the Satiated Rat by Elevating the Concentration of Calcium in the Brain,"R. D. Myers, S. A. Bender, M. Krstić, P. D. Brophy",Science,1972-06-09,40,General Brain-AI Structure Reviews and Methods,brain-structure,10.1126/science.176.4039.1124,a5d15ad6549ac620f9b76369909024ceb6b3c9bf,https://doi.org/10.1126/science.176.4039.1124,JournalArticle,unknown,4,brain; brain/neural structure in title,
1972,Measurement of brain-tissue pressure.,"M. Brock, W. Winkelmüller, W. Pöll, E. Markakis, H. Dietz",The Lancet,1972-03-11,40,General Brain-AI Structure Reviews and Methods,brain-structure,10.1016/S0140-6736(72)90391-1,55bc4b6afa4f074eef391751b8a0a397005580a2,https://doi.org/10.1016/S0140-6736(72)90391-1,JournalArticle,unknown,4,brain; brain/neural structure in title,
1972,Peptide hydrolases in spinal cord and brain of the rabbit.,"S. Serra, A. Grynbaum, A. Lajtha, N. Marks",Brain Research,1972-09-29,40,General Brain-AI Structure Reviews and Methods,brain-structure,10.1016/0006-8993(72)90320-4,78619d8233b6beb70c0557b42a17f198ce31bfdd,https://doi.org/10.1016/0006-8993(72)90320-4,JournalArticle,unknown,4,brain; brain/neural structure in title,
1972,"Purine ribonucleotide biosynthesis, interconversion and catabolism in mouse brain in vitro.","P. C. Wong, J. Henderson",Biochemical Journal,1972-10-01,40,General Brain-AI Structure Reviews and Methods,brain-structure,10.1042/BJ1291085,97685996d50b67b34114879cd2814283242552e9,https://doi.org/10.1042/BJ1291085,JournalArticle,unknown,4,brain; brain/neural structure in title,
1972,Return of EEG activity after electrocerebral silence: two case reports,"J. Green, A. Lauber",Journal of Neurology Neurosurgery & Psychiatry,1972-02-01,40,"Electrophysiology, Neural Signals, and AI Decoding",brain-structure;neural-signals,10.1136/jnnp.35.1.103,b9862b330929f73a528263f59e437810d344c329,https://doi.org/10.1136/jnnp.35.1.103,JournalArticle,unknown,3,cerebral; eeg; meg,
1972,Single seizures cause no ultrastructural changes in brain.,"R. Brennan, C. Petito, R. Porro",Brain Research,1972-10-27,40,General Brain-AI Structure Reviews and Methods,brain-structure,10.1016/0006-8993(72)90485-4,a8d9c3d91fa5d99a3152e103eeb3b00dc76253d6,https://doi.org/10.1016/0006-8993(72)90485-4,JournalArticle,unknown,4,brain; brain/neural structure in title,
1972,The effect of sustained hyperammonemia upon the metabolic state of the brain.,B. Hindfelt,Scandinavian Journal of Clinical and Laboratory Investigation,1972-11-01,40,Clinical NeuroAI and Brain Disorders,brain-structure;clinical-neuroai,10.3109/00365517209084286,5f7df6d37466a1b19aa06932ffec48499572bd01,https://doi.org/10.3109/00365517209084286,JournalArticle,unknown,4,brain; brain/neural structure in title,
1972,The inadequacy of sodium dodecyl sulfate as a dissociative agent for brain proteins and glycoproteins.,R. L. Katzman,Biochimica et Biophysica Acta,1972-04-14,40,General Brain-AI Structure Reviews and Methods,brain-structure,10.1016/0005-2736(72)90141-1,71fded26921a678c69c06bde485704f7e0c06f0f,https://doi.org/10.1016/0005-2736(72)90141-1,JournalArticle,unknown,4,brain; brain/neural structure in title,
1972,The Production and Detection of Epileptogenic Lesions in Rat Cerebral Cortex,"R. Dow, J. McQueen, H. Townsend",Epilepsia,1972-07-01,40,General Brain-AI Structure Reviews and Methods,brain-structure,10.1111/j.1528-1157.1972.tb04585.x,2c620a7fa981f97ab0a4f0673545811df84c6bc8,https://doi.org/10.1111/j.1528-1157.1972.tb04585.x,JournalArticle,unknown,6,brain; cerebral; cortex; brain/neural structure in title,
1972,A Critical Rate of Cerebral Compression,"S. Nakatani, A. Ommaya",Unknown venue,1972,39,General Brain-AI Structure Reviews and Methods,brain-structure,10.1007/978-3-642-65486-2_24,f2c1b58b642d897d0f3563033d4fc29a6381e02c,https://doi.org/10.1007/978-3-642-65486-2_24,paper,unknown,2,brain; cerebral,
1972,A natural inhibitor of sialyl transferase and its possible influence on this enzyme activity during brain development.,"R. Duffard, R. Caputto",Biochemistry,1972-04-11,39,General Brain-AI Structure Reviews and Methods,brain-structure,10.1021/BI00758A011,e8d13f6ad7658e75053b62f4eb8523e3ec01985e,https://doi.org/10.1021/BI00758A011,JournalArticle,unknown,4,brain; brain/neural structure in title,
1972,A study of the time and frequency characteristics of the potentials evoked in the acoustical cortex,E. Basar,Kybernetik,1972-02-01,39,General Brain-AI Structure Reviews and Methods,brain-structure,10.1007/BF00292231,2a6838d0df9ce868315cec9c3c33dd80fdf1e6c7,https://doi.org/10.1007/BF00292231,JournalArticle,unknown,5,brain; cortex; brain/neural structure in title,
1972,Adjuvant Immunotherapy for Malignant Brain Tumors,"K. Takakura, Y. Miki, O. Kubo, N. Ogawa, M. Matsutani, K. Sano",Unknown venue,1972-12-01,39,Clinical NeuroAI and Brain Disorders,brain-structure,10.1093/OXFORDJOURNALS.JJCO.A039811,6360dc3fba7dc8aff39f7ea480d61d28ac33f97b,https://doi.org/10.1093/OXFORDJOURNALS.JJCO.A039811,paper,unknown,4,brain; brain/neural structure in title,
1972,Alteration of rat brain catecholamine metabolism during exposure to hypobaric hypoxia.,"A. Cymerman, S. Robinson, D. McCullough",Canadian Journal of Physiology and Pharmacology,1972-04-01,39,General Brain-AI Structure Reviews and Methods,brain-structure,10.1139/Y72-048,86a504c0c4e9990fb550c36fc382d9e5224a91e6,https://doi.org/10.1139/Y72-048,JournalArticle,unknown,4,brain; brain/neural structure in title,
1972,Compression of the brain and spinal cord following use of gelfoam.,"J. Herndon, H. Grillo, E. J. Riseborough, J. Rich",Archives of Surgery,1972,39,General Brain-AI Structure Reviews and Methods,brain-structure,10.1001/ARCHSURG.1972.04180010101027,2bd4706ede8221fcf05b9421ef286541ca5ff70d,https://doi.org/10.1001/ARCHSURG.1972.04180010101027,JournalArticle,unknown,4,brain; brain/neural structure in title,
1972,Determination of barbiturate derivatives by radioimmunoassay.,"E. Flynn, S. Spector",Journal of Pharmacology and Experimental Therapeutics,1972-06-01,39,"Electrophysiology, Neural Signals, and AI Decoding",brain-structure;neural-signals,10.1016/s0022-3565(25)29237-0,dab73288f2828b624991b9e09cef6d74362e840a,https://doi.org/10.1016/s0022-3565(25)29237-0,JournalArticle,unknown,4,brain; eeg; meg; ecog,A radioimmunoassay is described in which levels as low as 500 pg of various barbiturates can be detected.
1972,Effect of chronic administration of ethanol on (Na + K)-activated ATPase activity in six areas of the cat brain,"W. Knox, R. Perrin, A. K. Sen",Journal of Neurochemistry,1972-12-01,39,General Brain-AI Structure Reviews and Methods,brain-structure,10.1111/J.1471-4159.1972.TB03827.X,4434435556fc62ac720a8f608c5c116278daefae,https://doi.org/10.1111/J.1471-4159.1972.TB03827.X,JournalArticle,unknown,4,brain; brain/neural structure in title,
1972,Effects of black widow spider venom on acetylcholine release from rat cerebral cortex slices in vitro.,"N. Frontali, F. Granata, P. Parisi",Biochemical Pharmacology,1972-04-01,39,General Brain-AI Structure Reviews and Methods,brain-structure,10.1016/0006-2952(72)90401-7,acb5dadb9fff10ae36ba67d33666f5e4bb27b341,https://doi.org/10.1016/0006-2952(72)90401-7,JournalArticle,unknown,6,brain; cerebral; cortex; brain/neural structure in title,
1972,"Effects of dopamine, noradrenaline and 5-hydroxytryptamine on the cerebral blood flow in the dog",C. Essen,Unknown venue,1972-08-01,39,General Brain-AI Structure Reviews and Methods,brain-structure,10.1111/j.2042-7158.1972.tb09086.x,d581810425b71ba518543edfc012e9ce717bc6b1,https://doi.org/10.1111/j.2042-7158.1972.tb09086.x,paper,unknown,2,brain; cerebral,
1972,Increased activity of choline acetyltransferase in sympathetic ganglia after prolonged administration of nerve growth factor.,"H. Thoenen, A. Saner, P. Angeletti, Rita Levi-Montalcini",Nature: New biology,1972-03-08,39,General Brain-AI Structure Reviews and Methods,,10.1038/NEWBIO236026A0,c79145c23ce2abe0906ff5cce2c33ab9a66d3407,https://doi.org/10.1038/NEWBIO236026A0,JournalArticle,unknown,0,Semantic Scholar brain-AI query,
1972,Irreversible binding of a krait neurotoxin to membrane proteins from eel electroplax and hog brain.,"W. Moore, N. J. Loy",Biochemical and Biophysical Research Communications - BBRC,1972-03-24,39,General Brain-AI Structure Reviews and Methods,brain-structure,10.1016/0006-291X(72)90764-4,f4c2f6a8f69382de2010bf1ea54c6fb3fb0cc083,https://doi.org/10.1016/0006-291X(72)90764-4,JournalArticle,unknown,4,brain; brain/neural structure in title,
1972,Isolation and some properties of a cytosol and a mitochondrial malic enzyme from bovine brain.,R. Frenkel,Archives of Biochemistry and Biophysics,1972-09-01,39,General Brain-AI Structure Reviews and Methods,brain-structure,10.1016/0003-9861(72)90201-9,4e2f526c11a4054785d7e35399e8ad463d44bb9b,https://doi.org/10.1016/0003-9861(72)90201-9,JournalArticle,unknown,4,brain; brain/neural structure in title,
1972,Neuroendocrine control of the cyclic AMP system of brain and pineal gland.,"B. Weiss, S. Strada",Advances in cyclic nucleotide research,1972,39,General Brain-AI Structure Reviews and Methods,brain-structure,,cf69c9bdaf1fdd4198c6f88846a9ac93f0becb7e,https://www.semanticscholar.org/paper/cf69c9bdaf1fdd4198c6f88846a9ac93f0becb7e,JournalArticle,unknown,4,brain; brain/neural structure in title,
1972,"Stereoselectivity of catecholamine uptake by brain synaptosomes: studies with ephedrine, methylphenidate and phenyl-2-piperidyl carbinol.","E. Hendley, S. Snyder, J. J. Fauley, J. Lapidus",Journal of Pharmacology and Experimental Therapeutics,1972-10-01,39,General Brain-AI Structure Reviews and Methods,brain-structure,10.1016/s0022-3565(25)29320-x,cddf47660dcfce890487ac847012a880fdc70a05,https://doi.org/10.1016/s0022-3565(25)29320-x,JournalArticle,unknown,6,brain; cerebral; cortex; brain/neural structure in title,"In this study we examined the stereoselectivity of catecholamine uptake into synaptosomes prepared from rat cerebral cortex or corpus striatum with isomers of ephedrine, methylphenidate and phenyl-2-piperidyl carbinol, compounds possessing two asymmetric carbons, hence, four possible stereoisomers."
1972,The effect of benzodiazepines on brain amines of the mouse.,"Fennessy Mr, Lee",Archives internationales de pharmacodynamie et de therapie,1972-05-01,39,General Brain-AI Structure Reviews and Methods,brain-structure,,0be25910ba75dca969c5c648f35e204771dfdfee,https://www.semanticscholar.org/paper/0be25910ba75dca969c5c648f35e204771dfdfee,JournalArticle,unknown,4,brain; brain/neural structure in title,
1972,The partial purification of thiamine triphosphatase from rat brain.,"Y. Hashitani, J. Cooper",Journal of Biological Chemistry,1972-04-10,39,"Cellular, Synaptic, and Neuromorphic Foundations",brain-structure,10.1016/s0021-9258(19)45498-7,3e9120c2c1d3ea8ef99226399cf06f3880f10dba,https://doi.org/10.1016/s0021-9258(19)45498-7,JournalArticle,unknown,4,brain; brain/neural structure in title,Abstract Thiamine triphosphatase has been partially purified from rat brain and some of its properties have been determined.
1972,The turnover of protein in discrete areas of rat brain.,"L. Austin, O. H. Lowry, J. G. Brown, J. Carter",Biochemical Journal,1972,39,General Brain-AI Structure Reviews and Methods,brain-structure,10.1042/BJ1260351,6b2e86113d2c2b0244c658b5b1d51a355a0d77e4,https://doi.org/10.1042/BJ1260351,JournalArticle,unknown,4,brain; brain/neural structure in title,
1972,A mathematical model for the determination of viscoelastic behavior of brain in vivo. I. Oscillatory response.,"Han, Chou, Wang, Alan, S. WlNEMANt",Journal of Biomechanics,1972-09-01,38,Computational Neuroscience and Brain-Inspired AI,brain-structure,10.1016/0021-9290(72)90002-4,035e79ad47b18e089e7d65290e6dad08980a932c,https://doi.org/10.1016/0021-9290(72)90002-4,JournalArticle,unknown,8,brain; brain/neural structure in title; historical computation/learning bridge,
1972,Bacterial Ribonucleic Acid in the Frog Brain after a Bacterial Peritoneal Infection,"Philippe Anker, M. Stroun",Science,1972-11-10,38,General Brain-AI Structure Reviews and Methods,brain-structure,10.1126/science.178.4061.621,7757e577c205b5e68a85fc18185375c626359be4,https://doi.org/10.1126/science.178.4061.621,JournalArticle,unknown,4,brain; brain/neural structure in title,
1972,Brain area nicotine levels in male and female rats of two strains.,"J. Rosecrans, M. D. Schechter",Archives internationales de pharmacodynamie et de therapie,1972-03-01,38,General Brain-AI Structure Reviews and Methods,brain-structure,,2ca6b2d3012b07cc45bb81292b930acb73fd2d9d,https://www.semanticscholar.org/paper/2ca6b2d3012b07cc45bb81292b930acb73fd2d9d,JournalArticle,unknown,4,brain; brain/neural structure in title,
1972,Brain substrate utilization during prolonged exercise.,"G. Ahlborg, J. Wahren",Scandinavian Journal of Clinical and Laboratory Investigation,1972,38,Clinical NeuroAI and Brain Disorders,brain-structure;clinical-neuroai,10.3109/00365517209080256,357b0932231c11823f70f0746b66e00ec2775f68,https://doi.org/10.3109/00365517209080256,JournalArticle,unknown,4,brain; brain/neural structure in title,
1972,Changes in tyrosine hydroxylase and dopa decarboxylase induced by pharmacological agents.,"W. Dairman, J. Christenson, S. Udenfriend",Pharmacological Reviews,1972-06-01,38,Clinical NeuroAI and Brain Disorders,brain-structure;clinical-neuroai,10.1016/s0031-6997(25)06915-7,bd795fa01b3503bf10c7b7235185fa3c2055497a,https://doi.org/10.1016/s0031-6997(25)06915-7,Review; JournalArticle,unknown,1,brain,"The administration of L-dopa for several days has been shown to result in decreased activity in vitro of the catecholamine biosynthetic enzymes in peripheral tissues, but not in the brain."
1972,"Effects of mother-litter separation on survival, growth, and brain amino acid levels.","S. Plaut, J. Davis",Physiology and Behavior,1972,38,"Cognitive Architectures, Learning, and Systems Neuroscience",brain-structure,10.1016/0031-9384(72)90128-X,ccd1008410a6552bad8f5f189d8d37043a4768f4,https://doi.org/10.1016/0031-9384(72)90128-X,JournalArticle,unknown,4,brain; brain/neural structure in title,
1972,Free and membrane-bound ribosomes of rat cerebral cortex. Protein synthesis in vivo and in vitro.,M. Murthy,Journal of Biological Chemistry,1972-03-25,38,General Brain-AI Structure Reviews and Methods,brain-structure,10.1016/s0021-9258(19)45560-9,d0ea0b4db01d9fda6b58aa2e99e3a93d27bac66d,https://doi.org/10.1016/s0021-9258(19)45560-9,JournalArticle,unknown,6,brain; cerebral; cortex; brain/neural structure in title,Abstract Free ribosomes and membrane-bound ribosomes were prepared from cerebral cortex of 2-week-old rats using a discontinuous sucrose density gradient centrifugation technique.
1972,Glucocorticoid-binding macromolecules in normal tissues and tumors. Stabilization of the specific binding component.,"A. Kirkpatrick, N. Kaiser, R. J. Milholland, F. Rosen",Journal of Biological Chemistry,1972-01-10,38,"Connectomics, Graph Models, and Brain Networks",brain-structure;connectome,10.1016/s0021-9258(19)45760-8,3c2b1a4e84ca14a79690b168a165106ec2401a47,https://doi.org/10.1016/s0021-9258(19)45760-8,JournalArticle,unknown,2,cerebral; cortex,Abstract A simple cell-free system was developed for studying specific binding components for glucocorticoids in normal as well as neoplastic tissues of the mouse.
1972,QUANTITATIVE DETERMINATION OF DNA IN PRESERVED BRAINS AND BRAIN SECTIONS 1,"S. Zamenhof, L. Grauel, E. Marthens, R. Stillinger",Journal of Neurochemistry,1972-01-01,38,General Brain-AI Structure Reviews and Methods,brain-structure,10.1111/j.1471-4159.1972.tb01253.x,64df621bac532877176fcec06b1f4086303cd05a,https://doi.org/10.1111/j.1471-4159.1972.tb01253.x,JournalArticle,unknown,4,brain; brain/neural structure in title,
1972,Regional effects of L-dihydroxyphenylalanine (L-dopa) on norepinephrine metabolism in rat brain.,"J. A. Romero, J. Chalmers, K. Cottman, L. D. Lytle, R. Wurtman",Journal of Pharmacology and Experimental Therapeutics,1972-02-01,38,General Brain-AI Structure Reviews and Methods,brain-structure,10.1016/s0022-3565(25)29111-x,120ac75e06c6360ff3600d92fc3d9149de460f3a,https://doi.org/10.1016/s0022-3565(25)29111-x,JournalArticle,unknown,8,brain; thalamus; hypothalamus; cerebellum; brainstem; brain/neural structure in title,"After 10 daily doses of L-dihydroxyphenylalanine (L-dopa) (100 mg/kg i.p.), rats received intracisternal tritiated norepinephrine ( 3 H-NE) and a final dose of L-dopa five minutes later."
1972,Role of brain norepinephrine and serotonin in the tonic and phasic regulation of hypothalamic hypophyseal adrenal axis.,"U. Scapagnini, P. Preziosi",Archives internationales de pharmacodynamie et de therapie,1972-04-01,38,General Brain-AI Structure Reviews and Methods,brain-structure,,00a91d7ad16d91ad96d1ffac87aef537ef3167b7,https://www.semanticscholar.org/paper/00a91d7ad16d91ad96d1ffac87aef537ef3167b7,Review; JournalArticle,unknown,4,brain; brain/neural structure in title,
1972,The relationship between glycolytic and mitochondrial enzymes in the developing rat brain 1,John Eric Wilson,Unknown venue,1972-01-01,38,General Brain-AI Structure Reviews and Methods,brain-structure,10.1111/j.1471-4159.1972.tb01271.x,b7135b1c2623c6a6a88dca570972063ed2550bd2,https://doi.org/10.1111/j.1471-4159.1972.tb01271.x,paper,unknown,4,brain; brain/neural structure in title,
1972,Transport systems for GABA and for other amino acids in incubated chick brain tissue during development.,G. Levi,Archives of Biochemistry and Biophysics,1972-07-01,38,General Brain-AI Structure Reviews and Methods,brain-structure,10.1016/0003-9861(72)90466-3,451d91a63acf9e0d89f2a39fc6d11cbbb3577763,https://doi.org/10.1016/0003-9861(72)90466-3,JournalArticle,unknown,4,brain; brain/neural structure in title,
1972,An auditory test for assessing brain stem integrity: Preliminary report,"B. B. Smith, D. Resnick",The Laryngoscope,1972-03-01,37,General Brain-AI Structure Reviews and Methods,brain-structure,10.1288/00005537-197203000-00009,c73701dd0895e3c5d9ba6c4406130d4df21b2114,https://doi.org/10.1288/00005537-197203000-00009,JournalArticle,unknown,4,brain; brain/neural structure in title,
1972,Autoradiographic Distribution of Volatile Anesthetics within the Brain,"E. N. Cohen, K. Chow, L. Mathers",Anesthesiology,1972-09-01,37,"Connectomics, Graph Models, and Brain Networks",brain-structure;connectome,10.1097/00000542-197209000-00008,cf0716739a6c18675fe384550bff65ab0a4faa7b,https://doi.org/10.1097/00000542-197209000-00008,JournalArticle,unknown,4,brain; brain/neural structure in title,
1972,Brain growth in mice selected for high and low brain weight.,"J. Fuller, H. D. Geils",Developmental Psychobiology,1972,37,General Brain-AI Structure Reviews and Methods,brain-structure,10.1002/DEV.420050404,8c1ca6105adcf8e9bd9c1b536f9e6651c061add1,https://doi.org/10.1002/DEV.420050404,JournalArticle; Study,unknown,4,brain; brain/neural structure in title,
1972,Brain swelling due to experimental cerebral infarction. Changes in vasomotor capacitance and effects of intravenous glycerol.,"J. Meyer, T. Teraura, P. Marx, K. Hashi, K. Sakamoto",Brain : a journal of neurology,1972,37,General Brain-AI Structure Reviews and Methods,brain-structure,10.1093/BRAIN/95.4.833,bdaf77279a5973593a4e1236c3e2549dd4bf9221,https://doi.org/10.1093/BRAIN/95.4.833,JournalArticle,unknown,5,brain; cerebral; brain/neural structure in title,
1972,"Cerebral and coronary vascular effects of a symmetrical N,N'-disubstituted hexahydrodiazepine.","J. Buyniski, M. Losada, M. Bierwagen, R. Gardier",Journal of Pharmacology and Experimental Therapeutics,1972-06-01,37,General Brain-AI Structure Reviews and Methods,brain-structure,10.1016/s0022-3565(25)29234-5,b7b366a9dd63db8a9a8ed0d6d4377f29a59a9278,https://doi.org/10.1016/s0022-3565(25)29234-5,JournalArticle,unknown,2,brain; cerebral,"The vasodilatory effect of N, N9-bis[39-(399, 499, 599-trimethoxybenzoyloxy)-propyl] hexa-hydro-1,4-diazepine (a tertiary diamine) was studied on the cerebral and coronary vasculature of anesthetized dogs during measurement of blood flow and perfusion pres sure."
1972,Effects of X-irradiation on the content of amino acids in the developing rat cerebellum 1,"T. Valcana, D. Hudson, P. Timiras",Journal of Neurochemistry,1972-09-01,37,General Brain-AI Structure Reviews and Methods,brain-structure,10.1111/j.1471-4159.1972.tb05133.x,a15d677af998e56aaef896027765599b60d1634b,https://doi.org/10.1111/j.1471-4159.1972.tb05133.x,JournalArticle,unknown,2,brain; cerebellum,
1972,Noradrenaline Nerve Terminals in Human Cerebral Cortices: First Histochemical Evidence,"Bo Nystr�m, L. Olson, U. Ungerstedt",Science,1972-05-26,37,General Brain-AI Structure Reviews and Methods,brain-structure,10.1126/science.176.4037.924,3f432956c7ddb6448be9dffbfa175a254d4b4410,https://doi.org/10.1126/science.176.4037.924,JournalArticle,unknown,2,brain; cerebral,
1972,Pathological changes in the brain associated with fits in dogs,A. Palmer,The Veterinary Record,1972-02-12,37,General Brain-AI Structure Reviews and Methods,brain-structure,10.1136/VR.90.7.167,8e8e1e8ce5d4c29d6354d498926317b0ba0d24cb,https://doi.org/10.1136/VR.90.7.167,JournalArticle,unknown,4,brain; brain/neural structure in title,
1972,Regional cerebral blood flow and intraventricular pressure in acute brain injuries.,"C. Fieschi, A. Beduschi, A. Agnoli, N. Battistini, M. Collice, M. Prencipe, et al.",European Neurology,1972,37,General Brain-AI Structure Reviews and Methods,brain-structure,10.1159/000114577,abdc9a7da9ec2bbed1e1076e2bfc7093faee5e99,https://doi.org/10.1159/000114577,JournalArticle,unknown,5,brain; cerebral; brain/neural structure in title,
1972,"Serum tryptophan decreased, brain tryptophan increased and brain serotonin synthesis unchanged after probenecid loading.","J. Korf, H. V. van Praag, J. B. Sebens",Brain Research,1972-07-13,37,General Brain-AI Structure Reviews and Methods,brain-structure,10.1016/0006-8993(72)90062-5,bbdd0b1f7227a2ac3c425cd4978b083feab76b3d,https://doi.org/10.1016/0006-8993(72)90062-5,JournalArticle,unknown,4,brain; brain/neural structure in title,
1972,The elderly brain. A quantitative analysis in the cerebral cortex of two cases.,Colon Ej,Unknown venue,1972-07-01,37,General Brain-AI Structure Reviews and Methods,brain-structure,,45b2b791cfc11d2bc73eea7aa11bd5805a93b6b1,https://www.semanticscholar.org/paper/45b2b791cfc11d2bc73eea7aa11bd5805a93b6b1,paper,unknown,6,brain; cerebral; cortex; brain/neural structure in title,
1972,THIAMINE IN NEURAL MEMBRANES ENZYMIC HYDROLYSIS OF THIAMINE DIPHBSPHATE,"R. Barchi, P. E. Braun",Journal of Neurochemistry,1972-04-01,37,General Brain-AI Structure Reviews and Methods,,10.1111/j.1471-4159.1972.tb01424.x,0f58957ca44da1cdefed71948568fb3f50f691d4,https://doi.org/10.1111/j.1471-4159.1972.tb01424.x,JournalArticle,unknown,5,brain; neural; brain/neural structure in title,
1972,Uptake of ( 3 H)thymidine by corpus callosum cells in rats following a stab wound of the brain.,Shiro Mori,Brain Research,1972-11-13,37,"Cellular, Synaptic, and Neuromorphic Foundations",brain-structure,10.1016/0006-8993(72)90014-5,e9f2782c8a78fe6f7b6a1fc798e2fc4b9bfaf6d0,https://doi.org/10.1016/0006-8993(72)90014-5,JournalArticle,unknown,4,brain; brain/neural structure in title,
1972,Effects of some anticholinergic drugs on cortical acetylcholine release and motor activity in rats.,"S. Aquilonius, B. Lundholm, B. Winbladh",European Journal of Pharmacology,1972-11-01,35,General Brain-AI Structure Reviews and Methods,brain-structure,10.1016/0014-2999(72)90152-5,6ef8508b34cf49b05c80b666e7a0ff58d75c0707,https://doi.org/10.1016/0014-2999(72)90152-5,JournalArticle,unknown,2,brain; cortical,
1972,"SYNTHESIS OF GLYCOPROTEINS IN BRAIN: IDENTIFICATION, PURIFICATION AND PROPERTIES OF GLYCOSYL TRANSFERASES FROM PURIFIED SYNAPTOSOMES OF GUINEA PIG CEREBRAL CORTEX",H. Bosmann,Journal of Neurochemistry,1972-03-01,34,General Brain-AI Structure Reviews and Methods,brain-structure,10.1111/J.1471-4159.1972.TB01391.X,58e00b2d6063ddca84b6abcc4c8d9feaedbc61cc,https://doi.org/10.1111/J.1471-4159.1972.TB01391.X,JournalArticle,unknown,6,brain; cerebral; cortex; brain/neural structure in title,
1972,An ultrastructural and radioautographic study of the migrating neuroblast in hamster neocortex.,"A. Butler, D. Caley",Brain Research,1972-09-15,33,"Connectomics, Graph Models, and Brain Networks",brain-structure;connectome,10.1016/0006-8993(72)90368-X,8912dca681b448a3f28869377ba58602c0b9defd,https://doi.org/10.1016/0006-8993(72)90368-X,JournalArticle,unknown,5,brain; cortex; brain/neural structure in title,
1972,Mechanism of noradrenaline action in cat cerebral cortex.,"N. Lake, L. M. Jordan, J. Phillis",Nature: New biology,1972-12-20,33,General Brain-AI Structure Reviews and Methods,brain-structure,10.1038/NEWBIO240249A0,e4b7b29047186e85d025ab41b2c8f867858207af,https://doi.org/10.1038/NEWBIO240249A0,JournalArticle,unknown,6,brain; cerebral; cortex; brain/neural structure in title,
1972,Sociogenic Brain Damage,A. Montagu,Unknown venue,1972-10-01,33,General Brain-AI Structure Reviews and Methods,brain-structure,10.1525/AA.1972.74.5.02A00010,d09e1fe6c68eb181e9249e42856984ed245951fb,https://doi.org/10.1525/AA.1972.74.5.02A00010,paper,unknown,4,brain; brain/neural structure in title,
1972,THE HIPPOCAMPUS AND SEPTAL AREA AS PRIMARY TARGET SITES FOR CORTICOSTERONE 1,H. Knizley,Journal of Neurochemistry,1972-12-01,33,General Brain-AI Structure Reviews and Methods,brain-structure,10.1111/j.1471-4159.1972.tb03811.x,a063841a9b8fe40c9eae82c6c60655764f868384,https://doi.org/10.1111/j.1471-4159.1972.tb03811.x,JournalArticle,unknown,1,hippocampus,
1972,A reappraisal of the actions of noradrenaline and 5-hydroxytryptamine on cerebral cortical neurons.,"R. Frederickson, L. M. Jordan, J. Phillis",Comparative and General Pharmacology,1972-12-01,32,"Cellular, Synaptic, and Neuromorphic Foundations",brain-structure,10.1016/0010-4035(72)90058-4,9244e27bbadf6f28131ca3d9e74eeb13aa62d7bd,https://doi.org/10.1016/0010-4035(72)90058-4,JournalArticle,unknown,3,cerebral; cortical; neuron,
1972,REGIONAL RELEASE OF AROMATIC AMINES FROM TISSUES OF THE RAT BRAIN IN YITRO 1,"Ross J. Baldessarini, M. Vogt",Journal of Neurochemistry,1972-03-01,32,General Brain-AI Structure Reviews and Methods,brain-structure,10.1111/j.1471-4159.1972.tb01390.x,6161e543ba3551819f42260b0d540a7808807b4f,https://doi.org/10.1111/j.1471-4159.1972.tb01390.x,JournalArticle,unknown,4,brain; brain/neural structure in title,
1972,Choline metabolism in the cerebral cortex of guinea pigs. Phosphorylcholine and lipid choline.,"M. Dowdall, L. A. Barker, V. P. Whittaker",Biochemical Journal,1972-12-01,31,General Brain-AI Structure Reviews and Methods,brain-structure,10.1042/BJ1301081,539403268559e7751872dda533cef0326b3ee328,https://doi.org/10.1042/BJ1301081,JournalArticle,unknown,6,brain; cerebral; cortex; brain/neural structure in title,
1972,Effects of various psychotomimetic agents on the EEG and acetylcholine release from the cerebral cortex of brainstem transected cats.,"E. Domino, A. Bartolini",Neuropharmacology,1972-09-01,30,"Electrophysiology, Neural Signals, and AI Decoding",brain-structure;neural-signals,10.1016/0028-3908(72)90079-2,92fdcec5d4ea1ee300321f3c7db50459a19faaec,https://doi.org/10.1016/0028-3908(72)90079-2,JournalArticle,unknown,9,brain; cerebral; cortex; brainstem; eeg; meg; brain/neural structure in title,
1972,Purification and properties of cyclic AMP phosphodiesterase from rat brain.,"N. Miki, H. Yoshida",Biochimica et Biophysica Acta,1972-04-07,30,General Brain-AI Structure Reviews and Methods,brain-structure,10.1016/0005-2744(72)90210-0,3d1ac03594f80f2aad57b478e8f3811c115ee23e,https://doi.org/10.1016/0005-2744(72)90210-0,JournalArticle,unknown,4,brain; brain/neural structure in title,
1972,Synthesis of a brain-specific protein (S100 protein) in a homologous cell-free system programmed with cerebral polysomal messenger RNA.,"C. Zomzely-Neurath, C. York, B. Moore",Proceedings of the National Academy of Sciences of the United States of America,1972-08-01,30,"Cellular, Synaptic, and Neuromorphic Foundations",brain-structure,10.1073/PNAS.69.8.2326,8bf98725aff4c9e2d007aee1d510c10024a7f1c3,https://doi.org/10.1073/PNAS.69.8.2326,JournalArticle,unknown,5,brain; cerebral; brain/neural structure in title,
1972,FREE AMINO ACIDS AND RELATED COMPOUNDS IN FIVE REGIONS OF BIOPSIED CAT BRAIN,"T. Perry, H. D. Sanders, S. Hansen, D. Lesk, M. Kloster, Linda Gravlin",Journal of Neurochemistry,1972-11-01,29,General Brain-AI Structure Reviews and Methods,brain-structure,10.1111/j.1471-4159.1972.tb01324.x,47eec4ac21a9edbad352e0dc0dcaf0b7c0e9727b,https://doi.org/10.1111/j.1471-4159.1972.tb01324.x,JournalArticle,unknown,4,brain; brain/neural structure in title,
1972,Serologic specificities of brain subcellular organelles. I. Antisera to synaptosomal fractions.,"H. Herschman, C. Cotman, D. A. Matthews",Journal of Immunology,1972-05-01,29,"Cellular, Synaptic, and Neuromorphic Foundations",brain-structure,,e73d938a6d88d2015747ac132698b90fab7b2af1,https://www.semanticscholar.org/paper/e73d938a6d88d2015747ac132698b90fab7b2af1,JournalArticle,unknown,4,brain; brain/neural structure in title,
1972,Subcellular distribution of proteins synthesized in slices of rat cerebral cortex.,"F. P. White, W. Mcbride, H. Mahler, W. Moore",Journal of Biological Chemistry,1972-02-25,29,"Cellular, Synaptic, and Neuromorphic Foundations",brain-structure,10.1016/s0021-9258(19)45640-8,10e0bbeecc55cd4ade9519c38f342744103d0dc1,https://doi.org/10.1016/s0021-9258(19)45640-8,JournalArticle,unknown,6,cerebral; cortex; neuron; brain/neural structure in title,"Abstract The incorporation of l-[4,5-3H]leucine into slices of rat cerebral cortex has been measured, with emphasis on the time course of the distribution of label in subcellular fractions prepared by zonal isopycnic centrifugation in continuous sucrose gradients."
1972,Sympathetic neural influence on norepinephrine vasoconstriction in brain vessels.,"L. Edvinsson, K. Nielsen, C. Owman, K. West",Archives of Neurology,1972-12-01,29,General Brain-AI Structure Reviews and Methods,brain-structure,10.1001/ARCHNEUR.1972.00490180028007,852c71b10cfbb1770bcc3c8e6a0f8636021f1d6a,https://doi.org/10.1001/ARCHNEUR.1972.00490180028007,JournalArticle,unknown,5,brain; neural; brain/neural structure in title,
1972,The elderly brain. A quantitative analysis in the cerebral cortex of two cases.,E. Colon,"Psychiatria, neurologia, neurochirurgia",1972,29,General Brain-AI Structure Reviews and Methods,brain-structure,,76c0e667cd0ec2c6a5f7d2b40550cfe06e019fcc,https://www.semanticscholar.org/paper/76c0e667cd0ec2c6a5f7d2b40550cfe06e019fcc,JournalArticle,unknown,6,brain; cerebral; cortex; brain/neural structure in title,
1972,A solution to the problem of cerebral cortical localization of taste in the cat.,"M. Ruderman, A. Morrison, P. Hand",Experimental Neurology,1972-12-01,28,General Brain-AI Structure Reviews and Methods,brain-structure,10.1016/0014-4886(72)90096-9,1dd24a79b6015655824f23cb2cc41b2440db612d,https://doi.org/10.1016/0014-4886(72)90096-9,JournalArticle,unknown,2,cerebral; cortical,
1972,Light and electron microscopic features and frequencies of the glial cells present in the cerebral cortex of the rat brain.,Shiro Mori,Archivum histologicum Japonicum = Nihon soshikigaku kiroku,1972-05-01,28,"Cellular, Synaptic, and Neuromorphic Foundations",brain-structure,10.1679/AOHC1950.34.231,471a282214242ca06ebf2e67ef42c1c3ae979dd2,https://doi.org/10.1679/AOHC1950.34.231,JournalArticle,unknown,6,brain; cerebral; cortex; brain/neural structure in title,
1972,SUBCELLULAR DISTRIBUTION OF PYRUVATE KINASE (EC 2.7.1.40) IN CEREBRAL CORTEX,"H. Tamir, H. Kaufman, M. Rapport",Journal of Neurochemistry,1972-07-01,28,"Cellular, Synaptic, and Neuromorphic Foundations",brain-structure,10.1111/j.1471-4159.1972.tb06220.x,d67ba35dc7f2ff63c1e3685277203307f93666c5,https://doi.org/10.1111/j.1471-4159.1972.tb06220.x,JournalArticle,unknown,6,brain; cerebral; cortex; brain/neural structure in title,
1972,Antagonism of GABA by picrotoxin in the feline cerebral cortex,"R. G. Hill, Michael A. Simmonds, D. Straughan",British Journal of Pharmacology,1972-04-01,27,General Brain-AI Structure Reviews and Methods,brain-structure,10.1111/j.1476-5381.1972.tb07319.x,3c39b2791c38623a3d77dbab04f6ce734f46c2ab,https://doi.org/10.1111/j.1476-5381.1972.tb07319.x,JournalArticle,unknown,6,brain; cerebral; cortex; brain/neural structure in title,
1972,The effects of prostaglandins on cyclic-AMP formation in cerebral cortex of different mammalian species,"F. Berti, M. Trabucchi, V. Bernareggi, R. Fumagalli",Unknown venue,1972-09-01,27,General Brain-AI Structure Reviews and Methods,brain-structure,10.1016/0031-6989(72)90012-4,0d9889f9f6492480186574138ca820af92dbd3ee,https://doi.org/10.1016/0031-6989(72)90012-4,paper,unknown,6,brain; cerebral; cortex; brain/neural structure in title,
1972,THE HYALURONIDASE OF BRAIN,"R. U. Margolis, R. Margolis, R. Santella, D. M. Atherton",Journal of Neurochemistry,1972-10-01,27,General Brain-AI Structure Reviews and Methods,brain-structure,10.1111/j.1471-4159.1972.tb01286.x,70acb041ee9f756734609de8b87c196665731e97,https://doi.org/10.1111/j.1471-4159.1972.tb01286.x,JournalArticle,unknown,4,brain; brain/neural structure in title,
1972,"Effect of etorphine, morphine and diprenorphine on neurones of the cerebral cortex and spinal cord of the rat","T. Biscoe, A. W. Duggan, D. Lodge",British Journal of Pharmacology,1972-10-01,26,"Cellular, Synaptic, and Neuromorphic Foundations",brain-structure,10.1111/j.1476-5381.1972.tb06865.x,681a2f9d858346f53b99fe20895e6ad39f5ecded,https://doi.org/10.1111/j.1476-5381.1972.tb06865.x,JournalArticle,unknown,6,cerebral; cortex; neuron; brain/neural structure in title,
1972,Excitatory action of dibutyryl cyclic adenosine monophosphate on immature cerebral cortex.,"D. Purpura, R. Shofer",Brain Research,1972-03-10,26,General Brain-AI Structure Reviews and Methods,brain-structure,10.1016/0006-8993(72)90599-9,33b766ee813b184baac3e278e4c64887cfcb7374,https://doi.org/10.1016/0006-8993(72)90599-9,JournalArticle,unknown,6,brain; cerebral; cortex; brain/neural structure in title,
1972,Excitatory and inhibitory influences of thalamic stimulation on pyramidal tract neurons.,"K. Sasaki, S. Prelević",Experimental Neurology,1972-08-01,26,"Cellular, Synaptic, and Neuromorphic Foundations",,10.1016/0014-4886(72)90027-1,da0d6ab4c1767f9e2044343cb906460a9ded9c2f,https://doi.org/10.1016/0014-4886(72)90027-1,JournalArticle,unknown,1,neuron,
1972,"Uptake of (1,2- 3 H)20 -hydroxypregn-4-en-3-one, (1,2- 3 H)corticosterone, and (6,7- 3 H)estradiol-17 by guinea pig brain and uterus: comparison with uptake of (1,2- 3 H)progesterone.","G. Wade, H. Feder",Brain Research,1972-10-27,26,General Brain-AI Structure Reviews and Methods,brain-structure,10.1016/0006-8993(72)90481-7,aa33a1891f13470fd5c03923d603e72a63837df0,https://doi.org/10.1016/0006-8993(72)90481-7,JournalArticle,unknown,4,brain; brain/neural structure in title,
1972,A case of Wilson's disease with enormous cavity formation of cerebral white matter,"H. Ishino, T. Mii, Y. Hayashi, A. Saito, S. Otsuki",Neurology,1972-09-01,25,General Brain-AI Structure Reviews and Methods,brain-structure,10.1212/WNL.22.9.905,b3eec975cf2386801e33aade7f78cd2588896eac,https://doi.org/10.1212/WNL.22.9.905,JournalArticle,unknown,1,cerebral,
1972,Projection of forelimb group I muscle afferents to the cat cerebral cortex.,I. Rosén,International review of neurobiology,1972,25,General Brain-AI Structure Reviews and Methods,brain-structure,10.1016/S0074-7742(08)60327-X,3d0a601383d742be5d3f56ed9727015922adad63,https://doi.org/10.1016/S0074-7742(08)60327-X,Review; JournalArticle,unknown,6,brain; cerebral; cortex; brain/neural structure in title,
1972,Acetylcholine stimulation on phosphatidylinositol-inositol phosphohydrolase of rat brain cortex,"Olga Canessa Scarnati, G. Arnaiz",Unknown venue,1972-06-19,24,General Brain-AI Structure Reviews and Methods,brain-structure,10.1016/0005-2760(72)90233-0,ec301bf17941072a37bfe4421da0009ddd81b13b,https://doi.org/10.1016/0005-2760(72)90233-0,paper,unknown,5,brain; cortex; brain/neural structure in title,
1972,Effect of stimulation on the number of synaptic vesicles in nerve fibres and terminals of the cerebral cortex in the cat.,"O. Fehér, F. Joó, N. Hálasz",Brain Research,1972-11-27,24,"Cellular, Synaptic, and Neuromorphic Foundations",brain-structure,10.1016/0006-8993(72)90249-1,a7bfb223ea9c901a3c73122307eba2c2eb0b94af,https://doi.org/10.1016/0006-8993(72)90249-1,JournalArticle,unknown,5,cerebral; cortex; brain/neural structure in title,
1972,Free and membrane-bound ribosomes of rat cerebral cortex. Metabolism of ribosomal and messenger ribonucleic acid.,M. Murthy,Journal of Biological Chemistry,1972-03-25,23,"Electrophysiology, Neural Signals, and AI Decoding",brain-structure,10.1016/s0021-9258(19)45561-0,0db255e768fdd9935f4ab079dd0e2198e71d7439,https://doi.org/10.1016/s0021-9258(19)45561-0,JournalArticle,unknown,7,cerebral; cortex; eeg; meg; brain/neural structure in title,Abstract Free and membrane-bound ribosomes were isolated from cerebral cortex of young rats at various times after they received simultaneous intracerebral injections of [14C]uridine and [methyl-3H]methionine.
1972,Histochemical studies in the zone of ischemia following middle cerebral artery occlusion in cats.,"V. Macdonald, T. Sundt, R. Winkelmann",Journal of Neurosurgery,1972-07-01,23,General Brain-AI Structure Reviews and Methods,brain-structure,10.3171/JNS.1972.37.1.0045,9aa754fcd31f4104bb258c964db307592d5b458e,https://doi.org/10.3171/JNS.1972.37.1.0045,JournalArticle,unknown,2,brain; cerebral,
1972,Labelling of cholinergic receptors in subcellular fractions from rat cerebral cortex.,"C. Hiley, J. Young, A. Burgen",Biochemical Journal,1972-05-01,23,"Cellular, Synaptic, and Neuromorphic Foundations",brain-structure,10.1042/BJ1270086PA,ee4aa64e8d4bfc83d100cd690972ae27a0effd4f,https://doi.org/10.1042/BJ1270086PA,JournalArticle,unknown,6,brain; cerebral; cortex; brain/neural structure in title,
1972,Maturation-dependent events related to DNA-dependent RNA synthesis in intact mouse brain nuclei.,"S. Banks, T. Johnson",Brain Research,1972-06-08,23,General Brain-AI Structure Reviews and Methods,brain-structure,10.1016/0006-8993(72)90623-3,4544b2174c0dd137b63d02c162f008fc9cff813f,https://doi.org/10.1016/0006-8993(72)90623-3,JournalArticle,unknown,4,brain; brain/neural structure in title,
1972,THE EARLY POST-NATAL DEVELOPMENT OF THE NEURONAL LYSOSOME 1,"V. Idoyaga-Vargas, J. Santiago, P. Petiet, O. Z. Sellinger",Journal of Neurochemistry,1972-11-01,23,"Cellular, Synaptic, and Neuromorphic Foundations",,10.1111/j.1471-4159.1972.tb01312.x,7bc64b95b2931b97194438bfcc357bbf28501919,https://doi.org/10.1111/j.1471-4159.1972.tb01312.x,JournalArticle,unknown,1,neuron,
1972,Cerebral cortical metabolism after chronic exposure to ozone.,"Eberhard G. Trams, C. Lauter, Elise Ann Brandenburger Brown, O. Young",Archives of Environmental Health An International Journal,1972-03-01,22,General Brain-AI Structure Reviews and Methods,brain-structure,10.1080/00039896.1972.10666065,ff5b11b573970bd72c9b972ec7102a0e4aa266ab,https://doi.org/10.1080/00039896.1972.10666065,JournalArticle; Review,unknown,3,brain; cerebral; cortical,
1972,Cortical responses to pyramidal tract stimulation in the rat.,T. Stone,Experimental Neurology,1972-06-01,22,General Brain-AI Structure Reviews and Methods,brain-structure,10.1016/0014-4886(72)90119-7,6f9ec5a1a8f58d6b7a6d91dd0c768b3a1c0a6a16,https://doi.org/10.1016/0014-4886(72)90119-7,JournalArticle,unknown,1,cortical,
1972,Effect of p-chlorophenylalanine on hydroxylation of tryptophan in pineal and brain of rats.,"Takeo Deguchi, Jack D. Barchas",Molecular Pharmacology,1972-11-01,22,General Brain-AI Structure Reviews and Methods,brain-structure,10.1016/s0026-895x(25)12809-5,45249edd74e99875c6ad9e54fd3c524191155d36,https://doi.org/10.1016/s0026-895x(25)12809-5,JournalArticle,unknown,6,brain; cerebral; cortex; brain/neural structure in title,"Tryptophan hydroxylase activity was measured in vitro in the pineal gland, brain stem, and cerebral cortex of rats after treatment with p-chlorophenylalanine."
1972,Effects of tetrodotoxin and anaesthetics on brain metabolism and transport during anoxia.,"R. Shankar, J. H. Quastel",Biochemical Journal,1972-02-01,22,General Brain-AI Structure Reviews and Methods,brain-structure,10.1042/BJ1260851,25b247e829bf11f91c9c0eea699a1a4198182aba,https://doi.org/10.1042/BJ1260851,JournalArticle,unknown,4,brain; brain/neural structure in title,
1972,ELECTROENCEPHALOGRAPHIC AND HISTOPATHOLOGICAL CHANGES RESEMBLING JAKOBCREUTZFELDT DISEASE AFTER TRANSIENT CEREBRAL ISCHEMIA DUE TO CARDIAC ARREST,"B. Nilsson, Y. Olsson, P. Sourander",Acta Neurologica Scandinavica,1972-09-01,22,"Connectomics, Graph Models, and Brain Networks",brain-structure;connectome;neural-signals,10.1111/j.1600-0404.1972.tb07563.x,db2603d228d203572415d214c27a99a95ed7639e,https://doi.org/10.1111/j.1600-0404.1972.tb07563.x,JournalArticle,unknown,3,cerebral; eeg; meg,
1972,ON THE PHOSPHOLIPASE A2 ACTIVITY OF HUMAN CEREBRAL CORTEX,"M. Cooper, G. Webster",Unknown venue,1972-02-01,22,General Brain-AI Structure Reviews and Methods,brain-structure,10.1111/j.1471-4159.1972.tb01343.x,19af614131f10c025b615d27ee236e6668ae19c1,https://doi.org/10.1111/j.1471-4159.1972.tb01343.x,paper,unknown,6,brain; cerebral; cortex; brain/neural structure in title,
1972,Phospholipid labelling by [32P]-orthophosphate and [3H]-myo-inositol in the stimulated goldfish brain in vivo 1,"J. Schacht, B. Agranoff",Journal of Neurochemistry,1972-05-01,22,General Brain-AI Structure Reviews and Methods,brain-structure,10.1111/j.1471-4159.1972.tb01470.x,6d2bc72a065dcbb52e75c2d92e99e4ed919b6870,https://doi.org/10.1111/j.1471-4159.1972.tb01470.x,JournalArticle,unknown,4,brain; brain/neural structure in title,
1972,"Brain protein metabolism and environmental stimulation, effects of forced exercise.",B. Tiplady,Brain Research,1972-08-11,21,General Brain-AI Structure Reviews and Methods,brain-structure,10.1016/0006-8993(72)90285-5,1fc8d5e4a661de27fc82d969d28ce529c6f203a2,https://doi.org/10.1016/0006-8993(72)90285-5,JournalArticle,unknown,4,brain; brain/neural structure in title,
1972,"Dieldrin toxicosis: fetotoxicosis, tissue concentrations, and microscopic and ultrastructural changes in guinea pigs.","Mba Uzoukwu, Stuart D. Sleight",American Journal of Veterinary Research,1972-03-01,21,"Cellular, Synaptic, and Neuromorphic Foundations",brain-structure,10.2460/ajvr.1972.33.03.579,e4e7390baa3079ba7465c4a0e08aadbd667b10cd,https://doi.org/10.2460/ajvr.1972.33.03.579,JournalArticle,unknown,4,brain; cerebral; cortex; cerebellum,A total of 108 guinea pigs was used to assess the toxicity of dieldrin alone or in combination with sodium nitrite in pregnant and nonpregnant females and in males.
1972,"Norepinephrine concentration in the hypothalamus, amygdala, hippocampus, and cerebral cortex during postnatal development and vaginal opening.","R. Weiner, W. Ganong",Neuroendocrinology,1972,21,General Brain-AI Structure Reviews and Methods,brain-structure,10.1159/000122038,457778dca1e31f8a1e4c3fe1980baea46fbacd83,https://doi.org/10.1159/000122038,JournalArticle,unknown,9,cerebral; cortex; hippocampus; amygdala; thalamus; hypothalamus; brain/neural structure in title,
1972,Responses of neurones in the cat's visual cerebral cortex to relative movement of patterns,"B. Burns, U. Gassanov, A. C. Webb",Journal of Physiology,1972-10-01,21,"Cellular, Synaptic, and Neuromorphic Foundations",brain-structure,10.1113/jphysiol.1972.sp009977,4e7c25994fd5c4572cf92dbc60bfb4ed3cd1eac0,https://doi.org/10.1113/jphysiol.1972.sp009977,JournalArticle,unknown,6,cerebral; cortex; neuron; brain/neural structure in title,
1972,Synapses and malnutrition. Morphological and biochemical study of synaptosomal fractions from rat cerebral cortex.,"P. Gambetti, L. Autilio-Gambetti, N. Gonatas, B. Shafer, A. Stieber",Brain Research,1972-12-12,21,"Cellular, Synaptic, and Neuromorphic Foundations",brain-structure,10.1016/0006-8993(72)90654-3,533eb3006df2cb8dddcfb3f86aeb9c552b5b0b56,https://doi.org/10.1016/0006-8993(72)90654-3,JournalArticle,unknown,6,cerebral; cortex; synapse; brain/neural structure in title,
1972,"The Influence of Dexamethasone on Water Content, Electrolytes, Blood-Brain Barrier and Glucose Metabolism in Cold Injury Edema","Herrmann Hd, D. Neuenfeldt, J. Dittmann, H. Palleske",Unknown venue,1972,21,General Brain-AI Structure Reviews and Methods,brain-structure,10.1007/978-3-642-65448-0_8,f87161994bb7807d3136b81a425268d81dd16ec8,https://doi.org/10.1007/978-3-642-65448-0_8,paper,unknown,4,brain; brain/neural structure in title,
1972,CONTROL OF AEROBIC GLYCOLYSIS IN GUINEA-PIG CEREBRAL CORTEX SLICES,G. Takagaki,Journal of Neurochemistry,1972-07-01,20,General Brain-AI Structure Reviews and Methods,brain-structure,10.1111/j.1471-4159.1972.tb06218.x,d5552c89d1108826271b7523ca6bd049890b4a5e,https://doi.org/10.1111/j.1471-4159.1972.tb06218.x,JournalArticle,unknown,6,brain; cerebral; cortex; brain/neural structure in title,
1972,Developmental changes in aminoacylation of mouse brain tRNa.,"L. Chou, T. Johnson",Biochemical and Biophysical Research Communications - BBRC,1972-05-26,20,General Brain-AI Structure Reviews and Methods,brain-structure,10.1016/0006-291X(72)90567-0,e1924367dc9d8c1836b8b4cf99b397651a6e5e9d,https://doi.org/10.1016/0006-291X(72)90567-0,JournalArticle,unknown,4,brain; brain/neural structure in title,
1972,Inducing Cortical Spreading Depression,"J. Bureš, O. Burešová",Unknown venue,1972,20,General Brain-AI Structure Reviews and Methods,brain-structure,10.1016/B978-0-12-512302-0.50016-X,309182b1b405890c9c4110c2143bf842ea3b1cd3,https://doi.org/10.1016/B978-0-12-512302-0.50016-X,paper,unknown,2,brain; cortical,
1972,METABOLISM OF ISOLATED RAT BRAIN PERFUSED WITH GLUCOSE OR MANNOSE AS SUBSTRATE 1,"A. Ghosh, B. Mukherji, H. Sloviter",Journal of Neurochemistry,1972-05-01,20,General Brain-AI Structure Reviews and Methods,brain-structure,10.1111/j.1471-4159.1972.tb01453.x,5b73a6c012663f08f89f9a6dd18fd6038902882b,https://doi.org/10.1111/j.1471-4159.1972.tb01453.x,JournalArticle,unknown,4,brain; brain/neural structure in title,
1972,Neurosecretory cells in the cerebral ganglion of adult tunicates: fine structure and distribution of phosphatases.,N. Lane,Journal of Ultrastructure Research,1972-09-01,20,"Cellular, Synaptic, and Neuromorphic Foundations",brain-structure,10.1016/S0022-5320(72)80037-6,82906775c6e0003fdf09f2a7a66b5bf6ba506bd9,https://doi.org/10.1016/S0022-5320(72)80037-6,JournalArticle,unknown,2,brain; cerebral,
1972,THE ABSENCE OF 'SURPLUS' ACETYLCHOLINE FORMATION IN PRISMS PREPARED FROM RAT CEREBRAL CORTEX,"P. Bourdois, J. Szerb",Journal of Neurochemistry,1972-04-01,20,General Brain-AI Structure Reviews and Methods,brain-structure,10.1111/j.1471-4159.1972.tb01439.x,aada2fd47153b1b440d762af4c2a02f994c58457,https://doi.org/10.1111/j.1471-4159.1972.tb01439.x,JournalArticle,unknown,6,brain; cerebral; cortex; brain/neural structure in title,
1972,"The composition of glycopeptides, derived from neural membranes, which affect neurite growth in vitro","G. Gombos, J.C. Hermetet, A. Reeber, J. Zanetta, J. Treska-Ciesielski",FEBS Letters,1972-08-15,20,General Brain-AI Structure Reviews and Methods,,10.1016/0014-5793(72)80365-X,9ea308f98d8fb2a0fb299a43bb28dc120463e055,https://doi.org/10.1016/0014-5793(72)80365-X,JournalArticle,unknown,5,brain; neural; brain/neural structure in title,
1972,"The Third Annual Carl G. Hartman Lecture. Brain, pituitary gland, and the ovarian cycle.",J. Everett,Biology of Reproduction,1972-02-01,20,General Brain-AI Structure Reviews and Methods,brain-structure,10.1093/BIOLREPROD/6.1.3,11770e47383ee058a2b468a562538a80fec5f3b6,https://doi.org/10.1093/BIOLREPROD/6.1.3,JournalArticle; Review,unknown,4,brain; brain/neural structure in title,
1972,"BRAIN PROTEINS: QUALITATIVE AND QUANTITATIVE CHANGES, SYNTHESIS AND DEGRADATION DURING FETAL DEVELOPMENT OF THE RABBIT","D. Cain, E. Ball, A. Dekaban",Journal of Neurochemistry,1972-09-01,19,General Brain-AI Structure Reviews and Methods,brain-structure,10.1111/j.1471-4159.1972.tb05113.x,eda8e8871c78d6f31a3f190245711de2bbd83b31,https://doi.org/10.1111/j.1471-4159.1972.tb05113.x,JournalArticle,unknown,4,brain; brain/neural structure in title,
1972,Cortical projections of ascending nonspecific systems.,"David S. Phillips, Duane Denney, Richard T. Robertson, L. H. Hicks, Richard F. Thompson",Physiology and Behavior,1972-02-01,19,"Cognitive Architectures, Learning, and Systems Neuroscience",brain-structure,10.1016/0031-9384(72)90372-1,c356f5e50244cb27412e043dc2867e2e134c2986,https://doi.org/10.1016/0031-9384(72)90372-1,JournalArticle,unknown,1,cortical,
1972,SODIUM AND THE FLUX OF CALCIUM IONS IN ELECTRICALLY-STIMULATED CEREBRAL TISSUE,"R. Bull, A. Trevor",Journal of Neurochemistry,1972-04-01,19,General Brain-AI Structure Reviews and Methods,brain-structure,10.1111/j.1471-4159.1972.tb01421.x,b8fc829450d733bb9a8613770d685ecd804857ec,https://doi.org/10.1111/j.1471-4159.1972.tb01421.x,JournalArticle,unknown,2,brain; cerebral,
1972,Stimulation of the production of unesterified fatty acids in nerve endings of guinea-pig brain in vitro by noradrenaline and 5-hydroxytryptamine.,"C. J. Price, C. E. Rowe",Biochemical Journal,1972-02-01,19,General Brain-AI Structure Reviews and Methods,brain-structure,10.1042/BJ1260575,8a3fa0850b2ff122b3f49a60352882c7177037b9,https://doi.org/10.1042/BJ1260575,JournalArticle,unknown,4,brain; brain/neural structure in title,
1972,Acute effect of neural deafferentation on timing of gonadotropin secretion before proestrus in the female rat.,"M. Kawakami, Ei Terasawa",Endocrinologia Japonica,1972-10-01,18,General Brain-AI Structure Reviews and Methods,,10.1507/ENDOCRJ1954.19.449,765c4509eb91ad4f147da646bf5e34f4fb4313a6,https://doi.org/10.1507/ENDOCRJ1954.19.449,JournalArticle,unknown,5,brain; neural; brain/neural structure in title,
1972,Brain stimulation and retrograde amnesia in rats: a neuroanatomical approach.,S. Zornetzer,Physiology and Behavior,1972-02-01,18,"Cognitive Architectures, Learning, and Systems Neuroscience",brain-structure,10.1016/0031-9384(72)90367-8,26967098272900db40e1691e2f41f127386123ef,https://doi.org/10.1016/0031-9384(72)90367-8,JournalArticle,unknown,4,brain; brain/neural structure in title,
1972,"rCBF, CMRO2 and Intracranial Pressures Following a Local Cold Injury of the Cortex","D. Bruce, M. Vapalahti, H. Schutz, T. Langfitt",Unknown venue,1972,18,General Brain-AI Structure Reviews and Methods,brain-structure,10.1007/978-3-642-65486-2_15,23e4ddb5daef96bf43d4af177976790467cce1cd,https://doi.org/10.1007/978-3-642-65486-2_15,paper,unknown,5,brain; cortex; brain/neural structure in title,
1972,Uptake of androgens by the brain of the neonatal female rat.,"A. Barnea, A. Weinstein, H. R. Lindner",Brain Research,1972-11-13,18,General Brain-AI Structure Reviews and Methods,brain-structure,10.1016/0006-8993(72)90029-7,96ca05d58e6235b0af99184147631e331e2eaa2d,https://doi.org/10.1016/0006-8993(72)90029-7,JournalArticle,unknown,4,brain; brain/neural structure in title,
1972,Calcium binding of isolated synaptic membranes from rat cerebral cortex.,"K. Saito, S. Uchida, H. Yoshida",Japanese Journal of Pharmacology,1972-12-01,17,"Cellular, Synaptic, and Neuromorphic Foundations",brain-structure,10.1254/JJP.22.787,0593b6eacac1dd1a591bcfb21c951168c3d48b43,https://doi.org/10.1254/JJP.22.787,JournalArticle,unknown,5,cerebral; cortex; brain/neural structure in title,
1972,CHEMISTRY AND METABOLISM OF GLYCOPEPTIDES DERIVED FROM BRAIN GLYCOPROTEINS,E. Brunngraber,Unknown venue,1972,17,General Brain-AI Structure Reviews and Methods,brain-structure,10.1007/978-1-4684-3216-9_2,ee4d72d08eacfe344ad2bc0339ffeefbddd37f96,https://doi.org/10.1007/978-1-4684-3216-9_2,Review,unknown,4,brain; brain/neural structure in title,
1972,Effects of Environmental Enrichment and Deprivation on Rat Frontal Cortex,"R. Walsh, R. A. Cummins, O. Budtz-olsen, Amelia Torok",Unknown venue,1972,17,General Brain-AI Structure Reviews and Methods,brain-structure,10.3109/00207457209149780,11772d420e0590482a7a50fa3815f18ed2f17ab7,https://doi.org/10.3109/00207457209149780,paper,unknown,5,brain; cortex; brain/neural structure in title,
1972,CATIONIC COMPOSITION OF RAT CEREBRAL CORTEX SLICES. COMPARATIVE STUDY DURING DEVELOPMENT,"G. Franck, E. Schoffeniels",Journal of Neurochemistry,1972-02-01,16,General Brain-AI Structure Reviews and Methods,brain-structure,10.1111/j.1471-4159.1972.tb01349.x,6f1a1b81dc3a49f2f258ff85f748269520fe42ba,https://doi.org/10.1111/j.1471-4159.1972.tb01349.x,JournalArticle,unknown,6,brain; cerebral; cortex; brain/neural structure in title,
1972,Effect of insulin on glucose metabolism in cerebral cortex slices under aerobic and anaerobic conditions,K. G. Prasannan,Journal of Neurochemistry,1972-07-01,16,General Brain-AI Structure Reviews and Methods,brain-structure,10.1111/j.1471-4159.1972.tb06231.x,7fb008930e2af5ded6c2c2c3f31fe43d99902628,https://doi.org/10.1111/j.1471-4159.1972.tb06231.x,JournalArticle,unknown,6,brain; cerebral; cortex; brain/neural structure in title,
1972,Hormonal regulation of brain development. V. Effect of neonatal thyroidectomy on lipid changes in cerebral cortex and cerebellum of developing rats.,"I. Faryna de Raveglia, C. J. Gomez, N. E. Ghittoni",Brain Research,1972-08-11,16,General Brain-AI Structure Reviews and Methods,brain-structure,10.1016/0006-8993(72)90283-1,b536b1c201b8c3cb41694d2005bce1ccd889a425,https://doi.org/10.1016/0006-8993(72)90283-1,JournalArticle,unknown,7,brain; cerebral; cortex; cerebellum; brain/neural structure in title,
1972,PROTEIN SYNTHESIS IN NEURONAL PERIKARYA ISOLATED FROM CEREBRAL CORTEX OF THE IMMATURE RAT 1,"H. Kohl, O. Z. Sellinger",Journal of Neurochemistry,1972-03-01,16,"Cellular, Synaptic, and Neuromorphic Foundations",brain-structure,10.1111/j.1471-4159.1972.tb01385.x,2e663a7418ccc372a2c43b3f3e52847a94d44be1,https://doi.org/10.1111/j.1471-4159.1972.tb01385.x,JournalArticle,unknown,6,cerebral; cortex; neuron; brain/neural structure in title,
1972,"SUBCELLULAR DISTRIBUTION OF POTASSIUM, SODIUM, MAGNESIUM, CALCIUM AND CHLORIDE IN CEREBRAL CORTEX 1","Ruth C. Hanig, K. Tachiki, M. H. Aprison",Journal of Neurochemistry,1972-06-01,16,"Cellular, Synaptic, and Neuromorphic Foundations",brain-structure,10.1111/j.1471-4159.1972.tb05093.x,8b0ffa0c16929e25f9a18a0eb9a07975a5ba94df,https://doi.org/10.1111/j.1471-4159.1972.tb05093.x,JournalArticle,unknown,6,brain; cerebral; cortex; brain/neural structure in title,
1972,The effect of furosemide on sodium-22 uptake into cerebrospinal fluid and brain,"L. E. Buhrley, Donal J. Reed",Experimental Brain Research,1972-04-27,16,General Brain-AI Structure Reviews and Methods,brain-structure,10.1007/BF00236592,6412634ebc20e3eb4b7f95c6dc05d8ce17dbaace,https://doi.org/10.1007/BF00236592,JournalArticle,unknown,4,brain; brain/neural structure in title,
1972,A computerized method of determining the number of synaptic contacts in a volume of cerebral cortex *,"M. West, P. Coleman, U. Wyss",Journal of Microscopy,1972-04-01,15,"Cellular, Synaptic, and Neuromorphic Foundations",brain-structure,10.1111/j.1365-2818.1972.tb03727.x,9af5db4dd5647a1b2073eeadd05ee2f858c41373,https://doi.org/10.1111/j.1365-2818.1972.tb03727.x,JournalArticle,unknown,5,cerebral; cortex; brain/neural structure in title,
1972,Biosynthesis of RNA in two nuclear classes separated from rat cerebral cortex.,"A. Giuditta, B. Rutigliano, L. Casola, M. Romano",Brain Research,1972-11-13,15,General Brain-AI Structure Reviews and Methods,brain-structure,10.1016/0006-8993(72)90022-4,cd3d6b87c1d9e651463b065de93db1e0ef08da6a,https://doi.org/10.1016/0006-8993(72)90022-4,JournalArticle,unknown,6,brain; cerebral; cortex; brain/neural structure in title,
1972,Cortical potentials time-locked to speech production: Evidence for probable cerebral origin,"L. Morrell, D. A. Huntington",Unknown venue,1972-10-01,15,General Brain-AI Structure Reviews and Methods,brain-structure,10.1016/0024-3205(72)90044-6,0b4b2f3a72e81fe60302808ed49db90e8e0e04c4,https://doi.org/10.1016/0024-3205(72)90044-6,paper,unknown,3,brain; cerebral; cortical,
1972,Diphenylhydantoin and movement of radioactive sodium into electrically stimulated cerebral slices.,"P. Swanson, P. O. Crane",Biochemical Pharmacology,1972-11-01,15,General Brain-AI Structure Reviews and Methods,brain-structure,10.1016/0006-2952(72)90214-6,7d218bc794d35330952382af72a8e85550132580,https://doi.org/10.1016/0006-2952(72)90214-6,JournalArticle,unknown,2,brain; cerebral,
1972,Influence of neonatal undernutrition on the lipid composition of cerebral cortex and cerebellum of the rat.,"Ghittoni Ne, I. FarynadeRaveglia",Unknown venue,1972,15,General Brain-AI Structure Reviews and Methods,brain-structure,,3b6915c521c27bb38097e66faaeae546b83c76ea,https://www.semanticscholar.org/paper/3b6915c521c27bb38097e66faaeae546b83c76ea,paper,unknown,7,brain; cerebral; cortex; cerebellum; brain/neural structure in title,
1972,Operant controlled neural event: functional bioelectric coding in primary components of cortical evoked response in cat brain.,"A. Rudell, S. S. Fox",Journal of Neurophysiology,1972-11-01,15,General Brain-AI Structure Reviews and Methods,brain-structure,10.1152/JN.1972.35.6.892,1b237e7149c71044193b4d7f386837a3b0616372,https://doi.org/10.1152/JN.1972.35.6.892,JournalArticle,unknown,6,brain; cortical; neural; brain/neural structure in title,
1972,Studies on the Mechanisms of Action of Steroids in Traumatized Brain,"H. P. Tutt, H. Pappius",Unknown venue,1972,15,General Brain-AI Structure Reviews and Methods,brain-structure,10.1007/978-3-642-65448-0_16,5354831593520cdf49a4e4821f0ef7fd0a6fd42a,https://doi.org/10.1007/978-3-642-65448-0_16,paper,unknown,4,brain; brain/neural structure in title,
1972,Studies on the ultrastructural distribution of H 3 -dimetacrine in rat cerebral cortex.,"R. Ishitani, T. Sato, T. Suga, H. Kitagawa",Japanese Journal of Pharmacology,1972,15,General Brain-AI Structure Reviews and Methods,brain-structure,10.1254/JJP.22.313,2b761ab746cb881cb861247691a3d46a9989c54c,https://doi.org/10.1254/JJP.22.313,JournalArticle,unknown,6,brain; cerebral; cortex; brain/neural structure in title,
1972,The effect of morphine on primary somatosensory evoked responses in the rat cerebral cortex.,"I. Jurna, W. Schlue, U. Tamm",Neuropharmacology,1972-05-01,15,General Brain-AI Structure Reviews and Methods,brain-structure,10.1016/0028-3908(72)90026-3,47f851e7ac987320f645e6a9b34118091386846b,https://doi.org/10.1016/0028-3908(72)90026-3,JournalArticle,unknown,6,brain; cerebral; cortex; brain/neural structure in title,
1972,Vascular mechanisms of the brain,G. Mchedlishvili,Unknown venue,1972,15,General Brain-AI Structure Reviews and Methods,brain-structure,,aae5b1db04d78450bd509fc8603eed2c7809a2ab,https://www.semanticscholar.org/paper/aae5b1db04d78450bd509fc8603eed2c7809a2ab,paper,unknown,4,brain; brain/neural structure in title,
1972,"Biochemistry, function, and neuropathology of the glycoproteins in brain tissue.",E. Brunngraber,Advances in Experimental Medicine and Biology,1972,14,General Brain-AI Structure Reviews and Methods,brain-structure,10.1007/978-1-4684-6979-0_11,d8faf7f29c36218a7c0d7250a23401fbd8e5263c,https://doi.org/10.1007/978-1-4684-6979-0_11,Review; JournalArticle,unknown,4,brain; brain/neural structure in title,
1972,Changes in sensitivity to convulsion in mice with olfactory bulb ablation.,"Y. Araki, S. Ueki",Japanese Journal of Pharmacology,1972-08-01,14,Computational Neuroscience and Brain-Inspired AI,brain-structure,10.1254/JJP.22.447,1eaa27de96ba3559d4a9d2ec66dfb557f279cb23,https://doi.org/10.1254/JJP.22.447,JournalArticle,unknown,8,brain; thalamus; hypothalamus; neural; historical computation/learning bridge,"Since bilateral ablations of the olfactory bulb were found to induce characteristic hyperemotionality in the rat (1-5), this behavior, particularly aggressiveness, has come to be used for evaluating the taming effect of tranquilizing agents, though the neural mechanisms underlying this abnormal behavior have remained unknown (6)."
1972,CHARACTERISTICS AND PRODUCTS OF A CELL-FREE POLYPEPTIDE SYNTHESIZING SYSTEM FROM NEONATAL AND ADULT MOUSE BRAIN,"B. E. Gilbert, Barbara K. Grove, T. Johnson",Journal of Neurochemistry,1972-12-01,14,"Cellular, Synaptic, and Neuromorphic Foundations",brain-structure,10.1111/j.1471-4159.1972.tb03821.x,8bc106e36a5c323154f3f4dc825e48138e5e356a,https://doi.org/10.1111/j.1471-4159.1972.tb03821.x,JournalArticle,unknown,4,brain; brain/neural structure in title,
1972,Effects of formyl tetrahydrofolic acid and noradrenaline on the oxygen consumption of rat brain synaptosome-mitochondrial preparations,R. Spector,British Journal of Pharmacology,1972-02-01,14,General Brain-AI Structure Reviews and Methods,brain-structure,10.1111/j.1476-5381.1972.tb07264.x,c98c4679e1ee2bc5a272475a5336f8154de463cc,https://doi.org/10.1111/j.1476-5381.1972.tb07264.x,JournalArticle,unknown,4,brain; brain/neural structure in title,
1972,Immunological properties of normal neural tissues.,"H. Wickremesinghe, P. Yates",Journal of Neurological Sciences,1972-02-01,14,General Brain-AI Structure Reviews and Methods,,10.1016/0022-510X(72)90010-X,0e4ebf8f4c3eca7badbf7139267d33c6cdad3722,https://doi.org/10.1016/0022-510X(72)90010-X,JournalArticle,unknown,5,brain; neural; brain/neural structure in title,
1972,Membrane marker enzymes. Characterization of an arylesterase of guinea pig cerebral cortex utilizing p-nitrophenyl acetate as substrate.,H. Bosmann,Biochimica et Biophysica Acta,1972-07-13,14,General Brain-AI Structure Reviews and Methods,brain-structure,10.1016/0005-2744(72)90019-8,8cacfa9e084c54f3cc4b25a3be644f3a25fcae33,https://doi.org/10.1016/0005-2744(72)90019-8,JournalArticle,unknown,6,brain; cerebral; cortex; brain/neural structure in title,
1972,Penicillin-induced metabolic alterations in isolated cerebral cortex.,P. Swanson,Archives of Neurology,1972-02-01,14,General Brain-AI Structure Reviews and Methods,brain-structure,10.1001/ARCHNEUR.1972.00490080087010,f88360652424a7c61bc95016791b2d7ee66f154b,https://doi.org/10.1001/ARCHNEUR.1972.00490080087010,JournalArticle,unknown,5,cerebral; cortex; brain/neural structure in title,
1972,Permanent reduction in sleep after removal of cerebral cortex and striatum in cats.,J. Villablanca,Brain Research,1972-01-28,14,General Brain-AI Structure Reviews and Methods,brain-structure,10.1016/0006-8993(72)90756-1,79763b16fce62b5a3d43edd94378a00d3135576a,https://doi.org/10.1016/0006-8993(72)90756-1,JournalArticle,unknown,6,brain; cerebral; cortex; brain/neural structure in title,
1972,Studies on proteolipid proteins from cerebral cortex. I. Preparation and some properties.,"F. Barrantes, J. L. La Torre, M. C. Llorente de Carlin, E. De robertis",Biochimica et Biophysica Acta,1972-04-01,14,General Brain-AI Structure Reviews and Methods,brain-structure,10.1016/0005-2795(72)90089-X,5f57011186b31ddf3e99939a02d3fa827307ca84,https://doi.org/10.1016/0005-2795(72)90089-X,JournalArticle,unknown,6,brain; cerebral; cortex; brain/neural structure in title,
1972,[Localization of sensory zones in the dolphin cerebral cortex].,"V. E. Sokolov, T. F. Ladygina, A. Supin",Doklady Akademii nauk SSSR,1972,13,General Brain-AI Structure Reviews and Methods,brain-structure,,dcebff42ac10ce6b943ff905d7aa6bd343013421,https://www.semanticscholar.org/paper/dcebff42ac10ce6b943ff905d7aa6bd343013421,JournalArticle,unknown,6,brain; cerebral; cortex; brain/neural structure in title,
1972,Adenyl cyclase and phosphodiesterase activity in cerebral cortex of normal and undernourished neonatal rats,"F. Kauffman, M. Harkonen, Elaine C. Johnson",Unknown venue,1972-06-22,13,General Brain-AI Structure Reviews and Methods,brain-structure,10.1016/0024-3205(72)90244-5,75f8b5a67cd1b79579c30cb18aec7867aeeb8242,https://doi.org/10.1016/0024-3205(72)90244-5,paper,unknown,6,brain; cerebral; cortex; brain/neural structure in title,
1972,"Amino acid release from the cerebral cortex of the rabbit, its relationship with the electrocorticogram.","P. Blagoeva, I. Masi, A. D. de Carolis, V. Longo",Physiology and Behavior,1972-09-01,13,"Cognitive Architectures, Learning, and Systems Neuroscience",brain-structure,10.1016/0031-9384(72)90150-3,a5cb5535a33913356127eadbbd5e9fab3570600c,https://doi.org/10.1016/0031-9384(72)90150-3,JournalArticle,unknown,5,cerebral; cortex; brain/neural structure in title,
1972,Effect of photic stimulation on acetylcholine release from cat cerebral cortex.,"A. Bartolini, L. Weisenthal, E. Domino",Neuropharmacology,1972,13,General Brain-AI Structure Reviews and Methods,brain-structure,10.1016/0028-3908(72)90062-7,cfd17a7f264793627a9a26e192f805219053c7e8,https://doi.org/10.1016/0028-3908(72)90062-7,JournalArticle,unknown,6,brain; cerebral; cortex; brain/neural structure in title,
1972,"Effects of nicotine, carbon monoxide and tobacco smoke on regional blood flow in the cerebral cortex.",G. H. Hall,European Journal of Pharmacology,1972-09-01,13,General Brain-AI Structure Reviews and Methods,brain-structure,10.1016/0014-2999(72)90106-9,b21e75cfcbc945cff2d942d44e0feb77db8291fc,https://doi.org/10.1016/0014-2999(72)90106-9,JournalArticle,unknown,6,brain; cerebral; cortex; brain/neural structure in title,
1972,"Estimation of corticosteroids in human cerebral cortex after death by suicide, accident, or disease","B. Brooksbank, M. A. Brammall, A. E. Cunningham, D. M. Shaw, F. Camps",Psychological Medicine,1972-02-01,13,General Brain-AI Structure Reviews and Methods,brain-structure,10.1017/S003329170004561X,0ada9e373a06b40109e6223d8aebb97e8bd769c2,https://doi.org/10.1017/S003329170004561X,JournalArticle,unknown,6,brain; cerebral; cortex; brain/neural structure in title,
1972,Mathematical identification of brain states applied to classification of drugs.,"E. John, P. Walker, D. Cawood, M. Rush, J. Gehrmann",International review of neurobiology,1972,13,Structural Neuroimaging and AI,brain-structure;machine-learning,10.1016/S0074-7742(08)60334-7,f5a8cfcc080a2e07052fc16a43b3da0f6f6d0e92,https://doi.org/10.1016/S0074-7742(08)60334-7,Review; JournalArticle,unknown,16,brain; classification; brain/neural structure in title; explicit brain-structure/AI bridge,
1972,Monoamineoxidase and cholinesterase activity in neurons and neuropil from the rat cerebral cortex,"A. K. Sinha, S. Rose",Journal of Neurochemistry,1972-06-01,13,"Cellular, Synaptic, and Neuromorphic Foundations",brain-structure,10.1111/j.1471-4159.1972.tb05106.x,b043f29169e227daadb2b42cdf2ce1666f6a3fe9,https://doi.org/10.1111/j.1471-4159.1972.tb05106.x,JournalArticle; Review,unknown,6,cerebral; cortex; neuron; brain/neural structure in title,
1972,Nucleic acid metabolism of the neuroglial cells of the rat neural lobe.,"D. Sunde, D. Sunde, J. Osinchak, Howard Sachs",Brain Research,1972-11-27,13,"Cellular, Synaptic, and Neuromorphic Foundations",brain-structure,10.1016/0006-8993(72)90263-6,c2803dae7040e6b71f3b7faecb64754c6f5418a2,https://doi.org/10.1016/0006-8993(72)90263-6,JournalArticle,unknown,4,neural; brain/neural structure in title,
1972,[Effects of cerebral cortex stimulation on the activity of the phrenic nerve].,D. Planche,Journal of Physiology,1972,12,General Brain-AI Structure Reviews and Methods,brain-structure,,5ecbc41f1fa3294d573772caf06b539c7573febc,https://www.semanticscholar.org/paper/5ecbc41f1fa3294d573772caf06b539c7573febc,JournalArticle,unknown,6,brain; cerebral; cortex; brain/neural structure in title,
1972,Lateral cerebral peduncle lesions: Amnestie effects on a visual habit in the rat,"Robert Thompson, S. N. Craddock",Unknown venue,1972-09-01,12,General Brain-AI Structure Reviews and Methods,brain-structure,10.3758/BF03328916,6241c65fa038db302ce2eab7338ec9fb5ecc3119,https://doi.org/10.3758/BF03328916,paper,unknown,2,brain; cerebral,
1972,Neck muscle proprioceptors and a role of the cerebral cortex in postural reflexes in subprimates.,Abrahams Vc,Unknown venue,1972,12,General Brain-AI Structure Reviews and Methods,brain-structure,,8040a50cbf03075486b10fbff5af4f968d155bcd,https://www.semanticscholar.org/paper/8040a50cbf03075486b10fbff5af4f968d155bcd,paper,unknown,6,brain; cerebral; cortex; brain/neural structure in title,
1972,Studies on the subcellular distribution of γ-aminobutyric acid in slices of rat cerebral cortex,"K. Tachiki, F. Defeudis, M. H. Aprison",Unknown venue,1972-01-14,12,"Cellular, Synaptic, and Neuromorphic Foundations",brain-structure,10.1016/0006-8993(72)90777-9,7d4a82060152dc06305c152777b0a240c0fcb320,https://doi.org/10.1016/0006-8993(72)90777-9,paper,unknown,6,brain; cerebral; cortex; brain/neural structure in title,
1972,Summated Cortical Evoked Response Testing in the Deafferented Primate,"Robert G. Cohn, Alfred Jakniunas, E. Taub",Science,1972-12-08,12,General Brain-AI Structure Reviews and Methods,brain-structure,10.1126/science.178.4065.1113,24c8eaccf8240e6342ea9744cb752ccea24bd88f,https://doi.org/10.1126/science.178.4065.1113,JournalArticle,unknown,2,brain; cortical,
1972,The behaviour and brain function of the Cichlid fish Hemihaplochromis philander,A. Ribbink,Unknown venue,1972,12,General Brain-AI Structure Reviews and Methods,brain-structure,10.1080/00445096.1972.11447427,54748a9b545496dccaf1c79c073be61b224dbf1f,https://doi.org/10.1080/00445096.1972.11447427,paper,unknown,4,brain; brain/neural structure in title,
1972,The estrous cycle of the rat: effects on the accumulation of estrogenic metabolites in brain and peripheral tissues.,W. Luttge,Brain Research,1972-03-24,12,General Brain-AI Structure Reviews and Methods,brain-structure,10.1016/0006-8993(72)90715-9,dcb486fe15c8c594b32690bd91657987b42982f0,https://doi.org/10.1016/0006-8993(72)90715-9,JournalArticle,unknown,4,brain; brain/neural structure in title,
1972,Unequal development of two mitochondrial enzymes in neuronal cell bodies and glial cells of rat cerebral cortex.,"S. Oz, Santiago Jc",Unknown venue,1972,12,"Cellular, Synaptic, and Neuromorphic Foundations",brain-structure,,232c7542b60c987ba6b7ca8adc5534e7834a7bb6,https://www.semanticscholar.org/paper/232c7542b60c987ba6b7ca8adc5534e7834a7bb6,paper,unknown,6,cerebral; cortex; neuron; brain/neural structure in title,
1972,Carbon electrodes for stimulation of brain tissue in vitro,P. Nikander,Journal of Neurochemistry,1972-02-01,11,General Brain-AI Structure Reviews and Methods,brain-structure,10.1111/j.1471-4159.1972.tb01363.x,01ac5a294fa247fe7288fe994187de28abed1b3c,https://doi.org/10.1111/j.1471-4159.1972.tb01363.x,JournalArticle,unknown,4,brain; brain/neural structure in title,
1972,"Chemistry and biology of two brain-specific proteins, s-100 and 14-3-2.",B. Moore,Advances in Experimental Medicine and Biology,1972,11,General Brain-AI Structure Reviews and Methods,brain-structure,10.1007/978-1-4684-6979-0_2,abacd6f159bdfc709400f2390e4f5f84369ec975,https://doi.org/10.1007/978-1-4684-6979-0_2,JournalArticle,unknown,4,brain; brain/neural structure in title,
1972,Effect of Amino Acid Imbalance on Polyribosome Profiles and Protein Synthesis in Fetal Cerebral Cortex,"P. Wong, P. Justice",Unknown venue,1972,11,General Brain-AI Structure Reviews and Methods,brain-structure,10.1007/978-1-4757-6570-0_11,68b454ca9acefcb2b04bfe8b717ccf3086ae14b3,https://doi.org/10.1007/978-1-4757-6570-0_11,paper,unknown,6,brain; cerebral; cortex; brain/neural structure in title,
1972,Evoked response study of postulated neural circuit associated with sleep-waking process.,J. Bronzino,Life sciences. Pt. 1: Physiology and pharmacology,1972-05-01,11,General Brain-AI Structure Reviews and Methods,,10.1016/0024-3205(72)90114-2,c1d1a3f62ed8b5ca3be6125592e765df96430b86,https://doi.org/10.1016/0024-3205(72)90114-2,JournalArticle,unknown,5,brain; neural; brain/neural structure in title,
1972,Failure of 6-hydroxynoradrenaline to produce degeneration of catecholamine neurons.,C. Sachs,European Journal of Pharmacology,1972-11-01,11,"Cellular, Synaptic, and Neuromorphic Foundations",,10.1016/0014-2999(72)90143-4,b721d9960c5ae72257cd3388b3fcdd77ec30ae13,https://doi.org/10.1016/0014-2999(72)90143-4,JournalArticle,unknown,1,neuron,
1972,Metabolic control mechanisms in mammalian systems. XVII. Thyroid hormone control of brain hexose monophosphate shunt enzymes during experimental cretinism.,"W. Schwark, Radhey L. Singhal, George M. Ling",Brain Research,1972-07-13,11,General Brain-AI Structure Reviews and Methods,brain-structure,10.1016/0006-8993(72)90045-5,f85feb811dc7e60994114efc99df911040420fe1,https://doi.org/10.1016/0006-8993(72)90045-5,JournalArticle,unknown,4,brain; brain/neural structure in title,
1972,Metabolism of prostaglandin E 1 in the cerebral cortex and cerebellum of the dog and rat.,"J. Nakano, A. Prancan, S. Moore",Brain Research,1972,11,General Brain-AI Structure Reviews and Methods,brain-structure,,4821ae807b7349560b79c438d3b571928536cdd8,https://www.semanticscholar.org/paper/4821ae807b7349560b79c438d3b571928536cdd8,JournalArticle,unknown,7,brain; cerebral; cortex; cerebellum; brain/neural structure in title,
1972,Projections to the cat cerebral cortex from fore- and hind limb group I muscle afferents,H. Silfvenius,Unknown venue,1972,11,General Brain-AI Structure Reviews and Methods,brain-structure,,c431209cc3966385d356dd75b2ecf8db3130b5f3,https://www.semanticscholar.org/paper/c431209cc3966385d356dd75b2ecf8db3130b5f3,paper,unknown,6,brain; cerebral; cortex; brain/neural structure in title,
1972,Studies on Drug-Induced Amnesia with Intravenous Anaesthetic Agents in Man,"J. Dundee, S. Pandit",The British journal of clinical practice,1972-04-01,11,"Cognitive Architectures, Learning, and Systems Neuroscience",brain-structure;clinical-neuroai,10.1111/j.1742-1241.1972.tb04409.x,e2d88a74473965a6951b6dcbd04e5cb4cc3fc52c,https://doi.org/10.1111/j.1742-1241.1972.tb04409.x,JournalArticle; ClinicalTrial,unknown,7,brain; neuron; neural; historical computation/learning bridge,Retrograde amnesia is a strange phenomenon by which an established past memory (usually recent) is lost because of organic disease of the brain or following the administration of a physical or a chemical agent.
1972,The influence of saline-loading on cold-induced cerebral oedema in the rat.,"K. Go, F. van Woudenberg, W. D. de Lange, W. Sluiter",Journal of Neurological Sciences,1972-06-01,11,General Brain-AI Structure Reviews and Methods,brain-structure,10.1016/0022-510X(72)90090-1,e373cf6dfa38f9d2be3317a7b41948abe47a95c8,https://doi.org/10.1016/0022-510X(72)90090-1,JournalArticle,unknown,2,brain; cerebral,
1972,Biological Foundations of the Psychoneural Identity Hypothesis,G. Globus,Philosophia Scientiæ,1972-09-01,10,General Brain-AI Structure Reviews and Methods,,10.1086/288451,85b4e8591d718dd2f4f941e1f23cd474d3a5c73d,https://doi.org/10.1086/288451,paper,unknown,5,brain; neural; brain/neural structure in title,
1972,Drug effects on developing mouse brain protein synthesis in vitro.,"P. Kelly, M. Luttges",Neuropharmacology,1972-11-01,10,General Brain-AI Structure Reviews and Methods,brain-structure,10.1016/0028-3908(72)90048-2,d0c91b5e477e7f1c36448b2309f440ae3cbe51b4,https://doi.org/10.1016/0028-3908(72)90048-2,JournalArticle,unknown,4,brain; brain/neural structure in title,
1972,"[Absolute number of nerve cells and thickness of the cerebral cortex during aging and in disease (senile and vascular dementia, Pick's and Alzheimer's diseases)].",Shefer Vf,Unknown venue,1972,9,Clinical NeuroAI and Brain Disorders,brain-structure;clinical-neuroai,,adb90bd68492b7e39e56a48317ea6c73300a9a51,https://www.semanticscholar.org/paper/adb90bd68492b7e39e56a48317ea6c73300a9a51,paper,unknown,5,cerebral; cortex; brain/neural structure in title,
1972,"Cerebral ventricular injections of pentobarbital, glucose, and sodium chloride into sheep and calves, and feeding.","A. Peterson, C. Baile, B. Baumgardt",Journal of Dairy Science,1972-06-01,9,General Brain-AI Structure Reviews and Methods,brain-structure,10.3168/JDS.S0022-0302(72)85577-2,11fdd867257eb14aa7ab3cadbafeed9c4cd9bc1c,https://doi.org/10.3168/JDS.S0022-0302(72)85577-2,JournalArticle,unknown,2,brain; cerebral,
1972,Cortically induced changes of presynaptic excitability in higher-order auditory afferents.,"E. Sauerland, R. Velluti, Ronald M. Harper",Experimental Neurology,1972-07-01,9,"Cellular, Synaptic, and Neuromorphic Foundations",brain-structure,10.1016/0014-4886(72)90137-9,518a06cbd56e409b41294b835c1831a7db76291e,https://doi.org/10.1016/0014-4886(72)90137-9,JournalArticle,unknown,1,cortical,
1972,Differential accumulation of lipofuscin pigment in cerebral cortex of rat. A quantitative and morphological study with age after prenatal x-irradiation.,"K. Brizzee, P. Cancilla",Gerontologia,1972,9,General Brain-AI Structure Reviews and Methods,brain-structure,10.1159/000211914,4a54999e957211aea101aa4e07b0a0ebdfbd2d5f,https://doi.org/10.1159/000211914,JournalArticle,unknown,6,brain; cerebral; cortex; brain/neural structure in title,
1972,Distribution of ( 14 C) amphetamine in mouse brain: an autoradiographic study.,"G. Placidi, D. Masuoka, R. Earle",Brain Research,1972-03-24,9,"Connectomics, Graph Models, and Brain Networks",brain-structure;connectome,10.1016/0006-8993(72)90722-6,7c833bd0953b38eacf171f4baf89ccacafcf91d8,https://doi.org/10.1016/0006-8993(72)90722-6,JournalArticle,unknown,4,brain; brain/neural structure in title,
1972,Distribution of puromycin peptides in mouse entorhinal cortex.,"P. Gambetti, L. Hirt, A. Stieber, Brenda Shafer",Experimental Neurology,1972-02-01,9,General Brain-AI Structure Reviews and Methods,brain-structure,10.1016/0014-4886(72)90169-0,6f70f03a3cbe386e6dce7289bab666a3ed1aa38d,https://doi.org/10.1016/0014-4886(72)90169-0,JournalArticle,unknown,4,cortex; brain/neural structure in title,
1972,Effects of some centrally acting drugs on acetylcholine synthesis by rat cerebral cortex slices,M. Sharkawi,British Journal of Pharmacology,1972-11-01,9,General Brain-AI Structure Reviews and Methods,brain-structure,10.1111/j.1476-5381.1972.tb08144.x,d88db7f7eae9eeca051dc8c463509dd8a8a2e5a4,https://doi.org/10.1111/j.1476-5381.1972.tb08144.x,JournalArticle,unknown,6,brain; cerebral; cortex; brain/neural structure in title,
1972,In vivo studies of luteinizing hormone-releasing factor in the chicken hypothalamus.,"H. Opel, P. Lepore",Poultry Science,1972-05-01,9,General Brain-AI Structure Reviews and Methods,brain-structure,10.3382/PS.0511004,37c47d16837eb5372fb1ffd8fec15190d03cb134,https://doi.org/10.3382/PS.0511004,JournalArticle,unknown,4,cerebral; cortex; thalamus; hypothalamus,Abstract Induction of ovulation was used to evaluate luteinizing hormone-releasing factor (LRF) activity in acidic extracts of chicken hypothalamus infused directly into the anterior pituitary of the hen.
1972,Neuropathology of Glycopeptides Derived from Brain Glycoproteins,E. Brunngraber,Unknown venue,1972,9,General Brain-AI Structure Reviews and Methods,brain-structure,10.1007/978-1-4684-3216-9_15,5317db8bdc02a91f18f0654c7e2efb293789ff8b,https://doi.org/10.1007/978-1-4684-3216-9_15,paper,unknown,4,brain; brain/neural structure in title,
1972,Paralesional reparative remyelination after chronic local cold injury of the cerebral cortex.,"J. Estable-Puig, R. D. de Estable-Puig",Experimental Neurology,1972-05-01,9,General Brain-AI Structure Reviews and Methods,brain-structure,10.1016/0014-4886(72)90150-1,65d362bf11e410ac6f1f39b2ca4f0c053d7040d5,https://doi.org/10.1016/0014-4886(72)90150-1,JournalArticle,unknown,5,cerebral; cortex; brain/neural structure in title,
1972,"THE CONCENTRATION OF 5-HYDROXYTRYPTAMINE (5-HT) IN HYPOTHALAMUS, GREY AND WHITE BRAIN SUBSTANCE IN THE RAT AFTER PROLONGED ORAL LITHIUM ADMINISTRATION",I. Genefke,Acta Psychiatrica Scandinavica,1972-10-01,9,General Brain-AI Structure Reviews and Methods,brain-structure,10.1111/j.1600-0447.1972.tb04384.x,cfaee96f2e9fb58139476823c2aa2af7cbe17497,https://doi.org/10.1111/j.1600-0447.1972.tb04384.x,JournalArticle,unknown,6,brain; thalamus; hypothalamus; brain/neural structure in title,
1972,"The effects of propranolol and electrical stimulation on the cyclic 3′,5′-AMP content of isolated cerebral tissue","A. R. Somerville, Alice-Ann Smith",Journal of Neurochemistry,1972-08-01,9,General Brain-AI Structure Reviews and Methods,brain-structure,10.1111/j.1471-4159.1972.tb01489.x,26ae161c6c3165e733a860a846a1079fb1fbc52a,https://doi.org/10.1111/j.1471-4159.1972.tb01489.x,JournalArticle; Review,unknown,2,brain; cerebral,
1972,The in vivo neuropharmacology of amino-oxyacetic acid in the cerebral cortex of the cat.,"Z. Gottesfeld, J. Kelly, L. Renaud",Brain Research,1972,9,General Brain-AI Structure Reviews and Methods,brain-structure,,f6fb8a33b4ac1cffc3049acd6ca564f5874700c5,https://www.semanticscholar.org/paper/f6fb8a33b4ac1cffc3049acd6ca564f5874700c5,JournalArticle,unknown,6,brain; cerebral; cortex; brain/neural structure in title,
1972,A study of electrical impedance of oedematous cerebral tissue during operations,"K. Go, P. H. Veen, E. Ebels, F. V. Woudenberg",Acta Neurochirurgica,1972-09-01,8,General Brain-AI Structure Reviews and Methods,brain-structure,10.1007/BF01401876,241c75be87932f1f0abd514fc2a91c564d55f116,https://doi.org/10.1007/BF01401876,JournalArticle,unknown,2,brain; cerebral,
1972,Differences in protein patterns on polyacrylamide-gel electrophoresis of neuronal membranes from mice of different strains,"R. S. Gurd, H. Mahler, W. Moore",Journal of Neurochemistry,1972-02-01,8,"Cellular, Synaptic, and Neuromorphic Foundations",,10.1111/j.1471-4159.1972.tb01368.x,0f49a53557115f1acabb992b561ce1ccf4cc8c80,https://doi.org/10.1111/j.1471-4159.1972.tb01368.x,JournalArticle,unknown,1,neuron,
1972,Effect of neonatal hypothyroidism and hyperthyroidism on amino acid incorporation into proteins of subcellular fractions from developing brain tissue.,"J. Jarlstedt, A. Norström",Experimental Neurology,1972,8,"Cellular, Synaptic, and Neuromorphic Foundations",brain-structure,10.1016/0014-4886(72)90187-2,3968f7d87a6c74992432a96aec16ed609afcf78f,https://doi.org/10.1016/0014-4886(72)90187-2,JournalArticle,unknown,4,brain; brain/neural structure in title,
1972,ENHANCED FRAGILITY OF NEURAL LYSOSOMES FROM CHICKS SUFFERING FROM GALACTOSE TOXICITY 1,"J. Blosser, W. W. Wells",Journal of Neurochemistry,1972-06-01,8,General Brain-AI Structure Reviews and Methods,,10.1111/j.1471-4159.1972.tb05098.x,25702f643b399504437ddc2f5c8c657f8d9f2dac,https://doi.org/10.1111/j.1471-4159.1972.tb05098.x,JournalArticle,unknown,5,brain; neural; brain/neural structure in title,
1972,Influence of sexual hormones on the differentiation of neural centers,"F. Neumann, H. Steinbeck",Archives of Sexual Behavior,1972-12-01,8,"Cognitive Architectures, Learning, and Systems Neuroscience",,10.1007/BF01541864,1f4857f5f56b749f5e871cb045e99204fb921ee5,https://doi.org/10.1007/BF01541864,JournalArticle; Review,unknown,4,neural; brain/neural structure in title,
1972,Some actions of bicuculline and strychnine on neurones of the spinal cord and cerebral cortex of the rat.,"T. Biscoe, Duggan Aw, David Lodge",Journal of Physiology,1972-04-01,8,"Cellular, Synaptic, and Neuromorphic Foundations",brain-structure,,6f328f2766dff440a53140a3561249156f0c4ab5,https://www.semanticscholar.org/paper/6f328f2766dff440a53140a3561249156f0c4ab5,JournalArticle,unknown,6,cerebral; cortex; neuron; brain/neural structure in title,
1972,The Influence of Neural Blocking Agents Injected into the Third Ventricle of the Rat Brain and Hypothalamic Electrical Stimulation on Serum Prolactin 1,"R. Gala, P. Janson, Eric Y. Kuo",Proceedings of the Society for Experimental Biology and Medicine. Society for Experimental Biology and Medicine,1972-06-01,8,General Brain-AI Structure Reviews and Methods,brain-structure,10.3181/00379727-140-36505,137d8a572b37475ff6215ee147bb7772fc8a5b78,https://doi.org/10.3181/00379727-140-36505,JournalArticle,unknown,5,brain; neural; brain/neural structure in title,
1972,CEREBRAL ORGANIZATION AND THE INTEGRATION OF EXPERIENCE,G. Haydu,Annals of the New York Academy of Sciences,1972-08-01,7,General Brain-AI Structure Reviews and Methods,brain-structure,10.1111/j.1749-6632.1972.tb27839.x,48346edbdb6fa1aa287e4fab35b5f91b1ca06fcd,https://doi.org/10.1111/j.1749-6632.1972.tb27839.x,Review; JournalArticle,unknown,2,brain; cerebral,
1972,Cholinergic mechanisms in the rat cerebral cortex.,T. Stone,Journal of Physiology,1972-04-01,7,General Brain-AI Structure Reviews and Methods,brain-structure,,d5b9cea903a448f40e3f8a1f11d2650c7d86d2ca,https://www.semanticscholar.org/paper/d5b9cea903a448f40e3f8a1f11d2650c7d86d2ca,JournalArticle,unknown,6,brain; cerebral; cortex; brain/neural structure in title,
1972,Effects of some analgesics and antidepressants on the (Na + + K + )-adenosine triphosphatase from cortices of brain and kidney.,"F. Medzihradsky, P. Nandhasri",Biochemical Pharmacology,1972-08-01,7,General Brain-AI Structure Reviews and Methods,brain-structure,10.1016/0006-2952(72)90163-3,e846b61c23e27b3d3c94bdab7fe9180aceed5fff,https://doi.org/10.1016/0006-2952(72)90163-3,JournalArticle,unknown,4,brain; brain/neural structure in title,
1972,Neural thresholds and state-dependent learning.,"R. Pusakulich, H. C. Nielson",Experimental Neurology,1972,7,"Cognitive Architectures, Learning, and Systems Neuroscience",,10.1016/0014-4886(72)90185-9,e82dd8be30d1d1627ebd1ed9a951c79f9910fdc7,https://doi.org/10.1016/0014-4886(72)90185-9,JournalArticle,unknown,8,neural; brain/neural structure in title; historical computation/learning bridge,
1972,Sensitivity of denervated cerebral cortex to cholinomimetics.,"R.J Reiffenstein, Cecile Triggle",Electroencephalography and Clinical Neurophysiology,1972-08-01,7,"Connectomics, Graph Models, and Brain Networks",brain-structure;connectome;neural-signals;clinical-neuroai,10.1016/0013-4694(72)90048-X,a7b62809a3549da796402d7138f62da99aaff896,https://doi.org/10.1016/0013-4694(72)90048-X,JournalArticle,unknown,7,cerebral; cortex; eeg; meg; brain/neural structure in title,
1972,THE EFFECT OF TOPICAL APPLICATION OF DIETHYL-α-FLUOROGLUTARATE ON THE METABOLISM AND ELECTRICAL ACTIVITY IN VIVO OF CAT CEREBRAL CORTEX 1,"H. P. Cohen, C. Vasconetto, G. Ayala",Journal of Neurochemistry,1972-02-01,7,General Brain-AI Structure Reviews and Methods,brain-structure,10.1111/j.1471-4159.1972.tb01362.x,f3be75f0b67cb05b658768b5d90c9b02da725091,https://doi.org/10.1111/j.1471-4159.1972.tb01362.x,JournalArticle,unknown,6,brain; cerebral; cortex; brain/neural structure in title,
1972,[Cortico-pial junction and the mode of entry of blood vessels into the cerebral cortex in man. Structure and ultrastructure].,"M. Rascol, J. Izard",Zeitschrift für Zellforschung und Mikroskopische Anatomie,1972,6,General Brain-AI Structure Reviews and Methods,brain-structure,,d14c3d37d415fb97dca205f6c03d19f6f7716014,https://www.semanticscholar.org/paper/d14c3d37d415fb97dca205f6c03d19f6f7716014,JournalArticle,unknown,6,brain; cerebral; cortex; brain/neural structure in title,
1972,Brain histogenesis in vitro: Reconstruction of brain tissue from dissociated cells,B. Garber,In Vitro,1972-11-01,6,"Cellular, Synaptic, and Neuromorphic Foundations",brain-structure,10.1007/BF02619494,5a716dc7e102e78c61e0dbf3c6006ecfcb4fe691,https://doi.org/10.1007/BF02619494,JournalArticle,unknown,4,brain; brain/neural structure in title,
1972,Cerebral blood flow and brain stem lesion,"W. Heiss, K. Jellinger",Zeitschrift fur Neurologie,1972-12-29,6,General Brain-AI Structure Reviews and Methods,brain-structure,10.1007/BF00316111,a215ad73152fea8ebea19dd464734c4610880c6b,https://doi.org/10.1007/BF00316111,JournalArticle,unknown,5,brain; cerebral; brain/neural structure in title,
1972,Fractionation of RNA of the rat neural lobe labeled in vitro: comparison with RNA of cerebral cortex labeled in vivo.,"D. Sunde, H. Sachs",Brain Research,1972-11-27,6,General Brain-AI Structure Reviews and Methods,brain-structure,10.1016/0006-8993(72)90264-8,2e8d697abe98df7c93e46772803d0fd0c4d38e3c,https://doi.org/10.1016/0006-8993(72)90264-8,JournalArticle,unknown,7,brain; cerebral; cortex; neural; brain/neural structure in title,
1972,Glyceraldehyde-3-phosphate dehydrogenase activity in developing brain during experimental cretinism.,"W. Schwark, R. L. Singhal, G. Ling",Biochimica et Biophysica Acta,1972-07-19,6,General Brain-AI Structure Reviews and Methods,brain-structure,10.1016/0304-4165(72)90222-X,896418128f81011a650fce3ac4c7eee7ac7f4fce,https://doi.org/10.1016/0304-4165(72)90222-X,JournalArticle,unknown,4,brain; brain/neural structure in title,
1972,Increased activity of the sodium-plus-potassium ion-stimulated adenosine triphosphatase in rat brain during electrically induced convulsions.,"R. Castillon, Richard Rodnight",Biochemical Journal,1972-05-01,6,General Brain-AI Structure Reviews and Methods,brain-structure,10.1042/BJ1270083PB,8f0f99ae29b7335b86007c8b956d4eabaee7e791,https://doi.org/10.1042/BJ1270083PB,JournalArticle,unknown,4,brain; brain/neural structure in title,
1972,THE EFFECT OF DIETHYL-α-FLUOROGLUTARATE ON PHOSPHATES AND GLUTAMATE IN SLICES OF RABBIT CEREBRAL CORTEX 1,"H. P. Cohen, S. Lin",Unknown venue,1972-02-01,6,General Brain-AI Structure Reviews and Methods,brain-structure,10.1111/j.1471-4159.1972.tb01361.x,1a1c2acf450124fd559fa3adcafc54f7a846a004,https://doi.org/10.1111/j.1471-4159.1972.tb01361.x,paper,unknown,6,brain; cerebral; cortex; brain/neural structure in title,
1972,The effect of putative transmitters and other agents on phosphoprotein turnover in respiring slices of guinea-pig cerebral cortex.,"M. Reddington, R. Rodnight",Biochemical Journal,1972-02-01,6,General Brain-AI Structure Reviews and Methods,brain-structure,10.1042/BJ1260014PB,a66c91056f99761ecdb5a676888a713e9db748fe,https://doi.org/10.1042/BJ1260014PB,JournalArticle,unknown,6,brain; cerebral; cortex; brain/neural structure in title,
1972,The Use of Microknives in Brain Lesion Studies and the Production of Isolated Brain-stem Islands,G. Ellison,Unknown venue,1972,6,General Brain-AI Structure Reviews and Methods,brain-structure,10.1016/B978-0-12-512302-0.50015-8,e0b1dc3450469f5fb8fc7a1454ac6e92aab310c8,https://doi.org/10.1016/B978-0-12-512302-0.50015-8,paper,unknown,4,brain; brain/neural structure in title,
1972,A Plasma Model of brain Dynamics,N. Hokkyo,Unknown venue,1972-10-01,5,Computational Neuroscience and Brain-Inspired AI,brain-structure,10.1143/PTP.48.1191,fd9d278dc60f1c1ee73fb28de274d2e39f84fa10,https://doi.org/10.1143/PTP.48.1191,paper,unknown,16,brain; computational neuroscience; brain/neural structure in title; explicit brain-structure/AI bridge,
1972,A theoretical model of the cerebral cortex.,F. Lauria,International Journal of Neuroscience,1972,5,Computational Neuroscience and Brain-Inspired AI,brain-structure,10.3109/00207457209147433,e6e823950521bf7c9b1d43e4d9cd86edbbf413e2,https://doi.org/10.3109/00207457209147433,JournalArticle,unknown,17,cerebral; cortex; computational neuroscience; brain/neural structure in title; explicit brain-structure/AI bridge,
1972,Effect of disulfiram and ascorbic acid on catecholamine content in rat brain,"J. A. Izquierdo, I. Jofré, C. Acevedo",The Journal of pharmacy and pharmacology,1972-04-01,5,General Brain-AI Structure Reviews and Methods,brain-structure,10.1111/J.2042-7158.1972.TB08996.X,9067749b9412f864345cf250658005a59ba9edfa,https://doi.org/10.1111/J.2042-7158.1972.TB08996.X,JournalArticle,unknown,4,brain; brain/neural structure in title,
1972,"Isolationof synaptosomes and synaptic membranes from the cerebral cortex of the rat, monkey, cat and pig","W. Mcbride, J. Perkins, H. Mahler, W. Moore",Unknown venue,1972-10-15,5,"Cellular, Synaptic, and Neuromorphic Foundations",brain-structure,10.1016/0024-3205(72)90136-1,58d8467fd6c8d340b421f01ee81363e8f8c6b5fe,https://doi.org/10.1016/0024-3205(72)90136-1,paper,unknown,5,cerebral; cortex; brain/neural structure in title,
1972,La jonction cortico-pie-mérienne et la pénétration des vaisseaux dans le cortex cérébral chez l'Homme,"M. Rascol, J. Izard",Zeitschrift für Zellforschung und Mikroskopische Anatomie,1972-09-01,5,General Brain-AI Structure Reviews and Methods,brain-structure,10.1007/BF00335636,82748cdc261d0fd05b46434292173bf3788ba04f,https://doi.org/10.1007/BF00335636,paper,unknown,5,brain; cortex; brain/neural structure in title,
1972,The assessment of brain damage from a psychometric point of view.,J. Schepers,Forensic Sciences,1972-09-01,5,General Brain-AI Structure Reviews and Methods,brain-structure,10.1016/0300-9432(72)90027-1,6691ac187ab984601402b61db7c52d080f5efddf,https://doi.org/10.1016/0300-9432(72)90027-1,JournalArticle; Review,unknown,4,brain; brain/neural structure in title,
1972,The Neural Mechanism of Cyclopropane Anesthesia in the Rabbit,"K. Mori, Kumi Iwabuchi, M. Kawamata, Kazutomo Ohta, M. Fujita",Anesthesiology,1972-03-01,5,General Brain-AI Structure Reviews and Methods,,10.1097/00000542-197203000-00007,24bdf538a3cb812595aec35e43da11d313916984,https://doi.org/10.1097/00000542-197203000-00007,JournalArticle,unknown,5,brain; neural; brain/neural structure in title,
1972,Ultrastructural changes in dog brains immediately following non-pulsatile extracorporeal circulation and prolonged anaesthesia.,G. Wright,British journal of experimental pathology,1972-10-01,5,General Brain-AI Structure Reviews and Methods,brain-structure,,9d9eac2beb8910b90753d17d0e0c87347561cce8,https://www.semanticscholar.org/paper/9d9eac2beb8910b90753d17d0e0c87347561cce8,JournalArticle,unknown,4,brain; brain/neural structure in title,
1972,[Changes in visually evoked potentials during maturation of the human cerebral cortex].,H. Fichsel,Deutsche Medizinische Wochenschrift,1972-02-11,4,General Brain-AI Structure Reviews and Methods,brain-structure,,80bbad54d0788b61d93c283e5d5a0a2ae4c811b8,https://www.semanticscholar.org/paper/80bbad54d0788b61d93c283e5d5a0a2ae4c811b8,JournalArticle,unknown,7,cerebral; cortex; eeg; meg; brain/neural structure in title,
1972,Brain biochemical changes in rats treated with chlorpromazine and electroshocked during early postnatal development.,A. Vernadakis,Brain Research,1972-07-20,4,General Brain-AI Structure Reviews and Methods,brain-structure,10.1016/0006-8993(72)90539-2,808c0b8136f7e9e286a7d46a3082e421a08158a5,https://doi.org/10.1016/0006-8993(72)90539-2,JournalArticle,unknown,4,brain; brain/neural structure in title,
1972,Effect of ovarian hormones on the uptake of 3 H-leucine by the castrated rat brain. An autoradiographic study.,"K. Seiki, M. Hattori, T. Okada, S. Machida",Endocrinologia Japonica,1972-08-01,4,"Connectomics, Graph Models, and Brain Networks",brain-structure;connectome,10.1507/ENDOCRJ1954.19.375,250dde271098a2b22d65ea8807f0f83321f0ec31,https://doi.org/10.1507/ENDOCRJ1954.19.375,JournalArticle,unknown,4,brain; brain/neural structure in title,
1972,Effects of cerebral stimuli on adenine incorporation into nucleotides and RNA in brain slices from the rat.,"N. Glick, J. H. Quastel",Canadian Journal of Biochemistry,1972-06-01,4,General Brain-AI Structure Reviews and Methods,brain-structure,10.1139/O72-092,25a546e4fc94ef6efb8b6cdbe0867e0c1cc02382,https://doi.org/10.1139/O72-092,JournalArticle,unknown,5,brain; cerebral; brain/neural structure in title,
1972,Electron Microscopic Atlas of Brain Tumors.,P. Duffy,Unknown venue,1972-11-01,4,Clinical NeuroAI and Brain Disorders,brain-structure,10.1001/ARCHNEUR.1972.00490170095017,358270a7d45160d74070ce0c3f70f1d46ed1d5c1,https://doi.org/10.1001/ARCHNEUR.1972.00490170095017,paper,unknown,4,brain; brain/neural structure in title,
1972,Examination of the metabolism of oedematous brain tissue,"J. Dittmann, H. Herrmann, F. Loew",Acta Neurochirurgica,1972-03-01,4,General Brain-AI Structure Reviews and Methods,brain-structure,10.1007/BF01402174,5783439399e0a52be9d44f6aaefebe86f4475181,https://doi.org/10.1007/BF01402174,JournalArticle,unknown,4,brain; brain/neural structure in title,
1972,Influence of neonatal undernutrition on the lipid composition of cerebral cortex and cerebellum of the rat.,"N. E. Ghittoni, I. Faryna de Raveglia",Neurobiology,1972,4,General Brain-AI Structure Reviews and Methods,brain-structure,,d7e158175e8132fc3d8d87deee0e8e33df27e01f,https://www.semanticscholar.org/paper/d7e158175e8132fc3d8d87deee0e8e33df27e01f,JournalArticle,unknown,7,brain; cerebral; cortex; cerebellum; brain/neural structure in title,
1972,Iontophoresis and persisting changes in neuronal firing rate in the cerebral cortex of the unrestrained cat.,B. McCabe,Journal of Physiology,1972-07-01,4,"Cellular, Synaptic, and Neuromorphic Foundations",brain-structure,,331dfa0d8a9245410435a73f75d258947ee78d07,https://www.semanticscholar.org/paper/331dfa0d8a9245410435a73f75d258947ee78d07,JournalArticle,unknown,6,cerebral; cortex; neuron; brain/neural structure in title,
1972,NEURAL MECHANISMS CONTROLLING THE SALIVARY SECRETION,M. Funakoshi,Unknown venue,1972,4,General Brain-AI Structure Reviews and Methods,,10.1016/B978-0-08-016972-9.50008-2,f92190beaac356f98835b4cac01bb6ec2fb65f3c,https://doi.org/10.1016/B978-0-08-016972-9.50008-2,paper,unknown,5,brain; neural; brain/neural structure in title,
1972,Neurochemical characteristics of cerebral cortex quiet neurons,Sherstnev Vv,Unknown venue,1972-02-21,4,"Cellular, Synaptic, and Neuromorphic Foundations",brain-structure,,57f74ab03eda35dfccc7261fad50bc7c320b8f09,https://www.semanticscholar.org/paper/57f74ab03eda35dfccc7261fad50bc7c320b8f09,paper,unknown,6,cerebral; cortex; neuron; brain/neural structure in title,
1972,The prognostic significance of a deep-wedge pattern in transverse section scanning of cerebral infarctions.,"F. Manlio, W. Masland, D. Kuhl, M. Staum",Radiology,1972-04-01,4,General Brain-AI Structure Reviews and Methods,brain-structure,10.1148/103.1.135,8a69275ffb4211ba297a8dc21b8f271dcde0f148,https://doi.org/10.1148/103.1.135,JournalArticle,unknown,2,brain; cerebral,
1972,Unit responses in the somatosensory cerebral cortex of the rat following temperature changes in scrotal skin.,"R. Hellon, K. Provins",Journal of Physiology,1972,4,General Brain-AI Structure Reviews and Methods,brain-structure,,cecdb948bcbb7f4ec582121f039c77235a3f9ae5,https://www.semanticscholar.org/paper/cecdb948bcbb7f4ec582121f039c77235a3f9ae5,JournalArticle,unknown,6,brain; cerebral; cortex; brain/neural structure in title,
1972,DISTRIBUTION OF RIBOSOMAL MATERIAL IN INCUBATED AND ELECTRICALLY STIMULATED CEREBRAL SLICES,"M. Ornellas, David Ackley Jones",Journal of Neurochemistry,1972-03-01,3,General Brain-AI Structure Reviews and Methods,brain-structure,10.1111/j.1471-4159.1972.tb01393.x,eaf2a23602f7009e746838a77150e63eb31bd090,https://doi.org/10.1111/j.1471-4159.1972.tb01393.x,JournalArticle,unknown,2,brain; cerebral,
1972,Ganglioside content of membrane fractions from developing pig cerebellar and cerebral cortex separated in a CsCl-sucrose gradient by zonal centrifugation.,"R. Geison, A. Flangas, S. Kornguth",Brain Research,1972-08-11,3,General Brain-AI Structure Reviews and Methods,brain-structure,10.1016/0006-8993(72)90302-2,ce0671859c514559cd56f1c73e0668fb8c1b1193,https://doi.org/10.1016/0006-8993(72)90302-2,JournalArticle,unknown,6,brain; cerebral; cortex; brain/neural structure in title,
1972,LSD effects on signal-to-noise ratio and lateralization of visual cortex and lateral geniculate during photic stimulation,"P. Étévenon, J. Boissier",Experientia,1972-11-15,3,"Cognitive Architectures, Learning, and Systems Neuroscience",brain-structure,10.1007/BF01965332,9543edea03636e1a1553fa3e59fc12bffa9623ba,https://doi.org/10.1007/BF01965332,JournalArticle,unknown,4,cortex; brain/neural structure in title,
1972,Mechanisms of synchronization of cerebral cortex biopotentials. 3. Analysis of the synchronization effect of biopotentials recorded directly from the cortex,Zhadin Mn,Unknown venue,1972-03-01,3,General Brain-AI Structure Reviews and Methods,brain-structure,,c0bd27ce6968ef603d7e7d08d0ea0c45594bab87,https://www.semanticscholar.org/paper/c0bd27ce6968ef603d7e7d08d0ea0c45594bab87,paper,unknown,6,brain; cerebral; cortex; brain/neural structure in title,
1972,Neck muscle proprioceptors and a role of the cerebral cortex in postural reflexes in subprimates.,V. C. Abrahams,Revue canadienne de biologie,1972,3,General Brain-AI Structure Reviews and Methods,brain-structure,,6bc55ab1c7e8fd309da4a53ac2e241ab54582e78,https://www.semanticscholar.org/paper/6bc55ab1c7e8fd309da4a53ac2e241ab54582e78,JournalArticle,unknown,6,brain; cerebral; cortex; brain/neural structure in title,
1972,Octave ratio as the absolute measurement unit of sensory communication in the cerebral cortex.,T. W. Barrett,Journal of Theoretical Biology,1972,3,General Brain-AI Structure Reviews and Methods,brain-structure,10.1016/0022-5193(72)90056-2,42f052d5282307f9403e3a85ea35340b268e47c7,https://doi.org/10.1016/0022-5193(72)90056-2,JournalArticle,unknown,6,brain; cerebral; cortex; brain/neural structure in title,
1972,Specificity of neurochemical mechanisms of synaptic transmission of heterogenous excitations in the cerebral cortex,Sherstnev Vv,Unknown venue,1972-07-21,3,"Cellular, Synaptic, and Neuromorphic Foundations",brain-structure,,00c2ad9a44aef57bb0277006f285bd39f67199ae,https://www.semanticscholar.org/paper/00c2ad9a44aef57bb0277006f285bd39f67199ae,paper,unknown,5,cerebral; cortex; brain/neural structure in title,
1972,Synthesis of free and membrane-bound ribosomal RNA from cerebral cortex in hypothyroid rats during development.,"S. Geel, T. Valcana",Neurobiology,1972,3,General Brain-AI Structure Reviews and Methods,brain-structure,,44c9cdf58e45abab1236b26b7936a59bef042057,https://www.semanticscholar.org/paper/44c9cdf58e45abab1236b26b7936a59bef042057,JournalArticle,unknown,6,brain; cerebral; cortex; brain/neural structure in title,
1972,The effect of atropine on the metabolism of acetylcholine in the cerebral cortex.,J. Szerb,Progress in Brain Research,1972,3,General Brain-AI Structure Reviews and Methods,brain-structure,10.1016/S0079-6123(08)62517-0,9ed919f6f44b74b6100a84070555856f0b27e8d1,https://doi.org/10.1016/S0079-6123(08)62517-0,JournalArticle,unknown,6,brain; cerebral; cortex; brain/neural structure in title,
1972,The History of Huntington's Chorea,D. Stevens,Journal of the Royal College of Physicians of London,1972-04-01,3,Clinical NeuroAI and Brain Disorders,brain-structure;clinical-neuroai,10.1016/s0035-8819(25)03236-2,d3f0842a23bd10c544326cd87f9b2a0b0ad5c5dc,https://doi.org/10.1016/s0035-8819(25)03236-2,JournalArticle; Review,unknown,3,cerebral; cortex; neuron,"Huntington's chorea is an inherited disorder characterised, in the majority of patients, by the appearance in adult life of progressive chorea and dementia."
1972,Time partition function analysis of a neural network,M. Oonuki,Unknown venue,1972-11-01,3,"Connectomics, Graph Models, and Brain Networks",connectome;deep-learning,10.1007/BF01023682,1968259222c62955efe64c1cee58aac7df8fbd00,https://doi.org/10.1007/BF01023682,paper,unknown,17,brain; neural; neural network; brain/neural structure in title; explicit brain-structure/AI bridge,
1972,Unequal development of two mitochondrial enzymes in neuronal cell bodies and glial cells of rat cerebral cortex.,"O. Z. Sellinger, J. Santiago",Neurobiology,1972,3,"Cellular, Synaptic, and Neuromorphic Foundations",brain-structure,,6b55c73739f5f105ba16964fdd7754629305f442,https://www.semanticscholar.org/paper/6b55c73739f5f105ba16964fdd7754629305f442,JournalArticle,unknown,6,cerebral; cortex; neuron; brain/neural structure in title,
1972,Uptake and metabolism of cortisol and corticosterone by rat cerebral cortex in vivo.,"B. I. Grosser, D. J. Reed",Experimental Neurology,1972-07-01,3,General Brain-AI Structure Reviews and Methods,brain-structure,10.1016/0014-4886(72)90141-0,d94b682b9995e9f0916033b8fa6f883dcd424b90,https://doi.org/10.1016/0014-4886(72)90141-0,JournalArticle,unknown,5,cerebral; cortex; brain/neural structure in title,
1972,Étude ultrastructurale des modifications du cortex cérébral au voisinage d'un foyer épileptogène à la crême d'alumine,C. Baleydier,Acta Neuropathologica,1972-03-01,3,General Brain-AI Structure Reviews and Methods,brain-structure,10.1007/BF00687898,b05e32a95fa0b42fc1fccae05998818e121954bd,https://doi.org/10.1007/BF00687898,paper,unknown,5,brain; cortex; brain/neural structure in title,
1972,"[Absolute number of nerve cells and thickness of the cerebral cortex during aging and in disease (senile and vascular dementia, Pick's and Alzheimer's diseases)].",V. F. Shefer,Zhurnal Nevropatologii I Psikhiatrii Imeni S S Korsakova,1972,2,Clinical NeuroAI and Brain Disorders,brain-structure;clinical-neuroai,,f6d0b11f64a529627eac8e8a6b9aec280a19ef14,https://www.semanticscholar.org/paper/f6d0b11f64a529627eac8e8a6b9aec280a19ef14,JournalArticle,unknown,5,cerebral; cortex; brain/neural structure in title,
1972,"[Evoked potentials of the cerebral cortex, subcortical structures and behavioral responses following lesion of the globus pallidus in cats].","Cherkes Va, Lukhanina Ep",Unknown venue,1972-03-01,2,"Cognitive Architectures, Learning, and Systems Neuroscience",brain-structure,,6ede6e9d19a4e556c48f0607912cf651c5b5234e,https://www.semanticscholar.org/paper/6ede6e9d19a4e556c48f0607912cf651c5b5234e,paper,unknown,8,cerebral; cortex; cortical; eeg; meg; brain/neural structure in title,
1972,[Features of the connections between the ventrobasal complex of the thalamus and the parietal and somatosensory regions of the cat cerebral cortex].,"O. Adrianov, A. Poliakova",Zhurnal vyssheĭ nervnoĭ deiatelnosti imeni I P Pavlova,1972-09-01,2,General Brain-AI Structure Reviews and Methods,brain-structure,,b70fb5b281b5cd25e457fe701f1dfea9fd418916,https://www.semanticscholar.org/paper/b70fb5b281b5cd25e457fe701f1dfea9fd418916,JournalArticle,unknown,7,brain; cerebral; cortex; thalamus; brain/neural structure in title,
1972,[Vestibular projections on the cerebral cortex].,"G. Molinari, S. Mingrino, E. Bet",JFORL. Journal francais d'oto-rhino-laryngologie; audiophonologie et chirurgie maxillo-faciale,1972-05-01,2,General Brain-AI Structure Reviews and Methods,brain-structure,,873e5c4d4fc96a2f7139fc4ca4ad8f2ade10d919,https://www.semanticscholar.org/paper/873e5c4d4fc96a2f7139fc4ca4ad8f2ade10d919,JournalArticle,unknown,6,brain; cerebral; cortex; brain/neural structure in title,
1972,Atlas of the Arteries of the Human Brain.,F. Plum,Unknown venue,1972-08-01,2,General Brain-AI Structure Reviews and Methods,brain-structure,10.1001/archneur.1972.00490140093017,701b1170df6a0f82a67c1303e804c5b2c05ec4aa,https://doi.org/10.1001/archneur.1972.00490140093017,paper,unknown,4,brain; brain/neural structure in title,
1972,CHAPTER 1 - ANATOMY AND PHYSIOLOGY OF THE CEREBRAL CORTEX,L. Kiloh,Unknown venue,1972,2,General Brain-AI Structure Reviews and Methods,brain-structure,10.1016/B978-0-407-13602-1.50006-4,954f1d04b5d5b136d6a6eb43b9ed9a138230784d,https://doi.org/10.1016/B978-0-407-13602-1.50006-4,paper,unknown,6,brain; cerebral; cortex; brain/neural structure in title,
1972,Delayed Brain Swelling after X-Irradiation of the Visual Cortex in the Macaca Mulatta,"W. Caveness, Motohiro Kato, A. Tanaka, K. Hess, M. Tso, L. Zimmerman",Unknown venue,1972,2,"Cognitive Architectures, Learning, and Systems Neuroscience",brain-structure,10.1007/978-3-642-65486-2_22,666e7b3ce49ea34e5cf1c0232d9d714f3395a50a,https://doi.org/10.1007/978-3-642-65486-2_22,paper,unknown,5,brain; cortex; brain/neural structure in title,
1972,Differential effects of anesthetics on neutral proteinase activity of rat brain regions according to time of day.,"G. F. Buletza, W. Quay",Brain Research,1972-11-13,2,General Brain-AI Structure Reviews and Methods,brain-structure,10.1016/0006-8993(72)90027-3,ee2bdaf396d1a42583ca862f54bad8546583905f,https://doi.org/10.1016/0006-8993(72)90027-3,JournalArticle,unknown,4,brain; brain/neural structure in title,
1972,"Effect of injected human immunoglobulins on fetal rat development. Spinal, neural and osseous changes",B. Kamrin,The Anatomical Record,1972-06-01,2,General Brain-AI Structure Reviews and Methods,,10.1002/ar.1091730206,bd4f0125aa3cd03fbac7e585b117075a009e1126,https://doi.org/10.1002/ar.1091730206,JournalArticle,unknown,5,brain; neural; brain/neural structure in title,
1972,Effect of nikethamide on oxidative metabolsm of mitochondria in the rabbit cerebral cortex,"A. M. Zubovskaya, D. Purev",Bulletin of experimental biology and medicine,1972-03-01,2,General Brain-AI Structure Reviews and Methods,brain-structure,10.1007/BF00803448,b15750b6971842323d3d75d685f87f754bbcdc86,https://doi.org/10.1007/BF00803448,paper,unknown,6,brain; cerebral; cortex; brain/neural structure in title,
1972,EPILEPTIC SENSITIZATION Spontaneous and Induced Activity of Unsensitized and Sensitized Acutely Isolated Cerebral Cortex,F. Torres,Epilepsia,1972-08-01,2,General Brain-AI Structure Reviews and Methods,brain-structure,10.1111/j.1528-1157.1972.tb04394.x,f7a5eb0e895dec434c549c668e42e2fb2fda0da2,https://doi.org/10.1111/j.1528-1157.1972.tb04394.x,JournalArticle,unknown,6,brain; cerebral; cortex; brain/neural structure in title,
1972,Evoked potentials in the caudate nucleus of the monkey Macaca rhesus in response to stimulation of different areas of the ipsilateral cerebral cortex,"Tolkunov Bf, Khasabov Ga",Unknown venue,1972-07-01,2,General Brain-AI Structure Reviews and Methods,brain-structure,,6d87f4ef6196850e53d187aa806a05f4bc4a26bb,https://www.semanticscholar.org/paper/6d87f4ef6196850e53d187aa806a05f4bc4a26bb,paper,unknown,7,cerebral; cortex; eeg; meg; brain/neural structure in title,
1972,Factors influencing the release of prostaglandins from the cerebral cortex.,G. Samuels,Progress in Brain Research,1972,2,General Brain-AI Structure Reviews and Methods,brain-structure,10.1016/S0079-6123(08)62518-2,3b9d8773c685086bef8a912be041bc903a40f892,https://doi.org/10.1016/S0079-6123(08)62518-2,JournalArticle,unknown,6,brain; cerebral; cortex; brain/neural structure in title,
1972,Fine Structural Changes of the Rabbit Brain in the Cardiazol-Convulsion,"J. Koizumi, H. Shiraishi",Folia psychiatrica et neurologica japonica,1972-06-01,2,General Brain-AI Structure Reviews and Methods,brain-structure,10.1111/j.1440-1819.1972.tb01121.x,a5b41e7fec7db40630025e0381d1cf6af3dc69ab,https://doi.org/10.1111/j.1440-1819.1972.tb01121.x,JournalArticle,unknown,4,brain; brain/neural structure in title,
1972,Neural Correlates of Learning and Memory,E. John,Unknown venue,1972,2,"Cognitive Architectures, Learning, and Systems Neuroscience",,10.1007/978-3-642-95201-2_16,8f4bcee6268ac9c5f52d0a6b4a665d8dc6ba1124,https://doi.org/10.1007/978-3-642-95201-2_16,paper,unknown,8,neural; brain/neural structure in title; historical computation/learning bridge,
1972,Nucleolar vacuolization of human cerebral cortex neurons,Oksova Ee,Unknown venue,1972-10-01,2,"Cellular, Synaptic, and Neuromorphic Foundations",brain-structure,,551ca327f5e43f3061ff16085d0750f5ec0bff85,https://www.semanticscholar.org/paper/551ca327f5e43f3061ff16085d0750f5ec0bff85,paper,unknown,6,cerebral; cortex; neuron; brain/neural structure in title,
1972,On the phospholipase A 2 activity of human cerebral cortex.,"M. Cooper, G. Webster",Journal of Neurochemistry,1972,2,General Brain-AI Structure Reviews and Methods,brain-structure,,40a2fed1dc11c50259642f702364a25546857051,https://www.semanticscholar.org/paper/40a2fed1dc11c50259642f702364a25546857051,JournalArticle,unknown,6,brain; cerebral; cortex; brain/neural structure in title,
1972,Pentose cycle in bovine brain: effect of short-chain fatty acids.,Kammula Rg,American Journal of Veterinary Research,1972-11-01,2,General Brain-AI Structure Reviews and Methods,brain-structure,10.2460/ajvr.1972.33.11.2179,13f32069b9b4528c9cff6a6777132c43ed5872a8,https://doi.org/10.2460/ajvr.1972.33.11.2179,JournalArticle,unknown,6,brain; cerebral; cortex; brain/neural structure in title,The activity of the pentose cycle was quantitatively estimated in slices of cerebral cortex and cerebellar cortex of 1-day-old calves and 2-year-old cows.
1972,Serologic Specificities of Brain Subcellular Organelles,"H. Herschman, C. Cotman, D. A. Matthews",Journal of Immunology,1972-05-01,2,"Cellular, Synaptic, and Neuromorphic Foundations",brain-structure,10.4049/jimmunol.108.5.1362,ef69deef062585262451158f6b0fd580571daa89,https://doi.org/10.4049/jimmunol.108.5.1362,paper,unknown,7,brain; cerebral; cortex; cortical; brain/neural structure in title,Antisera were prepared to synaptosomal fractions isolated from rat cerebral cortex.
1972,Spatial organization of cat visual system. II. Topology and interaction in geniculo-cortical projection.,"L. Storck, W. Battersby, T. Frumkes",Electroencephalography and Clinical Neurophysiology,1972-04-01,2,"Connectomics, Graph Models, and Brain Networks",brain-structure;connectome;neural-signals;clinical-neuroai,10.1016/0013-4694(72)90007-7,588365e5cf0ba5f7408748de519aef12e96b827c,https://doi.org/10.1016/0013-4694(72)90007-7,JournalArticle,unknown,3,cortical; eeg; meg,
1972,Spreading cortical depression and acetylcholinesterase activity in rat cerebral cortex.,J. Křivánek,Physiologia Bohemoslovaca,1972,2,General Brain-AI Structure Reviews and Methods,brain-structure,,ff1c7200e55a1bf63b0284d949043985e6b389e1,https://www.semanticscholar.org/paper/ff1c7200e55a1bf63b0284d949043985e6b389e1,JournalArticle,unknown,7,brain; cerebral; cortex; cortical; brain/neural structure in title,
1972,Unit responses in the somatosensory cerebral cortex of the rat following temperature changes in scrotal skin.,"Hellon Rf, Provins Ka",Unknown venue,1972-04-01,2,General Brain-AI Structure Reviews and Methods,brain-structure,,c94c552f6a9f3dbf19ea3b54b9ca17a373b00111,https://www.semanticscholar.org/paper/c94c552f6a9f3dbf19ea3b54b9ca17a373b00111,paper,unknown,6,brain; cerebral; cortex; brain/neural structure in title,
1972,"[Changes in the summary electrical activity of the mesencephalic reticular formation, hippocampus and cerebral cortex due to hydrocortisone and DOCA].",Malyshenko Nm,Unknown venue,1972-04-01,1,General Brain-AI Structure Reviews and Methods,brain-structure,,e1fcd20f8d8f11ea0804f15d8b0ebdb37ad16ed6,https://www.semanticscholar.org/paper/e1fcd20f8d8f11ea0804f15d8b0ebdb37ad16ed6,paper,unknown,6,cerebral; cortex; hippocampus; brain/neural structure in title,
1972,"[Cytoarchitectonic study of the cerebral cortex in reptiles. I. Areas and cortical nucleus in Lacerta galloti, Chalcides viridanus and Tarentola mauritanica].","A. Molowny, C. López, F. Marín",Trabajos del Instituto Cajal de investigaciones biologicas,1972,1,General Brain-AI Structure Reviews and Methods,brain-structure,,6cdd723a538b6a4b727ff2e6de41fd63ff1f2b73,https://www.semanticscholar.org/paper/6cdd723a538b6a4b727ff2e6de41fd63ff1f2b73,JournalArticle; Study,unknown,7,brain; cerebral; cortex; cortical; brain/neural structure in title,
1972,[Determination of age dependence of trace element concentrations in human cerebral cortex and basal ganglia].,"H. Schicha, K. Kasperek, H. Klein, L. Feinendegen",RöFo. Fortschritte auf dem Gebiet der Röntgenstrahlen und der bildgebenden Verfahren (Print),1972,1,General Brain-AI Structure Reviews and Methods,brain-structure,,b27a20277aeedcddc43d90915d19de2d77e0e440,https://www.semanticscholar.org/paper/b27a20277aeedcddc43d90915d19de2d77e0e440,JournalArticle,unknown,6,cerebral; cortex; basal ganglia; brain/neural structure in title,
1972,[Effect of the cerebral cortex on the frequency-threshold characteristics of electric reactions of the bat inferior colliculus].,Kulikov Ga,Unknown venue,1972-09-01,1,General Brain-AI Structure Reviews and Methods,brain-structure,,de75fd08a37cc64b386bab4da0f261fa115209d9,https://www.semanticscholar.org/paper/de75fd08a37cc64b386bab4da0f261fa115209d9,paper,unknown,6,brain; cerebral; cortex; brain/neural structure in title,
1972,[Effect of the cerebral cortex on the frequency-threshold characteristics of electric reactions of the bat inferior colliculus].,G. A. Kulikov,Zhurnal evoliutsionnoi biokhimii i fiziologii,1972,1,General Brain-AI Structure Reviews and Methods,brain-structure,,a4f3a6b090c2f77deb0b49cd8e60ee0dd1011004,https://www.semanticscholar.org/paper/a4f3a6b090c2f77deb0b49cd8e60ee0dd1011004,JournalArticle,unknown,6,brain; cerebral; cortex; brain/neural structure in title,
1972,[Evoked potentials in the caudate nucleus of the monkey Macaca rhesus in response to stimulation of different areas of the ipsilateral cerebral cortex].,"B. F. Tolkunov, G. A. Khasabov",Zhurnal evoliutsionnoi biokhimii i fiziologii,1972,1,General Brain-AI Structure Reviews and Methods,brain-structure,,e66d04d2f1d3b81ebec9a2a5639331a732b12c55,https://www.semanticscholar.org/paper/e66d04d2f1d3b81ebec9a2a5639331a732b12c55,JournalArticle,unknown,7,cerebral; cortex; eeg; meg; brain/neural structure in title,
1972,[Mechanisms of synchronization of cerebral cortex biopotentials. 3. Analysis of the synchronization effect of biopotentials recorded directly from the cortex].,M. Zhadin,Biofizika,1972,1,General Brain-AI Structure Reviews and Methods,brain-structure,,cc0710be4570211c8f0d8cd276158352e4559f65,https://www.semanticscholar.org/paper/cc0710be4570211c8f0d8cd276158352e4559f65,JournalArticle,unknown,6,brain; cerebral; cortex; brain/neural structure in title,
1972,[Nucleolar vacuolization of human cerebral cortex neurons].,E. E. Oksova,"Arkhiv anatomii, gistologii i embriologii",1972,1,"Cellular, Synaptic, and Neuromorphic Foundations",brain-structure,,ce86ae4ba2688a91fb3de37c67ca8683e4aa52ea,https://www.semanticscholar.org/paper/ce86ae4ba2688a91fb3de37c67ca8683e4aa52ea,JournalArticle,unknown,6,cerebral; cortex; neuron; brain/neural structure in title,
1972,"[Oxygen consumption and ""critical"" oxygen tension for the cerebral cortex in situ].","Ivanov Kp, Kalinina Mk",Unknown venue,1972-10-01,1,General Brain-AI Structure Reviews and Methods,brain-structure,,7d8a7e1d02b1fa493ba5293d99a8d89216ab41d0,https://www.semanticscholar.org/paper/7d8a7e1d02b1fa493ba5293d99a8d89216ab41d0,paper,unknown,6,brain; cerebral; cortex; brain/neural structure in title,
1972,"[Oxygen consumption and ""critical"" oxygen tension for the cerebral cortex in situ].","K. Ivanov, M. K. Kalinina",Fiziologicheskii zhurnal SSSR imeni I. M. Sechenova,1972,1,General Brain-AI Structure Reviews and Methods,brain-structure,,225cf53d4a62bbe5c0e2d88b93edb53a27d7684d,https://www.semanticscholar.org/paper/225cf53d4a62bbe5c0e2d88b93edb53a27d7684d,JournalArticle,unknown,6,brain; cerebral; cortex; brain/neural structure in title,
1972,[Pigmental architecture of cerebral cortex in the human].,H. Braak,Verhandlungen der Anatomischen Gesellschaft,1972,1,General Brain-AI Structure Reviews and Methods,brain-structure,,4f062e130098cdc65e8cfd2b03f74daa464bf7a6,https://www.semanticscholar.org/paper/4f062e130098cdc65e8cfd2b03f74daa464bf7a6,JournalArticle,unknown,6,brain; cerebral; cortex; brain/neural structure in title,
1972,[Specificity of neurochemical mechanisms of synaptic transmission of heterogenous excitations in the cerebral cortex].,V. Sherstnev,Doklady Akademii nauk SSSR,1972,1,"Cellular, Synaptic, and Neuromorphic Foundations",brain-structure,,3d8af3a6aad27f65df8474cd67ee469fd642abe9,https://www.semanticscholar.org/paper/3d8af3a6aad27f65df8474cd67ee469fd642abe9,JournalArticle,unknown,5,cerebral; cortex; brain/neural structure in title,
1972,Amino acid incorporation in vitro into proteins of cerebral cortex and anterior pituitary gland of developing normal and hypothyroid rats.,"I. Szijan, M. Bibiloni, C. J. Gomez",Neurobiology,1972,1,General Brain-AI Structure Reviews and Methods,brain-structure,,adb252058dce977d8dfd2629f2e38f084d5bb39b,https://www.semanticscholar.org/paper/adb252058dce977d8dfd2629f2e38f084d5bb39b,JournalArticle,unknown,6,brain; cerebral; cortex; brain/neural structure in title,
1972,"Catecholamine secretion from the adrenal gland treated with neuraminidase, protamine or alkylating agent.","K. Iwatsubo, Iwao Yamamoto",Japanese Journal of Pharmacology,1972,1,"Cellular, Synaptic, and Neuromorphic Foundations",brain-structure,10.1254/JJP.22.577,a2d31b2cb376078cd46732cc3cb77c7a104b24a8,https://doi.org/10.1254/JJP.22.577,JournalArticle,unknown,3,brain; cerebral; cortex,"Abstract It has been shown that brain gangliosides are concentrated in microsomal fractions and in synaptic membranes (1-3) and that the increased respiratory responses of cerebral cortex slices to stimulation are inhibited by basic proteins such as histones and protamines and alkylating agents which form covalent linkages in aqueous solutions with carboxylic and other acidic groupings (4, 5)."
1972,Correlation of electrical and morphological phenomena in the rabbit cerebral cortex,"Aleksandrovskaia Mm, Chizhenkova Ra",Unknown venue,1972-01-21,1,General Brain-AI Structure Reviews and Methods,brain-structure,,a8780d78e4eae72665bddcb720c49b00ef08f1e0,https://www.semanticscholar.org/paper/a8780d78e4eae72665bddcb720c49b00ef08f1e0,paper,unknown,6,brain; cerebral; cortex; brain/neural structure in title,
1972,Incorporation of 14C from glucose into glycogen and some amino acids of cerebral cortex influenced by potassium ions in vivo.,J. Křivánek,Physiologia Bohemoslovaca,1972,1,General Brain-AI Structure Reviews and Methods,brain-structure,,4c04ba7074bbd4003744fb1a450300be925754c9,https://www.semanticscholar.org/paper/4c04ba7074bbd4003744fb1a450300be925754c9,JournalArticle,unknown,6,brain; cerebral; cortex; brain/neural structure in title,
1972,Mathematical approach to the study of the cerebral cortex. IV. The spread of excitation in the space and time domains.,F. Lauria,Journal of Theoretical Biology,1972-04-01,1,General Brain-AI Structure Reviews and Methods,brain-structure,10.1016/0022-5193(72)90199-3,0c09719e828854e49295c0859869e87f518fc78c,https://doi.org/10.1016/0022-5193(72)90199-3,JournalArticle,unknown,6,brain; cerebral; cortex; brain/neural structure in title,
1972,Spatial organization of the functional mosaic of neuronal ensembles in the cerebral cortex,"Kogan Ab, Vladimirskiĭ Bm, Tambiev Ae, Fomin Gp",Unknown venue,1972-10-21,1,"Cellular, Synaptic, and Neuromorphic Foundations",brain-structure,,c07641ad7abfe78e53362797053038cdba57c2b5,https://www.semanticscholar.org/paper/c07641ad7abfe78e53362797053038cdba57c2b5,paper,unknown,6,cerebral; cortex; neuron; brain/neural structure in title,
1972,The effect of pyrogenal and acute hyperthermia on the electrical activity of the intact and isolated rabbit cerebral cortex,Lindenbraten Vd,Unknown venue,1972-05-01,1,General Brain-AI Structure Reviews and Methods,brain-structure,,4199e66beeba87362ff61c3f23040f41e6132932,https://www.semanticscholar.org/paper/4199e66beeba87362ff61c3f23040f41e6132932,paper,unknown,6,brain; cerebral; cortex; brain/neural structure in title,
1972,WRITING DISORDERS IN 47 LEFT-HANDED PATIENTS WITH UNILATERAL CEREBRAL LESIONS,P. Marcie,Unknown venue,1972-09-01,1,Clinical NeuroAI and Brain Disorders,brain-structure;clinical-neuroai,10.1080/00207411.1972.11448582,6fb309b200ea53c4a20fc247c6e6c7e18aaeb87c,https://doi.org/10.1080/00207411.1972.11448582,paper,unknown,1,cerebral,
1972,1 - Principles of Synaptogenesis and Their Application to Ontogenetic Studies of Mammalian Cerebral Cortex*,"D. Purpura, R. Shofer",Unknown venue,1972,0,General Brain-AI Structure Reviews and Methods,brain-structure,10.1016/B978-0-12-176250-6.50007-0,493584bcd62eef6686fddb6b64c89267e3a9684b,https://doi.org/10.1016/B978-0-12-176250-6.50007-0,paper,unknown,6,brain; cerebral; cortex; brain/neural structure in title,
1972,[(Na + --K + )-dependent adenosine triphosphatase in the renal medulla and cortex of rabbits with ischemic cerebral hypertension].,"Postnov IuV, Dzhandzhugazian Kn, Reznikova Mb, Petrunina La, Gor'kova Si",Unknown venue,1972-12-01,0,General Brain-AI Structure Reviews and Methods,brain-structure,,5994e7a82abdaed42c63f2f559f2207cae3d2389,https://www.semanticscholar.org/paper/5994e7a82abdaed42c63f2f559f2207cae3d2389,paper,unknown,6,brain; cerebral; cortex; brain/neural structure in title,
1972,[(Na + --K + )-dependent adenosine triphosphatase in the renal medulla and cortex of rabbits with ischemic cerebral hypertension].,"I. V. Postnov, K. N. Dzhandzhugazian, M. Reznikova, L. A. Petrunina, S. I. Gor'kova",Kardiologiia,1972,0,General Brain-AI Structure Reviews and Methods,brain-structure,,2843dd008e30d6012f9260879b3475d16e53822e,https://www.semanticscholar.org/paper/2843dd008e30d6012f9260879b3475d16e53822e,JournalArticle,unknown,6,brain; cerebral; cortex; brain/neural structure in title,
1972,[A correlation analysis of the relationship between hearing and speech disorders in lesions of the temporal regions of the cerebral cortex].,"V. Li, Tonkonogiĭ Im",Zhurnal Nevropatologii I Psikhiatrii Imeni S S Korsakova,1972,0,General Brain-AI Structure Reviews and Methods,brain-structure,,1637718cf2074b8a0e62f65473e42d9d144b8b11,https://www.semanticscholar.org/paper/1637718cf2074b8a0e62f65473e42d9d144b8b11,JournalArticle,unknown,6,brain; cerebral; cortex; brain/neural structure in title,
1972,[A microangiographic study of the cerebral cortex in the syndrome of senile dementia].,M. Collard,Acta radiologica: diagnosis,1972,0,Clinical NeuroAI and Brain Disorders,brain-structure;connectome;clinical-neuroai,10.1177/02841851720130p110,52a46d3095cc373e0004361a2b2a75817a81c01c,https://doi.org/10.1177/02841851720130p110,JournalArticle,unknown,5,cerebral; cortex; brain/neural structure in title,
1972,[Accelerated method of obtaining synaptosomes from rat cerebral cortex].,"V. Shevtsov, O. Pozdniakov, I. Musin, R. N. Glebov",Biulleten' eksperimental'noi biologii i meditsiny,1972,0,General Brain-AI Structure Reviews and Methods,brain-structure,,82a6a91112236e907d17280a898ec744f42caf18,https://www.semanticscholar.org/paper/82a6a91112236e907d17280a898ec744f42caf18,JournalArticle,unknown,6,brain; cerebral; cortex; brain/neural structure in title,
1972,[Action of some drugs used for cerebral vascular insufficiency on somesthesic primary potentials evoked at the level of cortex and thalamus in the cat in a state of acute cerebral ischemia].,"P. Rossignol, R. Boulu, M. Ribart, C. Paultre, S. Bache, B. Truelle",Comptes rendus hebdomadaires des seances de l'Academie des sciences. Serie D: Sciences naturelles,1972-05-29,0,General Brain-AI Structure Reviews and Methods,brain-structure,,36f9de69f1365717aa3bea0696e66971393aa539,https://www.semanticscholar.org/paper/36f9de69f1365717aa3bea0696e66971393aa539,JournalArticle,unknown,7,brain; cerebral; cortex; thalamus; brain/neural structure in title,
1972,[Activity of ATPase systems in various fractions of rat cerebral cortex microsomes].,"R. N. Glebov, E. Grishankova, A. Mezentsev, A. M. Komagorov",Биохимия,1972,0,General Brain-AI Structure Reviews and Methods,brain-structure,,5dbceeba08373b3a6c1d6b9f32b607c3f2f83b74,https://www.semanticscholar.org/paper/5dbceeba08373b3a6c1d6b9f32b607c3f2f83b74,JournalArticle,unknown,6,brain; cerebral; cortex; brain/neural structure in title,
1972,[Autopsy of subacute spongiform encephalopathy--diffuse spongy state of the cerebral cortex in a case terminating in death within 65 days].,"K. Hamaguchi, Y. Kato, S. Nakamura, H. Matsuyama",Rinshō shinkeigaku Clinical neurology,1972-06-01,0,Clinical NeuroAI and Brain Disorders,brain-structure;clinical-neuroai,,c06420ad3e859844906882dc1ef9ee9813944977,https://www.semanticscholar.org/paper/c06420ad3e859844906882dc1ef9ee9813944977,JournalArticle,unknown,5,cerebral; cortex; brain/neural structure in title,
1972,[Bioelectrical processes in the cerebral cortex and in antagonistic muscles during formation of precision movements in dogs].,"I. Denisova, S. A. Kosilov",Zhurnal vyssheĭ nervnoĭ deiatelnosti imeni I P Pavlova,1972,0,General Brain-AI Structure Reviews and Methods,brain-structure,,4c7b5965ef7cf2da108915b185a50d7b03285aeb,https://www.semanticscholar.org/paper/4c7b5965ef7cf2da108915b185a50d7b03285aeb,JournalArticle,unknown,6,brain; cerebral; cortex; brain/neural structure in title,
1972,[Bundles of dendrites in cerebral cortex].,"K. Fleischhauer, H. Petsche",Verhandlungen der Anatomischen Gesellschaft,1972,0,General Brain-AI Structure Reviews and Methods,brain-structure,,5201163c35c7986feb15f011cd2aa2aca3835585,https://www.semanticscholar.org/paper/5201163c35c7986feb15f011cd2aa2aca3835585,JournalArticle,unknown,6,brain; cerebral; cortex; brain/neural structure in title,
1972,[Changes in the oxygen tension in the rabbit cerebral cortex under the effect of ultrasound].,"E. Zhuk, V. R. Faitel'berg-Blank",Fiziolohichnyĭ zhurnal,1972,0,General Brain-AI Structure Reviews and Methods,brain-structure,,687aa5fc7879d264290e3bb905a201e2962a83cf,https://www.semanticscholar.org/paper/687aa5fc7879d264290e3bb905a201e2962a83cf,JournalArticle,unknown,6,brain; cerebral; cortex; brain/neural structure in title,
1972,"[Changes in the summary electrical activity of the mesencephalic reticular formation, hippocampus and cerebral cortex due to hydrocortisone and DOCA].",N. M. Malyshenko,Fiziologicheskii zhurnal SSSR imeni I. M. Sechenova,1972,0,General Brain-AI Structure Reviews and Methods,brain-structure,,95520d6ad23ae590c6701e4859834df7ad9230d1,https://www.semanticscholar.org/paper/95520d6ad23ae590c6701e4859834df7ad9230d1,JournalArticle,unknown,6,cerebral; cortex; hippocampus; brain/neural structure in title,
1972,[Characteristics of direct cortical responses and effect of tetanization of the cerebral cortex on these responses].,"E. Crighel, L. I. Chilingarian",Zhurnal vyssheĭ nervnoĭ deiatelnosti imeni I P Pavlova,1972,0,General Brain-AI Structure Reviews and Methods,brain-structure,,f5a3c835645688d6a8829f082615c1e377f80376,https://www.semanticscholar.org/paper/f5a3c835645688d6a8829f082615c1e377f80376,JournalArticle,unknown,7,brain; cerebral; cortex; cortical; brain/neural structure in title,
1972,"[Commissural connections of the somatosensory, motor and frontal regions of the cat cerebral cortex].",Fedorova Kp,Unknown venue,1972,0,General Brain-AI Structure Reviews and Methods,brain-structure,,fe42aac573a9cfc96b04c6b9a67151cf678dc500,https://www.semanticscholar.org/paper/fe42aac573a9cfc96b04c6b9a67151cf678dc500,paper,unknown,6,brain; cerebral; cortex; brain/neural structure in title,
1972,"[Commissural connections of the somatosensory, motor and frontal regions of the cat cerebral cortex].",K. Fedorova,Zhurnal vyssheĭ nervnoĭ deiatelnosti imeni I P Pavlova,1972,0,General Brain-AI Structure Reviews and Methods,brain-structure,,91aeb6ba5f18529104b9afb24620924af2da47c8,https://www.semanticscholar.org/paper/91aeb6ba5f18529104b9afb24620924af2da47c8,JournalArticle,unknown,6,brain; cerebral; cortex; brain/neural structure in title,
1972,[Comparative study of cerebral involutive changes in mental patients. 3. Temporal cortex].,J. Boya,Archivos de neurobiologia,1972,0,Clinical NeuroAI and Brain Disorders,brain-structure;clinical-neuroai,,d4695b033d78b46720e29df9aad8875ca551311a,https://www.semanticscholar.org/paper/d4695b033d78b46720e29df9aad8875ca551311a,JournalArticle,unknown,5,cerebral; cortex; brain/neural structure in title,
1972,[Comparative study of the electrical activity of the cerebellar cortex and cerebral cortex].,L. Kazarian,Zhurnal eksperimental'noi i klinicheskoi meditsiny,1972,0,General Brain-AI Structure Reviews and Methods,brain-structure,,a94525804111e28b3a69c2d01ca47822a30a515e,https://www.semanticscholar.org/paper/a94525804111e28b3a69c2d01ca47822a30a515e,JournalArticle; Study,unknown,6,brain; cerebral; cortex; brain/neural structure in title,
1972,[Convergence of visceral origin on neurons of the cerebral cortex in cats].,"J. Crousillat, M. Aubert, F. Ranieri",Journal of Physiology,1972,0,"Cellular, Synaptic, and Neuromorphic Foundations",brain-structure,,d56750954595eeddeee8fafd195b766f4878b219,https://www.semanticscholar.org/paper/d56750954595eeddeee8fafd195b766f4878b219,JournalArticle,unknown,6,cerebral; cortex; neuron; brain/neural structure in title,
1972,[Correlation of electrical and morphological phenomena in the rabbit cerebral cortex].,"M. M. Aleksandrovskaia, R. Chizhenkova",Doklady Akademii nauk SSSR,1972,0,General Brain-AI Structure Reviews and Methods,brain-structure,,9955671dda40dcedd24a8f968edc29392a04dfec,https://www.semanticscholar.org/paper/9955671dda40dcedd24a8f968edc29392a04dfec,JournalArticle,unknown,6,brain; cerebral; cortex; brain/neural structure in title,
1972,[Cytochemical characteristics of the neurons and neuroglia of the visual region of the cat cerebral cortex].,M. M. Busniuk,"Arkhiv anatomii, gistologii i embriologii",1972,0,"Cellular, Synaptic, and Neuromorphic Foundations",brain-structure,,d03b0e7717c0f251d2fc5b3c67b5bbe2ddef2763,https://www.semanticscholar.org/paper/d03b0e7717c0f251d2fc5b3c67b5bbe2ddef2763,JournalArticle,unknown,6,cerebral; cortex; neuron; brain/neural structure in title,
1972,[Directional changes in the zonal blood flow of the cerebral cortex and focal stimulation of the brain].,N. M. Ryzhova,Biulleten' eksperimental'noi biologii i meditsiny,1972,0,General Brain-AI Structure Reviews and Methods,brain-structure,,a4b974cd12176b11937a04cbfb9130eea7fb1601,https://www.semanticscholar.org/paper/a4b974cd12176b11937a04cbfb9130eea7fb1601,JournalArticle,unknown,6,brain; cerebral; cortex; brain/neural structure in title,
1972,[Distribution of unit spontaneous activities in the neonatal cerebral cortex as a function of age and depth in rats].,H. Axelrad,Journal of Physiology,1972,0,General Brain-AI Structure Reviews and Methods,brain-structure,,de642938981ded7795ff75f114c0466a5cbbd5dd,https://www.semanticscholar.org/paper/de642938981ded7795ff75f114c0466a5cbbd5dd,JournalArticle,unknown,6,brain; cerebral; cortex; brain/neural structure in title,
1972,[Dynamics of the shifts in the level of free amino acids in the cerebral cortex and blood serum during dying and subsequent resuscitation].,"S. Khachatrian, N. G. Episkoposian",Patologicheskaia fiziologiia i eksperimental'naia terapiia,1972,0,General Brain-AI Structure Reviews and Methods,brain-structure,,def660322415929fe47629c269d96ceef509d5da,https://www.semanticscholar.org/paper/def660322415929fe47629c269d96ceef509d5da,JournalArticle,unknown,6,brain; cerebral; cortex; brain/neural structure in title,
1972,[Effect of adrenal cortex hormones on the content and equilibrium of mineral elements in rat cerebral hemispheres].,"R. A. Aĭdinian, S. P. Vlasenko, A. O. Ter-Sarkisian, A. S. Khachkavanktsian",Problemy Endokrinologii,1972,0,General Brain-AI Structure Reviews and Methods,brain-structure,,3e86c578800c0f8ca18ebb12707211a802341f9b,https://www.semanticscholar.org/paper/3e86c578800c0f8ca18ebb12707211a802341f9b,JournalArticle,unknown,6,brain; cerebral; cortex; brain/neural structure in title,
1972,[Effect of anti-brain antibodies on the functional state of the cerebral cortex].,"Gaskin Lz, Burvaeva GSh",Unknown venue,1972,0,General Brain-AI Structure Reviews and Methods,brain-structure,,f428ebb34ed8ee3c7eb16e9148b8da401e153c53,https://www.semanticscholar.org/paper/f428ebb34ed8ee3c7eb16e9148b8da401e153c53,paper,unknown,6,brain; cerebral; cortex; brain/neural structure in title,
1972,[Effect of anti-brain antibodies on the functional state of the cerebral cortex].,"L. Gaskin, G. S. Burvaeva",Zhurnal Nevropatologii I Psikhiatrii Imeni S S Korsakova,1972,0,General Brain-AI Structure Reviews and Methods,brain-structure,,18fbe9d6dd0b955b4d9bc7ddbd24c4b077169b53,https://www.semanticscholar.org/paper/18fbe9d6dd0b955b4d9bc7ddbd24c4b077169b53,JournalArticle,unknown,6,brain; cerebral; cortex; brain/neural structure in title,
1972,[Effect of anti-brain antibodies on the ultrastructure of the cerebral cortex of experimental animals (electron microscopic study)].,L. Sukhorukova,Zhurnal Nevropatologii I Psikhiatrii Imeni S S Korsakova,1972,0,General Brain-AI Structure Reviews and Methods,brain-structure,,75880824069daedcc2e5dd739cd3c5e3e37952d8,https://www.semanticscholar.org/paper/75880824069daedcc2e5dd739cd3c5e3e37952d8,JournalArticle,unknown,6,brain; cerebral; cortex; brain/neural structure in title,
1972,[Effect of anti-brain antibodies on the ultrastructure of the cerebral cortex of experimental animals (electron microscopic study)].,Sukhorukova Li,Unknown venue,1972,0,General Brain-AI Structure Reviews and Methods,brain-structure,,487eb03ce984b168ca74a9d1b86255e89dfa8ce7,https://www.semanticscholar.org/paper/487eb03ce984b168ca74a9d1b86255e89dfa8ce7,paper,unknown,6,brain; cerebral; cortex; brain/neural structure in title,
1972,[Effect of changes of the astroglia on neural cells in brain edema and dehydration].,J. Koizumi,Nihon Ishikai zasshi. Journal of the Japan Medical Association,1972-05-01,0,"Cellular, Synaptic, and Neuromorphic Foundations",brain-structure,,d9d71f3f0c580022f5748b84127c740477185362,https://www.semanticscholar.org/paper/d9d71f3f0c580022f5748b84127c740477185362,JournalArticle,unknown,5,brain; neural; brain/neural structure in title,
1972,[Effect of insulin microinjections into the hypothalamus on evoked potentials in the cerebral cortex].,"V. F. Meshman, V. I. Pokryshkin",Biulleten' eksperimental'noi biologii i meditsiny,1972,0,General Brain-AI Structure Reviews and Methods,brain-structure,,47af4d4d648b62867d5e634a17d75ade9c8dd6c7,https://www.semanticscholar.org/paper/47af4d4d648b62867d5e634a17d75ade9c8dd6c7,JournalArticle,unknown,9,cerebral; cortex; thalamus; hypothalamus; eeg; meg; brain/neural structure in title,
1972,[Effect of motivation on the contingent slow negative potential of the human cerebral cortex].,"É. Kostandov, Iu L Arzumanov",Doklady Akademii nauk SSSR,1972,0,General Brain-AI Structure Reviews and Methods,brain-structure,,6f0358a910219714f6973b2d9ae2ce2c58a593b1,https://www.semanticscholar.org/paper/6f0358a910219714f6973b2d9ae2ce2c58a593b1,JournalArticle,unknown,6,brain; cerebral; cortex; brain/neural structure in title,
1972,[Effect of neurostimulating substances on sex behavior of the male rat after cerebral cortex lesions].,"M. Soulairac, A. Soulairac",Journal of Physiology,1972,0,"Cognitive Architectures, Learning, and Systems Neuroscience",brain-structure,,b8ca5cfbb0bbec4909f08959d58eab0b3b4a63e2,https://www.semanticscholar.org/paper/b8ca5cfbb0bbec4909f08959d58eab0b3b4a63e2,JournalArticle,unknown,5,cerebral; cortex; brain/neural structure in title,
1972,[Effect of penthrane on the midbrain reticular formation and the cerebral cortex].,"T. M. Darbinian, V. B. Golovchinskii, S. I. Plekhotkina",Vestnik Akademii meditsinskikh nauk SSSR,1972,0,General Brain-AI Structure Reviews and Methods,brain-structure,,ea95d540c524c3d3423ea78cdf8b930ca9fd8369,https://www.semanticscholar.org/paper/ea95d540c524c3d3423ea78cdf8b930ca9fd8369,JournalArticle; Study,unknown,6,brain; cerebral; cortex; brain/neural structure in title,
1972,[Effect of phenatine on changes in perception and in electric activity of the cerebral cortex].,N. N. Zakharova,Zhurnal vyssheĭ nervnoĭ deiatelnosti imeni I P Pavlova,1972,0,"Cognitive Architectures, Learning, and Systems Neuroscience",brain-structure,,30e6066d15aa17cc71bccdd91d3d4e18b01f4c28,https://www.semanticscholar.org/paper/30e6066d15aa17cc71bccdd91d3d4e18b01f4c28,JournalArticle,unknown,5,cerebral; cortex; brain/neural structure in title,
1972,[Effect of repeated electroconvulsions on incorporation of H3-lysine and C14-orotic acid into subcellular fractions of rat cerebral cortex in long-term observations].,"V. Shevtsov, R. N. Glebov, A. Mezentsev, K. I. Pogodaev",Voprosy medicinskoj himii,1972,0,"Cellular, Synaptic, and Neuromorphic Foundations",brain-structure,,dc3fc1a0b2b10e7f43cbc60ed98ad0f11d62ad3d,https://www.semanticscholar.org/paper/dc3fc1a0b2b10e7f43cbc60ed98ad0f11d62ad3d,JournalArticle,unknown,6,brain; cerebral; cortex; brain/neural structure in title,
1972,[Effect of repeated electroconvulsions on incorporation of H3-lysine and C14-orotic acid into subcellular fractions of rat cerebral cortex in long-term observations].,"Shevtsov Vv, Glebov Rn, Mezentsev An, Pogodaev Ki",Unknown venue,1972-09-01,0,"Cellular, Synaptic, and Neuromorphic Foundations",brain-structure,,499b741eded2765117498308324543c870c1c754,https://www.semanticscholar.org/paper/499b741eded2765117498308324543c870c1c754,paper,unknown,6,brain; cerebral; cortex; brain/neural structure in title,
1972,[Effects of anesthetics on the reticular system and the cerebral cortex].,R. Lebeau,L'union medicale du Canada,1972,0,General Brain-AI Structure Reviews and Methods,brain-structure,,8bb9e177c50f22d16bd57bd9085881db967704b9,https://www.semanticscholar.org/paper/8bb9e177c50f22d16bd57bd9085881db967704b9,JournalArticle,unknown,6,brain; cerebral; cortex; brain/neural structure in title,
1972,[Electromyographic characteristics of movement disorders in cases of tumors of the frontal areas of the cerebral cortex].,Miridonov Vt,Zhurnal Nevropatologii I Psikhiatrii Imeni S S Korsakova,1972,0,"Connectomics, Graph Models, and Brain Networks",brain-structure;connectome,,ffc30a01a1f8c99ff638ff500b3d72eebc039954,https://www.semanticscholar.org/paper/ffc30a01a1f8c99ff638ff500b3d72eebc039954,JournalArticle,unknown,6,brain; cerebral; cortex; brain/neural structure in title,
1972,[Evoked potentials in the cerebral cortex upon stimulation of the red nucleus].,G. T. Sakhiulina,Zhurnal vyssheĭ nervnoĭ deiatelnosti imeni I P Pavlova,1972,0,General Brain-AI Structure Reviews and Methods,brain-structure,,69a13a4c95a42454d0dd3e48d3c75a57fa89b6c1,https://www.semanticscholar.org/paper/69a13a4c95a42454d0dd3e48d3c75a57fa89b6c1,JournalArticle,unknown,7,cerebral; cortex; eeg; meg; brain/neural structure in title,
1972,"[Evoked potentials of the cerebral cortex, subcortical structures and behavioral responses following lesion of the globus pallidus in cats].","V. A. Cherkes, E. Lukhanina",Neirofiziologiia = Neurophysiology,1972,0,"Cognitive Architectures, Learning, and Systems Neuroscience",brain-structure,,ace481e66b94324bbf0cb21163a701e687b4a84e,https://www.semanticscholar.org/paper/ace481e66b94324bbf0cb21163a701e687b4a84e,JournalArticle,unknown,8,cerebral; cortex; cortical; eeg; meg; brain/neural structure in title,
1972,[Functional state of the cerebral cortex and the mesencephalic reticular formation during the prolonged effect of impulse and stable noise].,G. Suvorov,Zhurnal vyssheĭ nervnoĭ deiatelnosti imeni I P Pavlova,1972,0,General Brain-AI Structure Reviews and Methods,brain-structure,,505d885fab372c27b0d547342b585e6e6bfb26e2,https://www.semanticscholar.org/paper/505d885fab372c27b0d547342b585e6e6bfb26e2,JournalArticle,unknown,6,brain; cerebral; cortex; brain/neural structure in title,
1972,[Functional state of the cerebral cortex in children with pyelonephritis].,"V. A. Kazakova, N. B. Tsariuk",Pediatriia akusherstvo i ginekologiia,1972,0,General Brain-AI Structure Reviews and Methods,brain-structure,,ac9e18225070be3a5db3b09366883a0c08ba6c3b,https://www.semanticscholar.org/paper/ac9e18225070be3a5db3b09366883a0c08ba6c3b,JournalArticle,unknown,6,brain; cerebral; cortex; brain/neural structure in title,
1972,[Functional state of the cerebral cortex in ether anesthesia].,"G. E. Batrak, A. Doronin, S. I. Khrustalev",Farmakologiia i toksikologiia,1972,0,General Brain-AI Structure Reviews and Methods,brain-structure,,690f7aff67a1692420b524173545d2d218f89325,https://www.semanticscholar.org/paper/690f7aff67a1692420b524173545d2d218f89325,JournalArticle,unknown,6,brain; cerebral; cortex; brain/neural structure in title,
1972,[Glutamate dehydrogenase activity in neurons and neuroglia of the visual region of the cat cerebral cortex].,"T. Ball', Z. D. Pigareva","Arkhiv anatomii, gistologii i embriologii",1972,0,"Cellular, Synaptic, and Neuromorphic Foundations",brain-structure,,cde8dbac9803dd013aa82688a6fcfa2d6c0dcea8,https://www.semanticscholar.org/paper/cde8dbac9803dd013aa82688a6fcfa2d6c0dcea8,JournalArticle,unknown,6,cerebral; cortex; neuron; brain/neural structure in title,
1972,[Growth and differentiation of neuroglial cells of the cerebral cortex at early stages of cultivation].,"E. V. Didimova, I. Svanidze",Tsitologiya,1972,0,"Cellular, Synaptic, and Neuromorphic Foundations",brain-structure,,e0df4ca3eea9505d34e4b139eb44fe754cbcb598,https://www.semanticscholar.org/paper/e0df4ca3eea9505d34e4b139eb44fe754cbcb598,JournalArticle,unknown,5,cerebral; cortex; brain/neural structure in title,
1972,[Interaction of polymodal stimulations on the neurons of the cerebral cortex giant pyramidal fields].,A. A. Pirogov,Fiziologicheskii zhurnal SSSR imeni I. M. Sechenova,1972,0,"Cellular, Synaptic, and Neuromorphic Foundations",brain-structure,,4a70a4d814429a36de0151b0caec7456f2ddda4c,https://www.semanticscholar.org/paper/4a70a4d814429a36de0151b0caec7456f2ddda4c,JournalArticle,unknown,6,cerebral; cortex; neuron; brain/neural structure in title,
1972,[Ipsilateral somatosensory evoked response of the cerebral cortex of the stimulated side].,K. Tamura,Rinshō shinkeigaku Clinical neurology,1972-11-01,0,Clinical NeuroAI and Brain Disorders,brain-structure;clinical-neuroai,,2c56e84ee0f208e5d73b7fa39c3106f2c5004ba3,https://www.semanticscholar.org/paper/2c56e84ee0f208e5d73b7fa39c3106f2c5004ba3,JournalArticle,unknown,5,cerebral; cortex; brain/neural structure in title,
1972,[Labyrinthic projections of the cerebral cortex in the cat].,"M. Roucoux-Hanus, N. Boisacq-Schepens",Journal of Physiology,1972,0,General Brain-AI Structure Reviews and Methods,brain-structure,,e1b5bf2eb652bc8b217793634e598a39e01db73d,https://www.semanticscholar.org/paper/e1b5bf2eb652bc8b217793634e598a39e01db73d,JournalArticle,unknown,6,brain; cerebral; cortex; brain/neural structure in title,
1972,[Last 100 years of research on localization in the cerebral cortex].,R. Janzen,Zeitschrift fur Neurologie,1972,0,General Brain-AI Structure Reviews and Methods,brain-structure,,90c40b1da9ac8602b7db8618cba39d8544ac482f,https://www.semanticscholar.org/paper/90c40b1da9ac8602b7db8618cba39d8544ac482f,JournalArticle,unknown,6,brain; cerebral; cortex; brain/neural structure in title,
1972,[Manifestations of synchronization in the cat cerebral cortex].,"N. N. Tkachenko, E. L. Shul'ga, N. K. Tumasova",Zhurnal vyssheĭ nervnoĭ deiatelnosti imeni I P Pavlova,1972,0,General Brain-AI Structure Reviews and Methods,brain-structure,,676a239b97245b042c0d6fba04ab444851e013a2,https://www.semanticscholar.org/paper/676a239b97245b042c0d6fba04ab444851e013a2,JournalArticle,unknown,6,brain; cerebral; cortex; brain/neural structure in title,
1972,[Morphological and electrophysiological characteristics of a neuronally isolated strip of the cerebral cortex of a non-anesthetized rabbit].,"Aleksandrovskaia Mm, Kholodov IuA, El'kina Ga",Biulleten' eksperimental'noi biologii i meditsiny,1972-07-01,0,"Cellular, Synaptic, and Neuromorphic Foundations",brain-structure,,c5273f95a45b52740a3573a2782d5f6225eacc23,https://www.semanticscholar.org/paper/c5273f95a45b52740a3573a2782d5f6225eacc23,JournalArticle,unknown,6,cerebral; cortex; neuron; brain/neural structure in title,
1972,[Neurochemical characteristics of cerebral cortex quiet neurons].,V. Sherstnev,Doklady Akademii nauk SSSR,1972,0,"Cellular, Synaptic, and Neuromorphic Foundations",brain-structure,,9c92e4fe30d2d9f0e93a7c67cdb2857cc0a5e653,https://www.semanticscholar.org/paper/9c92e4fe30d2d9f0e93a7c67cdb2857cc0a5e653,JournalArticle,unknown,6,cerebral; cortex; neuron; brain/neural structure in title,
1972,[O 2 consumption of isolated neurons and cerebral cortex glia of the dog following prolonged ischemia].,"U. Hinzen DH Müller, P. Sobotka, R. Lang",Pflügers Archiv: European Journal of Physiology,1972,0,"Cellular, Synaptic, and Neuromorphic Foundations",brain-structure,,e4538fc198cbc81ed38a5bca9192c91b9afc32b3,https://www.semanticscholar.org/paper/e4538fc198cbc81ed38a5bca9192c91b9afc32b3,JournalArticle,unknown,6,cerebral; cortex; neuron; brain/neural structure in title,
1972,[Physiological and electron microscopy findings on the cerebral cortex in experimental endotoxin shock].,"F. Schmahl, W. Schlote, D. Heuser, E. Betz",Verhandlungen der Deutschen Gesellschaft fur Innere Medizin,1972,0,General Brain-AI Structure Reviews and Methods,brain-structure,,ec306d6f61e4f3860caffba2804f30cb9c3f1562,https://www.semanticscholar.org/paper/ec306d6f61e4f3860caffba2804f30cb9c3f1562,JournalArticle,unknown,6,brain; cerebral; cortex; brain/neural structure in title,
1972,[Postnatal development of induced activities in the cerebral cortex of the rat].,"J. Ekholm, J. Mallecourt",Journal of Physiology,1972,0,General Brain-AI Structure Reviews and Methods,brain-structure,,c89c6b424d0b4944d6f675083cbec1d1a3b24e33,https://www.semanticscholar.org/paper/c89c6b424d0b4944d6f675083cbec1d1a3b24e33,JournalArticle,unknown,6,brain; cerebral; cortex; brain/neural structure in title,
1972,[Radioautographic study of the subependymal plaque in the course of experimental glioses localized in the cerebral cortex].,"D. Demêmes, R. Marty",Zeitschrift fur mikroskopisch-anatomische Forschung,1972,0,"Connectomics, Graph Models, and Brain Networks",brain-structure;connectome,,156d888b576c4270af3328c1bdd658a0457cd2ce,https://www.semanticscholar.org/paper/156d888b576c4270af3328c1bdd658a0457cd2ce,JournalArticle,unknown,6,brain; cerebral; cortex; brain/neural structure in title,
1972,[Relation between cerebral cortex convolutions and sensory projections in the wombat Wombatus ursinus].,"D. Megirian, J. I. Johnson, J. Haight",Journal of Physiology,1972,0,General Brain-AI Structure Reviews and Methods,brain-structure,,68c0438dc818cba394bc546c7a02ac5dbe91759a,https://www.semanticscholar.org/paper/68c0438dc818cba394bc546c7a02ac5dbe91759a,JournalArticle,unknown,6,brain; cerebral; cortex; brain/neural structure in title,
1972,[Relation of the conditioned slow negative potential of the human cerebral cortex to motivation and emotion].,"É. Kostandov, Iu L Arzumanov",Zhurnal vyssheĭ nervnoĭ deiatelnosti imeni I P Pavlova,1972-07-01,0,General Brain-AI Structure Reviews and Methods,brain-structure,,bdaec2d35f14438069b8969a72ba85c7ee4d8583,https://www.semanticscholar.org/paper/bdaec2d35f14438069b8969a72ba85c7ee4d8583,JournalArticle,unknown,6,brain; cerebral; cortex; brain/neural structure in title,
1972,[Sparial analysis in monkeys of various ages following extirpation of the parietal region of the cerebral cortex].,E. N. Nuritdinov,Zhurnal vyssheĭ nervnoĭ deiatelnosti imeni I P Pavlova,1972,0,General Brain-AI Structure Reviews and Methods,brain-structure,,355ae71a67b1c43731a2c578a449b7d2ea188116,https://www.semanticscholar.org/paper/355ae71a67b1c43731a2c578a449b7d2ea188116,JournalArticle,unknown,6,brain; cerebral; cortex; brain/neural structure in title,
1972,[Spatial analysis in dogs following simultaneous ablation of the parietal areas of the cerebral cortex].,E. N. Nuritdinov,Zhurnal vyssheĭ nervnoĭ deiatelnosti imeni I P Pavlova,1972,0,General Brain-AI Structure Reviews and Methods,brain-structure,,1d9ed06c17069c9e69ab2ffd0abbd10f9a88afc4,https://www.semanticscholar.org/paper/1d9ed06c17069c9e69ab2ffd0abbd10f9a88afc4,JournalArticle,unknown,6,brain; cerebral; cortex; brain/neural structure in title,
1972,[Spatial organization of the functional mosaic of neuronal ensembles in the cerebral cortex].,"A. Kogan, B. Vladimirskii, A. E. Tambiev, G. P. Fomin",Doklady Akademii nauk SSSR,1972,0,"Cellular, Synaptic, and Neuromorphic Foundations",brain-structure,,c2bd8144cd41ebfea8a9609346f5c40c92ec7f81,https://www.semanticscholar.org/paper/c2bd8144cd41ebfea8a9609346f5c40c92ec7f81,JournalArticle,unknown,6,cerebral; cortex; neuron; brain/neural structure in title,
1972,[Structure and protein metabolism in the cerebral cortex during repeated electroshocks].,"M. M. Aleksandrovskaia, R. Kruglikov, V. Shevtsov",Doklady Akademii nauk SSSR,1972,0,General Brain-AI Structure Reviews and Methods,brain-structure,,a91bda26faac17907211f66a95599b3cc7dd5aa4,https://www.semanticscholar.org/paper/a91bda26faac17907211f66a95599b3cc7dd5aa4,JournalArticle,unknown,6,brain; cerebral; cortex; brain/neural structure in title,
1972,[Studies on laminar organization of the rat cerebral cortex with special reference to visual cortex (area 17)].,"E. Winkelmann, G. Kunz, A. Winkelmann",Zeitschrift fur mikroskopisch-anatomische Forschung,1972,0,"Cognitive Architectures, Learning, and Systems Neuroscience",brain-structure,,28dfae610a08ad63b1636f486d9507665231343b,https://www.semanticscholar.org/paper/28dfae610a08ad63b1636f486d9507665231343b,JournalArticle,unknown,5,cerebral; cortex; brain/neural structure in title,
1972,[Study of synaptosome and mitochondrial proteins in the rat cerebral cortex using polyacrylamide gel electrophoresis].,"R. N. Glebov, A. Mezentsev, V. Zharov, A. M. Komagorov, G. V. Sakhnenko",Биохимия,1972,0,General Brain-AI Structure Reviews and Methods,brain-structure,,463c03f2a310c3243c93e6d6f0cabe5f58870d5e,https://www.semanticscholar.org/paper/463c03f2a310c3243c93e6d6f0cabe5f58870d5e,JournalArticle,unknown,6,brain; cerebral; cortex; brain/neural structure in title,
1972,[The action of the cerebral cortex on cardio-cardiac reflexes].,"G. Samonina, T. Aleksandrova, N. Khiltunen, M. G. Udel'nov",Fiziologicheskii zhurnal SSSR imeni I. M. Sechenova,1972-02-01,0,General Brain-AI Structure Reviews and Methods,brain-structure,,ce86e510795dcfe77fe6c90feb9c37cf602508be,https://www.semanticscholar.org/paper/ce86e510795dcfe77fe6c90feb9c37cf602508be,JournalArticle,unknown,6,brain; cerebral; cortex; brain/neural structure in title,
1972,[The effect of euphyllin on cerebral hemodynamics and the bioelectrical activity of the cerebral cortex in patients with hypertension].,"I. Kukhtevich, O. A. Proshkurkina",Vrachebnoe delo,1972,0,Clinical NeuroAI and Brain Disorders,brain-structure;clinical-neuroai,,dfeed15baa67b8ce4bf5a11cc7c6a41633fdef7b,https://www.semanticscholar.org/paper/dfeed15baa67b8ce4bf5a11cc7c6a41633fdef7b,JournalArticle,unknown,5,cerebral; cortex; brain/neural structure in title,
1972,[The effect of pyrogenal and acute hyperthermia on the electrical activity of the intact and isolated rabbit cerebral cortex].,V. D. Lindenbraten,Patologicheskaia fiziologiia i eksperimental'naia terapiia,1972,0,General Brain-AI Structure Reviews and Methods,brain-structure,,2390a33eaffd99eea744503433e67eda1f2c8cd2,https://www.semanticscholar.org/paper/2390a33eaffd99eea744503433e67eda1f2c8cd2,JournalArticle,unknown,6,brain; cerebral; cortex; brain/neural structure in title,
1972,[The functional state of the adrenal cortex and various aspects of the pathogenesis of cerebral circulatory disorders in hypertension and cerebral atherosclerosis].,A. A. Rukhmanov,Zhurnal Nevropatologii I Psikhiatrii Imeni S S Korsakova,1972,0,General Brain-AI Structure Reviews and Methods,brain-structure,,91df390550d3b98953103f46c0fb51196cdc6f86,https://www.semanticscholar.org/paper/91df390550d3b98953103f46c0fb51196cdc6f86,JournalArticle,unknown,6,brain; cerebral; cortex; brain/neural structure in title,
1972,[The glial reaction of the motor area of the cerebral cortex to sound stimuli].,"M. M. Aleksandrovskaia, R. Chizhenkova",Fiziologicheskii zhurnal SSSR imeni I. M. Sechenova,1972,0,General Brain-AI Structure Reviews and Methods,brain-structure,,66db4ac73fb2182058a669ee18b713860a1e1f19,https://www.semanticscholar.org/paper/66db4ac73fb2182058a669ee18b713860a1e1f19,JournalArticle,unknown,5,cerebral; cortex; brain/neural structure in title,
1972,[The intensity of intravital protein turnover in the subcellular structures of the cerebral cortex in the presence of recurrent epileptiform seizures].,"K. I. Pogodaev, V. Shevtsov, I. Marokko",Zhurnal Nevropatologii I Psikhiatrii Imeni S S Korsakova,1972,0,"Cellular, Synaptic, and Neuromorphic Foundations",brain-structure,,18f763b61224738347ca59f775b4a2b63284066a,https://www.semanticscholar.org/paper/18f763b61224738347ca59f775b4a2b63284066a,JournalArticle,unknown,6,brain; cerebral; cortex; brain/neural structure in title,
1972,[The mechanism of disorders in conditioned reflexes to time following local extirpation of the cerebral cortex in rabbits].,"N. D. Kostenko, D. Smirnov",Zhurnal vyssheĭ nervnoĭ deiatelnosti imeni I P Pavlova,1972,0,General Brain-AI Structure Reviews and Methods,brain-structure,,0fab74f3150c37d91ea98b57d665a055587fa53e,https://www.semanticscholar.org/paper/0fab74f3150c37d91ea98b57d665a055587fa53e,JournalArticle,unknown,6,brain; cerebral; cortex; brain/neural structure in title,
1972,[Ultrastructural study of cerebral cortex changes near epileptogenic foci induced by aluminum cream].,C. Baleydier,Acta Neuropathologica,1972,0,General Brain-AI Structure Reviews and Methods,brain-structure,,5ab1f4911ef0fa51401135c5a2e55ece3d358ff1,https://www.semanticscholar.org/paper/5ab1f4911ef0fa51401135c5a2e55ece3d358ff1,JournalArticle,unknown,6,brain; cerebral; cortex; brain/neural structure in title,
1972,[Ultrastructure of the cerebral cortex during strychnine application].,"A. Mikeladze, I. I. Kutateladze",Biulleten' eksperimental'noi biologii i meditsiny,1972,0,General Brain-AI Structure Reviews and Methods,brain-structure,,3b0b3223462ca2dd8b8c0c87bd6455a610e57beb,https://www.semanticscholar.org/paper/3b0b3223462ca2dd8b8c0c87bd6455a610e57beb,JournalArticle,unknown,6,brain; cerebral; cortex; brain/neural structure in title,
1972,[Various features of the ultrastructure of cerebral cortex macroglial cells].,"A. Mikeladze, É. I. Dzamoeva","Arkhiv anatomii, gistologii i embriologii",1972,0,"Cellular, Synaptic, and Neuromorphic Foundations",brain-structure,,d5b93562d55cc19cbf38b4f1753922551529f7ea,https://www.semanticscholar.org/paper/d5b93562d55cc19cbf38b4f1753922551529f7ea,JournalArticle,unknown,5,cerebral; cortex; brain/neural structure in title,
1972,[Venous thrombosis of the cerebral cortex].,"J. Braun, N. Held, E. Babin, A. Wackenheim",Der Radiologe,1972-02-01,0,General Brain-AI Structure Reviews and Methods,brain-structure,,337f3a77ac22049443219894def6af7e222bdbdd,https://www.semanticscholar.org/paper/337f3a77ac22049443219894def6af7e222bdbdd,JournalArticle; CaseReport,unknown,6,brain; cerebral; cortex; brain/neural structure in title,
1972,"A-32. Experimental Studies on the Cerebral Metabolism in Head Injury : Focusing on thte carbonic anhydrase activity of rabbit cerebral cortex fractions containing isolated,metabolically active neural and glial cells.","Kobayasi Masashi, I. Watanabe, T. Nonaka, Hiroshi Watanabe, Kiyoshi Sato, S. Ishii",Unknown venue,1972,0,"Cellular, Synaptic, and Neuromorphic Foundations",brain-structure,,995590b6cad12bf45f9fb83d9b01519d5e0480fa,https://www.semanticscholar.org/paper/995590b6cad12bf45f9fb83d9b01519d5e0480fa,paper,unknown,6,cerebral; cortex; neural; brain/neural structure in title,
1972,Activity of ATPase systems in various fractions of rat cerebral cortex microsomes,"Glebov Rn, Grishankova Ev, Mezentsev An, Komagorov Am",Unknown venue,1972-03-01,0,General Brain-AI Structure Reviews and Methods,brain-structure,,d9e977a01ba1cf6bd366db7ee64559f2f6c8032c,https://www.semanticscholar.org/paper/d9e977a01ba1cf6bd366db7ee64559f2f6c8032c,paper,unknown,6,brain; cerebral; cortex; brain/neural structure in title,
1972,Alteration in catecholamines in local cerebral cortex lesions,F. P. Bowen,Experientia,1972-09-15,0,General Brain-AI Structure Reviews and Methods,brain-structure,10.1007/BF01918687,4b9f754d3439d637ae83deb1e9f5ee9e126250fb,https://doi.org/10.1007/BF01918687,JournalArticle,unknown,6,brain; cerebral; cortex; brain/neural structure in title,
1972,BBA 36074 STUDIES ON PROTEOLIPID PROTEINS FROM CEREBRAL CORTEX I. PREPARATION AND SOME PROPERTIES,"J. Torre, M. Carl, E. Robertis",Unknown venue,1972,0,General Brain-AI Structure Reviews and Methods,brain-structure,,6a2ce8923116ba35c8b69c1af091ab1cc098e41f,https://www.semanticscholar.org/paper/6a2ce8923116ba35c8b69c1af091ab1cc098e41f,paper,unknown,6,brain; cerebral; cortex; brain/neural structure in title,
1972,Bioelectrical processes in the cerebral cortex and in antagonistic muscles during formation of precision movements in dogs,"Denisova Im, K. Sa",Unknown venue,1972,0,General Brain-AI Structure Reviews and Methods,brain-structure,,ede3ab9ba343af5764f77b5925673ebda2502d2d,https://www.semanticscholar.org/paper/ede3ab9ba343af5764f77b5925673ebda2502d2d,paper,unknown,6,brain; cerebral; cortex; brain/neural structure in title,
1972,Cerebral Cortex Potentials Evoked in Man by Preceived and Not Preceived Acoustic Stimuli (Vyzvannye Potentsialy kory Golovnogo Mozga Chevloveka na Osoznavaeme i Neosoznavaeme Zvukovye Stimuly),"E. A. Konstandov, G. I. D'yachkova",Unknown venue,1972,0,General Brain-AI Structure Reviews and Methods,brain-structure,,6c02c5cdecb66b9ad3e51079f5d9635567e6f8d6,https://www.semanticscholar.org/paper/6c02c5cdecb66b9ad3e51079f5d9635567e6f8d6,paper,unknown,6,brain; cerebral; cortex; brain/neural structure in title,
1972,Changes in the oxygen tension in the rabbit cerebral cortex under the effect of ultrasound,"Zhuk Ei, Faĭtel'berg-Blank Vr",Unknown venue,1972,0,General Brain-AI Structure Reviews and Methods,brain-structure,,537011fca72aa19bf5048d0b0473d76ab4ea4a06,https://www.semanticscholar.org/paper/537011fca72aa19bf5048d0b0473d76ab4ea4a06,paper,unknown,6,brain; cerebral; cortex; brain/neural structure in title,
1972,Comparative study of the electrical activity of the cerebellar cortex and cerebral cortex,Kazarian Ll,Unknown venue,1972,0,General Brain-AI Structure Reviews and Methods,brain-structure,,f179be9d068c4d27af053bb36d4cf8ec1b8a0470,https://www.semanticscholar.org/paper/f179be9d068c4d27af053bb36d4cf8ec1b8a0470,paper,unknown,6,brain; cerebral; cortex; brain/neural structure in title,
1972,Conflicting changes in the zonal circulation in the cerebral cortex during its focal excitation,N. M. Ryzhova,Bulletin of experimental biology and medicine,1972-02-01,0,General Brain-AI Structure Reviews and Methods,brain-structure,10.1007/BF00804242,8b15e657e641a3e4ca5bb23af398dec089976b45,https://doi.org/10.1007/BF00804242,paper,unknown,6,brain; cerebral; cortex; brain/neural structure in title,
1972,Cytochemical characteristics of the neurons and neuroglia of the visual region of the cat cerebral cortex,Busniuk Mm,Unknown venue,1972-07-01,0,"Cellular, Synaptic, and Neuromorphic Foundations",brain-structure,,ee964d8b3234987a8c096bd77db3c121a7fd47f6,https://www.semanticscholar.org/paper/ee964d8b3234987a8c096bd77db3c121a7fd47f6,paper,unknown,6,cerebral; cortex; neuron; brain/neural structure in title,
1972,Directional changes in the zonal blood flow of the cerebral cortex and focal stimulation of the brain,Ryzhova Nm,Unknown venue,1972-02-01,0,General Brain-AI Structure Reviews and Methods,brain-structure,,6ba68bfaa3c38f0c8fa1af41c96bd289f0ad1da4,https://www.semanticscholar.org/paper/6ba68bfaa3c38f0c8fa1af41c96bd289f0ad1da4,paper,unknown,6,brain; cerebral; cortex; brain/neural structure in title,
1972,Effect of adrenal cortex hormones on the content and equilibrium of mineral elements in rat cerebral hemispheres,"Aĭdinian Ra, Vlasenko Sp, Ter-Sarkisian Ao, Khachkavanktsian As",Unknown venue,1972,0,General Brain-AI Structure Reviews and Methods,brain-structure,,7c5b60076a1c6df37caca18268c90bc4293c23e6,https://www.semanticscholar.org/paper/7c5b60076a1c6df37caca18268c90bc4293c23e6,paper,unknown,6,brain; cerebral; cortex; brain/neural structure in title,
1972,Effect of insulin microinjections into the hypothalamus on evoked potentials in the cerebral cortex,"Meshman Vf, Pokryshkin Vi",Unknown venue,1972-09-01,0,General Brain-AI Structure Reviews and Methods,brain-structure,,47f091ef9580d3fe1ce23e6e53938ff10fe48ac4,https://www.semanticscholar.org/paper/47f091ef9580d3fe1ce23e6e53938ff10fe48ac4,paper,unknown,9,cerebral; cortex; thalamus; hypothalamus; eeg; meg; brain/neural structure in title,
1972,Effect of L-glutamate on glucose metabolism in rat cerebral cortex.,"P. Visweswaran, K. Subrahmanyam",Biochemical Journal,1972-06-01,0,General Brain-AI Structure Reviews and Methods,brain-structure,10.1042/BJ1280060PB,56a60c4b88d7972f9fd6c51ac8d5583d316844e0,https://doi.org/10.1042/BJ1280060PB,JournalArticle,unknown,6,brain; cerebral; cortex; brain/neural structure in title,
1972,Effect of motivation on the contingent slow negative potential of the human cerebral cortex,"Kostandov Ēa, Arzumanov IuL",Unknown venue,1972-04-21,0,General Brain-AI Structure Reviews and Methods,brain-structure,,22f7a10aa89f3b9a1eed7a4f2b7d4e07bfd2363c,https://www.semanticscholar.org/paper/22f7a10aa89f3b9a1eed7a4f2b7d4e07bfd2363c,paper,unknown,6,brain; cerebral; cortex; brain/neural structure in title,
1972,Effect of penthrane on the midbrain reticular formation and the cerebral cortex,"Darbinian Tm, Golovchinskiĭ Vb, Plekhotkina Si",Unknown venue,1972,0,General Brain-AI Structure Reviews and Methods,brain-structure,,06813c90e9886ac63209ca436f9ac485ee0366cd,https://www.semanticscholar.org/paper/06813c90e9886ac63209ca436f9ac485ee0366cd,paper,unknown,6,brain; cerebral; cortex; brain/neural structure in title,
1972,Effect of phenatine on changes in perception and in electric activity of the cerebral cortex,Zakharova Nn,Unknown venue,1972,0,"Cognitive Architectures, Learning, and Systems Neuroscience",brain-structure,,17f24ae554bc41d101f629ba75884165390ba742,https://www.semanticscholar.org/paper/17f24ae554bc41d101f629ba75884165390ba742,paper,unknown,5,cerebral; cortex; brain/neural structure in title,
1972,"Effects of γ-Aminobutyric Acid and Glutamate on the Electronmicroscopic Structure and Na, K-ATPase Activities in the Rat Cerebral Cortex","M. Namima, S. Saito",Unknown venue,1972,0,General Brain-AI Structure Reviews and Methods,brain-structure,10.1016/s0021-5198(19)31881-5,3469fdfe0c5bab60da43d84495e20ac666c21796,https://doi.org/10.1016/s0021-5198(19)31881-5,paper,unknown,6,brain; cerebral; cortex; brain/neural structure in title,
1972,Effects ofafocal penicillin lesion onresponses ofrabbit cortical neurones toputative neurotransmitter s,C. G. Hill,Unknown venue,1972,0,"Cellular, Synaptic, and Neuromorphic Foundations",brain-structure,,76fc8b2d4805d2488e103b67aab34f5385ea031a,https://www.semanticscholar.org/paper/76fc8b2d4805d2488e103b67aab34f5385ea031a,paper,unknown,2,cortical; neuron,
1972,Electroesferograma normal del cortex cerebral del recién nacido,"G. Luengo, Mary Carmen Del Pilar",Unknown venue,1972-01-10,0,General Brain-AI Structure Reviews and Methods,brain-structure,,6cb95e70166b20418052716f767a4e99083972d2,https://www.semanticscholar.org/paper/6cb95e70166b20418052716f767a4e99083972d2,paper,unknown,6,brain; cerebral; cortex; brain/neural structure in title,
1972,Evoked potentials in the cerebral cortex upon stimulation of the red nucleus,Sakhiulina Gt,Unknown venue,1972,0,General Brain-AI Structure Reviews and Methods,brain-structure,,2286240730fab7cff62228bfaf9348dbf0107e9f,https://www.semanticscholar.org/paper/2286240730fab7cff62228bfaf9348dbf0107e9f,paper,unknown,7,cerebral; cortex; eeg; meg; brain/neural structure in title,
1972,Functional state of the cerebral cortex and the mesencephalic reticular formation during the prolonged effect of impulse and stable noise,Suvorov Ga,Unknown venue,1972-11-01,0,General Brain-AI Structure Reviews and Methods,brain-structure,,f3122db0d119e95fabfe8ac5e56c251f56553520,https://www.semanticscholar.org/paper/f3122db0d119e95fabfe8ac5e56c251f56553520,paper,unknown,6,brain; cerebral; cortex; brain/neural structure in title,
1972,Functional state of the cerebral cortex in children with pyelonephritis,"Kazakov Va, Tsariuk Nb",Unknown venue,1972,0,General Brain-AI Structure Reviews and Methods,brain-structure,,1bb82162360105aae99ee69775ab8e75283b4869,https://www.semanticscholar.org/paper/1bb82162360105aae99ee69775ab8e75283b4869,paper,unknown,6,brain; cerebral; cortex; brain/neural structure in title,
1972,Functional state of the cerebral cortex in ether anesthesia,"Batrak Ge, Doronin Ag, Khrustalev Si",Unknown venue,1972-07-01,0,General Brain-AI Structure Reviews and Methods,brain-structure,,34b903a5496bb1fdd9a0a3796d6167508e7d47b5,https://www.semanticscholar.org/paper/34b903a5496bb1fdd9a0a3796d6167508e7d47b5,paper,unknown,6,brain; cerebral; cortex; brain/neural structure in title,
1972,Glutamate dehydrogenase activity in neurons and neuroglia of the visual region of the cat cerebral cortex,"Ball' Tv, Pigareva Zd",Unknown venue,1972-10-01,0,"Cellular, Synaptic, and Neuromorphic Foundations",brain-structure,,de71a1f0ce77c243a069e3159a4295b7ba82930b,https://www.semanticscholar.org/paper/de71a1f0ce77c243a069e3159a4295b7ba82930b,paper,unknown,6,cerebral; cortex; neuron; brain/neural structure in title,
1972,Growth and differentiation of neuroglial cells of the cerebral cortex at early stages of cultivation,"Didimova Ev, Svanidze Ik",Unknown venue,1972-10-01,0,"Cellular, Synaptic, and Neuromorphic Foundations",brain-structure,,6b12c8ea0c1c4e9e6f93a5835c5753119cb59018,https://www.semanticscholar.org/paper/6b12c8ea0c1c4e9e6f93a5835c5753119cb59018,paper,unknown,5,cerebral; cortex; brain/neural structure in title,
1972,Influence of Thyroid upon Lipid Content in Developing Cerebral Cortex and Cerebellum of the Rat,"N. E. Ghittoni, I. F. D. Raveglia",Unknown venue,1972,0,General Brain-AI Structure Reviews and Methods,brain-structure,10.1007/978-1-4684-3216-9_11,ad6f116e32484b88d048c694a9eaf043d35c60bb,https://doi.org/10.1007/978-1-4684-3216-9_11,paper,unknown,7,brain; cerebral; cortex; cerebellum; brain/neural structure in title,
1972,Interaction of polymodal stimulations on the neurons of the cerebral cortex giant pyramidal fields,Pirogov Aa,Unknown venue,1972-03-01,0,"Cellular, Synaptic, and Neuromorphic Foundations",brain-structure,,7fa3e921f1fb800c56fd2ab57f4201683f8c52a7,https://www.semanticscholar.org/paper/7fa3e921f1fb800c56fd2ab57f4201683f8c52a7,paper,unknown,6,cerebral; cortex; neuron; brain/neural structure in title,
1972,Ions and the electrical activity of the rat cerebral cortex.,Novotny Ge,Unknown venue,1972,0,General Brain-AI Structure Reviews and Methods,brain-structure,,79d3a49fabbb571ee404a7a7e204c092e13e6f2e,https://www.semanticscholar.org/paper/79d3a49fabbb571ee404a7a7e204c092e13e6f2e,paper,unknown,6,brain; cerebral; cortex; brain/neural structure in title,
1972,Ions and the electrical activity of the rat cerebral cortex.,G. Novotny,Pflügers Archiv: European Journal of Physiology,1972,0,General Brain-AI Structure Reviews and Methods,brain-structure,,67aa662a1800511f8f2600562c4c5c18300873a5,https://www.semanticscholar.org/paper/67aa662a1800511f8f2600562c4c5c18300873a5,JournalArticle,unknown,6,brain; cerebral; cortex; brain/neural structure in title,
1972,Manifestations of synchronization in the cat cerebral cortex,"Tkachenko Nn, Shul'ga El, Tumasova Nk",Unknown venue,1972,0,General Brain-AI Structure Reviews and Methods,brain-structure,,ab2199c27acbd31ecb3cbfd5d7e6570c45ab8c75,https://www.semanticscholar.org/paper/ab2199c27acbd31ecb3cbfd5d7e6570c45ab8c75,paper,unknown,6,brain; cerebral; cortex; brain/neural structure in title,
1972,NEUROSCIENCES: Brain and Human Behaviour.,G. Pampiglione,British Journal of Psychiatry,1972-10-01,0,General Brain-AI Structure Reviews and Methods,brain-structure,10.1192/BJP.121.4.449,deeec99b80b2b74e6bf3195fecaa6d829b28ce6b,https://doi.org/10.1192/BJP.121.4.449,paper,unknown,4,brain; brain/neural structure in title,
1972,PHARMACOLOGY,Harris Dp,Unknown venue,1972-05-01,0,"Cellular, Synaptic, and Neuromorphic Foundations",brain-structure;neural-signals;clinical-neuroai,10.1111/j.1600-0404.1972.tb07583.x,c265ddc1e266f0e557909b6d17b91b89819e916b,https://doi.org/10.1111/j.1600-0404.1972.tb07583.x,paper,unknown,5,brain; cortex; eeg; neuron; neural,A 1. T h e e f fec t o f DPH on the central nervous system D P H inhibits the development of wmaximal seizure activity<< and limits the spread of the seizure process from an active focus.
1972,Phosphatidylinositol turnover stimulated by acetylcholine: subcellular distribution in rat cerebral cortex.,"E. Lapetina, R. Michell",Biochemical Journal,1972-04-01,0,"Cellular, Synaptic, and Neuromorphic Foundations",brain-structure,10.1042/BJ1270036PB,918c2d935d857c0e8a5dcf9469d4de1facfb3bde,https://doi.org/10.1042/BJ1270036PB,JournalArticle,unknown,6,brain; cerebral; cortex; brain/neural structure in title,
1972,Proceedings: Effects of phenobarbitone on glucose transport and membrane ATP-ase activities of cerebral cortex.,J. Gilbert,British Journal of Pharmacology,1972-02-01,0,General Brain-AI Structure Reviews and Methods,brain-structure,,c3c4e3bbdeabd9aa712e3f8281584afba9886771,https://www.semanticscholar.org/paper/c3c4e3bbdeabd9aa712e3f8281584afba9886771,JournalArticle,unknown,6,brain; cerebral; cortex; brain/neural structure in title,
1972,PROTEIN SYNTHESIS IN NEURONAL PERIKARYA TURE RAT1 ISOLATED FROM CEREBRAL CORTEX OF THE IMMA,"H. Kohl, Z. Sellinger",Unknown venue,1972,0,"Cellular, Synaptic, and Neuromorphic Foundations",brain-structure,,031e3a10096f7cea6d77e3588bb01f9c5ad89be0,https://www.semanticscholar.org/paper/031e3a10096f7cea6d77e3588bb01f9c5ad89be0,paper,unknown,6,cerebral; cortex; neuron; brain/neural structure in title,
1972,"Role of the cerebral cortex, especially of the frontal lobe, in the formation of optic localization, the multiple (mixed) retinal correspondance and scotoma of the fixation point.",W. Starkiewicz,Annales d'oculistique,1972-02-01,0,General Brain-AI Structure Reviews and Methods,brain-structure,,66b131ce8dab57e528d0f75f7562ae992447eb7e,https://www.semanticscholar.org/paper/66b131ce8dab57e528d0f75f7562ae992447eb7e,JournalArticle,unknown,6,brain; cerebral; cortex; brain/neural structure in title,
1972,The glial reaction of the motor area of the cerebral cortex to sound stimuli,"Aleksandrovskaia Mm, Chizhenkova Ra",Unknown venue,1972-02-01,0,General Brain-AI Structure Reviews and Methods,brain-structure,,0381a1e7f658ac5ff61e82f8e3d5ce69da31e5fe,https://www.semanticscholar.org/paper/0381a1e7f658ac5ff61e82f8e3d5ce69da31e5fe,paper,unknown,5,cerebral; cortex; brain/neural structure in title,
1972,Various features of the ultrastructure of cerebral cortex macroglial cells,"Mikeladze Al, Dzamoeva Ei",Unknown venue,1972-11-01,0,"Cellular, Synaptic, and Neuromorphic Foundations",brain-structure,,53d9703441506c077a1ef47b28af98238d45d15c,https://www.semanticscholar.org/paper/53d9703441506c077a1ef47b28af98238d45d15c,paper,unknown,5,cerebral; cortex; brain/neural structure in title,
