year,title,authors,venue,publicationDate,citationCount,category,keywordTags,doi,sourceId,url,workType,language,relevanceScore,relevanceReason,abstractSnippet
2020,"Cancer statistics, 2020","R. Siegel, K. Miller, A. Jemal",Ca,2020-01-01,18392,General Brain-AI Structure Reviews and Methods,brain-structure,10.3322/caac.21590,65c387d38580518969e5790a117915f695b77847,https://doi.org/10.3322/caac.21590,JournalArticle,unknown,1,brain,"Each year, the American Cancer Society estimates the numbers of new cancer cases and deaths that will occur in the United States and compiles the most recent data on population-based cancer occurrence."
2020,Multidisciplinary research priorities for the COVID-19 pandemic: a call for action for mental health science,"Emily A. Holmes, Emily A. Holmes, R. O'Connor, V. Perry, I. Tracey, S. Wessely, et al.",Lancet psychiatry,2020-04-15,4668,General Brain-AI Structure Reviews and Methods,brain-structure;clinical-neuroai,10.1016/S2215-0366(20)30168-1,306f062c5f5598a854db3d66187a3a5cf007546a,https://doi.org/10.1016/S2215-0366(20)30168-1,Review; JournalArticle,unknown,1,brain,"The coronavirus disease 2019 (COVID-19) pandemic is having a profound effect on all aspects of society, including mental health and physical health."
2020,Neuroinflammation and microglial activation in Alzheimer disease: where do we go from here?,"Fangda Leng, P. Edison",Nature Reviews Neurology,2020-12-14,2507,Clinical NeuroAI and Brain Disorders,clinical-neuroai,10.1038/s41582-020-00435-y,ac0f894d379478905849bdc9574d08738caa6314,https://doi.org/10.1038/s41582-020-00435-y,Review; JournalArticle,unknown,0,Semantic Scholar brain-AI query,
2020,The Role of Short-Chain Fatty Acids From Gut Microbiota in Gut-Brain Communication,"Ygor P. Silva, A. Bernardi, R. Frozza",Frontiers in Endocrinology,2020-01-31,2468,"Cognitive Architectures, Learning, and Systems Neuroscience",brain-structure;neural-signals,10.3389/fendo.2020.00025,4b8f90c8f57572407b75a9bb95781aa5171b085e,https://doi.org/10.3389/fendo.2020.00025,Review; JournalArticle,unknown,7,brain; eeg; meg; ecog; brain/neural structure in title,"A substantial body of evidence supports that the gut microbiota plays a pivotal role in the regulation of metabolic, endocrine and immune functions."
2020,Support Vector Regression,"Fan Zhang, L. O'Donnell",Wiley StatsRef: Statistics Reference Online,2020-09-03,2451,"Cognitive Architectures, Learning, and Systems Neuroscience",brain-structure;machine-learning;neuroimaging,10.1016/b978-0-12-815739-8.00007-9,116f4d529b31a4fa695df8aadff8fac65eb3d254,https://doi.org/10.1016/b978-0-12-815739-8.00007-9,Review,unknown,17,brain; machine learning; support vector; explicit brain-structure/AI bridge,"Abstract This chapter provides an overview of the support vector regression (SVR), an analytical technique to investigate the relationship between one or more predictor variables and a real-valued (continuous) dependent variable."
2020,Diagnosis and Treatment of Parkinson Disease: A Review.,"M. Armstrong, M. Okun",Journal of the American Medical Association (JAMA),2020-02-11,2410,Clinical NeuroAI and Brain Disorders,brain-structure;connectome;clinical-neuroai;neuromorphic-bci,10.1001/jama.2019.22360,c03a10de4d4ba6b365d21e4b397a6f00b24146dc,https://doi.org/10.1001/jama.2019.22360,JournalArticle; Review,unknown,1,brain,"Importance Parkinson disease is the most common form of parkinsonism, a group of neurological disorders with Parkinson disease-like movement problems such as rigidity, slowness, and tremor."
2020,Comprehensive Review on Alzheimer's Disease: Causes and Treatment,"Zeinab Breijyeh, R. Karaman",Molecules,2020-12-01,2209,Clinical NeuroAI and Brain Disorders,brain-structure;clinical-neuroai,10.3390/molecules25245789,4a5411232aad871e15ef6e5fd43422a1242675cf,https://doi.org/10.3390/molecules25245789,Review; JournalArticle,unknown,1,brain,"Alzheimer's disease (AD) is a disorder that causes degeneration of the cells in the brain and it is the main cause of dementia, which is characterized by a decline in thinking and independence in personal daily activities."
2020,The human tumor microbiome is composed of tumor type-specific intracellular bacteria,"D. Nejman, Ilana Livyatan, Garold Fuks, N. Gavert, Yaara Zwang, L. Geller, et al.",Science,2020-05-28,1983,Clinical NeuroAI and Brain Disorders,brain-structure;clinical-neuroai,10.1126/science.aay9189,82180ed9a575d14728b643497a22604246263c18,https://doi.org/10.1126/science.aay9189,JournalArticle,unknown,1,brain,"Profiling tumor bacteria Bacteria are well-known residents in human tumors, but whether their presence is advantageous to the tumors or to the bacteria themselves has been unclear."
2020,Management of glioblastoma: State of the art and future directions.,"A. Tan, D. Ashley, G. López, M. Malinzak, H. Friedman, M. Khasraw",Ca,2020-06-01,1773,Clinical NeuroAI and Brain Disorders,brain-structure;machine-learning;clinical-neuroai,10.3322/caac.21613,e8b2a10de867a47fe3ceb1c055502344c4c15e47,https://doi.org/10.3322/caac.21613,Review; JournalArticle,unknown,13,brain; classification; explicit brain-structure/AI bridge,Glioblastoma is the most common malignant primary brain tumor.
2020,"Worldwide Prevalence and Burden of Functional Gastrointestinal Disorders, Results of Rome Foundation Global Study.","A. Sperber, S. Bangdiwala, S. Bangdiwala, D. Drossman, U. Ghoshal, M. Simrén, et al.",Gastroenterology,2020-04-12,1764,General Brain-AI Structure Reviews and Methods,brain-structure,10.1053/j.gastro.2020.04.014,6356c62ad660505f2418e3bee6602a0af0152b27,https://doi.org/10.1053/j.gastro.2020.04.014,JournalArticle; Review,unknown,1,brain,"BACKGROUND & AIMS Although functional gastrointestinal disorders (FGIDs), now called disorders of gut-brain interaction, have major economic effects on healthcare systems and adversely affect quality of life, little is known about their global prevalence and distribution."
2020,Automated anatomical labelling atlas 3,"E. Rolls, Chu-Chung Huang, Ching-Po Lin, Jianfeng Feng, M. Joliot",NeuroImage,2020-02-01,1713,Structural Neuroimaging and AI,brain-structure;neuroimaging,10.1016/j.neuroimage.2019.116189,44e6c72238ed369db84b72388bacc4305c75a10b,https://doi.org/10.1016/j.neuroimage.2019.116189,JournalArticle,unknown,4,brain; cortex; thalamus; mri,"Following a first version AAL of the automated anatomical labeling atlas (Tzourio-Mazoyer et al., 2002), a second version (AAL2) (Rolls et al., 2015) was developed that provided an alternative parcellation of the orbitofrontal cortex following the description provided by Chiavaras, Petrides, and colleagues."
2020,The gut microbiota-brain axis in behaviour and brain disorders,"L. Morais, H. Schreiber, S. Mazmanian",Nature Reviews Microbiology,2020-10-22,1697,General Brain-AI Structure Reviews and Methods,brain-structure,10.1038/s41579-020-00460-0,db68b97106033eb2cb30f9b7e546bbe036b0d694,https://doi.org/10.1038/s41579-020-00460-0,Review; JournalArticle,unknown,4,brain; brain/neural structure in title,
2020,CBTRUS Statistical Report: Primary Brain and Other Central Nervous System Tumors Diagnosed in the United States in 2013-2017.,"Q. Ostrom, N. Patil, G. Cioffi, K. Waite, C. Kruchko, J. Barnholtz-Sloan",Neuro-Oncology,2020-10-01,1637,Clinical NeuroAI and Brain Disorders,brain-structure;clinical-neuroai,10.1093/neuonc/noaa200,f210b426caa8c88e7a5005116445115188abdfd7,https://doi.org/10.1093/neuonc/noaa200,JournalArticle,unknown,4,brain; brain/neural structure in title,"The Central Brain Tumor Registry of the United States (CBTRUS), in collaboration with the Centers for Disease Control (CDC) and National Cancer Institute (NCI), is the largest population-based registry focused exclusively on primary brain and other central nervous system (CNS) tumors in the United States (US) and represents the entire US population."
2020,"A blood-brain barrier overview on structure, function, impairment, and biomarkers of integrity","Hossam Kadry, Behnam Noorani, L. Cucullo",Fluids and Barriers of the CNS,2020-11-18,1479,"Cellular, Synaptic, and Neuromorphic Foundations",brain-structure;clinical-neuroai,10.1186/s12987-020-00230-3,36a27341d24a86908854c4849682440254747d34,https://doi.org/10.1186/s12987-020-00230-3,Review; JournalArticle,unknown,5,brain; neuron; brain/neural structure in title,The blood-brain barrier is playing a critical role in controlling the influx and efflux of biological substances essential for the brain's metabolic activity as well as neuronal function.
2020,In Reply: Guidelines for the Management of Severe Traumatic Brain Injury: 2020 Update of the Decompressive Craniectomy Recommendations.,"G. Hawryluk, A. M. Rubiano, J. Ghajar",Neurosurgery,2020-12-28,1479,General Brain-AI Structure Reviews and Methods,brain-structure,10.1093/neuros/nyaa523,8ec19f32af7eb2a6cd80f6388441f91ebbe0401d,https://doi.org/10.1093/neuros/nyaa523,JournalArticle,unknown,4,brain; brain/neural structure in title,
2020,Large-scale association analyses identify host factors influencing human gut microbiome composition,"A. Kurilshikov, C. Medina-Gomez, Rodrigo Bacigalupe, D. Radjabzadeh, J. Wang, A. Demirkan, et al.",Nature Genetics,2020-06-28,1432,General Brain-AI Structure Reviews and Methods,brain-structure,10.1038/s41588-020-00763-1,f462f5670325d62bde02d21d565cd951b04325c9,https://doi.org/10.1038/s41588-020-00763-1,JournalArticle,unknown,1,brain,"To study the effect of host genetics on gut microbiome composition, the MiBioGen consortium curated and analyzed genome-wide genotypes and 16S fecal microbiome data from 18,340 individuals (24 cohorts)."
2020,Expression of the SARS-CoV-2 cell receptor gene ACE2 in a wide variety of human tissues,"Mengyuan Li, Lin Li, Yue Zhang, Xiaosheng Wang",Infectious Diseases of Poverty,2020-04-28,1394,"Cellular, Synaptic, and Neuromorphic Foundations",brain-structure,10.1186/s40249-020-00662-x,850af40c5b31c48e46731717f2b248c4c51c11ea,https://doi.org/10.1186/s40249-020-00662-x,JournalArticle,unknown,1,brain,"Since its discovery in December 2019, severe acute respiratory syndrome coronavirus 2 (SARS-CoV-2) has infected more than 2 180 000 people worldwide and has caused more than 150 000 deaths as of April 16, 2020."
2020,The Allen Mouse Brain Common Coordinate Framework: A 3D Reference Atlas,"Quanxin Wang, S. Ding, Yang Li, J. Royall, Hongkui Zeng, L. Ng",Cell,2020-04-30,1338,General Brain-AI Structure Reviews and Methods,brain-structure;connectome,10.1016/j.cell.2020.04.007,55bff5e06ee95b6412970648ab815869210be9db,https://doi.org/10.1016/j.cell.2020.04.007,JournalArticle; Review,unknown,5,brain; cortical; brain/neural structure in title,"Summary Recent large-scale international collaborations are generating major surveys of cell types and connections in the mouse brain, collecting large amounts of data across modalities, spatial scales, and brain areas."
2020,"Prevalence, risk factors, and management of dementia and mild cognitive impairment in adults aged 60 years or older in China: a cross-sectional study.","L. Jia, Yifeng Du, Lan Chu, Zhanjun Zhang, Fangyu Li, Diyang Lyu, et al.",Lancet Public Health,2020-12-01,1327,Clinical NeuroAI and Brain Disorders,brain-structure;connectome;clinical-neuroai,10.1016/s2468-2667(20)30185-7,2de0f62b75ff5a7d3753049d888818fa57df9f1c,https://doi.org/10.1016/s2468-2667(20)30185-7,JournalArticle,unknown,1,brain,"BACKGROUND China has a large population of older people, but has not yet undertaken a comprehensive study on the prevalence, risk factors, and management of both dementia and mild cognitive impairment (MCI)."
2020,The integrated stress response: From mechanism to disease,"Mauro Costa-Mattioli, P. Walter",Science,2020-04-23,1262,Clinical NeuroAI and Brain Disorders,brain-structure;connectome;neuroimaging;neural-signals;clinical-neuroai,10.1126/science.aat5314,d5888c73c0358b5ebd8dc8f6f39c40c49e3d0592,https://doi.org/10.1126/science.aat5314,Review; JournalArticle,unknown,7,brain; connectivity; ecog; historical computation/learning bridge,"Proteostasis dISRupted Despite their importance, many crucial networks for protein quality control within cells diminish with age."
2020,Venous Thromboembolism Prophylaxis and Treatment in Patients With Cancer: ASCO Clinical Practice Guideline Update.,"N. Key, A. Khorana, N. Kuderer, Kari Bohlke, Agnes Y. Y. Lee, J. Arcelus, et al.",Journal of Clinical Oncology,2020-02-10,1206,Clinical NeuroAI and Brain Disorders,brain-structure;clinical-neuroai,10.1200/JCO.19.01461,180656454ea002acc43ffef3ac385f0172388a62,https://doi.org/10.1200/JCO.19.01461,JournalArticle; Review,unknown,1,brain,PURPOSE To provide updated recommendations about prophylaxis and treatment of venous thromboembolism (VTE) in patients with cancer.
2020,ACTIVATION FUNCTIONS IN NEURAL NETWORKS,"Siddharth Sharma, Simone Sharma, Anidhya Athaiya",International Journal of Engineering Applied Sciences and Technology,2020-05-10,1183,"Cellular, Synaptic, and Neuromorphic Foundations",brain-structure;connectome;deep-learning,10.33564/ijeast.2020.v04i12.054,50fdddde4a86fc6f2e23fd7ccbf60e6a37fc4c6d,https://doi.org/10.33564/ijeast.2020.v04i12.054,paper,unknown,18,brain; neuron; neural; neural network; brain/neural structure in title; explicit brain-structure/AI bridge,-Artificial Neural Networks are inspired from the human brain and the network of neurons present in the brain.
2020,Neuropathology of patients with COVID-19 in Germany: a post-mortem case series,"J. Matschke, M. Lütgehetmann, C. Hagel, J. Sperhake, A. Schröder, C. Edler, et al.",Lancet Neurology,2020-10-05,1128,Clinical NeuroAI and Brain Disorders,brain-structure;clinical-neuroai,10.1016/S1474-4422(20)30308-2,244b2dc2bbe089c78b755ebb284aae82730fcd38,https://doi.org/10.1016/S1474-4422(20)30308-2,JournalArticle,unknown,4,brain; basal ganglia; cerebellum; brainstem,Background Prominent clinical symptoms of COVID-19 include CNS manifestations.
2020,Robust decomposition of cell type mixtures in spatial transcriptomics,"Dylan M. Cable, Evan Murray, Luli S. Zou, A. Goeva, Evan Z. Macosko, Fei Chen, et al.",Nature Biotechnology,2020-05-08,1112,Computational Neuroscience and Brain-Inspired AI,brain-structure,10.1038/s41587-021-00830-w,2f06354848bbdb52231bddc252c7a79ddba36125,https://doi.org/10.1038/s41587-021-00830-w,JournalArticle,unknown,5,brain; historical computation/learning bridge,"A limitation of spatial transcriptomics technologies is that individual measurements may contain contributions from multiple cells, hindering the discovery of cell-type-specific spatial patterns of localization and expression."
2020,Neurological and neuropsychiatric complications of COVID-19 in 153 patients: a UK-wide surveillance study,"A. Varatharaj, Naomi J P Thomas, M. Ellul, N. Davies, T. Pollak, Elizabeth L Tenorio, et al.",Lancet psychiatry,2020-06-25,1108,Clinical NeuroAI and Brain Disorders,brain-structure;connectome;clinical-neuroai,10.1016/S2215-0366(20)30287-X,3ba4f93c24ed5b0c2274e947d1ba90f09d228ccd,https://doi.org/10.1016/S2215-0366(20)30287-X,JournalArticle,unknown,2,brain; cerebral,"Background Concerns regarding potential neurological complications of COVID-19 are being increasingly reported, primarily in small series."
2020,The pivotal link between ACE2 deficiency and SARS-CoV-2 infection,"P. Verdecchia, C. Cavallini, A. Spanevello, F. Angeli",European journal of internal medicine,2020-04-20,1106,Clinical NeuroAI and Brain Disorders,brain-structure;clinical-neuroai,10.1016/j.ejim.2020.04.037,25903366c32e0f73fc3c7a8dd427f89f149282ed,https://doi.org/10.1016/j.ejim.2020.04.037,Review; JournalArticle,unknown,1,brain,"Angiotensin converting enzyme-2 (ACE2) receptors mediate the entry into the cell of three strains of coronavirus: SARS-CoV, NL63 and SARS-CoV-2."
2020,Single-Cell Transcriptome Atlas of Murine Endothelial Cells.,"Joanna Kalucka, L. D. de Rooij, J. Goveia, Katerina Rohlenova, Sébastien J. Dumas, Elda Meta, et al.",Cell,2020-02-01,1101,"Cellular, Synaptic, and Neuromorphic Foundations",brain-structure,10.1016/j.cell.2020.01.015,2a2ffdf54cd6a75a85cababac50284b397fd72f1,https://doi.org/10.1016/j.cell.2020.01.015,JournalArticle,unknown,1,brain,The heterogeneity of endothelial cells (ECs) across tissues remains incompletely inventoried.
2020,Pathophysiology and Treatment of Stroke: Present Status and Future Perspectives,"Diji Kuriakose, Zhicheng Xiao",International Journal of Molecular Sciences,2020-10-01,1084,Clinical NeuroAI and Brain Disorders,brain-structure;clinical-neuroai,10.3390/ijms21207609,f44478fa13b48c2e68d010e69172d6d21ab09e66,https://doi.org/10.3390/ijms21207609,Review; JournalArticle,unknown,5,brain; historical computation/learning bridge,Stroke is the second leading cause of death and a major contributor to disability worldwide.
2020,Mitochondria dysfunction in the pathogenesis of Alzheimer's disease: recent advances,"Wenzhang Wang, Fanpeng Zhao, Xiaoping Ma, George Perry, Xiongwei Zhu",Molecular Neurodegeneration,2020-05-29,1071,General Brain-AI Structure Reviews and Methods,brain-structure;clinical-neuroai,10.1186/s13024-020-00376-6,73c303be94ccec3f13840b3ee36f0a5948770b36,https://doi.org/10.1186/s13024-020-00376-6,Review; JournalArticle,unknown,2,brain; neuron,"Alzheimer's disease (AD) is one of the most prevalent neurodegenerative diseases, characterized by impaired cognitive function due to progressive loss of neurons in the brain."
2020,"Cancer statistics for adolescents and young adults, 2020","K. Miller, M. Fidler-Benaoudia, T. Keegan, H. Hipp, A. Jemal, R. Siegel",Ca,2020-09-17,1043,Clinical NeuroAI and Brain Disorders,brain-structure;clinical-neuroai,10.3322/caac.21637,948155960a98113c7f9d5b7c14e583f7b049be7a,https://doi.org/10.3322/caac.21637,JournalArticle,unknown,1,brain,"Cancer statistics for adolescents and young adults (AYAs) (aged 15-39 years) are often presented in aggregate, masking important heterogeneity."
2020,"Neuropixels 2.0: A miniaturized high-density probe for stable, long-term brain recordings","Nicholas A. Steinmetz, C. Aydın, A. Lebedeva, Michael Okun, Marius Pachitariu, Marius Bauza, et al.",Science,2020-10-28,1038,"Cellular, Synaptic, and Neuromorphic Foundations",brain-structure;neuroimaging;neural-signals;neuromorphic-bci,10.1126/science.abf4588,f7b5a777db50c6cc6fa195bb66d104a7455f211c,https://doi.org/10.1126/science.abf4588,JournalArticle,unknown,13,brain; cortex; hippocampus; thalamus; neuron; neural; brain/neural structure in title; historical computation/learning bridge,Recording many neurons for a long time The ultimate aim of chronic recordings is to sample from the same neuron over days and weeks.
2020,APOE4 leads to blood-brain barrier dysfunction predicting cognitive decline,"Axel Montagne, D. Nation, A. Sagare, G. Barisano, Melanie D. Sweeney, Ararat Chakhoyan, et al.",Nature,2020-04-29,1033,Clinical NeuroAI and Brain Disorders,brain-structure;connectome;neural-signals;clinical-neuroai,10.1038/s41586-020-2247-3,d35764a04df8ad26b69f156cdb285f9076116d6e,https://doi.org/10.1038/s41586-020-2247-3,JournalArticle,unknown,6,brain; hippocampus; ecog; brain/neural structure in title,Vascular contributions to dementia and Alzheimer's disease are increasingly recognized1-6.
2020,The characterisation of subjective cognitive decline.,"F. Jessen, R. Amariglio, R. Buckley, W. M. van der Flier, Ying Han, J. Molinuevo, et al.",Lancet Neurology,2020-01-17,1033,Clinical NeuroAI and Brain Disorders,brain-structure;clinical-neuroai,10.1016/S1474-4422(19)30368-0,7a85edc9b1ce4ec7d4197a3615d9889d40bce510,https://doi.org/10.1016/S1474-4422(19)30368-0,Review; JournalArticle,unknown,1,brain,"A growing awareness about brain health and Alzheimer's disease in the general population is leading to an increasing number of cognitively unimpaired individuals, who are concerned that they have reduced cognitive function, to approach the medical system for help."
2020,Transcriptome-scale spatial gene expression in the human dorsolateral prefrontal cortex,"K. E. Maynard, L. Collado-Torres, L. Weber, C. Uytingco, B. Barry, S. Williams, et al.",Nature Neuroscience,2020-02-28,1021,"Connectomics, Graph Models, and Brain Networks",brain-structure;connectome;clinical-neuroai,10.1038/s41593-020-00787-0,86ad0695623e8964d06d97dd88b8958b566751de,https://doi.org/10.1038/s41593-020-00787-0,JournalArticle,unknown,6,brain; cortex; cortical; brain/neural structure in title,We used the 10x Genomics Visium platform to define the spatial topography of gene expression in the six-layered human dorsolateral prefrontal cortex.
2020,Physics for neuromorphic computing,"Danijela Marković, A. Mizrahi, D. Querlioz, J. Grollier",Nature Reviews Physics,2020-03-08,1014,Computational Neuroscience and Brain-Inspired AI,brain-structure;connectome;deep-learning;neuromorphic-bci,10.1038/s42254-020-0208-2,6dc50a0e83b090504870311b0d8008b87874ab75,https://doi.org/10.1038/s42254-020-0208-2,JournalArticle; Review,unknown,18,brain; neural; neural network; neuromorphic; explicit brain-structure/AI bridge,"Neuromorphic computing takes inspiration from the brain to create energy-efficient hardware for information processing, capable of highly sophisticated tasks."
2020,National Institute of Mental Health,Shouxiang Chen,Definitions,2020-02-02,994,"Cognitive Architectures, Learning, and Systems Neuroscience",brain-structure,10.4135/9781412964500.n212,8b3eb75e9bd9dbb372a12d3fbfa66a3df14fb931,https://doi.org/10.4135/9781412964500.n212,paper,unknown,2,brain; amygdala,"a novel connection between the basolateral amygdala-a brain region critical for forming associations between experiences and outcomes-and the nucleus accumbens, which is important for processing rewarding experiences."
2020,Synergy between amyloid-β and tau in Alzheimer's disease,"M. Busche, B. Hyman",Nature Neuroscience,2020-08-10,985,Clinical NeuroAI and Brain Disorders,brain-structure;clinical-neuroai,10.1038/s41593-020-0687-6,ce6e16a581111424a5b18265603de63b962e49e8,https://doi.org/10.1038/s41593-020-0687-6,Review; JournalArticle,unknown,5,brain; historical computation/learning bridge,Patients with Alzheimer's disease (AD) present with both extracellular amyloid-β (Aβ) plaques and intracellular tau-containing neurofibrillary tangles in the brain.
2020,Schizophrenia-An Overview.,"R. McCutcheon, T. Reis Marques, O. Howes",JAMA psychiatry,2020-02-01,984,General Brain-AI Structure Reviews and Methods,brain-structure;clinical-neuroai,10.1001/jamapsychiatry.2019.3360,a016cad50f174e68790e53629d43a0f4da244ca2,https://doi.org/10.1001/jamapsychiatry.2019.3360,JournalArticle; Review,unknown,2,brain; cortical,"Importance Schizophrenia is a common, severe mental illness that most clinicians will encounter regularly during their practice."
2020,Education and Cognitive Functioning Across the Life Span,"M. Lövdén, M. Lövdén, L. Fratiglioni, M. M. Glymour, U. Lindenberger, E. Tucker-Drob",Psychological Science in the Public Interest,2020-08-01,980,Computational Neuroscience and Brain-Inspired AI,brain-structure;clinical-neuroai,10.1177/1529100620920576,68e386e52289d4d78fe04b1c2f3e4a4a28fa2bfc,https://doi.org/10.1177/1529100620920576,JournalArticle; Review,unknown,5,brain; historical computation/learning bridge,"Cognitive abilities are important predictors of educational and occupational performance, socioeconomic attainment, health, and longevity."
2020,"A review of deep learning in medical imaging: Imaging traits, technology trends, case studies with progress highlights, and future promises","S. K. Zhou, H. Greenspan, C. Davatzikos, J. Duncan, B. Ginneken, A. Madabhushi, et al.",Proceedings of the IEEE,2020-08-02,976,General Brain-AI Structure Reviews and Methods,brain-structure;connectome;deep-learning;clinical-neuroai,10.1109/JPROC.2021.3054390,c4c4a61edf42ed162651135dbf07e24b695ec2aa,https://doi.org/10.1109/JPROC.2021.3054390,JournalArticle; Review,unknown,17,brain; artificial intelligence; deep learning; explicit brain-structure/AI bridge,"Since its renaissance, deep learning (DL) has been widely used in various medical imaging tasks and has achieved remarkable success in many medical imaging applications, thereby propelling us into the so-called artificial intelligence (AI) era."
2020,"An atlas of the protein-coding genes in the human, pig, and mouse brain","E. Sjöstedt, Wen Zhong, Linn Fagerberg, Max J. Karlsson, N. Mitsios, C. Adori, et al.",Science,2020-03-05,957,General Brain-AI Structure Reviews and Methods,brain-structure;machine-learning,10.1126/science.aay5947,2fc0a7d6abb3b8ec54585f73d13aca044a815b3a,https://doi.org/10.1126/science.aay5947,JournalArticle; Review,unknown,20,brain; thalamus; hypothalamus; cerebellum; neuron; classification; brain/neural structure in title; explicit brain-structure/AI bridge,"Mapping the mammalian brain The diverse physiology of the brain is reflected in its complex organization at regional, cellular, and subcellular levels."
2020,Amyotrophic lateral sclerosis: a clinical review,"Pegah Masrori, P. van Damme",European Journal of Neurology,2020-06-11,955,Clinical NeuroAI and Brain Disorders,brain-structure;neural-signals;clinical-neuroai,10.1111/ene.14393,9b0a82a97917ea6b07639d65f8d111f74e954152,https://doi.org/10.1111/ene.14393,JournalArticle; Review,unknown,4,brain; cortex; ecog; neuron,"Amyotrophic lateral sclerosis (ALS) is a neurodegenerative disorder affecting primarily the motor system, but in which extra-motor manifestations are increasingly recognized."
2020,Glioblastoma in Adults: A Society for Neuro-Oncology (SNO) and European Society of Neuro-Oncology (EANO) Consensus Review on Current Management and Future Directions.,"P. Y. Wen, M. Weller, E. Lee, B. Alexander, Jill S. Barnholtz-Sloan, F. Barthel, et al.",Neuro-Oncology,2020-04-24,950,Clinical NeuroAI and Brain Disorders,brain-structure;clinical-neuroai,10.1093/neuonc/noaa106,2ec243b65691cfcb51de1466252c1f4de4b113c9,https://doi.org/10.1093/neuonc/noaa106,JournalArticle; Review,unknown,1,brain,Glioblastomas are the most common form of malignant primary brain tumor and an important cause of morbidity and mortality.
2020,Backpropagation and the brain,"T. Lillicrap, Adam Santoro, Luke Marris, C. Akerman, Geoffrey F Hinton",Nature Reviews Neuroscience,2020-04-17,945,General Brain-AI Structure Reviews and Methods,brain-structure,10.1038/s41583-020-0277-3,e7ce12aa34a76fd89b07149fba847b32c915b1ef,https://doi.org/10.1038/s41583-020-0277-3,Review; JournalArticle,unknown,4,brain; brain/neural structure in title,
2020,Muscle-Organ Crosstalk: The Emerging Roles of Myokines,"M. C. Severinsen, B. Pedersen",Endocrine reviews,2020-05-11,945,Clinical NeuroAI and Brain Disorders,brain-structure;connectome;clinical-neuroai,10.1210/endrev/bnaa016,e9cdafc34025c5fb05281385f410991c40c566f0,https://doi.org/10.1210/endrev/bnaa016,JournalArticle,unknown,1,brain,"Abstract Physical activity decreases the risk of a network of diseases, and exercise may be prescribed as medicine for lifestyle-related disorders such as type 2 diabetes, dementia, cardiovascular diseases, and cancer."
2020,Neuroinflammation and depression: A review,"Romain Troubat, P. Barone, S. Leman, T. Desmidt, A. Cressant, B. Atanasova, et al.",European Journal of Neuroscience,2020-03-09,941,"Cellular, Synaptic, and Neuromorphic Foundations",brain-structure;clinical-neuroai,10.1111/ejn.14720,78c22b7a87d91002819d9ee5c30b65d665218097,https://doi.org/10.1111/ejn.14720,Review; JournalArticle,unknown,5,brain; hippocampus; thalamus; hypothalamus; neuron,"Some recent clinical and preclinical evidence suggests that neuroinflammation is a key factor that interacts with the three neurobiological correlates of major depressive disorder: depletion of brain serotonin, dysregulation of the hypothalamus-pituitary-adrenal (HPA) axis and alteration of the continuous production of adult-generated neurons in the dentate gyrus of the hippocampus."
2020,"Dexamethasone treatment for the acute respiratory distress syndrome: a multicentre, randomised controlled trial.","J. Villar, C. Ferrando, Domingo Martínez, A. Ambrós, T. Muñoz, J. Soler, et al.",The Lancet Respiratory Medicine,2020-02-07,920,Clinical NeuroAI and Brain Disorders,brain-structure;connectome;clinical-neuroai,10.1016/S2213-2600(19)30417-5,c22381b242d5d32265bab5533aaed8644fd7f08d,https://doi.org/10.1016/S2213-2600(19)30417-5,JournalArticle,unknown,1,brain,BACKGROUND There is no proven specific pharmacological treatment for patients with the acute respiratory distress syndrome (ARDS).
2020,Glymphatic failure as a final common pathway to dementia,"M. Nedergaard, S. Goldman",Science,2020-10-01,894,Clinical NeuroAI and Brain Disorders,brain-structure;clinical-neuroai,10.1126/science.abb8739,1581b29058a4261d11d32f29c0b5115b4594c81b,https://doi.org/10.1126/science.abb8739,Review; JournalArticle,unknown,1,brain,"Sleep is evolutionarily conserved across all species, and impaired sleep is a common trait of the diseased brain."
2020,"Autism spectrum disorder: definition, epidemiology, causes, and clinical evaluation","Holly Hodges, Casey Fealko, Neelkamal Soares",Translational Pediatrics,2020-02-01,892,Clinical NeuroAI and Brain Disorders,brain-structure;neuroimaging;clinical-neuroai,10.21037/tp.2019.09.09,438b01ef66c9c101c0fe85d112832fc1ca58b125,https://doi.org/10.21037/tp.2019.09.09,Review; JournalArticle,unknown,1,brain,Autism spectrum disorder (ASD) is a neurodevelopmental disorder characterized by deficits in social communication and the presence of restricted interests and repetitive behaviors.
2020,Memory engrams: Recalling the past and imagining the future,"S. Josselyn, S. Tonegawa",Science,2020-01-02,881,"Cellular, Synaptic, and Neuromorphic Foundations",brain-structure;connectome;neuroimaging;neuromorphic-bci,10.1126/science.aaw4325,9904a337e190d773bcab5192c49b1deb2ac98299,https://doi.org/10.1126/science.aaw4325,Review; JournalArticle,unknown,10,brain; hippocampus; amygdala; connectivity; neuron; neural; historical computation/learning bridge,The neural substrate of memory The ability to form memory is an essential trait that allows learning and the accumulation of knowledge.
2020,Neuromorphic Spintronics,"J. Grollier, D. Querlioz, Kerem Y Çamsarı, K. Everschor-Sitte, S. Fukami, M. Stiles",Nature Electronics,2020-03-02,880,Computational Neuroscience and Brain-Inspired AI,brain-structure;brain-inspired-ai;neural-signals;neuromorphic-bci,10.1038/s41928-019-0360-9,b8a8d9aedc7e2321e7a9a11a821218339ded1487,https://doi.org/10.1038/s41928-019-0360-9,JournalArticle; Review,unknown,20,brain; ecog; neuron; synapse; brain-inspired; neuromorphic; explicit brain-structure/AI bridge,Neuromorphic computing uses brain-inspired principles to design circuits that can perform computational tasks with superior power efficiency to conventional computers.
2020,Conscious Processing and the Global Neuronal Workspace Hypothesis,"G. Mashour, P. Roelfsema, J. Changeux, S. Dehaene",Neuron,2020-03-01,874,"Cognitive Architectures, Learning, and Systems Neuroscience",brain-structure;connectome;decoding,10.1016/j.neuron.2020.01.026,c28306bdbc79ba7a6b8a2bf79db7a011feb9eb74,https://doi.org/10.1016/j.neuron.2020.01.026,Review; JournalArticle,unknown,3,brain; neuron; neural,"We review the central tenets and neuroanatomical basis of the global neuronal workspace (GNW) hypothesis, which attempts to account for the main scientific observations regarding the elementary mechanisms of conscious processing in the human brain."
2020,The effects of social deprivation on adolescent development and mental health,"Amy C. Orben, L. Tomova, S. Blakemore",The Lancet Child & Adolescent Health,2020-04-20,873,General Brain-AI Structure Reviews and Methods,brain-structure,10.1016/S2352-4642(20)30186-3,b9e098f288e2a72f3af8b37fb04b9780067cd8da,https://doi.org/10.1016/S2352-4642(20)30186-3,Review; JournalArticle,unknown,1,brain,Summary Adolescence (the stage between 10 and 24 years) is a period of life characterised by heightened sensitivity to social stimuli and the increased need for peer interaction.
2020,A connectome and analysis of the adult Drosophila central brain,"Louis K. Scheffer, C. Xu, M. Januszewski, Zhiyuan Lu, Zhiyuan Lu, Shin-ya Takemura, et al.",bioRxiv,2020-04-09,870,"Cellular, Synaptic, and Neuromorphic Foundations",brain-structure;connectome,10.7554/eLife.57443,485fe26cdf8b1ad829b8601986fe4295ac360a52,https://doi.org/10.7554/eLife.57443,JournalArticle,unknown,12,brain; connectome; neuron; neural; synapse; brain/neural structure in title; historical computation/learning bridge,The neural circuits responsible for animal behavior remain largely unknown.
2020,Neuropathogenesis and Neurologic Manifestations of the Coronaviruses in the Age of Coronavirus Disease 2019 A Review,"Adeel S. Zubair, Lindsay Mcalpine, T. Gardin, S. Farhadian, Deena E. Kuruvilla, S Spudich",JAMA Neurology,2020-05-29,864,"Cellular, Synaptic, and Neuromorphic Foundations",brain-structure;neural-signals;clinical-neuroai,10.1001/jamaneurol.2020.2065,32c841d9f510cec99bdb17596366b1b1504739a1,https://doi.org/10.1001/jamaneurol.2020.2065,JournalArticle; Review,unknown,7,brain; ecog; neuron; historical computation/learning bridge,"IMPORTANCE Severe acute respiratory syndrome coronavirus 2 (SARS-CoV-2) emerged in December 2019, causing human coronavirus disease 2019 (COVID-19), which has now spread into a worldwide pandemic."
2020,"Neurotrophic Factor BDNF, Physiological Functions and Therapeutic Potential in Depression, Neurodegeneration and Brain Cancer","L. Colucci-D'Amato, Luisa Speranza, Floriana Volpicelli",International Journal of Molecular Sciences,2020-10-01,858,"Cellular, Synaptic, and Neuromorphic Foundations",brain-structure;clinical-neuroai,10.3390/ijms21207777,b708532c0091c2277fb96a67cf47858ee098c33a,https://doi.org/10.3390/ijms21207777,Review; JournalArticle,unknown,11,brain; hippocampus; neuron; synapse; brain/neural structure in title; historical computation/learning bridge,Brain-derived neurotrophic factor (BDNF) is one of the most distributed and extensively studied neurotrophins in the mammalian brain.
2020,Large-scale proteomic analysis of Alzheimer's disease brain and cerebrospinal fluid reveals early changes in energy metabolism associated with microglia and astrocyte activation,"E. Johnson, E. Dammer, D. Duong, Lingyan Ping, Maotian Zhou, Luming Yin, et al.",Nature Medicine,2020-04-13,853,Clinical NeuroAI and Brain Disorders,brain-structure;clinical-neuroai,10.1038/s41591-020-0815-6,44ee5515609dfe6555c259f551315a322ff2d26b,https://doi.org/10.1038/s41591-020-0815-6,JournalArticle,unknown,4,brain; brain/neural structure in title,
2020,"COVID-19 is, in the end, an endothelial disease","P. Libby, T. Lüscher",European Heart Journal,2020-08-21,852,General Brain-AI Structure Reviews and Methods,brain-structure,10.1093/eurheartj/ehaa623,45c67f89f20647d5860725cedb1da2b36d7f7099,https://doi.org/10.1093/eurheartj/ehaa623,JournalArticle,unknown,1,brain,"Abstract The vascular endothelium provides the crucial interface between the blood compartment and tissues, and displays a series of remarkable properties that normally maintain homeostasis."
2020,Updated Analysis From KEYNOTE-189: Pembrolizumab or Placebo Plus Pemetrexed and Platinum for Previously Untreated Metastatic Nonsquamous Non-Small-Cell Lung Cancer.,"S. Gadgeel, D. Rodríguez-Abreu, G. Speranza, E. Esteban, E. Felip, M. Dómine, et al.",Journal of Clinical Oncology,2020-03-09,844,Clinical NeuroAI and Brain Disorders,brain-structure;clinical-neuroai,10.1200/JCO.19.03136,fb1909c09e83c64037838978f5ae3ed493f19b95,https://doi.org/10.1200/JCO.19.03136,JournalArticle; Review,unknown,1,brain,"PURPOSE In KEYNOTE-189, first-line pembrolizumab plus pemetrexed-platinum significantly improved overall survival (OS) and progression-free survival (PFS) compared with placebo plus pemetrexed-platinum in patients with metastatic nonsquamous non-small-cell lung cancer (NSCLC), irrespective of tumor programmed death-ligand 1 (PD-L1) expression."
2020,Are we facing a crashing wave of neuropsychiatric sequelae of COVID-19? Neuropsychiatric symptoms and potential immunologic mechanisms,"Emily A. Troyer, Jordan N. Kohn, Suzi Hong","Brain, behavior, and immunity",2020-04-13,839,"Cognitive Architectures, Learning, and Systems Neuroscience",brain-structure;clinical-neuroai,10.1016/j.bbi.2020.04.027,d384f7abddf9b6772c06888da4d8f644a9ff8eac,https://doi.org/10.1016/j.bbi.2020.04.027,Review; JournalArticle,unknown,1,brain,urce of psychological distress globally.• The novel coronavirus and host immunologic response may also directly affect brain and behavior.• Acute and delayed neuropsychiatric sequelae have been associated with past viral pandemics.• Prospective monitoring of COVID-19 patients is needed to determine neuropsychiatric outcomes.• A psychoneuroimmunology perspective will aid in promoting post-pandemic public mental health.
2020,Circadian rhythm disruption and mental health,"William H. Walker, J. Walton, A. DeVries, Randy J. Nelson",Translational Psychiatry,2020-01-23,835,Computational Neuroscience and Brain-Inspired AI,brain-structure,10.1038/s41398-020-0694-0,01f9319ecf5ed38655b4a9786ae68e05617bad09,https://doi.org/10.1038/s41398-020-0694-0,Review; JournalArticle,unknown,8,brain; thalamus; hypothalamus; neural; historical computation/learning bridge,Circadian rhythms are internal manifestations of the solar day that permit adaptations to predictable environmental temporal changes.
2020,Overview of General and Discriminating Markers of Differential Microglia Phenotypes,"A. Jurga, Martyna Paleczna, K. Kuter",Frontiers in Cellular Neuroscience,2020-08-06,835,General Brain-AI Structure Reviews and Methods,brain-structure;clinical-neuroai,10.3389/fncel.2020.00198,6812c57b24a3241a1da096d3f9fe648af9b9ceb2,https://doi.org/10.3389/fncel.2020.00198,JournalArticle; Review,unknown,1,brain,Inflammatory processes and microglia activation accompany most of the pathophysiological diseases in the central nervous system.
2020,Interrogation of the Microenvironmental Landscape in Brain Tumors Reveals Disease-Specific Alterations of Immune Cells,"F. Klemm, Roeltje R. Maas, R. Bowman, Mara Kornete, K. Soukup, S. Nassiri, et al.",Cell,2020-05-23,832,"Cellular, Synaptic, and Neuromorphic Foundations",brain-structure,10.1016/j.cell.2020.05.007,dc19a37402fdf17e330425a22934d3b875503008,https://doi.org/10.1016/j.cell.2020.05.007,JournalArticle,unknown,4,brain; brain/neural structure in title,"Summary Brain malignancies encompass a range of primary and metastatic cancers including low-grade and high-grade gliomas, and brain metastases (BrMs) originating from diverse extracranial tumors."
2020,"Traumatic Brain Injury: An Overview of Epidemiology, Pathophysiology, and Medical Management.","Allison N. Capizzi, J. Woo, Monica Verduzco-Gutierrez",The Medical clinics of North America,2020-03-01,827,Clinical NeuroAI and Brain Disorders,brain-structure;clinical-neuroai,10.1016/J.MCNA.2019.11.001,8733c8c4ebc3b3384f1a38c631db47fa403ecf53,https://doi.org/10.1016/J.MCNA.2019.11.001,Review; JournalArticle,unknown,4,brain; brain/neural structure in title,Traumatic brain injury (TBI) is an acquired insult to the brain from an external mechanical force that may result in temporary or permanent impairment.
2020,Brain energy rescue: an emerging therapeutic concept for neurodegenerative disorders of ageing,"S. Cunnane, E. Trushina, Cecilie Morland, A. Prigione, G. Casadesus, Z. Andrews, et al.",Nature reviews. Drug discovery,2020-07-24,819,Clinical NeuroAI and Brain Disorders,brain-structure;clinical-neuroai,10.1038/s41573-020-0072-x,77d1884fce214050bc2d575f3a736ed94dfabb60,https://doi.org/10.1038/s41573-020-0072-x,Review; JournalArticle,unknown,5,brain; cerebral; brain/neural structure in title,"The brain requires a continuous supply of energy in the form of ATP, most of which is produced from glucose by oxidative phosphorylation in mitochondria, complemented by aerobic glycolysis in the cytoplasm."
2020,Metastatic heterogeneity of breast cancer: Molecular mechanism and potential therapeutic targets.,"Yiran Liang, Hanwen Zhang, Xiaojing Song, Qifeng Yang",Seminars in Cancer Biology,2020-02-01,807,Clinical NeuroAI and Brain Disorders,brain-structure;clinical-neuroai,10.1016/j.semcancer.2019.08.012,c336c573a58395483af74f0d3632c912260453bf,https://doi.org/10.1016/j.semcancer.2019.08.012,Review; JournalArticle,unknown,5,brain; historical computation/learning bridge,Breast cancer is one of the most common malignancies among women throughout the world and is the major cause of most cancer-related deaths.
2020,First-Line Lorlatinib or Crizotinib in Advanced ALK-Positive Lung Cancer.,"A. Shaw, T. Bauer, F. de Marinis, E. Felip, Y. Goto, Geoffrey Liu, et al.",New England Journal of Medicine,2020-11-18,804,Clinical NeuroAI and Brain Disorders,brain-structure;clinical-neuroai,10.1056/nejmoa2027187,7de2877a9a0c20379bf8d843a829547266dc556c,https://doi.org/10.1056/nejmoa2027187,JournalArticle; Review,unknown,1,brain,"BACKGROUND Lorlatinib, a third-generation inhibitor of anaplastic lymphoma kinase (ALK), has antitumor activity in previously treated patients with ALK-positive non-small-cell lung cancer (NSCLC)."
2020,Negative feedback control of neuronal activity by microglia,"Ana Badimon, Hayley J Strasburger, Pinar Ayata, Xinhong Chen, Aditya Nair, Ako Ikegami, et al.",Nature,2020-09-30,801,"Cellular, Synaptic, and Neuromorphic Foundations",brain-structure,10.1038/s41586-020-2777-8,1403ad0dd780b10da93013bd82979520be67ee51,https://doi.org/10.1038/s41586-020-2777-8,JournalArticle,unknown,3,brain; neuron; synapse,"Microglia, the brain's resident macrophages, help to regulate brain function by removing dying neurons, pruning non-functional synapses, and producing ligands that support neuronal survival1."
2020,BrainGNN: Interpretable Brain Graph Neural Network for fMRI Analysis,"Xiaoxiao Li, Yuan Zhou, Siyuan Gao, N. Dvornek, Muhan Zhang, Juntang Zhuang, et al.",bioRxiv,2020-05-17,784,"Connectomics, Graph Models, and Brain Networks",brain-structure;connectome;machine-learning;deep-learning;neuroimaging;clinical-neuroai,10.1101/2020.05.16.100057,aa9635e531de729d47c9f166c388cd5ff0feeaaf,https://doi.org/10.1101/2020.05.16.100057,JournalArticle,unknown,28,brain; connectome; fmri; mri; neural; neural network; prediction; graph neural; brain/neural structure in title; explicit brain-structure/AI bridge,Understanding how certain brain regions relate to a specific neurological disorder or cognitive stimuli has been an important area of neuroimaging research.
2020,The genetic architecture of the human cerebral cortex,"K. Grasby, N. Jahanshad, J. Painter, L. Colodro-Conde, J. Bralten, D. Hibar, et al.",Science,2020-03-20,766,"Cognitive Architectures, Learning, and Systems Neuroscience",brain-structure;neuroimaging;clinical-neuroai,10.1126/science.aay6690,5995afd5ac373ec66bce0cc98aca281faabdce2e,https://doi.org/10.1126/science.aay6690,JournalArticle,unknown,13,brain; cerebral; cortex; cortical; mri; neural; brain/neural structure in title; historical computation/learning bridge,"Genetic determination of cortex structure The human cerebral cortex is important for cognition, and it is of interest to see how genetic variants affect its structure."
2020,Incorporating Learnable Membrane Time Constant to Enhance Learning of Spiking Neural Networks,"Wei Fang, Zhaofei Yu, Yanqing Chen, T. Masquelier, Tiejun Huang, Yonghong Tian",IEEE International Conference on Computer Vision,2020-07-11,763,"Cellular, Synaptic, and Neuromorphic Foundations",brain-structure;connectome;machine-learning;deep-learning;neuromorphic-bci,10.1109/ICCV48922.2021.00266,445fd15f64650d2cfd58833ec6642235888ee584,https://doi.org/10.1109/ICCV48922.2021.00266,JournalArticle; Conference,unknown,26,brain; neuron; neural; neural network; classification; neuromorphic; brain/neural structure in title; explicit brain-structure/AI bridge,"Spiking Neural Networks (SNNs) have attracted enormous research interest due to temporal information processing capability, low power consumption, and high biological plausibility."
2020,Metabolic Inflammation and Insulin Resistance in Obesity,"Huaizhu Wu, C. Ballantyne",Circulation Research,2020-05-21,761,"Cellular, Synaptic, and Neuromorphic Foundations",brain-structure;neural-signals;clinical-neuroai,10.1161/CIRCRESAHA.119.315896,d8b902dbbfd1a434160f90916f694d03aecc78ef,https://doi.org/10.1161/CIRCRESAHA.119.315896,JournalArticle; Review,unknown,4,brain; eeg; meg; ecog,Supplemental Digital Content is available in the text.
2020,A taxonomy of transcriptomic cell types across the isocortex and hippocampal formation,"Z. Yao, T. Nguyen, Cindy T. J. van Velthoven, Jeff Goldy, Adriana E. Sedeño-Cortés, Fahimeh Baftizadeh, et al.",bioRxiv,2020-03-31,760,"Cognitive Architectures, Learning, and Systems Neuroscience",brain-structure;connectome,10.1101/2020.03.30.015214,772ccc4e2d9a727c6c12bced4fc501ebb71b11e5,https://doi.org/10.1101/2020.03.30.015214,paper,unknown,11,brain; cortex; connectivity; neuron; brain/neural structure in title; historical computation/learning bridge,"The isocortex and hippocampal formation are two major structures in the mammalian brain that play critical roles in perception, cognition, emotion and learning."
2020,The 2020 Five Domains Model: Including Human-Animal Interactions in Assessments of Animal Welfare,"D. Mellor, N. Beausoleil, K. Littlewood, A. McLean, P. McGreevy, B. Jones, et al.",Animals,2020-10-01,759,"Cognitive Architectures, Learning, and Systems Neuroscience",brain-structure,10.3390/ani10101870,7d53a86ac3afd29bd2d54eaa72498c79a23e2d98,https://doi.org/10.3390/ani10101870,Review; JournalArticle,unknown,5,brain; historical computation/learning bridge,"Simple Summary This review outlines the latest in a succession of updates of the Five Domains Model, which, at each stage, incorporated contemporary verified scientific thinking of relevance to animal welfare assessment."
2020,High-Spatial-Resolution Multi-Omics Sequencing via Deterministic Barcoding in Tissue,"Yang Liu, Mingyu Yang, Yanxiang Deng, Graham Su, Archibald Enninful, Cindy C. Guo, et al.",Cell,2020-11-09,755,"Cellular, Synaptic, and Neuromorphic Foundations",brain-structure;clinical-neuroai,10.1016/j.cell.2020.10.026,aed50c5d7ea963658421e730079a8d7badc8efe9,https://doi.org/10.1016/j.cell.2020.10.026,JournalArticle,unknown,1,brain,SUMMARY We present DBiT-seq - Deterministic Barcoding in Tissue for spatial omics sequencing - for co-mapping of mRNAs and proteins in a formaldehyde-fixed tissue slide via NGS sequencing.
2020,Spatial Transcriptomics and In Situ Sequencing to Study Alzheimer's Disease.,"Wei-Ting Chen, Ashley Lu, K. Craessaerts, B. Pavie, Carlo Sala Frigerio, N. Corthout, et al.",Cell,2020-07-17,751,"Connectomics, Graph Models, and Brain Networks",brain-structure;connectome;clinical-neuroai,10.1016/j.cell.2020.06.038,68c9f35b659c74b8dd091dd85e9371c50e5410c4,https://doi.org/10.1016/j.cell.2020.06.038,JournalArticle,unknown,5,brain; historical computation/learning bridge,"Although complex inflammatory-like alterations are observed around the amyloid plaques of Alzheimer's disease (AD), little is known about the molecular changes and cellular interactions that characterize this response."
2020,The gut microbiota in anxiety and depression - A systematic review.,"C. Simpson, Carmela Díaz-Arteche, Djamila Eliby, O. Schwartz, J. Simmons, C. Cowan",Clinical Psychology Review,2020-10-29,751,"Connectomics, Graph Models, and Brain Networks",brain-structure;clinical-neuroai,10.1016/j.cpr.2020.101943,b8680eb1b3b16c34e072e79e39f9fbff68c8cf24,https://doi.org/10.1016/j.cpr.2020.101943,Review; JournalArticle,unknown,1,brain,"Growing evidence indicates the community of microorganisms throughout the gastrointestinal tract, (i.e., gut microbiota), is associated with anxiety and depressive disorders."
2020,Technology of deep brain stimulation: current status and future directions,"J. Krauss, N. Lipsman, T. Aziz, A. Boutet, P. Brown, J. Chang, et al.",Nature Reviews Neurology,2020-11-26,746,Clinical NeuroAI and Brain Disorders,brain-structure;connectome;clinical-neuroai;neuromorphic-bci,10.1038/s41582-020-00426-z,2e56b83f7e804a10d8ad4458544c24a75634d691,https://doi.org/10.1038/s41582-020-00426-z,Review; JournalArticle,unknown,17,brain; neural; bci; brain/neural structure in title; explicit brain-structure/AI bridge,Deep brain stimulation (DBS) is a neurosurgical procedure that allows targeted circuit-based neuromodulation.
2020,Human and mouse single-nucleus transcriptomics reveal TREM2-dependent and - independent cellular responses in Alzheimer's disease,"Yingyue Zhou, Wilbur M Song, P. Andhey, A. Swain, T. Levy, K. Miller, et al.",Nature Medicine,2020-01-01,736,General Brain-AI Structure Reviews and Methods,brain-structure;clinical-neuroai,10.1038/s41591-019-0695-9,99ea49ab0c1c1672b94039e5c61e1144b048cb80,https://doi.org/10.1038/s41591-019-0695-9,JournalArticle; Review,unknown,6,brain; neuron; historical computation/learning bridge,Glia have been implicated in Alzheimer's disease (AD) pathogenesis.
2020,Neuropathological Features of Covid-19,"I. Solomon, E. Normandin, Shamik Bhattacharyya, S. Mukerji, Kiana Keller, A. Ali, et al.",New England Journal of Medicine,2020-06-12,729,Clinical NeuroAI and Brain Disorders,brain-structure;clinical-neuroai,10.1056/NEJMc2019373,d1d5c09485e0db4e4ab55fe0f81dc1173b40f86c,https://doi.org/10.1056/NEJMc2019373,LettersAndComments,unknown,1,brain,Brain Autopsy Series in Patients with Covid-19 Eighteen brains of patients who died 0 to 32 days after the onset of symptoms of SARS-CoV-2 infection showed hypoxic-ischemic changes but no encephali...
2020,"Perivascular spaces in the brain: anatomy, physiology and pathology","J. Wardlaw, H. Benveniste, M. Nedergaard, B. Zlokovic, Humberto Mestre, Hedok Lee, et al.",Nature Reviews Neurology,2020-02-24,719,General Brain-AI Structure Reviews and Methods,brain-structure,10.1038/s41582-020-0312-z,4c8d4ce397959d9f99891636b9ba6c9a446aaf22,https://doi.org/10.1038/s41582-020-0312-z,Review; JournalArticle,unknown,4,brain; brain/neural structure in title,
2020,Systematic comparison of single-cell and single-nucleus RNA-sequencing methods,"Jiarui Ding, Xian Adiconis, Sean K. Simmons, Monika S. Kowalczyk, Cynthia C. Hession, Nemanja Marjanović, et al.",Nature Biotechnology,2020-04-06,716,General Brain-AI Structure Reviews and Methods,brain-structure,10.1038/s41587-020-0465-8,9801c18d3ed0085d9cc3bd8007086682bcafc31e,https://doi.org/10.1038/s41587-020-0465-8,JournalArticle,unknown,6,brain; cortex; historical computation/learning bridge,"The scale and capabilities of single-cell RNA-sequencing methods have expanded rapidly in recent years, enabling major discoveries and large-scale cell mapping efforts."
2020,The health effects of ultrafine particles,D. Schraufnagel,Experimental and Molecular Medicine,2020-03-01,709,"Cellular, Synaptic, and Neuromorphic Foundations",brain-structure,10.1038/s12276-020-0403-3,c0f4cebd50f00191fafd8eb5be49fba2c25f44a2,https://doi.org/10.1038/s12276-020-0403-3,Review; JournalArticle,unknown,2,brain; cerebral,"Ultrafine particles (PM0.1), which are present in the air in large numbers, pose a health risk."
2020,"COVID-19, ACE2, and the cardiovascular consequences","A. South, D. Diz, M. Chappell",American Journal of Physiology. Heart and Circulatory Physiology,2020-03-31,698,Clinical NeuroAI and Brain Disorders,brain-structure;neural-signals;clinical-neuroai,10.1152/ajpheart.00217.2020,ed6843c9605437ad57bca846e48565779ec7d275,https://doi.org/10.1152/ajpheart.00217.2020,Editorial,unknown,2,brain; ecog,The novel SARS coronavirus SARS-CoV-2 pandemic may be particularly deleterious to patients with underlying cardiovascular disease (CVD).
2020,Central nervous system manifestations of COVID-19: A systematic review,"A. Asadi-Pooya, Leila Simani",Journal of Neurological Sciences,2020-04-11,697,Clinical NeuroAI and Brain Disorders,brain-structure;clinical-neuroai,10.1016/j.jns.2020.116832,cb0a3fcd531d8945f22d04cf864de1c3df9bba26,https://doi.org/10.1016/j.jns.2020.116832,Review; JournalArticle,unknown,1,brain,"Objective In this systematic review, we will discuss the evidence on the occurrence of central nervous system (CNS) involvement and neurological manifestations in patients with COVID-19."
2020,Topographic organization of the human subcortex unveiled with functional connectivity gradients,"Y. Tian, D. Margulies, M. Breakspear, A. Zalesky",Nature Neuroscience,2020-01-14,697,"Connectomics, Graph Models, and Brain Networks",brain-structure;connectome;neuroimaging,10.1038/s41593-020-00711-6,3382442cbbd752877be6b464d8a10c7a02eba155,https://doi.org/10.1038/s41593-020-00711-6,JournalArticle,unknown,11,brain; cerebral; cortex; cortical; hippocampus; amygdala; brain/neural structure in title,"Brain atlases are fundamental to understanding the topographic organization of the human brain, yet many contemporary human atlases cover only the cerebral cortex, leaving the subcortex a terra incognita."
2020,Linking Structure and Function in Macroscale Brain Networks.,"Laura E. Suárez, R. Markello, Richard F. Betzel, B. Mišić",Trends in Cognitive Sciences,2020-02-24,695,"Connectomics, Graph Models, and Brain Networks",brain-structure;connectome;decoding,10.1016/j.tics.2020.01.008,93dbc4cec621bcd0d9b85d01200101649a0b4a02,https://doi.org/10.1016/j.tics.2020.01.008,Review; JournalArticle,unknown,9,brain; connectivity; brain/neural structure in title; historical computation/learning bridge,Structure-function relationships are a fundamental principle of many naturally occurring systems.
2020,"The UK Biobank imaging enhancement of 100,000 participants: rationale, data collection, management and future directions","T. Littlejohns, J. Holliday, L. Gibson, Steve Garratt, N. Oesingmann, F. Alfaro-Almagro, et al.",Nature Communications,2020-05-26,695,Structural Neuroimaging and AI,brain-structure;neuroimaging,10.1038/s41467-020-15948-9,1d4ddc55c6ebee133c8f314224aa2c546826c7c9,https://doi.org/10.1038/s41467-020-15948-9,Review; JournalArticle,unknown,2,brain; mri,UK Biobank is a population-based cohort of half a million participants aged 40-69 years recruited between 2006 and 2010.
2020,Role of oxidative stress in depression.,"Shvetank Bhatt, A. Nagappa, Chandragouda R. Patil",Drug Discovery Today,2020-05-08,684,"Cellular, Synaptic, and Neuromorphic Foundations",brain-structure,10.1016/j.drudis.2020.05.001,7a0f3c37a9499313513916b53017b8d915a200dc,https://doi.org/10.1016/j.drudis.2020.05.001,Review; JournalArticle,unknown,1,brain,Reactive oxygen species (ROS) have vital roles in cellular signaling and in defence against invasive microorganisms.
2020,"A randomized, double-blind, phase 2b proof-of-concept clinical trial in early Alzheimer's disease with lecanemab, an anti-Aβ protofibril antibody","Chad J. Swanson, Yong Zhang, S. Dhadda, Jinping Wang, J. Kaplow, Robert Y.K. Lai, et al.",Alzheimer's Research & Therapy,2020-09-29,683,Clinical NeuroAI and Brain Disorders,brain-structure;connectome;neuroimaging;clinical-neuroai,10.1186/s13195-021-00813-8,565142d0377f2d6b99ff92c4a7eb0d2c1a0f8a55,https://doi.org/10.1186/s13195-021-00813-8,JournalArticle,unknown,13,brain; bayesian; explicit brain-structure/AI bridge,"Background Lecanemab (BAN2401), an IgG1 monoclonal antibody, preferentially targets soluble aggregated amyloid beta (Aβ), with activity across oligomers, protofibrils, and insoluble fibrils."
2020,Emotion recognition using multi-modal data and machine learning techniques: A tutorial and review,"Jianhua Zhang, Z. Yin, Peng Chen, S. Nichele",Information Fusion,2020-07-01,675,"Cognitive Architectures, Learning, and Systems Neuroscience",brain-structure;machine-learning;deep-learning;neural-signals,10.1016/j.inffus.2020.01.011,e5822c78e94e53fb56094fc443bb1c650168d014,https://doi.org/10.1016/j.inffus.2020.01.011,JournalArticle; Review,unknown,32,brain; eeg; meg; ecog; machine learning; deep learning; support vector; random forest; bayesian; explicit brain-structure/AI bridge,"Abstract In recent years, the rapid advances in machine learning (ML) and information fusion has made it possible to endow machines/computers with the ability of emotion understanding, recognition, and analysis."
2020,Discriminating α-synuclein strains in Parkinson's disease and multiple system atrophy,"M. Shahnawaz, Abhisek Mukherjee, S. Pritzkow, Nicolas Mendez, Prakruti Rabadia, Xiangan Liu, et al.",Nature,2020-02-01,668,Clinical NeuroAI and Brain Disorders,brain-structure;clinical-neuroai,10.1038/s41586-020-1984-7,e60cc8c210165d74e878674a266d9b719a2fdedb,https://doi.org/10.1038/s41586-020-1984-7,JournalArticle,unknown,1,brain,"Synucleinopathies are neurodegenerative diseases that are associated with the misfolding and aggregation of α-synuclein, including Parkinson's disease, dementia with Lewy bodies and multiple system atrophy1."
2020,The Gut-Brain Axis: How Microbiota and Host Inflammasome Influence Brain Physiology and Pathology,"Andrina Rutsch, Johan B. Kantsjö, F. Ronchi",Frontiers in Immunology,2020-12-10,663,Clinical NeuroAI and Brain Disorders,brain-structure;connectome;clinical-neuroai,10.3389/fimmu.2020.604179,29a07f4cb9063457f53723c6a4328c6b5202423e,https://doi.org/10.3389/fimmu.2020.604179,Review; JournalArticle,unknown,4,brain; brain/neural structure in title,The human microbiota has a fundamental role in host physiology and pathology.
2020,SARS-CoV-2 cellular tropism,"Sydney R. Stein, Sabrina C. Ramelli, Alison Grazioli, J. Chung, Manmeet Singh, C. Yinda, et al.",The Lancet Microbe,2020-04-21,657,"Cellular, Synaptic, and Neuromorphic Foundations",brain-structure;clinical-neuroai,10.1016/S2666-5247(20)30008-2,19b52c36a7def937541a5e4d57a5122a2972bf68,https://doi.org/10.1016/S2666-5247(20)30008-2,JournalArticle,unknown,1,brain,"Coronavirus disease 2019 (COVID-19) is known to cause multi-organ dysfunction1-3 during acute infection with severe acute respiratory syndrome coronavirus 2 (SARS-CoV-2), with some patients experiencing prolonged symptoms, termed post-acute sequelae of SARS-CoV-2 (refs."
2020,Hippocampal Avoidance During Whole-Brain Radiotherapy Plus Memantine for Patients With Brain Metastases: Phase III Trial NRG Oncology CC001.,"P. Brown, V. Gondi, S. Pugh, W. Tomé, J. Wefel, T. Armstrong, et al.",Journal of Clinical Oncology,2020-02-14,651,"Cognitive Architectures, Learning, and Systems Neuroscience",brain-structure;clinical-neuroai,10.1200/JCO.19.02767,c2ef11d6962652adea885e97a31563f9a14a4c85,https://doi.org/10.1200/JCO.19.02767,JournalArticle,unknown,9,brain; hippocampus; brain/neural structure in title; historical computation/learning bridge,PURPOSE Radiation dose to the neuroregenerative zone of the hippocampus has been found to be associated with cognitive toxicity.
2020,Emerging Neuroprotective Strategies for the Treatment of Ischemic Stroke: An Overview of Clinical and Preclinical Studies,"Surojit Paul, E. Candelario-Jalil",Experimental Neurology,2020-10-31,650,Clinical NeuroAI and Brain Disorders,brain-structure;connectome;clinical-neuroai,10.1016/j.expneurol.2020.113518,cafc5e8aa5ce60a2520bf1f4f1e367cf760e822b,https://doi.org/10.1016/j.expneurol.2020.113518,Review; JournalArticle,unknown,1,brain,Stroke is the leading cause of disability and the second leading cause of death worldwide.
2020,CA-Net: Comprehensive Attention Convolutional Neural Networks for Explainable Medical Image Segmentation,"Ran Gu, Guotai Wang, Tao Song, Rui Huang, M. Aertsen, J. Deprest, et al.",IEEE Transactions on Medical Imaging,2020-09-22,645,Structural Neuroimaging and AI,brain-structure;connectome;deep-learning;neuroimaging;clinical-neuroai,10.1109/TMI.2020.3035253,c458eeae3a915a9a2039a6ef8777fdc0b43eb333,https://doi.org/10.1109/TMI.2020.3035253,JournalArticle,unknown,18,brain; mri; neural; neural network; brain/neural structure in title; explicit brain-structure/AI bridge,Accurate medical image segmentation is essential for diagnosis and treatment planning of diseases.
2020,Cytochrome P450 oxidoreductase contributes to phospholipid peroxidation in ferroptosis,"Y. Zou, Haoxin Li, E. T. Graham, A. Deik, J. Eaton, Wenyu Wang, et al.",Nature Chemical Biology,2020-02-17,638,"Cellular, Synaptic, and Neuromorphic Foundations",brain-structure,10.1038/s41589-020-0472-6,65cb664c95b26e83f1831838ef85592244ef72ee,https://doi.org/10.1038/s41589-020-0472-6,JournalArticle,unknown,1,brain,"Ferroptosis is widely involved in degenerative diseases in various tissues including kidney, liver and brain, and is a targetable vulnerability in multiple primary and therapy-resistant cancers."
2020,The neural architecture of language: Integrative modeling converges on predictive processing,"Martin Schrimpf, I. Blank, Greta Tuckute, Carina Kauf, Eghbal A. Hosseini, N. Kanwisher, et al.",Proceedings of the National Academy of Sciences of the United States of America,2020-06-27,635,"Cognitive Architectures, Learning, and Systems Neuroscience",brain-structure;connectome;machine-learning;deep-learning;neuroimaging,10.1101/2020.06.26.174482,644a33399711b31f8a5a1b464f6ffd7c2264fedc,https://doi.org/10.1101/2020.06.26.174482,JournalArticle,unknown,34,brain; mri; neural; machine learning; neural network; prediction; predictive; transformer; computational model; brain/neural structure in title; explicit brain-structure/AI bridge,Significance Language is a quintessentially human ability.
2020,Near real-time intraoperative brain tumor diagnosis using stimulated Raman histology and deep neural networks,"Todd C. Hollon, B. Pandian, S. Khalsa, R. D'Amico, M. Sisti, J. Bruce, et al.",Nature Medicine,2020-01-01,631,Clinical NeuroAI and Brain Disorders,brain-structure;connectome;deep-learning;decoding;neuroimaging;neural-signals;clinical-neuroai,10.1038/s41591-019-0715-9,3ea82a8c74fdf3bdbbee4c96354746ccbf8e22ee,https://doi.org/10.1038/s41591-019-0715-9,JournalArticle,unknown,22,brain; ecog; neural; artificial intelligence; neural network; brain/neural structure in title; explicit brain-structure/AI bridge,Intraoperative diagnosis is essential for providing safe and effective care during cancer surgery1.
2020,Brain insulin resistance in Alzheimer's disease and related disorders: mechanisms and therapeutic approaches,"D. Kellar, S. Craft",Lancet Neurology,2020-07-27,630,"Cellular, Synaptic, and Neuromorphic Foundations",brain-structure;clinical-neuroai,10.1016/s1474-4422(20)30231-3,bdd385e9a802b009e791b109fd900e0cc4acfb0c,https://doi.org/10.1016/s1474-4422(20)30231-3,Review; JournalArticle,unknown,5,brain; cerebral; brain/neural structure in title,Insulin is a peptide secreted by the pancreas and plays an important role in the regulation of glucose metabolism in peripheral tissues.
2020,The Cognitive Neuroscience of Attention,M. Posner,Unknown venue,2020-12-17,630,"Cognitive Architectures, Learning, and Systems Neuroscience",brain-structure;connectome;brain-inspired-ai;neuroimaging;clinical-neuroai,10.4324/9781003048916,ed86d5475f159852b815c7dfffc864b9b073a601,https://doi.org/10.4324/9781003048916,paper,unknown,15,brain; neuron; neural; cognitive architecture; explicit brain-structure/AI bridge,"M.I. Posner, Progress in Attention Research."
2020,"Immune responses to stroke: mechanisms, modulation, and therapeutic potential.","C. Iadecola, M. Buckwalter, J. Anrather",Journal of Clinical Investigation,2020-05-11,629,Clinical NeuroAI and Brain Disorders,brain-structure;clinical-neuroai,10.1172/JCI135530,13625dddbeb987f854cc71c616c75bb949763378,https://doi.org/10.1172/JCI135530,Review; JournalArticle,unknown,2,brain; cerebral,Stroke is the second leading cause of death worldwide and a leading cause of disability.
2020,Brain-first versus body-first Parkinson's disease: a multimodal imaging case-control study.,"Jacob Horsager, Katrine B. Andersen, K. Knudsen, Casper Skjærbæk, T. Fedorova, N. Okkels, et al.",Brain : a journal of neurology,2020-08-24,626,"Cellular, Synaptic, and Neuromorphic Foundations",brain-structure;connectome;neuroimaging;clinical-neuroai,10.1093/brain/awaa238,4c1e8f2a1c3a4e2d9291eb836ca11face17c5e22,https://doi.org/10.1093/brain/awaa238,JournalArticle,unknown,6,brain; mri; neuron; brain/neural structure in title,"Parkinson's disease is characterized by the presence of abnormal, intraneuronal α-synuclein aggregates, which may propagate from cell-to-cell in a prion-like manner."
2020,The plastic brain: neurotoxicity of micro- and nanoplastics,"Minne Prüst, J. Meijer, R. Westerink",Particle and Fibre Toxicology,2020-06-08,625,"Cellular, Synaptic, and Neuromorphic Foundations",brain-structure,10.1186/s12989-020-00358-y,6500c2855f16507548ccf98ec1d700106456d957,https://doi.org/10.1186/s12989-020-00358-y,Review; JournalArticle,unknown,5,brain; neuron; brain/neural structure in title,"Given the global abundance and environmental persistence, exposure of humans and (aquatic) animals to micro- and nanoplastics is unavoidable."
2020,Photobiomodulation-Underlying Mechanism and Clinical Applications,"C. Dompe, Lisa Moncrieff, Jacek Matys, K. Grzech-Leśniak, I. Kocherova, A. Bryja, et al.",Journal of Clinical Medicine,2020-06-01,624,General Brain-AI Structure Reviews and Methods,brain-structure;clinical-neuroai,10.3390/jcm9061724,088ea755fe5fbc3fc06629595e8ed206ac5f89fa,https://doi.org/10.3390/jcm9061724,Review; JournalArticle,unknown,1,brain,"The purpose of this study is to explore the possibilities for the application of laser therapy in medicine and dentistry by analyzing lasers' underlying mechanism of action on different cells, with a special focus on stem cells and mechanisms of repair."
2020,Structures of α-Synuclein Filaments from Multiple System Atrophy,"M. Schweighauser, Yang Shi, A. Tarutani, F. Kametani, A. Murzin, B. Ghetti, et al.",Nature,2020-02-06,622,Clinical NeuroAI and Brain Disorders,brain-structure;clinical-neuroai,10.1038/s41586-020-2317-6,d8db22df3cc4d645440cd8f4a5b924ee6a82c81b,https://doi.org/10.1038/s41586-020-2317-6,JournalArticle,unknown,1,brain,"Synucleinopathies, which include multiple system atrophy (MSA), Parkinson's disease, Parkinson's disease with dementia and dementia with Lewy bodies (DLB), are human neurodegenerative diseases1."
2020,"Cognitive impairment in multiple sclerosis: clinical management, MRI, and therapeutic avenues","R. Benedict, M. Amato, J. DeLuca, J. Geurts",Lancet Neurology,2020-09-16,616,Structural Neuroimaging and AI,brain-structure;connectome;neuroimaging;clinical-neuroai,10.1016/S1474-4422(20)30277-5,5e67d5eb3882bcc6837ce176e3970126a8378e15,https://doi.org/10.1016/S1474-4422(20)30277-5,Review; JournalArticle,unknown,2,brain; mri,"Multiple sclerosis is a chronic, demyelinating disease of the CNS."
2020,Posttraumatic stress symptoms and attitude toward crisis mental health services among clinically stable patients with COVID-19 in China,"Hai-xin Bo, Wen Li, Yuan Yang, Yu Wang, Qinge Zhang, T. Cheung, et al.",Psychological Medicine,2020-03-27,613,Clinical NeuroAI and Brain Disorders,brain-structure;brain-inspired-ai;clinical-neuroai,10.1017/S0033291720000999,b56152385d9506d53fe6c39dbe1798e86037b836,https://doi.org/10.1017/S0033291720000999,JournalArticle,unknown,13,brain; brain-inspired; explicit brain-structure/AI bridge,"1. Department of Nursing, Peking Union Medical College Hospital, Beijing, China; 2."
2020,Immunotherapy for glioma: current management and future application.,"Shengchao Xu, Lu Tang, Xizhe Li, Fan Fan, Zhixiong Liu",Cancer Letters,2020-02-07,607,Clinical NeuroAI and Brain Disorders,brain-structure;clinical-neuroai,10.1016/j.canlet.2020.02.002,efb9a507b2db44a27b226029979c1c4507963442,https://doi.org/10.1016/j.canlet.2020.02.002,JournalArticle,unknown,1,brain,Gliomas are intrinsic brain tumors that originate from neuroglial progenitor cells.
2020,A Mouse Model of SARS-CoV-2 Infection and Pathogenesis,"Shihun Sun, Qi Chen, Hongjing Gu, Guan Yang, Yanxing Wang, Xingyao Huang, et al.",Cell Host and Microbe,2020-05-27,598,Computational Neuroscience and Brain-Inspired AI,brain-structure,10.1016/j.chom.2020.05.020,851800c010d9aee010914154247fea72d2fa3db7,https://doi.org/10.1016/j.chom.2020.05.020,JournalArticle,unknown,13,brain; computational neuroscience; explicit brain-structure/AI bridge,"Summary Since December 2019, a novel coronavirus SARS-CoV-2 has emerged and rapidly spread throughout the world, resulting in a global public health emergency."
2020,Single cell RNA sequencing of human microglia uncovers a subset associated with Alzheimer's disease,"M. Olah, V. Menon, Naomi Habib, M. Taga, Yiyi Ma, Christina Yung, et al.",Nature Communications,2020-11-30,598,"Cellular, Synaptic, and Neuromorphic Foundations",brain-structure;clinical-neuroai,10.1038/s41467-020-19737-2,9ede0419da3c5670071f40c76ffeb53d1a55ac92,https://doi.org/10.1038/s41467-020-19737-2,JournalArticle,unknown,3,brain; cerebral; cortex,The extent of microglial heterogeneity in humans remains a central yet poorly explored question in light of the development of therapies targeting this cell type.
2020,Plant exosome like nanovesicles: Emerging therapeutics and drug delivery nanoplatforms.,"H. A. Dad, Tingwei Gu, Ao Zhu, Lu-qi Huang, Li-hua Peng",Molecular Therapy,2020-12-02,596,Clinical NeuroAI and Brain Disorders,brain-structure;clinical-neuroai,10.1016/j.ymthe.2020.11.030,0f34aae61b5e8ba90682eab7ca4431788fb0f15d,https://doi.org/10.1016/j.ymthe.2020.11.030,Review; JournalArticle,unknown,3,brain; eeg; meg,"Plant exosome like nanovesicles, being innately replete with bioactive lipids, proteins, RNA and other pharmacologically active molecules, offer unique morphological and compositional characteristics as natural nanocarriers."
2020,Brain-inspired replay for continual learning with artificial neural networks,"Gido M. van de Ven, H. Siegelmann, A. Tolias",Nature Communications,2020-08-13,592,Computational Neuroscience and Brain-Inspired AI,brain-structure;connectome;deep-learning;decoding;brain-inspired-ai,10.1038/s41467-020-17866-2,7bfb4ef17eabec1acd266958bdb08622eebfbb05,https://doi.org/10.1038/s41467-020-17866-2,JournalArticle,unknown,34,brain; neuron; neural; artificial intelligence; deep learning; neural network; computational neuroscience; brain-inspired; brain/neural structure in title; explicit brain-structure/AI bridge,Artificial neural networks suffer from catastrophic forgetting.
2020,The blood-brain barrier in health and disease: Important unanswered questions,"C. Profaci, Roeben N. Munji, Robert S. Pulido, R. Daneman",Journal of Experimental Medicine,2020-03-25,590,"Cellular, Synaptic, and Neuromorphic Foundations",brain-structure,10.1084/jem.20190062,314258500ba2033b3643422f95db18694c2d9b10,https://doi.org/10.1084/jem.20190062,JournalArticle; Review,unknown,5,brain; neural; brain/neural structure in title,"The blood vessels of the central nervous system tightly control the movement of ions, molecules, and cells between the blood and tissue."
2020,Large-scale neuromorphic optoelectronic computing with a reconfigurable diffractive processing unit,"Tiankuang Zhou, Xing Lin, Jiamin Wu, Yitong Chen, Hao Xie, Yipeng Li, et al.",Nature Photonics,2020-08-26,588,Computational Neuroscience and Brain-Inspired AI,brain-structure;connectome;deep-learning;brain-inspired-ai;neural-signals;neuromorphic-bci,10.1038/s41566-021-00796-w,384c7150417d14f8e333718f595f7ebbe05df67d,https://doi.org/10.1038/s41566-021-00796-w,JournalArticle,unknown,32,brain; ecog; neuron; neural; artificial intelligence; neural network; computational neuroscience; brain-inspired; neuromorphic; explicit brain-structure/AI bridge,There is an ever-growing demand for artificial intelligence.
2020,Semaglutide lowers body weight in rodents via distributed neural pathways.,"S. Gabery, C. G. Salinas, S. Paulsen, J. Ahnfelt-Rønne, T. Alanentalo, Arian F. Baquero, et al.",JCI Insight,2020-03-26,585,Clinical NeuroAI and Brain Disorders,brain-structure;connectome;clinical-neuroai,10.1172/jci.insight.133429,f4ce35b05e4b90ce4c6ab673717d07af16d80577,https://doi.org/10.1172/jci.insight.133429,JournalArticle,unknown,10,brain; thalamus; hypothalamus; brainstem; connectivity; neuron; brain/neural structure in title,"Semaglutide, a glucagon-like peptide 1 (GLP-1) analog, induces weight loss, lowers glucose levels, and reduces cardiovascular risk in patients with diabetes."
2020,The Critical Relationship Between Anxiety and Depression.,N. Kalin,American Journal of Psychiatry,2020-05-01,585,"Cognitive Architectures, Learning, and Systems Neuroscience",brain-structure;clinical-neuroai,10.1176/appi.ajp.2020.20030305,1c146db4837ab515f00579919a61eca93c3cc26d,https://doi.org/10.1176/appi.ajp.2020.20030305,Editorial; Review,unknown,2,brain; neural,"Anxiety and depressive disorders are among the most commonpsychiatric illnesses; theyarehighly comorbidwith each other, and together they are considered to belong to the broader category of internalizing disorders."
2020,"Recovery from disorders of consciousness: mechanisms, prognosis and emerging therapies","B. Edlow, J. Claassen, N. Schiff, D. Greer",Nature Reviews Neurology,2020-12-14,581,Clinical NeuroAI and Brain Disorders,brain-structure;connectome;machine-learning;deep-learning;neuroimaging;neural-signals;clinical-neuroai,10.1038/s41582-020-00428-x,ff239561ded3e047eca26e1b297501919fb5cd86,https://doi.org/10.1038/s41582-020-00428-x,Review; JournalArticle,unknown,23,brain; cerebrum; cortical; mri; eeg; neuron; neural network; prediction; explicit brain-structure/AI bridge,"Substantial progress has been made over the past two decades in detecting, predicting and promoting recovery of consciousness in patients with disorders of consciousness (DoC) caused by severe brain injuries."
2020,Classification of Brain Tumors from MRI Images Using a Convolutional Neural Network,"Milica M. Badža, M. Barjaktarović",Applied Sciences,2020-03-15,576,Structural Neuroimaging and AI,brain-structure;connectome;machine-learning;deep-learning;neuroimaging,10.3390/app10061999,0a0ef3a1c242b119aede522fd2faf88ae18e9057,https://doi.org/10.3390/app10061999,paper,unknown,26,brain; mri; neural; machine learning; neural network; classification; brain/neural structure in title; explicit brain-structure/AI bridge,"The classification of brain tumors is performed by biopsy, which is not usually conducted before definitive brain surgery."
2020,Circadian control of brain glymphatic and lymphatic fluid flow,"Lauren M. Hablitz, Virginia Plá, Michael J. Giannetto, Hanna S. Vinitsky, F. F. Stæger, Tanner Metcalfe, et al.",Nature Communications,2020-09-02,574,"Connectomics, Graph Models, and Brain Networks",brain-structure;connectome,10.1038/s41467-020-18115-2,d0d6ac140cf093d0d37d751100bbb70573d92415,https://doi.org/10.1038/s41467-020-18115-2,JournalArticle,unknown,4,brain; brain/neural structure in title,The glymphatic system is a network of perivascular spaces that promotes movement of cerebrospinal fluid (CSF) into the brain and clearance of metabolic waste.
2020,Redox lipid reprogramming commands susceptibility of macrophages and microglia to ferroptotic death,"A. Kapralov, Qin Yang, H. Dar, Y. Tyurina, T. Anthonymuthu, Rina Kim, et al.",Nature Chemical Biology,2020-02-17,574,General Brain-AI Structure Reviews and Methods,,10.1038/s41589-019-0462-8,7e81760b334f6c8fa1ed020d5a9eb091ed950a12,https://doi.org/10.1038/s41589-019-0462-8,JournalArticle,unknown,0,Semantic Scholar brain-AI query,
2020,Using Bayes factor hypothesis testing in neuroscience to establish evidence of absence,"C. Keysers, V. Gazzola, E. Wagenmakers",Nature Neuroscience,2020-06-29,572,General Brain-AI Structure Reviews and Methods,brain-structure,10.1038/s41593-020-0660-4,d342537a05b3bcf5695de9f43886906e989a5d01,https://doi.org/10.1038/s41593-020-0660-4,Review; JournalArticle,unknown,13,brain; bayesian; explicit brain-structure/AI bridge,"Most neuroscientists would agree that for brain research to progress, we have to know which experimental manipulations have no effect as much as we must identify those that do have an effect."
2020,Peripheral inflammation and blood-brain barrier disruption: effects and mechanisms,"Xiaowen Huang, Basharat Hussain, Junlei Chang",CNS Neuroscience & Therapeutics,2020-12-30,568,General Brain-AI Structure Reviews and Methods,brain-structure;clinical-neuroai,10.1111/cns.13569,d0347c554cceedd987784934a75361dc5acf7d04,https://doi.org/10.1111/cns.13569,JournalArticle; Review,unknown,4,brain; brain/neural structure in title,"The blood-brain barrier (BBB) is an important physiological barrier that separates the central nervous system (CNS) from the peripheral circulation, which contains inflammatory mediators and immune cells."
2020,"Recent Advancements in Pathogenesis, Diagnostics and Treatment of Alzheimer's Disease","Sahil Khan, K. Barve, Maushmi S. Kumar",Current Neuropharmacology,2020-05-28,568,Clinical NeuroAI and Brain Disorders,brain-structure;clinical-neuroai,10.2174/1570159X18666200528142429,8d466027a75c39f17e7ad5ecc5f8e37042c6bc87,https://doi.org/10.2174/1570159X18666200528142429,JournalArticle; Review,unknown,13,brain; artificial intelligence; explicit brain-structure/AI bridge,Background The only conclusive way to diagnose Alzheimer's is to carry out brain autopsy of the patient's brain tissue and ascertain whether the subject had Alzheimer's or any other form of dementia.
2020,Locus coeruleus: a new look at the blue spot,"G. Poe, S. Foote, O. Eschenko, J. Johansen, S. Bouret, G. Aston-Jones, et al.",Nature Reviews Neuroscience,2020-09-17,564,General Brain-AI Structure Reviews and Methods,brain-structure;connectome,10.1038/s41583-020-0360-9,0afd03176cf4ea84c37691baf30ca060d68569e6,https://doi.org/10.1038/s41583-020-0360-9,Review; JournalArticle,unknown,3,brain; brainstem; neuron,"The locus coeruleus (LC), or 'blue spot', is a small nucleus located deep in the brainstem that provides the far-reaching noradrenergic neurotransmitter system of the brain."
2020,Questions and controversies in the study of time-varying functional connectivity in resting fMRI,"Daniel J. Lurie, Daniel A Kessler, D. Bassett, Richard F. Betzel, M. Breakspear, Shella Kheilholz, et al.",Network Neuroscience,2020-01-01,562,Structural Neuroimaging and AI,brain-structure;connectome;neuroimaging,10.1162/netn_a_00116,c68b9aede4a0ac7f61e5cec61b3332976d45b461,https://doi.org/10.1162/netn_a_00116,Review; JournalArticle,unknown,5,brain; connectivity; fmri; mri; neural,"Abstract The brain is a complex, multiscale dynamical system composed of many interacting regions."
2020,"The Pharmacological Activity, Biochemical Properties, and Pharmacokinetics of the Major Natural Polyphenolic Flavonoid: Quercetin","G. Batiha, A. Beshbishy, M. Ikram, Z. Mulla, M. El-Hack, A. Taha, et al.",Foods,2020-03-01,560,Clinical NeuroAI and Brain Disorders,brain-structure;clinical-neuroai,10.3390/foods9030374,7e362da1f8e846a9667dffe15aaf8c9f54012681,https://doi.org/10.3390/foods9030374,Review; JournalArticle,unknown,1,brain,"Flavonoids are a class of natural substances present in plants, fruits, vegetables, wine, bulbs, bark, stems, roots, and tea."
2020,European Academy of Neurology guideline on the diagnosis of coma and other disorders of consciousness,"D. Kondziella, D. Kondziella, D. Kondziella, A. Bender, Karin Diserens, W. S. Erp, et al.",European Journal of Neurology,2020-02-23,559,Clinical NeuroAI and Brain Disorders,brain-structure;connectome;neuroimaging;neural-signals;clinical-neuroai,10.1111/ene.14151,1ba14f2447256ba087271ffbf4d8346d3b8a8943,https://doi.org/10.1111/ene.14151,JournalArticle,unknown,3,brain; eeg; meg,Patients with acquired brain injury and acute or prolonged disorders of consciousness (DoC) are challenging.
2020,Defining oligometastatic disease from a radiation oncology perspective: An ESTRO-ASTRO consensus document.,"Y. Lievens, M. Guckenberger, D. Gomez, M. Høyer, P. Iyengar, I. Kindts, et al.",Radiotherapy and Oncology,2020-04-22,555,Clinical NeuroAI and Brain Disorders,brain-structure;neural-signals;clinical-neuroai,10.1016/j.radonc.2020.04.003,ec9486bab54c88bcd5c5c474bb57a3a32684d180,https://doi.org/10.1016/j.radonc.2020.04.003,JournalArticle; Review,unknown,2,brain; ecog,"BACKGROUND Recognizing the rapidly increasing interest and evidence in using metastasis-directed radiotherapy (MDRT) for oligometastatic disease (OMD), ESTRO and ASTRO convened a committee to establish consensus regarding definitions of OMD and define gaps in current evidence."
2020,Neuroinvasion of SARS-CoV-2 in human and mouse brain,"E. Song, Ce Zhang, Benjamin Israelow, Alice Lu-Culligan, Alba Vieites Prado, Sophie Skriabine, et al.",bioRxiv,2020-06-26,554,"Cellular, Synaptic, and Neuromorphic Foundations",brain-structure;clinical-neuroai,10.1101/2020.06.25.169946,8b719789dede13749666d0705d7f7073a75164c5,https://doi.org/10.1101/2020.06.25.169946,paper,unknown,6,brain; cortical; neuron; brain/neural structure in title,"Although COVID-19 is considered to be primarily a respiratory disease, SARS-CoV-2 affects multiple organ systems including the central nervous system (CNS)."
2020,Neurological manifestations of COVID-19 and other coronavirus infections: A systematic review,"V. Montalvan, J. Lee, T. Bueso, J. D. Toledo, K. Rivas",Clinical neurology and neurosurgery (Dutch-Flemish ed. Print),2020-05-15,550,Clinical NeuroAI and Brain Disorders,brain-structure;clinical-neuroai,10.1016/j.clineuro.2020.105921,4b819ac31e5bb8c4207384bf2e5ac5cbee07949f,https://doi.org/10.1016/j.clineuro.2020.105921,Review; JournalArticle,unknown,1,brain,Highlights • Neurological manifestations has been reported in SARS-CoV2 infection recently.• SARS-CoV2 could spread to the brain hematogenously or through the cribriform plate.• Neurological symptoms can be due to systemic illness or viral invasion of the CNS.
2020,Brain-Computer Interfaces,"Ricardo Chavarriaga, J. Millán",Handbook of Clinical Neurology,2020,548,"Brain Decoding, Representation Learning, and BCI",brain-structure;decoding;clinical-neuroai;neuromorphic-bci,10.1007/978-3-540-29678-2_717,88180800dbffa736a05c9a42e375f5d53a1abab6,https://doi.org/10.1007/978-3-540-29678-2_717,paper,unknown,16,brain; brain-computer; brain/neural structure in title; explicit brain-structure/AI bridge,
2020,Single-Cell Mapping of Human Brain Cancer Reveals Tumor-Specific Instruction of Tissue-Invading Leukocytes.,"Ekaterina Friebel, Konstantina Kapolou, S. Unger, N. Núñez, Sebastian G. Utz, E. Rushing, et al.",Cell,2020-05-22,548,"Cellular, Synaptic, and Neuromorphic Foundations",brain-structure,10.1016/j.cell.2020.04.055,eeb398c231631415876a04663c628b5c993e2070,https://doi.org/10.1016/j.cell.2020.04.055,JournalArticle,unknown,4,brain; brain/neural structure in title,Brain malignancies can either originate from within the CNS (gliomas) or invade from other locations in the body (metastases).
2020,Cerebral Micro-Structural Changes in COVID-19 Patients - An MRI-based 3-month Follow-up Study,"Yi-ping Lu, Xuanxuan Li, D. Geng, N. Mei, Pu-yeh Wu, Chu-Chung Huang, et al.",EClinicalMedicine,2020-08-01,546,Clinical NeuroAI and Brain Disorders,brain-structure;neuroimaging;clinical-neuroai,10.1016/j.eclinm.2020.100484,3e00ab8207463e4f3b425e7b0d3a14ba23798044,https://doi.org/10.1016/j.eclinm.2020.100484,JournalArticle,unknown,5,brain; cerebral; hippocampus; diffusion tensor; mri,Background Increasing evidence supported the possible neuro-invasion potential of SARS-CoV-2.
2020,Rumination and the default mode network: Meta-analysis of brain imaging studies and implications for depression,"Hui Zhou, Xiao Chen, Yang-Qian Shen, Le Li, Ning-Xuan Chen, Zhi-Chen Zhu, et al.",NeuroImage,2020-02-01,542,General Brain-AI Structure Reviews and Methods,brain-structure;connectome;neuroimaging,10.1016/j.neuroimage.2019.116287,ae5548b37246ce7593a5b0f8c69b1646592ac5ed,https://doi.org/10.1016/j.neuroimage.2019.116287,Review; JournalArticle,unknown,12,brain; cortex; fmri; mri; neural; brain/neural structure in title; historical computation/learning bridge,Rumination is strongly and consistently correlated with depression.
2020,Social determinants of health and survival in humans and other animals,"N. Snyder-Mackler, J. R. Burger, Lauren Gaydosh, Daniel W Belsky, Grace A. Noppert, Fernando A. Campos, et al.",Science,2020-05-21,539,Computational Neuroscience and Brain-Inspired AI,brain-structure;machine-learning,10.1126/science.aax9553,129d158c3bdbbfbf1fc14c280aa91742aa26b464,https://doi.org/10.1126/science.aax9553,Review; JournalArticle,unknown,13,brain; predictive; explicit brain-structure/AI bridge,"Social animals need connection Much research over the past decade or so has revealed that health and lifespan in humans, highly social animals, are reduced with social adversity."
2020,Propionic Acid Shapes the Multiple Sclerosis Disease Course by an Immunomodulatory Mechanism.,"Alexander Duscha, B. Gisevius, Sarah Hirschberg, N. Yissachar, G. Stangl, Eva Eilers, et al.",Cell,2020-03-01,538,"Cellular, Synaptic, and Neuromorphic Foundations",brain-structure;neuroimaging;clinical-neuroai,10.1016/j.cell.2020.02.035,58df0915c4188080df1719696d409e1936273436,https://doi.org/10.1016/j.cell.2020.02.035,JournalArticle,unknown,1,brain,Short-chain fatty acids are processed from indigestible dietary fibers by gut bacteria and have immunomodulatory properties.
2020,"Medium-term effects of SARS-CoV-2 infection on multiple vital organs, exercise capacity, cognition, quality of life and mental health, post-hospital discharge","B. Raman, M. Cassar, E. Tunnicliffe, N. Filippini, L. Griffanti, F. Alfaro-Almagro, et al.",medRxiv,2020-10-18,532,Structural Neuroimaging and AI,brain-structure;neuroimaging;clinical-neuroai,10.1016/j.eclinm.2020.100683,fb6e0b5cc20f1a4b17c6b2f0351f2643f268b570,https://doi.org/10.1016/j.eclinm.2020.100683,JournalArticle,unknown,3,brain; thalamus; mri,"Background The medium-term effects of Coronavirus disease (COVID-19) on multiple organ health, exercise capacity, cognition, quality of life and mental health are poorly understood."
2020,Pathogenesis of SARS-CoV-2 in Transgenic Mice Expressing Human Angiotensin-Converting Enzyme 2,"Ren-di Jiang, Meiqin Liu, Ying Chen, Chao Shan, Yiwu Zhou, Xurui Shen, et al.",Cell,2020-05-21,532,Computational Neuroscience and Brain-Inspired AI,brain-structure;clinical-neuroai,10.1016/j.cell.2020.05.027,f4816fdb737ee0bb7e970dcf1b04736e29d0ecfd,https://doi.org/10.1016/j.cell.2020.05.027,JournalArticle,unknown,5,brain; historical computation/learning bridge,COVID-19 has spread worldwide since 2019 and is now a severe threat to public health.
2020,Prospective longitudinal atrophy in Alzheimer's disease correlates with the intensity and topography of baseline tau-PET,"R. La Joie, Adrienne V Visani, S. Baker, Jesse A. Brown, Viktoriya Bourakova, J. Cha, et al.",Science Translational Medicine,2020-01-01,532,Clinical NeuroAI and Brain Disorders,brain-structure;connectome;machine-learning;neuroimaging;clinical-neuroai,10.1126/scitranslmed.aau5732,d2bec68ad26e56513bcea9df9022eaf8aec5b438,https://doi.org/10.1126/scitranslmed.aau5732,JournalArticle,unknown,15,brain; cortical; mri; predictive; explicit brain-structure/AI bridge,Tau imaging with [18F]flortaucipir predicts the severity and topography of subsequent MRI cortical atrophy in patients with Alzheimer's disease.
2020,"Cerebral microvascular complications of type 2 diabetes: stroke, cognitive dysfunction, and depression","T. V. van Sloten, S. Sedaghat, M. Carnethon, L. Launer, C. Stehouwer",The Lancet Diabetes and Endocrinology,2020-03-02,529,Clinical NeuroAI and Brain Disorders,brain-structure;clinical-neuroai,10.1016/s2213-8587(19)30405-x,c824164d41deb3475502db2feb99ea649ed9a9df,https://doi.org/10.1016/s2213-8587(19)30405-x,Review; JournalArticle,unknown,2,brain; cerebral,"Adults with type 2 diabetes are at higher risk for developing certain brain diseases, including stroke, dementia, and depression."
2020,The brain's glymphatic system: current controversies.,"Humberto Mestre, Y. Mori, M. Nedergaard",Trends in Neurosciences,2020-05-15,522,General Brain-AI Structure Reviews and Methods,brain-structure,10.1016/j.tins.2020.04.003,e06a746f642db55fa2be2e1b1cf6f358aa66abab,https://doi.org/10.1016/j.tins.2020.04.003,Review; JournalArticle,unknown,4,brain; brain/neural structure in title,The glymphatic concept along with the discovery of meningeal lymphatic vessels have in recent years highlighted that fluid is directionally transported within the central nervous system.
2020,Glial Cells: Role of the Immune Response in Ischemic Stroke,"Shenbin Xu, Jianan Lu, Anwen Shao, John H. Zhang, Jianmin Zhang",Frontiers in Immunology,2020-02-26,519,General Brain-AI Structure Reviews and Methods,brain-structure;clinical-neuroai,10.3389/fimmu.2020.00294,310149f82801208079911e8937dd452c32d831ba,https://doi.org/10.3389/fimmu.2020.00294,Review; JournalArticle,unknown,2,brain; neuron,"Ischemic stroke, which accounts for 75-80% of all strokes, is the predominant cause of morbidity and mortality worldwide."
2020,Cell Stress in Cortical Organoids Impairs Molecular Subtype Specification,"A. Bhaduri, Madeline G. Andrews, Walter Mancia, Diane Jung, David Shin, Denise E. Allen, et al.",Nature,2020-01-29,517,"Cellular, Synaptic, and Neuromorphic Foundations",brain-structure,10.1038/s41586-020-1962-0,bcb0bfb5312802f7ab514380e87bd32f3418f9d4,https://doi.org/10.1038/s41586-020-1962-0,JournalArticle,unknown,9,brain; cerebral; cortex; cortical; neuron; historical computation/learning bridge,"Cortical organoids are self-organizing three-dimensional cultures that model features of the developing human cerebral cortex1,2."
2020,Ofatumumab versus Teriflunomide in Multiple Sclerosis.,"S. Hauser, A. Bar-Or, Jeffrey A. Cohen, G. Comi, J. Correale, P. Coyle, et al.",New England Journal of Medicine,2020-08-05,513,Clinical NeuroAI and Brain Disorders,brain-structure;neuroimaging;clinical-neuroai,10.1056/nejmoa1917246,cb06429fa9fec3181a8df87190670bd9bf7aa6a4,https://doi.org/10.1056/nejmoa1917246,JournalArticle,unknown,2,brain; mri,"BACKGROUND Ofatumumab, a subcutaneous anti-CD20 monoclonal antibody, selectively depletes B cells."
2020,Burden of Neurological Disorders Across the US From 1990-2017,"V. Feigin, T. Vos, Fares Alahdab, A. Amit, T. Bärnighausen, E. Beghi, et al.",JAMA Neurology,2020-11-02,510,Clinical NeuroAI and Brain Disorders,brain-structure;connectome;clinical-neuroai,10.1001/jamaneurol.2020.4152,6e7c4a302e56a59cdf924e629ab601266c138439,https://doi.org/10.1001/jamaneurol.2020.4152,JournalArticle,unknown,1,brain,"Key Points Question What is the current burden of neurological disorders in the US by states, and what are the temporal trends (from 1990 to 2017)?"
2020,Rhino-Orbital Mucormycosis Associated With COVID-19,"S. Mehta, A. Pandey",Cureus,2020-09-01,505,Structural Neuroimaging and AI,brain-structure;neuroimaging;clinical-neuroai,10.7759/cureus.10726,f14c13f0924962b8f462ded04d8c798f8f2b0c92,https://doi.org/10.7759/cureus.10726,CaseReport,unknown,2,brain; mri,Coronavirus disease 2019 (COVID-19) infections may be associated with a wide range of bacterial and fungal co-infections.
2020,The Spatial and Cell-Type Distribution of SARS-CoV-2 Receptor ACE2 in the Human and Mouse Brains,"Rongrong Chen, Keer Wang, Jie Yu, Derek Howard, Leon French, Zhong Chen, et al.",bioRxiv,2020-04-09,504,"Cellular, Synaptic, and Neuromorphic Foundations",brain-structure;clinical-neuroai,10.3389/fneur.2020.573095,0a16c2e769494ab845464ec6497c82f6965c587b,https://doi.org/10.3389/fneur.2020.573095,JournalArticle,unknown,6,brain; cortex; neuron; brain/neural structure in title,"By engaging angiotensin-converting enzyme 2 (ACE2 or Ace2), the novel pathogenic SARS-coronavirus 2 (SARS-CoV-2) may invade host cells in many organs, including the brain."
2020,Interaction of Microglia and Astrocytes in the Neurovascular Unit,"Lirong Liu, Jia-chen Liu, Jin-shuang Bao, Qinqin Bai, Gai-qing Wang",Frontiers in Immunology,2020-07-08,503,"Cellular, Synaptic, and Neuromorphic Foundations",brain-structure;connectome;clinical-neuroai,10.3389/fimmu.2020.01024,beb7fb66d7e3050f13c06b0943d234a922bc4d30,https://doi.org/10.3389/fimmu.2020.01024,Review; JournalArticle,unknown,2,brain; neuron,The interaction between microglia and astrocytes significantly influences neuroinflammation.
2020,Dendritic action potentials and computation in human layer 2/3 cortical neurons,"A. Gidon, T. Zolnik, Pawel Fidzinski, Felix Bolduan, Athanasia Papoutsi, Panayiota Poirazi, et al.",Science,2020-01-02,501,Computational Neuroscience and Brain-Inspired AI,brain-structure;connectome;deep-learning;clinical-neuroai,10.1126/science.aax6239,de8cee69a45fca54b5efcecdab91c883c632a82e,https://doi.org/10.1126/science.aax6239,JournalArticle,unknown,18,brain; cerebral; cortex; cortical; neuron; neural; neural network; explicit brain-structure/AI bridge,Human dendrites are special A special developmental program in the human brain drives the disproportionate thickening of cortical layer 2/3.
2020,Association of Maximal Extent of Resection of Contrast-Enhanced and Non-Contrast-Enhanced Tumor With Survival Within Molecular Subgroups of Patients With Newly Diagnosed Glioblastoma.,"A. Molinaro, S. Hervey-Jumper, R. Morshed, Jacob S. Young, S. Han, P. Chunduru, et al.",JAMA Oncology,2020-02-06,498,Clinical NeuroAI and Brain Disorders,brain-structure;machine-learning;neuroimaging;clinical-neuroai,10.1001/jamaoncol.2019.6143,0d3f7bdb4d7b20f72290003e3123d2fc36f27e8d,https://doi.org/10.1001/jamaoncol.2019.6143,JournalArticle,unknown,13,brain; classification; explicit brain-structure/AI bridge,"Importance Per the World Health Organization 2016 integrative classification, newly diagnosed glioblastomas are separated into isocitrate dehydrogenase gene 1 or 2 (IDH)-wild-type and IDH-mutant subtypes, with median patient survival of 1.2 and 3.6 years, respectively."
2020,Microglia mediate forgetting via complement-dependent synaptic elimination,"Chao Wang, Huimin Yue, Zhechun Hu, Yuwen Shen, Jiao Ma, Jie Li, et al.",Science,2020-02-06,496,"Cellular, Synaptic, and Neuromorphic Foundations",brain-structure,10.1126/science.aaz2288,6707ed24d5e01cc67d4044bcc59d3121d5b60cc7,https://doi.org/10.1126/science.aaz2288,JournalArticle,unknown,4,brain; hippocampus; neuron; synapse,Microglia modulate memories Synaptic reorganization and circuit rewiring leads to loss or weakening of connections between neurons and may result in the erasure of previously formed memories.
2020,The COVID-19 pandemic and physical activity,"Jeffrey A. Woods, Noah T. Hutchinson, Scott K. Powers, William O. Roberts, Gomez-Cabrera, Mc, et al.",Sports Medicine and Health Science,2020-05-30,496,"Cellular, Synaptic, and Neuromorphic Foundations",brain-structure,10.1016/j.smhs.2020.05.006,6e94476a187fd78740541301b3a719a3ce3ab2d1,https://doi.org/10.1016/j.smhs.2020.05.006,Review; JournalArticle,unknown,1,brain,"The SARS-CoV-2-caused COVID-19 pandemic has resulted in a devastating threat to human society in terms of health, economy, and lifestyle."
2020,Serum neurofilament light levels in normal aging and their association with morphologic brain changes,"M. Khalil, L. Pirpamer, E. Hofer, Margarete M. Voortman, Christian Barro, D. Leppert, et al.",Nature Communications,2020-02-10,492,Clinical NeuroAI and Brain Disorders,brain-structure;neuroimaging;clinical-neuroai,10.1038/s41467-020-14612-6,0ca9163f5f53e3ed9be56d2ce42a0ddec6aaf732,https://doi.org/10.1038/s41467-020-14612-6,JournalArticle,unknown,6,brain; mri; neuron; brain/neural structure in title,"Neurofilament light (NfL) protein is a marker of neuro-axonal damage and can be measured not only in cerebrospinal fluid but also in serum, which allows for repeated assessments."
2020,Neurodevelopmental Disorders: From Genetics to Functional Pathways.,"I. Parenti, Luis G. Rabaneda, Hanna Schoen, G. Novarino",Trends in Neurosciences,2020-06-04,491,"Cellular, Synaptic, and Neuromorphic Foundations",brain-structure;clinical-neuroai,10.1016/j.tins.2020.05.004,67a29e485ecef803bfe85217288593b0ce86f89e,https://doi.org/10.1016/j.tins.2020.05.004,Review; JournalArticle,unknown,5,brain; historical computation/learning bridge,Neurodevelopmental disorders (NDDs) are a class of disorders affecting brain development and function and are characterized by wide genetic and clinical variability.
2020,Determination of Brain Death/Death by Neurologic Criteria: The World Brain Death Project.,"D. Greer, S. Shemie, Ariane Lewis, Sylvia Torrance, P. Varelas, F. Goldenberg, et al.",Journal of the American Medical Association (JAMA),2020-08-03,490,Clinical NeuroAI and Brain Disorders,brain-structure;clinical-neuroai,10.1001/jama.2020.11586,1a651cf5c1e81aab387c1dc6ff3a59e6dcbfa90d,https://doi.org/10.1001/jama.2020.11586,JournalArticle; Review,unknown,5,brain; brainstem; brain/neural structure in title,"Importance There are inconsistencies in concept, criteria, practice, and documentation of brain death/death by neurologic criteria (BD/DNC) both internationally and within countries."
2020,Julich-Brain: A 3D probabilistic atlas of the human brain's cytoarchitecture,"K. Amunts, H. Mohlberg, S. Bludau, K. Zilles",Science,2020-07-30,490,General Brain-AI Structure Reviews and Methods,brain-structure;neuroimaging,10.1126/science.abb4588,0f1d1510df4328df5dd4026b3a03b8b242c4062c,https://doi.org/10.1126/science.abb4588,JournalArticle,unknown,17,brain; cortical; computational neuroscience; brain/neural structure in title; explicit brain-structure/AI bridge,A present-day atlas of the human brain Defining brain regions and demarking their spatial extent are important goals in neuroscience.
2020,Super-resolution ultrasound imaging,"K. Christensen-Jeffries, O. Couture, P. Dayton, Y. Eldar, K. Hynynen, F. Kiessling, et al.",Ultrasound in Medicine and Biology,2020-01-20,490,Clinical NeuroAI and Brain Disorders,brain-structure;clinical-neuroai,10.1016/j.ultrasmedbio.2019.11.013,07d6e70848ae44d26abbf00aa2fd266f8d41b37f,https://doi.org/10.1016/j.ultrasmedbio.2019.11.013,Review; JournalArticle,unknown,1,brain,"The majority of exchanges of oxygen and nutrients are performed around vessels smaller than 100 um, allowing cells to thrive everywhere in the body."
2020,"Neuroinflammatory Mechanisms in Ischemic Stroke: Focus on Cardioembolic Stroke, Background, and Therapeutic Approaches","C. Maida, R. Norrito, M. Daidone, A. Tuttolomondo, A. Pinto",International Journal of Molecular Sciences,2020-09-01,489,"Cellular, Synaptic, and Neuromorphic Foundations",brain-structure;clinical-neuroai,10.3390/ijms21186454,2a37fd8bd1ea7bf7c58823f26f072b50dc5e5c06,https://doi.org/10.3390/ijms21186454,Review; JournalArticle,unknown,6,brain; cerebral; historical computation/learning bridge,One of the most important causes of neurological morbidity and mortality in the world is ischemic stroke.
2020,Why COVID-19 Silent Hypoxemia Is Baffling to Physicians,"M. Tobin, F. Laghi, A. Jubran",American Journal of Respiratory and Critical Care Medicine,2020-06-15,488,Clinical NeuroAI and Brain Disorders,brain-structure;clinical-neuroai,10.1164/rccm.202006-2157CP,38570eb0cc685f77cf4a1aa85e79a1288bced13d,https://doi.org/10.1164/rccm.202006-2157CP,JournalArticle,unknown,1,brain,Patients with coronavirus disease (COVID-19) are described as exhibiting oxygen levels incompatible with life without dyspnea.
2020,Systemic nanoparticle delivery of CRISPR-Cas9 ribonucleoproteins for effective tissue specific genome editing,"Tuo Wei, Qiang Cheng, Yi-Li Min, E. Olson, D. Siegwart",Nature Communications,2020-06-26,483,Computational Neuroscience and Brain-Inspired AI,brain-structure,10.1038/s41467-020-17029-3,5196c5e6ae3cc2491540ead906e9d6d408f5b48c,https://doi.org/10.1038/s41467-020-17029-3,JournalArticle,unknown,5,brain; historical computation/learning bridge,CRISPR-Cas9 has emerged as a powerful technology that relies on Cas9/sgRNA ribonucleoprotein complexes (RNPs) to target and edit DNA.
2020,Stanford Accelerated Intelligent Neuromodulation Therapy for Treatment-Resistant Depression.,"E. Cole, K. Stimpson, B. Bentzley, M. Gulser, K. Cherian, C. Tischler, et al.",American Journal of Psychiatry,2020-04-07,481,"Connectomics, Graph Models, and Brain Networks",brain-structure;connectome;neuroimaging;clinical-neuroai,10.1176/appi.ajp.2019.19070720,dcbea0e8d094be2536b398f117d8f27c595af0ce,https://doi.org/10.1176/appi.ajp.2019.19070720,JournalArticle,unknown,5,brain; cortex; cortical; connectivity; mri,"OBJECTIVE New antidepressant treatments are needed that are effective, rapid acting, safe, and tolerable."
2020,Immediate and long-term consequences of COVID-19 infections for the development of neurological disease,"Michael T. Heneka, D. Golenbock, E. Latz, D. Morgan, Robert Brown",Alzheimer's Research & Therapy,2020-06-04,480,Clinical NeuroAI and Brain Disorders,brain-structure;clinical-neuroai,10.1186/s13195-020-00640-3,10e21a98058c3462021599eb4fa3af276fa4c730,https://doi.org/10.1186/s13195-020-00640-3,JournalArticle,unknown,1,brain,Increasing evidence suggests that infection with Sars-CoV-2 causes neurological deficits in a substantial proportion of affected patients.
2020,Gut microbiota mediates intermittent-fasting alleviation of diabetes-induced cognitive impairment,"Zhigang Liu, Xiaoshuang Dai, Hongbo Zhang, Renjie Shi, Yan Hui, Xin Jin, et al.",Nature Communications,2020-02-18,473,Computational Neuroscience and Brain-Inspired AI,brain-structure,10.1038/s41467-020-14676-4,0cc448a0ac1b198f18ed759910ccbedcf0859894,https://doi.org/10.1038/s41467-020-14676-4,JournalArticle,unknown,6,brain; hippocampus; historical computation/learning bridge,Cognitive decline is one of the complications of type 2 diabetes (T2D).
2020,Roles of the PI3K/AKT/mTOR signalling pathways in neurodegenerative diseases and tumours,"Fei Xu, Lixin Na, Yanfei Li, Linjun Chen",Cell & Bioscience,2020-04-01,473,"Cellular, Synaptic, and Neuromorphic Foundations",brain-structure;clinical-neuroai,10.1186/s13578-020-00416-0,6573c356fdae4fcb0231e3e2b5815d909ee88376,https://doi.org/10.1186/s13578-020-00416-0,Review; JournalArticle,unknown,1,brain,"The PI3 K/AKT/mTOR signalling pathway plays an important role in the regulation of signal transduction and biological processes such as cell proliferation, apoptosis, metabolism and angiogenesis."
2020,"Enteric nervous system: sensory transduction, neural circuits and gastrointestinal motility","N. Spencer, Hongzhen Hu",Nature reviews: Gastroenterology & hepatology,2020-03-09,471,"Cellular, Synaptic, and Neuromorphic Foundations",brain-structure,10.1038/s41575-020-0271-2,ac1372f4a7926eb6aa67f636fdbe8d1af6b46da6,https://doi.org/10.1038/s41575-020-0271-2,Review; JournalArticle,unknown,6,brain; neuron; neural; brain/neural structure in title,"The gastrointestinal tract is the only internal organ to have evolved with its own independent nervous system, known as the enteric nervous system (ENS)."
2020,Revisiting the Stress Concept: Implications for Affective Disorders,"B. McEwen, H. Akil",Journal of Neuroscience,2020-01-02,470,Computational Neuroscience and Brain-Inspired AI,brain-structure,10.1523/JNEUROSCI.0733-19.2019,ec5406551ca554d7c58938ca2ca755d79ff6f82c,https://doi.org/10.1523/JNEUROSCI.0733-19.2019,JournalArticle,unknown,6,brain; hippocampus; historical computation/learning bridge,"Over the last 50 years, the concept of stress has evolved significantly, and our understanding of the underlying neurobiology has expanded dramatically."
2020,Memristors Based on 2D Materials as an Artificial Synapse for Neuromorphic Electronics,"Woong Huh, Donghun Lee, Chul-Ho Lee",Advances in Materials,2020-09-27,469,Computational Neuroscience and Brain-Inspired AI,brain-structure;connectome;deep-learning;brain-inspired-ai;neuroimaging;neuromorphic-bci,10.1002/adma.202002092,e909ba43831dd718a467eb0634bc00f47f07881d,https://doi.org/10.1002/adma.202002092,Review; JournalArticle,unknown,24,brain; mri; neural; synapse; neural network; brain-inspired; neuromorphic; explicit brain-structure/AI bridge,"The memristor, a composite word of memory and resistor, has become one of the most important electronic components for brain-inspired neuromorphic computing in recent years."
2020,Evaluation of Artifact Subspace Reconstruction for Automatic Artifact Components Removal in Multi-Channel EEG Recordings,"Chi-Yuan Chang, S. Hsu, L. Pion-Tonachini, T. Jung",IEEE Transactions on Biomedical Engineering,2020-04-01,465,"Brain Decoding, Representation Learning, and BCI",brain-structure;connectome;machine-learning;decoding;neural-signals;clinical-neuroai;neuromorphic-bci,10.1109/TBME.2019.2930186,5b7f65fbef6673a7c98619caa380977d6ad64077,https://doi.org/10.1109/TBME.2019.2930186,JournalArticle,unknown,15,brain; eeg; meg; brain-computer; explicit brain-structure/AI bridge,"Objective: Artifact subspace reconstruction (ASR) is an automatic, online-capable, component-based method that can effectively remove transient or large-amplitude artifacts contaminating electroencephalographic (EEG) data."
2020,Current approaches to the management of brain metastases,"J. Suh, R. Kotecha, S. Chao, M. Ahluwalia, A. Sahgal, E. Chang",Nature Reviews Clinical Oncology,2020-02-20,463,Clinical NeuroAI and Brain Disorders,brain-structure;clinical-neuroai,10.1038/s41571-019-0320-3,93aef54a24683a3a356763178f2baf0e11bf79c9,https://doi.org/10.1038/s41571-019-0320-3,Review; JournalArticle,unknown,4,brain; brain/neural structure in title,
2020,Deep Multilayer Brain Proteomics Identifies Molecular Networks in Alzheimer's Disease Progression,"B. Bai, Xusheng Wang, Yuxin Li, Ping-Chung Chen, Kaiwen Yu, K. Dey, et al.",Neuron,2020-01-05,462,Clinical NeuroAI and Brain Disorders,brain-structure;connectome;clinical-neuroai,10.1016/j.neuron.2019.12.015,151638d064b3677e739392380ca225b41685040b,https://doi.org/10.1016/j.neuron.2019.12.015,JournalArticle,unknown,4,brain; brain/neural structure in title,Summary Alzheimer's disease (AD) displays a long asymptomatic stage before dementia.
2020,Histopathological findings and viral tropism in UK patients with severe fatal COVID-19: a post-mortem study,"B. Hanley, K. Naresh, C. Roufosse, A. Nicholson, J. Weir, G. Cooke, et al.",The Lancet Microbe,2020-08-20,461,Clinical NeuroAI and Brain Disorders,brain-structure;clinical-neuroai,10.1016/S2666-5247(20)30115-4,61702102a4694aa0e5547e1346b232c7163b9603,https://doi.org/10.1016/S2666-5247(20)30115-4,JournalArticle,unknown,1,brain,Background Severe COVID-19 has a high mortality rate.
2020,Neutrophil extracellular traps released by neutrophils impair revascularization and vascular remodeling after stroke,"Lijing Kang, Huilin Yu, Xing Yang, Yuanbo Zhu, Xiaofei Bai, Ranran Wang, et al.",Nature Communications,2020-05-19,461,"Cellular, Synaptic, and Neuromorphic Foundations",brain-structure;clinical-neuroai,10.1038/s41467-020-16191-y,b4ca63e6c180507c21d78e1587c066aa3bc1b419,https://doi.org/10.1038/s41467-020-16191-y,JournalArticle,unknown,6,brain; cortex; historical computation/learning bridge,Neovascularization and vascular remodeling are functionally important for brain repair after stroke.
2020,Toward a hierarchical model of social cognition: A neuroimaging meta-analysis and integrative review of empathy and theory of mind.,"Matthias Schurz, J. Raduà, Matthias G Tholen, L. Maliske, D. Margulies, R. Mars, et al.",Psychological bulletin,2020-11-05,461,"Cognitive Architectures, Learning, and Systems Neuroscience",brain-structure;decoding;neuroimaging,10.1037/bul0000303,9597906d73a3403230c839397981f626f8018009,https://doi.org/10.1037/bul0000303,JournalArticle; Review,unknown,5,brain; historical computation/learning bridge,"Along with the increased interest in and volume of social cognition research, there has been higher awareness of a lack of agreement on the concepts and taxonomy used to study social processes."
2020,A scoping review of transfer learning research on medical image analysis using ImageNet,"M. Morid, Alireza Borjali, G. Fiol",Comput. Biol. Medicine,2020-04-27,460,"Connectomics, Graph Models, and Brain Networks",brain-structure;connectome;deep-learning;neuroimaging,10.1016/J.COMPBIOMED.2020.104115,909a289d79614b7e556a07fbc309f468582cffb5,https://doi.org/10.1016/J.COMPBIOMED.2020.104115,Review; JournalArticle,unknown,19,brain; mri; neural; neural network; computational neuroscience; explicit brain-structure/AI bridge,"OBJECTIVE Employing transfer learning (TL) with convolutional neural networks (CNNs), well-trained on non-medical ImageNet dataset, has shown promising results for medical image analysis in recent years."
2020,LRP1 is a master regulator of tau uptake and spread,"J. N. Rauch, G. Luna, Elmer Guzman, M. Audouard, Collin Challis, Youssef E. Sibih, et al.",Nature,2020-04-01,460,Clinical NeuroAI and Brain Disorders,brain-structure;clinical-neuroai,10.1038/s41586-020-2156-5,334a235cd1b3178785f141ef3d51deb120ae3bc8,https://doi.org/10.1038/s41586-020-2156-5,JournalArticle,unknown,6,brain; neuron; historical computation/learning bridge,The spread of protein aggregates during disease progression is a common theme underlying many neurodegenerative diseases.
2020,Stroke.,"B. Campbell, P. Khatri",The Lancet,2020-07-01,460,Clinical NeuroAI and Brain Disorders,brain-structure;connectome;clinical-neuroai,10.1016/S0140-6736(20)31179-X,34f7fb872b5abe4b51dd5b8cd22f77dfdae185e6,https://doi.org/10.1016/S0140-6736(20)31179-X,Review; JournalArticle,unknown,2,brain; cerebral,Stroke is a major cause of death and disability globally.
2020,Microvascular COVID-19 lung vessels obstructive thromboinflammatory syndrome (MicroCLOTS): an atypical acute respiratory distress syndrome working hypothesis,"F. Ciceri, L. Beretta, A. Scandroglio, S. Colombo, G. Landoni, A. Ruggeri, et al.",Critical Care and Resuscitation,2020-03-01,459,General Brain-AI Structure Reviews and Methods,brain-structure,10.51893/2020.2.pov2,70619849eed833abcede236774bf10c4361c1983,https://doi.org/10.51893/2020.2.pov2,JournalArticle,unknown,1,brain,We suggest the use of MicroCLOTS (microvascular COVID-19 lung vessels obstructive thromboinflammatory syndrome) as a new name for severe pulmonary coronavirus disease 2019 (COVID-19).
2020,COVID-19 Treatments and Pathogenesis Including Anosmia in K18-hACE2 mice,"Jian Zheng, L. Wong, Kun Li, A. Verma, Miguel E. Ortiz, C. Wohlford-Lenane, et al.",Nature,2020-11-09,457,Clinical NeuroAI and Brain Disorders,brain-structure;clinical-neuroai,10.1038/s41586-020-2943-z,af02e6116123b470af5ddd22e4fff8376e2b5f97,https://doi.org/10.1038/s41586-020-2943-z,JournalArticle,unknown,5,brain; historical computation/learning bridge,The ongoing coronavirus disease 2019 (COVID-19) pandemic is associated with substantial morbidity and mortality.
2020,Global trends in pesticides: A looming threat and viable alternatives.,"Akanksha Sharma, Ananya Shukla, Kriti Attri, Megha Kumar, Puneet Kumar, A. Suttee, et al.",Ecotoxicology and Environmental Safety,2020-06-05,457,General Brain-AI Structure Reviews and Methods,brain-structure,10.1016/j.ecoenv.2020.110812,39a6c20b433b99c24fd5fb26baf110a9157e41c6,https://doi.org/10.1016/j.ecoenv.2020.110812,Review; JournalArticle,unknown,1,brain,"Pesticides are widely used chemical compounds in agriculture to destroy insects, pests and weeds."
2020,Solid Lipid Nanoparticles for Drug Delivery: Pharmacological and Biopharmaceutical Aspects,"S. Scioli Montoto, Giuliana Muraca, M. E. Ruiz",Frontiers in Molecular Biosciences,2020-10-30,456,"Connectomics, Graph Models, and Brain Networks",brain-structure;connectome;clinical-neuroai,10.3389/fmolb.2020.587997,474b64c1b4a8fca8f1956cc7dbb791a97527f8a2,https://doi.org/10.3389/fmolb.2020.587997,Review; JournalArticle,unknown,1,brain,"In the golden age of pharmaceutical nanocarriers, we are witnessing a maturation stage of the original concepts and ideas."
2020,Handbook of functional connectivity Magnetic Resonance Imaging methods in CONN,Alfonso Nieto-Castanon,Unknown venue,2020-02-04,455,"Connectomics, Graph Models, and Brain Networks",brain-structure;connectome;neuroimaging,10.56441/hilbertpress.2207.6598,1170f90efdae09d1bbf3d33c4ef0dd4a86bb7fc7,https://doi.org/10.56441/hilbertpress.2207.6598,paper,unknown,9,brain; connectivity; fmri; mri; neural; historical computation/learning bridge,This handbook describes methods for processing and analyzing functional connectivity Magnetic Resonance Imaging (fcMRI) data using the CONN toolbox.
2020,The maternal microbiome modulates fetal neurodevelopment in mice,"H. Vuong, Geoffrey N Pronovost, D. Williams, E. Coley, Emily L. Siegler, Austin Qiu, et al.",Nature,2020-09-23,455,"Cellular, Synaptic, and Neuromorphic Foundations",brain-structure,10.1038/s41586-020-2745-3,cb084a7f070572e9b09c84abb8e0fbb45cb4271c,https://doi.org/10.1038/s41586-020-2745-3,JournalArticle,unknown,3,brain; cortical; neuron,"'Dysbiosis' of the maternal gut microbiome, in response to challenges such as infection1, altered diet2 and stress3 during pregnancy, has been increasingly associated with abnormalities in brain function and behaviour of the offspring4."
2020,Targeting Oxidative Stress and Inflammation to Prevent Ischemia-Reperfusion Injury,"Liquan Wu, X. Xiong, Xiaomin Wu, Yingze Ye, Z. Jian, Z. Zhi, et al.",Frontiers in Molecular Neuroscience,2020-03-05,452,"Cellular, Synaptic, and Neuromorphic Foundations",brain-structure;clinical-neuroai,10.3389/fnmol.2020.00028,c4f6ebbd73e655d12abaaa6d46a85312b10510d7,https://doi.org/10.3389/fnmol.2020.00028,JournalArticle,unknown,3,brain; cerebral; neuron,"The cerebral ischemia injury can result in neuronal death and/or functional impairment, which leads to further damage and dysfunction after recovery of blood supply."
2020,Molecular architecture of the developing mouse brain,"Gioele La Manno, K. Siletti, Alessandro Furlan, Daniel Gyllborg, Elin Vinsland, Alejandro Mossi Albiach, et al.",Nature,2020-07-03,451,"Cellular, Synaptic, and Neuromorphic Foundations",brain-structure,10.1038/s41586-021-03775-x,c1d8b0a200fccaeee385694730ed93ddc88151ca,https://doi.org/10.1038/s41586-021-03775-x,JournalArticle,unknown,5,brain; neural; brain/neural structure in title,"The mammalian brain develops through a complex interplay of spatial cues generated by diffusible morphogens, cell-cell interactions and intrinsic genetic programs that result in probably more than a thousand distinct cell types."
2020,"Probiotic Supplementation Improves Cognitive Function and Mood with Changes in Gut Microbiota in Community-Dwelling Older Adults: A Randomized, Double-Blind, Placebo-Controlled, Multicenter Trial","Chong-Su Kim, Ji-yoon Cha, M. Sim, S. Jung, Woo Young Chun, H. Baik, et al.","The journals of gerontology. Series A, Biological sciences and medical sciences",2020-04-17,451,Clinical NeuroAI and Brain Disorders,brain-structure;clinical-neuroai,10.1093/gerona/glaa090,050c092eef0d2aeae53428ec0e60e27383f4deb0,https://doi.org/10.1093/gerona/glaa090,JournalArticle,unknown,5,brain; historical computation/learning bridge,Abstract Probiotics have been proposed to ameliorate cognitive impairment and depressive disorder via the gut-brain axis in patients and experimental animal models.
2020,Repopulating Microglia Promote Brain Repair in an IL-6-Dependent Manner.,"Emily F. Willis, K. Macdonald, Q. H. Nguyen, A. Garrido, Ellen R. Gillespie, Samuel B R Harley, et al.",Cell,2020-03-01,449,"Cellular, Synaptic, and Neuromorphic Foundations",brain-structure,10.1016/j.cell.2020.02.013,f0ebf6364246f62cc6b0016bad743f4d71eecc4a,https://doi.org/10.1016/j.cell.2020.02.013,JournalArticle,unknown,5,brain; neuron; brain/neural structure in title,"Cognitive dysfunction and reactive microglia are hallmarks of traumatic brain injury (TBI), yet whether these cells contribute to cognitive deficits and secondary inflammatory pathology remains poorly understood."
2020,Cerebral palsy in children: a clinical overview,"D. Patel, Mekala Neelakantan, K. Pandher, J. Merrick",Translational Pediatrics,2020-02-01,448,Clinical NeuroAI and Brain Disorders,brain-structure;neuroimaging;neural-signals;clinical-neuroai,10.21037/tp.2020.01.01,5f4c9aee270e2b010af84ceb31bfde4eb261ec57,https://doi.org/10.21037/tp.2020.01.01,Review; JournalArticle,unknown,4,brain; cerebral; mri; ecog,"Cerebral palsy (CP) is a disorder characterized by abnormal tone, posture and movement and clinically classified based on the predominant motor syndrome-spastic hemiplegia, spastic diplegia, spastic quadriplegia, and extrapyramidal or dyskinetic."
2020,VEGF-C-driven lymphatic drainage enables brain tumor immunosurveillance,"E. Song, Tianyang Mao, Huiping Dong, Ligia Boisserand, Salli Antila, M. Bosenberg, et al.",Nature,2020-01-01,447,"Connectomics, Graph Models, and Brain Networks",brain-structure;connectome,10.1038/s41586-019-1912-x,23670454c89556c5ff3f0fb2c3ec34558e309634,https://doi.org/10.1038/s41586-019-1912-x,JournalArticle,unknown,8,brain; brain/neural structure in title; historical computation/learning bridge,Immune surveillance against pathogens and tumours in the central nervous system is thought to be limited owing to the lack of lymphatic drainage.
2020,Microglial exosomes facilitate α-synuclein transmission in Parkinson's disease.,"Min Guo, Jian Wang, Yanxin Zhao, Yiwei Feng, Si-Da Han, Q. Dong, et al.",Brain : a journal of neurology,2020-05-01,446,"Cellular, Synaptic, and Neuromorphic Foundations",brain-structure;connectome;neural-signals;clinical-neuroai,10.1093/brain/awaa090,fd4b4bc77177792155c69dc5696a9ca00c221206,https://doi.org/10.1093/brain/awaa090,JournalArticle,unknown,4,brain; connectivity; ecog; neuron,Accumulation of neuronal α-synuclein is a prominent feature in Parkinson's disease.
2020,Novel tau filament fold in corticobasal degeneration,"Wenjuan Zhang, A. Tarutani, K. Newell, A. Murzin, T. Matsubara, B. Falcon, et al.",Nature,2020-02-12,445,Clinical NeuroAI and Brain Disorders,brain-structure;clinical-neuroai,10.1038/s41586-020-2043-0,6599006ae6314655733516ad63a3b0549bde7872,https://doi.org/10.1038/s41586-020-2043-0,JournalArticle,unknown,1,brain,Corticobasal degeneration (CBD) is a neurodegenerative tauopathy-a class of disorders in which the tau protein forms insoluble inclusions in the brain-that is characterized by motor and cognitive disturbances1-3.
2020,Transport of Extracellular Vesicles across the Blood-Brain Barrier: Brain Pharmacokinetics and Effects of Inflammation,"W. Banks, Priyanka Sharma, Kristin M. Bullock, Hansen M. Kim, N. Ludwig, T. Whiteside",International Journal of Molecular Sciences,2020-06-01,445,"Cellular, Synaptic, and Neuromorphic Foundations",brain-structure;machine-learning,10.3390/ijms21124407,1908043f4767003e932f9821474ef063fbafecea,https://doi.org/10.3390/ijms21124407,JournalArticle,unknown,16,brain; predictive; brain/neural structure in title; explicit brain-structure/AI bridge,"Extracellular vesicles can cross the blood-brain barrier (BBB), but little is known about passage."
2020,SARS-CoV-2 Infects the Brain Choroid Plexus and Disrupts the Blood-CSF Barrier in Human Brain Organoids,"L. Pellegrini, Anna Albecka, D. Mallery, M. Kellner, David Paul, A. Carter, et al.",Cell Stem Cell,2020-10-13,443,"Cellular, Synaptic, and Neuromorphic Foundations",brain-structure;neural-signals;clinical-neuroai,10.1016/j.stem.2020.10.001,b06594c88f0e71c3410459586dfc07aa46a18621,https://doi.org/10.1016/j.stem.2020.10.001,JournalArticle,unknown,5,brain; neuron; brain/neural structure in title,"Summary Coronavirus disease 2019 (COVID-19), caused by the severe acute respiratory syndrome coronavirus 2 (SARS-CoV-2) virus, leads to respiratory symptoms that can be fatal."
2020,Single-nucleus transcriptomics of the prefrontal cortex in major depressive disorder implicates oligodendrocyte precursor cells and excitatory neurons,"Corina Nagy, Malosree Maitra, A. Tanti, M. Suderman, J. Théroux, M. Davoli, et al.",Nature Neuroscience,2020-04-27,443,"Cellular, Synaptic, and Neuromorphic Foundations",brain-structure,10.1038/s41593-020-0621-y,97a7a7cfa35fd215e063590137ee54fd798fb24e,https://doi.org/10.1038/s41593-020-0621-y,JournalArticle,unknown,6,brain; cortex; neuron; brain/neural structure in title,"Major depressive disorder (MDD) has an enormous impact on global disease burden, affecting millions of people worldwide and ranking as a leading cause of disability for almost three decades."
2020,The burden of neurological diseases in Europe: an analysis for the Global Burden of Disease Study 2017.,"G. Deuschl, E. Beghi, F. Fazekas, T. Varga, K. Christoforidi, E. Sipido, et al.",Lancet Public Health,2020-10-01,443,Clinical NeuroAI and Brain Disorders,brain-structure;connectome;clinical-neuroai,10.1016/S2468-2667(20)30190-0,1f78bf7e7cdf38b4c3d8e4f4fd10ef0473736949,https://doi.org/10.1016/S2468-2667(20)30190-0,JournalArticle,unknown,2,brain; neuron,"BACKGROUND Neurological disorders account for a large and increasing health burden worldwide, as shown in the Global Burden of Diseases (GBD) Study 2016."
2020,Brain mechanisms of insomnia: new perspectives on causes and consequences.,E. V. van Someren,Physiological Reviews,2020-08-13,438,General Brain-AI Structure Reviews and Methods,brain-structure;connectome,10.1152/physrev.00046.2019,907519d22de46161a8a28b947c0aed8eee16ac41,https://doi.org/10.1152/physrev.00046.2019,JournalArticle; Review,unknown,8,brain; brain/neural structure in title; historical computation/learning bridge,"While insomnia is the second most common mental disorder, progress in our understanding of underlying neurobiological mechanisms has been limited."
2020,A multimodal cell census and atlas of the mammalian primary motor cortex,"Ricky S. Adkins, Andrew I. Aldridge, Shona Allen, S. Ament, Xu An, Ethan J. Armand, et al.",Nature,2020-10-21,437,General Brain-AI Structure Reviews and Methods,brain-structure;connectome,10.1038/s41586-021-03950-0,e0def1612c5ed40196a933193c7474ddbc1ffa3a,https://doi.org/10.1038/s41586-021-03950-0,JournalArticle,unknown,12,brain; cortex; cortical; neuron; neural; brain/neural structure in title; historical computation/learning bridge,Here we report the generation of a multimodal cell census and atlas of the mammalian primary motor cortex as the initial product of the BRAIN Initiative Cell Census Network (BICCN).
2020,Generative modeling of brain maps with spatial autocorrelation,"J. Burt, Markus Helmer, Maxwell Shinn, A. Anticevic, J. Murray",bioRxiv,2020-02-19,437,"Connectomics, Graph Models, and Brain Networks",brain-structure;connectome,10.1101/2020.02.18.955054,3ef4ea883e28d76ae1bad0085bb182a8e07cbe25,https://doi.org/10.1101/2020.02.18.955054,JournalArticle,unknown,17,brain; cortical; computational neuroscience; brain/neural structure in title; explicit brain-structure/AI bridge,Studies of large-scale brain organization have revealed interesting relationships between spatial gradients in brain maps across multiple modalities.
2020,Recovery from stroke: current concepts and future perspectives,"C. Grefkes, G. Fink",Neurological Research and Practice,2020-06-16,436,"Connectomics, Graph Models, and Brain Networks",brain-structure;connectome;deep-learning;neuroimaging;clinical-neuroai,10.1186/s42466-020-00060-6,8070aed063e1abe667c65b13c99d1cc819529f13,https://doi.org/10.1186/s42466-020-00060-6,Review; JournalArticle,unknown,14,brain; neural; neural network; explicit brain-structure/AI bridge,"Stroke is a leading cause of acquired, permanent disability worldwide."
2020,nnU-Net for Brain Tumor Segmentation,"Fabian Isensee, P. Jaeger, P. Full, Philipp Vollmuth, Klaus Hermann Maier-Hein",BrainLes@MICCAI,2020-11-02,435,Structural Neuroimaging and AI,brain-structure;neuroimaging,10.1007/978-3-030-72087-2_11,30b6a2331e5436467c8cb448ac8169b364ab449f,https://doi.org/10.1007/978-3-030-72087-2_11,JournalArticle,unknown,4,brain; brain/neural structure in title,We apply nnU-Net to the segmentation task of the BraTS 2020 challenge.
2020,Neuroprotective Effect of Antioxidants in the Brain,"K. Lee, M. Cha, B. Lee",International Journal of Molecular Sciences,2020-09-28,434,General Brain-AI Structure Reviews and Methods,brain-structure;clinical-neuroai,10.3390/ijms21197152,b7c5bac8c5a4af022381ddf565f6ca1ffdb9d581,https://doi.org/10.3390/ijms21197152,Review; JournalArticle,unknown,5,brain; neuron; brain/neural structure in title,"The brain is vulnerable to excessive oxidative insults because of its abundant lipid content, high energy requirements, and weak antioxidant capacity."
2020,Viral presence and immunopathology in patients with lethal COVID-19: a prospective autopsy cohort study,"B. Schurink, E. Roos, T. Radonic, E. Barbé, C. Bouman, Hans H. de Boer, et al.",The Lancet Microbe,2020-09-25,434,"Cellular, Synaptic, and Neuromorphic Foundations",brain-structure;clinical-neuroai,10.1016/S2666-5247(20)30144-0,ea302fcf0921bb07fdec0cb3a0c6e11dde270876,https://doi.org/10.1016/S2666-5247(20)30144-0,JournalArticle,unknown,3,brain; eeg; meg,Background Severe acute respiratory syndrome coronavirus 2 (SARS-CoV-2) targets multiple organs and causes severe coagulopathy.
2020,Drivers of human development: How relationships and context shape learning and development1,"D. Osher, P. Cantor, Juliette Berg, Lily Steyer, T. Rose",Unknown venue,2020-01-02,433,"Cognitive Architectures, Learning, and Systems Neuroscience",brain-structure,10.1080/10888691.2017.1398650,95f9ede2b6d95e8bc82ef8cde650de8438fb339a,https://doi.org/10.1080/10888691.2017.1398650,paper,unknown,5,brain; historical computation/learning bridge,"ABSTRACT This article synthesizes knowledge on the role of relationships and key macroand micro-contexts - poverty, racism, families, communities, schools, and peers - in supporting and/or undermining the healthy development of children and youth, using a relational developmental systems framework."
2020,Single-cell RNA-seq reveals that glioblastoma recapitulates a normal neurodevelopmental hierarchy,"C. Couturier, Shamini Ayyadhury, P. Le, Javad Nadaf, Javad Nadaf, Jean Monlong, et al.",Nature Communications,2020-07-08,433,"Cellular, Synaptic, and Neuromorphic Foundations",brain-structure,10.1038/s41467-020-17186-5,44c25a3e03a6cb3c45dee72be3afd617233511ea,https://doi.org/10.1038/s41467-020-17186-5,JournalArticle,unknown,2,brain; neural,"Cancer stem cells are critical for cancer initiation, development, and treatment resistance."
2020,Glucose transporters in brain in health and disease,H. Koepsell,Pflügers Archiv: European Journal of Physiology,2020-08-13,432,"Cognitive Architectures, Learning, and Systems Neuroscience",brain-structure;clinical-neuroai,10.1007/s00424-020-02441-x,7646370a62d7c2979996b824d391d649da05f48c,https://doi.org/10.1007/s00424-020-02441-x,Review; JournalArticle,unknown,10,brain; cerebral; neuron; brain/neural structure in title; historical computation/learning bridge,Energy demand of neurons in brain that is covered by glucose supply from the blood is ensured by glucose transporters in capillaries and brain cells.
2020,Mechanisms of temozolomide resistance in glioblastoma - a comprehensive review,"Neha Singh, A. Miner, L. Hennis, S. Mittal",Cancer Drug Resistance,2020-11-26,432,Clinical NeuroAI and Brain Disorders,brain-structure;clinical-neuroai,10.20517/cdr.2020.79,a7b4638fcab56a5545909311aa3a7785c465c4f0,https://doi.org/10.20517/cdr.2020.79,JournalArticle; Review,unknown,1,brain,Glioblastoma (GBM) is the most common primary malignant brain tumor in adults and has an exceedingly low median overall survival of only 15 months.
2020,Metabolic dysfunction in polycystic ovary syndrome: Pathogenic role of androgen excess and potential therapeutic strategies,"M. A. Sánchez-Garrido, M. Tena-Sempere",Molecular Metabolism,2020-02-05,432,Clinical NeuroAI and Brain Disorders,brain-structure;clinical-neuroai,10.1016/j.molmet.2020.01.001,243f4163baea41e10b23ec24cef1772fabf40f4e,https://doi.org/10.1016/j.molmet.2020.01.001,Review; JournalArticle,unknown,1,brain,Background Polycystic ovary syndrome (PCOS) is the most common endocrinopathy among reproductive age women.
2020,Gut Microbiota-Derived Short-Chain Fatty Acids Promote Post-Stroke Recovery in Aged Mice,"Juneyoung Lee, J. d'Aigle, Louise A. Atadja, Victoria A. Quaicoe, Pedram Honarpisheh, B. Ganesh, et al.",Circulation Research,2020-05-01,430,"Cognitive Architectures, Learning, and Systems Neuroscience",brain-structure;clinical-neuroai,10.1161/CIRCRESAHA.119.316448,caa0078a965e91697d72087981144fbf9be415ea,https://doi.org/10.1161/CIRCRESAHA.119.316448,JournalArticle,unknown,2,brain; cerebral,Supplemental Digital Content is available in the text.
2020,Type I interferon response drives neuroinflammation and synapse loss in Alzheimer disease.,"Ethan R. Roy, Baiping Wang, Ying-Wooi Wan, G. Chiu, Allysa L Cole, Zhuoran Yin, et al.",Journal of Clinical Investigation,2020-01-09,430,Clinical NeuroAI and Brain Disorders,brain-structure;connectome;clinical-neuroai,10.1172/JCI133737,f7c8576cfd7e4da56dc1c9e3daaa686e56363292,https://doi.org/10.1172/JCI133737,JournalArticle,unknown,6,brain; synapse; historical computation/learning bridge,Type I interferon (IFN) is a key cytokine that curbs viral infection and cell malignancy.
2020,Gut Microbiota and Dysbiosis in Alzheimer's Disease: Implications for Pathogenesis and Treatment,"Shan Liu, Jiguo Gao, Mingqin Zhu, Kangding Liu, Hong-Liang Zhang",Molecular Neurobiology,2020-08-23,429,Clinical NeuroAI and Brain Disorders,brain-structure;clinical-neuroai,10.1007/s12035-020-02073-3,c1c305deb6388641b3da3e3e7dd5ceb7471ddaec,https://doi.org/10.1007/s12035-020-02073-3,Review; JournalArticle,unknown,2,brain; neural,Understanding how gut flora influences gut-brain communications has been the subject of significant research over the past decade.
2020,Functional gastrointestinal disorders: advances in understanding and management.,"C. Black, D. Drossman, N. Talley, Johannah Ruddy, A. Ford",The Lancet,2020-10-09,428,Clinical NeuroAI and Brain Disorders,brain-structure;clinical-neuroai,10.1016/S0140-6736(20)32115-2,2c984373eae128a1ff2be53cada8c079a85af0b5,https://doi.org/10.1016/S0140-6736(20)32115-2,Review; JournalArticle,unknown,1,brain,"Gastrointestinal symptoms are highly prevalent, but many people who have them will have no organic explanation for their symptoms."
2020,BDNF as a Promising Therapeutic Agent in Parkinson's Disease,"E. Pałasz, Adrianna Wysocka, A. Gąsiorowska, M. Chalimoniuk, W. Niewiadomski, G. Niewiadomska",International Journal of Molecular Sciences,2020-02-01,427,Clinical NeuroAI and Brain Disorders,brain-structure;clinical-neuroai,10.3390/ijms21031170,63691dd35c9dc1769312442d84325abe808a2d2b,https://doi.org/10.3390/ijms21031170,Review; JournalArticle,unknown,6,brain; neuron; historical computation/learning bridge,Brain-derived neurotrophic factor (BDNF) promotes neuroprotection and neuroregeneration.
2020,Intracranial Efficacy and Survival With Tucatinib Plus Trastuzumab and Capecitabine for Previously Treated HER2-Positive Breast Cancer With Brain Metastases in the HER2CLIMB Trial,"N. Lin, V. Borges, C. Anders, R. Murthy, E. Paplomata, E. Hamilton, et al.",Journal of Clinical Oncology,2020-05-29,427,Clinical NeuroAI and Brain Disorders,brain-structure;neuroimaging;clinical-neuroai,10.1200/JCO.20.00775,d9c0fffeb12b60aa7d7c39e35d017d9dc96a05a0,https://doi.org/10.1200/JCO.20.00775,JournalArticle,unknown,4,brain; brain/neural structure in title,"PURPOSE In the HER2CLIMB study, patients with human epidermal growth factor receptor 2 (HER2)-positive breast cancer with brain metastases (BMs) showed statistically significant improvement in progression-free survival (PFS) with tucatinib."
2020,COVID-19 and Angiotensin-Converting Enzyme Inhibitors and Angiotensin Receptor Blockers: What Is the Evidence?,"Ankit B. Patel, A. Verma",Journal of the American Medical Association (JAMA),2020-03-24,423,Clinical NeuroAI and Brain Disorders,brain-structure;clinical-neuroai,10.1001/jama.2020.4812,b67013996f0a4bd01ef8488249de64a1fc4bf33c,https://doi.org/10.1001/jama.2020.4812,JournalArticle,unknown,5,brain; historical computation/learning bridge,Coronavirus disease 2019 (COVID-19) is a current pandemic infection caused by a positive-sense RNA virus named the severe acute respiratory syndrome coronavirus 2 (SARS-CoV-2).
2020,End-to-End Variational Networks for Accelerated MRI Reconstruction,"Anuroop Sriram, Jure Zbontar, Tullie Murrell, Aaron Defazio, C. L. Zitnick, N. Yakubova, et al.",International Conference on Medical Image Computing and Computer-Assisted Intervention,2020-04-14,423,Structural Neuroimaging and AI,brain-structure;connectome;neuroimaging,10.1007/978-3-030-59713-9_7,6e256528695f5df53ad5a8c3b82ecae0b43f7295,https://doi.org/10.1007/978-3-030-59713-9_7,JournalArticle,unknown,6,brain; mri; historical computation/learning bridge,The slow acquisition speed of magnetic resonance imaging (MRI) has led to the development of two complementary methods: acquiring multiple views of the anatomy simultaneously (parallel imaging) and acquiring fewer samples than necessary for traditional signal processing methods (compressed sensing).
2020,Cerebrospinal fluid influx drives acute ischemic tissue swelling.,"Humberto Mestre, Ting Du, Amanda M. Sweeney, Guojun Liu, A. Samson, Weiguo Peng, et al.",Science,2020-01-30,421,"Cellular, Synaptic, and Neuromorphic Foundations",brain-structure;connectome;machine-learning;neuroimaging;clinical-neuroai,10.1126/science.aax7171,c972240a4132a94326b1cd7d39fad3150fab3396,https://doi.org/10.1126/science.aax7171,JournalArticle,unknown,16,brain; cerebral; cortical; neuron; prediction; explicit brain-structure/AI bridge,"Spreading edema after stroke The brain is enveloped in a cushion of cerebrospinal fluid (CSF), which normally provides protection and helps to remove metabolic waste."
2020,"Pembrolizumab for management of patients with NSCLC and brain metastases: long-term results and biomarker analysis from a non-randomized, open-label, phase 2 trial","S. Goldberg, K. Schalper, S. Gettinger, A. Mahajan, R. Herbst, A. Chiang, et al.",The Lancet Oncology,2020-04-03,421,Clinical NeuroAI and Brain Disorders,brain-structure;clinical-neuroai,10.1016/S1470-2045(20)30111-X,160d0f755afd93aae52662eb87869f3a7f49d186,https://doi.org/10.1016/S1470-2045(20)30111-X,JournalArticle,unknown,4,brain; brain/neural structure in title,Summary Background: We performed a phase II trial of pembrolizumab in patients with NSCLC or melanoma with untreated brain metastases to determine the activity of PD-1 blockade in the CNS.
2020,"Vitamins and Minerals for Energy, Fatigue and Cognition: A Narrative Review of the Biochemical and Clinical Evidence","Anne-Laure Tardy, E. Pouteau, D. Márquez, C. Yilmaz, A. Scholey",Nutrients,2020-01-01,421,"Cellular, Synaptic, and Neuromorphic Foundations",brain-structure;neural-signals;clinical-neuroai,10.3390/nu12010228,55c8642efdd92c9120bec1ef4d2a775e7a79fa48,https://doi.org/10.3390/nu12010228,Review; JournalArticle,unknown,3,brain; ecog; neuron,Vitamins and minerals are essential to humans as they play essential roles in a variety of basic metabolic pathways that support fundamental cellular functions.
2020,"Current Status, Challenges, and Possible Solutions of EEG-Based Brain-Computer Interface: A Comprehensive Review","M. Rashid, N. Sulaiman, A. P. Majeed, R. Musa, A. Nasir, Bifta Sama Bari, et al.",Frontiers in Neurorobotics,2020-06-03,420,"Brain Decoding, Representation Learning, and BCI",brain-structure;machine-learning;decoding;neural-signals;neuromorphic-bci,10.3389/fnbot.2020.00025,ed57cb2e56c4aef06279f2edf2525ab05ccb10d7,https://doi.org/10.3389/fnbot.2020.00025,Review; JournalArticle,unknown,26,brain; eeg; meg; classification; brain-computer; bci; brain/neural structure in title; explicit brain-structure/AI bridge,"Brain-Computer Interface (BCI), in essence, aims at controlling different assistive devices through the utilization of brain waves."
2020,The geometry of abstraction in hippocampus and prefrontal cortex,"S. Bernardi, M. Benna, Mattia Rigotti, C. Salzman",Cell,2020-10-09,419,Computational Neuroscience and Brain-Inspired AI,brain-structure;connectome;machine-learning;deep-learning;decoding;brain-inspired-ai,10.1016/j.cell.2020.09.031,56cb90d8998ad7ad9cb763116629b720a9ccfcec,https://doi.org/10.1016/j.cell.2020.09.031,JournalArticle,unknown,23,brain; cortex; hippocampus; neural; neural network; reinforcement learning; brain/neural structure in title; explicit brain-structure/AI bridge,SUMMARY The curse of dimensionality plagues models of reinforcement learning and decision-making.
2020,SARS-CoV-2 targets neurons of 3D human brain organoids,"Anand Ramani, L. Müller, P. Ostermann, E. Gabriel, Pranty Abida-Islam, A. Müller-Schiffmann, et al.",EMBO Journal,2020-09-02,418,Computational Neuroscience and Brain-Inspired AI,brain-structure;clinical-neuroai,10.15252/embj.2020106230,c7f424782364ce42e7f96202ed24ab7cd50a1abd,https://doi.org/10.15252/embj.2020106230,JournalArticle,unknown,9,brain; neuron; brain/neural structure in title; historical computation/learning bridge,COVID-19 pandemic caused by SARS-CoV-2 infection is a public health emergency.
2020,"Cerebral Palsy: Current Opinions on Definition, Epidemiology, Risk Factors, Classification and Treatment Options","M. Sadowska, B. Sarecka-Hujar, I. Kopyta",Neuropsychiatric Disease and Treatment,2020-06-01,416,Clinical NeuroAI and Brain Disorders,brain-structure;machine-learning;neuroimaging;clinical-neuroai,10.2147/NDT.S235165,b4b0d635c038af289a42cc117d8611dbf1d8570f,https://doi.org/10.2147/NDT.S235165,Review; JournalArticle,unknown,14,brain; cerebral; classification; explicit brain-structure/AI bridge,Abstract Cerebral palsy (CP) is one of the most frequent causes of motor disability in children.
2020,On Interpretability of Artificial Neural Networks: A Survey,"Fenglei Fan, Jinjun Xiong, Mengzhou Li, Ge Wang",IEEE Transactions on Radiation and Plasma Medical Sciences,2020-01-08,415,"Connectomics, Graph Models, and Brain Networks",brain-structure;connectome;deep-learning;clinical-neuroai,10.1109/TRPMS.2021.3066428,1cde7f89893e54891936762ecf80f23f39387aed,https://doi.org/10.1109/TRPMS.2021.3066428,JournalArticle; Review,unknown,21,brain; neural; deep learning; neural network; brain/neural structure in title; explicit brain-structure/AI bridge,"Deep learning as performed by artificial deep neural networks (DNNs) has achieved great successes recently in many important areas that deal with text, images, videos, graphs, and so on."
2020,Applications of focused ultrasound in the brain: from thermoablation to drug delivery,"Y. Meng, K. Hynynen, N. Lipsman",Nature Reviews Neurology,2020-10-26,413,General Brain-AI Structure Reviews and Methods,brain-structure,10.1038/s41582-020-00418-z,3522357bb11e190252a5ae807660fd45d5b0cc70,https://doi.org/10.1038/s41582-020-00418-z,Review; JournalArticle,unknown,4,brain; brain/neural structure in title,
2020,A distributional code for value in dopamine-based reinforcement learning,"Will Dabney, Z. Kurth-Nelson, N. Uchida, C. Starkweather, D. Hassabis, R. Munos, et al.",Nature,2020-01-01,411,Computational Neuroscience and Brain-Inspired AI,brain-structure;machine-learning;decoding;brain-inspired-ai,10.1038/s41586-019-1924-6,86a9a8cff082ddba64e00969274d4408db2b4811,https://doi.org/10.1038/s41586-019-1924-6,JournalArticle,unknown,26,brain; neural; artificial intelligence; prediction; reinforcement learning; computational neuroscience; explicit brain-structure/AI bridge,"Since its introduction, the reward prediction error theory of dopamine has explained a wealth of empirical phenomena, providing a unifying framework for understanding the representation of reward and value in the brain1-3."
2020,"Cytosine and adenine base editing of the brain, liver, retina, heart and skeletal muscle of mice via adeno-associated viruses","Jonathan M. Levy, Wei-Hsi Yeh, Nachiket Pendse, Jessie R. Davis, E. Hennessey, Rossano Butcher, et al.",Nature Biomedical Engineering,2020-01-01,411,"Cellular, Synaptic, and Neuromorphic Foundations",brain-structure,10.1038/s41551-019-0501-5,d3c371bf5d8299d249b42e363842fad7d1946d40,https://doi.org/10.1038/s41551-019-0501-5,JournalArticle,unknown,5,brain; cortical; brain/neural structure in title,The success of base editors for the study and treatment of genetic diseases depends on the ability to deliver them in vivo to the relevant cell types.
2020,Unsupervised neural network models of the ventral visual stream,"Chengxu Zhuang, Siming Yan, Aran Nayebi, Martin Schrimpf, Michael C. Frank, J. DiCarlo, et al.",Proceedings of the National Academy of Sciences of the United States of America,2020-06-18,410,Computational Neuroscience and Brain-Inspired AI,brain-structure;connectome;machine-learning;deep-learning;decoding;neural-signals,10.1073/pnas.2014196118,e692ab8e6d1b1efb11b24ca31bd9ac53caa021a6,https://doi.org/10.1073/pnas.2014196118,JournalArticle,unknown,24,brain; cortical; ecog; neuron; neural; neural network; prediction; brain/neural structure in title; explicit brain-structure/AI bridge,Significance Primates show remarkable ability to recognize objects.
2020,Caution on Kidney Dysfunctions of COVID-19 Patients,"Zhen Li, Ming Wu, Jiwei Yao, Jie Guo, Xiang Liao, Siji Song, et al.",Social Science Research Network,2020-03-19,408,"Connectomics, Graph Models, and Brain Networks",brain-structure;connectome;machine-learning;neuroimaging;clinical-neuroai,10.2139/ssrn.3559601,30aeceaf8768c4ff67e987390867384ff2d5603b,https://doi.org/10.2139/ssrn.3559601,paper,unknown,5,brain; historical computation/learning bridge,"Background: To date, large amounts of epidemiological and case study data have been available for the Coronavirus Disease 2019 (COVID-19), which suggested that the mortality was related to not just respiratory complications."
2020,Mechanisms of action of currently used antiseizure drugs.,"G. Sills, M. Rogawski",Neuropharmacology,2020-01-14,408,Clinical NeuroAI and Brain Disorders,brain-structure;clinical-neuroai,10.1016/j.neuropharm.2020.107966,51998a33dd198111e87a1dd00f7498fb2992eedf,https://doi.org/10.1016/j.neuropharm.2020.107966,Review; JournalArticle,unknown,5,brain; historical computation/learning bridge,Antiseizure drugs (ASDs) prevent the occurrence of seizures; there is no evidence that they have disease-modifying properties.
2020,Surface functionalization of exosomes for target-specific delivery and in vivo imaging & tracking: Strategies and significance.,"Shubham A. Salunkhe, Dheeraj, M. Basak, Deepak Chitkara, A. Mittal",Journal of Controlled Release,2020-07-27,408,"Cellular, Synaptic, and Neuromorphic Foundations",brain-structure,10.1016/j.jconrel.2020.07.042,695382992d9ff1df1d6a10a75144974c95a33e11,https://doi.org/10.1016/j.jconrel.2020.07.042,Review; JournalArticle,unknown,1,brain,"Exosomes are natural nanovesicles excreted by many cells for intercellular communication and for transfer of materials including proteins, nucleic acids and even synthetic therapeutic agents."
2020,"Role of gut-brain axis, gut microbial composition, and probiotic intervention in Alzheimer's disease.","P. Kesika, N. Suganthy, B. Sivamaruthi, C. Chaiyasut",Life Science,2020-10-22,407,Clinical NeuroAI and Brain Disorders,brain-structure;clinical-neuroai,10.1016/j.lfs.2020.118627,b79aeb52d6805949108e7e34621268cf5139df1f,https://doi.org/10.1016/j.lfs.2020.118627,Review; JournalArticle,unknown,5,brain; neuron; brain/neural structure in title,"Gut microbiota represents a diverse and dynamic population of microorganisms harboring the gastrointestinal tract, which influences the host health and disease."
2020,"Neurobiology of Opioid Addiction: Opponent Process, Hyperkatifeia, and Negative Reinforcement.",G. Koob,Biological Psychiatry,2020-01-01,406,"Cognitive Architectures, Learning, and Systems Neuroscience",brain-structure,10.1016/j.biopsych.2019.05.023,3fdbd4805950e7ec5ad0a5b4de828dcd2965a557,https://doi.org/10.1016/j.biopsych.2019.05.023,Review; JournalArticle,unknown,6,brain; amygdala; historical computation/learning bridge,Opioids are powerful drugs that usurp and overpower the reward function of endogenous opioids and engage dramatic tolerance and withdrawal via molecular and neurocircuitry neuroadaptations within the same reward system.
2020,Next-generation GRAB sensors for monitoring dopaminergic activity in vivo,"Fangmiao Sun, Jingheng Zhou, Bing Dai, Tongrui Qian, Jianzhi Zeng, Xuelin Li, et al.",Nature Methods,2020-09-20,406,"Cellular, Synaptic, and Neuromorphic Foundations",brain-structure,10.1038/s41592-020-00981-9,c6fcd61bf670ce97124cf0f93155a7f46113aac9,https://doi.org/10.1038/s41592-020-00981-9,JournalArticle,unknown,2,brain; neuron,"Dopamine (DA) plays a critical role in the brain, and the ability to directly measure dopaminergic activity is essential for understanding its physiological functions."
2020,Nine-year prospective efficacy and safety of brain-responsive neurostimulation for focal epilepsy,"D. Nair, K. Laxer, P. Weber, A. Murro, Y. Park, G. Barkley, et al.",Neurology,2020-07-20,405,Clinical NeuroAI and Brain Disorders,brain-structure;machine-learning;clinical-neuroai;neuromorphic-bci,10.1212/WNL.0000000000010154,547079eede15c79fc8e9c5ecf806d09dc4419025,https://doi.org/10.1212/WNL.0000000000010154,JournalArticle,unknown,16,brain; classification; brain/neural structure in title; explicit brain-structure/AI bridge,Objective To prospectively evaluate safety and efficacy of brain-responsive neurostimulation in adults with medically intractable focal onset seizures (FOS) over 9 years.
2020,Distribution patterns of tau pathology in progressive supranuclear palsy,"G. Kovacs, M. Lukić, D. Irwin, T. Arzberger, G. Respondek, Eddie B. Lee, et al.",Acta Neuropathologica,2020-05-07,403,"Cellular, Synaptic, and Neuromorphic Foundations",brain-structure;machine-learning;neuroimaging;neural-signals;clinical-neuroai,10.1007/s00401-020-02158-2,c582032916c2905b577d9b087a770cac39989cc0,https://doi.org/10.1007/s00401-020-02158-2,JournalArticle,unknown,9,brain; cortical; cerebellum; ecog; neuron; historical computation/learning bridge,"Progressive supranuclear palsy (PSP) is a 4R-tauopathy predominated by subcortical pathology in neurons, astrocytes, and oligodendroglia associated with various clinical phenotypes."
2020,Molecular characterization of selectively vulnerable neurons in Alzheimer's Disease,"K. Leng, Emmy Li, R. Eser, A. Piergies, R. Sit, Michelle Tan, et al.",Nature Neuroscience,2020-04-05,401,General Brain-AI Structure Reviews and Methods,brain-structure;clinical-neuroai,10.1038/s41593-020-00764-7,0758d48ae66d357c3c113272a660e977ce9d0bfe,https://doi.org/10.1038/s41593-020-00764-7,JournalArticle,unknown,3,brain; cortex; neuron,"Alzheimer's disease (AD) is characterized by the selective vulnerability of specific neuronal populations, the molecular signatures of which are largely unknown."
2020,Sliced Human Cortical Organoids for Modeling Distinct Cortical Layer Formation,"Xuyu Qian, Xuyu Qian, Yijing Su, Christopher D. Adam, Andre U. Deutschmann, Sarshan R. Pather, et al.",Cell Stem Cell,2020-02-28,400,"Cellular, Synaptic, and Neuromorphic Foundations",brain-structure;clinical-neuroai,10.1016/j.stem.2020.02.002,ee8c68e8d358383176728665cde17dde755c307b,https://doi.org/10.1016/j.stem.2020.02.002,JournalArticle,unknown,8,brain; cortex; cortical; neuron; historical computation/learning bridge,SUMMARY Human brain organoids provide unique platforms for modeling development and diseases by recapitulating the architecture of the embryonic brain.
2020,Targeting and Crossing the Blood-Brain Barrier with Extracellular Vesicles,"J. Saint-Pol, F. Gosselet, Sophie Duban-deweer, G. Pottiez, Y. Karamanos",Cells,2020-04-01,400,"Cellular, Synaptic, and Neuromorphic Foundations",brain-structure,10.3390/cells9040851,f834b5cb50d62e46517c5bb3ea2c1a3aa8eb1ded,https://doi.org/10.3390/cells9040851,Review; JournalArticle,unknown,5,brain; neuron; brain/neural structure in title,The blood-brain barrier (BBB) is one of the most complex and selective barriers in the human organism.
2020,Early Adversity and Critical Periods: Neurodevelopmental Consequences of Violating the Expectable Environment,"C. Nelson, Laurel J. Gabard-Durnam",Trends in Neurosciences,2020-02-12,399,General Brain-AI Structure Reviews and Methods,brain-structure;neural-signals,10.1016/j.tins.2020.01.002,9e625c156e20edc518c6e05736f815167f1b1a1c,https://doi.org/10.1016/j.tins.2020.01.002,Review; JournalArticle,unknown,7,brain; ecog; neural; historical computation/learning bridge,"It is now widely recognized that children exposed to adverse life events in the first years of life are at increased risk for a variety of neural, behavioral and psychological sequelae."
2020,Single-nucleus transcriptome analysis reveals dysregulation of angiogenic endothelial cells and neuroprotective glia in Alzheimer's disease,"S. Lau, H. Cao, A. Fu, N. Ip",Proceedings of the National Academy of Sciences of the United States of America,2020-09-28,399,Clinical NeuroAI and Brain Disorders,brain-structure;clinical-neuroai,10.1073/pnas.2008762117,f58e0c665760e51542f8ab62fc65854fc60cbdbc,https://doi.org/10.1073/pnas.2008762117,JournalArticle,unknown,2,brain; cortical,Significance Alzheimer's disease (AD) has complex pathological mechanisms.
2020,Materials for flexible bioelectronic systems as chronic neural interfaces,"E. Song, Jinghua Li, S. Won, Wubin Bai, J. Rogers",Nature Materials,2020-05-27,397,General Brain-AI Structure Reviews and Methods,,10.1038/s41563-020-0679-7,47f8f215bda22ca83b5257b78fdd2833e371de60,https://doi.org/10.1038/s41563-020-0679-7,Review; JournalArticle,unknown,5,brain; neural; brain/neural structure in title,
2020,Brain MRI Findings in Severe COVID-19: A Retrospective Observational Study,"S. Kremer, F. Lersy, J. de Seze, Jean-Christophe Ferré, A. Maamar, B. Carsin-Nicol, et al.",Radiology,2020-06-16,396,Structural Neuroimaging and AI,brain-structure;neuroimaging;clinical-neuroai,10.1148/radiol.2020202222,4457960edd31f8c5d1a2e0fd30522ade2a2e3f1f,https://doi.org/10.1148/radiol.2020202222,paper,unknown,6,brain; cerebral; mri; brain/neural structure in title,Background Brain MRI parenchymal signal abnormalities have been in association with SARS-CoV-2.
2020,Single-cell analyses identify brain mural cells expressing CD19 as potential off-tumor targets for CAR-T immunotherapies.,"Kevin R. Parker, D. Migliorini, Eric Perkey, K. Yost, A. Bhaduri, P. Bagga, et al.",Cell,2020-09-11,395,Clinical NeuroAI and Brain Disorders,brain-structure;clinical-neuroai,10.1016/j.cell.2020.08.022,84ced8d52040c86c547a8da116f35c53906a1b3f,https://doi.org/10.1016/j.cell.2020.08.022,JournalArticle,unknown,9,brain; cerebral; brain/neural structure in title; historical computation/learning bridge,Summary CD19-directed immunotherapies are clinically effective for treating B-cell malignancies but also cause a high incidence of neurotoxicity.
2020,"The orbitofrontal cortex: reward, emotion and depression","E. Rolls, W. Cheng, Jianfeng Feng",Brain Communications,2020-11-12,393,"Connectomics, Graph Models, and Brain Networks",brain-structure;connectome;decoding;clinical-neuroai,10.1093/braincomms/fcaa196,4767ee671ac12d2b374b98703d981233ae6e27ad,https://doi.org/10.1093/braincomms/fcaa196,Review; JournalArticle,unknown,7,brain; cortex; cortical; connectivity; brain/neural structure in title,"Abstract The orbitofrontal cortex in primates including humans is the key brain area in emotion, and in the representation of reward value and in non-reward, that is not obtaining an expected reward."
2020,Astrocytes and microglia: in sickness and in health,"I. Vainchtein, A. Molofsky",Trends in Neurosciences,2020-02-07,392,"Cellular, Synaptic, and Neuromorphic Foundations",brain-structure,10.1016/j.tins.2020.01.003,d070e4d1486e440508e75582d28242c12e3e4206,https://doi.org/10.1016/j.tins.2020.01.003,Review; JournalArticle,unknown,3,brain; neuron; synapse,Healthy central nervous system (CNS) development and function require an intricate and balanced bidirectional communication between neurons and glia cells.
2020,Applications of patient-derived tumor xenograft models and tumor organoids,G. J. Yoshida,Journal of Hematology & Oncology,2020-01-07,391,Clinical NeuroAI and Brain Disorders,brain-structure;clinical-neuroai,10.1186/s13045-019-0829-z,0c10415e3d48bb35893fcc0bc1736c7c84ed601f,https://doi.org/10.1186/s13045-019-0829-z,Review; JournalArticle,unknown,5,brain; historical computation/learning bridge,"Patient-derived tumor xenografts (PDXs), in which tumor fragments surgically dissected from cancer patients are directly transplanted into immunodeficient mice, have emerged as a useful model for translational research aimed at facilitating precision medicine."
2020,Maternal gut microbiota in pregnancy influences offspring metabolic phenotype in mice,"I. Kimura, J. Miyamoto, R. Ohue-Kitano, Keita Watanabe, Takahiro Yamada, Masayoshi Onuki, et al.",Science,2020-02-27,391,"Connectomics, Graph Models, and Brain Networks",brain-structure,10.1126/science.aaw8429,762337be064f6f3733478f36b38c075cbf300799,https://doi.org/10.1126/science.aaw8429,JournalArticle,unknown,2,brain; neural,"Mouse mothers transfer metabolic mode Obesity and metabolic diseases tend to go together, and humans who become obese are also prone to type 2 diabetes and cardiovascular problems."
2020,Neuroinflammation after Intracerebral Hemorrhage and Potential Therapeutic Targets,"C. Tschoe, C. Bushnell, P. Duncan, M. Alexander-Miller, S. Wolfe",Journal of Stroke,2020-01-01,389,Clinical NeuroAI and Brain Disorders,brain-structure;clinical-neuroai,10.5853/jos.2019.02236,89eefbe03dcde56a2904adb591d08fabd3a388b9,https://doi.org/10.5853/jos.2019.02236,Review; JournalArticle,unknown,6,brain; cerebral; historical computation/learning bridge,Spontaneous intracerebral hemorrhage (ICH) is a catastrophic illness causing significant morbidity and mortality.
2020,Management of acute ischemic stroke,"Michael S. Phipps, C. Cronin",British medical journal,2020-02-13,387,Clinical NeuroAI and Brain Disorders,brain-structure;clinical-neuroai,10.1136/bmj.l6983,bc6494548cbc0ef308f26d7b09fc24a37f930f15,https://doi.org/10.1136/bmj.l6983,Review; JournalArticle,unknown,1,brain,ABSTRACT Stroke is the leading cause of long term disability in developed countries and one of the top causes of mortality worldwide.
2020,Single-cell and spatial transcriptomics enables probabilistic inference of cell type topography,"Alma Andersson, J. Bergenstråhle, Michaela Asp, L. Bergenstråhle, A. Jurek, J. Fernández Navarro, et al.",Communications Biology,2020-10-09,387,General Brain-AI Structure Reviews and Methods,brain-structure;connectome,10.1038/s42003-020-01247-y,aaca267515ad4de8ee7ecb872b13f57c0002beee,https://doi.org/10.1038/s42003-020-01247-y,JournalArticle,unknown,5,brain; historical computation/learning bridge,"The field of spatial transcriptomics is rapidly expanding, and with it the repertoire of available technologies."
2020,A review of epileptic seizure detection using machine learning classifiers,"M. K. Siddiqui, R. Morales-Menéndez, Xiaodi Huang, Nasir Hussain",Brain Informatics,2020-05-25,386,General Brain-AI Structure Reviews and Methods,brain-structure;connectome;machine-learning;neural-signals;clinical-neuroai,10.1186/s40708-020-00105-1,ec07a9b3a6641d2d1b38afb0ab79c4c4b25d20a5,https://doi.org/10.1186/s40708-020-00105-1,Review; JournalArticle,unknown,21,brain; eeg; meg; ecog; neuron; machine learning; classification; explicit brain-structure/AI bridge,"Epilepsy is a serious chronic neurological disorder, can be detected by analyzing the brain signals produced by brain neurons."
2020,BCI for stroke rehabilitation: motor and beyond,"R. Mane, Tushar Chouhan, Cuntai Guan",Journal of Neural Engineering,2020-06-30,386,Clinical NeuroAI and Brain Disorders,brain-structure;decoding;clinical-neuroai;neuromorphic-bci,10.1088/1741-2552/aba162,5d52d961f5e6d9bb9415c6372772d2240a2deee7,https://doi.org/10.1088/1741-2552/aba162,JournalArticle; Review,unknown,17,brain; brain-computer; bci; explicit brain-structure/AI bridge,Stroke is one of the leading causes of long-term disability among adults and contributes to major socio-economic burden globally.
2020,Critical period regulation across multiple timescales,"R. Reh, B. Dias, C. Nelson, D. Kaufer, J. Werker, B. Kolb, et al.",Proceedings of the National Academy of Sciences of the United States of America,2020-06-05,386,"Cellular, Synaptic, and Neuromorphic Foundations",brain-structure;neural-signals;neuromorphic-bci,10.1073/pnas.1820836117,9db528385e5f6b974f822ec1a9373ffa5d4a4e30,https://doi.org/10.1073/pnas.1820836117,JournalArticle,unknown,3,brain; neuron; neural,"Brain plasticity is dynamically regulated across the life span, peaking during windows of early life."
2020,"Dentate gyrus circuits for encoding, retrieval and discrimination of episodic memories","Thomas Hainmueller, M. Bartos",Nature Reviews Neuroscience,2020-02-10,385,"Cellular, Synaptic, and Neuromorphic Foundations",brain-structure;connectome,10.1038/s41583-019-0260-z,eae48de6189b26e9ec21a7239262839ad7ad1997,https://doi.org/10.1038/s41583-019-0260-z,Review; JournalArticle,unknown,7,brain; hippocampus; neuron; historical computation/learning bridge,The dentate gyrus (DG) has a key role in hippocampal memory formation.
2020,"E-cigarette Use Among Middle and High School Students - United States, 2020","Teresa W. Wang, L. Neff, E. Park-Lee, Chunfeng Ren, Karen A. Cullen, Brian A. King",MMWR. Morbidity and mortality weekly report,2020-09-18,384,General Brain-AI Structure Reviews and Methods,brain-structure,10.15585/mmwr.mm6937e1,aab0517de84ccb9a7a076a644ba9b3126525cffc,https://doi.org/10.15585/mmwr.mm6937e1,JournalArticle,unknown,1,brain,"The use of any tobacco product by youths is unsafe, including electronic cigarettes (e-cigarettes) (1)."
2020,SNT: a unifying toolbox for quantification of neuronal anatomy,"Cameron Arshadi, Ulrik Günther, M. Eddison, Kyle I. S. Harrington, Tiago A. Ferreira",Nature Methods,2020-07-14,384,General Brain-AI Structure Reviews and Methods,brain-structure,10.1038/s41592-021-01105-7,f3dab810297ca66792a6d5c5355fa71643c8cede,https://doi.org/10.1038/s41592-021-01105-7,JournalArticle,unknown,6,brain; neuron; historical computation/learning bridge,"SNT is an end-to-end framework for neuronal morphometry and whole-brain connectomics that supports tracing, proof-editing, visualization, quantification and modeling of neuroanatomy."
2020,The role of SOX family members in solid tumours and metastasis.,"D. Grimm, J. Bauer, Petra M Wise, M. Krüger, U. Simonsen, M. Wehland, et al.",Seminars in Cancer Biology,2020-12-01,383,Clinical NeuroAI and Brain Disorders,brain-structure;clinical-neuroai,10.1016/j.semcancer.2019.03.004,dfe3137e75f8b06466a1d54a0290fdf70282cca8,https://doi.org/10.1016/j.semcancer.2019.03.004,Review; JournalArticle,unknown,1,brain,Cancer is a heavy burden for humans across the world with high morbidity and mortality.
2020,Amyloid-PET and 18F-FDG-PET in the diagnostic investigation of Alzheimer's disease and other dementias.,"G. Chételat, J. Arbizu, H. Barthel, V. Garibotto, I. Law, S. Morbelli, et al.",Lancet Neurology,2020-11-01,382,Clinical NeuroAI and Brain Disorders,brain-structure;neuroimaging;clinical-neuroai,10.1016/S1474-4422(20)30314-8,b5b153ae50d3b042a604ec90718a983a2785b4d3,https://doi.org/10.1016/S1474-4422(20)30314-8,Review; JournalArticle,unknown,5,brain; historical computation/learning bridge,Various biomarkers are available to support the diagnosis of neurodegenerative diseases in clinical and research settings.
2020,Blood factors transfer beneficial effects of exercise on neurogenesis and cognition to the aged brain,"A. Horowitz, Xuelai Fan, Gregor Bieri, L. K. Smith, Cesar I. Sanchez-Diaz, A. B. Schroer, et al.",Science,2020-07-09,382,"Cellular, Synaptic, and Neuromorphic Foundations",brain-structure,10.1126/science.aaw2622,42b1e50e816b8d385f840e1e2b44c6a79760e672,https://doi.org/10.1126/science.aaw2622,JournalArticle,unknown,4,brain; brain/neural structure in title,Plasma transfers exercise benefit in mice Exercise has a broad range of beneficial healthful effects.
2020,Cerebrospinal fluid p-tau217 performs better than p-tau181 as a biomarker of Alzheimer's disease,"S. Janelidze, E. Stomrud, Ruben Smith, S. Palmqvist, N. Mattsson, D. Airey, et al.",Nature Communications,2020-04-03,382,Clinical NeuroAI and Brain Disorders,brain-structure;connectome;neuroimaging;clinical-neuroai,10.1038/s41467-020-15436-0,db7b88f9a94c911e1fb3083f7d4225b68c124711,https://doi.org/10.1038/s41467-020-15436-0,JournalArticle,unknown,2,brain; cortical,"Cerebrospinal fluid (CSF) p-tau181 (tau phosphorylated at threonine 181) is an established biomarker of Alzheimer's disease (AD), reflecting abnormal tau metabolism in the brain."
2020,Physiological blood-brain transport is impaired with age by a shift in transcytosis,"Andrew C. Yang, Marc Y. Stevens, Michelle B. Chen, Davis P. Lee, Daniel Stähli, D. Gate, et al.",Nature,2020-07-01,382,"Cellular, Synaptic, and Neuromorphic Foundations",brain-structure,10.1038/s41586-020-2453-z,7c3d931bb7f5d0fb912fd533e3762e6715de5445,https://doi.org/10.1038/s41586-020-2453-z,JournalArticle,unknown,4,brain; brain/neural structure in title,"The vascular interface of the brain, known as the blood-brain barrier (BBB), is understood to maintain brain function in part via its low transcellular permeability1-3."
2020,Transfer Learning for EEG-Based Brain-Computer Interfaces: A Review of Progress Made Since 2016,"Dongrui Wu, Yifan Xu, Baoliang Lu",IEEE Transactions on Cognitive and Developmental Systems,2020-04-13,382,"Brain Decoding, Representation Learning, and BCI",brain-structure;machine-learning;decoding;neural-signals;neuromorphic-bci,10.1109/TCDS.2020.3007453,5aa2ff76874fe3e39e861ca166b8ba1cfb2bb789,https://doi.org/10.1109/TCDS.2020.3007453,JournalArticle; Review,unknown,23,brain; eeg; meg; ecog; brain-computer; bci; brain/neural structure in title; explicit brain-structure/AI bridge,A brain-computer interface (BCI) enables a user to communicate with a computer directly using brain signals.
2020,Human CNS barrier-forming organoids with cerebrospinal fluid production,"L. Pellegrini, Claudia Bonfio, Jessica Chadwick, Farida Begum, M. Skehel, Madeline A. Lancaster",Science,2020-06-11,381,"Connectomics, Graph Models, and Brain Networks",brain-structure;connectome;clinical-neuroai,10.1126/science.aaz5626,1f84bf117cc152a2ef565f9a6c3fcca18ff05796,https://doi.org/10.1126/science.aaz5626,JournalArticle,unknown,5,brain; historical computation/learning bridge,"Brain barrier and support in a dish Deep within the brain, the choroid plexus filters blood and secretes cerebrospinal fluid (CSF), a nutrient-rich liquid that bathes and supports the brain and protects it from entry of toxic compounds."
2020,Survival in Patients With Brain Metastases: Summary Report on the Updated Diagnosis-Specific Graded Prognostic Assessment and Definition of the Eligibility Quotient.,"P. Sperduto, S. Mesko, Jing Li, D. Cagney, A. Aizer, N. Lin, et al.",Journal of Clinical Oncology,2020-09-15,381,Clinical NeuroAI and Brain Disorders,brain-structure;clinical-neuroai,10.1200/JCO.20.01255,5733acc40765b9b960cd2f75718a60fae3fa3b05,https://doi.org/10.1200/JCO.20.01255,JournalArticle,unknown,4,brain; brain/neural structure in title,PURPOSE Conventional wisdom has rendered patients with brain metastases ineligible for clinical trials for fear that poor survival could mask the benefit of otherwise promising treatments.
2020,Altered Composition of Gut Microbiota in Depression: A Systematic Review,"Z. Barandouzi, A. Starkweather, W. Henderson, A. Gyamfi, Xiaomei S. Cong",Frontiers in Psychiatry,2020-06-10,380,General Brain-AI Structure Reviews and Methods,brain-structure;clinical-neuroai,10.3389/fpsyt.2020.00541,cdb2a6147acfaa13b3c40bd9567e5bb3c77a5e11,https://doi.org/10.3389/fpsyt.2020.00541,Review,unknown,1,brain,Cumulative evidence shows a linkage between gut microbiota pattern and depression through the brain-gut microbiome axis.
2020,"Social Safety Theory: A Biologically Based Evolutionary Perspective on Life Stress, Health, and Behavior",George M. Slavich,Annual Review of Clinical Psychology,2020-03-06,380,"Cognitive Architectures, Learning, and Systems Neuroscience",brain-structure;clinical-neuroai,10.1146/annurev-clinpsy-032816-045159,d8142b2861b06dc7bd40175c1223b71e1205ed01,https://doi.org/10.1146/annurev-clinpsy-032816-045159,JournalArticle,unknown,2,brain; neural,Social Safety Theory hypothesizes that developing and maintaining friendly social bonds is a fundamental organizing principle of human behavior and that threats to social safety are a critical feature of psychological stressors that increase risk for disease.
2020,Brain Lateralization: A Comparative Perspective.,"O. Güntürkün, F. Ströckens, S. Ocklenburg",Physiological Reviews,2020-07-01,377,"Cognitive Architectures, Learning, and Systems Neuroscience",brain-structure;connectome;deep-learning,10.1152/physrev.00006.2019,731b7543619c6eb323121569d7a7222a24c3cff9,https://doi.org/10.1152/physrev.00006.2019,JournalArticle; Review,unknown,17,brain; neural; neural network; brain/neural structure in title; explicit brain-structure/AI bridge,Comparative studies on brain asymmetry date back to the 19th century but then largely disappeared due to the assumption that lateralization is uniquely human.
2020,"Monocarboxylate Transporters (SLC16): Function, Regulation, and Role in Health and Disease","M. Felmlee, Robert S. Jones, Vivian Rodriguez-Cruz, Kristin E. Follman, M. Morris",Pharmacological Reviews,2020-03-06,377,"Cellular, Synaptic, and Neuromorphic Foundations",brain-structure,10.1124/pr.119.018762,a8244b709c1f9e6b000d638d088300fc5d391035,https://doi.org/10.1124/pr.119.018762,Review; JournalArticle,unknown,1,brain,The solute carrier family 16 (SLC16) is comprised of 14 members of the monocarboxylate transporter (MCT) family that play an essential role in the transport of important cell nutrients and for cellular metabolism and pH regulation.
2020,OPTN/SRTR 2018 Annual Data Report: Kidney,"A. Hart, Jodi M. Smith, M. Skeans, S. Gustafson, A. Wilk, S. Castro, et al.",American Journal of Transplantation,2020-01-01,377,"Connectomics, Graph Models, and Brain Networks",brain-structure;clinical-neuroai,10.1111/ajt.15672,5942521a60dfb2c027f230d2e34469f0214d7ae5,https://doi.org/10.1111/ajt.15672,JournalArticle,unknown,1,brain,"Despite the ongoing severe mismatch between organ need and supply, data from 2018 revealed some promising trends."
2020,Autoencoders for Unsupervised Anomaly Segmentation in Brain MR Images: A Comparative Study,"Christoph Baur, Stefan Denner, Benedikt Wiestler, Shadi Albarqouni, N. Navab",Medical Image Anal.,2020-04-07,376,Structural Neuroimaging and AI,brain-structure;deep-learning;decoding;neuroimaging,10.1016/j.media.2020.101952,d82800c79dd335297336fe10b1a60d47706e4296,https://doi.org/10.1016/j.media.2020.101952,Review; JournalArticle,unknown,25,brain; mri; deep learning; representation learning; computational neuroscience; brain/neural structure in title; explicit brain-structure/AI bridge,Deep unsupervised representation learning has recently led to new approaches in the field of Unsupervised Anomaly Detection (UAD) in brain MRI.
2020,Evidence for a third visual pathway specialized for social perception,"D. Pitcher, Leslie G. Ungerleider",Trends in Cognitive Sciences,2020-12-14,376,"Cognitive Architectures, Learning, and Systems Neuroscience",brain-structure,10.1016/j.tics.2020.11.006,be7d6199ef40275828cca40b5c0cf648607b5460,https://doi.org/10.1016/j.tics.2020.11.006,Review; JournalArticle,unknown,6,brain; cortex; historical computation/learning bridge,Existing models propose that primate visual cortex is divided into two functionally distinct pathways.
2020,Logic-in-Memory Based on an Atomically Thin Semiconductor,"Guilherme Migliato Marega, Yanfei Zhao, Ahmet Avsar, Zhenyu Wang, M. Tripathi, A. Radenović, et al.",Nature,2020-11-01,376,"Cognitive Architectures, Learning, and Systems Neuroscience",brain-structure;machine-learning;brain-inspired-ai,10.1038/s41586-020-2861-0,1875e0e7a8211910aa1b75e4615b9d3da58de487,https://doi.org/10.1038/s41586-020-2861-0,JournalArticle,unknown,17,brain; machine learning; brain-inspired; explicit brain-structure/AI bridge,"The growing importance of applications based on machine learning is driving the need to develop dedicated, energy-efficient electronic hardware."
2020,Fractional amplitude of low frequency fluctuation in drug-naïve first-episode patients with anorexia nervosa,"Jianbo Lai, Tingting Xu, Haorong Zhang, Caixi Xi, Hetong Zhou, Yan-li Du, et al.",Medicine,2020-02-01,375,Structural Neuroimaging and AI,brain-structure;neuroimaging;clinical-neuroai,10.1097/MD.0000000000019300,1b39dbbc5e10ca892c6c5903190b10d026119377,https://doi.org/10.1097/MD.0000000000019300,JournalArticle,unknown,4,brain; hippocampus; fmri; mri,Abstract To characterize the fractional amplitude of low-frequency fluctuation (fALFF) in drug-naïve first-episode female patients with anorexia nervosa (AN) using resting-state functional magnetic resonance imaging (rs-fMRI).
2020,Associations Between Screen-Based Media Use and Brain White Matter Integrity in Preschool-Aged Children.,"John S. Hutton, J. Dudley, T. Horowitz-Kraus, T. Dewitt, S. Holland",JAMA pediatrics,2020-01-06,374,General Brain-AI Structure Reviews and Methods,brain-structure;machine-learning;neuroimaging,10.1001/jamapediatrics.2019.3869,24d7750cf9da63a6788416b5811501102568b1a7,https://doi.org/10.1001/jamapediatrics.2019.3869,JournalArticle; Review,unknown,9,brain; diffusion tensor; brain/neural structure in title; historical computation/learning bridge,"Importance The American Academy of Pediatrics (AAP) recommends limits on screen-based media use, citing its cognitive-behavioral risks."
2020,"An Introduction to High Intensity Focused Ultrasound: Systematic Review on Principles, Devices, and Clinical Applications","Z. Izadifar, Z. Izadifar, D. Chapman, P. Babyn",Journal of Clinical Medicine,2020-02-01,373,Clinical NeuroAI and Brain Disorders,brain-structure;neuroimaging;clinical-neuroai,10.3390/jcm9020460,e9526dacc6d153ab054adeb6f91aaab3f320a99a,https://doi.org/10.3390/jcm9020460,Review; JournalArticle,unknown,1,brain,Ultrasound can penetrate deep into tissues and interact with human tissue via thermal and mechanical mechanisms.
2020,Effects of air pollution on the nervous system and its possible role in neurodevelopmental and neurodegenerative disorders,"L. Costa, T. Cole, K. Dao, Yu-Chi Chang, Jacki L. Coburn, Jacqueline M Garrick",Pharmacology and Therapeutics,2020-03-09,373,Clinical NeuroAI and Brain Disorders,brain-structure;clinical-neuroai,10.1016/j.pharmthera.2020.107523,37bdf8100027993180a932e4f0f22e52f178459c,https://doi.org/10.1016/j.pharmthera.2020.107523,Review; JournalArticle,unknown,1,brain,"Recent extensive evidence indicates that air pollution, in addition to causing respiratory and cardiovascular diseases, may also negatively affect the brain and contribute to central nervous system diseases."
2020,Glia-to-Neuron Conversion by CRISPR-CasRx Alleviates Symptoms of Neurological Disease in Mice.,"Haibo Zhou, J. Su, Xinde Hu, Changyang Zhou, He Li, Zhaorong Chen, et al.",Cell,2020-04-01,373,"Cellular, Synaptic, and Neuromorphic Foundations",brain-structure;clinical-neuroai,10.1016/j.cell.2020.03.024,4d7eb08571c78811ab7603163dbc740343c1f853,https://doi.org/10.1016/j.cell.2020.03.024,JournalArticle,unknown,6,brain; neuron; historical computation/learning bridge,Conversion of glial cells into functional neurons represents a potential therapeutic approach for replenishing neuronal loss associated with neurodegenerative diseases and brain injury.
2020,Ferroptosis Mechanisms Involved in Neurodegenerative Diseases,"C. Reichert, F. D. de Freitas, Juliana Sampaio-Silva, L. Rokita-Rosa, Priscila de Lima Barros, D. Levy, et al.",International Journal of Molecular Sciences,2020-11-01,372,Clinical NeuroAI and Brain Disorders,brain-structure;clinical-neuroai,10.3390/ijms21228765,597dce1b17ebd17a4614755373cbcb8bb2d68fab,https://doi.org/10.3390/ijms21228765,Review; JournalArticle,unknown,1,brain,Ferroptosis is a type of cell death that was described less than a decade ago.
2020,Brain tumor detection using fusion of hand crafted and deep learning features,"T. Saba, A. S. Mohamed, M. El-Affendi, Javeria Amin, Muhammad Sharif",Cognitive Systems Research,2020-01-01,371,Structural Neuroimaging and AI,brain-structure;machine-learning;deep-learning;neuroimaging;clinical-neuroai,10.1016/j.cogsys.2019.09.007,3fd5027b3f844f173c3423aae275abfad5c494ca,https://doi.org/10.1016/j.cogsys.2019.09.007,JournalArticle,unknown,20,brain; deep learning; classification; brain/neural structure in title; explicit brain-structure/AI bridge,Abstract The perilous disease in the worldwide now a days is brain tumor.
2020,Lethality of SARS-CoV-2 infection in K18 human angiotensin-converting enzyme 2 transgenic mice,"Fatai S. Oladunni, Jun-Gyu Park, P. Pino, O. Gonzalez, A. Akhter, Anna Allué-Guardia, et al.",Nature Communications,2020-07-19,371,Computational Neuroscience and Brain-Inspired AI,brain-structure,10.1038/s41467-020-19891-7,60dcc173f62606e7e05f7cb1bffe573902a91c6f,https://doi.org/10.1038/s41467-020-19891-7,JournalArticle,unknown,5,brain; historical computation/learning bridge,Vaccine and antiviral development against SARS-CoV-2 infection or COVID-19 disease would benefit from validated small animal models.
2020,Deep neural network with generative adversarial networks pre-training for brain tumor classification based on MR images,"Navid Ghassemi, A. Shoeibi, M. Rouhani",Biomedical Signal Processing and Control,2020-03-01,370,Structural Neuroimaging and AI,brain-structure;connectome;machine-learning;deep-learning;neuroimaging;clinical-neuroai,10.1016/j.bspc.2019.101678,5d0abcbe11275a93c2fa1e896d06effa8d01c786,https://doi.org/10.1016/j.bspc.2019.101678,JournalArticle,unknown,26,brain; mri; neural; deep learning; neural network; classification; brain/neural structure in title; explicit brain-structure/AI bridge,"Abstract In this paper, a new deep learning method for tumor classification in MR images is presented."
2020,Human Pluripotent Stem Cell-Derived Neural Cells and Brain Organoids Reveal SARS-CoV-2 Neurotropism Predominates in Choroid Plexus Epithelium,"Fadi Jacob, Sarshan R. Pather, Wei-kai Huang, Feng Zhang, S. Wong, Haowen Zhou, et al.",Cell Stem Cell,2020-09-21,370,"Cellular, Synaptic, and Neuromorphic Foundations",brain-structure;clinical-neuroai,10.1016/j.stem.2020.09.016,d5004776067e4f30eaa2c6f6b08cf9550a73e49b,https://doi.org/10.1016/j.stem.2020.09.016,JournalArticle,unknown,6,brain; neuron; neural; brain/neural structure in title,Neurological complications are common in patients with COVID-19.
2020,COVID-19-Related Stroke,"D. Hess, Wael Eldahshan, Elizabeth K. Rutkowski",Translational Stroke Research,2020-05-07,369,"Cellular, Synaptic, and Neuromorphic Foundations",brain-structure;clinical-neuroai,10.1007/s12975-020-00818-9,544984e0ab4b2baa17c4628fe91a794e19f7d0bf,https://doi.org/10.1007/s12975-020-00818-9,LettersAndComments,unknown,1,brain,The COVID-19 pandemic is associated with neurological symptoms and complications including stroke.
2020,Biological functions of lymphatic vessels,"T. Petrova, G. Koh",Science,2020-07-10,368,"Cellular, Synaptic, and Neuromorphic Foundations",brain-structure;connectome;neuroimaging;neural-signals,10.1126/science.aax4063,0e12891def8866c71b6b6cea1be0e09852fef9c9,https://doi.org/10.1126/science.aax4063,Review; JournalArticle,unknown,2,brain; ecog,Roles of organ-specific lymphatic vessels Lymphatic vessels are spread throughout the human body and have critical functions in mammalian physiology.
2020,Iron Deficiency in Pregnancy,M. Georgieff,American Journal of Obstetrics and Gynecology,2020-03-14,368,"Cellular, Synaptic, and Neuromorphic Foundations",brain-structure;neural-signals;clinical-neuroai,10.1016/j.ajog.2020.03.006,4aacef6ed1fc69b4d4db2913db4c9bd128256e74,https://doi.org/10.1016/j.ajog.2020.03.006,Review; JournalArticle,unknown,7,brain; ecog; neuron; historical computation/learning bridge,"Iron is essential for the function of all cells through its roles in oxygen delivery, electron transport, and enzymatic activity."
2020,Crosstalk Between Astrocytes and Microglia: An Overview,"A. Matejuk, R. Ransohoff",Frontiers in Immunology,2020-07-16,367,"Cellular, Synaptic, and Neuromorphic Foundations",brain-structure;connectome,10.3389/fimmu.2020.01416,9cc8d4ececab3282178ba110b8bea32b9b764648,https://doi.org/10.3389/fimmu.2020.01416,Review; JournalArticle,unknown,6,brain; neuron; historical computation/learning bridge,"Based on discoveries enabled by new technologies and analysis using novel computational tools, neuroscience can be re-conceived in terms of information exchange in dense networks of intercellular connections rather than in the context of individual populations, such as glia or neurons."
2020,Ischemia-Triggered Glutamate Excitotoxicity From the Perspective of Glial Cells,"Denisa Belov Kirdajova, J. Kriska, J. Tureckova, M. Anděrová",Frontiers in Cellular Neuroscience,2020-03-19,367,"Cellular, Synaptic, and Neuromorphic Foundations",brain-structure;clinical-neuroai,10.3389/fncel.2020.00051,8d5d6c5666796d4154355eca4da520f9c1170faf,https://doi.org/10.3389/fncel.2020.00051,JournalArticle; Review,unknown,2,brain; neuron,A plethora of neurological disorders shares a final common deadly pathway known as excitotoxicity.
2020,Expansion Sequencing: Spatially Precise In Situ Transcriptomics in Intact Biological Systems,"Shahar Alon, Daniel R. Goodwin, Anubhav Sinha, A. Wassie, Fei Chen, Evan R. Daugharthy, et al.",Science,2020-05-15,366,"Cellular, Synaptic, and Neuromorphic Foundations",brain-structure;connectome,10.1126/science.aax2656,a34738b3b5bec610a05659b27da99e76c4056a45,https://doi.org/10.1126/science.aax2656,JournalArticle,unknown,4,brain; cortex; hippocampus; neuron,Identifying transcript location in cells Identifying where specific RNAs occur within a cell or tissue has been limited by technology and imaging capabilities.
2020,Gefitinib Versus Gefitinib Plus Pemetrexed and Carboplatin Chemotherapy in EGFR-Mutated Lung Cancer.,"V. Noronha, V. Patil, A. Joshi, N. Nandini Menon, A. Chougule, A. Mahajan, et al.",Journal of Clinical Oncology,2020-01-10,366,Clinical NeuroAI and Brain Disorders,brain-structure;clinical-neuroai,10.1200/JCO.19.01154,955137cd14abbaa33feb7cfa052c53a90e50c1cb,https://doi.org/10.1200/JCO.19.01154,JournalArticle,unknown,1,brain,PURPOSE Standard first-line therapy for EGFR-mutant advanced non-small-cell lung cancer (NSCLC) is an epidermal growth factor receptor (EGFR)-directed oral tyrosine kinase inhibitor.
2020,"Lurbinectedin as second-line treatment for patients with small-cell lung cancer: a single-arm, open-label, phase 2 basket trial.","J. Trigo, V. Subbiah, B. Besse, V. Moreno, R. López, M. Sala, et al.",The Lancet Oncology,2020-03-27,366,Clinical NeuroAI and Brain Disorders,brain-structure;clinical-neuroai,10.1016/S1470-2045(20)30068-1,03154ca3c048ef810f1070ba3518273035c457b1,https://doi.org/10.1016/S1470-2045(20)30068-1,JournalArticle,unknown,1,brain,BACKGROUND Few options exist for treatment of patients with small-cell lung cancer (SCLC) after failure of first-line therapy.
2020,A Deep Learning Model Based on Concatenation Approach for the Diagnosis of Brain Tumor,"Neelum Noreen, S. Palaniappan, A. Qayyum, Iftikhar Ahmad, Muhammad Imran, Muhammad Shoaib",IEEE Access,2020-03-05,363,Structural Neuroimaging and AI,brain-structure;machine-learning;deep-learning;neuroimaging;clinical-neuroai,10.1109/ACCESS.2020.2978629,7a8293c8d7c615034a60faf200c1bbfdf6f209ba,https://doi.org/10.1109/ACCESS.2020.2978629,JournalArticle,unknown,29,brain; mri; machine learning; deep learning; classification; computational neuroscience; brain/neural structure in title; explicit brain-structure/AI bridge,Brain tumor is a deadly disease and its classification is a challenging task for radiologists because of the heterogeneous nature of the tumor cells.
2020,Multimodal Brain Tumor Classification Using Deep Learning and Robust Feature Selection: A Machine Learning Application for Radiologists,"Muhammad Attique Khan, Imran Ashraf, Majed Alhaisoni, Robertas Damaševičius, R. Scherer, A. Rehman, et al.",Diagnostics,2020-08-01,363,Structural Neuroimaging and AI,brain-structure;connectome;machine-learning;deep-learning,10.3390/diagnostics10080565,281d37c17e16ed974671feb9665f6d874c5e127c,https://doi.org/10.3390/diagnostics10080565,JournalArticle,unknown,33,brain; neural; machine learning; deep learning; neural network; classification; computational neuroscience; brain/neural structure in title; explicit brain-structure/AI bridge,"Manual identification of brain tumors is an error-prone and tedious process for radiologists; therefore, it is crucial to adopt an automated system."
2020,"Nanoplastics Cause Neurobehavioral Impairments, Reproductive and Oxidative Damages, and Biomarker Responses in Zebrafish: Throwing up Alarms of Wide Spread Health Risk of Exposure","Sreeja Sarasamma, G. Audira, Petrus Siregar, Nemi Malhotra, Yu-Heng Lai, Sung-Tzu Liang, et al.",International Journal of Molecular Sciences,2020-02-01,363,"Cognitive Architectures, Learning, and Systems Neuroscience",brain-structure;clinical-neuroai,10.3390/ijms21041410,0f9e41c211c0e75597acb58f6c2d7a7d8994d79f,https://doi.org/10.3390/ijms21041410,JournalArticle,unknown,1,brain,Plastic pollution is a growing global emergency and it could serve as a geological indicator of the Anthropocene era.
2020,The physiological roles of tau and Aβ: implications for Alzheimer's disease pathology and therapeutics,"Sarah A. Kent, T. Spires-Jones, Claire S. Durrant",Acta Neuropathologica,2020-07-29,363,"Cognitive Architectures, Learning, and Systems Neuroscience",brain-structure;clinical-neuroai,10.1007/s00401-020-02196-w,a6d1607fc42779b9a47557216e208d2a5ae8f6e3,https://doi.org/10.1007/s00401-020-02196-w,Review; JournalArticle,unknown,6,brain; neuron; historical computation/learning bridge,"Tau and amyloid beta (Aβ) are the prime suspects for driving pathology in Alzheimer's disease (AD) and, as such, have become the focus of therapeutic development."
2020,A map of object space in primate inferotemporal cortex,"Pinglei Bao, Liang She, Mason McGill, D. Tsao",Nature,2020-06-03,361,Structural Neuroimaging and AI,brain-structure;connectome;machine-learning;deep-learning;decoding;neuroimaging;neural-signals,10.1038/s41586-020-2350-5,c10055af62dec8c01a24536fdc3d8bc4c10a54c3,https://doi.org/10.1038/s41586-020-2350-5,JournalArticle,unknown,26,brain; cortex; mri; eeg; meg; ecog; neural network; classification; brain/neural structure in title; explicit brain-structure/AI bridge,"The inferotemporal (IT) cortex is responsible for object recognition, but it is unclear how the representation of visual objects is organized in this part of the brain."
2020,Neutrophil-induced ferroptosis promotes tumor necrosis in glioblastoma progression,"Patricia P. Yee, Yiju Wei, Soo-Yeon Kim, Tong Lu, Stephen Y. Chih, Cynthia Lawson, et al.",Nature Communications,2020-10-27,361,Clinical NeuroAI and Brain Disorders,brain-structure;clinical-neuroai,10.1038/s41467-020-19193-y,1aa019603e23069f4f9e0ab8d61626c7c63b6990,https://doi.org/10.1038/s41467-020-19193-y,JournalArticle,unknown,5,brain; historical computation/learning bridge,Tumor necrosis commonly exists and predicts poor prognoses in many cancers.
2020,Current understanding of metal ions in the pathogenesis of Alzheimer's disease,"Lu Wang, Ya-Ling Yin, Xin-zi Liu, Peng Shen, Yang Zheng, X. Lan, et al.",Translational Neurodegeneration,2020-04-03,360,"Cellular, Synaptic, and Neuromorphic Foundations",brain-structure;clinical-neuroai,10.1186/s40035-020-00189-z,a0afcb77c80363451c273aa98dfefe350ce4d9c4,https://doi.org/10.1186/s40035-020-00189-z,Review; JournalArticle,unknown,1,brain,"The homeostasis of metal ions, such as iron, copper, zinc and calcium, in the brain is crucial for maintaining normal physiological functions."
2020,Increased mitochondrial calcium levels associated with neuronal death in a mouse model of Alzheimer's disease,"Maria Calvo-Rodriguez, Steven S. Hou, A. Snyder, Elizabeth K. Kharitonova, A. Russ, Sudeshna Das, et al.",Nature Communications,2020-05-01,360,"Cellular, Synaptic, and Neuromorphic Foundations",brain-structure;clinical-neuroai,10.1038/s41467-020-16074-2,b6d362f844ed882921fbec20a109f07353584d19,https://doi.org/10.1038/s41467-020-16074-2,JournalArticle,unknown,7,brain; cerebral; neuron; historical computation/learning bridge,Mitochondria contribute to shape intraneuronal Ca2+ signals.
2020,Critical Review of Transcutaneous Vagus Nerve Stimulation: Challenges for Translation to Clinical Practice,"J. Yap, Charlotte Keatch, E. Lambert, W. Woods, P. Stoddart, T. Kameneva",Frontiers in Neuroscience,2020-04-28,359,General Brain-AI Structure Reviews and Methods,brain-structure;clinical-neuroai;neuromorphic-bci,10.3389/fnins.2020.00284,4778d07accf9cbef7733bbae26211285f2759e2d,https://doi.org/10.3389/fnins.2020.00284,Review; JournalArticle,unknown,2,brain; neural,"Several studies have illustrated that transcutaneous vagus nerve stimulation (tVNS) can elicit therapeutic effects that are similar to those produced by its invasive counterpart, vagus nerve stimulation (VNS)."
2020,Large Deformation Diffeomorphic Image Registration with Laplacian Pyramid Networks,"Tony C. W. Mok, Albert C. S. Chung",International Conference on Medical Image Computing and Computer-Assisted Intervention,2020-06-29,359,Structural Neuroimaging and AI,brain-structure;connectome;deep-learning;neuroimaging,10.1007/978-3-030-59716-0_21,08389541d16c3ebd3cbe3f00bb87d11b86d90393,https://doi.org/10.1007/978-3-030-59716-0_21,JournalArticle,unknown,13,brain; deep learning; explicit brain-structure/AI bridge,Deep learning-based methods have recently demonstrated promising results in deformable image registration for a wide range of medical image analysis tasks.
2020,"Structure, Function, and Regulation of the Blood-Brain Barrier Tight Junction in Central Nervous System Disorders","Jeffrey J. Lochhead, Junzhi Yang, P. Ronaldson, T. Davis",Frontiers in Physiology,2020-08-06,359,"Cellular, Synaptic, and Neuromorphic Foundations",brain-structure,10.3389/fphys.2020.00914,392505ce06a3e738e5785087e9990e3694d693e3,https://doi.org/10.3389/fphys.2020.00914,Review; JournalArticle,unknown,5,brain; neuron; brain/neural structure in title,The blood-brain barrier (BBB) allows the brain to selectively import nutrients and energy critical to neuronal function while simultaneously excluding neurotoxic substances from the peripheral circulation.
2020,The S1 protein of SARS-CoV-2 crosses the blood-brain barrier in mice,"E. Rhea, A. Logsdon, Hansen M. Kim, Lindsey M. Williams, M. Reed, Kristen K. Baumann, et al.",Nature Neuroscience,2020-12-16,358,"Cellular, Synaptic, and Neuromorphic Foundations",brain-structure;neural-signals,10.1038/s41593-020-00771-8,0e5860bbba4eae2f77fbf0f8707fe5556d06ce4c,https://doi.org/10.1038/s41593-020-00771-8,JournalArticle,unknown,5,brain; hippocampus; brain/neural structure in title,"It is unclear whether severe acute respiratory syndrome coronavirus 2, which causes coronavirus disease 2019, can enter the brain."
2020,Deep learning based brain tumor segmentation: a survey,"Zhihua Liu, Long Chen, Lei Tong, Feixiang Zhou, Zheheng Jiang, Qianni Zhang, et al.",Complex & Intelligent Systems,2020-07-18,357,Structural Neuroimaging and AI,brain-structure;connectome;machine-learning;deep-learning;neuroimaging,10.1007/s40747-022-00815-5,5430c70a14d1272199ddc3b6c21559ba2f3bd479,https://doi.org/10.1007/s40747-022-00815-5,JournalArticle; Review,unknown,20,brain; deep learning; classification; brain/neural structure in title; explicit brain-structure/AI bridge,Brain tumor segmentation is one of the most challenging problems in medical image analysis.
2020,Neuronal regulation of the blood-brain barrier and neurovascular coupling,"Luke Kaplan, B. Chow, Chenghua Gu",Nature Reviews Neuroscience,2020-07-07,357,General Brain-AI Structure Reviews and Methods,brain-structure,10.1038/s41583-020-0322-2,0c45577d211455cb0809dd7007779fd0b1ee3c16,https://doi.org/10.1038/s41583-020-0322-2,Review; JournalArticle,unknown,6,brain; neuron; neural; brain/neural structure in title,"To continuously process neural activity underlying sensation, movement and cognition, the CNS requires a homeostatic microenvironment that is not only enriched in nutrients to meet its high metabolic demands but that is also devoid of toxins that might harm the sensitive neural tissues."
2020,A metastasis map of human cancer cell lines,"Xin Jin, Zelalem Demere, K. Nair, A. Ali, G. Ferraro, Ted E. Natoli, et al.",Nature,2020-12-01,356,Clinical NeuroAI and Brain Disorders,brain-structure;clinical-neuroai,10.1038/s41586-020-2969-2,5485b485001f25e1d423c9525ece77699af96e76,https://doi.org/10.1038/s41586-020-2969-2,JournalArticle,unknown,5,brain; historical computation/learning bridge,"Most deaths from cancer are explained by metastasis, and yet large-scale metastasis research has been impractical owing to the complexity of in vivo models."
2020,EEG-TCNet: An Accurate Temporal Convolutional Network for Embedded Motor-Imagery Brain-Machine Interfaces,"T. Ingolfsson, Michael Hersche, Xiaying Wang, Nobuaki Kobayashi, Lukas Cavigelli, L. Benini","IEEE International Conference on Systems, Man and Cybernetics",2020-05-31,355,Structural Neuroimaging and AI,brain-structure;connectome;machine-learning;deep-learning;decoding;neuroimaging;neural-signals;neuromorphic-bci,10.1109/SMC42975.2020.9283028,d44c1f5bd84686b87b69dda98c96023688af19a7,https://doi.org/10.1109/SMC42975.2020.9283028,JournalArticle; Conference,unknown,26,brain; eeg; meg; deep learning; classification; bci; brain/neural structure in title; explicit brain-structure/AI bridge,"In recent years, deep learning (DL) has contributed significantly to the improvement of motor-imagery brain-machine interfaces (MI-BMIs) based on electroencephalography (EEG)."
2020,Posttranslational modifications mediate the structural diversity of tauopathy strains,"T. Arakhamia, Christina E. Lee, Y. Carlomagno, D. Duong, S. R. Kundinger, Kevin Wang, et al.",Cell,2020-02-01,355,Computational Neuroscience and Brain-Inspired AI,brain-structure;clinical-neuroai;neuromorphic-bci,10.1016/j.cell.2020.01.027,60b467e31c7d9e810ce1041263e8cd72f628c175,https://doi.org/10.1016/j.cell.2020.01.027,JournalArticle,unknown,5,brain; historical computation/learning bridge,Summary Tau aggregation into insoluble filaments is the defining pathological hallmark of tauopathies.
2020,Early Fate Defines Microglia and Non-parenchymal Brain Macrophage Development.,"Sebastian G. Utz, Peter See, Wiebke Mildenberger, M. Thion, A. Silvin, Mirjam Lutz, et al.",Cell,2020-04-01,354,Computational Neuroscience and Brain-Inspired AI,brain-structure,10.1016/j.cell.2020.03.021,527cce591f7b69a4aacc20228b5b866082920040,https://doi.org/10.1016/j.cell.2020.03.021,JournalArticle,unknown,8,brain; brain/neural structure in title; historical computation/learning bridge,"Central nervous system (CNS) macrophages comprise microglia and border-associated macrophages (BAMs) residing in the meninges, the choroid plexus, and the perivascular spaces."
2020,Understanding the Complex of Suicide in Depression: from Research to Clinics,"L. Orsolini, R. Latini, M. Pompili, G. Serafini, U. Volpe, F. Vellante, et al.",Psychiatry Investigation,2020-03-01,354,Clinical NeuroAI and Brain Disorders,brain-structure;clinical-neuroai,10.30773/pi.2019.0171,35993872ffbfeda5b510c6daf88bbbefb87c3946,https://doi.org/10.30773/pi.2019.0171,JournalArticle; Review,unknown,3,brain; eeg; meg,"Objective Amongst psychiatric disorders, major depressive disorder (MDD) is the most prevalent, by affecting approximately 15-17% of the population and showing a high suicide risk rate equivalent to around 15%."
2020,Eating Disorders,"J. Treasure, T. Duarte, U. Schmidt",The Lancet,2020-03-01,353,"Electrophysiology, Neural Signals, and AI Decoding",brain-structure,10.1016/S0140-6736(20)30059-3,663f00a0182b9e35692e591a78725ada20058bfb,https://doi.org/10.1016/S0140-6736(20)30059-3,Review; JournalArticle,unknown,3,brain; eeg; meg,Covid had a profound impact on services for eating disorders because of the huge increase in demand.
2020,Local externalization of phosphatidylserine mediates developmental synaptic pruning by microglia,"Nicole Scott-Hewitt, F. Perrucci, R. Morini, M. Erreni, M. Mahoney, A. Witkowska, et al.",bioRxiv,2020-04-25,353,"Cellular, Synaptic, and Neuromorphic Foundations",brain-structure;neural-signals,10.15252/embj.2020105380,d1284f627b345b52cdad70d816c3fb41bab4017a,https://doi.org/10.15252/embj.2020105380,JournalArticle,unknown,4,brain; ecog; neuron; synapse,Neuronal circuits assembly requires the fine equilibrium between synapse formation and elimination.
2020,Magnetic Resonance Imaging Alteration of the Brain in a Patient With Coronavirus Disease 2019 (COVID-19) and Anosmia.,"L. Politi, E. Salsano, M. Grimaldi",JAMA Neurology,2020-05-29,353,Clinical NeuroAI and Brain Disorders,brain-structure;connectome;neuroimaging;clinical-neuroai,10.1001/jamaneurol.2020.2125,64f4bc207d1da372f9dfe69875f081615cc7aa6b,https://doi.org/10.1001/jamaneurol.2020.2125,JournalArticle,unknown,8,brain; cortex; cortical; mri; neural; brain/neural structure in title,"roposed that the neuroinvasive potential of the novel SARS-CoV-2, responsible for coronavirus disease 2019 (COVID-19), may be at least partially responsible for the respiratory failure of patients with COVID-19.2 In this article, we share the magnetic resonance imaging (MRI) evidence of in vivo brain alteration presumably due to SARS-CoV-2 and demonstrate that anosmia can represent the predominant symptom in COVID-19."
2020,Nanopolystyrene translocation and fetal deposition after acute lung exposure during late-stage pregnancy,"S. Fournier, J. D'Errico, Derek Adler, Stamatina Kollontzi, Michael J Goedken, L. Fabris, et al.",Particle and Fibre Toxicology,2020-07-06,353,"Cellular, Synaptic, and Neuromorphic Foundations",brain-structure,10.1186/s12989-020-00385-9,dcf614bf21877a0149197c66ae35c909f27165a8,https://doi.org/10.1186/s12989-020-00385-9,JournalArticle,unknown,1,brain,"Plastic is everywhere. It is used in food packaging, storage containers, electronics, furniture, clothing, and common single-use disposable items."
2020,Neurologic and Radiographic Findings Associated With COVID-19 Infection in Children.,"O. Abdel-mannan, M. Eyre, U. Löbel, A. Bamford, C. Eltze, B. Hameed, et al.",JAMA Neurology,2020-07-01,353,Clinical NeuroAI and Brain Disorders,brain-structure;connectome;neuroimaging;neural-signals;clinical-neuroai,10.1001/jamaneurol.2020.2687,fa3c4de2c2118bed20c4fe3ced246839fbe4a023,https://doi.org/10.1001/jamaneurol.2020.2687,JournalArticle,unknown,2,brain; brainstem,"Importance Neurological manifestations have been reported in adults with coronavirus disease 2019 (COVID-19), which is caused by the highly pathogenic virus severe acute respiratory syndrome coronavirus 2 (SARS-CoV-2)."
2020,Challenges and Opportunities in Cancer Drug Resistance.,"R. Ward, S. Fawell, Nicolas Floc'h, V. Flemington, D. Mckerrecher, Paul D. Smith",Chemical Reviews,2020-07-21,352,General Brain-AI Structure Reviews and Methods,brain-structure,10.1021/acs.chemrev.0c00383,5fc696ee13f08cd5e72c0a8634abc43059b3e878,https://doi.org/10.1021/acs.chemrev.0c00383,JournalArticle; Review,unknown,1,brain,There has been huge progress in the discovery of targeted cancer therapies in recent years.
2020,"Puberty initiates cascading relationships between neurodevelopmental, social, and internalizing processes across adolescence","Jennifer H. Pfeifer, N. Allen",Biological Psychiatry,2020-09-09,352,"Cognitive Architectures, Learning, and Systems Neuroscience",brain-structure,10.1016/j.biopsych.2020.09.002,3da6c2bf7e8aac212e5ca12f957136fa47d95dc9,https://doi.org/10.1016/j.biopsych.2020.09.002,Review; JournalArticle,unknown,6,brain; neural; historical computation/learning bridge,"Adolescence is a period of dramatic developmental transitions -- from puberty-related changes in hormones, bodies, and brains to an increasingly complex social world."
2020,An optimized acetylcholine sensor for monitoring in vivo cholinergic activity,"Miao Jing, Yuexuan Li, Jianzhi Zeng, Pengcheng Huang, Miguel Skirzewski, Ornela Kljakic, et al.",Nature Methods,2020-09-28,351,"Cellular, Synaptic, and Neuromorphic Foundations",brain-structure,10.1038/s41592-020-0953-2,78d6f52177011bc538703d72632c6ec4bcaf5905,https://doi.org/10.1038/s41592-020-0953-2,JournalArticle,unknown,1,brain,The ability to directly measure acetylcholine (ACh) release is an essential step toward understanding its physiological function.
2020,Detection of tumors on brain MRI images using the hybrid convolutional neural network architecture.,"A. Cinar, M. Yıldırım",Medical Hypotheses,2020-03-24,351,Structural Neuroimaging and AI,brain-structure;connectome;deep-learning;neuroimaging;clinical-neuroai,10.1016/j.mehy.2020.109684,a1f85d85a9a32bab9a8793421fa2bf7e3502924c,https://doi.org/10.1016/j.mehy.2020.109684,JournalArticle,unknown,26,brain; mri; neural; deep learning; neural network; computational neuroscience; brain/neural structure in title; explicit brain-structure/AI bridge,Brain tumor is one of the dangerous and deadly cancer types seen in adults and children.
2020,Guidelines for the Management of Severe Traumatic Brain Injury: 2020 Update of the Decompressive Craniectomy Recommendations,"G. Hawryluk, A. Rubiano, A. Totten, Cindy O'Reilly, J. Ullman, S. Bratton, et al.",Neurosurgery,2020-08-06,351,Clinical NeuroAI and Brain Disorders,brain-structure;clinical-neuroai,10.1093/neuros/nyaa278,36f6016a128126875d441e4dc95e2d68bb9e02ad,https://doi.org/10.1093/neuros/nyaa278,JournalArticle,unknown,4,brain; brain/neural structure in title,"Abstract When the fourth edition of the Brain Trauma Foundation's Guidelines for the Management of Severe Traumatic Brain Injury were finalized in late 2016, it was known that the results of the RESCUEicp (Trial of Decompressive Craniectomy for Traumatic Intracranial Hypertension) randomized controlled trial of decompressive craniectomy would be public after the guidelines were released."
2020,"Novel tau biomarkers phosphorylated at T181, T217 or T231 rise in the initial stages of the preclinical Alzheimer's continuum when only subtle changes in Aβ pathology are detected","M. Suárez-Calvet, T. Karikari, N. Ashton, Juan Lantero Rodríguez, M. Milà-Alomà, J. Gispert, et al.",EMBO Molecular Medicine,2020-11-10,351,Clinical NeuroAI and Brain Disorders,brain-structure;clinical-neuroai,10.15252/emmm.202012921,6bf70a7a383ac4d02532719f7fac7e6bf1ad3a5b,https://doi.org/10.15252/emmm.202012921,JournalArticle,unknown,2,brain; neuron,"In Alzheimer's disease (AD), tau phosphorylation in the brain and its subsequent release into cerebrospinal fluid (CSF) and blood is a dynamic process that changes during disease evolution."
2020,Rethinking the performance comparison between SNNS and ANNS,"Lei Deng, Yujie Wu, Xing Hu, Ling Liang, Yufei Ding, Guoqi Li, et al.",Neural Networks,2020-01-01,351,Computational Neuroscience and Brain-Inspired AI,brain-structure;connectome;deep-learning;brain-inspired-ai;neural-signals;neuromorphic-bci,10.1016/j.neunet.2019.09.005,7b880fe48a1c34c27697a798e9b6567551f97d68,https://doi.org/10.1016/j.neunet.2019.09.005,JournalArticle,unknown,32,brain; ecog; neuron; neural; artificial intelligence; deep learning; neural network; computational neuroscience; brain inspired; neuromorphic; explicit brain-structure/AI bridge,"Artificial neural networks (ANNs), a popular path towards artificial intelligence, have experienced remarkable success via mature models, various benchmarks, open-source datasets, and powerful computing platforms."
2020,Effects of Ketone Bodies on Brain Metabolism and Function in Neurodegenerative Diseases,"N. Jensen, H. Z. Wodschow, M. Nilsson, J. Rungby",International Journal of Molecular Sciences,2020-11-01,349,Clinical NeuroAI and Brain Disorders,brain-structure;clinical-neuroai,10.3390/ijms21228767,404c7976c2f05d07b8283b3ac93094d1bda44a9d,https://doi.org/10.3390/ijms21228767,Review; JournalArticle,unknown,4,brain; brain/neural structure in title,Under normal physiological conditions the brain primarily utilizes glucose for ATP generation.
2020,Mapping the Fine-Scale Organization and Plasticity of the Brain Vasculature.,"Christoph Kirst, Sophie Skriabine, Alba Vieites-Prado, T. Topilko, Paul Bertin, Gaspard Gerschenfeld, et al.",Cell,2020-02-01,349,"Connectomics, Graph Models, and Brain Networks",brain-structure;connectome;machine-learning;clinical-neuroai,10.1016/j.cell.2020.01.028,b225ba6759357a67f80446a43fe88fa6ae3ba412,https://doi.org/10.1016/j.cell.2020.01.028,JournalArticle,unknown,18,brain; cerebral; cortical; classification; brain/neural structure in title; explicit brain-structure/AI bridge,"The cerebral vasculature is a dense network of arteries, capillaries, and veins."
2020,Clinical practice guidelines for the management of adult diffuse gliomas.,"T. Jiang, D. Nam, Z. Ram, W. Poon, Jiguang Wang, Damdindorj Boldbaatar, et al.",Cancer Letters,2020-11-06,348,Clinical NeuroAI and Brain Disorders,brain-structure;machine-learning;clinical-neuroai,10.1016/j.canlet.2020.10.050,a508ce7c0274bc04883e98bab0f5ff59b521688f,https://doi.org/10.1016/j.canlet.2020.10.050,JournalArticle,unknown,13,brain; classification; explicit brain-structure/AI bridge,"To follow the revision of the fourth edition of WHO classification and the recent progress on the management of diffuse gliomas, the joint guideline committee of Chinese Glioma Cooperative Group (CGCG), Society for Neuro-Oncology of China (SNO-China) and Chinese Brain Cancer Association (CBCA) updated the clinical practice guideline."
2020,Effect of alcohol use on the adolescent brain and behavior,"B. Lees, Lindsay R Meredith, Anna E. Kirkland, B. E. Bryant, L. Squeglia","Pharmacology, Biochemistry and Behavior",2020-03-13,348,"Cognitive Architectures, Learning, and Systems Neuroscience",brain-structure;connectome;neuroimaging,10.1016/j.pbb.2020.172906,b8526b09b971955f1094a641fc14906a0a4b66d9,https://doi.org/10.1016/j.pbb.2020.172906,Review; JournalArticle,unknown,9,brain; neural; brain/neural structure in title; historical computation/learning bridge,Adolescence is a particularly vulnerable neurodevelopmental period marked by high rates of engagement with risky alcohol use.
2020,Epidemiology of Neuromyelitis Optica Spectrum Disorder and Its Prevalence and Incidence Worldwide,"J. Y. Hor, N. Asgari, I. Nakashima, S. Broadley, M. Leite, N. Kissani, et al.",Frontiers in Neurology,2020-06-26,348,Clinical NeuroAI and Brain Disorders,brain-structure;connectome;clinical-neuroai,10.3389/fneur.2020.00501,933bc63e2064bc5e4087836ed1071c369f843c2c,https://doi.org/10.3389/fneur.2020.00501,Review; JournalArticle,unknown,4,brain; cerebral; cortical; brainstem,"Neuromyelitis optica spectrum disorder (NMOSD) is an uncommon inflammatory disease of the central nervous system, manifesting clinically as optic neuritis, myelitis, and certain brain and brainstem syndromes."
2020,Glymphatic system impairment in Alzheimer's disease and idiopathic normal pressure hydrocephalus,"Benjamin C. Reeves, J. Karimy, Adam J. Kundishora, Humberto Mestre, H. Mert, Cerci, et al.",Trends in Molecular Medicine,2020-01-17,348,Clinical NeuroAI and Brain Disorders,brain-structure;clinical-neuroai,10.1016/j.molmed.2019.11.008,e1848f9c2c3e5a027cf0fecb777bc90745326a43,https://doi.org/10.1016/j.molmed.2019.11.008,Review; JournalArticle,unknown,5,brain; historical computation/learning bridge,"~10% of dementia patients have idiopathic normal pressure hydrocephalus (iNPH), an expansion of the cerebrospinal fluid (CSF)-filled brain ventricles."
2020,SARS-CoV-2 can induce brain and spine demyelinating lesions,"L. Zanin, G. Saraceno, P. Panciani, Giulia Renisi, L. Signorini, K. Migliorati, et al.",Acta Neurochirurgica,2020-05-04,348,Structural Neuroimaging and AI,brain-structure;neuroimaging;clinical-neuroai,10.1007/s00701-020-04374-x,9f33a4a5043eea77f9b3ff8c4b30ca0facc63c4c,https://doi.org/10.1007/s00701-020-04374-x,JournalArticle,unknown,5,brain; mri; brain/neural structure in title,SARS-CoV-2 can attack the central nervous system in the early stages of infection.
2020,The Role of BDNF on Neural Plasticity in Depression,"Tao Yang, Zheng Nie, Hai-Feng Shu, Y. Kuang, Xin Chen, Jing-min Cheng, et al.",Frontiers in Cellular Neuroscience,2020-04-15,348,General Brain-AI Structure Reviews and Methods,brain-structure,10.3389/fncel.2020.00082,f3a75b7daaef1ecef093876b1b25e98e64fe8066,https://doi.org/10.3389/fncel.2020.00082,JournalArticle; Review,unknown,8,brain; cortex; hippocampus; amygdala; neural; brain/neural structure in title,"Using behavioral, pharmacological, and molecular methods, lots of studies reveal that depression is closely related to the abnormal neural plasticity processes occurring in the prefrontal cortex and limbic system such as the hippocampus and amygdala."
2020,"A Systematic Review of the Incidence, Prevalence, Costs, and Activity/Work Limitations of Amputation, Osteoarthritis, Rheumatoid Arthritis, Back Pain, Multiple Sclerosis, Spinal Cord Injury, Stroke, and Traumatic Brain Injury in the United States: A 2019 Update","J. Lo, L. Chan, Spencer B Flynn",Archives of Physical Medicine and Rehabilitation,2020-04-24,347,Clinical NeuroAI and Brain Disorders,brain-structure;clinical-neuroai,10.1016/j.apmr.2020.04.001,85d9e11155bed6dd60e04bcb9060b634ad59072b,https://doi.org/10.1016/j.apmr.2020.04.001,Review; JournalArticle,unknown,4,brain; brain/neural structure in title,"OBJECTIVE: To present recent evidence on the prevalence, incidence, costs, activity limitations, and work limitations of common conditions requiring rehabilitation."
2020,MRI signatures of brain age and disease over the lifespan based on a deep brain network and 14 468 individuals worldwide.,"V. Bashyam, G. Erus, J. Doshi, M. Habes, Ilya M. Nasralah, M. Truelove-Hill, et al.",Brain : a journal of neurology,2020-06-27,347,Structural Neuroimaging and AI,brain-structure;connectome;machine-learning;deep-learning;neuroimaging;clinical-neuroai,10.1093/brain/awaa160,65ea748b3c7650f2d0b539d3f244d40684d559da,https://doi.org/10.1093/brain/awaa160,JournalArticle,unknown,21,brain; mri; machine learning; deep learning; brain/neural structure in title; explicit brain-structure/AI bridge,Deep learning has emerged as a powerful approach to constructing imaging signatures of normal brain ageing as well as of various neuropathological processes associated with brain diseases.
2020,Consensus Paper: Cerebellum and Social Cognition,"F. Van Overwalle, M. Manto, Z. Cattaneo, S. Clausi, C. Ferrari, J. Gabrieli, et al.",Cerebellum,2020-07-07,346,"Cognitive Architectures, Learning, and Systems Neuroscience",brain-structure;machine-learning;clinical-neuroai,10.1007/s12311-020-01155-1,471c4329e44f0a9dd87850d960594b01a7dad93d,https://doi.org/10.1007/s12311-020-01155-1,JournalArticle,unknown,14,brain; cerebellum; prediction; explicit brain-structure/AI bridge,The traditional view on the cerebellum is that it controls motor behavior.
2020,Modeling Parkinson's Disease With the Alpha-Synuclein Protein,"M. Gómez-Benito, N. Granado, Patricia García-Sanz, A. Michel, M. Dumoulin, R. Moratalla",Frontiers in Pharmacology,2020-04-23,344,"Cellular, Synaptic, and Neuromorphic Foundations",brain-structure;clinical-neuroai,10.3389/fphar.2020.00356,fc4411383e33e09bf842531489692e1570537a24,https://doi.org/10.3389/fphar.2020.00356,Review; JournalArticle,unknown,6,brain; neuron; historical computation/learning bridge,Alpha-synuclein (α-Syn) is a key protein involved in Parkinson's disease (PD) pathology.
2020,"American Society of Hematology 2020 guidelines for sickle cell disease: prevention, diagnosis, and treatment of cerebrovascular disease in children and adults.","M. DeBaun, L. Jordan, A. A. King, J. Schatz, E. Vichinsky, C. Fox, et al.",Blood Advances,2020-04-16,343,Clinical NeuroAI and Brain Disorders,brain-structure;neuroimaging;clinical-neuroai,10.1182/bloodadvances.2019001142,28cf452ff543b3188595c8e1975a92323ba932cc,https://doi.org/10.1182/bloodadvances.2019001142,JournalArticle; Review,unknown,2,brain; cerebral,"BACKGROUND Central nervous system (CNS) complications are among the most common, devastating sequelae of sickle cell disease (SCD) occurring throughout the lifespan."
2020,Tumor Development and Angiogenesis in Adult Brain Tumor: Glioblastoma,"B. Ahir, H. Engelhard, S. Lakka",Molecular Neurobiology,2020-03-09,343,Clinical NeuroAI and Brain Disorders,brain-structure;clinical-neuroai,10.1007/s12035-020-01892-8,311fd877b6d10c59409c73edf758fd7c52472161,https://doi.org/10.1007/s12035-020-01892-8,Review; JournalArticle,unknown,4,brain; brain/neural structure in title,Angiogenesis is the growth of new capillaries from the preexisting blood vessels.
2020,An enhanced deep learning approach for brain cancer MRI images classification using residual networks,"Sarah Ali Abdelaziz Ismael, Ammar Mohammed, H. Hefny",Artif. Intell. Medicine,2020-01-01,342,Structural Neuroimaging and AI,brain-structure;connectome;machine-learning;deep-learning;neuroimaging;clinical-neuroai,10.1016/j.artmed.2019.101779,8099292419d09d5a24db9f5d3bb72c3251a030fc,https://doi.org/10.1016/j.artmed.2019.101779,JournalArticle,unknown,29,brain; mri; artificial intelligence; deep learning; classification; computational neuroscience; brain/neural structure in title; explicit brain-structure/AI bridge,Cancer is the second leading cause of death after cardiovascular diseases.
2020,Microbiota-Gut-Brain Axis: New Therapeutic Opportunities.,"C. Long-Smith, Kenneth J. O'Riordan, G. Clarke, C. Stanton, T. Dinan, J. Cryan",Annual Review of Pharmacology and Toxicology,2020-01-06,342,Clinical NeuroAI and Brain Disorders,brain-structure;clinical-neuroai,10.1146/annurev-pharmtox-010919-023628,9a92e8bd7b1d7d9e10014d1479f8ca59bbc74c55,https://doi.org/10.1146/annurev-pharmtox-010919-023628,JournalArticle; Review,unknown,4,brain; brain/neural structure in title,The traditional fields of pharmacology and toxicology are beginning to consider the substantial impact our gut microbiota has on host physiology.
2020,Overcoming blood-brain barrier transport: Advances in nanoparticle-based drug delivery strategies,"Shichao Ding, A. I. Khan, Xiaoli Cai, Yang Song, Zhaoyuan Lyu, Dan Du, et al.",Materials Today,2020-03-04,342,General Brain-AI Structure Reviews and Methods,brain-structure,10.1016/j.mattod.2020.02.001,80e871e8a6b96df5e20966e86fbce81affd4e323,https://doi.org/10.1016/j.mattod.2020.02.001,JournalArticle; Review,unknown,5,brain; cerebral; brain/neural structure in title,"The Blood-Brain Barrier (BBB), a unique structure in the central nervous system (CNS), protects the brain from bloodborne pathogens by its excellent barrier properties."
2020,Astragaloside IV derived from Astragalus membranaceus: A research review on the pharmacological effects.,"Jianqin Zhang, C. Wu, Li Gao, G. Du, X. Qin",Advances in Pharmacology,2020,341,Computational Neuroscience and Brain-Inspired AI,brain-structure,10.1016/bs.apha.2019.08.002,34fdcb43c12ce84228f3a8e9ba50dd1eca405000,https://doi.org/10.1016/bs.apha.2019.08.002,JournalArticle; Review,unknown,7,brain; eeg; meg; historical computation/learning bridge,"Decoctions prepared from the roots of Astragali Radix are known as ""Huangqi"" and are widely used in traditional Chinese medicine for treatment of viral and bacterial infections, inflammation, as well as cancer."
2020,Blood-Brain Barrier and Delivery of Protein and Gene Therapeutics to Brain,W. Pardridge,Frontiers in Aging Neuroscience,2020-01-10,341,"Cellular, Synaptic, and Neuromorphic Foundations",brain-structure;clinical-neuroai,10.3389/fnagi.2019.00373,87a8d24aaa4396b0989e2a656952e83686cc8c24,https://doi.org/10.3389/fnagi.2019.00373,JournalArticle,unknown,4,brain; brain/neural structure in title,"Alzheimer's disease (AD) and treatment of the brain in aging require the development of new biologic drugs, such as recombinant proteins or gene therapies."
2020,The progress of gut microbiome research related to brain disorders,"Sibo Zhu, Yanfeng Jiang, Kelin Xu, Mei Cui, W. Ye, Genming Zhao, et al.",Journal of Neuroinflammation,2020-01-17,341,Clinical NeuroAI and Brain Disorders,brain-structure;clinical-neuroai,10.1186/s12974-020-1705-z,7647048ef10fce117f1d1add6e84af295aa739f4,https://doi.org/10.1186/s12974-020-1705-z,Review; JournalArticle,unknown,4,brain; brain/neural structure in title,There is increasing evidence showing that the dynamic changes in the gut microbiota can alter brain physiology and behavior.
2020,ROLE OF HYPERINSULINEMIA AND INSULIN RESISTANCE IN HYPERTENSION: METABOLIC SYNDROME REVISITED,"A. D. da Silva, Jussara M. do Carmo, Xuan Li, Zhen Wang, A. Mouton, J. Hall",Canadian Journal of Cardiology,2020-02-12,340,Clinical NeuroAI and Brain Disorders,brain-structure;clinical-neuroai,10.1016/j.cjca.2020.02.066,3bff0388d111b4771fbe5a455ea661be1f656c9c,https://doi.org/10.1016/j.cjca.2020.02.066,Review; JournalArticle,unknown,1,brain,"Hyperinsulinemia and insulin resistance were proposed more than 30 years ago to be important contributors to elevated blood pressure (BP) associated with obesity and the metabolic syndrome, also called syndrome X."
2020,Generation of human striatal organoids and cortico-striatal assembloids from human pluripotent stem cells,"Yuki Miura, Min-Yin Li, Fikri Birey, Kazuya Ikeda, Omer Revah, M. Thete, et al.",Nature Biotechnology,2020-12-01,339,"Cellular, Synaptic, and Neuromorphic Foundations",brain-structure;connectome;clinical-neuroai,10.1038/s41587-020-00763-w,b2b7405b12b3fd8c8800901bf0e129c656a4da9c,https://doi.org/10.1038/s41587-020-00763-w,JournalArticle,unknown,5,brain; cerebral; cortical; connectivity; neuron,Cortico-striatal projections are critical components of forebrain circuitry that regulate motivated behaviors.
2020,Biomaterials,M. Obulesu,Parkinson's Disease Therapeutics,2020,337,Clinical NeuroAI and Brain Disorders,brain-structure;clinical-neuroai,10.1016/b978-0-12-819882-7.00002-7,adeccf35eb44965f6ec2d91e705afccfae0fc8de,https://doi.org/10.1016/b978-0-12-819882-7.00002-7,paper,unknown,1,brain,Abstract Parkinson's disease (PD) is a deleterious neurodegenerative disorder in the elderly with complex etiology.
2020,Effects of Exercise on Brain and Cognition Across Age Groups and Health States,"C. Stillman, I. Esteban-Cornejo, B. Brown, C. Bender, K. Erickson",Trends in Neurosciences,2020-05-11,337,"Cognitive Architectures, Learning, and Systems Neuroscience",brain-structure,10.1016/j.tins.2020.04.010,a657617824915447f65288053accc3d38d3ecbf8,https://doi.org/10.1016/j.tins.2020.04.010,Review; JournalArticle,unknown,4,brain; brain/neural structure in title,"Exercise has been shown to benefit brain structure and function, particularly in aging populations."
2020,Guidelines for the Acute Treatment of Cerebral Edema in Neurocritical Care Patients,"A. Cook, G. Morgan Jones, G. Hawryluk, P. Mailloux, D. McLaughlin, A. Papangelou, et al.",Neurocritical Care,2020-03-29,337,Clinical NeuroAI and Brain Disorders,brain-structure;clinical-neuroai,10.1007/s12028-020-00959-7,d69f428aa19ae56545549aa1ee37c5a1ddb8b55a,https://doi.org/10.1007/s12028-020-00959-7,JournalArticle,unknown,2,brain; cerebral,Background Acute treatment of cerebral edema and elevated intracranial pressure is a common issue in patients with neurological injury.
2020,Management of Treatment-Resistant Depression: Challenges and Strategies,"D. Voineskos, Z. Daskalakis, D. Blumberger",Neuropsychiatric Disease and Treatment,2020-01-01,337,Computational Neuroscience and Brain-Inspired AI,brain-structure;neuroimaging;clinical-neuroai;neuromorphic-bci,10.2147/NDT.S198774,b46fea79f554d64f8d1541b48fad218e4b833d98,https://doi.org/10.2147/NDT.S198774,Review; JournalArticle,unknown,13,brain; bci; explicit brain-structure/AI bridge,Abstract Treatment-resistant depression (TRD) is a subset of Major Depressive Disorder which does not respond to traditional and first-line therapeutic options.
2020,YTHDF3 Induces the Translation of m6A-enriched Gene Transcripts to Promote Breast Cancer Brain Metastasis,"Guoqiang Chang, Lei Shi, Youqiong Ye, Hailing Shi, Lixian Zeng, S. Tiwary, et al.",Cancer Cell,2020-10-16,337,Clinical NeuroAI and Brain Disorders,brain-structure;neuroimaging;clinical-neuroai,10.1016/j.ccell.2020.10.004,f5cb12a674e35a6a6ae707732bd0e6eefbc85aaf,https://doi.org/10.1016/j.ccell.2020.10.004,JournalArticle,unknown,4,brain; brain/neural structure in title,"SUMMARY Brain metastasis is a major cause of cancer mortality, but its molecular mechanisms are severely understudied."
2020,A gut bacterial amyloid promotes α-synuclein aggregation and motor impairment in mice,"T. Sampson, Collin Challis, N. Jain, Anastasiya Moiseyenko, M. Ladinsky, Gauri G. Shastri, et al.",eLife,2020-02-11,336,"Cellular, Synaptic, and Neuromorphic Foundations",brain-structure,10.7554/eLife.53111,07a4ff2126c02e4f0e942863e3f39706f566adc7,https://doi.org/10.7554/eLife.53111,JournalArticle,unknown,1,brain,"Amyloids are a class of protein with unique self-aggregation properties, and their aberrant accumulation can lead to cellular dysfunctions associated with neurodegenerative diseases."
2020,Emerging role of nanosuspensions in drug delivery systems,"S. Jacob, Anroop B Nair, Jigar N. Shah",Biomaterials Research,2020-01-15,336,"Cellular, Synaptic, and Neuromorphic Foundations",brain-structure,10.1186/s40824-020-0184-8,3f8312866d847f34449f8e2d93fe4308f16da132,https://doi.org/10.1186/s40824-020-0184-8,Review; JournalArticle,unknown,1,brain,Rapid advancement in drug discovery process is leading to a number of potential new drug candidates having excellent drug efficacy but limited aqueous solubility.
2020,A robotic platform for fluidically-linked human body-on-chips experimentation,"R. Novák, Miles Ingram, Susan Marquez, Debarun Das, A. Delahanty, A. Herland, et al.",Nature Biomedical Engineering,2020-01-27,335,Computational Neuroscience and Brain-Inspired AI,brain-structure,10.1038/s41551-019-0497-x,8ae5cf656c3ea035a7234784b8eb89b430cbe740,https://doi.org/10.1038/s41551-019-0497-x,JournalArticle,unknown,5,brain; historical computation/learning bridge,"Organ chips can recapitulate organ-level (patho)physiology, yet pharmacokinetic and pharmacodynamic analyses require multi-organ systems linked by vascular perfusion."
2020,Microglia modulate neurodegeneration in Alzheimer's and Parkinson's diseases,"Tim Bartels, Sebastiaan De Schepper, Soyon Hong",Science,2020-10-01,335,Clinical NeuroAI and Brain Disorders,brain-structure;clinical-neuroai,10.1126/science.abb8587,7faaa27e7ae8924c0b44b2e686c649e6c15d03a6,https://doi.org/10.1126/science.abb8587,Review; JournalArticle,unknown,2,brain; neuron,Dementia is a rapidly rising global health crisis that silently disables families and ends lives and livelihoods around the world.
2020,Single-Cell Atlas of Early Human Brain Development Highlights Heterogeneity of Human Neuroepithelial Cells and Early Radial Glia,"Ugomma C. Eze, A. Bhaduri, M. Haeussler, T. Nowakowski, A. Kriegstein",Nature Neuroscience,2020-03-07,335,General Brain-AI Structure Reviews and Methods,brain-structure,10.1038/s41593-020-00794-1,79f79f20cd15eed51f7b077770333f03668652ef,https://doi.org/10.1038/s41593-020-00794-1,JournalArticle,unknown,8,brain; cortex; cortical; cerebellum; neural; brain/neural structure in title,"The human cortex comprises diverse cell types that emerge from an initially uniform neuroepithelium that gives rise to radial glia, the neural stem cells of the cortex."
2020,Ambient Air Pollution Increases the Risk of Cerebrovascular and Neuropsychiatric Disorders through Induction of Inflammation and Oxidative Stress,"Omar Hahad, J. Lelieveld, F. Birklein, K. Lieb, A. Daiber, T. Münzel",International Journal of Molecular Sciences,2020-06-01,334,Clinical NeuroAI and Brain Disorders,brain-structure;clinical-neuroai,10.3390/ijms21124306,d8936d315539393b76a3452e2c1c63b51ebc0642,https://doi.org/10.3390/ijms21124306,Review; JournalArticle,unknown,1,brain,Exposure to ambient air pollution is a well-established determinant of health and disease.
2020,Modulators of microglia activation and polarization in ischemic stroke,"Chengting Jiang, Wanfeng Wu, Yi-Hui Deng, J. Ge",Molecular Medicine Reports,2020-02-26,334,Clinical NeuroAI and Brain Disorders,brain-structure;clinical-neuroai,10.3892/mmr.2020.11003,ec6d97cf82be6972aa3424d56f47e04c2ecb633c,https://doi.org/10.3892/mmr.2020.11003,JournalArticle; Review,unknown,1,brain,Ischemic stroke is one of the leading causes of mortality and disability worldwide.
2020,Gut-seeded α-synuclein fibrils promote gut dysfunction and brain pathology specifically in aged mice,"Collin Challis, A. Hori, T. Sampson, Bryan B. Yoo, Rosemary C. Challis, Adam M. Hamilton, et al.",Nature Neuroscience,2020-02-17,333,"Cellular, Synaptic, and Neuromorphic Foundations",brain-structure;clinical-neuroai,10.1038/s41593-020-0589-7,d51522161687f31ac50bcb8368e10cbc8d8f14ac,https://doi.org/10.1038/s41593-020-0589-7,JournalArticle,unknown,5,brain; neuron; brain/neural structure in title,"Parkinson's disease is a synucleinopathy that is characterized by motor dysfunction, death of midbrain dopaminergic neurons and accumulation of α-synuclein (α-Syn) aggregates."
2020,Single and Multi-fraction Stereotactic Radiosurgery Dose/Volume Tolerances of the Brain,"M. Milano, J. Grimm, A. Niemierko, S. Soltys, V. Moiseenko, Kristin J. Redmond, et al.","International Journal of Radiation Oncology, Biology, Physics",2020-09-10,333,Clinical NeuroAI and Brain Disorders,brain-structure;machine-learning;clinical-neuroai,10.1016/j.ijrobp.2020.08.013,a809b0d4aeaa694acde57eb8eb05b5bcc9604f2b,https://doi.org/10.1016/j.ijrobp.2020.08.013,JournalArticle,unknown,17,brain; brainstem; predictive; brain/neural structure in title; explicit brain-structure/AI bridge,"ts in Medicine (AAPM) Working Group on Stereotactic Body Radiotherapy, investigating normal tissue complication probability (NTCP) after hypofractionated radiotherapy, data from published reports (PubMed indexed 1995-2018) were pooled to identify dosimetric and clinical predictors of radiation-induced brain toxicity after single-fraction stereotactic radiosurgery (SRS) or fractionated stereotactic radiosurgery (fSRS)."
2020,"""Prenatal Stress, Glucocorticoids and the Programming of the Brain"" (2001), by Leonie Welberg and Jonathan Seckl",J. Seckl,Unknown venue,2020,332,General Brain-AI Structure Reviews and Methods,brain-structure,,1c58f8c26b42504b32b942407361c4733189680e,https://www.semanticscholar.org/paper/1c58f8c26b42504b32b942407361c4733189680e,Review,unknown,4,brain; brain/neural structure in title,
2020,Executive Function and Psychopathology: A Neurodevelopmental Perspective.,P. Zelazo,Annual Review of Clinical Psychology,2020-02-19,332,Computational Neuroscience and Brain-Inspired AI,brain-structure;clinical-neuroai,10.1146/annurev-clinpsy-072319-024242,1f0bb196e3371bfc92c8ce092698a3cfc18a1f6f,https://doi.org/10.1146/annurev-clinpsy-072319-024242,JournalArticle; Review,unknown,6,brain; neural; historical computation/learning bridge,"Executive function (EF) skills are neurocognitive skills that support the reflective, top-down coordination and control of other brain functions, and there is neural and behavioral evidence for a continuum from more ""cool"" EF skills activated in emotionally neutral contexts to more ""hot"" EF skills needed for the reversal of motivationally significant tendencies."
2020,Dopamine and Addiction.,"R. Wise, Mykel A. Robble",Annual Review of Psychology,2020-01-04,331,"Cellular, Synaptic, and Neuromorphic Foundations",brain-structure;machine-learning;neuroimaging,10.1146/annurev-psych-010418-103337,2a9220c27d3b09191d7d8018ca966a782127a007,https://doi.org/10.1146/annurev-psych-010418-103337,JournalArticle,unknown,14,brain; neuron; predictive; explicit brain-structure/AI bridge,Addiction is commonly identified with habitual nonmedical self-administration of drugs.
2020,Immune cell regulation of glia during CNS injury and disease,"A. Greenhalgh, S. David, F. Bennett",Nature Reviews Neuroscience,2020-02-10,331,"Cellular, Synaptic, and Neuromorphic Foundations",,10.1038/s41583-020-0263-9,13ed8eabf2acc43a2995d1cfa7996b74202b5e3d,https://doi.org/10.1038/s41583-020-0263-9,Review; JournalArticle,unknown,0,Semantic Scholar brain-AI query,
2020,Pathophysiology of Blood-Brain Barrier Permeability Throughout the Different Stages of Ischemic Stroke and Its Implication on Hemorrhagic Transformation and Recovery,"Sara Bernardo-Castro, J. Sousa, A. Brás, C. Cecília, B. Rodrigues, L. Almendra, et al.",Frontiers in Neurology,2020-12-09,331,Clinical NeuroAI and Brain Disorders,brain-structure;clinical-neuroai,10.3389/fneur.2020.594672,c99de2f8c9567390ce223a145b568306d1951d67,https://doi.org/10.3389/fneur.2020.594672,Review; JournalArticle,unknown,4,brain; brain/neural structure in title,The blood-brain barrier (BBB) is a dynamic interface responsible for maintaining the central nervous system homeostasis.
2020,"Diet, Stress and Mental Health","J. Bremner, K. Moazzami, M. Wittbrodt, J. Nye, Bruno B. Lima, Charles F. Gillespie, et al.",Nutrients,2020-08-01,330,"Cognitive Architectures, Learning, and Systems Neuroscience",brain-structure;neuroimaging,10.3390/nu12082428,20aa06ffc2d62a2f1469c9bd5b9dd8062ba16f91,https://doi.org/10.3390/nu12082428,Review; JournalArticle,unknown,1,brain,"Introduction: There has long been an interest in the effects of diet on mental health, and the interaction of the two with stress; however, the nature of these relationships is not well understood."
2020,Neurobiology of COVID-19,"M. Fotuhi, Ali Y Mian, S. Meysami, Cyrus A. Raji",Journal of Alzheimer's Disease,2020-06-08,330,Clinical NeuroAI and Brain Disorders,brain-structure;machine-learning;clinical-neuroai,10.3233/JAD-200581,315fc689896750f3a81b49ec88fa2214bddb1240,https://doi.org/10.3233/JAD-200581,Review; JournalArticle,unknown,13,brain; classification; explicit brain-structure/AI bridge,"Anosmia, stroke, paralysis, cranial nerve deficits, encephalopathy, delirium, meningitis, and seizures are some of the neurological complications in patients with coronavirus disease-19 (COVID-19) which is caused by acute respiratory syndrome coronavirus 2 (SARS-Cov2)."
2020,The unreasonable effectiveness of deep learning in artificial intelligence,T. Sejnowski,Proceedings of the National Academy of Sciences of the United States of America,2020-01-28,330,"Connectomics, Graph Models, and Brain Networks",brain-structure;connectome;deep-learning;neural-signals,10.1073/pnas.1907373117,340712391e245e245a76cd74523c1d6443035b62,https://doi.org/10.1073/pnas.1907373117,JournalArticle,unknown,24,brain; cerebral; cortex; ecog; artificial intelligence; deep learning; computational neuroscience; explicit brain-structure/AI bridge,"Deep learning networks have been trained to recognize speech, caption photographs, and translate text between languages at high levels of performance."
2020,Vascularized human cortical organoids (vOrganoids) model cortical development in vivo,"Yingchao Shi, Le Sun, Mengdi Wang, Jianwei Liu, Suijuan Zhong, Rui Li, et al.",PLoS Biology,2020-05-01,329,"Cellular, Synaptic, and Neuromorphic Foundations",brain-structure,10.1371/journal.pbio.3000705,c705598d3068df472669b9ca83b1e335a26ea42a,https://doi.org/10.1371/journal.pbio.3000705,JournalArticle,unknown,9,brain; cortex; cortical; neuron; synapse; historical computation/learning bridge,Modeling the processes of neuronal progenitor proliferation and differentiation to produce mature cortical neuron subtypes is essential for the study of human brain development and the search for potential cell therapies.
2020,Activation of PPARA-mediated autophagy reduces Alzheimer disease-like pathology and cognitive decline in a murine model,"Rongcan Luo, L. Su, Guiyu Li, Jing Yang, Qianjin Liu, Lu-Xiu Yang, et al.",Autophagy,2020-01-02,328,Clinical NeuroAI and Brain Disorders,brain-structure;clinical-neuroai,10.1080/15548627.2019.1596488,08b3f1ad1c2b101d66995c145b52b7f3054029a0,https://doi.org/10.1080/15548627.2019.1596488,JournalArticle,unknown,7,brain; cortex; hippocampus; historical computation/learning bridge,ABSTRACT Alzheimer disease (AD) is the most common neurodegenerative disease.
2020,"Genome-wide meta-analysis of problematic alcohol use in 435,563 individuals yields insights into biology and relationships with other traits","Hang Zhou, J. Sealock, S. Sanchez-Roige, Toni-Kim Clarke, D. Levey, Zhongshan Cheng, et al.",Nature Neuroscience,2020-05-25,327,General Brain-AI Structure Reviews and Methods,brain-structure,10.1038/s41593-020-0643-5,01c0c7effc2ae3d4f2a85cf7cdfcce9aecc24a3e,https://doi.org/10.1038/s41593-020-0643-5,JournalArticle,unknown,1,brain,Problematic alcohol use (PAU) is a leading cause of death and disability worldwide.
2020,Lipids and Alzheimer's Disease,"Yu-Chia Kao, Pei-Chuan Ho, Y. Tu, I. Jou, K. Tsai",International Journal of Molecular Sciences,2020-02-01,327,Clinical NeuroAI and Brain Disorders,brain-structure;machine-learning;clinical-neuroai,10.3390/ijms21041505,9faf4d3cb277fd8ea788b0d632e82821c1703d96,https://doi.org/10.3390/ijms21041505,Review; JournalArticle,unknown,14,brain; cerebral; prediction; explicit brain-structure/AI bridge,"Lipids, as the basic component of cell membranes, play an important role in human health as well as brain function."
2020,Meningeal lymphatic vessels regulate brain tumor drainage and immunity,"Xueting Hu, Qiuping Deng, Lutzner Ma, Qingqing Li, Yidong Chen, Y. Liao, et al.",Cell Research,2020-02-24,327,Computational Neuroscience and Brain-Inspired AI,brain-structure,10.1038/s41422-020-0287-8,e036fc76b8fc922e2ff4a42f3991be0e27410d70,https://doi.org/10.1038/s41422-020-0287-8,JournalArticle,unknown,8,brain; brain/neural structure in title; historical computation/learning bridge,"Recent studies have shown that meningeal lymphatic vessels (MLVs), which are located both dorsally and basally beneath the skull, provide a route for draining macromolecules and trafficking immune cells from the central nervous system (CNS) into cervical lymph nodes (CLNs), and thus represent a potential therapeutic target for treating neurodegenerative and neuroinflammatory diseases."
2020,TLR4 Cross-Talk With NLRP3 Inflammasome and Complement Signaling Pathways in Alzheimer's Disease,"Junling Yang, Leslie M. Wise, K. Fukuchi",Frontiers in Immunology,2020-04-23,327,"Cellular, Synaptic, and Neuromorphic Foundations",brain-structure;neural-signals;clinical-neuroai,10.3389/fimmu.2020.00724,4087bce5ee42103e741bde83fc32c5e39026956c,https://doi.org/10.3389/fimmu.2020.00724,Review; JournalArticle,unknown,4,brain; ecog; neuron; synapse,"Amyloid plaques, mainly composed of abnormally aggregated amyloid β-protein (Aβ) in the brain parenchyma, and neurofibrillary tangles (NFTs), consisting of hyperphosphorylated tau protein aggregates in neurons, are two pathological hallmarks of Alzheimer's disease (AD)."
2020,Functional Near-Infrared Spectroscopy and Its Clinical Application in the Field of Neuroscience: Advances and Future Directions,"Wei-Liang Chen, Julie C. Wagner, N. Heugel, Jeffrey Sugar, Yu-Wen Lee, L. Conant, et al.",Frontiers in Neuroscience,2020-07-09,326,Structural Neuroimaging and AI,brain-structure;neuroimaging;clinical-neuroai,10.3389/fnins.2020.00724,30d62955b734c0f1b6f9386bafe3dedf0ab52ff7,https://doi.org/10.3389/fnins.2020.00724,Review; JournalArticle,unknown,5,brain; cerebral; cortical; fmri; mri,"Similar to functional magnetic resonance imaging (fMRI), functional near-infrared spectroscopy (fNIRS) detects the changes of hemoglobin species inside the brain, but via differences in optical absorption."
2020,"stLearn: integrating spatial location, tissue morphology and gene expression to find cell types, cell-cell interactions and spatial trajectories within undissociated tissues","D. Pham, Xiao Tan, Jun Xu, Laura F Grice, P. Lam, A. Raghubar, et al.",bioRxiv,2020-05-31,326,Computational Neuroscience and Brain-Inspired AI,brain-structure,10.1101/2020.05.31.125658,448b40a14cd8b8a934b8a14d8c1e31455ad3c4f4,https://doi.org/10.1101/2020.05.31.125658,paper,unknown,5,brain; historical computation/learning bridge,Spatial Transcriptomics is an emerging technology that adds spatial dimensionality and tissue morphology to the genome-wide transcriptional profile of cells in an undissociated tissue.
2020,"Trastuzumab emtansine (T-DM1) in patients with HER2-positive metastatic breast cancer and brain metastases: exploratory final analysis of cohort 1 from KAMILLA, a single-arm phase IIIb clinical trial.","F. Montemurro, S. Delaloge, C. Barrios, R. Wuerstlein, A. Antón, E. Brain, et al.",Annals of Oncology,2020-07-04,326,Clinical NeuroAI and Brain Disorders,brain-structure;clinical-neuroai,10.1016/j.annonc.2020.06.020,6d981c0675adf7c90091def11b5752e09e2cf6c6,https://doi.org/10.1016/j.annonc.2020.06.020,JournalArticle,unknown,4,brain; brain/neural structure in title,BACKGROUND Patients with brain metastases (BM) from human epidermal growth factor receptor 2 (HER2)-positive breast cancer represent a difficult-to-treat population.
2020,Deep Structural Causal Models for Tractable Counterfactual Inference,"Nick Pawlowski, Daniel Coelho de Castro, B. Glocker",Neural Information Processing Systems,2020-06-11,325,Structural Neuroimaging and AI,brain-structure;deep-learning;neuroimaging,,4b1f9400115644489aefb256eecdf120eb2d312f,https://www.semanticscholar.org/paper/4b1f9400115644489aefb256eecdf120eb2d312f,JournalArticle,unknown,18,brain; mri; deep learning; computational neuroscience; explicit brain-structure/AI bridge,We formulate a general framework for building structural causal models (SCMs) with deep learning components.
2020,Reversing Parkinson Disease Model with in situ Converted Nigral Neurons,"Hao Qian, Xinjiang Kang, Jing Hu, Dongyang Zhang, Zhengyu Liang, Fan Meng, et al.",Nature,2020-06-01,325,"Cellular, Synaptic, and Neuromorphic Foundations",brain-structure;clinical-neuroai,10.1038/s41586-020-2388-4,30a200fd252ad897819a101a18a5ff729b479106,https://doi.org/10.1038/s41586-020-2388-4,JournalArticle,unknown,7,brain; neuron; neural; historical computation/learning bridge,Parkinson's disease is characterized by loss of dopamine neurons in the substantia nigra1.
2020,"SARS-CoV-2: Olfaction, Brain Infection, and the Urgent Need for Clinical Samples Allowing Earlier Virus Detection","R. Butowt, Katarzyna Bilińska",ACS Chemical Neuroscience,2020-04-13,325,"Cellular, Synaptic, and Neuromorphic Foundations",brain-structure;clinical-neuroai,10.1021/acschemneuro.0c00172,a3e93fd0f122871baae81780c4b0236c28c1a5b0,https://doi.org/10.1021/acschemneuro.0c00172,JournalArticle,unknown,5,brain; neuron; brain/neural structure in title,"The novel SARS-CoV-2 virus has very high infectivity, which allows it to spread rapidly around the world."
2020,Thalamus modulates consciousness via layer-specific control of cortex,"Michelle J. Redinbaugh, Jessica M. Phillips, Niranjan A. Kambi, S. Mohanta, Samantha Andryk, Gaven L. Dooley, et al.",Neuron,2020-01-22,325,Structural Neuroimaging and AI,brain-structure;neuroimaging;neural-signals;neuromorphic-bci,10.2139/ssrn.3493781,cb73ac0cd5da64debb233298e4a8624f3c0fbacf,https://doi.org/10.2139/ssrn.3493781,JournalArticle,unknown,22,brain; cortex; cortical; thalamus; mri; neuron; bci; brain/neural structure in title; explicit brain-structure/AI bridge,SUMMARY: Functional MRI and electrophysiology studies suggest consciousness depends on large-scale thalamocortical and corticocortical interactions.
2020,TREM2 activation attenuates neuroinflammation and neuronal apoptosis via PI3K/Akt pathway after intracerebral hemorrhage in mice,"Shengpan Chen, Jianhua Peng, P. Sherchan, Yongjie Ma, S. Xiang, Feng Yan, et al.",Journal of Neuroinflammation,2020-05-28,325,"Cellular, Synaptic, and Neuromorphic Foundations",brain-structure;clinical-neuroai,10.1186/s12974-020-01853-x,1c644922ae26b8f8e06c7c1795f29793aa9c863f,https://doi.org/10.1186/s12974-020-01853-x,JournalArticle,unknown,7,brain; cerebral; neuron; historical computation/learning bridge,Background Neuroinflammation is an important host defense response to secondary brain injury after intracerebral hemorrhage (ICH).
2020,Making Sense of Spatio-Temporal Preserving Representations for EEG-Based Human Intention Recognition,"Dalin Zhang, Lina Yao, Kaixuan Chen, Sen Wang, Xiaojun Chang, Yunhao Liu",IEEE Transactions on Cybernetics,2020-07-01,324,"Brain Decoding, Representation Learning, and BCI",brain-structure;connectome;deep-learning;decoding;neural-signals;neuromorphic-bci,10.1109/TCYB.2019.2905157,e8580175d7e8b353a0f4e8a219613bdaf8d4ee05,https://doi.org/10.1109/TCYB.2019.2905157,JournalArticle,unknown,29,brain; eeg; meg; ecog; neural; deep learning; neural network; brain-computer; bci; explicit brain-structure/AI bridge,Brain-computer interface (BCI) is a system empowering humans to communicate with or control the outside world with exclusively brain intentions.
2020,2D Material Based Synaptic Devices for Neuromorphic Computing,"Guiming Cao, Peng Meng, Jiangang Chen, Haishi Liu, Renji Bian, Chao Zhu, et al.",Advanced Functional Materials,2020-10-07,323,"Cellular, Synaptic, and Neuromorphic Foundations",brain-structure;machine-learning;brain-inspired-ai;neuromorphic-bci,10.1002/adfm.202005443,9611c82cb60c60cefe75a3decf3564a0f79bace6,https://doi.org/10.1002/adfm.202005443,Review,unknown,26,brain; synapse; artificial intelligence; machine learning; brain inspired; neuromorphic; explicit brain-structure/AI bridge,"The demand for computing power has been increasing exponentially since the emergence of artificial intelligence (AI), internet of things (IoT), and machine learning (ML), where novel computing primitives are required."
2020,Analytical characterization of liposomes and other lipid nanoparticles for drug delivery.,"Yuchen Fan, M. Marioli, Kelly Zhang",Journal of Pharmaceutical and Biomedical Analysis,2020-09-19,323,General Brain-AI Structure Reviews and Methods,brain-structure,10.1016/j.jpba.2020.113642,a8f6290085508a169f7a98a7c9b44818d1d72d26,https://doi.org/10.1016/j.jpba.2020.113642,Review; JournalArticle,unknown,1,brain,"Lipid nanoparticles, especially liposomes and lipid/nucleic acid complexed nanoparticles have shown great success in the pharmaceutical industry."
2020,Prefrontal cortex circuits in depression and anxiety: contribution of discrete neuronal populations and target regions,"Brendan D. Hare, R. Duman",Molecular Psychiatry,2020-02-21,323,"Cognitive Architectures, Learning, and Systems Neuroscience",brain-structure;clinical-neuroai,10.1038/s41380-020-0685-9,ec05505a63b9f26326e62fe6171b8250052905ad,https://doi.org/10.1038/s41380-020-0685-9,Review; JournalArticle,unknown,10,brain; cortex; neuron; brain/neural structure in title; historical computation/learning bridge,Our understanding of depression and its treatment has advanced with the advent of ketamine as a rapid-acting antidepressant and the development and refinement of tools capable of selectively altering the activity of populations of neuronal subtypes.
2020,Anosmia in COVID-19: Underlying Mechanisms and Assessment of an Olfactory Route to Brain Infection,"R. Butowt, C. V. von Bartheld",The Neuroscientist,2020-09-11,322,"Cellular, Synaptic, and Neuromorphic Foundations",brain-structure;neural-signals;clinical-neuroai,10.1177/1073858420956905,dd913ab9eac1bc81939fce3b28bbb8548841f0a8,https://doi.org/10.1177/1073858420956905,JournalArticle; Review,unknown,4,brain; brain/neural structure in title,In recent months it has emerged that the novel coronavirus-responsible for the COVID-19 pandemic-causes reduction of smell and taste in a large fraction of patients.
2020,Deep Learning for Multigrade Brain Tumor Classification in Smart Healthcare Systems: A Prospective Survey,"Khan Muhammad, Salman Khan, J. Ser, V. H. C. de Albuquerque",IEEE Transactions on Neural Networks and Learning Systems,2020-06-30,322,General Brain-AI Structure Reviews and Methods,brain-structure;connectome;machine-learning;deep-learning;neural-signals;clinical-neuroai,10.1109/TNNLS.2020.2995800,8f9d5f33413613c3ffd32841846adaf358dc05d5,https://doi.org/10.1109/TNNLS.2020.2995800,JournalArticle; Review,unknown,30,brain; ecog; neural; deep learning; neural network; classification; computational neuroscience; brain/neural structure in title; explicit brain-structure/AI bridge,"Brain tumor is one of the most dangerous cancers in people of all ages, and its grade recognition is a challenging problem for radiologists in health monitoring and automated diagnosis."
2020,EEG-Based Brain-Computer Interfaces (BCIs): A Survey of Recent Studies on Signal Sensing Technologies and Computational Intelligence Approaches and Their Applications,"Xiaotong Gu, Zehong Cao, A. Jolfaei, Peng Xu, Dongrui Wu, T. Jung, et al.",IEEE/ACM Transactions on Computational Biology & Bioinformatics,2020-01-28,322,Structural Neuroimaging and AI,brain-structure;connectome;machine-learning;deep-learning;decoding;neural-signals;neuromorphic-bci,10.1109/TCBB.2021.3052811,da05b15fe56532cd929598c7593f48a733e057a1,https://doi.org/10.1109/TCBB.2021.3052811,JournalArticle; Review,unknown,33,brain; eeg; machine learning; deep learning; computational neuroscience; brain-computer; bci; brain/neural structure in title; explicit brain-structure/AI bridge,Brain-Computer interfaces (BCIs) enhance the capability of human brain activities to interact with the environment.
2020,Microglia and Astrocyte Dysfunction in Parkinson's Disease,"T. Kam, J. Hinkle, T. Dawson, V. Dawson",Neurobiology of Disease,2020-07-28,322,"Cellular, Synaptic, and Neuromorphic Foundations",brain-structure;clinical-neuroai,10.1016/j.nbd.2020.105028,1a142aa218fc88977c69d7600a506c791a31f08d,https://doi.org/10.1016/j.nbd.2020.105028,Review; JournalArticle,unknown,2,brain; neuron,"While glia are essential for regulating the homeostasis in the normal brain, their dysfunction contributes to neurodegeneration in many brain diseases, including Parkinson's disease (PD)."
2020,Multimodal Abnormalities of Brain Structure and Function in Major Depressive Disorder: A Meta-Analysis of Neuroimaging Studies,"Jodie P. Gray, V. Müller, S. Eickhoff, P. Fox",American Journal of Psychiatry,2020-02-26,322,General Brain-AI Structure Reviews and Methods,brain-structure;neuroimaging;clinical-neuroai,10.1176/appi.ajp.2019.19050560,cdd8363c5b55b25a752ca48f428dde4fc08ac9b3,https://doi.org/10.1176/appi.ajp.2019.19050560,JournalArticle,unknown,7,brain; cortex; hippocampus; amygdala; brain/neural structure in title,Objective Imaging studies of major depressive disorder have reported structural and functional abnormalities in a variety of spatially diverse brain regions.
2020,The pathology of central nervous system inflammatory demyelinating disease accompanying myelin oligodendrocyte glycoprotein autoantibody,"R. Höftberger, Yong Guo, E. Flanagan, A. Lopez-Chiriboga, V. Endmayr, S. Hochmeister, et al.",Acta Neuropathologica,2020-02-11,322,Clinical NeuroAI and Brain Disorders,brain-structure;decoding;clinical-neuroai,10.1007/s00401-020-02132-y,1c2eb67762e01d2521bed544593e7206e38c8da4,https://doi.org/10.1007/s00401-020-02132-y,JournalArticle,unknown,2,brain; cortical,We sought to define the pathological features of myelin oligodendrocyte glycoprotein (MOG) antibody associated disorders (MOGAD) in an archival autopsy/biopsy cohort.
2020,What Is the Test-Retest Reliability of Common Task-Functional MRI Measures? New Empirical Evidence and a Meta-Analysis,"Maxwell Lorenz Elliott, A. Knodt, David Ireland, Meriwether L. Morris, R. Poulton, S. Ramrakha, et al.",Psychology Science,2020-06-03,321,General Brain-AI Structure Reviews and Methods,brain-structure;connectome;neuroimaging;clinical-neuroai,10.1177/0956797620916786,5d4fd43f7dfd3d3b4b0858e22f9f382e5640c83b,https://doi.org/10.1177/0956797620916786,JournalArticle; Review,unknown,4,brain; connectome; fmri; mri,Identifying brain biomarkers of disease risk is a growing priority in neuroscience.
2020,Astrocytes phagocytose adult hippocampal synapses for circuit homeostasis,"Joon-Hyuk Lee, Ji-Young Kim, Seulgi Noh, Hyoeun Lee, Se Young Lee, J. Mun, et al.",Nature,2020-12-23,320,"Cellular, Synaptic, and Neuromorphic Foundations",,10.1038/s41586-020-03060-3,cc191afe890235507de19d102ac1e876781e6b5f,https://doi.org/10.1038/s41586-020-03060-3,JournalArticle,unknown,1,synapse,
2020,Brain tumor segmentation and grading of lower-grade glioma using deep learning in MRI images,"M. Naser, M. Deen",Comput. Biol. Medicine,2020-06-01,320,Clinical NeuroAI and Brain Disorders,brain-structure;connectome;machine-learning;deep-learning;neuroimaging;clinical-neuroai,10.1016/j.compbiomed.2020.103758,c609582e5537ce8669eb7957ff6392734ad1f75c,https://doi.org/10.1016/j.compbiomed.2020.103758,JournalArticle,unknown,22,brain; mri; neural; deep learning; neural network; brain/neural structure in title; explicit brain-structure/AI bridge,Gliomas are the most common malignant brain tumors with different grades that highly determine the rate of survival in patients.
2020,Highly bioactive zeolitic imidazolate framework-8-capped nanotherapeutics for efficient reversal of reperfusion-induced injury in ischemic stroke,"Lizhen He, Guanning Huang, Hongxing Liu, Chengcheng Sang, Xinxin Liu, Tianfeng Chen",Science Advances,2020-03-01,319,General Brain-AI Structure Reviews and Methods,brain-structure;clinical-neuroai,10.1126/sciadv.aay9751,6c4520eaf2903e9b5f1699b7d463f71b40146566,https://doi.org/10.1126/sciadv.aay9751,JournalArticle,unknown,4,brain; cerebral; neuron; neural,Nanotherapeutics reverses reperfusion-induced injury in ischemic stroke.
2020,"Safety, Efficacy, and Feasibility of Intranasal Insulin for the Treatment of Mild Cognitive Impairment and Alzheimer Disease Dementia: A Randomized Clinical Trial.","S. Craft, R. Raman, T. Chow, M. Rafii, Chung-Kai Sun, R. Rissman, et al.",JAMA Neurology,2020-06-22,319,Clinical NeuroAI and Brain Disorders,brain-structure;neuroimaging;clinical-neuroai,10.1001/jamaneurol.2020.1840,0f287851c16be48f265f21f60b669e9b79c36698,https://doi.org/10.1001/jamaneurol.2020.1840,JournalArticle,unknown,1,brain,Importance Insulin modulates aspects of brain function relevant to Alzheimer disease and can be delivered to the brain using intranasal devices.
2020,Artificial Neural Networks for Neuroscientists: A Primer,"G. Yang, Xiao-Jing Wang",Neuron,2020-06-01,316,General Brain-AI Structure Reviews and Methods,brain-structure;connectome;machine-learning;deep-learning,10.1016/J.NEURON.2020.09.005,0ea77c0b9ce9959435a2b24dfd37d1bf1097d66b,https://doi.org/10.1016/J.NEURON.2020.09.005,Review; JournalArticle,unknown,22,brain; connectivity; neural; machine learning; neural network; brain/neural structure in title; explicit brain-structure/AI bridge,SUMMARY Artificial neural networks (ANNs) are essential tools in machine learning that have drawn increasing attention in neuroscience.
2020,"Exercise, diet and stress as modulators of gut microbiota: Implications for neurodegenerative diseases.","C. Gubert, Geraldine Kong, T. Renoir, A. Hannan",Neurobiology of Disease,2020-02-01,316,Clinical NeuroAI and Brain Disorders,brain-structure;clinical-neuroai,10.1016/j.nbd.2019.104621,6a2d3d61770dfb9ecab6eb14c7faf6e8f3ca80b2,https://doi.org/10.1016/j.nbd.2019.104621,Review; JournalArticle,unknown,2,brain; neuron,The last decade has witnessed an exponentially growing interest in gut microbiota and the gut-brain axis in health and disease.
2020,Microengineered human blood-brain barrier platform for understanding nanoparticle transport mechanisms,"Song Ih Ahn, Yoshitaka J. Sei, Hyun-Ji Park, Jinhwan Kim, Yujung Ryu, Jeongmoon J. Choi, et al.",Nature Communications,2020-01-10,316,"Connectomics, Graph Models, and Brain Networks",brain-structure;connectome,10.1038/s41467-019-13896-7,7036c416fb46a7c127dfa4604db59b2e7828543f,https://doi.org/10.1038/s41467-019-13896-7,JournalArticle,unknown,8,brain; brain/neural structure in title; historical computation/learning bridge,Challenges in drug development of neurological diseases remain mainly ascribed to the blood-brain barrier (BBB).
2020,The ABCD study: understanding the development of risk for mental and physical health outcomes,"N. Karcher, D. Barch",Neuropsychopharmacology,2020-06-15,316,General Brain-AI Structure Reviews and Methods,brain-structure;neuroimaging,10.1038/s41386-020-0736-6,606be2252047e81e622d2a6691f49a8ef0ff1905,https://doi.org/10.1038/s41386-020-0736-6,Review; JournalArticle,unknown,2,brain; neural,"Following in the footsteps of other large ""population neuroscience"" studies, the Adolescent Brain Cognitive Development℠ (ABCD) study is the largest in the U.S."
2020,A connectome of the Drosophila central complex reveals network motifs suitable for flexible navigation and context-dependent action selection,"B. Hulse, H. Haberkern, R. Franconville, D. Turner-Evans, Shin-ya Takemura, T. Wolff, et al.",bioRxiv,2020-12-09,315,"Connectomics, Graph Models, and Brain Networks",brain-structure;connectome;deep-learning,10.1101/2020.12.08.413955,563dd34de81e2c2157b071fbd617642a9a831eed,https://doi.org/10.1101/2020.12.08.413955,JournalArticle,unknown,16,brain; connectome; neuron; neural; neural network; explicit brain-structure/AI bridge,"Flexible behaviors over long timescales are thought to engage recurrent neural networks in deep brain regions, which are experimentally challenging to study."
2020,Since,"Nathan Seinen, Tōru Takemitsu, David Clarke, Y. U. Everett, Louis Andriessen, Ethan Haimo, et al.",Definitions,2020-02-07,315,General Brain-AI Structure Reviews and Methods,brain-structure;machine-learning;neuroimaging;clinical-neuroai,10.32388/7ve68v,da0ec7a6a09e240a7b49112bb7ae101975ea7a11,https://doi.org/10.32388/7ve68v,paper,unknown,4,brain; cerebral; cortex; neuron,"w (CBF) plays a critical role in the maintenance of neuronal integrity, and CBF alter- ationshavebeenlinkedtodeleteriouswhitematterchanges.AlthoughbothCBFandwhitemattermicrostructur-al alterations have been observed within the context of traumatic brain injury (TBI), the degree to which these pathological changes relate to one another and whether this association is altered by time since injury have not been examined."
2020,"Brain-inspired computing with memristors: Challenges in devices, circuits, and systems","Yang Zhang, Zhongrui Wang, Jiadi Zhu, Yuchao Yang, Mingyi Rao, Wenhao Song, et al.",Unknown venue,2020-01-16,314,"Cellular, Synaptic, and Neuromorphic Foundations",brain-structure;connectome;deep-learning;brain-inspired-ai;neuroimaging;neuromorphic-bci,10.1063/1.5124027,35469f2f76d1151bb211bc1472ccecab1f38a2d4,https://doi.org/10.1063/1.5124027,Review,unknown,23,brain; mri; neuron; neural; neural network; brain-inspired; brain/neural structure in title; explicit brain-structure/AI bridge,This article provides a review of current development and challenges in brain-inspired computing with memristors.
2020,Microvascular Dysfunction in Diabetes Mellitus and Cardiometabolic Disease.,"W. Horton, E. Barrett",Endocrine reviews,2020-10-30,313,General Brain-AI Structure Reviews and Methods,brain-structure,10.1210/endrev/bnaa025,7100c350fdbe91567a65f476f07d3b9206ec6855,https://doi.org/10.1210/endrev/bnaa025,JournalArticle; Review,unknown,2,brain; neural,This review takes an inclusive approach to microvascular dysfunction in diabetes mellitus and cardiometabolic disease.
2020,Regulation of blood-brain barrier integrity by microglia in health and disease: A therapeutic opportunity,"P. Ronaldson, T. Davis",Journal of Cerebral Blood Flow and Metabolism,2020-09-14,313,"Cellular, Synaptic, and Neuromorphic Foundations",brain-structure;clinical-neuroai,10.1177/0271678X20951995,4c81e31b3f5f07e838a5f34fd99755c4edeed8b7,https://doi.org/10.1177/0271678X20951995,Review; JournalArticle,unknown,9,brain; neuron; brain/neural structure in title; historical computation/learning bridge,The blood-brain barrier (BBB) is a critical regulator of CNS homeostasis.
2020,Type 3 Diabetes and Its Role Implications in Alzheimer's Disease,"T. Nguyen, Q. T. H. Ta, Thi Kim Oanh Nguyen, T. Nguyen, V. Giau",International Journal of Molecular Sciences,2020-04-30,313,Clinical NeuroAI and Brain Disorders,brain-structure;clinical-neuroai,10.3390/ijms21093165,7b94effb298751bdf731e2287fabd617282696f0,https://doi.org/10.3390/ijms21093165,Review; JournalArticle,unknown,1,brain,The exact connection between Alzheimer's disease (AD) and type 2 diabetes is still in debate.
2020,Outer Radial Glia-Like Cancer Stem Cells Contribute to Heterogeneity of Glioblastoma,"A. Bhaduri, Elizabeth Di Lullo, Diane Jung, Sören Müller, Elizabeth E. Crouch, Carmen Sandoval Espinosa, et al.",Cell Stem Cell,2020-01-01,312,General Brain-AI Structure Reviews and Methods,brain-structure,10.1016/j.stem.2019.11.015,92f8332551905e22b90b49298873028bfea5c271,https://doi.org/10.1016/j.stem.2019.11.015,JournalArticle,unknown,2,brain; cortex,Summary: Glioblastoma is a devastating form of brain cancer.
2020,Deep Multi-Scale 3D Convolutional Neural Network (CNN) for MRI Gliomas Brain Tumor Classification,"Hiba Mzoughi, Ines Njeh, A. Wali, M. Slima, A. BenHamida, C. Mhiri, et al.",Journal of digital imaging,2020-05-21,311,Structural Neuroimaging and AI,brain-structure;connectome;machine-learning;deep-learning;neuroimaging,10.1007/s10278-020-00347-9,b92853ee8bd5314b0457f3eae1aa17375f35477d,https://doi.org/10.1007/s10278-020-00347-9,JournalArticle,unknown,22,brain; mri; neural; neural network; classification; brain/neural structure in title; explicit brain-structure/AI bridge,
2020,Shared structural mechanisms of general anesthetics and benzodiazepines,"Jeong Joo Kim, A. Gharpure, J. Teng, Y. Zhuang, R. Howard, Shaotong Zhu, et al.",Nature,2020-09-01,311,"Cellular, Synaptic, and Neuromorphic Foundations",brain-structure;neural-signals;clinical-neuroai,10.1038/s41586-020-2654-5,3415483d85e90ce1a5f6a7619291ecc891a3fa4d,https://doi.org/10.1038/s41586-020-2654-5,JournalArticle,unknown,2,brain; neuron,Most general anaesthetics and classical benzodiazepine drugs act through positive modulation of γ-aminobutyric acid type A (GABAA) receptors to dampen neuronal activity in the brain1-5.
2020,Single-cell epigenomic analyses implicate candidate causal variants at inherited risk loci for Alzheimer's and Parkinson's diseases,"M. Corces, A. Shcherbina, Soumya Kundu, Michael J. Gloudemans, L. Frésard, Jeffrey M. Granja, et al.",Nature Genetics,2020-10-26,311,General Brain-AI Structure Reviews and Methods,brain-structure;machine-learning;clinical-neuroai,10.1038/s41588-020-00721-x,d13b94316a9758bd243d3daa45a35a51dc76c268,https://doi.org/10.1038/s41588-020-00721-x,JournalArticle,unknown,6,brain; neuron; historical computation/learning bridge,Genome-wide association studies of neurological diseases have identified thousands of variants associated with disease phenotypes.
2020,The NLRP3 inflammasome drives inflammation in ischemia/reperfusion injury after transient middle cerebral artery occlusion in mice.,"Maximilian Franke, Michael Bieber, P. Kraft, A. Weber, G. Stoll, Michael K. Schuhmann","Brain, behavior, and immunity",2020-12-08,311,"Cellular, Synaptic, and Neuromorphic Foundations",brain-structure;clinical-neuroai,10.1016/j.bbi.2020.12.009,f21db702b2504dc2ef19437431825c2a5b06c341,https://doi.org/10.1016/j.bbi.2020.12.009,JournalArticle,unknown,7,brain; cerebral; neuron; historical computation/learning bridge,"PURPOSE Cerebral ischemia induces a profound neuro-inflammatory response, but the underlying molecular mechanisms are poorly understood."
2020,A hierarchy of linguistic predictions during natural language comprehension,"Micha Heilbron, Kristijan Armeni, J. Schoffelen, P. Hagoort, Floris P. de Lange",bioRxiv,2020-12-03,310,Computational Neuroscience and Brain-Inspired AI,brain-structure;connectome;machine-learning;deep-learning;decoding,10.1073/pnas.2201968119,4b2d04556f7d3377998f4f236b57086a1be74f23,https://doi.org/10.1073/pnas.2201968119,JournalArticle,unknown,26,brain; neural; neural network; prediction; predictive; computational neuroscience; explicit brain-structure/AI bridge,"Understanding spoken language requires transforming ambiguous acoustic streams into a hierarchy of representations, from phonemes to meaning."
2020,EEG based multi-class seizure type classification using convolutional neural network and transfer learning,"S. Raghu, N. Sriraam, Y. Temel, S. V. Rao, P. Kubben",Neural Networks,2020-01-25,310,"Connectomics, Graph Models, and Brain Networks",brain-structure;connectome;machine-learning;deep-learning;neural-signals;clinical-neuroai,10.1016/j.neunet.2020.01.017,d3da7fe00d8a1767726e865256b62b081b2b8630,https://doi.org/10.1016/j.neunet.2020.01.017,JournalArticle,unknown,30,brain; cortical; connectivity; eeg; meg; ecog; neural network; support vector; classification; brain/neural structure in title; explicit brain-structure/AI bridge,Recognition of epileptic seizure type is essential for the neurosurgeon to understand the cortical connectivity of the brain.
2020,How Can Hearing Loss Cause Dementia?,"T. Griffiths, M. Lad, Sukhbinder Kumar, E. Holmes, B. McMurray, E. Maguire, et al.",Neuron,2020-08-21,310,"Cognitive Architectures, Learning, and Systems Neuroscience",brain-structure;clinical-neuroai,10.1016/j.neuron.2020.08.003,4af2be2ee215b7572b9467fbc1ad5ca7ff515b4f,https://doi.org/10.1016/j.neuron.2020.08.003,Review; JournalArticle,unknown,3,brain; cortex; neuron,"Summary Epidemiological studies identify midlife hearing loss as an independent risk factor for dementia, estimated to account for 9% of cases."
2020,Stress and the dopaminergic reward system,J. Baik,Experimental and Molecular Medicine,2020-12-01,310,General Brain-AI Structure Reviews and Methods,brain-structure,10.1038/s12276-020-00532-4,c18c61ee8f6d4b94e6a8f99fc846c09f1ae176d0,https://doi.org/10.1038/s12276-020-00532-4,Review; JournalArticle,unknown,2,brain; neuron,Dopamine regulates reward-related behavior through the mesolimbic dopaminergic pathway.
2020,TDP-43 proteinopathies: a new wave of neurodegenerative diseases,"E. D. de Boer, Viyanti K Orie, T. Williams, M. Baker, H. M. De Oliveira, T. Polvikoski, et al.",Journal of Neurology Neurosurgery & Psychiatry,2020-11-11,310,General Brain-AI Structure Reviews and Methods,brain-structure;clinical-neuroai,10.1136/jnnp-2020-322983,3fd93dd1e03e903baf471c3fa397690997e58b2c,https://doi.org/10.1136/jnnp-2020-322983,Review; JournalArticle,unknown,2,brain; neuron,Inclusions of pathogenic deposits containing TAR DNA-binding protein 43 (TDP-43) are evident in the brain and spinal cord of patients that present across a spectrum of neurodegenerative diseases.
2020,Innovations present in the primate interneuron repertoire,"Fenna M. Krienen, Melissa Goldman, Qiangge Zhang, Ricardo C. H. del Rosario, Marta Florio, R. Machold, et al.",Nature,2020-09-30,309,"Cellular, Synaptic, and Neuromorphic Foundations",,10.1038/s41586-020-2781-z,d2a4e8d7ff76d5d067f060c2aed6185809060249,https://doi.org/10.1038/s41586-020-2781-z,JournalArticle,unknown,1,neuron,
2020,A management algorithm for adult patients with both brain oxygen and intracranial pressure monitoring: the Seattle International Severe Traumatic Brain Injury Consensus Conference (SIBICC),"R. Chesnut, S. Aguilera, A. Buki, E. Bulger, G. Citerio, D. Cooper, et al.",Intensive Care Medicine,2020-01-21,308,Clinical NeuroAI and Brain Disorders,brain-structure;clinical-neuroai,10.1007/s00134-019-05900-x,e5cb88d82b356325cd2baf6cff0698c51d6a69e8,https://doi.org/10.1007/s00134-019-05900-x,JournalArticle,unknown,8,brain; brain/neural structure in title; historical computation/learning bridge,"Background Current guidelines for the treatment of adult severe traumatic brain injury (sTBI) consist of high-quality evidence reports, but they are no longer accompanied by management protocols, as these require expert opinion to bridge the gap between published evidence and patient care."
2020,Brain control of humoral immune responses amenable to behavioural modulation,"Xu Zhang, Bo Lei, Yuan Yuan, Li Zhang, Lu Hu, Sen Jin, et al.",Nature,2020-04-29,308,General Brain-AI Structure Reviews and Methods,brain-structure,10.1038/s41586-020-2235-7,bb324c8857ca7a4cd4d1e33fcee09b282e80eb23,https://doi.org/10.1038/s41586-020-2235-7,JournalArticle,unknown,4,brain; brain/neural structure in title,
2020,CAR T Cell Therapy for Solid Tumors: Bright Future or Dark Reality?,"Jessica Wagner, Elizabeth Wickman, C. Derenzo, S. Gottschalk",Molecular Therapy,2020-09-16,308,Clinical NeuroAI and Brain Disorders,brain-structure;clinical-neuroai,10.1016/j.ymthe.2020.09.015,b3119b3320f4984e03fe82673f5539cd1ccde976,https://doi.org/10.1016/j.ymthe.2020.09.015,Review; JournalArticle,unknown,1,brain,Chimeric antigen receptor (CAR) T cell therapy has garnered significant excitement due to its success for hematological malignancies in clinical studies leading to the US Food and Drug Administration (FDA) approval of three CD19-targeted CAR T cell products.
2020,An integrated multi-omics approach identifies epigenetic alterations associated with Alzheimer's disease,"Raffaella Nativio, Y. Lan, G. Donahue, Simone Sidoli, Amit Berson, Ananth R. Srinivasan, et al.",Nature Genetics,2020-09-28,307,Clinical NeuroAI and Brain Disorders,brain-structure;clinical-neuroai,10.1038/s41588-020-0696-0,6be9cfd4b7513ff30f86531d75859032718fd73f,https://doi.org/10.1038/s41588-020-0696-0,JournalArticle,unknown,5,brain; historical computation/learning bridge,"Protein aggregation is the hallmark of neurodegeneration, but the molecular mechanisms underlying late-onset Alzheimer's disease (AD) are unclear."
2020,CREB and BDNF: Neurobiology and treatment of Alzheimer's disease.,"M. Amidfar, Jade de Oliveira, E. Kucharska, J. Budni, Yong-Ku Kim",Life Science,2020-06-27,307,Clinical NeuroAI and Brain Disorders,brain-structure;clinical-neuroai,10.1016/j.lfs.2020.118020,617150dbc79e5bc4b3726954d583da68b75a17b1,https://doi.org/10.1016/j.lfs.2020.118020,Review; JournalArticle,unknown,1,brain,Alzheimer's disease (AD) is the most common form of dementia worldwide.
2020,Metagenome-wide association of gut microbiome features for schizophrenia,"Feng Zhu, Yanmei Ju, Wei Wang, Qi Wang, Ruijin Guo, Qingyan Ma, et al.",Nature Communications,2020-03-31,307,"Brain Decoding, Representation Learning, and BCI",brain-structure;machine-learning;clinical-neuroai,10.1038/s41467-020-15457-9,88c2817df2df90533febdffc7f39b06b1e26eb9b,https://doi.org/10.1038/s41467-020-15457-9,JournalArticle,unknown,5,brain; historical computation/learning bridge,Evidence is mounting that the gut-brain axis plays an important role in mental diseases fueling mechanistic investigations to provide a basis for future targeted interventions.
2020,The role of TDP-43 propagation in neurodegenerative diseases: integrating insights from clinical and experimental studies,"Myungjin Jo, Shinrye Lee, Yu-Mi Jeon, Seyeon Kim, Younghwi Kwon, Hyung-Jun Kim",Experimental and Molecular Medicine,2020-10-01,307,Clinical NeuroAI and Brain Disorders,brain-structure;clinical-neuroai,10.1038/s12276-020-00513-7,85049dd5b76dbbc4cb8a8353c57517b7f288235a,https://doi.org/10.1038/s12276-020-00513-7,Review; JournalArticle,unknown,1,brain,TAR DNA-binding protein 43 (TDP-43) is a highly conserved nuclear RNA/DNA-binding protein involved in the regulation of RNA processing.
2020,Complement in neurological disorders and emerging complement-targeted therapeutics,"M. Dalakas, H. Alexopoulos, P. Spaeth",Nature Reviews Neurology,2020-10-01,306,Clinical NeuroAI and Brain Disorders,brain-structure;connectome;clinical-neuroai,10.1038/s41582-020-0400-0,aed8fb52e885e392ba34c670ae29cfdf15bd749b,https://doi.org/10.1038/s41582-020-0400-0,Review; JournalArticle,unknown,5,brain; historical computation/learning bridge,The complement system consists of a network of plasma and membrane proteins that modulate tissue homeostasis and contribute to immune surveillance by interacting with the innate and adaptive immune systems.
2020,Irritable bowel syndrome,"A. Ford, A. Sperber, M. Corsetti, M. Camilleri",The Lancet,2020-10-09,306,Clinical NeuroAI and Brain Disorders,brain-structure;clinical-neuroai,10.1016/S0140-6736(20)31548-8,6e174b54f403a88b8b165c2ff735a442d7f7e70d,https://doi.org/10.1016/S0140-6736(20)31548-8,Review; JournalArticle,unknown,1,brain,Irritable bowel syndrome is a functional gastrointestinal disorder with symptoms including abdominal pain associated with a change in stool form or frequency.
2020,Molecular adaptations of the blood-brain barrier promote stress resilience vs. depression,"K. Dudek, Laurence Dion-Albert, M. Lebel, Katherine B Leclair, S. Labrecque, Ellen Tuck, et al.",Proceedings of the National Academy of Sciences of the United States of America,2020-01-23,305,Clinical NeuroAI and Brain Disorders,brain-structure;clinical-neuroai,10.1073/pnas.1914655117,6bc7379babaf2fe2e09aaabb6875b25a79b8204c,https://doi.org/10.1073/pnas.1914655117,JournalArticle,unknown,4,brain; brain/neural structure in title,"Significance Thirty to fifty percent of depressed individuals are unresponsive to commonly prescribed antidepressant treatments, suggesting that biological mechanisms, such as stress-induced inflammation and blood vessel dysfunction, remain untreated."
2020,Neurodegeneration and Inflammation-An Interesting Interplay in Parkinson's Disease,"Chrysoula Marogianni, Maria Sokratous, E. Dardiotis, G. Hadjigeorgiou, D. Bogdanos, G. Xiromerisiou",International Journal of Molecular Sciences,2020-11-01,305,Clinical NeuroAI and Brain Disorders,brain-structure;clinical-neuroai,10.3390/ijms21228421,10aadf3875ecfe7e68ccbff95487cb50057332db,https://doi.org/10.3390/ijms21228421,Review; JournalArticle,unknown,6,brain; neuron; historical computation/learning bridge,"Parkinson's disease (PD) is a neurodegenerative disorder, caused by, so far, unknown pathogenetic mechanisms."
2020,The Effects of Age-Related Hearing Loss on the Brain and Cognitive Function.,"K. Slade, C. Plack, H. Nuttall",Trends in Neurosciences,2020-08-19,305,"Cognitive Architectures, Learning, and Systems Neuroscience",brain-structure;connectome;clinical-neuroai,10.1016/j.tins.2020.07.005,7704b5e2aaf0ef2c12abc5a61541d6ce1482f54b,https://doi.org/10.1016/j.tins.2020.07.005,Review; JournalArticle,unknown,7,brain; cortex; cortical; neural; brain/neural structure in title,"Age-related hearing loss (ARHL) is a common problem for older adults, leading to communication difficulties, isolation, and cognitive decline."
2020,Gut-brain Axis and migraine headache: a comprehensive review,"M. Arzani, S. R. Jahromi, Zeinab Ghorbani, F. Vahabizad, P. Martelletti, A. Ghaemi, et al.",The Journal of Headache and Pain,2020-02-13,304,Structural Neuroimaging and AI,brain-structure;neuroimaging;neural-signals;clinical-neuroai,10.1186/s10194-020-1078-9,6ff20fba3a80148a4561d3985f29ee39b1af7178,https://doi.org/10.1186/s10194-020-1078-9,Review; JournalArticle,unknown,5,brain; meg; brain/neural structure in title,"The terminology ""gut-brain axis ""points out a bidirectional relationship between the GI system and the central nervous system (CNS)."
2020,M6A demethylase ALKBH5 selectively promotes tumorigenesis and cancer stem cell self-renewal in acute myeloid leukemia,"Chao Shen, Yue Sheng, Allen C. Zhu, S. Robinson, Xi Jiang, Lei Dong, et al.",Cell Stem Cell,2020-05-10,304,Clinical NeuroAI and Brain Disorders,brain-structure;clinical-neuroai,10.1016/j.stem.2020.04.009,a5d448eedeed6e4d92baa4d4fb2bd91c5c3f3eb5,https://doi.org/10.1016/j.stem.2020.04.009,JournalArticle,unknown,1,brain,"SUMMARY N6-methyladenosine (m6A), the most abundant internal modification in mRNA, has been implicated in tumorigenesis."
2020,Machine learning analysis of whole mouse brain vasculature,"M. Todorov, J. Paetzold, Oliver Schoppe, Giles Tetteh, Suprosanna Shit, Velizar Efremov, et al.",Nature Methods,2020-03-11,304,Structural Neuroimaging and AI,brain-structure;connectome;machine-learning;deep-learning;neuroimaging,10.1038/s41592-020-0792-1,786e1a7288023b88f2cde65058ffdfbbc40fbc9d,https://doi.org/10.1038/s41592-020-0792-1,JournalArticle,unknown,31,brain; cerebrum; brainstem; neural; machine learning; deep learning; neural network; computational neuroscience; brain/neural structure in title; explicit brain-structure/AI bridge,Tissue clearing methods enable the imaging of biological specimens without sectioning.
2020,Phosphorylated tau interactome in the human Alzheimer's disease brain,"Eleanor Drummond, Geoffrey Pires, Claire MacMurray, M. Askenazi, Shruti D Nayak, M. Bourdon, et al.",Brain : a journal of neurology,2020-08-19,304,"Cellular, Synaptic, and Neuromorphic Foundations",brain-structure;clinical-neuroai,10.1002/alz.045492,d1b5d89923358b952f3c4fc4d50987046f27a8cc,https://doi.org/10.1002/alz.045492,JournalArticle,unknown,5,brain; neuron; brain/neural structure in title,Accumulation of phosphorylated tau (pTau) is a key pathological feature of Alzheimer's disease (AD).
2020,Mitochondrial ubiquinol oxidation is necessary for tumor growth,"I. Martínez-Reyes, Luzivette Robles Cardona, Hyewon Kong, K. Vasan, Gregory S. McElroy, Marie Werner, et al.",Nature,2020-07-08,303,"Cellular, Synaptic, and Neuromorphic Foundations",brain-structure,10.1038/s41586-020-2475-6,0abcbe619678aa962499773d4c6db4c3ba2c6fae,https://doi.org/10.1038/s41586-020-2475-6,JournalArticle,unknown,1,brain,The mitochondrial electron transport chain (ETC) is necessary for tumour growth1-6 and its inhibition has demonstrated anti-tumour efficacy in combination with targeted therapies7-9.
2020,"Neuroinvasion, neurotropic, and neuroinflammatory events of SARS-CoV-2: understanding the neurological manifestations in COVID-19 patients","Yassine Yachou, A. El Idrissi, Vladimir Belapasov, S. Ait Benali",Neurological Sciences,2020-07-28,302,Clinical NeuroAI and Brain Disorders,brain-structure;clinical-neuroai,10.1007/s10072-020-04575-3,955b7f0fe80a4e339552d7d56c82950320d218b5,https://doi.org/10.1007/s10072-020-04575-3,Review; JournalArticle,unknown,5,brain; historical computation/learning bridge,"Respiratory viruses are opportunistic pathogens that infect the upper respiratory tract in humans and cause severe illnesses, especially in vulnerable populations."
2020,[EXPRESS] Trigeminal Neuralgia: an overview from pathophysiology to pharmacological treatments.,"Eder Gambeta, J. Chichorro, Gerald W Zamponi",Molecular Pain,2020-01-07,301,"Cellular, Synaptic, and Neuromorphic Foundations",brain-structure;clinical-neuroai,10.1177/1744806920901890,3b10953f85e67b8de80f1931884e42669438bcb1,https://doi.org/10.1177/1744806920901890,JournalArticle; Review,unknown,8,brain; thalamus; brainstem; neuron; neural; brain/neural structure in title,The trigeminal nerve (V) is the fifth and largest of all cranial nerves and it is responsible for detecting sensory stimuli that arise from the craniofacial area.
2020,"ALS Genetics: Gains, Losses, and Implications for Future Therapies","Garam Kim, Olivia Gautier, Eduardo Tassoni-Tsuchida, X. Ma, Aaron D. Gitler",Neuron,2020-09-05,301,General Brain-AI Structure Reviews and Methods,brain-structure;clinical-neuroai,10.1016/j.neuron.2020.08.022,931dcb38a3f474461f7a3f5735f3dc623b4b1b88,https://doi.org/10.1016/j.neuron.2020.08.022,Review; JournalArticle,unknown,6,brain; neuron; historical computation/learning bridge,Amyotrophic lateral sclerosis (ALS) is a fatal neurodegenerative disorder caused by loss of motor neurons from the brain and spinal cord.
2020,Emotions and brain function are altered up to one month after a single high dose of psilocybin,"F. Barrett, Manoj K. Doss, N. Sepeda, J. Pekar, R. Griffiths",Scientific Reports,2020-02-10,301,"Cellular, Synaptic, and Neuromorphic Foundations",brain-structure,10.1038/s41598-020-59282-y,53c2d0934ef62534edc2be8db85ecac08742df5b,https://doi.org/10.1038/s41598-020-59282-y,JournalArticle,unknown,7,brain; cortex; amygdala; neural; brain/neural structure in title,Psilocybin is a classic psychedelic compound that may have efficacy for the treatment of mood and substance use disorders.
2020,Neuromorphic Engineering: From Biological to Spike-Based Hardware Nervous Systems,"Jia-Qin Yang, Ruopeng Wang, Yi Ren, Jing-Yu Mao, Zhan-Peng Wang, Ye Zhou, et al.",Advances in Materials,2020-11-09,301,"Cellular, Synaptic, and Neuromorphic Foundations",brain-structure;connectome;deep-learning;neural-signals;neuromorphic-bci,10.1002/adma.202003610,95f59b41655e16b56e525b48a7cea3bedc23be6a,https://doi.org/10.1002/adma.202003610,Review; JournalArticle,unknown,24,brain; neuron; neural; synapse; artificial intelligence; neural network; neuromorphic; explicit brain-structure/AI bridge,"The human brain is a sophisticated, high-performance biocomputer that processes multiple complex tasks in parallel with high efficiency and remarkably low power consumption."
2020,SARS-CoV-2 infects human neural progenitor cells and brain organoids,"Bao-Zhong Zhang, Hin Chu, Shuo Han, H. Shuai, Jian Deng, Ye-fan Hu, et al.",Cell Research,2020-08-04,301,"Cellular, Synaptic, and Neuromorphic Foundations",brain-structure;connectome;clinical-neuroai,10.1038/s41422-020-0390-x,9ff58a408e3cc5c2d2c70deb058efa996c537700,https://doi.org/10.1038/s41422-020-0390-x,LettersAndComments,unknown,13,brain; cerebral; cortex; cortical; neuron; neural; brain/neural structure in title; historical computation/learning bridge,"Dear Editor, Coronavirus disease 2019 (COVID-19) caused by the novel severe acute respiratory syndrome coronavirus 2 (SARS-CoV-2) has resulted in over 13 million confirmed cases and more than 580,045 deaths across 218 countries and geographical regions as of July 16, 2020."
2020,A Path Toward Precision Medicine for Neuroinflammatory Mechanisms in Alzheimer's Disease,"H. Hampel, F. Caraci, A. Cuello, Giuseppe Caruso, R. Nisticò, M. Corbo, et al.",Frontiers in Immunology,2020-03-31,300,Clinical NeuroAI and Brain Disorders,brain-structure;neuroimaging;clinical-neuroai,10.3389/fimmu.2020.00456,2beecb79c0f7b54c631fcc3e11101d32401c540b,https://doi.org/10.3389/fimmu.2020.00456,Review; JournalArticle,unknown,1,brain,Neuroinflammation commences decades before Alzheimer's disease (AD) clinical onset and represents one of the earliest pathomechanistic alterations throughout the AD continuum.
2020,Evolution of blood-brain barrier in brain diseases and related systemic nanoscale brain-targeting drug delivery strategies,"Liang Han, Chen Jiang",Acta Pharmaceutica Sinica B,2020-12-31,300,Clinical NeuroAI and Brain Disorders,brain-structure;clinical-neuroai,10.1016/j.apsb.2020.11.023,6d37f9d28a5436ab1ef4f3c7b87049b17aa387ca,https://doi.org/10.1016/j.apsb.2020.11.023,Review; JournalArticle,unknown,4,brain; brain/neural structure in title,"Blood-brain barrier (BBB) strictly controls matter exchange between blood and brain, and severely limits brain penetration of systemically administered drugs, resulting in ineffective drug therapy of brain diseases."
2020,Sex Differences in Gene Expression and Regulatory Networks across 29 Human Tissues.,"C. Lopes-Ramos, Cho-Yi Chen, M. Kuijjer, J. Paulson, Abhijeet R. Sonawane, M. Fagny, et al.",Cell Reports,2020-06-01,300,Clinical NeuroAI and Brain Disorders,brain-structure;connectome;clinical-neuroai,10.1016/j.celrep.2020.107795,c5b668fe56a1d10bdb0752849c6a351e4227b4e5,https://doi.org/10.1016/j.celrep.2020.107795,JournalArticle,unknown,1,brain,Sex differences manifest in many diseases and may drive sex-specific therapeutic responses.
2020,The SARS-CoV-2 spike protein alters barrier function in 2D static and 3D microfluidic in-vitro models of the human blood-brain barrier,"Tetyana P. Buzhdygan, Brandon J. DeOre, Abigail Baldwin-Leclair, Trent A. Bullock, Hannah M. McGary, Jana A. Khan, et al.",Neurobiology of Disease,2020-10-11,300,"Cellular, Synaptic, and Neuromorphic Foundations",brain-structure;neural-signals;clinical-neuroai,10.1016/j.nbd.2020.105131,2b878d278fb1c24af4202990900ee64a1ea11365,https://doi.org/10.1016/j.nbd.2020.105131,JournalArticle,unknown,11,brain; cerebral; cortex; ecog; brain/neural structure in title; historical computation/learning bridge,"As researchers across the globe have focused their attention on understanding SARS-CoV-2, the picture that is emerging is that of a virus that has serious effects on the vasculature in multiple organ systems including the cerebral vasculature."
2020,Alzheimer's Disease and Vascular Aging,"M. Cortes-Canteli, C. Iadecola",Journal of the American College of Cardiology,2020-03-01,299,Clinical NeuroAI and Brain Disorders,brain-structure;clinical-neuroai,10.1016/j.jacc.2019.10.062,120f0bcb8bc0ff5f952a6330e138b4443024e4c5,https://doi.org/10.1016/j.jacc.2019.10.062,Review; JournalArticle,unknown,2,brain; cerebral,"Alzheimer's disease, the leading cause of dementia in the elderly, is a neurodegenerative condition characterized by accumulation of amyloid plaques and neurofibrillary tangles in the brain."
2020,Composition of Gut Microbiota in Children with Autism Spectrum Disorder: A Systematic Review and Meta-Analysis,"Lucía Iglesias-Vázquez, Georgette Van Ginkel Riba, V. Arija, J. Canals",Nutrients,2020-03-01,298,General Brain-AI Structure Reviews and Methods,brain-structure,10.3390/nu12030792,2a236d81f080075d6ece52800d82a4cd59f7a3d2,https://doi.org/10.3390/nu12030792,Review; JournalArticle,unknown,1,brain,Background: Autism spectrum disorder (ASD) is a public health problem and has a prevalence of 0.6%-1.7% in children.
2020,Delirium and encephalopathy in severe COVID-19: a cohort analysis of ICU patients,"J. Helms, S. Kremer, H. Merdji, M. Schenck, F. Séverac, Raphaël Clere-Jehl, et al.",Critical Care,2020-08-08,298,Structural Neuroimaging and AI,brain-structure;connectome;neuroimaging;neural-signals;clinical-neuroai,10.1186/s13054-020-03200-1,96f018e505a2a7b823f7bd1e17f437d3179daa77,https://doi.org/10.1186/s13054-020-03200-1,JournalArticle,unknown,2,brain; mri,Background Neurotropism of SARS-CoV-2 and its neurological manifestations have now been confirmed.
2020,Early diagnosis of Parkinson's disease using machine learning algorithms.,Zehra Karapinar Senturk,Medical Hypotheses,2020-01-27,298,Clinical NeuroAI and Brain Disorders,brain-structure;connectome;machine-learning;deep-learning;neural-signals;clinical-neuroai,10.1016/j.mehy.2020.109603,5052fb571e67d1f73c2f4b4453a3abb2b34652cc,https://doi.org/10.1016/j.mehy.2020.109603,JournalArticle,unknown,27,brain; ecog; neural; machine learning; neural network; support vector; classification; explicit brain-structure/AI bridge,"Parkinson's disease is caused by the disruption of the brain cells that produce substance to allow brain cells to communicate with each other, called dopamine."
2020,The Dreem Headband compared to polysomnography for electroencephalographic signal acquisition and sleep staging,"P. Arnal, Valentin Thorey, Eden Debellemanière, M. E. Ballard, Albert Bou Hernandez, Antoine Guillot, et al.",Sleep,2020-05-20,298,Structural Neuroimaging and AI,brain-structure;connectome;neuroimaging;neural-signals;clinical-neuroai,10.1093/sleep/zsaa097,e5de70c987b4acc13e86c55f4df90d003df249a5,https://doi.org/10.1093/sleep/zsaa097,JournalArticle,unknown,7,brain; eeg; meg; historical computation/learning bridge,Abstract Study Objectives The development of ambulatory technologies capable of monitoring brain activity during sleep longitudinally is critical for advancing sleep science.
2020,The Role of Mitochondria in Neurodegenerative Diseases: the Lesson from Alzheimer's Disease and Parkinson's Disease,"G. Monzio Compagnoni, A. di Fonzo, S. Corti, G. Comi, N. Bresolin, E. Masliah",Molecular Neurobiology,2020-05-22,298,Clinical NeuroAI and Brain Disorders,brain-structure;clinical-neuroai,10.1007/s12035-020-01926-1,6e0b8813cc1784caf047db8772085b3cfb87e754,https://doi.org/10.1007/s12035-020-01926-1,Review; JournalArticle,unknown,1,brain,"Although the pathogenesis of neurodegenerative diseases is still widely unclear, various mechanisms have been proposed and several pieces of evidence are supportive for an important role of mitochondrial dysfunction."
2020,Common and distinct patterns of intrinsic brain activity alterations in major depression and bipolar disorder: voxel-based meta-analysis,"Jiaying Gong, Junjing Wang, S. Qiu, Pan Chen, Zhenye Luo, Jurong Wang, et al.",Translational Psychiatry,2020-10-19,297,General Brain-AI Structure Reviews and Methods,brain-structure;neuroimaging;clinical-neuroai,10.1038/s41398-020-01036-5,d09a3bae066f29352711e878059cd2342fff1fc4,https://doi.org/10.1038/s41398-020-01036-5,Review; JournalArticle,unknown,8,brain; cortex; cerebellum; fmri; mri; brain/neural structure in title,Identification of intrinsic brain activity differences and similarities between major depression (MDD) and bipolar disorder (BD) is necessary.
2020,Nanocarrier-based drug combination therapy for glioblastoma,"Mengnan Zhao, Demian van Straten, M. Broekman, V. Préat, R. Schiffelers",Theranostics,2020-01-01,297,Clinical NeuroAI and Brain Disorders,brain-structure;clinical-neuroai,10.7150/thno.38147,df9e326d218602457c2e94b50450b07598cf3ef7,https://doi.org/10.7150/thno.38147,Review; JournalArticle,unknown,1,brain,"The current achievements in treating glioblastoma (GBM) patients are not sufficient because many challenges exist, such as tumor heterogeneity, the blood brain barrier, glioma stem cells, drug efflux pumps and DNA damage repair mechanisms."
2020,Neurological Involvement in COVID-19 and Potential Mechanisms: A Review,"Ghazal Aghagoli, B. Gallo Marin, Nicole J. Katchur, F. Chaves-Sell, Wael Asaad, S. Murphy",Neurocritical Care,2020-07-13,297,General Brain-AI Structure Reviews and Methods,brain-structure;clinical-neuroai,10.1007/s12028-020-01049-4,f09312bec50dc756ea1122f09b52b5fd251e9d85,https://doi.org/10.1007/s12028-020-01049-4,Review; JournalArticle,unknown,3,brain; cerebral; neuron,"As the current understanding of COVID-19 continues to evolve, a synthesis of the literature on the neurological impact of this novel virus may help inform clinical management and highlight potentially important avenues of investigation."
2020,Updated nomenclature of delirium and acute encephalopathy: statement of ten Societies,"A. Slooter, W. Otte, J. W. Devlin, J. W. Devlin, R. Arora, T. Bleck, et al.",Intensive Care Medicine,2020-02-13,297,Clinical NeuroAI and Brain Disorders,brain-structure;machine-learning;clinical-neuroai,10.1007/s00134-019-05907-4,6226576e1ce784b946af979c8f77b39dd7710c3d,https://doi.org/10.1007/s00134-019-05907-4,JournalArticle,unknown,13,brain; classification; explicit brain-structure/AI bridge,"Segregation of published research Patients with an acute illness frequently acquire an acute, global disturbance in cognition variably referred to as delirium, encephalopathy, acute confusional state, acute brain dysfunction, acute brain failure, and altered mental status [1]."
2020,Using Brain Imaging to Improve Spatial Targeting of Transcranial Magnetic Stimulation for Depression.,"R. Cash, A. Weigand, A. Zalesky, S. Siddiqi, J. Downar, P. Fitzgerald, et al.",Biological Psychiatry,2020-06-01,297,General Brain-AI Structure Reviews and Methods,brain-structure;connectome;neuroimaging;clinical-neuroai;neuromorphic-bci,10.1016/j.biopsych.2020.05.033,1dfdc4bd3d76db1c205616281128e8f3363f58d3,https://doi.org/10.1016/j.biopsych.2020.05.033,Review; JournalArticle,unknown,6,brain; cortex; connectivity; brain/neural structure in title,Transcranial magnetic stimulation (TMS) is an effective treatment for depression but is limited in that the optimal therapeutic target remains unknown.
2020,Extracellular Vesicle-Mediated Delivery of Circular RNA SCMH1 Promotes Functional Recovery in Rodent and Nonhuman Primate Ischemic Stroke Models,"Li Yang, B. Han, Zhiting Zhang, Shuguo Wang, Ying Bai, Yuan Zhang, et al.",Circulation,2020-04-17,296,"Cellular, Synaptic, and Neuromorphic Foundations",brain-structure;clinical-neuroai,10.1161/CIRCULATIONAHA.120.045765,e0a2e21aadd3f9b30a1865c3b23c68fbbb9de473,https://doi.org/10.1161/CIRCULATIONAHA.120.045765,JournalArticle,unknown,7,brain; cortex; neuron; historical computation/learning bridge,Supplemental Digital Content is available in the text.
2020,Semiconductor Quantum Dots for Memories and Neuromorphic Computing Systems.,"Ziyu Lv, Yan Wang, Jingrui Chen, Junjie Wang, Ye Zhou, Su-Ting Han",Chemical Reviews,2020-03-23,296,"Cellular, Synaptic, and Neuromorphic Foundations",brain-structure;brain-inspired-ai;neuroimaging;neuromorphic-bci,10.1021/acs.chemrev.9b00730,3ddb1f89ce6f9f18a07d30ebe87aeacead57943f,https://doi.org/10.1021/acs.chemrev.9b00730,JournalArticle; Review,unknown,19,brain; mri; synapse; brain-inspired; neuromorphic; explicit brain-structure/AI bridge,The continued growth in the demand of data storage and processing has spurred the development of high-performance storage technologies and brain-inspired neuromorphic hardware.
2020,Brain Malignancies: Cancer Cell Trafficking in and out of the Niches.,"T. Lah, M. Novak, B. Breznik",Seminars in Cancer Biology,2020-02-01,295,"Cellular, Synaptic, and Neuromorphic Foundations",brain-structure;clinical-neuroai,10.1016/j.semcancer.2019.10.010,c71416bc1049d22b49dba539aa9ec0988e9d8d38,https://doi.org/10.1016/j.semcancer.2019.10.010,Review; JournalArticle,unknown,4,brain; brain/neural structure in title,"Brain, the major organ of the central nervous system controls and processes most of our body activities and therefore the most aggressive brain tumor - glioblastoma and metastases from other organs to the bran are lethal, leaving the patients with very low survival time."
2020,Functional brain architecture is associated with the rate of tau accumulation in Alzheimer's disease,"N. Franzmeier, J. Neitzel, A. Rubinski, Ruben Smith, O. Strandberg, R. Ossenkoppele, et al.",Nature Communications,2020-01-17,295,"Connectomics, Graph Models, and Brain Networks",brain-structure;connectome;neuroimaging;clinical-neuroai,10.1038/s41467-019-14159-1,58f81632017d9102f0fd71f7fabe0caaf0da9529,https://doi.org/10.1038/s41467-019-14159-1,JournalArticle,unknown,12,brain; connectivity; fmri; mri; neuron; brain/neural structure in title; historical computation/learning bridge,"In Alzheimer's diseases (AD), tau pathology is strongly associated with cognitive decline."
2020,Molecular Heterogeneity and Immunosuppressive Microenvironment in Glioblastoma,"Syreeta DeCordova, A. Shastri, Anthony G Tsolaki, Hadida Yasmin, Lukas Klein, Shiv K. Singh, et al.",Frontiers in Immunology,2020-07-17,295,Clinical NeuroAI and Brain Disorders,brain-structure;clinical-neuroai,10.3389/fimmu.2020.01402,3df04f22554b5cf91d800825a3dd7c81a2c059c3,https://doi.org/10.3389/fimmu.2020.01402,Review; JournalArticle,unknown,1,brain,"Glioblastoma (GBM) is the most aggressive primary brain tumor in adults, with a poor prognosis, despite surgical resection combined with radio- and chemotherapy."
2020,Noninvasive hippocampal blood−brain barrier opening in Alzheimer's disease with focused ultrasound,"A. Rezai, M. Ranjan, Pierre F D'Haese, Pierre F D'Haese, M. Haut, J. Carpenter, et al.",Proceedings of the National Academy of Sciences of the United States of America,2020-04-13,295,Clinical NeuroAI and Brain Disorders,brain-structure;neuroimaging;clinical-neuroai,10.1073/pnas.2002571117,7ca9cec5cd0475d75500068abe0565bbfe9fe988,https://doi.org/10.1073/pnas.2002571117,JournalArticle,unknown,7,brain; cortex; hippocampus; mri; brain/neural structure in title,The blood-brain barrier (BBB) presents a significant challenge for treating brain disorders.
2020,Pediatric low-grade glioma in the era of molecular diagnostics,"S. Ryall, U. Tabori, C. Hawkins",Acta Neuropathologica Communications,2020-03-12,295,Clinical NeuroAI and Brain Disorders,brain-structure;clinical-neuroai,10.1186/s40478-020-00902-z,b7729c10c4a714e19b975d114fb2bccc7862069d,https://doi.org/10.1186/s40478-020-00902-z,Review; JournalArticle,unknown,1,brain,Low grade gliomas are the most frequent brain tumors in children and encompass a spectrum of histologic entities which are currently assigned World Health Organisation grades I and II.
2020,The impact of the microbiota-gut-brain axis on Alzheimer's disease pathophysiology.,"Tejaswini Doifode, V. Giridharan, J. Generoso, G. Bhatti, A. Collodel, P. Schulz, et al.",Pharmacological Research,2020-11-24,295,Clinical NeuroAI and Brain Disorders,brain-structure;clinical-neuroai,10.1016/j.phrs.2020.105314,a312c0b1085e04eb5bffd2a3f461c9eef839b02e,https://doi.org/10.1016/j.phrs.2020.105314,Review; JournalArticle,unknown,8,brain; brain/neural structure in title; historical computation/learning bridge,The gut microbiota is a complex ecosystem that comprises of more than 100 trillion symbiotic microbial cells.
2020,The Value of Dimensional Models of Early Experience: Thinking Clearly about Concepts and Categories,"K. McLaughlin, M. Sheridan, K. Humphreys, J. Belsky, B. Ellis",Perspectives on Psychological Science,2020-10-13,295,General Brain-AI Structure Reviews and Methods,brain-structure,10.1177/1745691621992346,304a07149c361fa2b7fd96ebcf12a177b4eb8186,https://doi.org/10.1177/1745691621992346,JournalArticle; Review,unknown,5,brain; historical computation/learning bridge,"We review the three prevailing approaches-specificity, cumulative risk, and dimensional models-to conceptualizing the developmental consequences of early-life adversity and address fundamental problems with the characterization of these frameworks in a recent Perspectives on Psychological Science piece by Smith and Pollak."
2020,Brain tumor segmentation and classification from magnetic resonance images: Review of selected methods from 2014 to 2019,"Arti Tiwari, Shilpa Srivastava, M. Pant",Pattern Recognition Letters,2020-03-01,294,Structural Neuroimaging and AI,brain-structure;connectome;machine-learning;deep-learning;neuroimaging;neural-signals,10.1016/j.patrec.2019.11.020,1a6b7243455dff0db201f11d1cb64d3b1db4ebb4,https://doi.org/10.1016/j.patrec.2019.11.020,JournalArticle; Review,unknown,22,brain; cerebrum; mri; deep learning; classification; brain/neural structure in title; explicit brain-structure/AI bridge,"Abstract The past few years have witnessed a significant increase in medical cases related to brain tumors, making it the 10th most common form of tumor affecting children and adults alike."
2020,Cellular circuits in the brain and their modulation in acute and chronic pain.,"R. Kuner, T. Kuner",Physiological Reviews,2020-06-11,294,"Cellular, Synaptic, and Neuromorphic Foundations",brain-structure;connectome;decoding;clinical-neuroai,10.1152/physrev.00040.2019,3d4125d42c0945b2e9869fa5cf785dc501ed3dde,https://doi.org/10.1152/physrev.00040.2019,JournalArticle; Review,unknown,19,brain; cortical; connectivity; neural; decoding; brain/neural structure in title; explicit brain-structure/AI bridge,"Chronic, pathological pain remains a global health problem and a challenge to basic and clinical sciences."
2020,Integrative Benchmarking to Advance Neurally Mechanistic Models of Human Intelligence.,"Martin Schrimpf, J. Kubilius, Michael J. Lee, N. Murty, J. DiCarlo",Neuron,2020-09-08,294,Computational Neuroscience and Brain-Inspired AI,brain-structure,10.1016/j.neuron.2020.07.040,3ecc7ac21c22af073f37294df341c51e5d2d576d,https://doi.org/10.1016/j.neuron.2020.07.040,Review; JournalArticle,unknown,9,brain; neural; brain/neural structure in title; historical computation/learning bridge,"A potentially organizing goal of the brain and cognitive sciences is to accurately explain domains of human intelligence as executable, neurally mechanistic models."
2020,Involvement of Lipids in Alzheimer's Disease Pathology and Potential Therapies,"Hannah H Chew, Victoria A. Solomon, A. Fonteh",Frontiers in Physiology,2020-06-09,294,"Connectomics, Graph Models, and Brain Networks",brain-structure;connectome;clinical-neuroai,10.3389/fphys.2020.00598,14e9398038ca32cb562eda9d4249b0da8639bcc9,https://doi.org/10.3389/fphys.2020.00598,Review; JournalArticle,unknown,5,brain; historical computation/learning bridge,Lipids constitute the bulk of the dry mass of the brain and have been associated with healthy function as well as the most common pathological conditions of the brain.
2020,"Aducanumab, gantenerumab, BAN2401, and ALZ-801-the first wave of amyloid-targeting drugs for Alzheimer's disease with potential for near term approval","M. Tolar, S. Abushakra, J. Hey, A. Porsteinsson, M. Sabbagh",Alzheimer's Research & Therapy,2020-08-12,293,Clinical NeuroAI and Brain Disorders,brain-structure;clinical-neuroai,10.1186/s13195-020-00663-w,32cbe494ed3bf6bb054c46aaa985571835184e4a,https://doi.org/10.1186/s13195-020-00663-w,Review; JournalArticle,unknown,1,brain,"The body of evidence suggesting a causative, initiating role of beta amyloid (Aβ) in the pathogenesis of Alzheimer's disease (AD) is substantial."
2020,Melatonin's Impact on Antioxidative and Anti-Inflammatory Reprogramming in Homeostasis and Disease,"D. M. Chitimus, M. Popescu, S. Voiculescu, A. Panaitescu, B. Pavel, L. Zagrean, et al.",Biomolecules,2020-08-20,293,General Brain-AI Structure Reviews and Methods,brain-structure,10.3390/biom10091211,262cbe3526edc06c7fcb8c018bdcb2a802d687a3,https://doi.org/10.3390/biom10091211,Review; JournalArticle,unknown,1,brain,"There is a growing consensus that the antioxidant and anti-inflammatory properties of melatonin are of great importance in preserving the body functions and homeostasis, with great impact in the peripartum period and adult life."
2020,HSP70 chaperones RNA-free TDP-43 into anisotropic intranuclear liquid spherical shells,"Haiyang Yu, Sha Lu, K. Gasior, Digvijay Singh, Sonia Vazquez-Sanchez, Olga Tapia, et al.",Science,2020-12-17,292,"Cellular, Synaptic, and Neuromorphic Foundations",brain-structure;connectome;neural-signals;clinical-neuroai,10.1126/science.abb4309,7a56852a4222f8ec20c2b394a0f21ef105e4ab14,https://doi.org/10.1126/science.abb4309,JournalArticle,unknown,7,brain; ecog; neuron; historical computation/learning bridge,The makings of anisosomes Phase separation of proteins within the cell can produce a liquid-inside-a-liquid phase resembling oil droplets in water.
2020,Microglia Require CD4 T Cells to Complete the Fetal-to-Adult Transition,"Emanuela Pasciuto, O. Burton, C. Roca, V. Lagou, W. D. Rajan, T. Theys, et al.",Cell,2020-07-20,292,"Cellular, Synaptic, and Neuromorphic Foundations",brain-structure,10.1016/j.cell.2020.06.026,efb70b04882f748bbb3dcf4bd7516eb36d008ba2,https://doi.org/10.1016/j.cell.2020.06.026,JournalArticle,unknown,3,brain; neuron; synapse,Summary The brain is a site of relative immune privilege.
2020,Prediction of poor neurological outcome in comatose survivors of cardiac arrest: a systematic review,"C. Sandroni, Sonia D'Arrigo, Sofia Cacciola, C. Hoedemaekers, M. Kamps, M. Oddo, et al.",Intensive Care Medicine,2020-09-11,292,General Brain-AI Structure Reviews and Methods,brain-structure;machine-learning;neuroimaging;neural-signals;clinical-neuroai,10.1007/s00134-020-06198-w,a5cbf5240aef968704ae584956903f08bbf3cb64,https://doi.org/10.1007/s00134-020-06198-w,Review; JournalArticle,unknown,18,brain; cerebral; mri; eeg; meg; neuron; prediction; explicit brain-structure/AI bridge,"To assess the ability of clinical examination, blood biomarkers, electrophysiology, or neuroimaging assessed within 7 days from return of spontaneous circulation (ROSC) to predict poor neurological outcome, defined as death, vegetative state, or severe disability (CPC 3-5) at hospital discharge/1 month or later, in comatose adult survivors from cardiac arrest (CA)."
2020,Re-Thinking Concepts and Categories for Understanding the Neurodevelopmental Effects of Childhood Adversity,"Karen E. Smith, S. Pollak",Perspectives on Psychological Science,2020-07-15,292,"Cognitive Architectures, Learning, and Systems Neuroscience",brain-structure,10.1177/1745691620920725,90d67526fa6ab88d3de2bbea268eccc3cb6da66e,https://doi.org/10.1177/1745691620920725,JournalArticle,unknown,1,brain,"Discovering the processes through which early adverse experiences affect children's nervous-system development, health, and behavior is critically important for developing effective interventions."
2020,K18-hACE2 mice develop respiratory disease resembling severe COVID-19,"C. Yinda, J. Port, T. Bushmaker, I. Owusu, V. Avanzato, R. Fischer, et al.",bioRxiv,2020-08-11,291,Computational Neuroscience and Brain-Inspired AI,brain-structure;clinical-neuroai,10.1371/journal.ppat.1009195,32f89e2e61a16b001b1709ccece9087fe08b9b89,https://doi.org/10.1371/journal.ppat.1009195,JournalArticle,unknown,8,brain; cerebral; cortex; hippocampus; historical computation/learning bridge,SARS-CoV-2 emerged in late 2019 and resulted in the ongoing COVID-19 pandemic.
2020,Neural heterogeneity promotes robust learning,"Nicolas Perez-Nieves, Vincent C. H. Leung, P. Dragotti, Dan F. M. Goodman",Nature Communications,2020-12-18,291,Computational Neuroscience and Brain-Inspired AI,brain-structure;connectome;machine-learning;deep-learning;neuromorphic-bci,10.1038/s41467-021-26022-3,16f9da2d7b95a55b699bc260341a66fd474a4c10,https://doi.org/10.1038/s41467-021-26022-3,JournalArticle,unknown,22,brain; neuron; neural; neural network; prediction; brain/neural structure in title; explicit brain-structure/AI bridge,"The brain is a hugely diverse, heterogeneous structure."
2020,Tactile innervation densities across the whole body,"G. Corniani, Hannes P. Saal",bioRxiv,2020-04-28,291,"Connectomics, Graph Models, and Brain Networks",brain-structure;connectome;decoding,10.1101/2020.04.27.063263,c99328bee134ff4e7de45929c1c56b2f5397017c,https://doi.org/10.1101/2020.04.27.063263,JournalArticle,unknown,2,brain; cortical,The skin is our largest sensory organ and innervated by afferent fibers carrying tactile information to the spinal cord and onto the brain.
2020,Brain delivery of therapeutic proteins using an Fc fragment blood-brain barrier transport vehicle in mice and monkeys,"Mihalis S. Kariolis, R. C. Wells, Jennifer A. Getz, Wanda Kwan, Cathal S. Mahon, Raymond K. Tong, et al.",Science Translational Medicine,2020-05-27,290,Computational Neuroscience and Brain-Inspired AI,brain-structure,10.1126/scitranslmed.aay1359,d104cb9522caa893034c16a241fe7f222f3d159d,https://doi.org/10.1126/scitranslmed.aay1359,JournalArticle,unknown,8,brain; brain/neural structure in title; historical computation/learning bridge,Engineering human IgG1 Fc binding to a brain endothelial cell-enriched receptor allows enhanced brain exposure of biotherapeutics in multiple species.
2020,New onset acute symptomatic seizure and risk factors in coronavirus disease 2019: A retrospective multicenter study,"Lu Lu, Weixi Xiong, Dan Liu, Jing Liu, Dan Yang, Nian Li, et al.",Epilepsia,2020-04-18,290,Clinical NeuroAI and Brain Disorders,brain-structure;clinical-neuroai,10.1111/epi.16524,d5e712d00ea6729d4264859ff190868529d99358,https://doi.org/10.1111/epi.16524,JournalArticle,unknown,1,brain,Our aim was to clarify the incidence and risk of acute symptomatic seizures in people with coronavirus disease 2019 (COVID-19).
2020,Management of Concussion and Mild Traumatic Brain Injury: A Synthesis of Practice Guidelines.,"N. Silverberg, Mary A Iaccarino, W. Panenka, G. Iverson, K. McCulloch, K. Dams-O'Connor, et al.",Archives of Physical Medicine and Rehabilitation,2020-02-01,289,"Cognitive Architectures, Learning, and Systems Neuroscience",brain-structure;clinical-neuroai,10.1016/j.apmr.2019.10.179,71fdd1a5b0e30dddc768cbb3032bbcca7664617b,https://doi.org/10.1016/j.apmr.2019.10.179,JournalArticle,unknown,4,brain; brain/neural structure in title,"At least 3 million Americans sustain a mild traumatic brain injury (mTBI) each year, and 1 in 5 have symptoms that persist beyond one month."
2020,MGMT status as a clinical biomarker in glioblastoma,"Madison K. Butler, L. Pongor, Yu-ting Su, L. Xi, M. Raffeld, M. Quezado, et al.",Trends in Cancer,2020-03-27,289,Clinical NeuroAI and Brain Disorders,brain-structure;machine-learning;clinical-neuroai,10.1016/j.trecan.2020.02.010,127ca7c6c8d63c33d945cb55f72052f90fc6c3b7,https://doi.org/10.1016/j.trecan.2020.02.010,Review; JournalArticle,unknown,13,brain; predictive; explicit brain-structure/AI bridge,Glioblastoma is the most common primary malignant brain tumor.
2020,Ultrasound-Responsive Cavitation Nuclei for Therapy and Drug Delivery,"K. Kooiman, S. Roovers, Simone A. G. Langeveld, Robert T. Kleven, H. Dewitte, M. O'Reilly, et al.",Ultrasound in Medicine and Biology,2020-03-09,289,Clinical NeuroAI and Brain Disorders,brain-structure;neural-signals;clinical-neuroai,10.1016/j.ultrasmedbio.2020.01.002,7253e59ca1e8ecd41e5a8c9d99e941d6a1f2febb,https://doi.org/10.1016/j.ultrasmedbio.2020.01.002,Review; JournalArticle,unknown,3,brain; eeg; meg,Therapeutic ultrasound strategies that harness the mechanical activity of cavitation nuclei for beneficial tissue bio-effects are actively under development.
2020,The HPA axis dysregulation in severe mental illness: Can we shift the blame to gut microbiota?,"B. Misiak, Igor Łoniewski, W. Marlicz, D. Frydecka, A. Szulc, Leszek Rudzki, et al.",Progress in Neuro-psychopharmacology and Biological Psychiatry,2020-04-23,288,Clinical NeuroAI and Brain Disorders,brain-structure;clinical-neuroai,10.1016/j.pnpbp.2020.109951,4170b85414675dae9aa93dfc04b49c3c2b90e3ae,https://doi.org/10.1016/j.pnpbp.2020.109951,Review; JournalArticle,unknown,5,brain; historical computation/learning bridge,"Accumulating evidence indicates that patients with severe mental disorders, including major depression, bipolar disorder and schizophrenia present with various alterations of the gut microbiota and increased intestinal permeability."
2020,Dopamine-Evoked Synaptic Regulation in the Nucleus Accumbens Requires Astrocyte Activity.,"Michelle Corkrum, A. Covelo, Justin Lines, L. Bellocchio, M. Pisansky, K. Loke, et al.",Neuron,2020-01-07,287,"Cellular, Synaptic, and Neuromorphic Foundations",brain-structure;clinical-neuroai,10.1016/j.neuron.2019.12.026,f3a602d720d64f80b34fd4f68262b7b822dfa2ea,https://doi.org/10.1016/j.neuron.2019.12.026,JournalArticle,unknown,6,brain; neuron; historical computation/learning bridge,"Dopamine is involved in physiological processes like learning and memory, motor control and reward, and pathological conditions such as Parkinson's disease and addiction."
2020,Keep it real: rethinking the primacy of experimental control in cognitive neuroscience,"Samuel A. Nastase, Ariel Goldstein, U. Hasson",NeuroImage,2020-01-28,287,Structural Neuroimaging and AI,brain-structure;machine-learning;neuroimaging,10.1016/j.neuroimage.2020.117254,daabfd1b52598dee71d82fcd018ac58026cfd986,https://doi.org/10.1016/j.neuroimage.2020.117254,JournalArticle,unknown,13,brain; machine learning; explicit brain-structure/AI bridge,Naturalistic experimental paradigms in neuroimaging arose from a pressure to test the validity of models we derive from highly-controlled experiments in real-world contexts.
2020,Meningeal Immunity and Its Function in Maintenance of the Central Nervous System in Health and Disease.,"Kalil Alves de Lima, Justin Rustenhoven, J. Kipnis",Annual Review of Immunology,2020-04-26,287,"Cellular, Synaptic, and Neuromorphic Foundations",brain-structure,10.1146/annurev-immunol-102319-103410,5a0ddf5d4e66e359b37c6d55312c8ac092aebd8b,https://doi.org/10.1146/annurev-immunol-102319-103410,JournalArticle; Review,unknown,1,brain,"Neuroimmunology, albeit a relatively established discipline, has recently sparked numerous exciting findings on microglia, the resident macrophages of the central nervous system (CNS)."
2020,Targeting DGAT1 ameliorates glioblastoma by increasing fat catabolism and oxidative stress,"Xiang Cheng, F. Geng, Meixia Pan, Xiaoning Wu, Y. Zhong, Chunyan Wang, et al.",Cell Metabolism,2020-06-09,287,Computational Neuroscience and Brain-Inspired AI,brain-structure,10.1016/j.cmet.2020.06.002,ef8fb2af3fb4e24ea4a67f2ca8deea3257c837ae,https://doi.org/10.1016/j.cmet.2020.06.002,JournalArticle,unknown,5,brain; historical computation/learning bridge,"Summary Glioblastoma (GBM), a mostly lethal brain tumor, acquires large amounts of free fatty acids (FAs) to promote cell growth."
2020,Anthropomorphism in AI,"Arleen Salles, K. Evers, M. Farisco",AJOB Neuroscience,2020-03-31,286,General Brain-AI Structure Reviews and Methods,brain-structure;brain-inspired-ai,10.1080/21507740.2020.1740350,ecd3b160b4bd13c5a1dc085fcc17c540435a284a,https://doi.org/10.1080/21507740.2020.1740350,JournalArticle,unknown,13,brain; brain-inspired; explicit brain-structure/AI bridge,"Abstract AI research is growing rapidly raising various ethical issues related to safety, risks, and other effects widely discussed in the literature."
2020,Antisense oligonucleotides increase Scn1a expression and reduce seizures and SUDEP incidence in a mouse model of Dravet syndrome,"Zhou Han, Chunling Chen, A. Christiansen, Sophina Ji, Q. Lin, Charles Anumonwo, et al.",Science Translational Medicine,2020-08-26,286,"Connectomics, Graph Models, and Brain Networks",brain-structure;connectome;clinical-neuroai,10.1126/scitranslmed.aaz6100,8af9563e9aa3a5a9412b0cd51420490b91b34c7b,https://doi.org/10.1126/scitranslmed.aaz6100,JournalArticle,unknown,6,brain; cerebral; historical computation/learning bridge,Antisense oligonucleotide administration reduces seizures and SUDEP incidence in a mouse model of Dravet syndrome.
2020,Artificial intelligence and machine learning-aided drug discovery in central nervous system diseases: State-of-the-arts and future directions,"Sezen Vatansever, A. Schlessinger, Daniel Wacker, H. Kaniskan, Jian Jin, Ming-Ming Zhou, et al.",Medicinal research reviews (Print),2020-12-09,286,Computational Neuroscience and Brain-Inspired AI,brain-structure;machine-learning,10.1002/med.21764,b68b3ae4fde4cff909422bb51c2e03ba10ecbbae,https://doi.org/10.1002/med.21764,Review; JournalArticle,unknown,25,brain; artificial intelligence; machine learning; prediction; computational neuroscience; explicit brain-structure/AI bridge,Neurological disorders significantly outnumber diseases in other therapeutic areas.
2020,Attention and emotion: An integrative review of emotional face processing as a function of attention.,"Sebastian Schindler, Florian Bublatzky",Cortex; a journal devoted to the study of the nervous system and behavior,2020-07-06,286,"Cognitive Architectures, Learning, and Systems Neuroscience",brain-structure,10.1016/j.cortex.2020.06.010,64dc2086b9d73b9a96770b0fce1985680e692331,https://doi.org/10.1016/j.cortex.2020.06.010,Review; JournalArticle,unknown,2,brain; neuron,Paying attention to faces is of special interest for humans as well as for scientific research.
2020,A biohybrid synapse with neurotransmitter-mediated plasticity,"S. Keene, Claudia Lubrano, Setareh Kazemzadeh, A. Melianas, Yaakov Tuchman, G. Polino, et al.",Nature Materials,2020-06-15,285,"Cellular, Synaptic, and Neuromorphic Foundations",,10.1038/s41563-020-0703-y,22cd5d5cc2a4bd1ca0976a8a854b4752221fa3fe,https://doi.org/10.1038/s41563-020-0703-y,JournalArticle,unknown,1,synapse,
2020,DENSE-INception U-net for medical image segmentation,"Ziang Zhang, Chengdong Wu, S. Coleman, D. Kerr",Comput. Methods Programs Biomed.,2020-02-15,285,Structural Neuroimaging and AI,brain-structure;connectome;deep-learning;neuroimaging,10.1016/j.cmpb.2020.105395,fad1f68bbe604eec8c8bf1fe0d9eb09ec3f9734c,https://doi.org/10.1016/j.cmpb.2020.105395,JournalArticle,unknown,19,brain; mri; neural; neural network; computational neuroscience; explicit brain-structure/AI bridge,BACKGROUND AND OBJECTIVE Convolutional neural networks (CNNs) play an important role in the field of medical image segmentation.
2020,Quantifying behavior to understand the brain,"Talmo D. Pereira, J. Shaevitz, M. Murthy",Nature Neuroscience,2020-11-09,285,"Cognitive Architectures, Learning, and Systems Neuroscience",brain-structure;machine-learning;deep-learning;neural-signals,10.1038/s41593-020-00734-z,f70264e49ffee8779d6cc87e7aec542d1452afc3,https://doi.org/10.1038/s41593-020-00734-z,Review; JournalArticle,unknown,22,brain; ecog; neural; deep learning; prediction; brain/neural structure in title; explicit brain-structure/AI bridge,"Over the past years, numerous methods have emerged to automate the quantification of animal behavior at a resolution not previously imaginable."
2020,Brain MRI Findings in Patients in the Intensive Care Unit with COVID-19 Infection,"S. Kandemirli, L. Doğan, Z. Sarıkaya, S. Kara, Canan Akinci, D. Kaya, et al.",Radiology,2020-05-08,284,Structural Neuroimaging and AI,brain-structure;neuroimaging;clinical-neuroai,10.1148/radiol.2020201697,dfa1b9edb3bed6f212f8b94c32ae2fa995dee78d,https://doi.org/10.1148/radiol.2020201697,JournalArticle,unknown,5,brain; mri; brain/neural structure in title,Online supplemental material is available for this article.
2020,Early Detection of Alzheimer's Disease Using Magnetic Resonance Imaging: A Novel Approach Combining Convolutional Neural Networks and Ensemble Learning,"Dan Pan, An Zeng, L. Jia, Yin Huang, T. Frizzell, Xiaowei Song",Frontiers in Neuroscience,2020-05-13,284,Clinical NeuroAI and Brain Disorders,brain-structure;connectome;machine-learning;deep-learning;neuroimaging;clinical-neuroai,10.3389/fnins.2020.00259,809903d837638f092a7dab0c88d6f0816a1b317f,https://doi.org/10.3389/fnins.2020.00259,JournalArticle,unknown,26,brain; mri; neural; deep learning; neural network; classification; brain/neural structure in title; explicit brain-structure/AI bridge,Early detection is critical for effective management of Alzheimer's disease (AD) and screening for mild cognitive impairment (MCI) is common practice.
2020,Gut-Brain Axis: Role of Gut Microbiota on Neurological Disorders and How Probiotics/Prebiotics Beneficially Modulate Microbial and Immune Pathways to Improve Brain Functions,"K. Suganya, Byung-Soo Koo",International Journal of Molecular Sciences,2020-10-01,284,General Brain-AI Structure Reviews and Methods,brain-structure,10.3390/ijms21207551,b072980a7e49b949e3e0443d1f77fd34f3d18e2a,https://doi.org/10.3390/ijms21207551,Review; JournalArticle,unknown,5,brain; neuron; brain/neural structure in title,"The gut microbiome acts as an integral part of the gastrointestinal tract (GIT) that has the largest and vulnerable surface with desirable features to observe foods, nutrients, and environmental factors, as well as to differentiate commensals, invading pathogens, and others."
2020,Transcriptomic and cellular decoding of regional brain vulnerability to neurogenetic disorders,"J. Seidlitz, Ajay Nadig, Siyuan Liu, R. Bethlehem, P. Vértes, S. Morgan, et al.",Nature Communications,2020-07-03,284,Structural Neuroimaging and AI,brain-structure;decoding;neuroimaging;clinical-neuroai,10.1038/s41467-020-17051-5,4f0f94f7e7db489aab41c9623b0f47ac4abfa379,https://doi.org/10.1038/s41467-020-17051-5,JournalArticle,unknown,17,brain; cortical; decoding; brain/neural structure in title; explicit brain-structure/AI bridge,Neurodevelopmental disorders have a heritable component and are associated with region specific alterations in brain anatomy.
2020,"Depression's Unholy Trinity: Dysregulated Stress, Immunity, and the Microbiome.","J. Pereira, K. Rea, Y. Nolan, O. O'Leary, T. Dinan, J. Cryan",Annual Review of Psychology,2020-01-06,282,"Cognitive Architectures, Learning, and Systems Neuroscience",brain-structure;clinical-neuroai,10.1146/annurev-psych-122216-011613,c291ab6fb7d523bc9b054a1d7c5a0d4840ffb059,https://doi.org/10.1146/annurev-psych-122216-011613,JournalArticle; Review,unknown,1,brain,"Depression remains one of the most prevalent psychiatric disorders, with many patients not responding adequately to available treatments."
2020,Longitudinal plasma p-tau217 is increased in early stages of Alzheimer's disease,"N. Mattsson-Carlgren, S. Janelidze, S. Palmqvist, N. Cullen, A. Svenningsson, O. Strandberg, et al.",Brain : a journal of neurology,2020-10-17,282,Clinical NeuroAI and Brain Disorders,brain-structure;clinical-neuroai,10.1093/brain/awaa286,68b6e6c5c88fdf9e3be2ec01e25eb55271c60549,https://doi.org/10.1093/brain/awaa286,JournalArticle,unknown,1,brain,See Teunissen et al. (doi:10.1093/brain/awaa329) for a scientific commentary on this article.
2020,COVID-19 and the Chemical Senses: Supporting Players Take Center Stage,"Keiland W Cooper, D. Brann, M. Farruggia, Surabhi Bhutani, R. Pellegrino, Tatsuya Tsukahara, et al.",Neuron,2020-07-01,281,"Cellular, Synaptic, and Neuromorphic Foundations",brain-structure,10.1016/j.neuron.2020.06.032,3ef893311382bae80a925d814881f153c39a9e1d,https://doi.org/10.1016/j.neuron.2020.06.032,Review; JournalArticle,unknown,1,brain,The main neurological manifestation of COVID-19 is loss of smell or taste.
2020,Fully Light-Controlled Memory and Neuromorphic Computation in Layered Black Phosphorus,"Taimur Ahmed, M. Tahir, Mei Xian Low, Yanyun Ren, S. Tawfik, E. Mayes, et al.",Advances in Materials,2020-11-17,281,"Cognitive Architectures, Learning, and Systems Neuroscience",brain-structure;machine-learning;neural-signals;neuromorphic-bci,10.1002/adma.202004207,ab1d6d9931fbe031e82f6a81bb810b5c9d73cf8c,https://doi.org/10.1002/adma.202004207,JournalArticle,unknown,22,brain; ecog; artificial intelligence; machine learning; neuromorphic; explicit brain-structure/AI bridge,Imprinting vision as memory is a core attribute of human cognitive learning.
2020,Neuroimaging-based Individualized Prediction of Cognition and Behavior for Mental Disorders and Health: Methods and Promises,"J. Sui, R. Jiang, J. Bustillo, V. Calhoun",bioRxiv,2020-02-25,281,Structural Neuroimaging and AI,brain-structure;connectome;machine-learning;deep-learning;decoding;neuroimaging;clinical-neuroai,10.1101/2020.02.22.961136,74198763d71d898ec71e69c1e8ce899fa341b059,https://doi.org/10.1101/2020.02.22.961136,Review; JournalArticle,unknown,30,brain; connectome; machine learning; deep learning; prediction; predictive; decoding; computational neuroscience; explicit brain-structure/AI bridge,"The neuroimaging community has witnessed a paradigm shift in biomarker discovery from using traditional univariate brain mapping approaches to multivariate predictive models, allowing the field to move towards a translational neuroscience era."
2020,Single-Nucleus RNA-Seq Is Not Suitable for Detection of Microglial Activation Genes in Humans,"N. Thrupp, C. Sala Frigerio, L. Wolfs, N. Skene, Nicola Fattorelli, S. Poovathingal, et al.",Cell Reports,2020-09-01,281,"Cellular, Synaptic, and Neuromorphic Foundations",brain-structure;clinical-neuroai,10.1016/j.celrep.2020.108189,d38067db3edc187588f7497285f3e1b6332d1aed,https://doi.org/10.1016/j.celrep.2020.108189,JournalArticle,unknown,1,brain,"Summary Single-nucleus RNA sequencing (snRNA-seq) is used as an alternative to single-cell RNA-seq, as it allows transcriptomic profiling of frozen tissue."
2020,Guidelines for the Li-Fraumeni and heritable TP53-related cancer syndromes,"T. Frébourg, Svetlana Bajalica Lagercrantz, Carla Oliveira, R. Mágenheim, D. Evans, Nicoline Marjolijn Marleen Rianne Rolf Gareth Emma Marc Eam Hoogerbrugge Ligtenberg Kets Oostenbrink Sijmons E, et al.",European Journal of Human Genetics,2020-05-26,280,"Cognitive Architectures, Learning, and Systems Neuroscience",brain-structure;machine-learning;neuroimaging;neural-signals;clinical-neuroai,10.1038/s41431-020-0638-4,47574de9cfc18085d6c7b972c6b6a56deb2e7896,https://doi.org/10.1038/s41431-020-0638-4,JournalArticle,unknown,18,brain; cortical; mri; eeg; meg; ecog; prediction; explicit brain-structure/AI bridge,"Fifty years after the recognition of the Li-Fraumeni syndrome (LFS), our perception of cancers related to germline alterations of TP53 has drastically changed: (i) germline TP53 alterations are often identified among children with cancers, in particular soft-tissue sarcomas, adrenocortical carcinomas, central nervous system tumours, or among adult females with early breast cancers, without familial history."
2020,"Re: Annual Report to the Nation on the Status of Cancer, Part I: National Cancer Statistics.",Sam S. Chang,Journal of Urology,2020-06-30,280,General Brain-AI Structure Reviews and Methods,brain-structure,10.1097/ju.0000000000001175.02,2207aaef9e7f934af47af1b50510c5669b70bcb7,https://doi.org/10.1097/ju.0000000000001175.02,JournalArticle,unknown,1,brain,"available at http://pubmed.ncbi.nlm.nih.gov/29786848/ Editorial Comment: The American Cancer Society, Centers for Disease Control and Prevention, National Cancer Institute and the North American Association of Central Cancer Registries collaborate to provide annual updates on cancer occurrence and trends in the United States."
2020,"Synaptic Specificity, Recognition Molecules, and Assembly of Neural Circuits.","J. Sanes, S. Zipursky",Cell,2020-04-01,280,"Cellular, Synaptic, and Neuromorphic Foundations",brain-structure;neural-signals,10.1016/j.cell.2020.04.008,07ef6a3ef12ee58e2d99b0a64906b8f9a6766b1a,https://doi.org/10.1016/j.cell.2020.04.008,Review; JournalArticle,unknown,7,brain; ecog; neuron; neural; brain/neural structure in title,Developing neurons connect in specific and stereotyped ways to form the complex circuits that underlie brain function.
2020,The Microbiota-Gut-Brain Axis and Alzheimer's Disease: Neuroinflammation Is to Blame?,"Ashwinipriyadarshini Megur, D. Baltriukienė, V. Bukelskiene, A. Burokas",Nutrients,2020-12-24,280,Clinical NeuroAI and Brain Disorders,brain-structure;clinical-neuroai,10.3390/nu13010037,94edbb02813e708230b82a292b7c027d92fb17f6,https://doi.org/10.3390/nu13010037,Review; JournalArticle,unknown,6,brain; neuron; neural; brain/neural structure in title,"For years, it has been reported that Alzheimer's disease (AD) is the most common cause of dementia."
2020,Drug Addiction: Hyperkatifeia/Negative Reinforcement as a Framework for Medications Development,G. Koob,Pharmacological Reviews,2020-12-14,279,General Brain-AI Structure Reviews and Methods,brain-structure;clinical-neuroai,10.1124/pharmrev.120.000083,affcc40ae75dc9cc7d3cc8744c3153f25956200e,https://doi.org/10.1124/pharmrev.120.000083,Review; JournalArticle,unknown,4,brain; cortex; amygdala; basal ganglia,"hat is associated with addiction is hypothesized to follow a heuristic framework that involves three stages (binge/intoxication, withdrawal/negative affect, and preoccupation/anticipation) and three domains of dysfunction (incentive salience/pathologic habits, negative emotional states, and executive function, respectively) via changes in the basal ganglia, extended amygdala/habenula, and frontal cortex, respectively."
2020,Functional electrical stimulation therapy for restoration of motor function after spinal cord injury and stroke: a review,"C. Marquez-Chin, M. Popovic",BioMedical Engineering OnLine,2020-05-24,279,Clinical NeuroAI and Brain Disorders,brain-structure;decoding;clinical-neuroai;neuromorphic-bci,10.1186/s12938-020-00773-4,337855ee0e27a26545bc6295f40b6a3d5a5e5d71,https://doi.org/10.1186/s12938-020-00773-4,Review; JournalArticle,unknown,13,brain; brain-computer; explicit brain-structure/AI bridge,Functional electrical stimulation is a technique to produce functional movements after paralysis.
2020,Identification of Common Neural Circuit Disruptions in Emotional Processing Across Psychiatric Disorders.,"Lisa M. McTeague, B. Rosenberg, James W Lopez, David Carreon, J. Huemer, Ying Jiang, et al.",American Journal of Psychiatry,2020-01-22,279,"Cognitive Architectures, Learning, and Systems Neuroscience",brain-structure;connectome;neuroimaging;clinical-neuroai,10.1176/appi.ajp.2019.18111271,2a178c8be0eed266aedf8f3464166d2992af7488,https://doi.org/10.1176/appi.ajp.2019.18111271,JournalArticle,unknown,7,brain; amygdala; thalamus; neural; brain/neural structure in title,OBJECTIVE Disrupted emotional processing is a common feature of many psychiatric disorders.
2020,Metabolic Reprograming of Microglia in the Regulation of the Innate Inflammatory Response,"Clotilde Lauro, C. Limatola",Frontiers in Immunology,2020-03-20,279,"Cellular, Synaptic, and Neuromorphic Foundations",brain-structure,10.3389/fimmu.2020.00493,0ffe41b919c4191312057db0f9e8b7115df5e633,https://doi.org/10.3389/fimmu.2020.00493,Review; JournalArticle,unknown,3,brain; cerebral; neuron,Microglia sustain normal brain functions continuously monitoring cerebral parenchyma to detect neuronal activities and alteration of homeostatic processes.
2020,"Toxicity of carbon tetrachloride, free radicals and role of antioxidants","V. Unsal, M. Çiçek, İlhan Sabancılar",Reviews on Environmental Health,2020-09-24,279,Computational Neuroscience and Brain-Inspired AI,brain-structure;clinical-neuroai,10.1515/reveh-2020-0048,1f0d87eeccada926a37d80405923438a004babb0,https://doi.org/10.1515/reveh-2020-0048,JournalArticle; Review,unknown,5,brain; historical computation/learning bridge,"Abstract Several chemicals, including environmental toxicants and clinically useful drugs, cause severe cellular damage to different organs of our body through metabolic activation to highly reactive substances such as free radicals."
2020,Association of Factors With Elevated Amyloid Burden in Clinically Normal Older Individuals.,"R. Sperling, M. Donohue, R. Raman, Chung-Kai Sun, R. Yaari, K. Holdridge, et al.",JAMA Neurology,2020-04-06,278,Clinical NeuroAI and Brain Disorders,brain-structure;connectome;neuroimaging;clinical-neuroai,10.1001/jamaneurol.2020.0387,3e4a76e8538e8c6eefd158e76e0820a651f2276c,https://doi.org/10.1001/jamaneurol.2020.0387,JournalArticle,unknown,1,brain,Importance The Anti-Amyloid Treatment in Asymptomatic Alzheimer disease (A4) Study is an ongoing prevention trial in clinically normal older individuals with evidence of elevated brain amyloid.
2020,Distinct sensitivity to spectrotemporal modulation supports brain asymmetry for speech and melody,"Philippe Albouy, Lucas Benjamin, Benjamin Morillon, R. Zatorre",Science,2020-02-27,278,"Brain Decoding, Representation Learning, and BCI",brain-structure;connectome;machine-learning;deep-learning;decoding;neuroimaging;neural-signals,10.1126/science.aaz3468,c52c5f632c841408b090b5f973cf323bf5da5c1c,https://doi.org/10.1126/science.aaz3468,JournalArticle,unknown,27,brain; cortex; ecog; neural; neural network; classification; decoding; brain/neural structure in title; explicit brain-structure/AI bridge,Speech versus music in the brain To what extent does the perception of speech and music depend on different mechanisms in the human brain?
2020,Neurofilaments: neurobiological foundations for biomarker applications.,"Arie R. Gafson, N. Barthélemy, P. Bomont, R. Carare, H. Durham, J. Julien, et al.",Brain : a journal of neurology,2020-05-14,278,General Brain-AI Structure Reviews and Methods,brain-structure;neural-signals;clinical-neuroai,10.1093/brain/awaa098,c52974a5981b5f5514f3b48b776cd8142f5971a8,https://doi.org/10.1093/brain/awaa098,JournalArticle; Review,unknown,4,brain; ecog; neuron; synapse,Interest in neurofilaments has risen sharply in recent years with recognition of their potential as biomarkers of brain injury or neurodegeneration in CSF and blood.
2020,Neurological manifestations in COVID-19 caused by SARS-CoV-2,A. Baig,CNS Neuroscience & Therapeutics,2020-04-07,278,Clinical NeuroAI and Brain Disorders,brain-structure;clinical-neuroai,10.1111/cns.13372,192ac2a9c5f00ed2e759504c92238eff154bc874,https://doi.org/10.1111/cns.13372,Editorial,unknown,3,brain; brainstem; neuron,The recent outbreak of COVID-19 caused by SARS-CoV-2 coronavirus has turned the world into chaos with its ominously high rate of transmissions.
2020,Massive transient damage of the olfactory epithelium associated with infection of sustentacular cells by SARS-CoV-2 in golden Syrian hamsters,"Bertrand Bryche, Audrey St Albin, S. Murri, Sandra Lacôte, C. Pulido, Meriadeg Ar Gouilh, et al.",bioRxiv,2020-06-16,277,"Cellular, Synaptic, and Neuromorphic Foundations",brain-structure;clinical-neuroai,10.1016/j.bbi.2020.06.032,704e57ea9fd32f010f1a4ba7628221f5f7434832,https://doi.org/10.1016/j.bbi.2020.06.032,JournalArticle,unknown,2,brain; neuron,Anosmia is one of the most prevalent symptoms of SARS-CoV-2 infection during the COVID-19 pandemic.
2020,Organic NIR-II molecule with long blood half-life for in vivo dynamic vascular imaging,"Benhao Li, Mengyao Zhao, Lishuai Feng, Chaoran Dou, Suwan Ding, Gang Zhou, et al.",Nature Communications,2020-06-18,277,Clinical NeuroAI and Brain Disorders,brain-structure;clinical-neuroai,10.1038/s41467-020-16924-z,6236de8797c1476b33c3504d118eaa667d05ae2c,https://doi.org/10.1038/s41467-020-16924-z,JournalArticle,unknown,1,brain,Real-time monitoring of vessel dysfunction is of great significance in preclinical research.
2020,Chiral gold nanoparticles enantioselectively rescue memory deficits in a mouse model of Alzheimer's disease,"Ke Hou, J. Zhao, Hui Wang, Bin Li, Kexin Li, Xinghua Shi, et al.",Nature Communications,2020-09-22,276,"Cognitive Architectures, Learning, and Systems Neuroscience",brain-structure;neural-signals;clinical-neuroai,10.1038/s41467-020-18525-2,92973f7680dd0b19d2784069858c7c3eae7d0e43,https://doi.org/10.1038/s41467-020-18525-2,JournalArticle,unknown,6,brain; ecog; historical computation/learning bridge,"Preventing aggregation of amyloid beta (Aβ) peptides is a promising strategy for the treatment of Alzheimer's disease (AD), and gold nanoparticles have previously been explored as a potential anti-Aβ therapeutics."
2020,DeepVision: Deepfakes Detection Using Human Eye Blinking Pattern,"Tack-hyun Jung, Sangwon Kim, Keecheon Kim",IEEE Access,2020-04-20,276,Structural Neuroimaging and AI,brain-structure;connectome;machine-learning,10.1109/ACCESS.2020.2988660,90fb8a792c4a17e7dfde7ec290581ebcd94b6116,https://doi.org/10.1109/ACCESS.2020.2988660,JournalArticle,unknown,17,brain; machine learning; computational neuroscience; explicit brain-structure/AI bridge,"In this paper, we propose a new approach to detect Deepfakes generated through the generative adversarial network (GANs) model via an algorithm called DeepVision to analyze a significant change in the pattern of blinking, which is a voluntary and spontaneous action that does not require conscious effort."
2020,"Memristors-From In-Memory Computing, Deep Learning Acceleration, and Spiking Neural Networks to the Future of Neuromorphic and Bio-Inspired Computing","A. Mehonic, A. Sebastian, B. Rajendran, O. Simeone, E. Vasilaki, A. Kenyon",Advanced Intelligent Systems,2020-04-30,276,Computational Neuroscience and Brain-Inspired AI,brain-structure;connectome;machine-learning;deep-learning;brain-inspired-ai;neuroimaging;neuromorphic-bci,10.1002/aisy.202000085,2f099b3ec6c549b68c0faf5daba14af44961f122,https://doi.org/10.1002/aisy.202000085,JournalArticle; Review,unknown,34,brain; mri; neural; artificial intelligence; machine learning; deep learning; neural network; computational model; computational neuroscience; brain/neural structure in title; explicit brain-structure/AI bridge,"Machine learning, particularly in the form of deep learning (DL), has driven most of the recent fundamental developments in artificial intelligence (AI)."
2020,Microscopic brain tumor detection and classification using 3D CNN and feature selection architecture,"A. Rehman, Muhammad Attique Khan, T. Saba, Zahid Mehmood, U. Tariq, Noor Ayesha",Microscopy research and technique (Print),2020-09-21,276,Structural Neuroimaging and AI,brain-structure;connectome;machine-learning;deep-learning;neuroimaging,10.1002/jemt.23597,4d2ff86d991b2ade2fdada6aeb519f65c17dc809,https://doi.org/10.1002/jemt.23597,JournalArticle,unknown,30,brain; mri; neural; deep learning; neural network; classification; computational neuroscience; brain/neural structure in title; explicit brain-structure/AI bridge,Brain tumor is one of the most dreadful natures of cancer and caused a huge number of deaths among kids and adults from the past few years.
2020,Seizure outcome and use of antiepileptic drugs after epilepsy surgery according to histopathological diagnosis: a retrospective multicentre cohort study.,"H. Lamberink, W. Otte, I. Blümcke, K. Braun",Lancet Neurology,2020-09-01,276,Clinical NeuroAI and Brain Disorders,brain-structure;machine-learning;clinical-neuroai,10.1016/s1474-4422(20)30220-9,dad9406d67dba611a51e9382fe5f0e2aa8532061,https://doi.org/10.1016/s1474-4422(20)30220-9,JournalArticle,unknown,2,brain; cortical,BACKGROUND Surgery is a widely accepted treatment option for drug-resistant focal epilepsy.
2020,Biomedical Micro-/Nanomotors: From Overcoming Biological Barriers to In Vivo Imaging,"Changyong Gao, Yong Wang, Zihan Ye, Zhihua Lin, Xing Ma, Q. He",Advances in Materials,2020-06-24,275,"Cellular, Synaptic, and Neuromorphic Foundations",brain-structure,10.1002/adma.202000512,a5ff365823c93d990ccff7b5cf5c4b6bf8757e85,https://doi.org/10.1002/adma.202000512,Review; JournalArticle,unknown,1,brain,"Self-propelled micro- and nanomotors (MNMs) have shown great potential for applications in the biomedical field, such as active targeted delivery, detoxification, minimally invasive diagnostics, and nanosurgery, owing to their tiny size, autonomous motion, and navigation capacities."
2020,Brain organoids for the study of human neurobiology at the interface of in vitro and in vivo,"Ilaria Chiaradia, Madeline A. Lancaster",Nature Neuroscience,2020-11-02,275,General Brain-AI Structure Reviews and Methods,brain-structure,10.1038/s41593-020-00730-3,bba3bd66dabafbeb4b820d94a61ad9e4731a1ed5,https://doi.org/10.1038/s41593-020-00730-3,Review; JournalArticle,unknown,4,brain; brain/neural structure in title,
2020,Intra- and Inter-subject Variability in EEG-Based Sensorimotor Brain Computer Interface: A Review,"S. Saha, M. Baumert",Frontiers in Computational Neuroscience,2020-01-21,275,General Brain-AI Structure Reviews and Methods,brain-structure;machine-learning;decoding;brain-inspired-ai;neural-signals;neuromorphic-bci,10.3389/fncom.2019.00087,e25f25390748daa2d7af542232c704694de82d7e,https://doi.org/10.3389/fncom.2019.00087,Review; JournalArticle,unknown,26,brain; eeg; meg; machine learning; brain computer; bci; brain/neural structure in title; explicit brain-structure/AI bridge,Brain computer interfaces (BCI) for the rehabilitation of motor impairments exploit sensorimotor rhythms (SMR) in the electroencephalogram (EEG).
2020,Remyelination in multiple sclerosis: from basic science to clinical translation.,"C. Lubetzki, B. Zalc, Anna C. Williams, C. Stadelmann, B. Stankoff",Lancet Neurology,2020-08-01,275,General Brain-AI Structure Reviews and Methods,brain-structure;clinical-neuroai,10.1016/s1474-4422(20)30140-x,3ad5bec2143cb7c2aa0a71186a7e9377d01a5c52,https://doi.org/10.1016/s1474-4422(20)30140-x,Review; JournalArticle,unknown,2,brain; neuron,The treatment of multiple sclerosis has been transformed by the successful development of immunotherapies that efficiently reduce disease activity and related clinical relapses during the relapsing-remitting phase of the disease.
2020,Choroid plexus and the blood-cerebrospinal fluid barrier in disease,"P. Solár, Alemeh Zamani, L. Kubíčková, P. Dubový, M. Joukal",Fluids and Barriers of the CNS,2020-05-06,274,Clinical NeuroAI and Brain Disorders,brain-structure;clinical-neuroai,10.1186/s12987-020-00196-2,20cf679cc05a24b507fab167b8a8de4615ffe720,https://doi.org/10.1186/s12987-020-00196-2,Review; JournalArticle,unknown,1,brain,The choroid plexus (CP) forming the blood-cerebrospinal fluid (B-CSF) barrier is among the least studied structures of the central nervous system (CNS) despite its clinical importance.
2020,Exercise benefits on Alzheimer's disease: state-of-the-science.,"P. Valenzuela, Adrián Castillo-García, Javier S. Morales, Pedro de la Villa, H. Hampel, E. Emanuele, et al.",Ageing Research Reviews,2020-06-16,274,Clinical NeuroAI and Brain Disorders,brain-structure;clinical-neuroai,10.1016/j.arr.2020.101108,6f8f93999764c82e3fe5f4f024051323a4fd9503,https://doi.org/10.1016/j.arr.2020.101108,Review; JournalArticle,unknown,1,brain,"Although there is no unanimity, growing evidence supports the value of regular physical exercise to prevent Alzheimer's disease as well as cognitive decline in affected patients."
2020,Exosomal noncoding RNAs in Glioma: biological functions and potential clinical applications,"Jian Cheng, Jinli Meng, Lei Zhu, Yong Peng",Molecular Cancer,2020-03-25,274,Clinical NeuroAI and Brain Disorders,brain-structure;clinical-neuroai,10.1186/s12943-020-01189-3,e8b2088c1e4676a9c5f2c1f8e94d1d2bc6213a6d,https://doi.org/10.1186/s12943-020-01189-3,Review; JournalArticle,unknown,1,brain,Gliomas are complex and heterogeneous brain tumors with poor prognosis.
2020,"Genetic architecture of 11 major psychiatric disorders at biobehavioral, functional genomic, and molecular genetic levels of analysis","A. Grotzinger, T. Mallard, W. Akingbuwa, Hill F. Ip, M. Adams, C. Lewis, et al.",Nature Genetics,2020-09-23,274,Computational Neuroscience and Brain-Inspired AI,brain-structure,10.1038/s41588-022-01057-4,fd927025431e5d7a2fc8bd7b0133509a10f88ad6,https://doi.org/10.1038/s41588-022-01057-4,JournalArticle,unknown,5,brain; historical computation/learning bridge,"We interrogate the joint genetic architecture of 11 major psychiatric disorders at biobehavioral, functional genomic and molecular genetic levels of analysis."
2020,Probiotics and the Microbiota-Gut-Brain Axis: Focus on Psychiatry,"Sabrina Moerkl, Mary I. Butler, A. Holl, J. Cryan, T. Dinan",Current nutrition reports,2020-05-13,273,"Cognitive Architectures, Learning, and Systems Neuroscience",brain-structure,10.1007/s13668-020-00313-5,4efb0fe98a21b848d29af87b268bde5beaf31ce1,https://doi.org/10.1007/s13668-020-00313-5,Review; JournalArticle,unknown,4,brain; brain/neural structure in title,"Purpose of Review Probiotics are living bacteria, which when ingested in adequate amounts, confer health benefits."
2020,"Application of deep learning in detecting neurological disorders from magnetic resonance images: a survey on the detection of Alzheimer's disease, Parkinson's disease and schizophrenia","Manan Binth, Taj Noor, N. Zerin, Shamim Kaiser, S. Mamun",Brain Informatics,2020-10-09,272,Structural Neuroimaging and AI,brain-structure;connectome;deep-learning;neuroimaging;clinical-neuroai,10.1186/s40708-020-00112-2,bbe31c3a8fd9a8a5e688d69197080b8529331ab5,https://doi.org/10.1186/s40708-020-00112-2,Review; JournalArticle,unknown,20,brain; structural mri; mri; neural; deep learning; neural network; explicit brain-structure/AI bridge,"Neuroimaging, in particular magnetic resonance imaging (MRI), has been playing an important role in understanding brain functionalities and its disorders during the last couple of decades."
2020,Facial expressions of emotion states and their neuronal correlates in mice,"Nejc Dolensek, D. Gehrlach, Alexandra S. Klein, Nadine Gogolla",Science,2020-04-03,272,Structural Neuroimaging and AI,brain-structure;machine-learning,10.1126/science.aaz9468,9c2d5a9e4db0bfa1a42af20660ce1aa3762df4c8,https://doi.org/10.1126/science.aaz9468,JournalArticle,unknown,16,brain; cortex; cortical; neuron; machine learning; explicit brain-structure/AI bridge,How to read the face of a mouse The neuroscientific investigation of emotions is hindered by a lack of rapid and precise readouts of emotion states in model organisms.
2020,Macroscopic gradients of synaptic excitation and inhibition in the neocortex,Xiao-Jing Wang,Nature Reviews Neuroscience,2020-02-06,272,"Cellular, Synaptic, and Neuromorphic Foundations",brain-structure,10.1038/s41583-020-0262-x,d1a82b79aae87cb3f775e90360e4bb7043aed8ea,https://doi.org/10.1038/s41583-020-0262-x,Review; JournalArticle,unknown,4,cortex; brain/neural structure in title,
2020,Neural circuit policies enabling auditable autonomy,"Mathias Lechner, Ramin M. Hasani, Alexander Amini, T. Henzinger, D. Rus, R. Grosu",Nature Machine Intelligence,2020-10-01,272,General Brain-AI Structure Reviews and Methods,,10.1038/s42256-020-00237-3,cebc1e51eb6c17a9bd64353fd59d815fbfa9ff7f,https://doi.org/10.1038/s42256-020-00237-3,JournalArticle,unknown,5,brain; neural; brain/neural structure in title,
2020,Overexpression of schizophrenia susceptibility factor human complement C4A promotes excessive synaptic loss and behavioral changes in mice,"Melis Yilmaz, Esra Yalçın, J. Presumey, Ernest Aw, Minghe Ma, Christopher W. Whelan, et al.",Nature Neuroscience,2020-12-22,272,"Cellular, Synaptic, and Neuromorphic Foundations",brain-structure,10.1038/s41593-020-00763-8,c4f61cc39ccc443dd05d313a8fcdf1b2b3b34475,https://doi.org/10.1038/s41593-020-00763-8,JournalArticle,unknown,7,brain; cortical; synapse; historical computation/learning bridge,The complement component 4 (C4) gene is linked to schizophrenia and synaptic refinement.
2020,"Dump the ""dimorphism"": Comprehensive synthesis of human brain studies reveals few male-female differences beyond size.","L. Eliot, A. Ahmed, Hiba Khan, J. Patel",Neuroscience and Biobehavioral Reviews,2020-08-07,271,Structural Neuroimaging and AI,brain-structure;connectome;machine-learning;neuroimaging,10.31219/osf.io/syd7z,d0238b890caf7a8a40e5281db8683dc5da75dd45,https://doi.org/10.31219/osf.io/syd7z,Review; JournalArticle,unknown,21,brain; cortical; connectome; connectivity; fmri; mri; prediction; brain/neural structure in title; explicit brain-structure/AI bridge,"With the explosion of neuroimaging, differences between male and female brains have been exhaustively analyzed."
2020,Dynamic changes in glioma macrophage populations after radiotherapy reveal CSF-1R inhibition as a strategy to overcome resistance,"L. Akkari, R. Bowman, Jeremy Tessier, F. Klemm, Shanna M. Handgraaf, Marnix H. P. de Groot, et al.",Science Translational Medicine,2020-07-15,271,Clinical NeuroAI and Brain Disorders,brain-structure;clinical-neuroai,10.1126/scitranslmed.aaw7843,dab9ec645f8de20e7f5b718385afb93567abc8e1,https://doi.org/10.1126/scitranslmed.aaw7843,JournalArticle,unknown,5,brain; historical computation/learning bridge,"Macrophage subsets are dynamically altered during glioma response to radiotherapy, and their targeting delays tumor recurrence in preclinical trials."
2020,Impairment of Glycolysis-Derived l-Serine Production in Astrocytes Contributes to Cognitive Deficits in Alzheimer's Disease.,"J. Le Douce, M. Maugard, J. Véran, Marco Matos, Pierrick Jégo, Pierre-Antoine Vigneron, et al.",Cell Metabolism,2020-03-01,271,"Cellular, Synaptic, and Neuromorphic Foundations",brain-structure;clinical-neuroai,10.1016/J.CMET.2020.02.004,e4ca8d6ec4f9103c1b3882e44c33de5296da2691,https://doi.org/10.1016/J.CMET.2020.02.004,JournalArticle,unknown,1,brain,Alteration of brain aerobic glycolysis is often observed early in the course of Alzheimer's disease (AD).
2020,"Iron dyshomeostasis, lipid peroxidation and perturbed expression of cystine/glutamate antiporter in Alzheimer's disease: Evidence of ferroptosis","Azhaar Ashraf, Jérôme Jeandriens, H. Parkes, P. So",Redox Biology,2020-03-05,271,"Cellular, Synaptic, and Neuromorphic Foundations",brain-structure;neuroimaging;clinical-neuroai,10.1016/j.redox.2020.101494,b05a19af8bb1ea8033700e6905a7f7332675550c,https://doi.org/10.1016/j.redox.2020.101494,JournalArticle,unknown,1,brain,Iron dyshomeostasis is implicated in Alzheimer's disease (AD) alongside β-amyloid and tau pathologies.
2020,Protective effects of Akkermansia muciniphila on cognitive deficits and amyloid pathology in a mouse model of Alzheimer's disease,"Zihao Ou, Lulu Deng, Zhi Lu, Feifan Wu, Wanting Liu, Dongquan Huang, et al.",Nutrition & Diabetes,2020-04-22,271,"Cognitive Architectures, Learning, and Systems Neuroscience",brain-structure;clinical-neuroai,10.1038/s41387-020-0115-8,912ef0e93ba13afcb00cdfbe9bc3cac5e89f82d9,https://doi.org/10.1038/s41387-020-0115-8,JournalArticle,unknown,7,brain; cerebral; cortex; historical computation/learning bridge,Alzheimer's disease (AD) is a global health problem without effective methods to alleviate the disease progression.
2020,Achieving Life through Death: Redox Biology of Lipid Peroxidation in Ferroptosis,"H. Bayır, T. Anthonymuthu, Y. Tyurina, Sarju J. Patel, A. Amoscato, Andrew M. Lamade, et al.",Cell Chemical Biology,2020-04-01,270,"Cellular, Synaptic, and Neuromorphic Foundations",brain-structure,10.1016/j.chembiol.2020.03.014,751b4fdc55b7050076e58b28b845b96e682e141a,https://doi.org/10.1016/j.chembiol.2020.03.014,Review; JournalArticle,unknown,2,brain; neuron,"Summary Redox balance is essential for normal brain, hence dis-coordinated oxidative reactions leading to neuronal death, including programs of regulated death, are commonly viewed as an inevitable pathogenic penalty for acute neuro-injury and neurodegenerative diseases."
2020,A unified connectomic target for deep brain stimulation in obsessive-compulsive disorder,"Ningfei Li, J. Baldermann, A. Kibleur, S. Treu, H. Akram, G. Elias, et al.",Nature Communications,2020-07-03,269,"Connectomics, Graph Models, and Brain Networks",brain-structure;connectome;deep-learning;clinical-neuroai;neuromorphic-bci,10.1038/s41467-020-16734-3,e893da5820f2d2a99def992883fa04c3704e316e,https://doi.org/10.1038/s41467-020-16734-3,JournalArticle,unknown,18,brain; connectivity; neural; neural network; brain/neural structure in title; explicit brain-structure/AI bridge,Multiple surgical targets for treating obsessive-compulsive disorder with deep brain stimulation (DBS) have been proposed.
2020,Association of Steroids Use with Survival in Patients Treated with Immune Checkpoint Inhibitors: A Systematic Review and Meta-Analysis,"F. Petrelli, D. Signorelli, M. Ghidini, A. Ghidini, E. Pizzutilo, L. Ruggieri, et al.",Cancers,2020-02-27,269,General Brain-AI Structure Reviews and Methods,brain-structure;clinical-neuroai,10.3390/cancers12030546,9698f19dcf95d7364d80e390c20918f33bca7c41,https://doi.org/10.3390/cancers12030546,Review; JournalArticle,unknown,5,brain; historical computation/learning bridge,Immune checkpoint inhibitors (ICIs) can elicit toxicities by inhibiting negative regulators of adaptive immunity.
2020,Chronic stress-induced gut dysfunction exacerbates Parkinson's disease phenotype and pathology in a rotenone-induced mouse model of Parkinson's disease.,"H. Dodiya, C. Forsyth, Robin M. Voigt, P. Engen, Jinal Patel, M. Shaikh, et al.",Neurobiology of Disease,2020-02-01,269,"Cellular, Synaptic, and Neuromorphic Foundations",brain-structure;clinical-neuroai,10.1016/j.nbd.2018.12.012,d83588519e4697013065147b8de0a1dac8e33c00,https://doi.org/10.1016/j.nbd.2018.12.012,Review; JournalArticle,unknown,6,brain; neuron; historical computation/learning bridge,Recent evidence provides support for involvement of the microbiota-gut-brain axis in Parkinson's disease (PD) pathogenesis.
2020,"Clinical Practice Guideline to Improve Locomotor Function Following Chronic Stroke, Incomplete Spinal Cord Injury, and Brain Injury","T. Hornby, D. Reisman, I. Ward, Patricia L. Scheets, A. Miller, David Haddad, et al.",Journal of Neurologic Physical Therapy,2020-01-01,269,Clinical NeuroAI and Brain Disorders,brain-structure;clinical-neuroai,10.1097/NPT.0000000000000303,e3683ad4192626dc7e515c9ca472fa0e45fbb6b8,https://doi.org/10.1097/NPT.0000000000000303,JournalArticle; Review,unknown,4,brain; brain/neural structure in title,"Background: Individuals with acute-onset central nervous system (CNS) injury, including stroke, motor incomplete spinal cord injury, or traumatic brain injury, often experience lasting locomotor deficits, as quantified by decreases in gait speed and distance walked over a specific duration (timed distance)."
2020,HDAC3 inhibition ameliorates ischemia/reperfusion-induced brain injury by regulating the microglial cGAS-STING pathway,"Yajin Liao, Jinbo Cheng, Xiangxi Kong, Shuoshuo Li, Xiaoheng Li, Meijuan Zhang, et al.",Theranostics,2020-07-29,269,"Cellular, Synaptic, and Neuromorphic Foundations",brain-structure;clinical-neuroai,10.7150/thno.47651,e17296a132afca56300afa2d3dadf353798e201b,https://doi.org/10.7150/thno.47651,JournalArticle,unknown,5,brain; cerebral; brain/neural structure in title,"Rationale: It is known that neuroinflammation plays a critical and detrimental role in the development of cerebral ischemia/reperfusion (I/R), but the regulation of the cyclic GMP-AMP synthase (cGAS)-mediated innate immune response in I/R-induced neuroinflammation is largely unexplored."
2020,Navigating the Social Environment in Adolescence: The Role of Social Brain Development.,"Jack L. Andrews, Saz P. Ahmed, S. Blakemore",Biological Psychiatry,2020-09-17,269,"Cognitive Architectures, Learning, and Systems Neuroscience",brain-structure,10.1016/J.BIOPSYCH.2020.09.012,b9d9cbd05ecd83613e0a73b6ec9624449cef9f44,https://doi.org/10.1016/J.BIOPSYCH.2020.09.012,Review; JournalArticle,unknown,5,brain; cortical; brain/neural structure in title,"Successful navigation of the social environment is dependent on a number of social cognitive processes, including mentalizing and resistance to peer influence."
2020,Neuromodulation of Brain State and Behavior,"D. McCormick, Dennis Nestvogel, Biyu J. He",Annual Review of Neuroscience,2020-04-06,269,"Cognitive Architectures, Learning, and Systems Neuroscience",brain-structure,10.1146/annurev-neuro-100219-105424,0b93106d75ca0162e0f36422a91dc81c32224dd2,https://doi.org/10.1146/annurev-neuro-100219-105424,JournalArticle; Review,unknown,6,brain; cortical; neural; brain/neural structure in title,"Neural activity and behavior are both notoriously variable, with responses differing widely between repeated presentation of identical stimuli or trials."
2020,Long SARS-CoV-2 nucleocapsid sequences in blood monocytes collected soon after hospital admission,"Nathan Pagano, Maudry Laurent-Rolle, Jack Chun-Chieh Hsu, C. Vogels, N. Grubaugh, Laura Manuelidis",bioRxiv,2020-12-16,268,"Cellular, Synaptic, and Neuromorphic Foundations",brain-structure;clinical-neuroai,10.1101/2020.12.16.423113,1f2c16e6bbd76939788c1ea25e53099f850f2c52,https://doi.org/10.1101/2020.12.16.423113,paper,unknown,1,brain,Many viruses infect circulating mononuclear cells thereby facilitating infection of diverse organs.
2020,Recommendations to distinguish behavioural variant frontotemporal dementia from psychiatric disorders.,"S. Ducharme, A. Dols, R. Laforce, E. Devenney, F. Kumfor, J. van den Stock, et al.",Brain : a journal of neurology,2020-03-04,268,Clinical NeuroAI and Brain Disorders,brain-structure;neuroimaging;clinical-neuroai,10.1093/brain/awaa018,423c6e6a4731e42a6a387c761aaa555bd61a1687,https://doi.org/10.1093/brain/awaa018,JournalArticle; Review,unknown,2,brain; mri,The behavioural variant of frontotemporal dementia (bvFTD) is a frequent cause of early-onset dementia.
2020,Short-Chain Fatty Acids and Lipopolysaccharide as Mediators Between Gut Dysbiosis and Amyloid Pathology in Alzheimer's Disease,"M. Marizzoni, A. Cattaneo, P. Mirabelli, C. Festari, N. Lopizzo, Valentina Nicolosi, et al.",Journal of Alzheimer's Disease,2020-10-14,268,Clinical NeuroAI and Brain Disorders,brain-structure;neuroimaging;clinical-neuroai,10.3233/JAD-200306,45d1ffc9b791a9bf953cf37eb49e93e4455b5f6d,https://doi.org/10.3233/JAD-200306,JournalArticle,unknown,2,brain; cerebellum,"Background: Metagenomic data support an association between certain bacterial strains and Alzheimer's disease (AD), but their functional dynamics remain elusive."
2020,The Association between Early-Life Gut Microbiota and Long-Term Health and Diseases,"A. Sarkar, Ji Youn Yoo, Samia Valeria Ozorio Dutra, K. Morgan, M. Groer",Journal of Clinical Medicine,2020-11-27,268,Clinical NeuroAI and Brain Disorders,brain-structure;neural-signals;clinical-neuroai,10.3390/jcm10030459,dde66e889752988d246a09b98725094722e15d83,https://doi.org/10.3390/jcm10030459,Review; JournalArticle,unknown,4,brain; eeg; meg; ecog,Early life gut microbiota have been increasingly recognized as major contributors to short and/or long-term human health and diseases.
2020,Understanding Self-Training for Gradual Domain Adaptation,"Ananya Kumar, Tengyu Ma, Percy Liang",International Conference on Machine Learning,2020-02-26,268,"Cognitive Architectures, Learning, and Systems Neuroscience",brain-structure;connectome;machine-learning,,8dc871b80e50135c9d99de9f8eb8c64b63ee924f,https://www.semanticscholar.org/paper/8dc871b80e50135c9d99de9f8eb8c64b63ee924f,JournalArticle; Conference,unknown,13,brain; machine learning; explicit brain-structure/AI bridge,"Machine learning systems must adapt to data distributions that evolve over time, in applications ranging from sensor networks and self-driving car perception modules to brain-machine interfaces."
2020,Integrated Proteogenomic Characterization across Major Histological Types of Pediatric Brain Cancer,"F. Petralia, N. Tignor, B. Reva, Mateusz P. Koptyra, Shrabanti Chowdhury, D. Rykunov, et al.",Cell,2020-11-20,267,"Connectomics, Graph Models, and Brain Networks",brain-structure;connectome,10.1016/j.cell.2020.10.044,71f6e822dfa6341af3237527336b8f09f141690d,https://doi.org/10.1016/j.cell.2020.10.044,JournalArticle,unknown,4,brain; brain/neural structure in title,"SUMMARY We report a comprehensive proteogenomic analysis, including whole genome sequencing, RNA sequencing, proteomic and phosphoproteomic profiling, of 218 tumors across 7 histologic types of childhood brain cancer: low grade glioma (n=93), ependymoma (32), high grade glioma (25), medulloblastoma (22), ganglioglioma (18), craniopharyngioma (16) and atypical teratoid rhabdoid tumor (12)."
2020,Microglia Actively Remodel Adult Hippocampal Neurogenesis through the Phagocytosis Secretome,"Irune Díaz-Aparicio, Iñaki Paris, Virginia Sierra-Torre, Ainhoa Plaza-Zabala, Noelia Rodriguez-Iglesias, Mar Márquez-Ropero, et al.",Journal of Neuroscience,2020-01-02,267,"Cellular, Synaptic, and Neuromorphic Foundations",brain-structure,10.1523/JNEUROSCI.0993-19.2019,0d8171ac3fa4609617cb52986633009741438c6d,https://doi.org/10.1523/JNEUROSCI.0993-19.2019,JournalArticle,unknown,6,brain; neuron; historical computation/learning bridge,"During adult hippocampal neurogenesis, most newborn cells undergo apoptosis and are rapidly phagocytosed by resident microglia to prevent the spillover of intracellular contents."
2020,The Role of Natural Antioxidants Against Reactive Oxygen Species Produced by Cadmium Toxicity: A Review,"V. Unsal, T. Dalkıran, M. Çiçek, Engin Kölükçü",Advanced Pharmaceutical Bulletin,2020-02-18,267,Clinical NeuroAI and Brain Disorders,brain-structure;clinical-neuroai,10.34172/apb.2020.023,01541444084c841596ac98ed31003c2f49c48f49,https://doi.org/10.34172/apb.2020.023,Review; JournalArticle,unknown,1,brain,"Cadmium (Cd) is a significant ecotoxic heavy metal that adversely affects all biological processes of humans, animals and plants."
2020,'Liking' and 'wanting' in eating and food reward: Brain mechanisms and clinical implications.,"I. Morales, K. Berridge",Physiology and Behavior,2020-08-23,266,General Brain-AI Structure Reviews and Methods,brain-structure;clinical-neuroai,10.1016/j.physbeh.2020.113152,4adda843e61d45d6fe9cb862978e2589d9afea80,https://doi.org/10.1016/j.physbeh.2020.113152,Review; JournalArticle,unknown,6,brain; cortex; brainstem; brain/neural structure in title,It is becoming clearer how neurobiological mechanisms generate 'liking' and 'wanting' components of food reward.
2020,A large-scale genome-wide association study meta-analysis of cannabis use disorder,"E. Johnson, D. Demontis, T. Thorgeirsson, R. Walters, R. Polimanti, A. Hatoum, et al.",Lancet psychiatry,2020-10-20,266,General Brain-AI Structure Reviews and Methods,brain-structure;machine-learning;clinical-neuroai,10.1016/S2215-0366(20)30339-4,422b65175a74739bce7e46793d7157207690a5c8,https://doi.org/10.1016/S2215-0366(20)30339-4,JournalArticle,unknown,1,brain,"Summary Background Variation in liability to cannabis use disorder has a strong genetic component (estimated twin and family heritability about 50-70%) and is associated with negative outcomes, including increased risk of psychopathology."
2020,Adaptive transfer learning for EEG motor imagery classification with deep Convolutional Neural Network,"Kaishuo Zhang, Neethu Robinson, Seong-Whan Lee, Cuntai Guan",Neural Networks,2020-12-23,266,"Brain Decoding, Representation Learning, and BCI",brain-structure;connectome;machine-learning;deep-learning;decoding;neural-signals;neuromorphic-bci,10.1016/j.neunet.2020.12.013,79f8d49aa800a36af6afff2ccb4ba0d142c2598f,https://doi.org/10.1016/j.neunet.2020.12.013,JournalArticle,unknown,34,brain; eeg; neural; deep learning; neural network; classification; decoding; computational neuroscience; brain-computer; brain/neural structure in title; explicit brain-structure/AI bridge,"In recent years, deep learning has emerged as a powerful tool for developing Brain-Computer Interface (BCI) systems."
2020,Bifidobacterium adolescentis as a key member of the human gut microbiota in the production of GABA,"Sabrina Duranti, L. Ruiz, G. Lugli, Héctor Tamés, C. Milani, L. Mancabelli, et al.",Scientific Reports,2020-08-24,266,Computational Neuroscience and Brain-Inspired AI,brain-structure,10.1038/s41598-020-70986-z,4adb9ac05baee0621b6ab100b624a531095e0e9d,https://doi.org/10.1038/s41598-020-70986-z,JournalArticle,unknown,5,brain; historical computation/learning bridge,Gamma aminobutyric acid (GABA) is the principal inhibitory neurotransmitter playing a key role in anxiety and depression disorders in mammals.
2020,Different scaling of linear models and deep learning in UKBiobank brain images versus machine-learning datasets,"Marc-Andre Schulz, B. T. Yeo, J. Vogelstein, Janaina Mourao-Miranada, Jakob Nikolas Kather, Konrad Paul Kording, et al.",Nature Communications,2020-08-25,266,Structural Neuroimaging and AI,brain-structure;machine-learning;deep-learning,10.1038/s41467-020-18037-z,62b2c160394ec8f26f3016a9459add3f630b371f,https://doi.org/10.1038/s41467-020-18037-z,JournalArticle,unknown,28,brain; machine learning; deep learning; prediction; computational neuroscience; brain/neural structure in title; explicit brain-structure/AI bridge,"Recently, deep learning has unlocked unprecedented success in various domains, especially using images, text, and speech."
2020,Mesenchymal stem cell-derived magnetic extracellular nanovesicles for targeting and treatment of ischemic stroke.,"Han Young Kim, T. J. Kim, Lamie Kang, Youngju Kim, M. Kang, Jonghoon Kim, et al.",Biomaterials,2020-03-06,266,"Cellular, Synaptic, and Neuromorphic Foundations",brain-structure;clinical-neuroai,10.1016/j.biomaterials.2020.119942,23a7b59599c0dd4ec27ebaaadfc7ec5133c74705,https://doi.org/10.1016/j.biomaterials.2020.119942,JournalArticle,unknown,2,brain; cerebral,"Exosomes and extracellular nanovesicles (NV) derived from mesenchymal stem cells (MSC) may be used for the treatment of ischemic stroke owing to their multifaceted therapeutic benefits that include the induction of angiogenesis, anti-apoptosis, and anti-inflammation."
2020,3D Self-Supervised Methods for Medical Imaging,"Aiham Taleb, W. Loetzsch, Noel Danz, Julius Severin, Thomas Gaertner, Benjamin Bergner, et al.",Neural Information Processing Systems,2020-06-06,265,Computational Neuroscience and Brain-Inspired AI,brain-structure;connectome;machine-learning;deep-learning;decoding;brain-inspired-ai;neuroimaging,,11bdffb5d46e8510626384db9ae7420f4a88d981,https://www.semanticscholar.org/paper/11bdffb5d46e8510626384db9ae7420f4a88d981,JournalArticle,unknown,27,brain; mri; neural; neural network; prediction; predictive; computational neuroscience; explicit brain-structure/AI bridge,Self-supervised learning methods have witnessed a recent surge of interest after proving successful in multiple application fields.
2020,Active deep neural network features selection for segmentation and recognition of brain tumors using MRI images,"M. I. Sharif, J. Li, Muhammad Attique Khan, M. Saleem",Pattern Recognition Letters,2020-01-01,265,Structural Neuroimaging and AI,brain-structure;connectome;machine-learning;deep-learning;neuroimaging;neural-signals;clinical-neuroai,10.1016/j.patrec.2019.11.019,77a9f8e8db5913376eedbc7aaf93052e7f74a688,https://doi.org/10.1016/j.patrec.2019.11.019,JournalArticle,unknown,31,brain; mri; ecog; neural; deep learning; neural network; classification; computational neuroscience; brain/neural structure in title; explicit brain-structure/AI bridge,Abstract Glioma is a kind of brain tumor that can arise at a distinct location along with dissimilar appearance and size.
2020,A high-coverage Neandertal genome from Chagyrskaya Cave,"F. Mafessoni, Steffi Grote, Cesare de Filippo, V. Slon, K. Kolobova, B. Viola, et al.",Proceedings of the National Academy of Sciences of the United States of America,2020-03-13,264,General Brain-AI Structure Reviews and Methods,brain-structure,10.1073/pnas.2004944117,1b43a3ce87adfc907637dd9ecb3ef15ce9346fc9,https://doi.org/10.1073/pnas.2004944117,JournalArticle,unknown,2,brain; basal ganglia,Significance We present the third high-quality genome to be determined from a Neandertal.
2020,Middle Meningeal Artery Embolization for Chronic Subdural Hematoma,"J. Catapano, C. Nguyen, A. Wakim, F. Albuquerque, A. Ducruet",Frontiers in Neurology,2020-10-20,263,Clinical NeuroAI and Brain Disorders,brain-structure;clinical-neuroai,10.3389/fneur.2020.557233,fe881df1088bdba08b4f6653aed6f2101860c1da,https://doi.org/10.3389/fneur.2020.557233,Review; JournalArticle,unknown,1,brain,Chronic subdural hematoma (cSDH) is a common disease process associated with significant morbidity that occurs most often in elderly patients.
2020,Neuroinvasion and Encephalitis Following Intranasal Inoculation of SARS-CoV-2 in K18-hACE2 Mice,"P. Kumari, H. Rothan, J. Natekar, S. Stone, H. Pathak, Philip G. Strate, et al.",bioRxiv,2020-12-14,263,"Cellular, Synaptic, and Neuromorphic Foundations",brain-structure,10.3390/v13010132,38f2c0b301c253472b6598e34d679db8fe6d2351,https://doi.org/10.3390/v13010132,JournalArticle,unknown,2,brain; neuron,"Severe acute respiratory syndrome coronavirus-2 (SARS-CoV-2) infection can cause neurological disease in humans, but little is known about the pathogenesis of SARS-CoV-2 infection in the central nervous system."
2020,Regulation of beta-amyloid production in neurons by astrocyte-derived cholesterol,"Hao Wang, Joshua A. Kulas, Chao Wang, D. Holtzman, H. Ferris, S. Hansen",Proceedings of the National Academy of Sciences of the United States of America,2020-06-18,263,"Cellular, Synaptic, and Neuromorphic Foundations",brain-structure;clinical-neuroai,10.1073/pnas.2102191118,5a42b23f7b9e9c76ec8aa6f32bf87f6bb51613ce,https://doi.org/10.1073/pnas.2102191118,JournalArticle,unknown,6,brain; neuron; historical computation/learning bridge,Significance The accumulation of amyloid β (Aβ) in the brain appears to be a necessary event in the pathogenesis of Alzheimer's disease (AD).
2020,"The roles of physical activity, exercise, and fitness in promoting resilience during adolescence: effects on mental well-being and brain development","B. Belcher, Jennifer Zink, Anisa Azad, Claire E. Campbell, Sandhya P Chakravartti, M. Herting",Biological Psychiatry: Cognitive Neuroscience and Neuroimaging,2020-08-18,263,General Brain-AI Structure Reviews and Methods,brain-structure;neuroimaging,10.1016/j.bpsc.2020.08.005,6face486af94ccbbee50d1cd90953145f657995c,https://doi.org/10.1016/j.bpsc.2020.08.005,Review; JournalArticle,unknown,5,brain; neural; brain/neural structure in title,Adolescence is a critical yet vulnerable period for developing behaviors important for mental well-being.
2020,XTRACT - Standardised protocols for automated tractography in the human and macaque brain,"S. Warrington, K. Bryant, A. Khrapitchev, J. Sallet, Marina Charquero-Ballester, G. Douaud, et al.",NeuroImage,2020-05-11,263,"Connectomics, Graph Models, and Brain Networks",brain-structure;connectome,10.1016/j.neuroimage.2020.116923,c83d861cebc48ec84679da46ad65e6c5995c60aa,https://doi.org/10.1016/j.neuroimage.2020.116923,JournalArticle,unknown,6,brain; connectome; tractography; brain/neural structure in title,We present a new software package with a library of standardised tractography protocols devised for the robust automated extraction of white matter tracts both in the human and the macaque brain.
2020,A computational tool (H-MAGMA) for improved prediction of brain disorder risk genes by incorporating brain chromatin interaction profiles,"N. Sey, Benxia Hu, Won Mah, Harper B. Fauni, J. McAfee, P. Rajarajan, et al.",Nature Neuroscience,2020-03-09,262,"Cellular, Synaptic, and Neuromorphic Foundations",brain-structure;machine-learning,10.1038/s41593-020-0603-0,f35ffcf138c22bfc43a0a99a2bb24338a41bf44b,https://doi.org/10.1038/s41593-020-0603-0,JournalArticle,unknown,17,brain; neuron; prediction; brain/neural structure in title; explicit brain-structure/AI bridge,"Most risk variants for brain disorders identified by genome-wide association studies reside in the noncoding genome, which makes deciphering biological mechanisms difficult."
2020,Herpes Simplex Virus-1 in the Brain: The Dark Side of a Sneaky Infection.,"M. E. Marcocci, G. Napoletani, V. Protto, O. Kolesova, R. Piacentini, D. D. Li Puma, et al.",Trends in Microbiology,2020-05-05,262,Clinical NeuroAI and Brain Disorders,brain-structure;clinical-neuroai,10.1016/j.tim.2020.03.003,b8a14754ddafa06e87b5e15e63219606f9ebea1a,https://doi.org/10.1016/j.tim.2020.03.003,Review; JournalArticle,unknown,5,brain; neuron; brain/neural structure in title,Herpes simplex virus-1 (HSV-1) establishes latency preferentially in sensory neurons of peripheral ganglia.
2020,Huntington's disease alters human neurodevelopment,"M. Barnat, M. Capizzi, Esther Aparicio, Susana Boluda, Doris Wennagel, Radhia Kacher, et al.",Science,2020-07-16,262,"Cellular, Synaptic, and Neuromorphic Foundations",brain-structure;neuroimaging,10.1126/science.aax3338,10b8b9b2462d028e905894d11dd484a4eb7dc098,https://doi.org/10.1126/science.aax3338,JournalArticle,unknown,4,brain; cortex; neuron; neural,Neural progenitors disrupted Symptoms of Huntington's disease (HD) manifest in adulthood despite the aberrant protein being present much earlier in persons carrying the disease-causing mutation.
2020,Impairment of the Glymphatic Pathway and Putative Meningeal Lymphatic Vessels in the Aging Human,"Ying Zhou, Jinsong Cai, Wenhua Zhang, X. Gong, Shenqiang Yan, Kemeng Zhang, et al.",Annals of Neurology,2020-01-09,262,General Brain-AI Structure Reviews and Methods,brain-structure,10.1002/ana.25670,be85515a415dbaec6cb21ba889d9ecc538e68dd5,https://doi.org/10.1002/ana.25670,JournalArticle,unknown,1,brain,"Aging is a major risk factor for numerous neurological disorders, and the mechanisms underlying brain aging remain elusive."
2020,Blood-brain barrier regulation in psychiatric disorders.,"J. Kealy, C. Greene, M. Campbell",Neuroscience Letters,2020-05-01,261,Clinical NeuroAI and Brain Disorders,brain-structure;neuroimaging;clinical-neuroai,10.1016/j.neulet.2018.06.033,add248e8c7da7a7ab263816023be82d429bf8091,https://doi.org/10.1016/j.neulet.2018.06.033,Review; JournalArticle,unknown,5,brain; cerebral; brain/neural structure in title,"The blood-brain barrier (BBB) is a dynamic interface between the peripheral blood supply and the cerebral parenchyma, controlling the transport of material to and from the brain."
2020,Efficacy of non-invasive brain stimulation on cognitive functioning in brain disorders: a meta-analysis,"M. Begemann, B. Brand, B. Ćurčić-Blake, A. Aleman, I. Sommer",Psychological Medicine,2020-10-19,261,"Cognitive Architectures, Learning, and Systems Neuroscience",brain-structure;clinical-neuroai;neuromorphic-bci,10.1017/S0033291720003670,dc70b141801c747d32504dc1a9f1ff8c62a3df67,https://doi.org/10.1017/S0033291720003670,JournalArticle,unknown,8,brain; brain/neural structure in title; historical computation/learning bridge,Abstract Background Cognition is commonly affected in brain disorders.
2020,"Gangliosides in the Brain: Physiology, Pathophysiology and Therapeutic Applications","S. Sipione, J. Monyror, D. Galleguillos, Noam Steinberg, V. Kadam",Frontiers in Neuroscience,2020-10-06,261,Clinical NeuroAI and Brain Disorders,brain-structure;clinical-neuroai,10.3389/fnins.2020.572965,6764943f261d26288a04634b4543a548b4ffcb07,https://doi.org/10.3389/fnins.2020.572965,Review; JournalArticle,unknown,8,brain; brain/neural structure in title; historical computation/learning bridge,"Gangliosides are glycosphingolipids highly abundant in the nervous system, and carry most of the sialic acid residues in the brain."
2020,Hierarchical dynamics as a macroscopic organizing principle of the human brain,"Ryan V. Raut, A. Snyder, M. Raichle",Proceedings of the National Academy of Sciences of the United States of America,2020-08-12,261,"Connectomics, Graph Models, and Brain Networks",brain-structure;connectome;decoding;neuroimaging,10.1073/pnas.2003383117,8cc0290fdd7e450a5ec00cebbf9146536a266925,https://doi.org/10.1073/pnas.2003383117,JournalArticle,unknown,11,brain; cerebral; cortex; cortical; hippocampus; thalamus; brain/neural structure in title,"Significance Accumulating evidence suggests that, during task performance, information is encoded at shorter timescales in primary sensory regions as compared to longer timescales in higher-order cortical regions."
2020,Autophagy as a decisive process for cell death,"Seonghee Jung, Hyeonjeong Jeong, Seong-Woon Yu",Experimental and Molecular Medicine,2020-06-01,260,"Cellular, Synaptic, and Neuromorphic Foundations",brain-structure;neural-signals,10.1038/s12276-020-0455-4,3a48fd8bd7a5897803773e72a9766c7b31dc03b9,https://doi.org/10.1038/s12276-020-0455-4,Review; JournalArticle,unknown,4,brain; eeg; meg; ecog,Autophagy is an intracellular catabolic pathway in which cellular constituents are engulfed by autophagosomes and degraded upon autophagosome fusion with lysosomes.
2020,Hypo-fractionated FLASH-RT: An effective treatment against glioblastoma that significantly reduces neurocognitive side effects in mice,"Pierre Montay-Gruel, M. Acharya, Patrik Gonçalves Jorge, B. Petit, I. Petridis, Philippe Fuchs, et al.",Clinical Cancer Research,2020-10-15,260,"Cognitive Architectures, Learning, and Systems Neuroscience",brain-structure;clinical-neuroai,10.1158/1078-0432.CCR-20-0894,f63f2f3682c85909e4cfc834ad12c86ac1be1ea8,https://doi.org/10.1158/1078-0432.CCR-20-0894,JournalArticle,unknown,5,brain; historical computation/learning bridge,"Purpose: Recent data have shown that single-fraction irradiation delivered to the whole brain in less than tenths of a second using FLASH radiotherapy (FLASH-RT), does not elicit neurocognitive deficits in mice."
2020,Post-Stroke Cardiovascular Complications and Neurogenic Cardiac Injury: JACC State-of-the-Art Review.,"L. Sposato, M. Hilz, S. Aspberg, S. Murthy, M. Bahit, C. Hsieh, et al.",Journal of the American College of Cardiology,2020-12-08,260,Computational Neuroscience and Brain-Inspired AI,brain-structure;clinical-neuroai,10.1016/j.jacc.2020.10.009,0b9513eb37af75263e1c83e50f5f0d8538d3eaff,https://doi.org/10.1016/j.jacc.2020.10.009,Review; JournalArticle,unknown,5,brain; historical computation/learning bridge,Over 1.5 million deaths worldwide are caused by neurocardiogenic syndromes.
2020,Programmed axon degeneration: from mouse to mechanism to medicine,"M. Coleman, A. Höke",Nature Reviews Neuroscience,2020-03-09,260,General Brain-AI Structure Reviews and Methods,brain-structure,10.1038/s41583-020-0269-3,4e7721a4ca3bea1f9fffdbbcbdd7291f5e0e2c46,https://doi.org/10.1038/s41583-020-0269-3,Review; JournalArticle,unknown,1,brain,Wallerian degeneration is a widespread mechanism of programmed axon degeneration.
2020,Short-chain fatty acids (SCFAs) alone or in combination regulate select immune functions of microglia-like cells.,"Tyler J. Wenzel, Ellen J Gates, Athena L. Ranger, A. Klegeris",Molecular and cellular neurosciences,2020-04-22,260,Clinical NeuroAI and Brain Disorders,brain-structure;clinical-neuroai,10.1016/j.mcn.2020.103493,d4289cc0e88d8bd305a6fad37f0d29b994332e52,https://doi.org/10.1016/j.mcn.2020.103493,JournalArticle,unknown,5,brain; historical computation/learning bridge,"Neuroinflammation contributes to neurodegenerative disorders, including Alzheimer's disease (AD)."
2020,A comparative analysis of signal processing and classification methods for different applications based on EEG signals,"Ashima Khosla, P. Khandnor, T. Chand",Unknown venue,2020-04-01,259,General Brain-AI Structure Reviews and Methods,brain-structure;connectome;machine-learning;neuroimaging;neural-signals;clinical-neuroai,10.1016/j.bbe.2020.02.002,bd1a6c601c9b2d8ff307edacf974336d51846929,https://doi.org/10.1016/j.bbe.2020.02.002,Review,unknown,17,brain; eeg; meg; ecog; neuron; classification; explicit brain-structure/AI bridge,Abstract Electroencephalogram (EEG) measures the neuronal activities in the form of electric currents that are generated due to the synchronized activity by a group of specialized pyramidal cells inside the brain.
2020,Tutorial: guidelines for standardized performance tests for electrodes intended for neural interfaces and bioelectronics,"C. Boehler, Stefano Carli, L. Fadiga, T. Stieglitz, M. Asplund",Nature Protocols,2020-10-19,259,General Brain-AI Structure Reviews and Methods,,10.1038/s41596-020-0389-2,c70f2b002c5e97e36939111d75cf3f6f00644a47,https://doi.org/10.1038/s41596-020-0389-2,Review; JournalArticle,unknown,5,brain; neural; brain/neural structure in title,
2020,Histidine Metabolism and Function.,"M. Brosnan, J. Brosnan",Journal of NutriLife,2020-10-01,258,"Cellular, Synaptic, and Neuromorphic Foundations",brain-structure;neural-signals,10.1093/jn/nxaa079,e4ae28e4ef6a50090cf701c3c051e1ba23c2f2d8,https://doi.org/10.1093/jn/nxaa079,JournalArticle,unknown,4,brain; eeg; meg; ecog,Histidine is a dietary essential amino acid because it cannot be synthesized in humans.
2020,Meta-Analysis of the Alzheimer's Disease Human Brain Transcriptome and Functional Dissection in Mouse Models,"Ying-Wooi Wan, Rami Al-Ouran, C. G. Mangleburg, T. Perumal, Tom V. Lee, Katherine S. Allison, et al.",Cell Reports,2020-07-01,258,General Brain-AI Structure Reviews and Methods,brain-structure;connectome;clinical-neuroai,10.1016/j.celrep.2020.107908,f816457288d6c6c6dd6024a992a8383a1e4cc92a,https://doi.org/10.1016/j.celrep.2020.107908,JournalArticle,unknown,9,brain; neuron; brain/neural structure in title; historical computation/learning bridge,"SUMMARY We present a consensus atlas of the human brain transcriptome in Alzheimer's disease (AD), based on meta-analysis of differential gene expression in 2,114 postmortem samples."
2020,The clinical promise of biomarkers of synapse damage or loss in Alzheimer's disease,"M. Colom-Cadena, T. Spires-Jones, Henrik Zetterberg, K. Blennow, Anthony O. Caggiano, S. DeKosky, et al.",Alzheimer's Research & Therapy,2020-03-02,258,Clinical NeuroAI and Brain Disorders,brain-structure;connectome;neuroimaging;neural-signals;clinical-neuroai,10.1186/s13195-020-00588-4,e8fab6b9247f1f7cff3bf4b9d0832a595915e697,https://doi.org/10.1186/s13195-020-00588-4,Review; JournalArticle,unknown,3,brain; eeg; synapse,Synapse damage and loss are fundamental to the pathophysiology of Alzheimer's disease (AD) and lead to reduced cognitive function.
2020,The influence of mental fatigue on brain activity: Evidence from a systematic review with meta-analyses.,"Y. Tran, A. Craig, Rachel Craig, Rifai Chai, H. Nguyen",Psychophysiology,2020-02-28,258,"Connectomics, Graph Models, and Brain Networks",brain-structure;connectome;neural-signals;clinical-neuroai,10.1111/psyp.13554,e3df70a9f57bf20a6346baa2d89ce892881bdf7c,https://doi.org/10.1111/psyp.13554,Review; JournalArticle,unknown,6,brain; eeg; meg; brain/neural structure in title,The occurrence of mental fatigue during tasks like driving a vehicle increases risk of injury or death.
2020,Trait and state anxiety are mapped differently in the human brain,"F. Saviola, E. Pappaianni, A. Monti, A. Grecucci, J. Jovicich, Nicola De Pisapia",Scientific Reports,2020-07-06,258,"Connectomics, Graph Models, and Brain Networks",brain-structure;connectome;neuroimaging;clinical-neuroai,10.1038/s41598-020-68008-z,271dd4dceecd949dd08584b74d32cf3bf294e418,https://doi.org/10.1038/s41598-020-68008-z,JournalArticle,unknown,7,brain; connectivity; mri; neural; brain/neural structure in title,"Anxiety is a mental state characterized by an intense sense of tension, worry or apprehension, relative to something adverse that might happen in the future."
2020,Attention Gate ResU-Net for Automatic MRI Brain Tumor Segmentation,"Jianxin Zhang, Zongkang Jiang, Ji-jun Dong, Yaqing Hou, Bin Liu",IEEE Access,2020,257,Structural Neuroimaging and AI,brain-structure;neuroimaging;clinical-neuroai,10.1109/ACCESS.2020.2983075,bbbbdc9655a244e90db48f7f9ee6032f6e2c05cb,https://doi.org/10.1109/ACCESS.2020.2983075,JournalArticle,unknown,9,brain; mri; brain/neural structure in title; historical computation/learning bridge,Brain tumor segmentation technology plays a pivotal role in the process of diagnosis and treatment of MRI brain tumors.
2020,Microglia and macrophage metabolism in CNS injury and disease: the role of immunometabolism in neurodegeneration and neurotrauma,"Nicholas A. Devanney, Andrew N. Stewart, J. Gensel",Experimental Neurology,2020-04-11,257,Clinical NeuroAI and Brain Disorders,brain-structure;machine-learning;clinical-neuroai,10.1016/j.expneurol.2020.113310,b2b7b21306efc783d593ec3f1a61317416e8cc5d,https://doi.org/10.1016/j.expneurol.2020.113310,Review; JournalArticle,unknown,13,brain; classification; explicit brain-structure/AI bridge,"Innate immune responses, particularly activation of macrophages and microglia, are increasingly implicated in CNS disorders."
2020,The Gut-Brain Axis Mediates Sugar Preference,"Hwei-Ee Tan, Alexander C. Sisti, Hao Jin, Martin Vignovich, Miguel Villavicencio, Katherine S. Tsang, et al.",Nature,2020-02-26,257,"Cellular, Synaptic, and Neuromorphic Foundations",brain-structure;neuroimaging,10.1038/s41586-020-2199-7,4aaa2731be5a826d4a8e95944c23d1f9c7684d3e,https://doi.org/10.1038/s41586-020-2199-7,JournalArticle,unknown,7,brain; brainstem; neuron; neural; brain/neural structure in title,The taste of sugar is one of the most basic sensory percepts for humans and other animals.
2020,The Novel Role of PPAR Alpha in the Brain: Promising Target in Therapy of Alzheimer's Disease and Other Neurodegenerative Disorders,"S. Wójtowicz, Anna K. Strosznajder, Mieszko J. Jeżyna, J. Strosznajder",Neurochemical Research,2020-03-13,257,Clinical NeuroAI and Brain Disorders,brain-structure;clinical-neuroai,10.1007/s11064-020-02993-5,206085b26f7482339eff1265bfbb28446bb97668,https://doi.org/10.1007/s11064-020-02993-5,Review; JournalArticle,unknown,4,brain; brain/neural structure in title,Peroxisome proliferator activated receptor alpha (PPAR-α) belongs to the family of ligand-regulated nuclear receptors (PPARs).
2020,The Role of TH17 Cells in Multiple Sclerosis: Therapeutic Implications.,"T. Moser, K. Akgün, Undine Proschmann, J. Sellner, T. Ziemssen",Autoimmunity Reviews,2020-08-12,257,"Cellular, Synaptic, and Neuromorphic Foundations",brain-structure;clinical-neuroai,10.1016/j.autrev.2020.102647,b4e631ecc1d5b7b78842753ef3ff83c4ed89a363,https://doi.org/10.1016/j.autrev.2020.102647,Review; JournalArticle,unknown,1,brain,Multiple sclerosis (MS) is an inflammatory demyelinating disease of the central nervous system (CNS) where immunopathology is thought to be mediated by myelin-reactive CD4+ T helper (TH) cells.
2020,A population-based phenome-wide association study of cardiac and aortic structure and function,"Wenjia Bai, Hideaki Suzuki, Jian Huang, C. Francis, Shuo Wang, G. Tarroni, et al.",Nature Medicine,2020-08-24,256,Clinical NeuroAI and Brain Disorders,brain-structure;connectome;neuroimaging;clinical-neuroai,10.1038/s41591-020-1009-y,7320c37d1256505499008ec45c34bebfaef0eeb0,https://doi.org/10.1038/s41591-020-1009-y,JournalArticle,unknown,5,brain; historical computation/learning bridge,Differences in cardiac and aortic structure and function are associated with cardiovascular diseases and a wide range of other types of disease.
2020,A Randomized Trial of Erythropoietin for Neuroprotection in Preterm Infants,"Sandra E. Juul, B. Comstock, R. Wadhawan, D. Mayock, S. E. Courtney, Tonya Robinson, et al.",New England Journal of Medicine,2020-01-15,256,Clinical NeuroAI and Brain Disorders,brain-structure;clinical-neuroai,10.1056/NEJMoa1907423,c19085aee5f8dde830d63dff09f2662316d7e839,https://doi.org/10.1056/NEJMoa1907423,JournalArticle,unknown,6,brain; cerebral; historical computation/learning bridge,"BACKGROUND High-dose erythropoietin has been shown to have a neuroprotective effect in preclinical models of neonatal brain injury, and phase 2 trials have suggested possible efficacy; however, the benefits and safety of this therapy in extremely preterm infants have not been established."
2020,COVID-19-associated Diffuse Leukoencephalopathy and Microhemorrhages,"A. Radmanesh, A. Derman, Y. Lui, E. Raz, J. Loh, M. Hagiwara, et al.",Radiology,2020-05-21,256,Structural Neuroimaging and AI,brain-structure;neuroimaging;clinical-neuroai,10.1148/radiol.2020202040,a9816198cc3b667a2362e697fa4ca3a38a6b685a,https://doi.org/10.1148/radiol.2020202040,JournalArticle,unknown,3,brain; cortical; mri,Diffuse leukoencephalopathy and juxtacortical and/or callosal microhemorrhages were brain imaging features in critically ill patients with coronavirus disease 2019.
2020,Fast Symmetric Diffeomorphic Image Registration with Convolutional Neural Networks,"Tony C. W. Mok, Albert C. S. Chung",Computer Vision and Pattern Recognition,2020-03-20,256,Structural Neuroimaging and AI,brain-structure;connectome;deep-learning;neuroimaging;neural-signals,10.1109/cvpr42600.2020.00470,ade2def7faa1bf514f0e2ca333b07ba274783f2f,https://doi.org/10.1109/cvpr42600.2020.00470,JournalArticle; Conference,unknown,21,brain; neural; deep learning; neural network; brain/neural structure in title; explicit brain-structure/AI bridge,"Diffeomorphic deformable image registration is crucial in many medical image studies, as it offers unique, special features including topology preservation and invertibility of the transformation."
2020,GraphSleepNet: Adaptive Spatial-Temporal Graph Convolutional Networks for Sleep Stage Classification,"Ziyu Jia, Youfang Lin, Jing Wang, R. Zhou, Xiaojun Ning, Yuanlai He, et al.",International Joint Conference on Artificial Intelligence,2020-07-01,256,"Connectomics, Graph Models, and Brain Networks",brain-structure;connectome;machine-learning;deep-learning;neural-signals;clinical-neuroai,10.24963/ijcai.2020/184,06516a7a2f03af32a819bdc5aeaf152536484095,https://doi.org/10.24963/ijcai.2020/184,JournalArticle; Conference,unknown,24,brain; eeg; meg; neural; neural network; classification; graph neural; explicit brain-structure/AI bridge,Sleep stage classification is essential for sleep assessment and disease diagnosis.
2020,Mechanisms of Blood-Brain Barrier Dysfunction in Traumatic Brain Injury,"Alison M. Cash, M. Theus",International Journal of Molecular Sciences,2020-05-01,256,General Brain-AI Structure Reviews and Methods,brain-structure,10.3390/ijms21093344,7e64e749033ef4dd3e23a60bf347fdeca0f25097,https://doi.org/10.3390/ijms21093344,Review; JournalArticle,unknown,4,brain; brain/neural structure in title,Traumatic brain injuries (TBIs) account for the majority of injury-related deaths in the United States with roughly two million TBIs occurring annually.
2020,Tumor microenvironment differences between primary tumor and brain metastases,"B. Cacho-Díaz, Donovan R. García-Botello, T. Wegman-Ostrosky, G. Reyes-Soto, E. Ortiz-Sánchez, L. Herrera-Montalvo",Journal of Translational Medicine,2020-01-03,256,"Cellular, Synaptic, and Neuromorphic Foundations",brain-structure;neuroimaging,10.1186/s12967-019-02189-8,1529c66af302132edb24ac0301b77734424909a0,https://doi.org/10.1186/s12967-019-02189-8,Review; JournalArticle,unknown,4,brain; brain/neural structure in title,"The present review aimed to discuss contemporary scientific literature involving differences between the tumor microenvironment (TME) in melanoma, lung cancer, and breast cancer in their primary site and TME in brain metastases (BM)."
2020,Cadmium-Induced Oxidative Stress: Focus on the Central Nervous System,"J. Branca, C. Fiorillo, Donatello Carrino, F. Paternostro, N. Taddei, M. Gulisano, et al.",Antioxidants,2020-06-01,255,"Cellular, Synaptic, and Neuromorphic Foundations",brain-structure,10.3390/antiox9060492,6c20b5c1c71980601bcb8c1dd41742ae8f46b611,https://doi.org/10.3390/antiox9060492,Review; JournalArticle,unknown,2,brain; neuron,"Cadmium (Cd), a category I human carcinogen, is a well-known widespread environmental pollutant."
2020,Early evidence of pronounced brain involvement in fatal COVID-19 outcomes,"C. V. von Weyhern, I. Kaufmann, F. Neff, M. Kremer",The Lancet,2020-06-01,255,General Brain-AI Structure Reviews and Methods,brain-structure,10.1016/S0140-6736(20)31282-4,659474832820ba10b383bc6fc6cd17f9bf72d0aa,https://doi.org/10.1016/S0140-6736(20)31282-4,LettersAndComments,unknown,4,brain; brain/neural structure in title,
2020,EEG-based emotion recognition using an end-to-end regional-asymmetric convolutional neural network,"Heng Cui, Aiping Liu, Xu Zhang, Xiang Chen, Kongqiao Wang, Xun Chen",Knowledge-Based Systems,2020-10-12,255,"Connectomics, Graph Models, and Brain Networks",brain-structure;connectome;machine-learning;deep-learning;decoding;neural-signals,10.1016/j.knosys.2020.106243,8f8d7f1143c8c3f0b8fd7c0d42f2eb1e051d9ddc,https://doi.org/10.1016/j.knosys.2020.106243,JournalArticle,unknown,24,brain; eeg; meg; ecog; neural; neural network; classification; brain/neural structure in title; explicit brain-structure/AI bridge,"Abstract Emotion recognition based on electroencephalography (EEG) is of great important in the field of Human-Computer Interaction (HCI), which has received extensive attention in recent years."
2020,Exosomes derived from mesenchymal stem cells repair a Parkinson's disease model by inducing autophagy,"Hong-Xu Chen, Fu-Chao Liang, Ping Gu, Biantiao Xu, Hongpeng Xu, Wenting Wang, et al.",Cell Death and Disease,2020-04-01,255,"Cellular, Synaptic, and Neuromorphic Foundations",brain-structure;clinical-neuroai,10.1038/s41419-020-2473-5,4e2160083af5f5f72f76ad6d7b358d49d5617217,https://doi.org/10.1038/s41419-020-2473-5,JournalArticle,unknown,6,brain; neuron; historical computation/learning bridge,Parkinson's disease (PD) is a progressively debilitating neurodegenerative condition that leads to motor and cognitive dysfunction.
2020,Mortality and recurrent vascular events after first incident stroke: a 9-year community-based study of 0·5 million Chinese adults,"Yiping Chen, N. Wright, Yu Guo, I. Turnbull, C. Kartsonaki, Ling Yang, et al.",Lancet Global Health,2020-03-18,255,Clinical NeuroAI and Brain Disorders,brain-structure;connectome;clinical-neuroai,10.1016/S2214-109X(20)30069-3,ecdc484a6b77f5c022a131b026c7a0cd48a944c7,https://doi.org/10.1016/S2214-109X(20)30069-3,JournalArticle; Review,unknown,2,brain; cerebral,Summary Background Stroke is a leading cause of death and disability worldwide.
2020,"Viscoelastic haemostatic assay augmented protocols for major trauma haemorrhage (ITACTIC): a randomized, controlled trial","K. Baksaas-Aasen, L. Gall, J. Stensballe, N. Juffermans, Nicola Curry, M. Maegele, et al.",Intensive Care Medicine,2020-10-13,255,"Cellular, Synaptic, and Neuromorphic Foundations",brain-structure;clinical-neuroai,10.1007/s00134-020-06266-1,fb254092644fb98e4a4c89fb97181a9b01a673d6,https://doi.org/10.1007/s00134-020-06266-1,JournalArticle,unknown,1,brain,Purpose Contemporary trauma resuscitation prioritizes control of bleeding and uses major haemorrhage protocols (MHPs) to prevent and treat coagulopathy.
2020,Estrogenic control of mitochondrial function,C. Klinge,Redox Biology,2020-01-23,254,"Cellular, Synaptic, and Neuromorphic Foundations",brain-structure,10.1016/j.redox.2020.101435,094c040d1ac04f9ef2b5b89f8c764105396a3881,https://doi.org/10.1016/j.redox.2020.101435,Review; JournalArticle,unknown,1,brain,Sex-based differences in human disease are caused in part by the levels of endogenous sex steroid hormones which regulate mitochondrial metabolism.
2020,Heavy Metals Exposure and Alzheimer's Disease and Related Dementias,"K. Bakulski, Y. Seo, R. Hickman, Daniel Brandt, Harita S. Vadari, Howard Hu, et al.",Journal of Alzheimer's Disease,2020-07-07,254,Clinical NeuroAI and Brain Disorders,brain-structure;clinical-neuroai,10.3233/JAD-200282,91431a6bfff283334496ad8f44a6170e2f2b20fc,https://doi.org/10.3233/JAD-200282,Review; JournalArticle,unknown,5,brain; historical computation/learning bridge,Alzheimer's disease and related dementias lack effective treatment or cures and are major public health challenges.
2020,Pathophysiology of ischemic stroke: role of oxidative stress.,"Sofía Orellana-Urzúa, Ignacio Rojas, L. Líbano, Ramón Rodrigo",Current pharmaceutical design,2020-07-08,254,"Cellular, Synaptic, and Neuromorphic Foundations",brain-structure;clinical-neuroai,10.2174/1381612826666200708133912,470c7e31f58480d4e79bc039d55dc4ab4be08e30,https://doi.org/10.2174/1381612826666200708133912,JournalArticle; Review,unknown,1,brain,Stroke is the second leading cause of mortality and the major cause of adult physical disability worldwide.
2020,Representational drift in primary olfactory cortex,"C. Schoonover, Sarah N Ohashi, R. Axel, Andrew J. P. Fink",Nature,2020-09-25,254,"Brain Decoding, Representation Learning, and BCI",brain-structure;connectome;machine-learning;decoding,10.1038/s41586-021-03628-7,f114b5e7da3bb422491ff6f98b958db5e67ad805,https://doi.org/10.1038/s41586-021-03628-7,JournalArticle,unknown,7,brain; cortex; connectivity; neuron; brain/neural structure in title,Perceptual constancy requires the brain to maintain a stable representation of sensory input.
2020,Ambroxol for the Treatment of Patients With Parkinson Disease With and Without Glucocerebrosidase Gene Mutations,"S. Mullin, Laura Smith, Katherine Lee, G. D'Souza, Philip Woodgate, Josh Elflein, et al.",JAMA Neurology,2020-01-13,253,Clinical NeuroAI and Brain Disorders,brain-structure;clinical-neuroai,10.1001/jamaneurol.2019.4611,a6401859a44251af2f5e96364cfad643346e44c9,https://doi.org/10.1001/jamaneurol.2019.4611,JournalArticle,unknown,1,brain,"Key Points Question Does ambroxol cross the blood-brain barrier, and what are the biochemical changes associated with ambroxol therapy in patients with Parkinson disease with and without glucocerebrosidase gene mutations?"
2020,Delivering transformative action in paediatric pain: a Lancet Child & Adolescent Health Commission.,"C. Eccleston, E. Fisher, R. Howard, R. Slater, P. Forgeron, T. Palermo, et al.",The Lancet Child & Adolescent Health,2020-10-12,253,Structural Neuroimaging and AI,brain-structure;neuroimaging;clinical-neuroai,10.1016/S2352-4642(20)30277-7,aea8ce1b55deabc69a7e650ae783566f1ddf43e5,https://doi.org/10.1016/S2352-4642(20)30277-7,Review; JournalArticle,unknown,2,brain; mri,"Centre for Pain Research, University of Bath, Bath, UK (Prof C Eccleston PhD, E Fisher PhD); Cochrane Pain, Palliative, and Supportive Care Review Groups, Churchill Hospital, Oxford, UK (Prof C Eccleston, E Fisher); Department of Paediatrics (Prof R Slater PhD), Wellcome Centre for Integrative Neuroimaging, Oxford Centre for Functional MRI of the Brain, Nuff"
2020,"Safety and efficacy of rituximab in neuromyelitis optica spectrum disorders (RIN-1 study): a multicentre, randomised, double-blind, placebo-controlled trial.","M. Tahara, T. Oeda, K. Okada, T. Kiriyama, K. Ochi, H. Maruyama, et al.",Lancet Neurology,2020-04-01,253,Clinical NeuroAI and Brain Disorders,brain-structure;neuroimaging;clinical-neuroai,10.1016/S1474-4422(20)30066-1,8e912d8b5e2031443cc8558a635e60a36a9e95fd,https://doi.org/10.1016/S1474-4422(20)30066-1,JournalArticle,unknown,2,brain; mri,BACKGROUND Pharmacological prevention against relapses in patients with neuromyelitis optica spectrum disorder (NMOSD) is developing rapidly.
2020,A survey on U-shaped networks in medical image segmentations,"Liangliang Liu, Jianhong Cheng, Quan Quan, Fang-Xiang Wu, Yu-Ping Wang, Jianxin Wang",Neurocomputing,2020-10-07,252,General Brain-AI Structure Reviews and Methods,brain-structure;connectome;deep-learning;neuroimaging;clinical-neuroai,10.1016/j.neucom.2020.05.070,96954e9e26ee6192390cc75d89f87c59705c2cde,https://doi.org/10.1016/j.neucom.2020.05.070,JournalArticle; Review,unknown,15,brain; neuron; neural; neural network; explicit brain-structure/AI bridge,Abstract The U-shaped network is one of the end-to-end convolutional neural networks (CNNs).
2020,Automated Detection of Autism Spectrum Disorder Using a Convolutional Neural Network,"Z. Sherkatghanad, Mohammad Sadegh Akhondzadeh, Soorena Salari, Mariam Zomorodi-Moghadam, M. Abdar, U. R. Acharya, et al.",Frontiers in Neuroscience,2020-01-14,252,"Connectomics, Graph Models, and Brain Networks",brain-structure;connectome;machine-learning;deep-learning;neuroimaging;neural-signals;clinical-neuroai,10.3389/fnins.2019.01325,53363d0325f7adc9656bb9307a096a86aa183bad,https://doi.org/10.3389/fnins.2019.01325,JournalArticle,unknown,25,brain; connectivity; fmri; mri; ecog; neural; neural network; classification; brain/neural structure in title; explicit brain-structure/AI bridge,"Background: Convolutional neural networks (CNN) have enabled significant progress in speech recognition, image classification, automotive software engineering, and neuroscience."
2020,Deep Learning for Neuroimaging-based Diagnosis and Rehabilitation of Autism Spectrum Disorder: A Review,"Marjane Khodatars, A. Shoeibi, Delaram Sadeghi, Navid Ghaasemi, M. Jafari, Parisa Moridian, et al.",Comput. Biol. Medicine,2020-07-02,252,Structural Neuroimaging and AI,brain-structure;connectome;machine-learning;deep-learning;neuroimaging;clinical-neuroai,10.1016/j.compbiomed.2021.104949,cba0a928a77bdc100bc248ed9a616d70bf108e74,https://doi.org/10.1016/j.compbiomed.2021.104949,Review; JournalArticle,unknown,26,brain; connectivity; artificial intelligence; machine learning; deep learning; classification; explicit brain-structure/AI bridge,Accurate diagnosis of Autism Spectrum Disorder (ASD) followed by effective rehabilitation is essential for the management of this disorder.
2020,Dynamic coupling of whole-brain neuronal and neurotransmitter systems,"M. Kringelbach, J. Cruzat, J. Cabral, G. Knudsen, Robin L. Carhart-Harris, P. Whybrow, et al.",Proceedings of the National Academy of Sciences of the United States of America,2020-04-13,252,Structural Neuroimaging and AI,brain-structure;connectome;neuroimaging,10.1073/pnas.1921475117,5a1cdc851a32b0fc29f4adc6f48e953f035a3c3e,https://doi.org/10.1073/pnas.1921475117,JournalArticle,unknown,13,brain; connectome; connectivity; fmri; mri; neuron; brain/neural structure in title; historical computation/learning bridge,"Significance In a technical tour de force, we have created a framework demonstrating the underlying fundamental principles of bidirectional coupling of neuronal and neurotransmitter dynamical systems."
2020,"Magnetic iron oxide nanoparticles for imaging, targeting and treatment of primary and metastatic tumors of the brain","L. Israel, Anna Galstyan, E. Holler, J. Ljubimova",Journal of Controlled Release,2020-01-07,252,General Brain-AI Structure Reviews and Methods,brain-structure;neuroimaging,10.1016/j.jconrel.2020.01.009,4571e355389c155cd99ddf12b52dd73c1c9eccc0,https://doi.org/10.1016/j.jconrel.2020.01.009,Review; JournalArticle,unknown,5,brain; mri; brain/neural structure in title,"Magnetic nanoparticles in general, and iron oxide nanoparticles in particular, have been studied extensively during the past 20 years for numerous biomedical applications."
2020,Blood neurofilament light: a critical review of its application to neurologic disease,"Christian Barro, T. Chitnis, H. Weiner",Annals of Clinical and Translational Neurology,2020-11-04,251,Clinical NeuroAI and Brain Disorders,brain-structure;clinical-neuroai,10.1002/acn3.51234,c0afd691332b70838f358206dc22dbc85bbdc8bd,https://doi.org/10.1002/acn3.51234,Review; JournalArticle,unknown,2,brain; neuron,Neuronal injury is a universal event that occurs in disease processes that affect both the central and peripheral nervous systems.
2020,Cellular infiltration in traumatic brain injury,"Aftab Alam, E. Thelin, T. Tajsic, D. Khan, Abdelhakim Khellaf, R. Patani, et al.",Journal of Neuroinflammation,2020-11-03,251,General Brain-AI Structure Reviews and Methods,brain-structure,10.1186/s12974-020-02005-x,9bb09b327fa21ad79c5b1a394396d89b06a41339,https://doi.org/10.1186/s12974-020-02005-x,Review; JournalArticle,unknown,5,brain; neuron; brain/neural structure in title,Traumatic brain injury leads to cellular damage which in turn results in the rapid release of damage-associated molecular patterns (DAMPs) that prompt resident cells to release cytokines and chemokines.
2020,Effect of Out-of-Hospital Tranexamic Acid vs Placebo on 6-Month Functional Neurologic Outcomes in Patients With Moderate or Severe Traumatic Brain Injury.,"Susan E. Rowell, Susan E. Rowell, E. Meier, B. McKnight, Delores Kannas, Susanne May, et al.",Journal of the American Medical Association (JAMA),2020-09-08,251,Clinical NeuroAI and Brain Disorders,brain-structure;neuroimaging;clinical-neuroai,10.1001/jama.2020.8958,f2ec0f433156b0c551821e3de39094a26846575f,https://doi.org/10.1001/jama.2020.8958,JournalArticle,unknown,4,brain; brain/neural structure in title,Importance Traumatic brain injury (TBI) is the leading cause of death and disability due to trauma.
2020,Myelin oligodendrocyte glycoprotein antibody-associated disease: an immunopathological study.,"Y. Takai, T. Misu, K. Kaneko, N. Chihara, K. Narikawa, S. Tsuchida, et al.",Brain : a journal of neurology,2020-05-01,251,Clinical NeuroAI and Brain Disorders,brain-structure;neuroimaging;clinical-neuroai,10.1093/brain/awaa102,e9a4d4ea8c9739f999765d524365f0d5692812c6,https://doi.org/10.1093/brain/awaa102,JournalArticle,unknown,5,brain; cerebral; cortical; brainstem; mri,"Conformation-sensitive antibodies against myelin oligodendrocyte glycoprotein (MOG) are detectable in patients with optic neuritis, myelitis, opticomyelitis, acute or multiphasic disseminated encephalomyelitis (ADEM/MDEM) and brainstem/cerebral cortical encephalitis, but are rarely detected in patients with prototypic multiple sclerosis."
2020,Cellular and Molecular Probing of Intact Human Organs,"Shan Zhao, M. Todorov, Ruiyao Cai, Rami Maskari, H. Steinke, E. Kemter, et al.",Cell,2020-02-01,250,Structural Neuroimaging and AI,brain-structure;deep-learning,10.1016/j.cell.2020.01.030,4e8d3cd739a30e8fffe74450a6c01ec4976ef8df,https://doi.org/10.1016/j.cell.2020.01.030,JournalArticle,unknown,13,brain; deep learning; explicit brain-structure/AI bridge,SUMMARY Optical tissue transparency permits scalable cellular and molecular investigation of complex tissues in 3D.
2020,Emotion Recognition for Human-Robot Interaction: Recent Advances and Future Perspectives,"M. Spezialetti, G. Placidi, Silvia Rossi",Frontiers in Robotics and AI,2020-12-21,250,"Electrophysiology, Neural Signals, and AI Decoding",brain-structure;machine-learning;neural-signals,10.3389/frobt.2020.532279,13b7d0127b399b36c230bf22a0881122a6731903,https://doi.org/10.3389/frobt.2020.532279,Review; JournalArticle,unknown,16,brain; eeg; meg; ecog; classification; explicit brain-structure/AI bridge,"A fascinating challenge in the field of human-robot interaction is the possibility to endow robots with emotional intelligence in order to make the interaction more intuitive, genuine, and natural."
2020,Genomic characterization of human brain metastases identifies drivers of metastatic lung adenocarcinoma,"D. Shih, D. Shih, Naema Nayyar, Ivanna V. Bihun, Ivanna V. Bihun, I. Dagogo-Jack, et al.",Nature Genetics,2020-03-23,250,Clinical NeuroAI and Brain Disorders,brain-structure;clinical-neuroai,10.1038/s41588-020-0592-7,f6c2c34852d3f34d103cdf68cfe77443656b5b52,https://doi.org/10.1038/s41588-020-0592-7,JournalArticle,unknown,8,brain; brain/neural structure in title; historical computation/learning bridge,Brain metastases from lung adenocarcinoma (BM-LUAD) frequently cause patient mortality.
2020,The Virtual Operative Assistant: An explainable artificial intelligence tool for simulation-based training in surgery and medicine,"Nykan Mirchi, Vincent Bissonnette, R. Yilmaz, Nicole Ledwos, A. Winkler-Schwartz, R. Del Maestro",PLoS ONE,2020-02-27,250,General Brain-AI Structure Reviews and Methods,brain-structure;machine-learning;decoding,10.1371/journal.pone.0229596,1d38ade887ddd7988ecc3372530742b89c95f07b,https://doi.org/10.1371/journal.pone.0229596,JournalArticle,unknown,29,brain; artificial intelligence; machine learning; support vector; classification; computational neuroscience; explicit brain-structure/AI bridge,Simulation-based training is increasingly being used for assessment and training of psychomotor skills involved in medicine.
2020,EEG-Based BCI Emotion Recognition: A Survey,"E. Torres P., E. Torres, Myriam Hernández-Álvarez, S. Yoo",Italian National Conference on Sensors,2020-09-01,249,General Brain-AI Structure Reviews and Methods,brain-structure;connectome;machine-learning;decoding;neural-signals;neuromorphic-bci,10.3390/s20185083,90fe1b27f6e3450a43d190146adaa4f3642594c1,https://doi.org/10.3390/s20185083,Review; JournalArticle,unknown,28,brain; eeg; meg; ecog; artificial intelligence; classification; brain computer; bci; explicit brain-structure/AI bridge,"Affecting computing is an artificial intelligence area of study that recognizes, interprets, processes, and simulates human affects."
2020,Finding the 'right' GP: a qualitative study of the experiences of people with long-COVID,"T. Kingstone, A. Taylor, C. O'Donnell, H. Atherton, D. Blane, C. Chew-Graham",BJGP open,2020-10-13,249,Clinical NeuroAI and Brain Disorders,brain-structure;clinical-neuroai,10.3399/bjgpopen20X101143,62561a466ecef704b17975cea8252abad4dc2bf8,https://doi.org/10.3399/bjgpopen20X101143,JournalArticle,unknown,1,brain,"Background An unknown proportion of people who had an apparently mild COVID-19 infection continue to suffer with persistent symptoms, including chest pain, shortness of breath, muscle and joint pains, headaches, cognitive impairment ('brain fog'), and fatigue."
2020,Probiotics and fructo-oligosaccharide intervention modulate the microbiota-gut brain axis to improve autism spectrum reducing also the hyper-serotonergic state and the dopamine metabolism disorder.,"Ying Wang, Ning Li, Junjie Yang, Dongmei Zhao, Bin Chen, Guoqing Zhang, et al.",Pharmacological Research,2020-04-16,249,Computational Neuroscience and Brain-Inspired AI,brain-structure,10.1016/j.phrs.2020.104784,1be65520ac6c46010cf5b8c373ec461d9ca63de9,https://doi.org/10.1016/j.phrs.2020.104784,JournalArticle,unknown,8,brain; brain/neural structure in title; historical computation/learning bridge,"The prevalence of autism spectrum disorders (ASD) is increasing, but its etiology remains elusive and hence an effective treatment is not available."
2020,Revisiting the role of neurotransmitters in epilepsy: An updated review.,"Enes Akyuz, A. Polat, Ece Eroğlu, Irem Kullu, Efthalia Angelopoulou, Y. Paudel",Life Science,2020-11-28,249,General Brain-AI Structure Reviews and Methods,brain-structure;clinical-neuroai,10.1016/j.lfs.2020.118826,4d057b51328e1c6e51a87263b3252454bfca40c4,https://doi.org/10.1016/j.lfs.2020.118826,JournalArticle; Review,unknown,3,brain; cortical; neuron,Epileptic seizures are characterized by signs or symptoms leading to abnormal neuronal activity in the brain.
2020,Unspecific post-mortem findings despite multiorgan viral spread in COVID-19 patients,"M. Remmelink, Ricardo de Mendonca, N. D'haene, S. De Clercq, C. Verocq, L. Lebrun, et al.",Critical Care,2020-05-28,249,"Cellular, Synaptic, and Neuromorphic Foundations",brain-structure;clinical-neuroai,10.1186/s13054-020-03218-5,7019deee98d06c637ebe3cce68f5486ccd755333,https://doi.org/10.1186/s13054-020-03218-5,JournalArticle,unknown,1,brain,Background Post-mortem studies can provide important information for understanding new diseases and small autopsy case series have already reported different findings in COVID-19 patients.
2020,Cerebrospinal fluid tracer efflux to parasagittal dura in humans,"G. Ringstad, P. Eide",Nature Communications,2020-01-17,248,General Brain-AI Structure Reviews and Methods,brain-structure;neuroimaging,10.1038/s41467-019-14195-x,4ebc1d939b7f614713ef61edcc2b62fdfbbad002,https://doi.org/10.1038/s41467-019-14195-x,JournalArticle,unknown,3,brain; cerebral; cortical,The mechanisms behind molecular transport from cerebrospinal fluid to dural lymphatic vessels remain unknown.
2020,Microglial metabolic flexibility supports immune surveillance of the brain parenchyma,"L. Bernier, E. York, A. Kamyabi, Hyun B. Choi, N. L. Weilinger, B. MacVicar",Nature Communications,2020-03-25,248,"Cellular, Synaptic, and Neuromorphic Foundations",brain-structure,10.1038/s41467-020-15267-z,502c3d700714c9b366f673cfb509ec1840edd7b5,https://doi.org/10.1038/s41467-020-15267-z,JournalArticle,unknown,5,brain; neuron; brain/neural structure in title,Microglia are highly motile cells that continuously monitor the brain environment and respond to damage-associated cues.
2020,Steroid-Responsive Encephalitis in Coronavirus Disease 2019,"A. Pilotto, S. Odolini, S. Masciocchi, A. Comelli, I. Volonghi, S. Gazzina, et al.",Annals of Neurology,2020-05-17,248,Clinical NeuroAI and Brain Disorders,brain-structure;connectome;neuroimaging;neural-signals;clinical-neuroai,10.1002/ana.25783,b14ebd16db1783b170bc29a5c7a1d8d579906e77,https://doi.org/10.1002/ana.25783,JournalArticle,unknown,1,brain,"Coronavirus disease 2019 (COVID-19) infection has the potential for targeting the central nervous system, and several neurological symptoms have been described in patients with severe respiratory distress."
2020,The Beneficial Roles of SIRT1 in Neuroinflammation-Related Diseases,"F. Jiao, Zuojiong Gong",Oxidative Medicine and Cellular Longevity,2020-09-14,248,Clinical NeuroAI and Brain Disorders,brain-structure;clinical-neuroai,10.1155/2020/6782872,5425390d73b7ba31247c06b72991482ed4e25780,https://doi.org/10.1155/2020/6782872,Review; JournalArticle,unknown,2,brain; cerebral,Sirtuins are the class III of histone deacetylases whose deacetylate of histones is dependent on nicotinamide adenine dinucleotide (NAD+).
2020,"Assessment of Brain Injury Using Portable, Low-Field Magnetic Resonance Imaging at the Bedside of Critically Ill Patients.","K. Sheth, Mercy H. Mazurek, Matthew M. Yuen, Bradley A Cahn, Jill T. Shah, Adrienne Ward, et al.",JAMA Neurology,2020-09-08,247,Clinical NeuroAI and Brain Disorders,brain-structure;connectome;neuroimaging;clinical-neuroai,10.1001/jamaneurol.2020.3263,b3ca8e7dda1107f631d15e2fac251aada89e4b42,https://doi.org/10.1001/jamaneurol.2020.3263,JournalArticle,unknown,5,brain; mri; brain/neural structure in title,Importance Neuroimaging is a key step in the clinical evaluation of brain injury.
2020,Brain tumor classification using modified local binary patterns (LBP) feature extraction methods.,"Kaplan Kaplan, Y. Kaya, M. Kuncan, H. Ertunc",Medical Hypotheses,2020-03-25,247,Clinical NeuroAI and Brain Disorders,brain-structure;connectome;machine-learning;deep-learning;clinical-neuroai,10.1016/j.mehy.2020.109696,8d9f89376e97245fc56e9c34558715b6b9680624,https://doi.org/10.1016/j.mehy.2020.109696,JournalArticle,unknown,25,brain; neural; neural network; random forest; classification; brain/neural structure in title; explicit brain-structure/AI bridge,"Automatic classification of brain tumor types is very important for accelerating the treatment process, planning and increasing the patient's survival rate."
2020,"Cerebrovascular disease in patients with COVID-19: neuroimaging, histological and clinical description","F. Hernández-Fernández, Hernán Sandoval Valencia, R. Barbella-Aponte, R. Collado-Jiménez, Ó. Ayo-Martín, C. Barrena, et al.",Brain : a journal of neurology,2020-07-09,247,Clinical NeuroAI and Brain Disorders,brain-structure;machine-learning;neuroimaging;clinical-neuroai,10.1093/brain/awaa239,bee2e4364a0aea07a35f437699f8d217da4f82dc,https://doi.org/10.1093/brain/awaa239,JournalArticle,unknown,15,brain; cerebral; mri; predictive; explicit brain-structure/AI bridge,Abstract Since the appearance of the first case of coronavirus disease 2019 (COVID-19) a pandemic has emerged affecting millions of people worldwide.
2020,Individual Variation in Functional Topography of Association Networks in Youth,"Zaixu Cui, Hongming Li, C. Xia, Bart Larsen, A. Adebimpe, Graham L. Baum, et al.",Neuron,2020-02-11,247,Structural Neuroimaging and AI,brain-structure;connectome;machine-learning;decoding;neuroimaging,10.1016/j.neuron.2020.01.029,15f01a3d086c72ebddd2d7bee35be5becf43e04f,https://doi.org/10.1016/j.neuron.2020.01.029,JournalArticle,unknown,22,brain; cerebral; cortex; cortical; fmri; mri; machine learning; prediction; explicit brain-structure/AI bridge,"SUMMARY The spatial distribution of large-scale functional networks on the cerebral cortex differs between individuals, and is particularly variable in association networks that are responsible for higher-order cognition."
2020,Inflammatory bowel disease is associated with higher dementia risk: a nationwide longitudinal study,"Bing Zhang, Hohui E. Wang, Ya-Mei Bai, S. Tsai, T. Su, Tzeng-Ji Chen, et al.",Gut,2020-06-23,247,Clinical NeuroAI and Brain Disorders,brain-structure;clinical-neuroai,10.1136/gutjnl-2020-320789,8efc725e96aacd1638ac30242d09bf45daf273e4,https://doi.org/10.1136/gutjnl-2020-320789,JournalArticle,unknown,1,brain,"Objective Increasing evidence supports reciprocal communication between the enteric and the central nervous system in disease, termed the 'gut-brain axis'."
2020,Network geometry,"M. Boguñá, I. Bonamassa, Manlio De Domenico, S. Havlin, Dmitri V. Krioukov, M. Serrano",Nature Reviews Physics,2020-01-09,247,"Connectomics, Graph Models, and Brain Networks",brain-structure;connectome,10.1038/s42254-020-00264-4,2606e267b1653e3216f2dd26bc5cca806dad3252,https://doi.org/10.1038/s42254-020-00264-4,JournalArticle; Review,unknown,1,brain,"Networks are finite metric spaces, with distances defined by the shortest paths between nodes."
2020,Probiotics in Medicine: A Long Debate,"E. Stavropoulou, E. Bezirtzoglou",Frontiers in Immunology,2020-09-25,247,"Connectomics, Graph Models, and Brain Networks",brain-structure;neural-signals;clinical-neuroai,10.3389/fimmu.2020.02192,5ce78a0fc5695cdb68afe2a9e12a5ee13f2a58d9,https://doi.org/10.3389/fimmu.2020.02192,Review; JournalArticle,unknown,4,brain; eeg; meg; ecog,During the last years probiotics gained the attention of clinicians for their use in the prevention and treatment of multiple diseases.
2020,Two distinct neuroanatomical subtypes of schizophrenia revealed using machine learning.,"G. Chand, Dominic Dwyer, G. Erus, Aristeidis Sotiras, E. Varol, D. Srinivasan, et al.",Brain : a journal of neurology,2020-02-27,247,Structural Neuroimaging and AI,brain-structure;machine-learning;neuroimaging;clinical-neuroai,10.1093/brain/awaa025,f36516163fb42b0801ff0d2e6edaae092e4c3e53,https://doi.org/10.1093/brain/awaa025,JournalArticle,unknown,17,brain; thalamus; basal ganglia; structural mri; mri; machine learning; explicit brain-structure/AI bridge,Neurobiological heterogeneity in schizophrenia is poorly understood and confounds current analyses.
2020,Blood-brain barrier-penetrating siRNA nanomedicine for Alzheimer's disease therapy,"Yutong Zhou, Feiyan Zhu, Yang Liu, Meng Zheng, Yibin Wang, Dongya Zhang, et al.",Science Advances,2020-10-01,246,Computational Neuroscience and Brain-Inspired AI,brain-structure;clinical-neuroai,10.1126/sciadv.abc7031,b2e7266e7d47f8141e0ef010b99e607ff4fab658,https://doi.org/10.1126/sciadv.abc7031,JournalArticle,unknown,8,brain; brain/neural structure in title; historical computation/learning bridge,"Glycosylated ""triple-interaction"" stabilized siRNA nanomedicine ameliorated AD neuropathology by targeting BACE1."
2020,Brain-Controlled Robotic Arm System Based on Multi-Directional CNN-BiLSTM Network Using EEG Signals,"Ji-Hoon Jeong, Kyung-Hwan Shim, Dong-Joo Kim, Seong-Whan Lee",IEEE transactions on neural systems and rehabilitation engineering,2020-03-18,246,"Cognitive Architectures, Learning, and Systems Neuroscience",brain-structure;connectome;deep-learning;decoding;neural-signals,10.1109/TNSRE.2020.2981659,012aeb8c400e9c276262b097bab1381b8e2535ad,https://doi.org/10.1109/TNSRE.2020.2981659,JournalArticle,unknown,30,brain; eeg; neural; deep learning; neural network; decoding; computational neuroscience; brain/neural structure in title; explicit brain-structure/AI bridge,Brain-machine interfaces (BMIs) can be used to decode brain activity into commands to control external devices.
2020,Endothelial heterogeneity across distinct vascular beds during homeostasis and inflammation,"A. Jambusaria, Z. Hong, Lianghui Zhang, S. Srivastava, Arundhati Jana, P. Toth, et al.",eLife,2020-01-16,246,"Cellular, Synaptic, and Neuromorphic Foundations",brain-structure,10.7554/eLife.51413,4bfaf182fe962e668c473a66edb0ebc0ad37a481,https://doi.org/10.7554/eLife.51413,JournalArticle,unknown,1,brain,Blood vessels are lined by endothelial cells engaged in distinct organ-specific functions but little is known about their characteristic gene expression profiles.
2020,IL4-driven microglia modulate stress resilience through BDNF-dependent neurogenesis,"Jinqiang Zhang, P. Rong, Lijuan Zhang, Hui He, Tao Zhou, Yonghua Fan, et al.",Science Advances,2020-02-02,246,"Cognitive Architectures, Learning, and Systems Neuroscience",brain-structure,10.1126/sciadv.abb9888,f96d16fa2e81d557d5eafcfb0862c7be33198f0b,https://doi.org/10.1126/sciadv.abb9888,JournalArticle,unknown,2,brain; hippocampus,Hippocampal microglia mediate stress resilience.
2020,Cell-Type- and Brain-Region-Resolved Mouse Brain Lipidome.,"D. Fitzner, J. Bader, Horst Penkert, C. Bergner, Minhui Su, M. Weil, et al.",Cell Reports,2020-09-01,245,Computational Neuroscience and Brain-Inspired AI,brain-structure;clinical-neuroai,10.1016/j.celrep.2020.108132,3d5dfc3d1b886449f2803e08bff8f07b14cfa625,https://doi.org/10.1016/j.celrep.2020.108132,JournalArticle,unknown,8,brain; brain/neural structure in title; historical computation/learning bridge,"Gene and protein expression data provide useful resources for understanding brain function, but little is known about the lipid composition of the brain."
2020,"COVID-19, Mast Cells, Cytokine Storm, Psychological Stress, and Neuroinflammation","D. Kempuraj, G. P. Selvakumar, M. E. Ahmed, S. Raikwar, R. Thangavel, Asher Khan, et al.",The Neuroscientist,2020-07-18,245,"Cellular, Synaptic, and Neuromorphic Foundations",brain-structure;clinical-neuroai,10.1177/1073858420941476,e2951ad7cb44c3b9d1c2474c63a2b61b73f218f8,https://doi.org/10.1177/1073858420941476,JournalArticle,unknown,2,brain; neuron,Coronavirus disease 2019 (COVID-19) caused by severe acute respiratory syndrome coronavirus 2 (SARS-CoV-2) is a new pandemic infectious disease that originated in China.
2020,General Anesthesia Decouples Cortical Pyramidal Neurons.,"Mototaka Suzuki, M. Larkum",Cell,2020-02-01,245,"Cellular, Synaptic, and Neuromorphic Foundations",brain-structure;connectome;neuromorphic-bci,10.1016/j.cell.2020.01.024,d126f79158856f65ab2591bc8911b516d43f6fdf,https://doi.org/10.1016/j.cell.2020.01.024,JournalArticle,unknown,5,brain; cortical; thalamus; connectivity; neuron,"The mystery of general anesthesia is that it specifically suppresses consciousness by disrupting feedback signaling in the brain, even when feedforward signaling and basic neuronal function are left relatively unchanged."
2020,Gut-educated IgA plasma cells defend the meningeal venous sinuses,"Zachary Fitzpatrick, Gordon L Frazer, Ashley Ferro, S. Clare, N. Bouladoux, J. Ferdinand, et al.",Nature,2020-11-01,245,"Cellular, Synaptic, and Neuromorphic Foundations",brain-structure,10.1038/s41586-020-2886-4,4758ae0446f798001febee86b6bd0f19ea38c9e2,https://doi.org/10.1038/s41586-020-2886-4,JournalArticle,unknown,1,brain,"The central nervous system has historically been viewed as an immune-privileged site, but recent data have shown that the meninges-the membranes that surround the brain and spinal cord-contain a diverse population of immune cells1."
2020,Astrocytes and microglia play orchestrated roles and respect phagocytic territories during neuronal corpse removal in vivo,"E. Damisah, R. Hill, Anupama Rai, Fuyi Chen, C. Rothlin, Sourav Ghosh, et al.",Science Advances,2020-06-01,244,"Cellular, Synaptic, and Neuromorphic Foundations",brain-structure,10.1126/sciadv.aba3239,99871737d18bb29a077f659a4906450e35df6d5e,https://doi.org/10.1126/sciadv.aba3239,JournalArticle,unknown,2,brain; neuron,Astrocytes and microglia have specialized roles and display a coordinated response during corpse removal in the live brain.
2020,High frequency of cerebrospinal fluid autoantibodies in COVID-19 patients with neurological symptoms,"C. Franke, Caroline Ferse, J. Kreye, Momsen Reincke, Elisa Sánchez-Sendín, A. Rocco, et al.",medRxiv,2020-07-06,244,"Cellular, Synaptic, and Neuromorphic Foundations",brain-structure;clinical-neuroai,10.1016/j.bbi.2020.12.022,e3f764a75fd0e5d6d586a55e32de22b459a63c19,https://doi.org/10.1016/j.bbi.2020.12.022,JournalArticle,unknown,4,brain; hippocampus; basal ganglia; neuron,COVID-19 intensive care patients occasionally develop neurological symptoms.
2020,"Apolipoprotein E (APOE) genotype-associated disease risks: a phenome-wide, registry-based, case-control study utilising the UK Biobank","A. Lumsden, A. Mulugeta, Ang Zhou, E. Hyppönen",EBioMedicine,2020-08-17,243,Clinical NeuroAI and Brain Disorders,brain-structure;neuroimaging;clinical-neuroai,10.1016/j.ebiom.2020.102954,b79bebd9869d9a83ebfa97d96a5ed1e3e75097dd,https://doi.org/10.1016/j.ebiom.2020.102954,JournalArticle,unknown,1,brain,"Background The three main alleles of the APOE gene (ε4, ε3 and ε2) carry differential risks for conditions including Alzheimer's disease (AD) and cardiovascular disease."
2020,Machine Learning for Brain Stroke: A Review.,"M. Sirsat, Eduardo L. Fermé, Joana Câmara",Journal of Stroke & Cerebrovascular Diseases,2020-10-01,243,Clinical NeuroAI and Brain Disorders,brain-structure;machine-learning;deep-learning;clinical-neuroai,10.1016/j.jstrokecerebrovasdis.2020.105162,80f15d3610658549f7b9164940db1268f392be14,https://doi.org/10.1016/j.jstrokecerebrovasdis.2020.105162,Review; JournalArticle,unknown,32,brain; machine learning; deep learning; support vector; random forest; prediction; brain/neural structure in title; explicit brain-structure/AI bridge,"Machine Learning (ML) delivers an accurate and quick prediction outcome and it has become a powerful tool in health settings, offering personalized clinical care for stroke patients."
2020,"Obstructive sleep apnea, depression and cognitive impairment.","Jakub Vanek, J. Praško, S. Genzor, M. Ociskova, Kryštof Kantor, M. Holubová, et al.",Sleep Medicine,2020-03-23,243,"Cognitive Architectures, Learning, and Systems Neuroscience",brain-structure;clinical-neuroai,10.1016/j.sleep.2020.03.017,57e546a6680b1ce59658a83275757365f5ecbc26,https://doi.org/10.1016/j.sleep.2020.03.017,Review; JournalArticle,unknown,1,brain,OBJECTIVE Obstructive sleep apnea (OSA) is a severe disorder with a high prevalence.
2020,Post-stroke deficit prediction from lesion and indirect structural and functional disconnection.,"A. Salvalaggio, Michele De Filippo De Grazia, M. Zorzi, Michel Thiebaut de Schotten, M. Corbetta",Brain : a journal of neurology,2020-06-23,243,"Connectomics, Graph Models, and Brain Networks",brain-structure;connectome;machine-learning;deep-learning;neuroimaging;clinical-neuroai,10.1093/brain/awaa156,912cc27ec9c2843ffcee89545d511389ab67426f,https://doi.org/10.1093/brain/awaa156,JournalArticle,unknown,21,brain; connectome; connectivity; diffusion mri; mri; prediction; predictive; explicit brain-structure/AI bridge,"Behavioural deficits in stroke reflect both structural damage at the site of injury, and widespread network dysfunction caused by structural, functional, and metabolic disconnection."
2020,Tumour treating fields therapy for glioblastoma: current advances and future directions,"O. Rominiyi, Aurelie Vanderlinden, S. Clenton, C. Bridgewater, Y. Al-Tamimi, S. Collis",British Journal of Cancer,2020-11-04,243,Clinical NeuroAI and Brain Disorders,brain-structure;clinical-neuroai,10.1038/s41416-020-01136-5,fb377c1285bfd23f724f1127da77763b1eff18de,https://doi.org/10.1038/s41416-020-01136-5,Review; JournalArticle,unknown,1,brain,"Glioblastoma multiforme (GBM) is the most common primary brain tumour in adults and continues to portend poor survival, despite multimodal treatment using surgery and chemoradiotherapy."
2020,Dissecting diagnostic heterogeneity in depression by integrating neuroimaging and genetics,"Amanda M. Buch, C. Liston",Neuropsychopharmacology,2020-08-11,242,Structural Neuroimaging and AI,neuroimaging,10.1038/s41386-020-00789-3,358e90565fbf69450d4c43d501a2a65cc2fafe63,https://doi.org/10.1038/s41386-020-00789-3,Review; JournalArticle,unknown,1,brain,
2020,MAGNIMS consensus recommendations on the use of brain and spinal cord atrophy measures in clinical practice,"J. Sastre-Garriga, D. Pareto, M. Battaglini, M. Rocca, O. Ciccarelli, C. Enzinger, et al.",Nature Reviews Neurology,2020-02-24,242,Clinical NeuroAI and Brain Disorders,brain-structure;machine-learning;neuroimaging;clinical-neuroai,10.1038/s41582-020-0314-x,f37e326715ce7691e34b2095e5da2adcab948e0c,https://doi.org/10.1038/s41582-020-0314-x,Review; JournalArticle,unknown,17,brain; mri; prediction; brain/neural structure in title; explicit brain-structure/AI bridge,Early evaluation of treatment response and prediction of disease evolution are key issues in the management of people with multiple sclerosis (MS).
2020,Three-dimensional bioprinted glioblastoma microenvironments model cellular dependencies and immune interactions,"Min Tang, Qi Xie, R. Gimple, Zheng Zhong, Trevor Tam, Jing Tian, et al.",Cell Research,2020-06-04,242,Clinical NeuroAI and Brain Disorders,brain-structure;machine-learning;clinical-neuroai,10.1038/s41422-020-0338-1,a0b654c083e37677831eb6fabb89f4ab5c1b272c,https://doi.org/10.1038/s41422-020-0338-1,JournalArticle,unknown,14,brain; neural; predictive; explicit brain-structure/AI bridge,Brain tumors are dynamic complex ecosystems with multiple cell types.
2020,Towards a psychobiotic therapy for depression: Bifidobacterium breve CCFM1025 reverses chronic stress-induced depressive symptoms and gut microbial abnormalities in mice,"Peijun Tian, Kenneth J. O'Riordan, Yuan-Kun Lee, Gang Wang, Jianxin Zhao, Hao Zhang, et al.",Neurobiology of Stress,2020-03-20,242,Computational Neuroscience and Brain-Inspired AI,brain-structure,10.1016/j.ynstr.2020.100216,ce176cebf5f17e0be32fa4da6fac2ec516af6e58,https://doi.org/10.1016/j.ynstr.2020.100216,JournalArticle,unknown,5,brain; historical computation/learning bridge,Background Accumulating evidence points to an association between gut microbial abnormalities and depression disorder.
2020,Trauma of major surgery: A global problem that is not going away,G. Dobson,International Journal of Surgery,2020-07-29,242,Clinical NeuroAI and Brain Disorders,brain-structure;neural-signals;clinical-neuroai,10.1016/j.ijsu.2020.07.017,05a8e7b644f7af7b5ce53dff2edbbcb63b16b325,https://doi.org/10.1016/j.ijsu.2020.07.017,Editorial; Review,unknown,2,brain; ecog,"Globally, a staggering 310 million major surgeries are performed each year; around 40 to 50 million in USA and 20 million in Europe."
2020,C9orf72 in myeloid cells suppresses STING-induced inflammation,"Madelyn E. McCauley, J. O'Rourke, A. Yáñez, J. Markman, Ritchie Ho, Xinchen Wang, et al.",Nature,2020-08-19,241,Clinical NeuroAI and Brain Disorders,brain-structure;neural-signals;clinical-neuroai,10.1038/s41586-020-2625-x,353976383cbcca85fa957098b432b9057f0c52e1,https://doi.org/10.1038/s41586-020-2625-x,JournalArticle,unknown,2,brain; meg,"Amyotrophic lateral sclerosis (ALS) and frontotemporal dementia (FTD) are neurodegenerative disorders that overlap in their clinical presentation, pathology and genetic origin."
2020,C9orf72 suppresses systemic and neural inflammation induced by gut bacteria,"Aaron Burberry, Michael F. Wells, Francesco Limone, Alexander Couto, Kevin S. Smith, J. Keaney, et al.",Nature,2020-05-13,241,Clinical NeuroAI and Brain Disorders,brain-structure;neuroimaging;clinical-neuroai,10.1038/s41586-020-2288-7,ca92ff861c7160225d6f4f5667e7e8c4ffc2d357,https://doi.org/10.1038/s41586-020-2288-7,JournalArticle,unknown,5,brain; neural; brain/neural structure in title,"A hexanucleotide-repeat expansion in C9ORF72 is the most common genetic variant that contributes to amyotrophic lateral sclerosis and frontotemporal dementia1,2."
2020,Increased power by harmonizing structural MRI site differences with the ComBat batch adjustment method in ENIGMA,"Joaquim Radua, E. Vieta, R. Shinohara, P. Kochunov, Y. Quidé, Melissa J. Green, et al.",NeuroImage,2020-05-26,241,Structural Neuroimaging and AI,brain-structure;machine-learning;neuroimaging;neural-signals;clinical-neuroai,10.1016/j.neuroimage.2020.116956,57d4e38b5f0097b1b0e532308cc29c0eddfb6e60,https://doi.org/10.1016/j.neuroimage.2020.116956,JournalArticle,unknown,17,brain; cortical; structural mri; mri; meg; machine learning; explicit brain-structure/AI bridge,A common limitation of neuroimaging studies is their small sample sizes.
2020,Lutein as a functional food ingredient: Stability and bioavailability,"M. Becerra, L. Contreras, Ming-hua Lo, Juan Díaz, Gustavo Castillo Herrera",Unknown venue,2020-03-01,241,General Brain-AI Structure Reviews and Methods,brain-structure,10.1016/j.jff.2019.103771,5dfce915fea8eb48acda89ff039099cf171926d3,https://doi.org/10.1016/j.jff.2019.103771,Review,unknown,1,brain,"Abstract Lutein is a carotenoid found in numerous organisms ranging from bacteria to algae, yeasts, and plants."
2020,Mechanical ventilation in patients with acute brain injury: recommendations of the European Society of Intensive Care Medicine consensus,"C. Robba, D. Poole, M. McNett, K. Asehnoune, J. Bösel, N. Bruder, et al.",Intensive Care Medicine,2020-11-11,241,Clinical NeuroAI and Brain Disorders,brain-structure;clinical-neuroai,10.1007/s00134-020-06283-0,bdbeaa12dd84e3384515ed2b44b8775885ffd080,https://doi.org/10.1007/s00134-020-06283-0,JournalArticle,unknown,4,brain; brain/neural structure in title,To provide clinical practice recommendations and generate a research agenda on mechanical ventilation and respiratory support in patients with acute brain injury (ABI).
2020,Revisiting the functional anatomy of the human brain: Toward a meta-networking theory of cerebral functions.,"G. Herbet, H. Duffau",Physiological Reviews,2020-02-20,241,General Brain-AI Structure Reviews and Methods,brain-structure;connectome;neuroimaging;clinical-neuroai,10.1152/physrev.00033.2019,414d1e9ff6f0b07aeb8ef866d85f4f568bb89153,https://doi.org/10.1152/physrev.00033.2019,JournalArticle; Review,unknown,11,brain; cerebral; cortical; connectome; brain/neural structure in title; historical computation/learning bridge,"For more than one century, brain processing was mainly thought in a localisationist framework, in which one given function was underpinned by a discrete, isolated cortical area, and with a similar cerebral organization across individuals."
2020,Role of Circular RNAs in Brain Development and CNS Diseases,"S. Mehta, R. Dempsey, R. Vemuganti",Progress in neurobiology,2020-01-10,241,"Cellular, Synaptic, and Neuromorphic Foundations",brain-structure,10.1016/j.pneurobio.2020.101746,72356a95c6a7d11a1a195753d26a234468c21a10,https://doi.org/10.1016/j.pneurobio.2020.101746,Review; JournalArticle,unknown,5,brain; neuron; brain/neural structure in title,"In mammals, many classes of noncoding RNAs (ncRNAs) are expressed at a much higher level in the brain than in other organs."
2020,Update on Treatment of Acute Ischemic Stroke.,A. Rabinstein,Continuum,2020-04-01,241,Clinical NeuroAI and Brain Disorders,brain-structure;neuroimaging;clinical-neuroai,10.1212/CON.0000000000000840,567fa1f45c15149e2b098cd4abad1dad227ac9f9,https://doi.org/10.1212/CON.0000000000000840,JournalArticle; Review,unknown,6,brain; mri; historical computation/learning bridge,"EDITOR'S NOTE The article ""Update on Treatment of Acute Ischemic Stroke"" by Dr Rabinstein was first published in the February 2017 Cerebrovascular Disease issue of Continuum: Lifelong Learning in Neurology as ""Treatment of Acute Ischemic Stroke"" and has been updated by Dr Rabinstein for this issue at the request of the Editor-in-Chief."
2020,Deep Representation-Based Domain Adaptation for Nonstationary EEG Classification,"He Zhao, Qingqing Zheng, Kai Ma, Huiqi Li, Yefeng Zheng",IEEE Transactions on Neural Networks and Learning Systems,2020-08-03,240,"Brain Decoding, Representation Learning, and BCI",brain-structure;connectome;machine-learning;deep-learning;decoding;neuroimaging;neural-signals;neuromorphic-bci,10.1109/TNNLS.2020.3010780,ba485265b824b3728704d92fc8f231156d1763db,https://doi.org/10.1109/TNNLS.2020.3010780,JournalArticle,unknown,23,brain; eeg; meg; classification; brain-computer; bci; explicit brain-structure/AI bridge,"In the context of motor imagery, electroencephalography (EEG) data vary from subject to subject such that the performance of a classifier trained on data of multiple subjects from a specific domain typically degrades when applied to a different subject."
2020,Hybridization-based in situ sequencing (HybISS) for spatially resolved transcriptomics in human and mouse brain tissue,"Daniel Gyllborg, C. Langseth, Xiaoyan Qian, Eunkyoung Choi, Sergio Marco Salas, M. Hilscher, et al.",Nucleic Acids Research,2020-09-29,240,"Cellular, Synaptic, and Neuromorphic Foundations",brain-structure,10.1093/nar/gkaa792,224e3b6616f7b59fd8d1c4c6ee90f447fa6265fd,https://doi.org/10.1093/nar/gkaa792,JournalArticle,unknown,4,brain; brain/neural structure in title,"Abstract Visualization of the transcriptome in situ has proven to be a valuable tool in exploring single-cell RNA-sequencing data, providing an additional spatial dimension to investigate multiplexed gene expression, cell types, disease architecture or even data driven discoveries."
2020,Neutrophils Obstructing Brain Capillaries Are a Major Cause of No-Reflow in Ischemic Stroke.,"M. El Amki, C. Glück, N. Binder, William Middleham, M. Wyss, T. Weiss, et al.",Cell Reports,2020-10-01,240,Clinical NeuroAI and Brain Disorders,brain-structure;clinical-neuroai,10.1016/j.celrep.2020.108260,cd1ccdf278a23c6ac98cf974e4c7f5f24b0c0ce8,https://doi.org/10.1016/j.celrep.2020.108260,JournalArticle,unknown,10,brain; cerebral; cortical; brain/neural structure in title; historical computation/learning bridge,"Despite successful clot retrieval in large vessel occlusion stroke, ∼50% of patients have an unfavorable clinical outcome."
2020,Review of Perfusion Imaging in Acute Ischemic Stroke: From Time to Tissue.,"J. Demeestere, A. Wouters, S. Christensen, R. Lemmens, M. Lansberg",Stroke,2020-02-03,240,Clinical NeuroAI and Brain Disorders,brain-structure;connectome;neuroimaging;clinical-neuroai,10.1161/STROKEAHA.119.028337,1cf2eaf9e93e51610c846abeecce5139461e19bb,https://doi.org/10.1161/STROKEAHA.119.028337,JournalArticle; Review,unknown,1,brain,Perfusion imaging uses an intravascular tracer and serial imaging to quantify blood flow through the brain parenchyma.
2020,Supervised learning in spiking neural networks: A review of algorithms and evaluations,"Xiangwen Wang, Xianghong Lin, Xiaochao Dang",Neural Networks,2020-02-25,240,Computational Neuroscience and Brain-Inspired AI,brain-structure;connectome;deep-learning;brain-inspired-ai;neural-signals;neuromorphic-bci,10.1016/j.neunet.2020.02.011,b3a2391a89311471ab018c61b8b4f4c7ab7a2a37,https://doi.org/10.1016/j.neunet.2020.02.011,JournalArticle; Review,unknown,30,brain; neuron; neural; neural network; computational model; computational neuroscience; brain-inspired; brain/neural structure in title; explicit brain-structure/AI bridge,"As a new brain-inspired computational model of the artificial neural network, a spiking neural network encodes and processes neural information through precisely timed spike trains."
2020,What is resilience: an affiliative neuroscience approach,R. Feldman,World Psychiatry,2020-05-11,240,"Cellular, Synaptic, and Neuromorphic Foundations",brain-structure;clinical-neuroai,10.1002/wps.20729,29f06ee7712bfa8295f25a6eb8a7e34c5081fa14,https://doi.org/10.1002/wps.20729,JournalArticle,unknown,1,brain,"Resilience - a key topic in clinical science and practice - still lacks a clear conceptualization that integrates its evolutionary and human-specific features, refrains from exclusive focus on fear physiology, incorporates a developmental approach, and, most importantly, is not based on the negation (i.e., absence of symptoms following trauma)."
2020,Construction of a Machine Learning Dataset through Collaboration: The RSNA 2019 Brain CT Hemorrhage Challenge.,"A. Flanders, L. Prevedello, G. Shih, S. Halabi, Jayashree Kalpathy-Cramer, Robyn L. Ball, et al.",Radiology: Artificial Intelligence,2020-04-29,239,Structural Neuroimaging and AI,brain-structure;machine-learning,10.1148/ryai.2020190211,4a5315532e4df6128cb4ab4a86bbfd757511c6f7,https://doi.org/10.1148/ryai.2020190211,JournalArticle,unknown,20,brain; machine learning; computational neuroscience; brain/neural structure in title; explicit brain-structure/AI bridge,"This dataset is composed of annotations of the five hemorrhage subtypes (subarachnoid, intraventricular, subdural, epidural, and intraparenchymal hemorrhage) typically encountered at brain CT."
2020,Does SARS-Cov-2 invade the brain? Translational lessons from animal models,"S. Natoli, V. Oliveira, P. Calabresi, L. Maia, A. Pisani",European Journal of Neurology,2020-04-25,239,"Cellular, Synaptic, and Neuromorphic Foundations",brain-structure;neural-signals;clinical-neuroai,10.1111/ene.14277,a81ea22f92932048561695fad96cfec24cceab33,https://doi.org/10.1111/ene.14277,Review; JournalArticle,unknown,9,brain; neuron; brain/neural structure in title; historical computation/learning bridge,"The current coronavirus disease (COVID-19) outbreak, caused by the novel severe acute respiratory syndrome coronavirus 2 (SARS-CoV-2), has raised the possibility of potential neurotropic properties of this virus."
2020,"Recent advancement in cancer detection using machine learning: Systematic survey of decades, comparisons and challenges.",T. Saba,Journal of Infection and Public Health,2020-08-02,239,Structural Neuroimaging and AI,brain-structure;machine-learning;deep-learning;clinical-neuroai,10.1016/j.jiph.2020.06.033,01f39c51febd70e6cfae07f9438aea3a8cdcccfe,https://doi.org/10.1016/j.jiph.2020.06.033,JournalArticle; Review,unknown,21,brain; machine learning; deep learning; computational neuroscience; explicit brain-structure/AI bridge,Cancer is a fatal illness often caused by genetic disorder aggregation and a variety of pathological changes.
2020,Shifting gradients of macroscale cortical organization mark the transition from childhood to adolescence,"Hao-Ming Dong, D. Margulies, X. Zuo, A. Holmes",Proceedings of the National Academy of Sciences of the United States of America,2020-11-17,239,"Connectomics, Graph Models, and Brain Networks",brain-structure;connectome;neuroimaging,10.1073/pnas.2024448118,5c58e94c95e8bd93bb1409e57893b58d334985c3,https://doi.org/10.1073/pnas.2024448118,JournalArticle,unknown,5,brain; cortex; cortical; connectivity; mri,"Significance Here, we describe age-dependent shifts in the macroscale organization of cortex in childhood and adolescence."
2020,Targeting Myeloperoxidase (MPO) Mediated Oxidative Stress and Inflammation for Reducing Brain Ischemia Injury: Potential Application of Natural Compounds,"Shuang Chen, Hansen Chen, Qiaohui Du, Jiangang Shen",Frontiers in Physiology,2020-05-19,239,"Cellular, Synaptic, and Neuromorphic Foundations",brain-structure;clinical-neuroai,10.3389/fphys.2020.00433,33ed2617ecf7707452176e6dcabe7ac0419bc18a,https://doi.org/10.3389/fphys.2020.00433,Review; JournalArticle,unknown,6,brain; cerebral; neuron; brain/neural structure in title,Oxidative stress and inflammation are two critical pathological processes of cerebral ischemia-reperfusion injury.
2020,Immune suppression in gliomas,"Matthew M. Grabowski, Eric W. Sankey, Katherine Ryan, Pakawat Chongsathidkiet, Selena J. Lorrey, Daniel Wilkinson, et al.",Journal of Neuro-Oncology,2020-06-15,238,Clinical NeuroAI and Brain Disorders,brain-structure;clinical-neuroai,10.1007/s11060-020-03483-y,ed9fc56e9dec73bdfbacc4f48a74feefd4a5895d,https://doi.org/10.1007/s11060-020-03483-y,Review; JournalArticle,unknown,1,brain,"Introduction The overall survival in patients with gliomas has not significantly increased in the modern era, despite advances such as immunotherapy."
2020,Locoregionally administered B7-H3-targeted CAR T cells for treatment of atypical teratoid/rhabdoid tumors,"J. Theruvath, E. Sotillo, Christopher W. Mount, C. Graef, A. Delaidelli, S. Heitzeneder, et al.",Nature Medicine,2020-04-27,238,Computational Neuroscience and Brain-Inspired AI,brain-structure,10.1038/s41591-020-0821-8,38c6f042e114f007a12bab05c5875d9b1f8570db,https://doi.org/10.1038/s41591-020-0821-8,JournalArticle,unknown,6,brain; cerebral; historical computation/learning bridge,Atypical teratoid/rhabdoid tumors (ATRTs) typically arise in the central nervous system (CNS) of children under 3 years of age.
2020,Microglia in depression: current perspectives,"Xiaoning Jia, Zhihua Gao, Hailan Hu",Science China Life Sciences,2020-10-14,238,General Brain-AI Structure Reviews and Methods,,10.1007/s11427-020-1815-6,a11a47a0e2ec9dafa9cde8472ee06896859c6bb2,https://doi.org/10.1007/s11427-020-1815-6,Review; JournalArticle,unknown,0,Semantic Scholar brain-AI query,
2020,"Role of astroglial toll-like receptors (TLRs) in central nervous system infections, injury and neurodegenerative diseases","Lun Li, Cigdem Acioglu, R. Heary, S. Elkabes","Brain, behavior, and immunity",2020-10-08,238,"Cellular, Synaptic, and Neuromorphic Foundations",brain-structure;neural-signals,10.1016/j.bbi.2020.10.007,c7dd768e0944224e1c8f09ee72dc61327d4f84d3,https://doi.org/10.1016/j.bbi.2020.10.007,Review; JournalArticle,unknown,2,brain; ecog,"Central nervous system (CNS) innate immunity plays essential roles in infections, neurodegenerative diseases, and brain or spinal cord injuries."
2020,Semiconducting Polymer Nanoparticles as Theranostic System for Near-Infrared II Fluorescence Imaging and Photothermal Therapy under Safe Laser Fluence.,"Yanqing Yang, Xiaoxiao Fan, Ling Li, Yuming Yang, Alifu Nuernisha, Dingwei Xue, et al.",ACS Nano,2020-02-05,238,Clinical NeuroAI and Brain Disorders,brain-structure;clinical-neuroai,10.1021/acsnano.0c00043,0a0062dc6a5e737c5ee8c229435c82ceddb208d9,https://doi.org/10.1021/acsnano.0c00043,JournalArticle,unknown,2,brain; cerebral,"Theranostic systems combining fluorescence imaging in the second near infrared window (NIR-II, 1000-1700 nm) and photothermal therapy (PTT) under safe laser fluence have great potential in preclinical research and clinical practice, but the development of such systems with sufficient effective NIR-II brightness and excellent photothermal properties is still challenging."
2020,Sleep disorders and cancer: State of the art and future perspectives.,"M. Mogavero, L. Delrosso, F. Fanfulla, O. Bruni, R. Ferri",Sleep Medicine Reviews,2020-11-28,238,Clinical NeuroAI and Brain Disorders,brain-structure;machine-learning;clinical-neuroai,10.1016/j.smrv.2020.101409,c773b26a97121b0b28e2fe095178c902a37356dc,https://doi.org/10.1016/j.smrv.2020.101409,Review; JournalArticle,unknown,13,brain; classification; explicit brain-structure/AI bridge,"A bidirectional connection between sleep and cancer exists; however, the specific associations between individual sleep disorders and particular tumors are not very clear."
2020,Standardization of brain MR images across machines and protocols: bridging the gap for MRI-based radiomics,"A. Carré, G. Klausner, M. Edjlali, Marvin Lerousseau, J. Briend-Diop, R. Sun, et al.",Scientific Reports,2020-07-23,238,Structural Neuroimaging and AI,brain-structure;machine-learning;neuroimaging;clinical-neuroai,10.1038/s41598-020-69298-z,3f6e00fc4cb94a1f9f35697965232e38a85d1a45,https://doi.org/10.1038/s41598-020-69298-z,JournalArticle,unknown,21,brain; mri; machine learning; classification; brain/neural structure in title; explicit brain-structure/AI bridge,Radiomics relies on the extraction of a wide variety of quantitative image-based features to provide decision support.
2020,The benefits of meditation and mindfulness practices during times of crisis such as COVID-19,C. Behan,Irish Journal of Psychological Medicine,2020-05-14,238,General Brain-AI Structure Reviews and Methods,brain-structure;clinical-neuroai,10.1017/ipm.2020.38,f4dbe62452ee6cac45462ce983f57b48e6222a5d,https://doi.org/10.1017/ipm.2020.38,JournalArticle; Review,unknown,1,brain,"Meditation and mindfulness are practices that can support healthcare professionals, patients, carers and the general public during times of crisis such as the current global pandemic caused by COVID-19."
2020,"The good, the bad, and the opportunities of the complement system in neurodegenerative disease","Nicole D. Schartz, A. Tenner",Journal of Neuroinflammation,2020-11-25,238,"Cellular, Synaptic, and Neuromorphic Foundations",brain-structure;neural-signals,10.1186/s12974-020-02024-8,0daccdf66a6e12140803165c0e12583d62a856de,https://doi.org/10.1186/s12974-020-02024-8,Review; JournalArticle,unknown,7,brain; ecog; synapse; historical computation/learning bridge,"The complement cascade is a critical effector mechanism of the innate immune system that contributes to the rapid clearance of pathogens and dead or dying cells, as well as contributing to the extent and limit of the inflammatory immune response."
2020,A Transfer Learning approach for AI-based classification of brain tumors,"Rajat Mehrotra, M. A. Ansari, R. Agrawal, R. Anand",Unknown venue,2020-12-15,237,Structural Neuroimaging and AI,brain-structure;machine-learning;deep-learning;neuroimaging,10.1016/J.MLWA.2020.100003,328a96e7fec1a6b847475bc2df30e8252b8a4674,https://doi.org/10.1016/J.MLWA.2020.100003,paper,unknown,25,brain; mri; artificial intelligence; deep learning; classification; brain/neural structure in title; explicit brain-structure/AI bridge,Abstract Classification of Brain Tumor (BT) is a vital assignment for assessing Tumors and making a suitable treatment.
2020,"Blood biomarkers on admission in acute traumatic brain injury: Relations to severity, CT findings and care path in the CENTER-TBI study","E. Czeiter, K. Amrein, B. Gravesteijn, F. Lecky, D. Menon, S. Mondello, et al.",EBioMedicine,2020-05-25,237,Clinical NeuroAI and Brain Disorders,brain-structure;connectome;machine-learning;clinical-neuroai,10.1016/j.ebiom.2020.102785,aafbd40a7aad21f9c50277e8bb948d5f8c4e2b5b,https://doi.org/10.1016/j.ebiom.2020.102785,JournalArticle,unknown,4,brain; brain/neural structure in title,Background Serum biomarkers may inform and improve care in traumatic brain injury (TBI).
2020,Mitochondrial dynamics in postmitotic cells regulate neurogenesis,"R. Iwata, P. Casimir, P. Vanderhaeghen",Science,2020-08-13,237,"Cellular, Synaptic, and Neuromorphic Foundations",brain-structure,10.1126/science.aba9760,1d6131acafb0b6753c981cdac9ae9f5e5acd327f,https://doi.org/10.1126/science.aba9760,JournalArticle,unknown,8,brain; cortical; neuron; neural; historical computation/learning bridge,"Mitochondrial dynamics and cell fate Radial ganglia cells, the stem cells of early brain development, can generate more of themselves or generate differentiating neurons."
2020,Mouse Retinal Cell Atlas: Molecular Identification of over Sixty Amacrine Cell Types,"Wenjun Yan, Mallory A. Laboulaye, N. Tran, Irene E. Whitney, Inbal Benhar, J. Sanes",Journal of Neuroscience,2020-05-25,237,General Brain-AI Structure Reviews and Methods,brain-structure,10.1523/jneurosci.0471-20.2020,d11febe4e89162477c54713e25c239af352786ab,https://doi.org/10.1523/jneurosci.0471-20.2020,JournalArticle,unknown,7,brain; neuron; neural; historical computation/learning bridge,"Amacrine cells (ACs) are a diverse class of interneurons that modulate input from photoreceptors to retinal ganglion cells (RGCs), rendering each RGC type selectively sensitive to particular visual features, which are then relayed to the brain."
2020,Transcranial alternating current stimulation (tACS): from basic mechanisms towards first applications in psychiatry,"O. Elyamany, G. Leicht, C. Herrmann, C. Mulert",European Archives of Psychiatry and Clinical Neuroscience,2020-11-19,237,"Cellular, Synaptic, and Neuromorphic Foundations",brain-structure;connectome;machine-learning;neural-signals;clinical-neuroai,10.1007/s00406-020-01209-9,5da924600b4acd66b3a10bc129e646bb748f688e,https://doi.org/10.1007/s00406-020-01209-9,Review; JournalArticle,unknown,15,brain; cortical; neuron; classification; explicit brain-structure/AI bridge,Transcranial alternating current stimulation (tACS) is a unique form of non-invasive brain stimulation.
2020,Brain health consequences of digital technology use,"G. Small, Jooyeon Lee, A. Kaufman, Jason Jalil, P. Siddarth, Himaja Gaddipati, et al.",Dialogues in Clinical Neuroscience,2020-06-01,236,"Cognitive Architectures, Learning, and Systems Neuroscience",brain-structure;clinical-neuroai,10.31887/DCNS.2020.22.2/gsmall,6c860eccedacf307060816d567fa8f8451a13290,https://doi.org/10.31887/DCNS.2020.22.2/gsmall,JournalArticle,unknown,9,brain; neural; brain/neural structure in title; historical computation/learning bridge,Emerging scientific evidence indicates that frequent digital technology use has a significant impact-both negative and positive-on brain function and behavior.
2020,Investigating the genetic architecture of non-cognitive skills using GWAS-by-subtraction,"F. Dostoyevsky, Perline A. Demange, M. Malanchini, T. Mallard, Pietro Biroli, Simon R. Cox, et al.",Nature Genetics,2020-01-15,236,Computational Neuroscience and Brain-Inspired AI,brain-structure,10.1038/s41588-020-00754-2,6a4fab1737ce03c7905b0d015082e1206fa4a37a,https://doi.org/10.1038/s41588-020-00754-2,JournalArticle,unknown,5,brain; historical computation/learning bridge,Little is known about the genetic architecture of traits affecting educational attainment other than cognitive ability.
2020,"Liver transplantation in hepatocellular carcinoma after tumour downstaging (XXL): a randomised, controlled, phase 2b/3 trial.","V. Mazzaferro, D. Citterio, S. Bhoori, M. Bongini, R. Miceli, L. D. De Carlis, et al.",The Lancet Oncology,2020-07-01,236,Clinical NeuroAI and Brain Disorders,brain-structure;clinical-neuroai,10.1016/s1470-2045(20)30224-2,3062bfab88eea44e485796e139a9d1e277165b57,https://doi.org/10.1016/s1470-2045(20)30224-2,JournalArticle,unknown,1,brain,BACKGROUND Indications for liver transplantation for hepatocellular carcinoma are evolving and so-called expanded criteria remain debated.
2020,Stimuli-responsive In situ gelling system for nose-to-brain drug delivery.,"Mukta Agrawal, S. Saraf, S. Saraf, S. Dubey, A. Puri, U. Gupta, et al.",Journal of Controlled Release,2020-07-30,236,"Cognitive Architectures, Learning, and Systems Neuroscience",brain-structure;clinical-neuroai,10.1016/j.jconrel.2020.07.044,e40f083a9ab60d16f825224cc45a0ef816e2f55c,https://doi.org/10.1016/j.jconrel.2020.07.044,Review; JournalArticle,unknown,4,brain; brain/neural structure in title,The diagnosis and treatment of neurological ailments always remain an utmost challenge for research fraternity due to the presence of BBB.
2020,Alzheimer's disease brain-derived extracellular vesicles spread tau pathology in interneurons,"Zhi Ruan, D. Pathak, Srinidhi Venkatesan Kalavai, Asuka Yoshii-Kitahara, S. Muraoka, Nemil Bhatt, et al.",Brain : a journal of neurology,2020-11-27,235,"Cellular, Synaptic, and Neuromorphic Foundations",brain-structure;clinical-neuroai,10.1093/brain/awaa376,61e48ecf7c73bd148a65fc6dc9a2f20f3f8b9138,https://doi.org/10.1093/brain/awaa376,JournalArticle,unknown,6,brain; hippocampus; neuron; brain/neural structure in title,Ruan et al. show that brain-derived extracellular vesicles from human donors with Alzheimer's disease propagate tau more efficiently when injected into the mouse hippocampus than oligomeric or fibrillary tau from the same donors.
2020,Artificial Intelligence for MR Image Reconstruction: An Overview for Clinicians,"Dana J. Lin, Patricia M. Johnson, F. Knoll, Y. Lui",Journal of Magnetic Resonance Imaging,2020-02-12,235,Computational Neuroscience and Brain-Inspired AI,brain-structure;machine-learning;neuroimaging;clinical-neuroai,10.1002/jmri.27078,5425f7e58e6670220f4f700812f197b968170a60,https://doi.org/10.1002/jmri.27078,Review; JournalArticle,unknown,21,brain; artificial intelligence; classification; computational neuroscience; explicit brain-structure/AI bridge,"Artificial intelligence (AI) shows tremendous promise in the field of medical imaging, with recent breakthroughs applying deep-learning models for data acquisition, classification problems, segmentation, image synthesis, and image reconstruction."
2020,Commentary: Correction procedures in brain-age prediction,"A. D. de Lange, J. Cole",NeuroImage: Clinical,2020-02-24,235,Clinical NeuroAI and Brain Disorders,brain-structure;machine-learning;clinical-neuroai,10.1016/j.nicl.2020.102229,87cbee4581b6690d1148128653f7a536b5b0c7a1,https://doi.org/10.1016/j.nicl.2020.102229,JournalArticle; Review,unknown,16,brain; prediction; brain/neural structure in title; explicit brain-structure/AI bridge,"This is a PDF file of an article that has undergone enhancements after acceptance, such as the addition of a cover page and metadata, and formatting for readability, but it is not yet the definitive version of record."
2020,DNA methylation atlas of the mouse brain at single-cell resolution,"Hanqing Liu, Hanqing Liu, Jingtian Zhou, Jingtian Zhou, Wei-ping Tian, C. Luo, et al.",Nature,2020-04-30,235,General Brain-AI Structure Reviews and Methods,brain-structure;connectome;machine-learning;deep-learning;neuroimaging,10.1038/s41586-020-03182-8,4724b922d10823348edb11ec64642dc947d2a9d6,https://doi.org/10.1038/s41586-020-03182-8,JournalArticle; Review,unknown,25,brain; cerebrum; cortex; hippocampus; neuron; neural; neural network; prediction; brain/neural structure in title; explicit brain-structure/AI bridge,"Mammalian brain cells show remarkable diversity in gene expression, anatomy and function, yet the regulatory DNA landscape underlying this extensive heterogeneity is poorly understood."
2020,Generation and long-term culture of advanced cerebral organoids for studying later stages of neural development,"Stefano L. Giandomenico, Magdalena A. Sutcliffe, Madeline A. Lancaster",Nature Protocols,2020-12-16,235,"Cellular, Synaptic, and Neuromorphic Foundations",brain-structure,10.1038/s41596-020-00433-w,c3cd298d3070fd2049863934e406106e10027d49,https://doi.org/10.1038/s41596-020-00433-w,JournalArticle,unknown,12,brain; cerebral; cortical; neuron; neural; brain/neural structure in title; historical computation/learning bridge,"Cerebral organoids, or brain organoids, can be generated from a wide array of emerging technologies for modeling brain development and disease."
2020,Inhibition of double-strand DNA-sensing cGAS ameliorates brain injury after ischemic stroke,"Qian Li, Yuze Cao, C. Dang, B. Han, Ranran Han, Heping Ma, et al.",EMBO Molecular Medicine,2020-04-01,235,Computational Neuroscience and Brain-Inspired AI,brain-structure;neural-signals;clinical-neuroai,10.15252/emmm.201911002,7425db8809bd1793955f1cf3f0c3ef5585bbaea4,https://doi.org/10.15252/emmm.201911002,JournalArticle,unknown,10,brain; cerebral; ecog; brain/neural structure in title; historical computation/learning bridge,Cytosolic double-stranded DNA (dsDNA) is a danger signal that is tightly monitored and sensed by nucleic acid-sensing pattern recognition receptors.
2020,Molecular Mechanisms of Treatment Resistance in Glioblastoma,"Alexander Ou, W. Yung, N. Majd",International Journal of Molecular Sciences,2020-12-31,235,Clinical NeuroAI and Brain Disorders,brain-structure,10.3390/ijms22010351,82150552aaa72fd83a9028f15b48a24f3def50c4,https://doi.org/10.3390/ijms22010351,Review; JournalArticle,unknown,1,brain,Glioblastoma is the most common malignant primary brain tumor in adults and is almost invariably fatal.
2020,Simulating a Primary Visual Cortex at the Front of CNNs Improves Robustness to Image Perturbations,"Joel Dapello, Tiago Marques, Martin Schrimpf, Franziska Geiger, David D. Cox, J. DiCarlo",bioRxiv,2020-06-17,235,Computational Neuroscience and Brain-Inspired AI,brain-structure;connectome;deep-learning;brain-inspired-ai;neural-signals,10.1101/2020.06.16.154542,7323ff36df929ecf1b877c8d0daadffae384c3e3,https://doi.org/10.1101/2020.06.16.154542,JournalArticle,unknown,24,brain; cortex; ecog; neuron; neural; neural network; brain-inspired; brain/neural structure in title; explicit brain-structure/AI bridge,"Current state-of-the-art object recognition models are largely based on convolutional neural network (CNN) architectures, which are loosely inspired by the primate visual system."
2020,Astrocyte-derived Extracellular Vesicles: Neuroreparative Properties and Role in the Pathogenesis of Neurodegenerative Disorders,"Raghavendra Upadhya, Winston Zingg, Siddhant Shetty, A. Shetty",Journal of Controlled Release,2020-04-11,234,"Cellular, Synaptic, and Neuromorphic Foundations",brain-structure;clinical-neuroai,10.1016/j.jconrel.2020.04.017,75b52573aade381ea31c18e4882d4879d2401302,https://doi.org/10.1016/j.jconrel.2020.04.017,Review; JournalArticle,unknown,3,brain; neuron; neural,Extracellular vesicles (EVs) released by neural cells play an essential role in brain homeostasis and the crosstalk between neural cells and the periphery.
2020,Effects of Oral Gamma-Aminobutyric Acid (GABA) Administration on Stress and Sleep in Humans: A Systematic Review,"P. Hepsomali, J. Groeger, J. Nishihira†, A. Scholey",Frontiers in Neuroscience,2020-09-17,234,General Brain-AI Structure Reviews and Methods,brain-structure;clinical-neuroai,10.3389/fnins.2020.00923,8a82749a67aa6a18522ee1dc57181ee5ebe30b8e,https://doi.org/10.3389/fnins.2020.00923,Review,unknown,1,brain,Gamma-aminobutyric acid (GABA) is a non-proteinogenic amino acid and is the main inhibitory neurotransmitter in the mammalian brain.
2020,Encouraging an excitable brain state: mechanisms of brain repair in stroke,"Mary T. Joy, S. Carmichael",Nature Reviews Neuroscience,2020-11-12,234,"Cellular, Synaptic, and Neuromorphic Foundations",brain-structure;clinical-neuroai,10.1038/s41583-020-00396-7,70d909516e3593d4ae01b72f7a224d6b598e15cd,https://doi.org/10.1038/s41583-020-00396-7,Review; JournalArticle,unknown,11,brain; neuron; neural; synapse; brain/neural structure in title; historical computation/learning bridge,Stroke induces a plastic state in the brain.
2020,Neurological manifestations of patients with COVID-19: potential routes of SARS-CoV-2 neuroinvasion from the periphery to the brain,"Zhengqian Li, Taotao Liu, N. Yang, Dengyang Han, Xinning Mi, Yue Li, et al.",Frontiers in Medicine,2020-05-04,234,Clinical NeuroAI and Brain Disorders,brain-structure;clinical-neuroai,10.1007/s11684-020-0786-5,14af9fc60365428df210736e4d0bbba31d7f5efc,https://doi.org/10.1007/s11684-020-0786-5,Review; JournalArticle,unknown,4,brain; brain/neural structure in title,"Coronavirus disease 2019 (COVID-19), caused by severe acute respiratory syndrome Coronavirus 2 (SARS-CoV-2), has caused a global pandemic in only 3 months."
2020,The essential elements of Alzheimer's disease,"P. Lei, Scott Ayton, A. Bush",Journal of Biological Chemistry,2020-11-20,234,Clinical NeuroAI and Brain Disorders,brain-structure;clinical-neuroai,10.1074/jbc.REV120.008207,5ca8d2c382d1da5d5332b0e0d3390d785cfa379a,https://doi.org/10.1074/jbc.REV120.008207,JournalArticle; Review,unknown,1,brain,Treatments for Alzheimer's disease (AD) directed against the prominent amyloid plaque neuropathology are yet to be proved effective despite many phase 3 clinical trials.
2020,Where is Cingulate Cortex? A Cross-Species View.,"S. van Heukelum, R. Mars, M. Guthrie, J. Buitelaar, C. Beckmann, P. Tiesinga, et al.",Trends in Neurosciences,2020-05-01,234,General Brain-AI Structure Reviews and Methods,brain-structure,10.1016/j.tins.2020.03.007,26ba63372af71c43c6425c679010c824fa5cc5b8,https://doi.org/10.1016/j.tins.2020.03.007,Review; JournalArticle,unknown,9,brain; cortex; brain/neural structure in title; historical computation/learning bridge,"To compare findings across species, neuroscience relies on cross-species homologies, particularly in terms of brain areas."
2020,A whole-brain connectivity map of mouse insular cortex,"D. Gehrlach, T. N. Gaitanos, Alexandra S. Klein, C. Weiand, A. A. Hennrich, K. Conzelmann, et al.",bioRxiv,2020-02-10,233,"Cellular, Synaptic, and Neuromorphic Foundations",brain-structure;connectome,10.7554/eLife.55585,21bd45bdb0304e4c87de095a6533685a51537c96,https://doi.org/10.7554/eLife.55585,JournalArticle,unknown,8,brain; cortex; cortical; connectivity; neuron; brain/neural structure in title,The insular cortex (IC) plays key roles in emotional and regulatory brain functions and is affected across psychiatric diseases.
2020,FlyWire: Online community for whole-brain connectomics,"Sven Dorkenwald, Claire E. McKellar, T. Macrina, N. Kemnitz, Kisuk Lee, R. Lu, et al.",Nature Methods,2020-08-30,233,"Connectomics, Graph Models, and Brain Networks",brain-structure;connectome;neuroimaging,10.1038/s41592-021-01330-0,3149671f907078eac6835a05a99da756c493a15b,https://doi.org/10.1038/s41592-021-01330-0,JournalArticle,unknown,11,brain; connectome; neuron; neural; brain/neural structure in title; historical computation/learning bridge,"Due to advances in automated image acquisition and analysis, whole-brain connectomes with 100,000 or more neurons are on the horizon."
2020,LncRNA PVT1 regulates ferroptosis through miR-214-mediated TFR1 and p53.,"Jing-jing Lu, Feng Xu, Hong Lu",Life Science,2020-08-19,233,Clinical NeuroAI and Brain Disorders,brain-structure;clinical-neuroai,10.1016/j.lfs.2020.118305,5669e4003de80c7e07d6f02cd70877ccde412448,https://doi.org/10.1016/j.lfs.2020.118305,JournalArticle,unknown,5,brain; historical computation/learning bridge,AIM The study aims to investigate the roles of LncRNA and miRNA in ferroptosis in brain ischemia/reperfusion (I/R) in vivo and in vitro.
2020,Neuroinflammation in intracerebral haemorrhage: immunotherapies with potential for translation.,"M. Xue, V. Yong",Lancet Neurology,2020-12-01,233,Clinical NeuroAI and Brain Disorders,brain-structure;clinical-neuroai,10.1016/s1474-4422(20)30364-1,3b5850d4dd1d212a89066ebca57fd8719aed568b,https://doi.org/10.1016/s1474-4422(20)30364-1,Review; JournalArticle,unknown,7,brain; cerebral; neural; historical computation/learning bridge,"Intracerebral haemorrhage is inadequately controlled by current treatments, requiring new solutions to improve the prognosis."
2020,The Sleeping Brain: Harnessing the Power of the Glymphatic System through Lifestyle Choices,"Oliver Cameron Reddy, Y. D. van der Werf",Brain Science,2020-11-01,233,Clinical NeuroAI and Brain Disorders,brain-structure;connectome;neural-signals;clinical-neuroai,10.3390/brainsci10110868,4ac7e80f9fc0daf18a5cedafc623eb36b793b0f3,https://doi.org/10.3390/brainsci10110868,Review; JournalArticle,unknown,5,brain; meg; brain/neural structure in title,"The glymphatic system is a ""pseudo-lymphatic"" perivascular network distributed throughout the brain, responsible for replenishing as well as cleansing the brain."
2020,Brain tumor classification using a hybrid deep autoencoder with Bayesian fuzzy clustering-based segmentation approach,"P. Raja, A. Rani",Biocybernetics and Biomedical Engineering,2020-01-01,232,Structural Neuroimaging and AI,brain-structure;machine-learning;neuroimaging;clinical-neuroai,10.1016/j.bbe.2020.01.006,5144bcaa63716c16e96b7299f366977d7faad994,https://doi.org/10.1016/j.bbe.2020.01.006,paper,unknown,21,brain; mri; classification; bayesian; brain/neural structure in title; explicit brain-structure/AI bridge,"Abstract In medical image processing, brain tumor detection and segmentation is a challenging and time-consuming task."
2020,Ibrutinib alleviates LPS-induced neuroinflammation and synaptic defects in a mouse model of depression.,"Wei-fen Li, T. Ali, Kaiwu He, Zizhen Liu, F. Shah, Qing-Guo Ren, et al.","Brain, behavior, and immunity",2020-11-09,232,"Cellular, Synaptic, and Neuromorphic Foundations",brain-structure,10.1016/j.bbi.2020.11.008,a8623bcae7a194ef5a5c05416fec41b877096e83,https://doi.org/10.1016/j.bbi.2020.11.008,JournalArticle,unknown,5,brain; historical computation/learning bridge,"Previous studies have demonstrated a close association between an altered immune system and major depressive disorders, and inhibition of neuroinflammation may represent an alternative mechanism to treat depression."
2020,Real-Time Hand Gesture Recognition Using Surface Electromyography and Machine Learning: A Systematic Literature Review,"Andrés Jaramillo-Yánez, Marco E. Benalcázar, Elisa Mena-Maldonado",Italian National Conference on Sensors,2020-04-27,232,Structural Neuroimaging and AI,brain-structure;connectome;machine-learning;neuroimaging;neural-signals,10.3390/s20092467,4567b83a8925d25c5c1514ae5b0ce49956a1838c,https://doi.org/10.3390/s20092467,Review; JournalArticle,unknown,18,brain; ecog; machine learning; classification; explicit brain-structure/AI bridge,"Today, daily life is composed of many computing systems, therefore interacting with them in a natural way makes the communication process more comfortable."
2020,Sacituzumab Govitecan: First Approval,Yahiya Y. Syed,Drugs,2020-06-11,232,Clinical NeuroAI and Brain Disorders,brain-structure;clinical-neuroai,10.1007/s40265-020-01337-5,5aa9d8542420428a391358e6b39fd921cdd2a22f,https://doi.org/10.1007/s40265-020-01337-5,Review; JournalArticle,unknown,1,brain,"Sacituzumab govitecan (sacituzumab govitecan-hziy; Trodelvy™) is a Trop-2-directed antibody conjugated to a topoisomerase I inhibitor (SN-38) that is being developed by Immunomedics for the treatment of solid tumours, including breast cancer."
2020,Structuring Knowledge with Cognitive Maps and Cognitive Graphs,"Michael Peer, Iva K. Brunec, N. Newcombe, Russell A. Epstein",Trends in Cognitive Sciences,2020-11-25,232,General Brain-AI Structure Reviews and Methods,brain-structure;connectome;decoding,10.1016/j.tics.2020.10.004,ebb84cd031b696380b9ba01a95538ae4498d3ae0,https://doi.org/10.1016/j.tics.2020.10.004,Review; JournalArticle,unknown,2,brain; neural,Humans and animals use mental representations of the spatial structure of the world to navigate.
2020,Systemic Consequences of Pulmonary Hypertension and Right-Sided Heart Failure,"S. Rosenkranz, L. Howard, M. Gomberg-Maitland, M. Hoeper",Circulation,2020-02-25,232,Clinical NeuroAI and Brain Disorders,brain-structure;neuroimaging;clinical-neuroai,10.1161/CIRCULATIONAHA.116.022362,3b3e00db410c5f349415b42363ea73e8464ac2a1,https://doi.org/10.1161/CIRCULATIONAHA.116.022362,JournalArticle,unknown,1,brain,Pulmonary hypertension (PH) is a feature of a variety of diseases and continues to harbor high morbidity and mortality.
2020,Brain States and Transitions: Insights from Computational Neuroscience.,"M. Kringelbach, G. Deco",Cell Reports,2020-09-01,231,General Brain-AI Structure Reviews and Methods,brain-structure;brain-inspired-ai,10.1016/j.celrep.2020.108128,e71bc276370e1ad8f85c188995734cabb005b4b8,https://doi.org/10.1016/j.celrep.2020.108128,Review; JournalArticle,unknown,21,brain; neuron; computational model; computational neuroscience; brain/neural structure in title; explicit brain-structure/AI bridge,Within the field of computational neuroscience there are great expectations of finding new ways to rebalance the complex dynamic system of the human brain through controlled pharmacological or electromagnetic perturbation.
2020,Ivosidenib in Isocitrate Dehydrogenase 1-Mutated Advanced Glioma,"I. Mellinghoff, B. Ellingson, M. Touat, E. Maher, M. I. de la Fuente, M. Holdhoff, et al.",Journal of Clinical Oncology,2020-06-12,231,Clinical NeuroAI and Brain Disorders,brain-structure;neuroimaging;clinical-neuroai,10.1200/JCO.19.03327,a60b132ccba64096386f7ed399256de4d70edf47,https://doi.org/10.1200/JCO.19.03327,JournalArticle,unknown,1,brain,PURPOSE Diffuse gliomas are malignant brain tumors that include lower-grade gliomas (LGGs) and glioblastomas.
2020,Kilohertz two-photon fluorescence microscopy imaging of neural activity in vivo,"Jianglai Wu, Yajie Liang, Shuo Chen, Ching-Lung Hsu, M. Chavarha, S. Evans, et al.",Nature Methods,2020-03-01,231,General Brain-AI Structure Reviews and Methods,brain-structure,10.1038/s41592-020-0762-7,8e1222973425c6ba23cf0a99870e013652d404e2,https://doi.org/10.1038/s41592-020-0762-7,JournalArticle,unknown,6,brain; neuron; neural; brain/neural structure in title,Understanding information processing in the brain requires monitoring neuronal activity at high spatiotemporal resolution.
2020,Movie-watching outperforms rest for functional connectivity-based prediction of behavior,"E. Finn, P. Bandettini",bioRxiv,2020-08-24,231,"Connectomics, Graph Models, and Brain Networks",brain-structure;connectome;machine-learning,10.1016/j.neuroimage.2021.117963,955b67d3d434383e2a3df97a80f44eb6d8d84057,https://doi.org/10.1016/j.neuroimage.2021.117963,JournalArticle,unknown,14,brain; connectivity; prediction; explicit brain-structure/AI bridge,A major goal of human neuroscience is to relate differences in brain function to differences in behavior across people.
2020,Prenatal stress: Effects on fetal and child brain development.,"A. Lautarescu, M. Craig, V. Glover",International review of neurobiology,2020,231,"Cognitive Architectures, Learning, and Systems Neuroscience",brain-structure;connectome,10.1016/bs.irn.2019.11.002,b83862c8bb1252f558d60fccc8abc0c1b8144fe2,https://doi.org/10.1016/bs.irn.2019.11.002,JournalArticle,unknown,6,brain; cortical; amygdala; brain/neural structure in title,The impact of stress on brain health begins in the womb.
2020,Review on motor imagery based BCI systems for upper limb post-stroke neurorehabilitation: From designing to application,"M. A. Khan, Rig Das, H. Iversen, S. Puthusserypady",Comput. Biol. Medicine,2020-08-01,231,"Brain Decoding, Representation Learning, and BCI",brain-structure;decoding;clinical-neuroai;neuromorphic-bci,10.1016/j.compbiomed.2020.103843,cceadfc709ac9f95cedc8dad1e2b57be86a3b352,https://doi.org/10.1016/j.compbiomed.2020.103843,Review; JournalArticle,unknown,17,brain; brain-computer; bci; explicit brain-structure/AI bridge,Strokes are a growing cause of mortality and many stroke survivors suffer from motor impairment as well as other types of disabilities in their daily life activities.
2020,"Analysis of heart injury laboratory parameters in 273 COVID-19 patients in one hospital in Wuhan, China","Huan Han, Linlin Xie, Rui Liu, Jie Yang, Fang Liu, Kailang Wu, et al.",Journal of Medical Virology,2020-03-31,230,Clinical NeuroAI and Brain Disorders,brain-structure;clinical-neuroai,10.1002/jmv.25809,a1ca5ec0b8f81c8f1e05e1eaf65f8c26444d40ca,https://doi.org/10.1002/jmv.25809,JournalArticle,unknown,1,brain,An outbreak of severe acute respiratory syndrome novel coronavirus (SARS-CoV-2) epidemic spreads rapidly worldwide.
2020,Early postmortem brain MRI findings in COVID-19 non-survivors,"Tim Coolen, V. Lolli, N. Sadeghi, A. Rovai, N. Trotta, F. Taccone, et al.",Neurology,2020-05-08,230,General Brain-AI Structure Reviews and Methods,brain-structure;neuroimaging;clinical-neuroai,10.1212/WNL.0000000000010116,5c00dbfc952dd52ab10dffcfa521077d74597b54,https://doi.org/10.1212/WNL.0000000000010116,JournalArticle,unknown,7,brain; cortical; brainstem; mri; brain/neural structure in title,Objectives The severe acute respiratory syndrome coronavirus 2 (SARS-CoV-2) is considered to have potential neuroinvasiveness that might lead to acute brain disorders or contribute to respiratory distress in patients with coronavirus disease 2019 (COVID-19).
2020,HLA-DR15 Molecules Jointly Shape an Autoreactive T Cell Repertoire in Multiple Sclerosis,"Jian Wang, I. Jelcic, L. Mühlenbruch, V. Haunerdinger, Nora C. Toussaint, Yingdong Zhao, et al.",Cell,2020-10-14,230,"Cellular, Synaptic, and Neuromorphic Foundations",brain-structure,10.1016/j.cell.2020.09.054,08ba1be59b1f6e0865004e206e30cd91cc4a39da,https://doi.org/10.1016/j.cell.2020.09.054,JournalArticle,unknown,1,brain,"Summary The HLA-DR15 haplotype is the strongest genetic risk factor for multiple sclerosis (MS), but our understanding of how it contributes to MS is limited."
2020,Multi-channel whole-head OPM-MEG: Helmet design and a comparison with a conventional system,"R. Hill, E. Boto, M. Rea, N. Holmes, J. Leggett, L. Coles, et al.",bioRxiv,2020-03-13,230,"Electrophysiology, Neural Signals, and AI Decoding",brain-structure;connectome;neuroimaging;neural-signals,10.1016/j.neuroimage.2020.116995,ecc40ec19368069b65ff7d75e72332edbfdbea03,https://doi.org/10.1016/j.neuroimage.2020.116995,JournalArticle,unknown,8,brain; eeg; meg; neuron; historical computation/learning bridge,"Magnetoencephalography (MEG) is a powerful technique for functional neuroimaging, offering a non-invasive window on brain electrophysiology."
2020,Augmented Reality for Robotics: A Review,"Z. Makhataeva, H. A. Varol",Robotics,2020-04-02,229,"Brain Decoding, Representation Learning, and BCI",brain-structure;decoding;neuroimaging;neuromorphic-bci,10.3390/robotics9020021,0c9c93d889ac2ae90e836494010df6b403e238ef,https://doi.org/10.3390/robotics9020021,JournalArticle; Review,unknown,17,brain; brain-computer; bci; explicit brain-structure/AI bridge,Augmented reality (AR) is used to enhance the perception of the real world by integrating virtual objects to an image sequence acquired from various camera technologies.
2020,Glut1 Deficiency Syndrome (Glut1DS): State of the art in 2020 and recommendations of the international Glut1DS study group,"J. Klepper, C. Akman, M. Armeno, S. Auvin, M. Cervenka, H. Cross, et al.",Epilepsia Open,2020-08-13,229,Clinical NeuroAI and Brain Disorders,brain-structure;clinical-neuroai,10.1002/epi4.12414,be01f986664d2e28aec25e4de5cf1a91ba72842f,https://doi.org/10.1002/epi4.12414,JournalArticle,unknown,1,brain,Abstract Glut1 deficiency syndrome (Glut1DS) is a brain energy failure syndrome caused by impaired glucose transport across brain tissue barriers.
2020,A neurotransmitter produced by gut bacteria modulates host sensory behaviour,"Michael P. O'Donnell, Bennett W. Fox, Pin-Hao Chao, F. Schroeder, P. Sengupta",Nature,2020-06-17,228,"Cellular, Synaptic, and Neuromorphic Foundations",brain-structure,10.1038/s41586-020-2395-5,3c9eaf0549b704890d8b00f6ef94804ed910838d,https://doi.org/10.1038/s41586-020-2395-5,JournalArticle,unknown,2,brain; neuron,"Animals coexist in commensal, pathogenic or mutualistic relationships with complex communities of diverse organisms, including microorganisms1."
2020,Acute social isolation evokes midbrain craving responses similar to hunger,"L. Tomova, Kimberly L. Wang, Todd Thompson, G. Matthews, Atsushi Takahashi, K. Tye, et al.",Nature Neuroscience,2020-03-26,228,General Brain-AI Structure Reviews and Methods,brain-structure;neuroimaging,10.1038/s41593-020-00742-z,00f7759c93061c19417ac07857a48818a1d20688,https://doi.org/10.1038/s41593-020-00742-z,JournalArticle,unknown,6,brain; cortical; neural; brain/neural structure in title,"When people are forced to be isolated from each other, do they crave social interactions?"
2020,Coronary Microvascular Dysfunction,"F. Vancheri, G. Longo, Sergio Vancheri, M. Henein",Journal of Clinical Medicine,2020-09-01,228,Clinical NeuroAI and Brain Disorders,brain-structure;connectome;machine-learning;neuroimaging;clinical-neuroai,10.3390/jcm9092880,30c77f517d399c8f85eed4c8989fe1c5549c3de5,https://doi.org/10.3390/jcm9092880,Review; JournalArticle,unknown,13,brain; classification; explicit brain-structure/AI bridge,Many patients with chest pain undergoing coronary angiography do not show significant obstructive coronary lesions.
2020,Cottonseed oil alleviates ischemic stroke injury by inhibiting the inflammatory activation of microglia and astrocyte,"Min Liu, Zhi-Peng Xu, Long Wang, Lixia Zhang, Yi Liu, Jiangbei Cao, et al.",Journal of Neuroinflammation,2020-04-13,228,"Cellular, Synaptic, and Neuromorphic Foundations",brain-structure;clinical-neuroai,10.1186/s12974-020-01946-7,ce1b0bdedd30f8807824febd9a2aefe70608a94f,https://doi.org/10.1186/s12974-020-01946-7,JournalArticle,unknown,7,brain; cerebral; neuron; historical computation/learning bridge,Ischemic stroke is the second leading cause of death globally.
2020,Doxorubicin-loaded iron oxide nanoparticles for glioblastoma therapy: a combinational approach for enhanced delivery of nanoparticles,"M. Norouzi, V. Yathindranath, J. Thliveris, Brian M Kopec, T. Siahaan, Donald W. Miller",Scientific Reports,2020-07-09,228,Computational Neuroscience and Brain-Inspired AI,brain-structure;neural-signals,10.1038/s41598-020-68017-y,877588e1813a92e0093fb11350892cd05d53f8e4,https://doi.org/10.1038/s41598-020-68017-y,JournalArticle,unknown,7,brain; eeg; meg; historical computation/learning bridge,"Although doxorubicin (DOX) is an effective anti-cancer drug with cytotoxicity in a variety of different tumors, its effectiveness in treating glioblastoma multiforme (GBM) is constrained by insufficient penetration across the blood-brain barrier (BBB)."
2020,Dynamic Stimulation of Visual Cortex Produces Form Vision in Sighted and Blind Humans,"M. Beauchamp, D. Oswalt, Ping Sun, Brett L. Foster, J. Magnotti, Soroush Niketeghad, et al.",Cell,2020-05-01,228,"Cognitive Architectures, Learning, and Systems Neuroscience",brain-structure;neural-signals,10.1016/j.cell.2020.04.033,e916ea733ce57efbb76738d60911a799ef02f4af,https://doi.org/10.1016/j.cell.2020.04.033,JournalArticle,unknown,7,brain; cortex; cortical; ecog; brain/neural structure in title,"Summary A visual cortical prosthesis (VCP) has long been proposed as a strategy for restoring useful vision to the blind, under the assumption that visual percepts of small spots of light produced with electrical stimulation of visual cortex (phosphenes) will combine into coherent percepts of visual forms, like pixels on a video screen."
2020,Functionally Distinct Neuronal Ensembles Within the Memory Engram,"Xiaochen Sun, Max J. Bernstein, Meizhen Meng, Siyuan Rao, A. T. Sørensen, L. Yao, et al.",Cell,2020-03-12,228,"Cellular, Synaptic, and Neuromorphic Foundations",brain-structure,10.1016/j.cell.2020.02.055,772b632c80f8b068f4a4821a4982ca65be051fd4,https://doi.org/10.1016/j.cell.2020.02.055,JournalArticle,unknown,3,brain; cortex; neuron,Summary: Memories are believed to be encoded by sparse ensembles of neurons in the brain.
2020,Initiation and propagation of α-synuclein aggregation in the nervous system,"Baraa A. Hijaz, L. Volpicelli-Daley",Molecular Neurodegeneration,2020-03-06,228,"Cellular, Synaptic, and Neuromorphic Foundations",brain-structure;connectome;deep-learning;neuroimaging;clinical-neuroai;neuromorphic-bci,10.1186/s13024-020-00368-6,c1199953d69eb7c662c6c2aa2736dcb628be60fd,https://doi.org/10.1186/s13024-020-00368-6,Review; JournalArticle,unknown,17,brain; basal ganglia; mri; neuron; neural; neural network; explicit brain-structure/AI bridge,"The two main pathological hallmarks of Parkinson's disease are loss of dopamine neurons in the substantia nigra pars compacta and proteinaceous amyloid fibrils composed mostly of α-synuclein, called Lewy pathology."
2020,Intranasal delivery of mesenchymal stem cell-derived extracellular vesicles exerts immunomodulatory and neuroprotective effects in a 3xTg model of Alzheimer's disease,"M. Losurdo, M. Pedrazzoli, C. D'Agostino, C. Elia, F. Massenzio, E. Lonati, et al.",Stem Cells Translational Medicine,2020-06-04,228,Computational Neuroscience and Brain-Inspired AI,brain-structure;clinical-neuroai,10.1002/sctm.19-0327,6044a87c16c496fad59b07e9c188b3b1b07e0fa4,https://doi.org/10.1002/sctm.19-0327,JournalArticle,unknown,6,brain; cerebral; historical computation/learning bridge,Abstract The critical role of neuroinflammation in favoring and accelerating the pathogenic process in Alzheimer's disease (AD) increased the need to target the cerebral innate immune cells as a potential therapeutic strategy to slow down the disease progression.
2020,Therapeutic Targets of Oxidative/Nitrosative Stress and Neuroinflammation in Ischemic Stroke: Applications for Natural Product Efficacy with Omics and Systemic Biology.,"Hansen Chen, Yacong He, Shuang Chen, Su-Hua Qi, Jiangang Shen",Pharmacological Research,2020-05-11,228,General Brain-AI Structure Reviews and Methods,brain-structure;connectome;clinical-neuroai,10.1016/j.phrs.2020.104877,79120e625f95b97d68bc0ae5101deda1e84d2a32,https://doi.org/10.1016/j.phrs.2020.104877,Review; JournalArticle,unknown,3,brain; cerebral; neuron,"Oxidative/nitrosative stress and neuroinflammation are critical pathological processes in cerebral ischemia-reperfusion injury, and their intimate interactions mediate neuronal damage, blood-brain barrier (BBB) damage and hemorrhagic transformation (HT) during ischemic stroke."
2020,Definitions and classification of malformations of cortical development: practical guidelines,"M. Severino, A. Geraldo, N. Utz, D. Tortora, I. Pogledić, W. Klonowski, et al.",Brain : a journal of neurology,2020-08-10,227,Structural Neuroimaging and AI,brain-structure;connectome;machine-learning;neuroimaging;clinical-neuroai,10.1093/brain/awaa174,8cf57006ac3100ac23f6ec7846bb2cf6342f92de,https://doi.org/10.1093/brain/awaa174,JournalArticle,unknown,15,brain; cortical; mri; classification; explicit brain-structure/AI bridge,"Based on consensus meetings as part of the European Network Neuro-MIG initiative, Severino et al."
2020,Identifying key factors for improving ICA-based decomposition of EEG data in mobile and stationary experiments,"Marius Klug, K. Gramann",bioRxiv,2020-06-02,227,"Electrophysiology, Neural Signals, and AI Decoding",brain-structure;neural-signals,10.1111/ejn.14992,c6c8b2cfd50fc303890ef066105a8021bb158d80,https://doi.org/10.1111/ejn.14992,JournalArticle,unknown,3,brain; eeg; meg,Recent developments in EEG hardware and analyses approaches allow for recordings in both stationary and mobile settings.
2020,Immunometabolism in the Brain: How Metabolism Shapes Microglial Function.,"L. Bernier, E. York, B. MacVicar",Trends in Neurosciences,2020-09-18,227,General Brain-AI Structure Reviews and Methods,brain-structure,10.1016/j.tins.2020.08.008,b08d29481ad5796f93d013e019fdd2e92c43055c,https://doi.org/10.1016/j.tins.2020.08.008,Review; JournalArticle,unknown,4,brain; brain/neural structure in title,"Immune cells react to their environment by flexibly reprogramming intracellular metabolic pathways that subsequently alter immune function, in a process called immunometabolism."
2020,Layer and rhythm specificity for predictive routing,"A. Bastos, Mikael Lundqvist, Ayan S. Waite, N. Kopell, E. Miller",Proceedings of the National Academy of Sciences of the United States of America,2020-01-28,227,"Connectomics, Graph Models, and Brain Networks",brain-structure;connectome;machine-learning;brain-inspired-ai;neural-signals;neuromorphic-bci,10.1073/pnas.2014868117,a012338f2a6dd8906c427896564e39e48b6e93f0,https://doi.org/10.1073/pnas.2014868117,JournalArticle,unknown,21,brain; cortex; cortical; connectivity; neural; prediction; predictive; explicit brain-structure/AI bridge,"Significance An established theoretical model, predictive coding, states that the brain is constantly building models (signifying changing predictions) of the environment."
2020,"Radiomics for precision medicine: current challenges,future prospects, and the proposal of a new framework.","A. Ibrahim, S. Primakov, M. Beuque, H. Woodruff, I. Halilaj, G. Wu, et al.",Methods,2020-06-03,227,General Brain-AI Structure Reviews and Methods,brain-structure;deep-learning;clinical-neuroai,10.1016/j.ymeth.2020.05.022,e5103570daeb4f444905b2f0feb224994a1bb317,https://doi.org/10.1016/j.ymeth.2020.05.022,Review; JournalArticle,unknown,22,brain; neuron; artificial intelligence; deep learning; computational neuroscience; explicit brain-structure/AI bridge,"The advancement of artificial intelligence concurrent with the development of medical imaging techniques provided a unique opportunity to turn medical imaging from mostly qualitative, to further quantitative and mineable data that can be explored for the development of clinical decision support systems (cDSS)."
2020,Regulation of sleep homeostasis mediator adenosine by basal forebrain glutamatergic neurons,"Wanling Peng, Zhaofa Wu, Kun Song, Siyu Zhang, Yulong Li, Min Xu",Science,2020-09-03,227,"Cellular, Synaptic, and Neuromorphic Foundations",brain-structure,10.1126/science.abb0556,9d6a669293966ee8c3c28732bf30b6dba416dea1,https://doi.org/10.1126/science.abb0556,JournalArticle,unknown,6,brain; neuron; neural; brain/neural structure in title,Sleep and basal forebrain activity Different patterns of neural activity in the brain control the sleep-wake cycle.
2020,Confound modelling in UK Biobank brain imaging,"F. Alfaro-Almagro, P. McCarthy, S. Afyouni, J. Andersson, M. Bastiani, K. Miller, et al.",bioRxiv,2020-03-12,226,Computational Neuroscience and Brain-Inspired AI,brain-structure,10.1016/j.neuroimage.2020.117002,b0027f0250dfcc3da0a5a9b2c3b0aa065c6e4a8e,https://doi.org/10.1016/j.neuroimage.2020.117002,JournalArticle,unknown,8,brain; brain/neural structure in title; historical computation/learning bridge,Dealing with confounds is an essential step in large cohort studies to address problems such as unexplained variance and spurious correlations.
2020,Detection and discrimination of intracranial tumors using plasma cell-free DNA methylomes,"F. Nassiri, A. Chakravarthy, Shengrui Feng, S. Y. Shen, R. Nejad, J. Zuccato, et al.",Nature Medicine,2020-06-22,226,Clinical NeuroAI and Brain Disorders,brain-structure;clinical-neuroai,10.1038/s41591-020-0932-2,0605bcd5b8c72587a79d6e87653b8e2bd2e20a74,https://doi.org/10.1038/s41591-020-0932-2,JournalArticle,unknown,1,brain,Definitive diagnosis of intracranial tumors relies on tissue specimens obtained by invasive surgery.
2020,Hi-GCN: A hierarchical graph convolution network for graph embedding learning of brain network and brain disorders prediction,"Hao Jiang, Peng Cao, MingYi Xu, Jinzhu Yang, Osmar R Zaiane",Comput. Biol. Medicine,2020-11-03,226,"Connectomics, Graph Models, and Brain Networks",brain-structure;connectome;machine-learning;deep-learning;decoding;neuroimaging;clinical-neuroai,10.1016/j.compbiomed.2020.104096,5523039b06bf0b1f49be4489a30616bcfa4c41dc,https://doi.org/10.1016/j.compbiomed.2020.104096,JournalArticle,unknown,30,brain; connectivity; neural; neural network; classification; prediction; graph neural; brain/neural structure in title; explicit brain-structure/AI bridge,"PURPOSE Recently, brain connectivity networks have been used for the classification of neurological disorder, such as Autism Spectrum Disorders (ASD) or Alzheimer's disease (AD)."
2020,Reconstruction of the human blood-brain barrier in vitro reveals a pathogenic mechanism of APOE4 in pericytes,"Joel W. Blanchard, Michael Bula, J. Dávila-Velderrain, L. Akay, Lena Zhu, Alexander Frank, et al.",Nature Medicine,2020-06-01,226,General Brain-AI Structure Reviews and Methods,brain-structure,10.1038/s41591-020-0886-4,0f6f080f816b8a427bb8ae056b92309b35749db9,https://doi.org/10.1038/s41591-020-0886-4,JournalArticle,unknown,4,brain; brain/neural structure in title,
2020,Revisiting the complexity of GLP-1 action-from sites of synthesis to receptor activation.,"Brent A. McLean, C. Wong, Jonathan E. Campbell, D. Hodson, S. Trapp, D. Drucker",Endocrine reviews,2020-12-15,226,General Brain-AI Structure Reviews and Methods,brain-structure;neuroimaging,10.1210/endrev/bnaa032,b68bb6bf38fc499616e8711fee9d9fe8450a3549,https://doi.org/10.1210/endrev/bnaa032,JournalArticle,unknown,2,brain; neural,"Glucagon-like peptide-1 (GLP-1) is produced in gut endocrine cells and in the brain, and acts through hormonal and neural pathways to regulate islet function, satiety, and gut motility, supporting development of GLP-1 receptor (GLP-1R) agonists for the treatment of diabetes and obesity."
2020,The liver-brain-gut neural arc maintains the Treg cell niche in the gut,"Toshiaki Teratani, Y. Mikami, N. Nakamoto, Takahiro Suzuki, Yosuke Harada, K. Okabayashi, et al.",Nature,2020-06-11,226,"Cellular, Synaptic, and Neuromorphic Foundations",brain-structure,10.1038/s41586-020-2425-3,c4d55e2bc4d4b68a02103ec084642b97d1647f0b,https://doi.org/10.1038/s41586-020-2425-3,JournalArticle,unknown,5,brain; neural; brain/neural structure in title,
2020,Catalytically potent and selective clusterzymes for modulation of neuroinflammation through single-atom substitutions,"Haile Liu, Yonghui Li, Si Sun, Qi Xin, Shuhu Liu, Xiaoyu Mu, et al.",Nature Communications,2020-12-17,225,General Brain-AI Structure Reviews and Methods,brain-structure,10.1038/s41467-020-20275-0,ab4e7d6362f428f443464be3e019351d14660491,https://doi.org/10.1038/s41467-020-20275-0,JournalArticle,unknown,1,brain,Emerging artificial enzymes with reprogrammed and augmented catalytic activity and substrate selectivity have long been pursued with sustained efforts.
2020,Diet and Mental Health: Review of the Recent Updates on Molecular Mechanisms,"J. Godos, W. Currenti, D. Angelino, P. Mena, Sabrina Castellano, F. Caraci, et al.",Antioxidants,2020-04-01,225,"Cellular, Synaptic, and Neuromorphic Foundations",brain-structure;neural-signals,10.3390/antiox9040346,9cfbf811bec092abf7eee5ea01108ad6d3290813,https://doi.org/10.3390/antiox9040346,Review; JournalArticle,unknown,4,brain; meg; ecog; neuron,"Over the last decades, there has been a substantial increase in the prevalence of mental health disorders, including an increased prevalence of depression, anxiety, cognitive, and sleep disorders."
2020,Drug compound screening in single and integrated multi-organoid body-on-a-chip systems,"A. Skardal, Julio Aleman, S. Forsythe, S. Rajan, S. Murphy, Mahesh Devarasetty, et al.",Biofabrication,2020-02-26,225,Clinical NeuroAI and Brain Disorders,brain-structure;clinical-neuroai,10.1088/1758-5090/ab6d36,236b558639501efd542c5919ada7003665b8af3e,https://doi.org/10.1088/1758-5090/ab6d36,JournalArticle,unknown,5,brain; historical computation/learning bridge,"Current practices in drug development have led to therapeutic compounds being approved for widespread use in humans, only to be later withdrawn due to unanticipated toxicity."
2020,Landscape and Regulation of m6A and m6Am Methylome across Human and Mouse Tissues.,"Jun'e Liu, Kai Li, Jia-Bin Cai, Mingchang Zhang, Xiaoting Zhang, Xushen Xiong, et al.",Molecules and Cells,2020-01-16,225,"Cellular, Synaptic, and Neuromorphic Foundations",brain-structure,10.1016/j.molcel.2019.09.032,391d917983a0eea81edbfc8ad716b6d94097c7af,https://doi.org/10.1016/j.molcel.2019.09.032,JournalArticle,unknown,1,brain,"N6-methyladenosine (m6A), the most abundant internal mRNA modification, and N6,2'-O-dimethyladenosine (m6Am), found at the first-transcribed nucleotide, are two reversible epitranscriptomic marks."
2020,Neural mechanisms of aggression across species,"Julieta E. Lischinsky, Dayu Lin",Nature Neuroscience,2020-10-12,225,General Brain-AI Structure Reviews and Methods,brain-structure;neuroimaging,10.1038/s41593-020-00715-2,df99cd77b5e81c96c70be67dc8bb655c17081a84,https://doi.org/10.1038/s41593-020-00715-2,Review; JournalArticle,unknown,6,brain; cortical; neural; brain/neural structure in title,Aggression is a social behavior essential for securing resources and defending oneself and family.
2020,Neuroimaging advances regarding subjective cognitive decline in preclinical Alzheimer's disease,"Xiaoqi Wang, Weijie Huang, L. Su, Y. Xing, F. Jessen, Yu Sun, et al.",Molecular Neurodegeneration,2020-09-22,225,Clinical NeuroAI and Brain Disorders,brain-structure;connectome;neuroimaging;clinical-neuroai,10.1186/s13024-020-00395-3,6d195b43be765e5059100407dc13165a5de1bd0e,https://doi.org/10.1186/s13024-020-00395-3,Review; JournalArticle,unknown,15,brain; connectivity; mri; artificial intelligence; explicit brain-structure/AI bridge,Subjective cognitive decline (SCD) is regarded as the first clinical manifestation in the Alzheimer's disease (AD) continuum.
2020,Shape perception via a high-channel-count neuroprosthesis in monkey visual cortex,"Xing Chen, Feng Wang, E. Fernández, P. Roelfsema",Science,2020-12-03,225,"Cognitive Architectures, Learning, and Systems Neuroscience",brain-structure;neural-signals;neuromorphic-bci,10.1126/science.abd7435,f258b597ebf0a4b4ba6c36aa52904c860cf6f969,https://doi.org/10.1126/science.abd7435,JournalArticle,unknown,8,brain; cortex; cortical; ecog; neuron; brain/neural structure in title,Restoring vision by stimulating the brain Electrical stimulation of the visual cortex has long been proposed as an approach to restoring vision in blind people.
2020,Transient cortical circuits match spontaneous and sensory driven activity during development,"Z. Molnár, Heiko J. Luhmann, P. Kanold",Science,2020-10-15,225,"Cellular, Synaptic, and Neuromorphic Foundations",brain-structure;connectome;clinical-neuroai,10.1126/science.abb2153,d5e7d113e2282f088f09b1c043a5eb4cb13e2647,https://doi.org/10.1126/science.abb2153,Review; JournalArticle,unknown,11,brain; cerebral; cortex; cortical; connectivity; neuron; historical computation/learning bridge,"A moment in time As the brain develops, it does not simply get bigger."
2020,18F-MK-6240 PET for early and late detection of neurofibrillary tangles.,"T. Pascoal, J. Therriault, A. Benedet, M. Savard, F. Lussier, M. Chamoun, et al.",Brain : a journal of neurology,2020-07-16,224,Clinical NeuroAI and Brain Disorders,brain-structure;connectome;neuroimaging;clinical-neuroai,10.1093/brain/awaa180,dfba5ecc1b6f5f3cb9ba96e594f8092132fdd168,https://doi.org/10.1093/brain/awaa180,JournalArticle,unknown,7,brain; cortex; mri; historical computation/learning bridge,Braak stages of tau neurofibrillary tangle accumulation have been incorporated in the criteria for the neuropathological diagnosis of Alzheimer's disease.
2020,Automated Categorization of Brain Tumor from MRI Using CNN features and SVM,"S. Deepak, P. M. Ameer",Journal of Ambient Intelligence and Humanized Computing,2020-10-01,224,Structural Neuroimaging and AI,brain-structure;neuroimaging,10.1007/s12652-020-02568-w,1932d88f7449e4c0cd648d728049e2f0da6ecfbb,https://doi.org/10.1007/s12652-020-02568-w,JournalArticle,unknown,5,brain; mri; brain/neural structure in title,
2020,NeuroPAL: A Multicolor Atlas for Whole-Brain Neuronal Identification in C. elegans,"Ev Yemini, Albert Lin, Amin Nejatbakhsh, E. Varol, Ruoxi Sun, Gonzalo E. Mena, et al.",Cell,2020-12-23,224,"Cellular, Synaptic, and Neuromorphic Foundations",brain-structure;connectome,10.1016/j.cell.2020.12.012,e20ba51f4b9bd9ca9e8e56141edd8ebf1fa4ddba,https://doi.org/10.1016/j.cell.2020.12.012,JournalArticle,unknown,5,brain; neuron; brain/neural structure in title,SUMMARY Comprehensively resolving neuronal identities in whole-brain images is a major challenge.
2020,A 5-year single-center early experience of heart transplantation from donation after circulatory-determined death donors.,"S. Messer, S. Cernic, A. Page, M. Berman, P. Kaul, S. Colah, et al.",The Journal of Heart and Lung Transplantation,2020-10-03,223,Clinical NeuroAI and Brain Disorders,brain-structure;clinical-neuroai,10.1016/J.HEALUN.2020.10.001,72c31a2b1ab660b05c418f435bd8cec9e73dd9e7,https://doi.org/10.1016/J.HEALUN.2020.10.001,JournalArticle,unknown,1,brain,"BACKGROUND In an effort to address the increasing demand for heart transplantation within the United Kingdom (UK), we established a clinical program of heart transplantation from donation after circulatory-determined death (DCD) donors in 2015."
2020,Bidirectional All-Optical Synapses Based on a 2D Bi2O2Se/Graphene Hybrid Structure for Multifunctional Optoelectronics,"Chia-Ming Yang, Tsung-Cheng Chen, Dharmendra Verma, Lain-Jong Li, Bo Liu, Wen-Hao Chang, et al.",Advanced Functional Materials,2020-05-28,223,"Cellular, Synaptic, and Neuromorphic Foundations",brain-structure;connectome;neuromorphic-bci,10.1002/adfm.202001598,46e0b83faf8af59107bc37e1838e8849ff898517,https://doi.org/10.1002/adfm.202001598,paper,unknown,14,brain; synapse; neuromorphic; explicit brain-structure/AI bridge,"Neuromorphic computing has been extensively studied to mimic the brain functions of perception, learning, and memory because it may overcome the von Neumann bottleneck."
2020,Brain tumor classification in MRI image using convolutional neural network.,"H. Khan, Wu Jue, Muhammad Mushtaq, Muhammad Umer Mushtaq",Mathematical biosciences and engineering : MBE,2020-08-31,223,Structural Neuroimaging and AI,brain-structure;connectome;machine-learning;deep-learning;neuroimaging;neural-signals,10.3934/mbe.2020328,6414ea60b00b5f547d2d2a8fb0d2121688bc0baf,https://doi.org/10.3934/mbe.2020328,JournalArticle,unknown,35,brain; mri; ecog; neural; machine learning; deep learning; neural network; classification; computational neuroscience; brain/neural structure in title; explicit brain-structure/AI bridge,Brain tumor is a severe cancer disease caused by uncontrollable and abnormal partitioning of cells.
2020,Internal Feature Selection Method of CSP Based on L1-Norm and Dempster-Shafer Theory,"Jing Jin, Ruocheng Xiao, I. Daly, Yangyang Miao, Xingyu Wang, A. Cichocki",IEEE Transactions on Neural Networks and Learning Systems,2020-08-24,223,"Connectomics, Graph Models, and Brain Networks",brain-structure;connectome;machine-learning;deep-learning;decoding;neuroimaging;neural-signals;neuromorphic-bci,10.1109/TNNLS.2020.3015505,ce8872eee1a5805361406a356c104d0e7572dd02,https://doi.org/10.1109/TNNLS.2020.3015505,JournalArticle,unknown,24,brain; eeg; meg; ecog; classification; brain-computer; bci; explicit brain-structure/AI bridge,The common spatial pattern (CSP) algorithm is a well-recognized spatial filtering method for feature extraction in motor imagery (MI)-based brain-computer interfaces (BCIs).
2020,Sepsis-associated encephalopathy: a vicious cycle of immunosuppression,"C. Ren, R. Yao, Hui Zhang, Yong-wen Feng, Yong-ming Yao",Journal of Neuroinflammation,2020-01-10,223,"Connectomics, Graph Models, and Brain Networks",brain-structure;connectome;clinical-neuroai,10.1186/s12974-020-1701-3,bcb5880fcde3c6d135ee7161879ea0743cab35ba,https://doi.org/10.1186/s12974-020-1701-3,Review; JournalArticle,unknown,1,brain,"Sepsis-associated encephalopathy (SAE) is commonly complicated by septic conditions, and is responsible for increased mortality and poor outcomes in septic patients."
2020,The Neuroscience of Positive Emotions and Affect: Implications for Cultivating Happiness and Wellbeing.,"Rebecca Alexander, Oriana R Aragón, Jamila Bookwala, N. Cherbuin, J. Gatt, Ian J. Kahrilas, et al.",Neuroscience and Biobehavioral Reviews,2020-12-08,223,General Brain-AI Structure Reviews and Methods,brain-structure;connectome,10.1016/j.neubiorev.2020.12.002,58fc29c917ef4826a4572cc9e41a153717295cdd,https://doi.org/10.1016/j.neubiorev.2020.12.002,Review; JournalArticle,unknown,1,brain,This review paper provides an integrative account regarding neurophysiological correlates of positive emotions and affect that cumulatively contribute to the scaffolding for positive emotions and wellbeing in humans and other animals.
2020,The Role of Oxidative Stress in Parkinson's Disease,"Kuo-Hsuan Chang, C. Chen",Antioxidants,2020-07-01,223,Clinical NeuroAI and Brain Disorders,brain-structure;clinical-neuroai,10.3390/antiox9070597,effd7dcaf38e15fa43c67af1aa839992e8cf76b4,https://doi.org/10.3390/antiox9070597,Review; JournalArticle,unknown,2,brain; neuron,Parkinson's disease (PD) is caused by progressive neurodegeneration of dopaminergic (DAergic) neurons with abnormal accumulation of α-synuclein in substantia nigra (SN).
2020,"Trust me, if you can: a study on the factors that influence consumers' purchase intention triggered by chatbots based on brain image evidence and self-reported assessments","Chiahui Yen, M. Chiang",Behavior and Information Technology,2020-03-24,223,General Brain-AI Structure Reviews and Methods,brain-structure;connectome;neuroimaging;neural-signals,10.1080/0144929X.2020.1743362,894c3cda9332165a8c1244ef35111a8f760004c2,https://doi.org/10.1080/0144929X.2020.1743362,JournalArticle; Review,unknown,18,brain; cortex; eeg; artificial intelligence; brain/neural structure in title; explicit brain-structure/AI bridge,"ABSTRACT Nowadays, chatbots is one of the fast rising artificial intelligence (AI) trend relates to the utilisation of applications that interact with users in a conversational format and mimic human conversation."
2020,Central nervous system complications associated with SARS-CoV-2 infection: integrative concepts of pathophysiology and case reports,"S. Najjar, Amanda Najjar, Derek J. Chong, B. Pramanik, C. Kirsch, R. Kuzniecky, et al.",Journal of Neuroinflammation,2020-08-06,222,Clinical NeuroAI and Brain Disorders,brain-structure;clinical-neuroai,10.1186/s12974-020-01896-0,784a6edc6769c85abcfff5d4640545f244f892ae,https://doi.org/10.1186/s12974-020-01896-0,Review; JournalArticle,unknown,1,brain,Coronavirus disease 2019 (COVID-19) is a highly infectious pandemic caused by a novel coronavirus called severe acute respiratory syndrome coronavirus 2 (SARS-CoV-2).
2020,Eclampsia in the 21st century.,"M. Fishel bartal, B. Sibai",American Journal of Obstetrics and Gynecology,2020-09-01,222,Clinical NeuroAI and Brain Disorders,brain-structure;machine-learning;clinical-neuroai,10.1016/j.ajog.2020.09.037,884ea410d09e1488a73c7d121fc3de874754b6a6,https://doi.org/10.1016/j.ajog.2020.09.037,Review; JournalArticle,unknown,13,brain; prediction; explicit brain-structure/AI bridge,"The reported incidence of eclampsia is 1.6-10 per 10,000 deliveries in developed countries, where as it is 50-151 per 10,000 deliveries in developing countries."
2020,Lipid Droplets in Neurodegenerative Disorders,"Brandon C Farmer, Adeline E. Walsh, Jude C. Kluemper, Lance A. Johnson",Frontiers in Neuroscience,2020-07-29,222,General Brain-AI Structure Reviews and Methods,brain-structure,10.3389/fnins.2020.00742,ceaa50fa3e286c4314875dcc8b28a5f205c4f1d1,https://doi.org/10.3389/fnins.2020.00742,Review; JournalArticle,unknown,1,brain,Knowledge of lipid droplets (LDs) has evolved from simple depots of lipid storage to dynamic and functionally active organelles involved in a variety of cellular functions.
2020,"Prevalence and Family-Related Factors Associated With Suicidal Ideation, Suicide Attempts, and Self-injury in Children Aged 9 to 10 Years","Danielle C DeVille, Diana J. Whalen, F. Breslin, A. Morris, S. Khalsa, M. Paulus, et al.",JAMA Network Open,2020-02-05,222,"Connectomics, Graph Models, and Brain Networks",brain-structure;connectome,10.1001/jamanetworkopen.2019.20956,5605c8d135867fa97576f8286c48031b51c56097,https://doi.org/10.1001/jamanetworkopen.2019.20956,JournalArticle,unknown,1,brain,"IMPORTANCE Although suicide is a leading cause of death for children in the United States, and the rate of suicide in childhood has steadily increased, little is known about suicidal ideation and behaviors in children."
2020,Active Forgetting: Adaptation of Memory by Prefrontal Control.,"Michael C. Anderson, Justin C. Hulbert",Annual Review of Psychology,2020-09-14,221,"Cognitive Architectures, Learning, and Systems Neuroscience",brain-structure;connectome,10.1146/annurev-psych-072720-094140,f1159fe132e39bc9059f80e9e26deb4e84987404,https://doi.org/10.1146/annurev-psych-072720-094140,JournalArticle; Review,unknown,7,brain; cortex; hippocampus; historical computation/learning bridge,"Over the past century, psychologists have discussed whether forgetting might arise from active mechanisms that promote memory loss to achieve various functions, such as minimizing errors, facilitating learning, or regulating one's emotional state."
2020,Brain-gut-microbiome interactions in obesity and food addiction,"Arpana Gupta, V. Osadchiy, E. Mayer",Nature reviews: Gastroenterology & hepatology,2020-08-27,221,General Brain-AI Structure Reviews and Methods,brain-structure,10.1038/s41575-020-0341-5,ff180245b4b5abf456c11853d469031653f64f51,https://doi.org/10.1038/s41575-020-0341-5,Review; JournalArticle,unknown,4,brain; brain/neural structure in title,
2020,Cryo-EM structures of tau filaments.,"S. Scheres, Wenjuan Zhang, B. Falcon, M. Goedert",Current Opinion in Structural Biology,2020-06-27,221,"Cellular, Synaptic, and Neuromorphic Foundations",brain-structure,10.1016/j.sbi.2020.05.011,d2f84ac5379f86fc29a23bb305da3c3e954f07d4,https://doi.org/10.1016/j.sbi.2020.05.011,Review; JournalArticle,unknown,1,brain,"Assembly of microtubule-associated protein tau into filamentous inclusions underlies many human neurodegenerative diseases, called tauopathies."
2020,The neural and computational systems of social learning,"A. Olsson, E. Knapska, B. Lindström",Nature Reviews Neuroscience,2020-03-12,221,Computational Neuroscience and Brain-Inspired AI,,10.1038/s41583-020-0276-4,cb0852f21eecbf33b4a0f441121038b0848128bf,https://doi.org/10.1038/s41583-020-0276-4,Review; JournalArticle,unknown,8,neural; brain/neural structure in title; historical computation/learning bridge,
2020,Development of Three Web-Based Computerized Versions of the Kiddie Schedule for Affective Disorders and Schizophrenia (KSADS-COMP) Child Psychiatric Diagnostic Interview: Preliminary Validity Data.,"L. Townsend, K. Kobak, Catherine L. Kearney, M. Milham, Charissa F. Andreotti, J. Escalera, et al.",Journal of the American Academy of Child and Adolescent Psychiatry,2020-02-01,220,"Connectomics, Graph Models, and Brain Networks",brain-structure;connectome;clinical-neuroai,10.1016/j.jaac.2019.05.009,57ad8ffc2c7b9bbd4ae6394f68e28be1b9b7025b,https://doi.org/10.1016/j.jaac.2019.05.009,JournalArticle,unknown,1,brain,OBJECTIVE To present initial validity data on three web-based computerized versions of the Kiddie Schedule for Affective Disorders and Schizophrenia (KSADS-COMP).
2020,Dysregulation of BDNF/TrkB signaling mediated by NMDAR/Ca2+/calpain might contribute to postoperative cognitive dysfunction in aging mice,"L. Qiu, W. Pan, Dan Luo, Guang-Fen Zhang, Zhi-qiang Zhou, Xiaoyun Sun, et al.",Journal of Neuroinflammation,2020-01-16,220,"Cellular, Synaptic, and Neuromorphic Foundations",brain-structure;neural-signals;clinical-neuroai,10.1186/s12974-019-1695-x,3ee9c4a8cc723ef290c7d53ece29aec2db9766ea,https://doi.org/10.1186/s12974-019-1695-x,JournalArticle,unknown,8,brain; hippocampus; ecog; neuron; historical computation/learning bridge,"Postoperative cognitive decline (POCD) is a recognized clinical phenomenon characterized by cognitive impairments in patients following anesthesia and surgery, yet its underlying mechanism remains unclear."
2020,Glucose metabolism links astroglial mitochondria to cannabinoid effects,"Daniel Jiménez-Blasco, A. Busquets-García, Etienne Hebert-Chatelain, R. Serrat, Carlos Vicente-Gutiérrez, C. Ioannidou, et al.",Nature,2020-07-08,220,General Brain-AI Structure Reviews and Methods,,10.1038/s41586-020-2470-y,b0299b5dc83cba4ea787cdb5dc96bd37cf090480,https://doi.org/10.1038/s41586-020-2470-y,JournalArticle,unknown,0,Semantic Scholar brain-AI query,
2020,Advances in the field of intranasal oxytocin research: lessons learned and future directions for clinical research,"D. Quintana, A. Lischke, Sally A. Grace, D. Scheele, Yina Ma, B. Becker",Molecular Psychiatry,2020-08-17,219,"Cognitive Architectures, Learning, and Systems Neuroscience",brain-structure;neuroimaging;clinical-neuroai,10.1038/s41380-020-00864-7,33edb959e53783e0256a3da7e5933681d3267141,https://doi.org/10.1038/s41380-020-00864-7,Review; JournalArticle,unknown,1,brain,"Reports on the modulatory role of the neuropeptide oxytocin on social cognition and behavior have steadily increased over the last two decades, stimulating considerable interest in its psychiatric application."
2020,An ocular glymphatic clearance system removes β-amyloid from the rodent eye,"Xiaowei Wang, Nanhong Lou, Allison Eberhardt, Yujia Yang, Peter Kusk, Qiwu Xu, et al.",Science Translational Medicine,2020-03-25,219,Computational Neuroscience and Brain-Inspired AI,brain-structure,10.1126/scitranslmed.aaw3210,cc067fb11f6ee99396288dcbc14793d030da6c12,https://doi.org/10.1126/scitranslmed.aaw3210,JournalArticle,unknown,5,brain; historical computation/learning bridge,Glymphatic pathway clears retinal β-amyloid in rodents via optic nerve and is impaired in glaucoma.
2020,Effect of dulaglutide on cognitive impairment in type 2 diabetes: an exploratory analysis of the REWIND trial.,"T. Cukierman-Yaffe, H. Gerstein, H. Colhoun, R. Diaz, L. García-Pérez, M. Lakshmanan, et al.",Lancet Neurology,2020-07-01,219,Clinical NeuroAI and Brain Disorders,brain-structure;clinical-neuroai,10.1016/S1474-4422(20)30173-3,863bb2f1cc489f456091f2fe2841f629eec75cd4,https://doi.org/10.1016/S1474-4422(20)30173-3,JournalArticle,unknown,1,brain,BACKGROUND Diabetes is an independent risk factor for cognitive impairment.
2020,MPTP-induced mouse model of Parkinson's disease: A promising direction for therapeutic strategies,"C. N. Mat Taib, Musa Mustapha",Bosnian Journal of Basic Medical Sciences,2020-12-14,219,Clinical NeuroAI and Brain Disorders,brain-structure;clinical-neuroai,10.17305/bjbms.2020.5181,88943bec1442ff5e7e33db576d385ff3dc912997,https://doi.org/10.17305/bjbms.2020.5181,Review; JournalArticle,unknown,6,brain; neuron; historical computation/learning bridge,"Among the popular animal models of Parkinson's disease (PD) commonly used in research are those that employ neurotoxins, especially 1-methyl- 4-phenyl-1, 2, 3, 6-tetrahydropyridine (MPTP)."
2020,Targeting the Microglial NLRP3 Inflammasome and Its Role in Parkinson's Disease,"Md. Ezazul Haque, M. Akther, Md. Jakaria, In-Su Kim, S. Azam, D. Choi",Movement Disorders,2020-01-01,219,Clinical NeuroAI and Brain Disorders,brain-structure;clinical-neuroai,10.1002/mds.27874,b2d8ae82790e11257290d0d96469a603e769957a,https://doi.org/10.1002/mds.27874,Review; JournalArticle,unknown,1,brain,Excessive activation of microglia and subsequent release of proinflammatory cytokines play a crucial role in neuroinflammation and neurodegeneration in Parkinson's disease (PD).
2020,The Incidence of Brain Metastases Among Patients with Metastatic Breast Cancer: A Systematic Review and Meta-Analysis.,"M. Kuksis, Yizhuo Gao, W. Tran, Christianne Hoey, A. Kiss, A. Komorowski, et al.",Neuro-Oncology,2020-12-23,219,General Brain-AI Structure Reviews and Methods,brain-structure;clinical-neuroai,10.1093/neuonc/noaa285,b58a2628eed514a75c6ac6c7c6e0196fd8f27eae,https://doi.org/10.1093/neuonc/noaa285,JournalArticle; Review,unknown,8,brain; brain/neural structure in title; historical computation/learning bridge,"BACKGROUND Patients with metastatic breast cancer (MBC) are living longer, but development of brain metastases often limits their survival."
2020,A mechanistic hypothesis for the impairment of synaptic plasticity by soluble Aβ oligomers from Alzheimer brain,"Shaomin Li, D. Selkoe",Journal of Neurochemistry,2020-03-17,218,"Cellular, Synaptic, and Neuromorphic Foundations",brain-structure;clinical-neuroai,10.1111/jnc.15007,856750a137134c216f9033a2e593d44ebc7a8fbe,https://doi.org/10.1111/jnc.15007,Review; JournalArticle,unknown,9,brain; neuron; brain/neural structure in title; historical computation/learning bridge,It is increasingly accepted that early cognitive impairment in Alzheimer's disease results in considerable part from synaptic dysfunction caused by the accumulation of a range of oligomeric assemblies of amyloid β-protein (Aβ).
2020,Caspase-9.,K. Kuida,International Journal of Biochemistry and Cell Biology,2020-02-08,218,Clinical NeuroAI and Brain Disorders,brain-structure;clinical-neuroai,10.1007/3-540-30683-8_247,755a27cc3a181c0feb8d52ee93142cc5c76c6f8f,https://doi.org/10.1007/3-540-30683-8_247,Review; JournalArticle,unknown,2,brain; cerebrum,Caspase-9 is a member of caspase family of cysteine proteases that have been implicated in apoptosis and cytokine processing.
2020,Cellular anatomy of the mouse primary motor cortex,"Rodrigo Muñoz-Castañeda, Brian Zingg, K. Matho, Quanxin Wang, Xiaoyin Chen, Nicholas N. Foster, et al.",Nature,2020-10-02,218,General Brain-AI Structure Reviews and Methods,brain-structure;connectome,10.1038/s41586-021-03970-w,b95054df2a3b50b1ef886ef96855cc1e41e73762,https://doi.org/10.1038/s41586-021-03970-w,JournalArticle,unknown,6,brain; cortex; neuron; brain/neural structure in title,"An essential step toward understanding brain function is to establish a structural framework with cellular resolution on which multi-scale datasets spanning molecules, cells, circuits and systems can be integrated and interpreted1."
2020,Inferring Causality from Noninvasive Brain Stimulation in Cognitive Neuroscience,"T. Bergmann, G. Hartwigsen",Journal of Cognitive Neuroscience,2020-06-12,218,"Cognitive Architectures, Learning, and Systems Neuroscience",brain-structure;connectome;neuroimaging,10.1162/jocn_a_01591,14c87dba3c39f1aeeb5786c1aeb4733fd74f5810,https://doi.org/10.1162/jocn_a_01591,JournalArticle,unknown,5,brain; neuron; brain/neural structure in title,"Abstract Noninvasive brain stimulation (NIBS) techniques, such as transcranial magnetic stimulation or transcranial direct and alternating current stimulation, are advocated as measures to enable causal inference in cognitive neuroscience experiments."
2020,Investigating the Use of Pretrained Convolutional Neural Network on Cross-Subject and Cross-Dataset EEG Emotion Recognition,"Yucel Cimtay, Erhan Ekmekcioglu",Italian National Conference on Sensors,2020-04-01,218,"Electrophysiology, Neural Signals, and AI Decoding",brain-structure;connectome;machine-learning;deep-learning;neural-signals,10.3390/s20072034,8107a1bc24ae2bd0337ce821316e8cf0ba22da42,https://doi.org/10.3390/s20072034,JournalArticle,unknown,28,brain; eeg; meg; ecog; neural; neural network; classification; prediction; brain/neural structure in title; explicit brain-structure/AI bridge,The electroencephalogram (EEG) has great attraction in emotion recognition studies due to its resistance to deceptive actions of humans.
2020,Neuroinflammation after surgery: from mechanisms to therapeutic targets,"Ting Yang, Ravikanth Velagapudi, N. Terrando",Nature Immunology,2020-10-19,218,"Cellular, Synaptic, and Neuromorphic Foundations",brain-structure,10.1038/s41590-020-00812-1,c1a4dd065ae6a482a5f3c01202bccc5cecba2eb8,https://doi.org/10.1038/s41590-020-00812-1,Review; JournalArticle,unknown,1,brain,"Injury is a key driver of inflammation, a critical yet necessary response involving several mediators that is aimed at restoring tissue homeostasis."
2020,Neuroinflammation in psychiatric disorders: PET imaging and promising new targets,"J. Meyer, S. Cervenka, Min-Jeong Kim, W. Kreisl, I. Henter, R. Innis",Lancet psychiatry,2020-10-21,218,Clinical NeuroAI and Brain Disorders,brain-structure;neuroimaging;clinical-neuroai,10.1016/S2215-0366(20)30255-8,65d5e9deb1fe36c6777c6e7245f50d4295bd9319,https://doi.org/10.1016/S2215-0366(20)30255-8,Review; JournalArticle,unknown,1,brain,Neuroinflammation is a multifaceted physiological and pathophysiological response of the brain to injury and disease.
2020,Proteome profiling in cerebrospinal fluid reveals novel biomarkers of Alzheimer's disease,"J. Bader, Philipp E. Geyer, Johannes B. Müller, Maximilian T. Strauss, M. Koch, F. Leypoldt, et al.",Molecular Systems Biology,2020-06-01,218,Clinical NeuroAI and Brain Disorders,brain-structure;machine-learning;clinical-neuroai,10.15252/msb.20199356,5f15c87bc906c2de971bf98657052b500479d25a,https://doi.org/10.15252/msb.20199356,JournalArticle,unknown,13,brain; machine learning; explicit brain-structure/AI bridge,"Neurodegenerative diseases are a growing burden, and there is an urgent need for better biomarkers for diagnosis, prognosis, and treatment efficacy."
2020,The Regulatory Role of IL-10 in Neurodegenerative Diseases,"Chiara Porro, A. Cianciulli, M. Panaro",Biomolecules,2020-07-01,218,Clinical NeuroAI and Brain Disorders,brain-structure;clinical-neuroai,10.3390/biom10071017,612d4a0ea6d16582a16125f46075239f3cdce385,https://doi.org/10.3390/biom10071017,Review; JournalArticle,unknown,2,brain; neuron,"IL-10, an immunosuppressive cytokine, is considered an important anti-inflammatory modulator of glial activation, preventing inflammation-mediated neuronal degeneration under pathological conditions."
2020,Astrocytes are necessary for blood-brain barrier maintenance in the adult mouse brain,"Benjamin P. Heithoff, Kijana K. George, Aubrey N. Phares, Ivan A. Zuidhoek, Carmen Muñoz-Ballester, S. Robel",bioRxiv,2020-03-18,217,Computational Neuroscience and Brain-Inspired AI,brain-structure,10.1002/glia.23908,0fd67e9900d453188dac14b0d7e0455ccd93d857,https://doi.org/10.1002/glia.23908,JournalArticle,unknown,8,brain; brain/neural structure in title; historical computation/learning bridge,"In the adult brain, multiple cell types are known to produce factors that regulate blood-brain barrier properties, including astrocytes."
2020,Critical slowing down as a biomarker for seizure susceptibility,"M. Maturana, C. Meisel, Katrina L. Dell, Philippa J. Karoly, W. D'Souza, D. Grayden, et al.",Nature Communications,2020-05-01,217,Clinical NeuroAI and Brain Disorders,brain-structure;connectome;neural-signals;clinical-neuroai,10.1038/s41467-020-15908-3,1c6aa49b41fe24ac3f1efa50859cc42e94d8bf30,https://doi.org/10.1038/s41467-020-15908-3,JournalArticle,unknown,7,brain; eeg; meg; historical computation/learning bridge,"The human brain has the capacity to rapidly change state, and in epilepsy these state changes can be catastrophic, resulting in loss of consciousness, injury and even death."
2020,Deep posteromedial cortical rhythm in dissociation,"Sam Vesuna, Isaac Kauvar, Ethan B Richman, Felicity Gore, Tomiko Oskotsky, Clara Sava-Segal, et al.",Nature,2020-09-16,217,Clinical NeuroAI and Brain Disorders,brain-structure;connectome;clinical-neuroai,10.1038/s41586-020-2731-9,ae727253a93bcf1f547ebfe91499539888f498c7,https://doi.org/10.1038/s41586-020-2731-9,JournalArticle,unknown,6,brain; cortex; cortical; thalamus; neuron; neural,"Advanced imaging methods now allow cell-type-specific recording of neural activity across the mammalian brain, potentially enabling the exploration of how brain-wide dynamical patterns give rise to complex behavioural states1-12."
2020,DeepSeg: deep neural network framework for automatic brain tumor segmentation using magnetic resonance FLAIR images,"Ramy A. Zeineldin, M. E. Karar, J. Coburger, C. Wirtz, O. Burgert",International Journal of Computer Assisted Radiology and Surgery,2020-04-26,217,Structural Neuroimaging and AI,brain-structure;connectome;deep-learning;decoding;neuroimaging;clinical-neuroai,10.1007/s11548-020-02186-z,583be9dcd0d6c2c79c1a01725c27f8d6fc30e3e9,https://doi.org/10.1007/s11548-020-02186-z,JournalArticle,unknown,30,brain; mri; neural; deep learning; neural network; decoding; computational neuroscience; brain/neural structure in title; explicit brain-structure/AI bridge,Purpose Gliomas are the most common and aggressive type of brain tumors due to their infiltrative nature and rapid progression.
2020,"Epidemiology, Pathophysiology, Diagnosis, and Management of Cerebral Toxoplasmosis","H. Elsheikha, C. Marra, Xing-Quan Zhu",Clinical Microbiology Reviews,2020-11-25,217,Clinical NeuroAI and Brain Disorders,brain-structure;clinical-neuroai,10.1128/CMR.00115-19,a9650bb77cf37a77ffe4af7ab008063e20a65049,https://doi.org/10.1128/CMR.00115-19,Review; JournalArticle,unknown,2,brain; cerebral,Toxoplasma gondii is known to infect a considerable number of mammalian and avian species and a substantial proportion of the world's human population.
2020,Exploring and visualizing large-scale genetic associations using PheWeb,"S. G. Gagliano Taliun, Peter Vandehaar, Andrew P. Boughton, R. Welch, D. Taliun, Ellen M. Schmidt, et al.",Nature Genetics,2020-06-01,217,"Connectomics, Graph Models, and Brain Networks",brain-structure;machine-learning,10.1038/s41588-020-0622-5,2d801d4a47407b0ffc0b18a92480d50b957a04b2,https://doi.org/10.1038/s41588-020-0622-5,LettersAndComments; Review,unknown,7,brain; eeg; meg; historical computation/learning bridge,"To the Editor - Advances in genotyping and sequencing technologies, the growing availability of electronic health records for research use and the emergence of population-scale cohorts are enabling large studies to collect copious amounts of both phenotype and genotype data."
2020,"Neuronal regulation of immunity: why, how and where?","M. Schiller, T. Ben-Shaanan, A. Rolls",Nature reviews. Immunology,2020-08-18,217,"Cellular, Synaptic, and Neuromorphic Foundations",,10.1038/s41577-020-0387-1,454512adf77f09c7d81b8de4fbcbc2d2c0f80ec2,https://doi.org/10.1038/s41577-020-0387-1,Review; JournalArticle,unknown,1,neuron,
2020,Recent Advances on Neuromorphic Devices Based on Chalcogenide Phase-Change Materials,"Ming Xu, Xianliang Mai, Jun-Cong Lin, Wei Zhang, Yi Li, Yuhui He, et al.",Advanced Functional Materials,2020-09-11,217,"Cellular, Synaptic, and Neuromorphic Foundations",brain-structure;brain-inspired-ai;neuromorphic-bci,10.1002/adfm.202003419,889749b433cf493227ce582c14f0980f9fd6e1df,https://doi.org/10.1002/adfm.202003419,Review,unknown,20,brain; neuron; neural; synapse; brain-inspired; neuromorphic; explicit brain-structure/AI bridge,"Traditional von Neumann computing architecture with separated computation and storage units has already impeded the data processing performance and energy efficiency, calling for emerging neuromorphic electronic and optical devices and systems which can mimic the human brain to shift this paradigm."
2020,Bisphenol A and its analogues: A comprehensive review to identify and prioritize effect biomarkers for human biomonitoring.,"V. Mustieles, S. D'Cruz, Stephan Couderq, A. Rodríguez-Carrillo, Jean-Baptiste Fini, T. Hofer, et al.",Environment International,2020-08-28,216,Clinical NeuroAI and Brain Disorders,brain-structure;clinical-neuroai,10.1016/j.envint.2020.105811,27e53295c1720d9af85450b58391184500c04ace,https://doi.org/10.1016/j.envint.2020.105811,Review; JournalArticle,unknown,1,brain,Human biomonitoring (HBM) studies have demonstrated widespread and daily exposure to bisphenol A (BPA).
2020,Brain manganese and the balance between essential roles and neurotoxicity,"Rekha Balachandran, Somshuvra Mukhopadhyay, Dani McBride, Jennifer Veevers, F. Harrison, M. Aschner, et al.",Journal of Biological Chemistry,2020-03-18,216,"Cellular, Synaptic, and Neuromorphic Foundations",brain-structure;clinical-neuroai,10.1074/jbc.REV119.009453,9c2caab0f9b18eb307c731fd5b2cd020ecd1ef24,https://doi.org/10.1074/jbc.REV119.009453,JournalArticle; Review,unknown,5,brain; neuron; brain/neural structure in title,"Manganese (Mn) is an essential micronutrient required for the normal development of many organs, including the brain."
2020,Deep Reinforcement Learning and its Neuroscientific Implications,"M. Botvinick, Jane X. Wang, Will Dabney, Kevin J. Miller, Z. Kurth-Nelson",Neuron,2020-06-30,216,General Brain-AI Structure Reviews and Methods,brain-structure;connectome;machine-learning;deep-learning;decoding;brain-inspired-ai,10.1016/j.neuron.2020.06.014,aecb95605083c460feb289ec40901e328805fae5,https://doi.org/10.1016/j.neuron.2020.06.014,Review; JournalArticle,unknown,26,brain; neural; artificial intelligence; neural network; classification; reinforcement learning; explicit brain-structure/AI bridge,The emergence of powerful artificial intelligence (AI) is defining new research directions in neuroscience.
2020,Finding the needle in a high-dimensional haystack: Canonical correlation analysis for neuroscientists,"Hao-ting Wang, J. Smallwood, J. Miranda, C. Xia, T. Satterthwaite, D. Bassett, et al.",NeuroImage,2020-04-08,216,"Cognitive Architectures, Learning, and Systems Neuroscience",brain-structure,10.1016/j.neuroimage.2020.116745,5c8b2cd06e5d61cabe40f0f87c75db0a2ee722f3,https://doi.org/10.1016/j.neuroimage.2020.116745,JournalArticle,unknown,2,brain; neural,"The 21st century marks the emergence of ""big data"" with a rapid increase in the availability of data sets with multiple measurements."
2020,Functional somatic disorders: discussion paper for a new common classification for research and clinical use,"C. Burton, P. Fink, P. Henningsen, B. Löwe, W. Rief",BMC Medicine,2020-03-03,216,Clinical NeuroAI and Brain Disorders,brain-structure;machine-learning;clinical-neuroai,10.1186/s12916-020-1505-4,402ad0bd097b7dc35b199b5e9627989a077ac030,https://doi.org/10.1186/s12916-020-1505-4,JournalArticle,unknown,13,brain; classification; explicit brain-structure/AI bridge,Background Functional somatic symptoms and disorders are common and complex phenomena involving both bodily and brain processes.
2020,Hippocampal CA2 sharp-wave ripples reactivate and promote social memory,"A. Oliva, Antonio Fernández-Ruiz, F. Leroy, S. Siegelbaum",Nature,2020-09-23,216,"Cellular, Synaptic, and Neuromorphic Foundations",brain-structure;decoding;neural-signals,10.1038/s41586-020-2758-y,e127e1a6e9b239d7725e376d5a7a08312266c18d,https://doi.org/10.1038/s41586-020-2758-y,JournalArticle,unknown,4,brain; hippocampus; ecog; neuron,The consolidation of spatial memory depends on the reactivation ('replay') of hippocampal place cells that were active during recent behaviour.
2020,Myokines: The endocrine coupling of skeletal muscle and bone.,"M. Gomarasca, G. Banfi, G. Lombardi",Advances in Clinical Chemistry,2020,216,Clinical NeuroAI and Brain Disorders,brain-structure;neural-signals;clinical-neuroai,10.1016/BS.ACC.2019.07.010,b5378e0bda6e9c177244f437338cc23265acdca2,https://doi.org/10.1016/BS.ACC.2019.07.010,JournalArticle; Review,unknown,2,brain; ecog,Bone and skeletal muscle are integrated organs and their coupling has been considered mainly a mechanical one in which bone serves as attachment site to muscle while muscle applies load to bone and regulates bone metabolism.
2020,Prevention and Management of Delirium in the Intensive Care Unit,"M. Mart, S. W. Roberson, S. W. Roberson, B. Salas, P. Pandharipande, E. W. Ely",Seminars in Respiratory and Critical Care Medicine,2020-08-03,216,Clinical NeuroAI and Brain Disorders,brain-structure;clinical-neuroai,10.1055/s-0040-1710572,7ac6f7cca0bf7139f08710967762e877e3429dfa,https://doi.org/10.1055/s-0040-1710572,JournalArticle,unknown,1,brain,Abstract Delirium is a debilitating form of brain dysfunction frequently encountered in the intensive care unit (ICU).
2020,Cytomegalovirus infection during pregnancy: State of the science.,"M. Leruez-Ville, I. Foulon, R. Pass, Y. Ville",American Journal of Obstetrics and Gynecology,2020-02-24,215,Structural Neuroimaging and AI,brain-structure;neuroimaging;neural-signals;clinical-neuroai,10.1016/j.ajog.2020.02.018,cdc568dffb1ff321f9e2ac710e02bea47aa4d103,https://doi.org/10.1016/j.ajog.2020.02.018,Review; JournalArticle,unknown,5,brain; cerebral; mri; meg; neural,"Cytomegalovirus is the most common congenital infection, affecting 0.5-2% of all live births and the main non-genetic cause of congenital sensorineural hearing loss and neurological damage."
2020,Effect of fecal microbiota transplant on symptoms of psychiatric disorders: a systematic review,"A. Chinna Meyyappan, E. Forth, C. Wallace, R. Milev",BMC Psychiatry,2020-03-10,215,General Brain-AI Structure Reviews and Methods,brain-structure;clinical-neuroai,10.1186/s12888-020-02654-5,a86c26c27f357bd731df3414f7607e645cfa15c8,https://doi.org/10.1186/s12888-020-02654-5,JournalArticle; Review,unknown,1,brain,Background The Gut-Brain-Axis is a bidirectional signaling pathway between the gastrointestinal (GI) tract and the brain.
2020,"Empathy in medicine: What it is, and how much we really need it.",J. Decety,American Journal of Medicine,2020-01-15,215,Clinical NeuroAI and Brain Disorders,brain-structure;neuroimaging;clinical-neuroai,10.1016/j.amjmed.2019.12.012,854f04bdca3d6dfebffe0c1cacc0dff17cc0902d,https://doi.org/10.1016/j.amjmed.2019.12.012,Review; JournalArticle,unknown,1,brain,It is acknowledged that empathy plays a critical role in the physician-patient relationship and has a positive impact on health outcomes.
2020,Hard-magnetic elastica,"Liu Wang, Y. Kim, C. Guo, Xuanhe Zhao",Unknown venue,2020-06-02,215,Computational Neuroscience and Brain-Inspired AI,brain-structure;machine-learning,10.1016/j.jmps.2020.104045,7ca32b235b1b83949ece4ccb3618f392c221deef,https://doi.org/10.1016/j.jmps.2020.104045,paper,unknown,17,brain; prediction; computational neuroscience; explicit brain-structure/AI bridge,"Abstract Recently, ferromagnetic soft continuum robots - a type of slender, thread-like robots that can be steered magnetically - have demonstrated the capability to navigate through the brain's narrow and winding vasculature, offering a range of captivating applications such as robotic endovascular neurosurgery."
2020,Identification of Risk Loci for Parkinson Disease in Asians and Comparison of Risk Between Asians and Europeans: A Genome-Wide Association Study.,"J. Foo, E. Chew, S. Chung, R. Peng, C. Blauwendraat, M. Nalls, et al.",JAMA Neurology,2020-04-20,215,Clinical NeuroAI and Brain Disorders,brain-structure;clinical-neuroai,10.1001/jamaneurol.2020.0428,72a520825055d6da9a55f74ec960df8d4fc1d0a5,https://doi.org/10.1001/jamaneurol.2020.0428,JournalArticle,unknown,5,brain; historical computation/learning bridge,"Importance Large-scale genome-wide association studies in the European population have identified 90 risk variants associated with Parkinson disease (PD); however, there are limited studies in the largest population worldwide (ie, Asian)."
2020,"Iron Metabolism, Ferroptosis, and the Links With Alzheimer's Disease","Nao Yan, Junjian Zhang",Frontiers in Neuroscience,2020-01-29,215,General Brain-AI Structure Reviews and Methods,brain-structure;clinical-neuroai,10.3389/fnins.2019.01443,9a87baddc920c5073594dba0bf2352ca0d71ecc0,https://doi.org/10.3389/fnins.2019.01443,Review; JournalArticle,unknown,1,brain,Iron is an essential transition metal for numerous biologic processes in mammals.
2020,Outcome of Parkinson's Disease Patients Affected by COVID-19,"A. Antonini, V. Leta, James Teo, K. Chaudhuri",Movement Disorders,2020-04-29,215,Clinical NeuroAI and Brain Disorders,brain-structure;clinical-neuroai;neuromorphic-bci,10.1002/mds.28104,0d2da058de3ce98abe3ac11acbf31cf5b28e7e42,https://doi.org/10.1002/mds.28104,LettersAndComments,unknown,2,brain; neuron,"There is extensive debate on the neurological consequences of corona virus disease 2019 (COVID-19) and the impact this might have for patients with neurodegenerative conditions, including Parkinson's disease (PD)."
2020,Chromatin accessibility dynamics in a model of human forebrain development,"Alexandro E. Trevino, Nicholas A. Sinnott-Armstrong, Jimena Andersen, Se-Jin Yoon, Nina Huber, J. Pritchard, et al.",Science,2020-01-23,214,"Cellular, Synaptic, and Neuromorphic Foundations",brain-structure,10.1126/science.aay1645,cccf680d3f6cbf93f6a957d3c78f89028dda5f5c,https://doi.org/10.1126/science.aay1645,JournalArticle,unknown,13,brain; cerebral; cortex; cortical; neuron; neural; brain/neural structure in title; historical computation/learning bridge,Organoids recapitulate brain development Gene expression changes and their control by accessible chromatin in the human brain during development is of great interest but limited accessibility.
2020,Detection of abnormal brain in MRI via improved AlexNet and ELM optimized by chaotic bat algorithm,"Siyuan Lu, Shui-hua Wang, Yudong Zhang",Neural computing & applications (Print),2020-06-13,214,Structural Neuroimaging and AI,brain-structure;neuroimaging,10.1007/s00521-020-05082-4,02b7474868df5e5ed30da7e3d9d2ad4d54623f2d,https://doi.org/10.1007/s00521-020-05082-4,JournalArticle,unknown,9,brain; mri; brain/neural structure in title; historical computation/learning bridge,
2020,Dexmedetomidine attenuates sepsis-associated inflammation and encephalopathy via central α2A adrenoceptor,"Bin Mei, Jun Li, Zhiyi Zuo","Brain, behavior, and immunity",2020-10-08,214,"Cognitive Architectures, Learning, and Systems Neuroscience",brain-structure;clinical-neuroai,10.1016/j.bbi.2020.10.008,c0be57726101ee04883aef18af09a3498b15f07e,https://doi.org/10.1016/j.bbi.2020.10.008,JournalArticle,unknown,6,brain; hippocampus; historical computation/learning bridge,Sepsis-associated encephalopathy (SAE) is a significant clinical issue that is associated with increased mortality and cost of health care.
2020,GDF15: A Hormone Conveying Somatic Distress to the Brain,"S. Lockhart, V. Saudek, S. O'Rahilly",Endocrine reviews,2020-04-20,214,"Cellular, Synaptic, and Neuromorphic Foundations",brain-structure,10.1210/endrev/bnaa007,334b0cfbb634e10f9867f363ed7fb8e989ac0542,https://doi.org/10.1210/endrev/bnaa007,JournalArticle; Review,unknown,6,brain; eeg; meg; brain/neural structure in title,Abstract GDF15 has recently gained scientific and translational prominence with the discovery that its receptor is a GFRAL-RET heterodimer of which GFRAL is expressed solely in the hindbrain.
2020,IL-4 switches microglia/macrophage M1/M2 polarization and alleviates neurological damage by modulating the JAK1/STAT6 pathway following ICH.,"Yang He, Yang Gao, Qiang Zhang, Guiyin Zhou, Fang Cao, Shengtao Yao",Neuroscience,2020-03-26,214,Computational Neuroscience and Brain-Inspired AI,brain-structure,10.1016/j.neuroscience.2020.03.008,e18e43703bde1df7055b7990e3fbee77ee5310cc,https://doi.org/10.1016/j.neuroscience.2020.03.008,JournalArticle,unknown,5,brain; historical computation/learning bridge,Inflammatory damage following ICH is often attributed to microglia/macrophage activation.
2020,In vitro Models of Neurodegenerative Diseases,"Anna Slanzi, Giulia Iannoto, Barbara Rossi, Elena Zenaro, G. Constantin",Frontiers in Cell and Developmental Biology,2020-05-13,214,Clinical NeuroAI and Brain Disorders,brain-structure;clinical-neuroai,10.3389/fcell.2020.00328,368f8c74be83f2c229c44024ba8318fcba765bfc,https://doi.org/10.3389/fcell.2020.00328,Review; JournalArticle,unknown,7,brain; cerebral; neuron; historical computation/learning bridge,Neurodegenerative diseases are progressive degenerative conditions characterized by the functional deterioration and ultimate loss of neurons.
2020,Nanotechnology: A Promising Approach for Delivery of Neuroprotective Drugs,"S. Naqvi, Archna Panghal, S. Flora",Frontiers in Neuroscience,2020-06-09,214,Clinical NeuroAI and Brain Disorders,brain-structure;clinical-neuroai,10.3389/fnins.2020.00494,b1d3e7286cd7fd921787c7f05d42c7db87bc73a2,https://doi.org/10.3389/fnins.2020.00494,Review; JournalArticle,unknown,1,brain,Central nervous system (CNS) disorders especially neurodegenerative disorders are the major challenge for public health and demand the great attention of researchers to protect people against them.
2020,Stabilization of a brain-computer interface via the alignment of low-dimensional spaces of neural activity,"A. D. Degenhart, William E. Bishop, E. Oby, E. Tyler-Kabara, S. Chase, A. Batista, et al.",Nature Biomedical Engineering,2020-04-20,214,"Brain Decoding, Representation Learning, and BCI",brain-structure;decoding;clinical-neuroai;neuromorphic-bci,10.1038/s41551-020-0542-9,c9ae2a6994383bec75a3985bc34bffec9350b0ad,https://doi.org/10.1038/s41551-020-0542-9,JournalArticle,unknown,23,brain; cortical; neuron; neural; brain-computer; bci; brain/neural structure in title; explicit brain-structure/AI bridge,The instability of neural recordings can render clinical brain-computer interfaces (BCIs) uncontrollable.
2020,The Impact of the CX3CL1/CX3CR1 Axis in Neurological Disorders,"Paulina Pawelec, M. Ziemka-Nalecz, J. Sypecka, T. Zalewska",Cells,2020-10-01,214,"Cellular, Synaptic, and Neuromorphic Foundations",brain-structure,10.3390/cells9102277,f576e0c769693a2f5d7a8fcd543324f753adea7a,https://doi.org/10.3390/cells9102277,Review; JournalArticle,unknown,6,brain; neuron; historical computation/learning bridge,"Fractalkine (FKN, CX3CL1) is a transmembrane chemokine expressed by neurons in the central nervous system (CNS)."
2020,The Mesolimbic Dopamine System in Chronic Pain and Associated Affective Comorbidities,"Randal A. Serafini, K. Pryce, V. Zachariou",Biological Psychiatry,2020-01-01,214,"Cellular, Synaptic, and Neuromorphic Foundations",brain-structure;clinical-neuroai,10.1016/j.biopsych.2019.10.018,dd8ccf65aeadcc2dca1438cd72c3ad85e5e91b34,https://doi.org/10.1016/j.biopsych.2019.10.018,Review; JournalArticle,unknown,1,brain,"Chronic pain is a complex neuropsychiatric disorder, characterized by sensory, cognitive, and affective symptoms."
2020,"The structural differences between patient-derived α-synuclein strains dictate characteristics of Parkinson's disease, multiple system atrophy and dementia with Lewy bodies","Anke Van der Perren, G. Gelders, Alexis Fenyi, Luc Bousset, Filipa Brito, W. Peelaerts, et al.",Acta Neuropathologica,2020-04-30,214,Clinical NeuroAI and Brain Disorders,brain-structure;clinical-neuroai,10.1007/s00401-020-02157-3,99981eba9659a8f8f0d3eeda3c4145c848349164,https://doi.org/10.1007/s00401-020-02157-3,JournalArticle,unknown,1,brain,"Synucleinopathies, such as Parkinson's disease (PD), multiple system atrophy (MSA), and dementia with Lewy bodies (DLB), are defined by the presence of α-synuclein (αSYN) aggregates throughout the nervous system but diverge from one another with regard to their clinical and pathological phenotype."
2020,"Artificial intelligence within the interplay between natural and artificial computation: Advances in data science, trends and applications","J. Górriz, J. Ramírez, A. Ortiz, Francisco J. Martínez-Murcia, F. Segovia, J. Suckling, et al.",Neurocomputing,2020-10-01,213,General Brain-AI Structure Reviews and Methods,brain-structure;machine-learning;deep-learning;decoding;neuromorphic-bci,10.1016/j.neucom.2020.05.078,f398ae1e1741a8e981112c2cc55b1a78681d9e84,https://doi.org/10.1016/j.neucom.2020.05.078,JournalArticle; Review,unknown,29,brain; artificial intelligence; machine learning; deep learning; computational neuroscience; brain computer; explicit brain-structure/AI bridge,"Abstract Artificial intelligence and all its supporting tools, e.g."
2020,Evaluation of deep convolutional neural networks for automatic classification of common maternal fetal ultrasound planes,"X. Burgos-Artizzu, D. Coronado-Gutiérrez, B. Valenzuela-Alcaraz, E. Bonet-Carne, E. Eixarch, F. Crispi, et al.",Scientific Reports,2020-06-23,213,Computational Neuroscience and Brain-Inspired AI,brain-structure;connectome;machine-learning;deep-learning;clinical-neuroai,10.1038/s41598-020-67076-5,3c53d0f474ab273352f62c3cfad6003189a219be,https://doi.org/10.1038/s41598-020-67076-5,JournalArticle,unknown,34,brain; cerebellum; neural; deep learning; neural network; classification; computational model; computational neuroscience; brain/neural structure in title; explicit brain-structure/AI bridge,The goal of this study was to evaluate the maturity of current Deep Learning classification techniques for their application in a real maternal-fetal clinical environment.
2020,MRI Segmentation and Classification of Human Brain Using Deep Learning for Diagnosis of Alzheimer's Disease: A Survey,"Nagaraj Yamanakkanavar, J. Choi, Bumshik Lee",Italian National Conference on Sensors,2020-06-01,213,Structural Neuroimaging and AI,brain-structure;connectome;machine-learning;deep-learning;neuroimaging;clinical-neuroai,10.3390/s20113243,154b36bc7a27b8b15c28a168f209fcd440df40b3,https://doi.org/10.3390/s20113243,Review; JournalArticle,unknown,34,brain; mri; neural; machine learning; deep learning; neural network; classification; computational neuroscience; brain/neural structure in title; explicit brain-structure/AI bridge,"Many neurological diseases and delineating pathological regions have been analyzed, and the anatomical structure of the brain researched with the aid of magnetic resonance imaging (MRI)."
2020,Neuromuscular presentations in patients with COVID-19,"V. Paliwal, R. Garg, Ankit Gupta, Nidhi Tejan",Neurological Sciences,2020-09-15,213,Clinical NeuroAI and Brain Disorders,brain-structure;clinical-neuroai,10.1007/s10072-020-04708-8,9cee4cd21ad1c770a48e9bc8d7fe60a2b26db670,https://doi.org/10.1007/s10072-020-04708-8,Review; JournalArticle,unknown,2,brain; neural,COVID-19 is caused by the coronavirus SARS-CoV-2 that has an affinity for neural tissue.
2020,Single-cell sequencing techniques from individual to multiomics analyses,"Y. Kashima, Yoshitaka Sakamoto, Keiya Kaneko, M. Seki, Yutaka Suzuki, A. Suzuki",Experimental and Molecular Medicine,2020-09-01,213,General Brain-AI Structure Reviews and Methods,brain-structure,10.1038/s12276-020-00499-2,92cae17ca0d64b5f095ab3c9acf36845f1540f54,https://doi.org/10.1038/s12276-020-00499-2,Review; JournalArticle,unknown,5,brain; historical computation/learning bridge,"Here, we review single-cell sequencing techniques for individual and multiomics profiling in single cells."
2020,Blood-Brain Barrier Leakage Is Increased in Parkinson's Disease,"Sarah Al-Bachari, J. Naish, G. Parker, H. Emsley, L. Parkes",Frontiers in Physiology,2020-11-24,212,Clinical NeuroAI and Brain Disorders,brain-structure;neuroimaging;clinical-neuroai,10.3389/fphys.2020.593026,04cc7a301c2c6877192fe62a23ccebc9a2a1f97c,https://doi.org/10.3389/fphys.2020.593026,JournalArticle,unknown,9,brain; cortex; brain/neural structure in title; historical computation/learning bridge,"Background Blood-brain barrier (BBB) disruption has been noted in animal models of Parkinson's disease (PD) and forms the basis of the vascular hypothesis of neurodegeneration, yet clinical studies are lacking."
2020,Glymphatic imaging using MRI,"T. Taoka, S. Naganawa",Journal of Magnetic Resonance Imaging,2020-01-01,212,General Brain-AI Structure Reviews and Methods,brain-structure;neuroimaging,10.1002/jmri.26892,dae10975cbcf76d6be2339efb9150fb3b4e36ee7,https://doi.org/10.1002/jmri.26892,JournalArticle; Review,unknown,2,brain; mri,"In recent years, the existence of a mass transport system in the brain via cerebrospinal fluid (CSF) or interstitial fluid (ISF) has been suggested by many studies."
2020,High-amplitude cofluctuations in cortical activity drive functional connectivity,"Farnaz Zamani Esfahlani, Youngheun Jo, Joshua Faskowitz, Lisa Byrge, Daniel P. Kennedy, O. Sporns, et al.",Proceedings of the National Academy of Sciences of the United States of America,2020-10-22,212,"Connectomics, Graph Models, and Brain Networks",brain-structure;connectome;neuroimaging;clinical-neuroai,10.1073/pnas.2005531117,dcec346434b6d0c3d24ff6075dcb5320f79e2c6b,https://doi.org/10.1073/pnas.2005531117,JournalArticle,unknown,3,brain; cortical; connectivity,"Significance Despite widespread applications, the origins of functional connectivity remain elusive."
2020,Neuroprotection by dihydrotestosterone in LPS-induced neuroinflammation.,"Lei Yang, Renyuan Zhou, Y. Tong, Pengfei Chen, Yu Shen, S. Miao, et al.",Neurobiology of Disease,2020-02-19,212,"Cellular, Synaptic, and Neuromorphic Foundations",brain-structure;clinical-neuroai,10.1016/j.nbd.2020.104814,dfff68784fd6edda1b2939a7ed3654a22a5396ea,https://doi.org/10.1016/j.nbd.2020.104814,Review; JournalArticle,unknown,6,brain; neuron; historical computation/learning bridge,"Microglia-induced neuroinflammation plays a vital role in the etiology and progression of neurodegenerative diseases, including Alzheimer's disease, Parkinson's disease and multiple sclerosis."
2020,Optimal Feature Selection-Based Medical Image Classification Using Deep Learning Model in Internet of Medical Things,"R. Joshua, Samuel Raj, S. Shobana, I. Pustokhina, D. Pustokhin, Deepak Gupta, et al.",IEEE Access,2020,212,Clinical NeuroAI and Brain Disorders,brain-structure;connectome;machine-learning;deep-learning;clinical-neuroai,10.1109/ACCESS.2020.2981337,630aa7a3703bf8b2fc7dcaedb13b6f7490f90505,https://doi.org/10.1109/ACCESS.2020.2981337,JournalArticle,unknown,21,brain; deep learning; classification; prediction; explicit brain-structure/AI bridge,Internet of Medical Things (IoMT) is the collection of medical devices and related applications which link the healthcare IT systems through online computer networks.
2020,Probiotic Clostridium butyricum ameliorated motor deficits in a mouse model of Parkinson's disease via gut microbiota-GLP-1 pathway.,"Jing Sun, Haijun Li, Yangjie Jin, Jiaheng Yu, Shiyin Mao, K. Su, et al.","Brain, behavior, and immunity",2020-10-24,212,"Cellular, Synaptic, and Neuromorphic Foundations",brain-structure;clinical-neuroai,10.1016/j.bbi.2020.10.014,eb80382ec4f6b97acbe1addc70246075338827ab,https://doi.org/10.1016/j.bbi.2020.10.014,JournalArticle,unknown,7,brain; cerebral; neuron; historical computation/learning bridge,A connection between gut microbiota and Parkinson's disease (PD) indicates that dysbiosis of the gut microbiota might represent a risk factor for PD.
2020,Single cell analysis of olfactory neurogenesis and differentiation in adult humans,"Michael A. Durante, Stefan Kurtenbach, Z. Sargi, J. Harbour, Rhea Choi, S. Kurtenbach, et al.",Nature Neuroscience,2020-02-17,212,"Cellular, Synaptic, and Neuromorphic Foundations",brain-structure,10.1038/s41593-020-0587-9,0d101b94b7b6f2839e025a687a3e3a55da3060a5,https://doi.org/10.1038/s41593-020-0587-9,JournalArticle,unknown,3,brain; neuron; neural,The presence of active neurogenic niches in adult humans is controversial.
2020,A 3D human brain-like tissue model of herpes-induced Alzheimer's disease,"Dana M. Cairns, Nicolas Rouleau, Rachael N. Parker, K. Walsh, L. Gehrke, D. Kaplan",Science Advances,2020-05-01,211,"Cognitive Architectures, Learning, and Systems Neuroscience",brain-structure;clinical-neuroai,10.1126/sciadv.aay8828,bfc2e6cde1487881d0417204e1f9288ff69bfcf3,https://doi.org/10.1126/sciadv.aay8828,JournalArticle,unknown,9,brain; neural; brain/neural structure in title; historical computation/learning bridge,In vitro 3D human brain-like cultures infected with herpes virus develop Alzheimer's disease characteristics.
2020,An early cell shape transition drives evolutionary expansion of the human forebrain,"Silvia K. Benito-Kwiecinski, Stefano L. Giandomenico, Magdalena A. Sutcliffe, E. Riis, P. Freire-Pritchett, I. Kelava, et al.",bioRxiv,2020-07-04,211,"Cellular, Synaptic, and Neuromorphic Foundations",brain-structure;neural-signals,10.1101/2020.07.04.188078,a95b992240e4d8224bee44880d9098c3e2699d9d,https://doi.org/10.1101/2020.07.04.188078,JournalArticle,unknown,6,brain; cerebral; ecog; brain/neural structure in title,"The human brain has undergone rapid expansion since humans diverged from other great apes, but the mechanism of this human-specific enlargement is still unknown."
2020,"Brain Tumor Analysis Empowered with Deep Learning: A Review, Taxonomy, and Future Challenges","M. Nadeem, M. A. Ghamdi, M. Hussain, Muhammad Adnan Khan, K. M. Khan, Sultan H. Almotiri, et al.",Brain Science,2020-02-01,211,Structural Neuroimaging and AI,brain-structure;machine-learning;deep-learning;neuroimaging;neural-signals;clinical-neuroai,10.3390/brainsci10020118,b6e682aaf2e33a9d2bcf869c639030ef90f790d6,https://doi.org/10.3390/brainsci10020118,Review; JournalArticle,unknown,33,brain; ecog; deep learning; classification; prediction; computational model; computational neuroscience; brain/neural structure in title; explicit brain-structure/AI bridge,Deep Learning (DL) algorithms enabled computational models consist of multiple processing layers that represent data with multiple levels of abstraction.
2020,Ketamine: A tale of two enantiomers,"L. Jelen, A. Young, J. Stone",Journal of Psychopharmacology,2020-11-06,211,"Cellular, Synaptic, and Neuromorphic Foundations",brain-structure;neuroimaging;clinical-neuroai,10.1177/0269881120959644,c3448ac1dcd0446c197a40f0176f91c0bc3e0454,https://doi.org/10.1177/0269881120959644,Review; JournalArticle,unknown,2,brain; neuron,"The discovery of the rapid antidepressant effects of the dissociative anaesthetic ketamine, an uncompetitive N-Methyl-D-Aspartate receptor antagonist, is arguably the most important breakthrough in depression research in the last 50 years."
2020,NeuroMark: An automated and adaptive ICA based pipeline to identify reproducible fMRI markers of brain disorders,Unknown authors,NeuroImage: Clinical,2020-08-11,211,Structural Neuroimaging and AI,brain-structure;connectome;neuroimaging;clinical-neuroai,10.1016/j.nicl.2020.102375,2018cafad5eeef15391f7b85f9723c4e6419d222,https://doi.org/10.1016/j.nicl.2020.102375,JournalArticle,unknown,6,brain; fmri; mri; brain/neural structure in title,Graphical abstract
2020,Parallel ascending spinal pathways for affective touch and pain,"Seungwon Choi, J. Hachisuka, J. Hachisuka, Matthew A Brett, Alexandra R. Magee, Yu Omori, et al.",Nature,2020-10-28,211,"Cellular, Synaptic, and Neuromorphic Foundations",brain-structure,10.1038/s41586-020-2860-1,e1e39bb77577111b68aabaea876af84de5c4f3af,https://doi.org/10.1038/s41586-020-2860-1,JournalArticle,unknown,2,brain; neuron,"The anterolateral pathway consists of ascending spinal tracts that convey pain, temperature and touch information from the spinal cord to the brain1-4."
2020,Brain tumor classification based on DWT fusion of MRI sequences using convolutional neural network,"Javaria Amin, M. Sharif, Nadia Gul, Mussarat Yasmin, Shafqat Ali Shad",Pattern Recognition Letters,2020-01-01,210,Structural Neuroimaging and AI,brain-structure;connectome;machine-learning;deep-learning;neuroimaging;neural-signals,10.1016/j.patrec.2019.11.016,5d749023186124893500356cfa8c71fd464dd1bd,https://doi.org/10.1016/j.patrec.2019.11.016,JournalArticle,unknown,26,brain; mri; neural; neural network; classification; computational neuroscience; brain/neural structure in title; explicit brain-structure/AI bridge,Abstract Tumor in brain is an anthology of anomalous cells.
2020,COVID-19-associated acute disseminated encephalomyelitis (ADEM),"T. Parsons, S. Banks, C. Bae, J. Gelber, Hussein Alahmadi, M. Tichauer",Journal of Neurology,2020-05-30,210,Structural Neuroimaging and AI,brain-structure;neuroimaging;clinical-neuroai,10.1007/s00415-020-09951-9,dc33022451fac4f083ed1dfdd369c3758b7bbb03,https://doi.org/10.1007/s00415-020-09951-9,LettersAndComments,unknown,3,brain; cerebral; mri,A 51-year-old woman with COVID-19 infection developed coma and an impaired oculocephalic response to one side.
2020,Hormonal Treatments for Major Depressive Disorder: State of the Art,"J. Dwyer, Awais Aftab, Rajiv Radhakrishnan, A. Widge, C. Rodriguez, L. Carpenter, et al.",American Journal of Psychiatry,2020-05-27,210,Clinical NeuroAI and Brain Disorders,brain-structure;clinical-neuroai,10.1176/appi.ajp.2020.19080848,8fa51b0183ad99c14bd27056b2ecb5067a30c5d7,https://doi.org/10.1176/appi.ajp.2020.19080848,JournalArticle; Review,unknown,1,brain,"Major depressive disorder (MDD) is a common psychiatric disorder associated with marked suffering, morbidity, mortality, and cost."
2020,Hypoactive Sexual Desire Disorder: International Society for the Study of Women's Sexual Health (ISSWSH) Expert Consensus Panel Review,"I. Goldstein, Noel N Kim, A. Clayton, L. Derogatis, Annamaria Giraldi, S. Parish, et al.",Mayo Clinic proceedings,2020-02-07,210,Clinical NeuroAI and Brain Disorders,brain-structure;clinical-neuroai,10.1016/j.mayocp.2016.09.018,0a3d646a7972781b8204adb682768a399ed3c364,https://doi.org/10.1016/j.mayocp.2016.09.018,Review; JournalArticle,unknown,5,brain; historical computation/learning bridge,"Abstract The objective of the International Society for the Study of Women's Sexual Health expert consensus panel was to develop a concise, clinically relevant, evidence-based review of the epidemiology, physiology, pathogenesis, diagnosis, and treatment of hypoactive sexual desire disorder (HSDD), a sexual dysfunction affecting approximately 10% of adult women."
2020,"Is temporo-spatial dynamics the ""common currency"" of brain and mind? In Quest of ""Spatiotemporal Neuroscience"".","G. Northoff, Soren Wainio-Theberge, K. Evers",Physics of Life Reviews,2020-07-01,210,"Connectomics, Graph Models, and Brain Networks",brain-structure;connectome,10.1016/J.PLREV.2019.05.002,a969aec1a16a95cbbe12cd42295b37279d64e3c5,https://doi.org/10.1016/J.PLREV.2019.05.002,Review; JournalArticle,unknown,7,brain; connectivity; neuron; neural; brain/neural structure in title,"Neuroscience has made considerable progress in unraveling the neural correlates of mental phenomena like self, consciousness, and perception."
2020,Microglia facilitate loss of perineuronal nets in the Alzheimer's disease brain,"Joshua D. Crapser, Elizabeth E. Spangenberg, Rocio A. Barahona, Miguel A Arreola, Lindsay A. Hohsfield, K. Green",EBioMedicine,2020-07-31,210,"Cellular, Synaptic, and Neuromorphic Foundations",brain-structure;clinical-neuroai,10.1016/j.ebiom.2020.102919,e5416a14ffc4ccd732887a827aa5622acc2c354e,https://doi.org/10.1016/j.ebiom.2020.102919,JournalArticle,unknown,11,brain; cortical; neuron; synapse; brain/neural structure in title; historical computation/learning bridge,"Background Microglia, the brain's principal immune cell, are increasingly implicated in Alzheimer's disease (AD), but the molecular interfaces through which these cells contribute to amyloid beta (Aβ)-related neurodegeneration are unclear."
2020,The role of cytokines in modulating learning and memory and brain plasticity,"J. Bourgognon, J. Cavanagh",Brain and Neuroscience Advances,2020-01-01,210,"Cellular, Synaptic, and Neuromorphic Foundations",brain-structure,10.1177/2398212820979802,fe08bd3ef57a908f81f6006b16c912f848f956ed,https://doi.org/10.1177/2398212820979802,Review; JournalArticle,unknown,9,brain; neuron; brain/neural structure in title; historical computation/learning bridge,"Cytokines are proteins secreted in the central nervous system by neurons, microglia, astrocytes and infiltrating peripheral immune cells under physiological and pathological conditions."
2020,Tissue-resident memory T cells invade the brain parenchyma in multiple sclerosis white matter lesions.,"N. Fransen, Cheng-Chih Hsiao, M. van der Poel, Hendrik J. Engelenburg, Kim Verdaasdonk, Maria C. J. Vincenten, et al.",Brain : a journal of neurology,2020-05-13,210,"Cellular, Synaptic, and Neuromorphic Foundations",brain-structure,10.1093/brain/awaa117,06b189003b1f400049bf1c0e1deb5b26a58b8353,https://doi.org/10.1093/brain/awaa117,JournalArticle,unknown,5,brain; cortical; brain/neural structure in title,"Multiple sclerosis is a chronic inflammatory, demyelinating disease, although it has been suggested that in the progressive late phase, inflammatory lesion activity declines."
2020,β-Hydroxybutyrate inhibits inflammasome activation to attenuate Alzheimer's disease pathology,"Daniel C. Shippy, C. Wilhelm, Patel A. Viharkumar, T. Raife, Tyler K. Ulland",Journal of Neuroinflammation,2020-09-21,210,Clinical NeuroAI and Brain Disorders,brain-structure;clinical-neuroai,10.1186/s12974-020-01948-5,ca723e1b1eba259ef2413ab334fd2b56d22dfe6c,https://doi.org/10.1186/s12974-020-01948-5,JournalArticle,unknown,5,brain; historical computation/learning bridge,"Alzheimer's disease (AD) is a progressive, late-onset dementia with no effective treatment available."
2020,EEG-Based Emotion Classification Using a Deep Neural Network and Sparse Autoencoder,"Junxiu Liu, Guopei Wu, Yuling Luo, Senhui Qiu, Su Yang, Wei Li, et al.",Frontiers in Systems Neuroscience,2020-09-02,209,"Brain Decoding, Representation Learning, and BCI",brain-structure;connectome;machine-learning;deep-learning;decoding;neural-signals;neuromorphic-bci,10.3389/fnsys.2020.00043,be854358e4e8c55051ca2e0c694616fcac702966,https://doi.org/10.3389/fnsys.2020.00043,JournalArticle,unknown,35,brain; eeg; ecog; neural; deep learning; neural network; classification; decoding; brain-computer; bci; brain/neural structure in title; explicit brain-structure/AI bridge,Emotion classification based on brain-computer interface (BCI) systems is an appealing research topic.
2020,Human angiotensin-converting enzyme 2 transgenic mice infected with SARS-CoV-2 develop severe and fatal respiratory disease,"J. W. Golden, C. Cline, Xiankun Zeng, A. Garrison, B. Carey, E. Mucker, et al.",bioRxiv,2020-07-09,209,Computational Neuroscience and Brain-Inspired AI,brain-structure,10.1101/2020.07.09.195230,4117deb883bfc441a1e5994b38db590044d0549c,https://doi.org/10.1101/2020.07.09.195230,JournalArticle,unknown,5,brain; historical computation/learning bridge,The emergence of SARS-CoV-2 has created an international health crisis.
2020,Mechanical characterization of brain tissue in tension at dynamic strain rates.,"B. Rashid, M. Destrade, M. Gilchrist",Journal of The Mechanical Behavior of Biomedical Materials,2020-08-31,209,Computational Neuroscience and Brain-Inspired AI,brain-structure,10.1016/j.jmbbm.2012.07.015,cabee3d7a27ac0ebeefbec3eee172ce1db21c355,https://doi.org/10.1016/j.jmbbm.2012.07.015,JournalArticle,unknown,16,brain; computational neuroscience; brain/neural structure in title; explicit brain-structure/AI bridge,Mechanical characterization of brain tissue at high loading velocities is crucial for modeling Traumatic Brain Injury (TBI).
2020,Simple Behavioral Analysis (SimBA) - an open source toolkit for computer classification of complex social behaviors in experimental animals,"S. Nilsson, Nastacia L. Goodwin, J. Choong, Sophia Hwang, H. Wright, Zane C. Norville, et al.",bioRxiv,2020-04-20,209,Computational Neuroscience and Brain-Inspired AI,brain-structure;connectome;machine-learning;deep-learning;clinical-neuroai,10.1101/2020.04.19.049452,381db7eb4c9f9cbab161ed4a5b050178b48f79d9,https://doi.org/10.1101/2020.04.19.049452,Review,unknown,30,brain; neural; machine learning; neural network; classification; predictive; computational neuroscience; explicit brain-structure/AI bridge,"Aberrant social behavior is a core feature of many neuropsychiatric disorders, yet the study of complex social behavior in freely moving rodents is relatively infrequently incorporated into preclinical models."
2020,Spatio-Temporal Graph Convolution for Resting-State fMRI Analysis,"S. Gadgil, Qingyu Zhao, A. Pfefferbaum, E. Sullivan, E. Adeli, K. Pohl",International Conference on Medical Image Computing and Computer-Assisted Intervention,2020-03-24,209,"Connectomics, Graph Models, and Brain Networks",brain-structure;connectome;machine-learning;deep-learning;neuroimaging,10.1007/978-3-030-59728-3_52,edd7d6c1c4e64a4bbd7ae14664c47b994e23ab2a,https://doi.org/10.1007/978-3-030-59728-3_52,JournalArticle,unknown,21,brain; connectome; connectivity; fmri; mri; deep learning; prediction; explicit brain-structure/AI bridge,The Blood-Oxygen-Level-Dependent (BOLD) signal of resting-state fMRI (rs-fMRI) records the temporal dynamics of intrinsic functional networks in the brain.
2020,β-glucan attenuates cognitive impairment via the gut-brain axis in diet-induced obese mice,"Hongli Shi, Yinghua Yu, Danhong Lin, Peng Zheng, Peng Zhang, Minmin Hu, et al.",Microbiome,2020-02-10,209,"Cognitive Architectures, Learning, and Systems Neuroscience",brain-structure;neural-signals,10.1186/s40168-020-00920-y,b21f427304c7a6b9ac1b740be4d1287f669878ec,https://doi.org/10.1186/s40168-020-00920-y,JournalArticle,unknown,10,brain; hippocampus; ecog; brain/neural structure in title; historical computation/learning bridge,"Background ""Western"" style dietary patterns are characterized by a high proportion of highly processed foods rich in fat and low in fiber."
2020,A novel neutrophil subset promotes CNS neuron survival and axon regeneration,"A. Sas, K. Carbajal, A. Jerome, R. Menon, C. Yoon, Ashley L. Kalinski, et al.",Nature Immunology,2020-10-26,208,"Cellular, Synaptic, and Neuromorphic Foundations",brain-structure,10.1038/s41590-020-00813-0,3393919094686dae42a1da1fbffad9958cdf9e4d,https://doi.org/10.1038/s41590-020-00813-0,JournalArticle,unknown,2,brain; neuron,"Transected axons typically fail to regenerate in the central nervous system (CNS), resulting in chronic neurological disability in individuals with traumatic brain or spinal cord injury, glaucoma and ischemia-reperfusion injury of the eye."
2020,Childhood Development and the Microbiome: The Intestinal Microbiota in Maintenance of Health and Development of Disease During Childhood Development,"V. Ronan, Rummanu Yeasin, E. Claud",Gastroenterology,2020-12-08,208,"Cognitive Architectures, Learning, and Systems Neuroscience",brain-structure,10.1053/j.gastro.2020.08.065,b62c06cdb30f1e39d1a6495ca7f7fd8546e51d45,https://doi.org/10.1053/j.gastro.2020.08.065,JournalArticle; Review,unknown,1,brain,"The composition of the intestinal microbiome affects health from the prenatal period throughout childhood, and many diseases have been associated with dysbiosis."
2020,Complex networks and deep learning for EEG signal analysis,"Zhongke Gao, Weidong Dang, Xinmin Wang, Xiaolin Hong, Linhua Hou, Kai Ma, et al.",Cognitive Neurodynamics,2020-08-29,208,Structural Neuroimaging and AI,connectome;deep-learning;neural-signals,10.1007/s11571-020-09626-1,9a4798b6a4e1136bfd87e18432e520ecabc0d2a5,https://doi.org/10.1007/s11571-020-09626-1,Review; JournalArticle,unknown,14,eeg; meg; deep learning; explicit brain-structure/AI bridge,
2020,Neurovascular Unit Dysfunction and Neurodegenerative Disorders,"Xing Yu, Caihong Ji, Anwen Shao",Frontiers in Neuroscience,2020-04-29,208,"Cellular, Synaptic, and Neuromorphic Foundations",brain-structure;clinical-neuroai,10.3389/fnins.2020.00334,62a70938e06e8864580a8756774d57100c791c7b,https://doi.org/10.3389/fnins.2020.00334,Review; JournalArticle,unknown,3,brain; cerebral; neuron,"The neurovascular unit (NVU), composed of vascular cells, glial cells, and neurons, is the minimal functional unit of the brain."
2020,Synaptic density marker SV2A is reduced in schizophrenia patients and unaffected by antipsychotics in rats,"E. Onwordi, E. Halff, T. Whitehurst, A. Mansur, M. Cotel, Lisa Wells, et al.",Nature Communications,2020-01-14,208,"Connectomics, Graph Models, and Brain Networks",brain-structure;connectome;neuroimaging;clinical-neuroai,10.1038/s41467-019-14122-0,cb2124094b62b4eb5233e7bbd6cccecef99afce7,https://doi.org/10.1038/s41467-019-14122-0,JournalArticle,unknown,6,brain; hippocampus; historical computation/learning bridge,"Synaptic dysfunction is hypothesised to play a key role in schizophrenia pathogenesis, but this has not been tested directly in vivo."
2020,A comprehensive review of monoamine oxidase inhibitors as Anti-Alzheimer's disease agents: A review.,"Shoaib Manzoor, Nasimul Hoda",European journal of medicinal chemistry,2020-09-01,207,Clinical NeuroAI and Brain Disorders,brain-structure;clinical-neuroai,10.1016/j.ejmech.2020.112787,fa3249145f7b2165364ec77b8e87701292dee241,https://doi.org/10.1016/j.ejmech.2020.112787,Review; JournalArticle,unknown,2,brain; neuron,"Monoamine oxidases (MAO-A and MAO-B) are mammalian flavoenzyme, which catalyze the oxidative deamination of several neurotransmitters like norepinephrine, dopamine, tyramine, serotonin, and some other amines."
2020,A Deep Siamese Convolution Neural Network for Multi-Class Classification of Alzheimer Disease,"Atif Mehmood, Muazzam Maqsood, M. Bashir, Shuyuan Yang",Brain Science,2020-02-01,207,Structural Neuroimaging and AI,brain-structure;connectome;machine-learning;deep-learning;neuroimaging;clinical-neuroai,10.3390/brainsci10020084,f90e37dc39cbdf49cd44b41071fb5a4cdd07ad14,https://doi.org/10.3390/brainsci10020084,JournalArticle,unknown,34,brain; mri; neural; machine learning; deep learning; neural network; classification; computational neuroscience; brain/neural structure in title; explicit brain-structure/AI bridge,"Alzheimer's disease (AD) may cause damage to the memory cells permanently, which results in the form of dementia."
2020,Accurate and robust whole-head segmentation from magnetic resonance images for individualized head modeling,"O. Puonti, K. V. Leemput, G. B. Saturnino, H. Siebner, Kristoffer Hougaard Madsen, A. Thielscher",NeuroImage,2020-06-11,207,Structural Neuroimaging and AI,brain-structure;neuroimaging;clinical-neuroai;neuromorphic-bci,10.1016/j.neuroimage.2020.117044,dd38ea5a1eb62510122298b0da29be48134a3b09,https://doi.org/10.1016/j.neuroimage.2020.117044,JournalArticle,unknown,14,brain; cortical; bci; explicit brain-structure/AI bridge,"Transcranial brain stimulation (TBS) has been established as a method for modulating and mapping the function of the human brain, and as a potential treatment tool in several brain disorders."
2020,CNS-Derived Blood Exosomes as a Promising Source of Biomarkers: Opportunities and Challenges,"Simon Hornung, S. Dutta, G. Bitan",Frontiers in Molecular Neuroscience,2020-03-19,207,General Brain-AI Structure Reviews and Methods,brain-structure;clinical-neuroai,10.3389/fnmol.2020.00038,4ff8a71ff522b5d7af0997a52ce37a933fc23950,https://doi.org/10.3389/fnmol.2020.00038,Review; JournalArticle,unknown,1,brain,"Eukaryotic cells release different types of extracellular vesicles (EVs) including exosomes, ectosomes, and microvesicles."
2020,Immune cell trafficking across the blood-brain barrier in the absence and presence of neuroinflammation,"L. Marchetti, B. Engelhardt",Vascular Biology,2020-03-20,207,"Cellular, Synaptic, and Neuromorphic Foundations",brain-structure,10.1530/VB-19-0033,0b50ce2b0d7aaf523b98e6786ab32858070b18aa,https://doi.org/10.1530/VB-19-0033,Review; JournalArticle,unknown,5,brain; neuron; brain/neural structure in title,To maintain the homeostatic environment required for proper function of CNS neurons the endothelial cells of CNS microvessels tightly regulate the movement of ions and molecules between the blood and the CNS.
2020,Pathophysiology of SARS-CoV-2: targeting of endothelial cells renders a complex disease with thrombotic microangiopathy and aberrant immune response. The Mount Sinai COVID-19 autopsy experience,"C. Bryce, Z. Grimes, E. Pujadas, Sadhna Ahuja, M. Beasley, Randy A. Albrecht, et al.",medRxiv,2020-05-22,207,Clinical NeuroAI and Brain Disorders,brain-structure;clinical-neuroai,10.1101/2020.05.18.20099960,3f7bd4f5ae0361194821b4aca6871ce3a1ee623a,https://doi.org/10.1101/2020.05.18.20099960,paper,unknown,1,brain,"BACKGROUND Severe Acute Respiratory Syndrome Coronavirus-2 (SARS-CoV-2) and its associated clinical syndrome COVID-19 are causing overwhelming morbidity and mortality around the globe, disproportionately affecting New York City."
2020,Test-Time Adaptable Neural Networks for Robust Medical Image Segmentation,"Neerav Karani, K. Chaitanya, E. Konukoglu",Medical Image Anal.,2020-04-09,207,Computational Neuroscience and Brain-Inspired AI,brain-structure;connectome;deep-learning;neuroimaging,10.1016/j.media.2020.101907,adc09569ee315835a77515958b2be7733e21bd26,https://doi.org/10.1016/j.media.2020.101907,JournalArticle,unknown,17,brain; neural; neural network; brain/neural structure in title; explicit brain-structure/AI bridge,Convolutional Neural Networks (CNNs) work very well for supervised learning problems when the training dataset is representative of the variations expected to be encountered at test time.
2020,Treatment strategies for breast cancer brain metastases,"C. Bailleux, Lauriane Eberst, T. Bachelot",British Journal of Cancer,2020-11-30,207,Clinical NeuroAI and Brain Disorders,brain-structure;clinical-neuroai,10.1038/s41416-020-01175-y,480116e20f6fbdbacf2e12e459c6bcce259e801d,https://doi.org/10.1038/s41416-020-01175-y,Review; JournalArticle,unknown,4,brain; brain/neural structure in title,"Brain metastases from breast cancer (BCBM) constitute the second most common cause of brain metastasis (BM), and the incidence of these frequently lethal lesions is currently increasing, following better systemic treatment."
2020,Tumor Cell Invasion in Glioblastoma,"Arabel Vollmann-Zwerenz, Verena Leidgens, G. Feliciello, C. Klein, P. Hau",International Journal of Molecular Sciences,2020-03-01,207,"Cellular, Synaptic, and Neuromorphic Foundations",brain-structure,10.3390/ijms21061932,0c95c6a49fb305a2369634371eb656b65e8f1858,https://doi.org/10.3390/ijms21061932,Review; JournalArticle,unknown,7,brain; eeg; meg; historical computation/learning bridge,Glioblastoma (GBM) is a particularly devastating tumor with a median survival of about 16 months.
2020,Altered GABA-mediated information processing and cognitive dysfunctions in depression and other brain disorders,"T. Prévot, E. Sibille",Molecular Psychiatry,2020-04-28,206,General Brain-AI Structure Reviews and Methods,brain-structure,10.1038/s41380-020-0727-3,5a3079f46321fce552af9a2fc6d1d435b582669a,https://doi.org/10.1038/s41380-020-0727-3,Review; JournalArticle,unknown,4,brain; brain/neural structure in title,
2020,Multiclass magnetic resonance imaging brain tumor classification using artificial intelligence paradigm,"G. S. Tandel, A. Balestrieri, Tanay Jujaray, Narender N. Khanna, L. Saba, J. Suri",Comput. Biol. Medicine,2020-07-01,206,Structural Neuroimaging and AI,brain-structure;connectome;machine-learning;deep-learning;neuroimaging;clinical-neuroai,10.1016/j.compbiomed.2020.103804,2e3238f41752404dd94b29287871a2c203c0ede4,https://doi.org/10.1016/j.compbiomed.2020.103804,JournalArticle,unknown,34,brain; mri; neural; artificial intelligence; machine learning; deep learning; neural network; support vector; classification; brain/neural structure in title; explicit brain-structure/AI bridge,MOTIVATION Brain or central nervous system cancer is the tenth leading cause of death in men and women.
2020,"No raw data, no science: another possible source of the reproducibility crisis",T. Miyakawa,Molecular Brain,2020-02-21,206,"Cognitive Architectures, Learning, and Systems Neuroscience",brain-structure,10.1186/s13041-020-0552-2,9813ab60ef54171243b592136f46458814525768,https://doi.org/10.1186/s13041-020-0552-2,Editorial; Review,unknown,1,brain,A reproducibility crisis is a situation where many scientific studies cannot be reproduced.
2020,Regulation of Microglial Functions by Purinergic Mechanisms in the Healthy and Diseased CNS,"P. Illés, P. Rubini, H. Ulrich, Ya-Fei Zhao, Yong Tang",Cells,2020-03-18,206,"Cellular, Synaptic, and Neuromorphic Foundations",brain-structure;clinical-neuroai,10.3390/cells9051108,bf79e8c06110833b12dd15599ffcb1bdfbda2011,https://doi.org/10.3390/cells9051108,Review; JournalArticle,unknown,2,brain; synapse,"Microglial cells, the resident macrophages of the central nervous system (CNS), exist in a process-bearing, ramified/surveying phenotype under resting conditions."
2020,Shaping Neuronal Fate: Functional Heterogeneity of Direct Microglia-Neuron Interactions.,"C. Cserép, Balázs Pósfai, Á. Dénes",Neuron,2020-11-20,206,"Cellular, Synaptic, and Neuromorphic Foundations",brain-structure;neural-signals,10.1016/j.neuron.2020.11.007,9e5227610a416bf3b7ab83e2c90dba7646a23eeb,https://doi.org/10.1016/j.neuron.2020.11.007,Review; JournalArticle,unknown,3,brain; ecog; neuron,"The functional contribution of microglia to normal brain development, healthy brain function, and neurological disorders is increasingly recognized."
2020,"The microbiota and the hypothalamus-pituitary-adrenocortical (HPA) axis, implications for anxiety and stress disorders.","Linoy Mia Frankiensztajn, E. Elliott, O. Koren",Current Opinion in Neurobiology,2020-01-20,206,"Cognitive Architectures, Learning, and Systems Neuroscience",brain-structure,10.1016/j.conb.2019.12.003,0e9123a1a9222171affe5d2de19471dc52c06747,https://doi.org/10.1016/j.conb.2019.12.003,Review; JournalArticle,unknown,4,brain; cortical; thalamus; hypothalamus,"There is growing evidence for the involvement of the gut-microbiota in the regulation of emotions, behavior, and higher cognitive functions through the 'microbiome-gut-brain axis'."
2020,The neural basis of language development: Changes in lateralization over age,"O. Olulade, Anna Seydell-Greenwald, Catherine E. Chambers, P. Turkeltaub, A. Dromerick, M. Berl, et al.",Proceedings of the National Academy of Sciences of the United States of America,2020-09-08,206,Structural Neuroimaging and AI,brain-structure;connectome;neuroimaging;clinical-neuroai,10.1073/pnas.1905590117,7000ae3610001d5dfa5454b61989ab051e03cd6d,https://doi.org/10.1073/pnas.1905590117,JournalArticle,unknown,7,brain; fmri; mri; neural; brain/neural structure in title,Significance Two types of evidence suggest different pictures of how language is represented in the brain during development.
2020,WoodFisher: Efficient Second-Order Approximation for Neural Network Compression,"Sidak Pal Singh, Dan Alistarh",Neural Information Processing Systems,2020-04-29,206,"Connectomics, Graph Models, and Brain Networks",connectome;deep-learning,,6701ae0675f344b14705c7b9dec14273a87e310e,https://www.semanticscholar.org/paper/6701ae0675f344b14705c7b9dec14273a87e310e,JournalArticle,unknown,17,brain; neural; neural network; brain/neural structure in title; explicit brain-structure/AI bridge,
2020,A clinical primer on intellectual disability,"D. Patel, M. D. Cabral, Arlene Ho, J. Merrick",Translational Pediatrics,2020-02-01,205,Clinical NeuroAI and Brain Disorders,brain-structure;neural-signals;clinical-neuroai,10.21037/tp.2020.02.02,2cdf25c04524582fb540e727440a4a736a1d5832,https://doi.org/10.21037/tp.2020.02.02,Review; JournalArticle,unknown,4,brain; eeg; meg; ecog,Between 1% and 3% of persons in general population are estimated to have some degree of intellectual disability.
2020,Acute dose-dependent effects of lysergic acid diethylamide in a double-blind placebo-controlled study in healthy subjects,"F. Holze, P. Vizeli, L. Ley, F. Müller, P. Dolder, M. Stocker, et al.",Neuropsychopharmacology,2020-10-15,205,General Brain-AI Structure Reviews and Methods,brain-structure,10.1038/s41386-020-00883-6,1522c76068d8aa0f10282789654a2c39b93aa2ee,https://doi.org/10.1038/s41386-020-00883-6,JournalArticle,unknown,1,brain,Growing interest has been seen in using lysergic acid diethylamide (LSD) in psychiatric research and therapy.
2020,Associations between disordered gut microbiota and changes of neurotransmitters and short-chain fatty acids in depressed mice,"Min Wu, Tian Tian, Qiang Mao, Tao Zou, Chan-juan Zhou, Jing Xie, et al.",Translational Psychiatry,2020-10-16,205,General Brain-AI Structure Reviews and Methods,brain-structure;connectome,10.1038/s41398-020-01038-3,6fcc7f105755b350576d41c4d0d205ca0809445a,https://doi.org/10.1038/s41398-020-01038-3,JournalArticle,unknown,7,brain; thalamus; hypothalamus; historical computation/learning bridge,"Mounting evidence suggests that gut microbiota can play an important role in pathophysiology of depression, but its specific molecular mechanisms are still unclear."
2020,"Viral manipulation of functionally distinct interneurons in mice, non-human primates and humans","D. Vormstein-Schneider, Jessica D. Lin, K. Pelkey, R. Chittajallu, B. Guo, Mario A. Arias-García, et al.",Nature Neuroscience,2020-08-17,205,"Cellular, Synaptic, and Neuromorphic Foundations",brain-structure,10.1038/s41593-020-0692-9,697067244fb1a67a7218c767877053360891e323,https://doi.org/10.1038/s41593-020-0692-9,JournalArticle,unknown,4,brain; cerebral; cortex; neuron,Recent success in identifying gene-regulatory elements in the context of recombinant adeno-associated virus vectors has enabled cell-type-restricted gene expression.
2020,Acupuncture inhibits neuroinflammation and gut microbial dysbiosis in a mouse model of Parkinson's disease.,"Jae-Hwan Jang, M. Yeom, Sora Ahn, Ju-Young Oh, Suhwan Ji, Tae-hong Kim, et al.","Brain, behavior, and immunity",2020-08-19,204,Computational Neuroscience and Brain-Inspired AI,brain-structure;clinical-neuroai,10.1016/j.bbi.2020.08.015,d7a0224bd24aa2db199d3be8006fc5b0ba8987e1,https://doi.org/10.1016/j.bbi.2020.08.015,JournalArticle,unknown,6,brain; neuron; historical computation/learning bridge,Growing evidences show that gut microbiota is associated with the pathogenesis of Parkinson's disease (PD) and the gut-brain axis can be promising target for the development of the therapeutic strategies for PD.
2020,Aging and rejuvenation of neural stem cells and their niches,"Paloma Navarro Negredo, Robin W. Yeo, A. Brunet",Cell Stem Cell,2020-07-21,204,"Cellular, Synaptic, and Neuromorphic Foundations",brain-structure,10.1016/j.stem.2020.07.002,f7fe79130f004d2cb41a4d4f71f45a2edd6226ed,https://doi.org/10.1016/j.stem.2020.07.002,Review; JournalArticle,unknown,5,brain; neural; brain/neural structure in title,Summary Aging has a profound and devastating effect on the brain.
2020,Limited Environmental Serine and Glycine Confer Brain Metastasis Sensitivity to PHGDH Inhibition,"B. Ngo, Eugenie Kim, Victoria Osorio-Vasquez, S. Doll, Sophia Bustraan, R. Liang, et al.",Cancer Discovery,2020-06-22,204,Clinical NeuroAI and Brain Disorders,brain-structure;clinical-neuroai,10.1158/2159-8290.CD-19-1228,abd557840e492110cdff0885d3c40e5c4d27945a,https://doi.org/10.1158/2159-8290.CD-19-1228,JournalArticle,unknown,8,brain; brain/neural structure in title; historical computation/learning bridge,A hallmark of metastasis is the adaptation of tumor cells to new environments.
2020,Metacontrol of human creativity: The neurocognitive mechanisms of convergent and divergent thinking,"Weitao Zhang, Z. Sjoerds, B. Hommel",NeuroImage,2020-01-20,204,"Cognitive Architectures, Learning, and Systems Neuroscience",brain-structure;connectome;neuroimaging,10.1016/j.neuroimage.2020.116572,28eec8f5bac9e60dafdb8d1d9833cb440760dacb,https://doi.org/10.1016/j.neuroimage.2020.116572,JournalArticle; Review,unknown,7,brain; cortical; neural; historical computation/learning bridge,Creativity is a complex construct that would benefit from a more comprehensive mechanistic approach.
2020,Origin and function of stress-induced IL6 in murine models,"H. Qing, R. Desrouleaux, Kavita Israni-Winger, Y. Mineur, Nia Fogelman, Cuiling Zhang, et al.",Cell,2020-06-27,204,Computational Neuroscience and Brain-Inspired AI,brain-structure,10.1016/j.cell.2020.05.054,765cc7d927337ef7a578b54719124f52b784ea7c,https://doi.org/10.1016/j.cell.2020.05.054,JournalArticle,unknown,13,brain; computational neuroscience; explicit brain-structure/AI bridge,"Summary Acute psychological stress has long been known to decrease host fitness to inflammation in a wide variety of diseases, but how this occurs is incompletely understood."
2020,Social touch promotes interfemale communication via activation of parvocellular oxytocin neurons,"Yan Tang, Diego Benusiglio, A. Lefevre, L. Hilfiger, F. Althammer, A. Bludau, et al.",Nature Neuroscience,2020-07-27,204,"Cellular, Synaptic, and Neuromorphic Foundations",,10.1038/s41593-020-0674-y,1e59cb1c87bab175a32315fec0b4ea6fa4c95cf7,https://doi.org/10.1038/s41593-020-0674-y,JournalArticle,unknown,1,neuron,
2020,Deep learning-based behavioral analysis reaches human accuracy and is capable of outperforming commercial solutions,"Oliver Sturman, Lukas M. von Ziegler, Christa Schläppi, Furkan Akyol, Mattia Privitera, Daria Slominski, et al.",Neuropsychopharmacology,2020-07-25,203,Structural Neuroimaging and AI,brain-structure;machine-learning;deep-learning;decoding;neural-signals;clinical-neuroai,10.1038/s41386-020-0776-y,c1f750abf77f9f8a4ffcaf167f908d0638e6e66b,https://doi.org/10.1038/s41386-020-0776-y,JournalArticle,unknown,18,brain; ecog; machine learning; deep learning; explicit brain-structure/AI bridge,"To study brain function, preclinical research heavily relies on animal monitoring and the subsequent analyses of behavior."
2020,Interleukin-6 in neuromyelitis optica spectrum disorder pathophysiology,"K. Fujihara, J. Bennett, J. de Seze, M. Haramura, I. Kleiter, B. Weinshenker, et al.",Neurology: Neuroimmunology & Neuroinflammation,2020-08-20,203,Clinical NeuroAI and Brain Disorders,brain-structure;clinical-neuroai,10.1212/NXI.0000000000000841,dd7be45b5860ccd573485b417e6824b05cba533a,https://doi.org/10.1212/NXI.0000000000000841,Review; JournalArticle,unknown,1,brain,Neuromyelitis optica spectrum disorder (NMOSD) is a rare autoimmune disorder that preferentially affects the spinal cord and optic nerve.
2020,The Effect of a Virtual Reality-Based Intervention Program on Cognition in Older Adults with Mild Cognitive Impairment: A Randomized Control Trial,"Ngeemasara Thapa, Hye-Jin Park, Ja-Gyeong Yang, Haeun Son, Minwoo Jang, Jihyeon Janel Lee, et al.",Journal of Clinical Medicine,2020-04-29,203,Clinical NeuroAI and Brain Disorders,brain-structure;neural-signals;clinical-neuroai,10.3390/jcm9051283,5f4cc809122259996db1676ef413a9b98492d9e0,https://doi.org/10.3390/jcm9051283,JournalArticle,unknown,2,brain; eeg,"This study aimed to investigate the association between a virtual reality (VR) intervention program and cognitive, brain and physical functions in high-risk older adults."
2020,The Role of Microglia and the Nlrp3 Inflammasome in Alzheimer's Disease,"Kendra L. Hanslik, Tyler K. Ulland",Frontiers in Neurology,2020-09-18,203,Clinical NeuroAI and Brain Disorders,brain-structure;clinical-neuroai,10.3389/fneur.2020.570711,f60515b1292dd773bc1469b0e11926a4696cd28d,https://doi.org/10.3389/fneur.2020.570711,Review; JournalArticle,unknown,3,brain; neuron; synapse,Alzheimer's disease (AD) is the most prevalent form of late-onset dementia.
2020,Time course of phosphorylated-tau181 in blood across the Alzheimer's disease spectrum,"Alexis Moscoso, Michel J. Grothe, N. Ashton, T. Karikari, Juan Lantero Rodriguez, A. Snellman, et al.",medRxiv,2020-07-14,203,Clinical NeuroAI and Brain Disorders,brain-structure;connectome;machine-learning;neuroimaging;clinical-neuroai,10.1101/2020.07.13.20152025,36a655d30412c705b685057847139d867e5f59b9,https://doi.org/10.1101/2020.07.13.20152025,JournalArticle,unknown,2,brain; cortical,"Tau phosphorylated at threonine 181 (p-tau181) measured in blood plasma has recently been proposed as an accessible, scalable, and highly specific biomarker for Alzheimer's disease."
2020,Acute necrotizing encephalopathy with SARS-CoV-2 RNA confirmed in cerebrospinal fluid,"J. Virhammar, E. Kumlien, D. Fällmar, R. Frithiof, Sven Jackmann, Mattias K. Sköld, et al.",Neurology,2020-06-25,202,Structural Neuroimaging and AI,brain-structure;neuroimaging;clinical-neuroai,10.1212/WNL.0000000000010250,22d0f0d21abb87825aeb0303fbd8675008ff5505,https://doi.org/10.1212/WNL.0000000000010250,JournalArticle,unknown,3,brain; mri; neuron,"Here, we report a case of COVID-19-related acute necrotizing encephalopathy where SARS-CoV-2 RNA was found in CSF 19 days after symptom onset after testing negative twice."
2020,"Cerebellar ataxia, neuropathy, vestibular areflexia syndrome due to RFC1 repeat expansion","A. Cortese, S. Tozza, W. Y. Yau, S. Rossi, S. Beecroft, Z. Jaunmuktane, et al.",Brain : a journal of neurology,2020-02-01,202,General Brain-AI Structure Reviews and Methods,brain-structure,10.1093/brain/awz418,3457608c727a5eac74c5209c4ed1bec75620205a,https://doi.org/10.1093/brain/awz418,JournalArticle,unknown,1,brain,See Paisán-Ruiz and Jen (doi:10.1093/brain/awaa015) for a scientific commentary on this article.
2020,Detection of brain tumors from MRI images base on deep learning using hybrid model CNN and NADE,"Raheleh Hashemzehi, S. Mahdavi, Maryam Kheirabadi, Seyed Reza Kamel",Biocybernetics and Biomedical Engineering,2020-07-01,202,Structural Neuroimaging and AI,brain-structure;connectome;machine-learning;deep-learning;neuroimaging,10.1016/j.bbe.2020.06.001,ad8ca90b41ff214baf539d4511c7261176eac9ca,https://doi.org/10.1016/j.bbe.2020.06.001,paper,unknown,30,brain; mri; neural; deep learning; neural network; classification; computational neuroscience; brain/neural structure in title; explicit brain-structure/AI bridge,Abstract A brain tumor is an abnormal growth of cells inside the skull.
2020,Dopaminylation of histone H3 in ventral tegmental area regulates cocaine seeking,"Ashley E. Lepack, Craig T. Werner, Andrew F. Stewart, S. Fulton, P. Zhong, Lorna Farrelly, et al.",Science,2020-04-09,202,"Cellular, Synaptic, and Neuromorphic Foundations",brain-structure,10.1126/science.aaw8806,13547a39114e74009e96b411af5eae76da786901,https://doi.org/10.1126/science.aaw8806,JournalArticle,unknown,2,brain; neuron,More than a normal neurotransmitter The molecular mechanisms underlying the persistence of addiction remain largely unclear.
2020,Forest Volatile Organic Compounds and Their Effects on Human Health: A State-of-the-Art Review,"M. Antonelli, D. Donelli, Grazia Barbieri, Marco Valussi, V. Maggini, F. Firenzuoli",International Journal of Environmental Research and Public Health,2020-09-01,202,Clinical NeuroAI and Brain Disorders,brain-structure;clinical-neuroai,10.3390/ijerph17186506,2567c3842a6032096e1c316212ca857d06270ebe,https://doi.org/10.3390/ijerph17186506,Review; JournalArticle,unknown,3,brain; eeg; meg,The aim of this research work is to analyze the chemistry and diversity of forest VOCs (volatile organic compounds) and to outline their evidence-based effects on health.
2020,HIV persists throughout deep tissues with repopulation from multiple anatomical sources.,"A. Chaillon, S. Gianella, S. Dellicour, Stephen A. Rawlings, T. Schlub, M. F. de Oliveira, et al.",Journal of Clinical Investigation,2020-01-07,202,Structural Neuroimaging and AI,brain-structure;connectome;neuroimaging;clinical-neuroai,10.1172/jci134815,7da95cec05c83683ef25932982719d79ff8f488f,https://doi.org/10.1172/jci134815,JournalArticle,unknown,5,brain; historical computation/learning bridge,BACKGROUND Understanding HIV dynamics across the human body is important for cure efforts.
2020,Infection as a Stroke Risk Factor and Determinant of Outcome after Stroke,"M. Elkind, A. Boehme, Craig J. Smith, A. Meisel, M. Buckwalter",Stroke,2020-09-08,202,Clinical NeuroAI and Brain Disorders,brain-structure;neural-signals;clinical-neuroai,10.1161/STROKEAHA.120.030429,1c21aaffd823f1efa43ed9ac80bdede6f975fc57,https://doi.org/10.1161/STROKEAHA.120.030429,JournalArticle; Review,unknown,6,brain; ecog; historical computation/learning bridge,Understanding the relationship between infection and stroke has taken on new urgency in the era of the coronavirus disease 19 (COVID-19) pandemic.
2020,"The influence of pain, agitation, and their management on the immature brain","C. McPherson, Steven P. Miller, M. El-Dib, A. Massaro, T. Inder",Pediatric Research,2020-01-02,202,General Brain-AI Structure Reviews and Methods,brain-structure;neuroimaging;clinical-neuroai,10.1038/s41390-019-0744-6,707fd29020984d0488f7bffd8b5dc16430cee6b4,https://doi.org/10.1038/s41390-019-0744-6,Review; JournalArticle,unknown,8,brain; brain/neural structure in title; historical computation/learning bridge,Preterm infants are exposed to frequent painful procedures and agitating stimuli over the many weeks of their hospitalization in the neonatal intensive care unit (NICU).
2020,The Placenta-Brain-Axis,C. Rosenfeld,Journal of Neuroscience Research,2020-02-27,202,General Brain-AI Structure Reviews and Methods,brain-structure,10.1002/jnr.24603,bde2cb33660c530535c01e9f92973076e86d18ba,https://doi.org/10.1002/jnr.24603,Review; JournalArticle,unknown,4,brain; brain/neural structure in title,"All mammalian species depend on the placenta, a transient organ, for exchange of gases, nutrients, and waste between the mother and conceptus."
2020,What is the impact of human umbilical cord mesenchymal stem cell transplantation on clinical treatment?,"Qi Xie, Rui Liu, Jia Jiang, Jing Peng, Chunyan Yang, Wen Zhang, et al.",Stem cell research & therapeutics,2020-12-01,202,Clinical NeuroAI and Brain Disorders,brain-structure;clinical-neuroai,10.1186/s13287-020-02011-z,326b099726cc25b0ac78aba452d757bc9c68852d,https://doi.org/10.1186/s13287-020-02011-z,Review; JournalArticle,unknown,1,brain,Background Human umbilical cord mesenchymal stem cells (HUC-MSCs) present in the umbilical cord tissue are self-renewing and multipotent.
2020,"COVID-19 and cardiac injury: clinical manifestations, biomarkers, mechanisms, diagnosis, treatment, and follow up","A. Tajbakhsh, Seyed Mohammad Gheibi Hayat, H. Taghizadeh, A. Akbari, M. Einabadi, A. Savardashtaki, et al.",Expert Review of Anti-Infective Therapy,2020-09-14,201,Clinical NeuroAI and Brain Disorders,brain-structure;connectome;neuroimaging;clinical-neuroai,10.1080/14787210.2020.1822737,2893c607e91a9a626afe6bc63d000a2ad4f51504,https://doi.org/10.1080/14787210.2020.1822737,JournalArticle; Review,unknown,2,brain; mri,"ABSTRACT Introduction Coronavirus disease 2019 (COVID-19) has the characteristics of high transmission, diverse clinical manifestations, and a long incubation period."
2020,Deconstructing the Posterior Medial Episodic Network.,"Maureen Ritchey, Rose A. Cooper",Trends in Cognitive Sciences,2020-04-24,201,"Connectomics, Graph Models, and Brain Networks",brain-structure;connectome;decoding,10.1016/j.tics.2020.03.006,178757c2474481bb96972ad0c4770d656b908df4,https://doi.org/10.1016/j.tics.2020.03.006,Review; JournalArticle,unknown,14,brain; cortical; computational neuroscience; explicit brain-structure/AI bridge,"Our ability to remember or imagine specific events involves the construction of complex mental representations, a process that engages cortical and hippocampal regions in a core posterior medial (PM) brain network."
2020,Exploring Ferroelectric Switching in α-In2Se3 for Neuromorphic Computing,"Lin Wang, Xiaojie Wang, Yishu Zhang, Runlai Li, Teng Ma, Kai Leng, et al.",Advanced Functional Materials,2020-09-09,201,"Cellular, Synaptic, and Neuromorphic Foundations",brain-structure;brain-inspired-ai;neuroimaging;neuromorphic-bci,10.1002/adfm.202004609,0893150bf14d0285fb1b8e585fe7143716bbe42e,https://doi.org/10.1002/adfm.202004609,paper,unknown,18,brain; synapse; brain-inspired; neuromorphic; explicit brain-structure/AI bridge,"Recently, 2D ferroelectrics have attracted extensive interest as a competitive platform for implementing future generation functional electronics, including digital memory and brain-inspired computing circuits."
2020,G-PROTEIN-COUPLED RECEPTORS IN ASTROCYTE-NEURON COMMUNICATION,"P. Kofuji, A. Araque",Neuroscience,2020-03-26,201,"Cellular, Synaptic, and Neuromorphic Foundations",brain-structure,10.1016/j.neuroscience.2020.03.025,430c4f49f37cf0aebb04ea9ab078e4bb32b995da,https://doi.org/10.1016/j.neuroscience.2020.03.025,JournalArticle; Review,unknown,3,brain; neuron; synapse,"Astrocytes, a major type of glial cell, are known to play key supportive roles in brain function, contributing to ion and neurotransmitter homeostasis, maintaining the blood-brain barrier and providing trophic and metabolic support for neurons."
2020,How did lomustine become standard of care in recurrent glioblastoma?,"M. Weller, E. Le Rhun",Cancer Treatment Reviews,2020-05-04,201,Clinical NeuroAI and Brain Disorders,brain-structure;clinical-neuroai,10.1016/j.ctrv.2020.102029,3603f209fc782e492cec44348f8041b4f30bcc97,https://doi.org/10.1016/j.ctrv.2020.102029,Review; JournalArticle,unknown,1,brain,Glioblastomas are the most common malignant primary intrinsic brain tumors.
2020,LTP Induction Boosts Glutamate Spillover by Driving Withdrawal of Perisynaptic Astroglia,"C. Henneberger, Lucie Bard, A. Panatier, James P. Reynolds, O. Kopach, N. Medvedev, et al.",Neuron,2020-09-21,201,"Cellular, Synaptic, and Neuromorphic Foundations",brain-structure,10.1016/j.neuron.2020.08.030,907647987b0e4978440a5bef36a37fca544fc378,https://doi.org/10.1016/j.neuron.2020.08.030,JournalArticle,unknown,6,brain; synapse; historical computation/learning bridge,Summary Extrasynaptic actions of glutamate are limited by high-affinity transporters expressed by perisynaptic astroglial processes (PAPs): this helps maintain point-to-point transmission in excitatory circuits.
2020,Resilience after trauma: The role of memory suppression,"A. Mary, J. Dayan, Giovanni Leone, Charlotte Postel, Florence Fraisse, Carine Malle, et al.",Science,2020-02-13,201,"Connectomics, Graph Models, and Brain Networks",brain-structure;connectome;deep-learning;neuroimaging;clinical-neuroai,10.1126/science.aay8477,a455025ceec191b0d2333156e7049d3eb7820e43,https://doi.org/10.1126/science.aay8477,JournalArticle,unknown,17,brain; cortex; hippocampus; connectivity; neural; neural network; explicit brain-structure/AI bridge,Memory suppression can help after trauma Therapists have discussed for a long time whether attempts to voluntarily suppress the intrusion of trauma memories are helpful to combat the distressing impacts of trauma.
2020,Toxicological effects of nano- and micro-polystyrene plastics on red tilapia: Are larger plastic particles more harmless?,"Jian-nan Ding, Yejing Huang, Shujiao Liu, Shanshan Zhang, Hua Zou, Zhenyu Wang, et al.",Journal of Hazardous Materials,2020-04-18,201,General Brain-AI Structure Reviews and Methods,brain-structure,10.1016/j.jhazmat.2020.122693,7a6e1acb45fd2c9573627daf91f1f300009d94f4,https://doi.org/10.1016/j.jhazmat.2020.122693,JournalArticle,unknown,1,brain,Nanoplastics (NPs) and microplastics (MPs) are a heterogeneous class of pollutants with diverse sizes in aquatic environments.
2020,Update of P2Y receptor pharmacology: IUPHAR Review 27,"K. Jacobson, E. Delicado, C. Gachet, C. Kennedy, I. Kügelgen, Beibei Li, et al.",British Journal of Pharmacology,2020-02-09,201,"Cellular, Synaptic, and Neuromorphic Foundations",brain-structure;connectome,10.1111/bph.15005,2c85987d08ef894243dbe22da38b01d9642650cc,https://doi.org/10.1111/bph.15005,Review; JournalArticle,unknown,6,brain; neuron; historical computation/learning bridge,Eight G protein-coupled P2Y receptor subtypes respond to extracellular adenine and uracil mononucleotides and dinucleotides.
2020,'Hierarchy' in the organization of brain networks,"C. Hilgetag, A. Goulas",Philosophical Transactions of the Royal Society of London. Biological Sciences,2020-02-24,200,"Connectomics, Graph Models, and Brain Networks",brain-structure;connectome,10.1098/rstb.2019.0319,60d6fa7d9a34057088f66430a63dd8bbd3dd37c1,https://doi.org/10.1098/rstb.2019.0319,JournalArticle,unknown,7,brain; cortical; eeg; meg; brain/neural structure in title,Concepts shape the interpretation of facts.
2020,A randomized proof-of-mechanism trial applying the 'fast-fail' approach to evaluating κ-opioid antagonism as a treatment for anhedonia,"A. Krystal, D. Pizzagalli, M. Smoski, S. Mathew, J. Nurnberger, S. Lisanby, et al.",Nature Medicine,2020-03-30,200,Clinical NeuroAI and Brain Disorders,brain-structure;neuroimaging;clinical-neuroai,10.1038/s41591-020-0806-7,9f0048932453f50e7c57c5e067fc9be1590090cf,https://doi.org/10.1038/s41591-020-0806-7,JournalArticle,unknown,7,brain; fmri; mri; historical computation/learning bridge,The National Institute of Mental Health (NIMH) 'fast-fail' approach seeks to improve too-often-misleading early-phase drug development methods by incorporating biomarker-based proof-of-mechanism (POM) testing in phase 2a.
2020,MADGAN: unsupervised medical anomaly detection GAN using multiple adjacent brain MRI slice reconstruction,"Changhee Han, L. Rundo, K. Murao, T. Noguchi, Yuki Shimahara, Z. Milacski, et al.",BMC Bioinformatics,2020-07-24,200,"Cognitive Architectures, Learning, and Systems Neuroscience",brain-structure;connectome;neuroimaging;clinical-neuroai,10.1186/s12859-020-03936-1,296b3bdc9d03597b47ef48ae9bd107cb793b0615,https://doi.org/10.1186/s12859-020-03936-1,JournalArticle,unknown,10,brain; structural mri; mri; brain/neural structure in title; historical computation/learning bridge,"Unsupervised learning can discover various unseen abnormalities, relying on large-scale unannotated medical images of healthy subjects."
2020,Parkinson's disease-associated alterations of the gut microbiome predict disease-relevant changes in metabolic functions,"Federico Baldini, Johannes Hertel, E. Sandt, Cyrille C. Thinnes, L. Neuberger-Castillo, L. Pavelka, et al.",BMC Biology,2020-06-09,200,Clinical NeuroAI and Brain Disorders,brain-structure;clinical-neuroai,10.1186/s12915-020-00775-7,a886179388a0e9b643fc3d9d77838c6710052fc0,https://doi.org/10.1186/s12915-020-00775-7,JournalArticle,unknown,6,brain; neuron; historical computation/learning bridge,Parkinson's disease (PD) is a systemic disease clinically defined by the degeneration of dopaminergic neurons in the brain.
2020,SARS-CoV-2 Infectivity and Neurological Targets in the Brain,"W. Lukiw, A. Pogue, J. Hill",Cellular and molecular neurobiology,2020-08-25,200,"Cellular, Synaptic, and Neuromorphic Foundations",brain-structure;clinical-neuroai,10.1007/s10571-020-00947-7,cb626f407a5965057bab0a28abc7a7682c4d5e5e,https://doi.org/10.1007/s10571-020-00947-7,JournalArticle,unknown,8,brain; cerebral; cortex; amygdala; brainstem; brain/neural structure in title,The gateway for invasion by the novel severe acute respiratory syndrome coronavirus 2 (SARS-CoV-2) into human host cells is via the angiotensin-converting enzyme 2 (ACE2) transmembrane receptor expressed in multiple immune and nonimmune cell types.
2020,Sleep Deprivation and Neurological Disorders,"Muhammed Bishir, Abid R Bhat, MusthafaMohamed Essa, O. Ekpo, A. Ihunwo, V. Veeraraghavan, et al.",BioMed Research International,2020-11-23,200,"Cellular, Synaptic, and Neuromorphic Foundations",brain-structure;clinical-neuroai,10.1155/2020/5764017,ec7ab0a4a2cb74d8568138ac43a1efc32dcd66b1,https://doi.org/10.1155/2020/5764017,Review; JournalArticle,unknown,2,brain; neuron,"Sleep plays an important role in maintaining neuronal circuitry, signalling and helps maintain overall health and wellbeing."
2020,T Helper Cells: The Modulators of Inflammation in Multiple Sclerosis,"Martina Kunkl, Simone Frascolla, Carola Amormino, E. Volpe, L. Tuosto",Cells,2020-02-01,200,Clinical NeuroAI and Brain Disorders,brain-structure;clinical-neuroai,10.3390/cells9020482,9adeda343baa0e47302fda375005bdb48522beec,https://doi.org/10.3390/cells9020482,Review; JournalArticle,unknown,5,brain; historical computation/learning bridge,"Multiple sclerosis (MS) is a chronic neurodegenerative disease characterized by the progressive loss of axonal myelin in several areas of the central nervous system (CNS) that is responsible for clinical symptoms such as muscle spasms, optic neuritis, and paralysis."
2020,The default network of the human brain is associated with perceived social isolation,"R. N. Spreng, Emile Dimas, Laetitia Mwilambwe-Tshilobo, A. Dagher, P. Koellinger, G. Nave, et al.",Nature Communications,2020-12-01,200,"Cognitive Architectures, Learning, and Systems Neuroscience",brain-structure;connectome;clinical-neuroai,10.1038/s41467-020-20039-w,f28ba3992c27273fc4d75f75692ad3d44a861f98,https://doi.org/10.1038/s41467-020-20039-w,JournalArticle,unknown,10,brain; cortical; neural; brain/neural structure in title; historical computation/learning bridge,Humans survive and thrive through social exchange.
2020,Cerebrospinal fluid phospho-tau T217 outperforms T181 as a biomarker for the differential diagnosis of Alzheimer's disease and PET amyloid-positive patient identification,"N. Barthélemy, R. Bateman, C. Hirtz, P. Marin, F. Becher, C. Sato, et al.",Alzheimer's Research & Therapy,2020-03-17,199,Clinical NeuroAI and Brain Disorders,brain-structure;neuroimaging;clinical-neuroai,10.1186/s13195-020-00596-4,4ebc6c161740b5bcd7eb65b9294fc188e842a93e,https://doi.org/10.1186/s13195-020-00596-4,JournalArticle,unknown,1,brain,Cerebrospinal fluid biomarker profiles characterized by decreased amyloid-beta peptide levels and increased total and phosphorylated tau levels at threonine 181 (pT181) are currently used to discriminate between Alzheimer's disease and other neurodegenerative diseases.
2020,Diabetes medications and risk of Parkinson's disease: a cohort study of patients with diabetes,"R. Brauer, Li Wei, Tiantian Ma, D. Athauda, C. Girges, N. Vijiaratnam, et al.",Brain : a journal of neurology,2020-10-01,199,Clinical NeuroAI and Brain Disorders,brain-structure;clinical-neuroai,10.1093/brain/awaa262,3537dfeb5d7f0ceaf66a957100c562e2e726d6bf,https://doi.org/10.1093/brain/awaa262,JournalArticle,unknown,1,brain,See Bayram and Litvan (doi:10.1093/brain/awaa287) for a scientific commentary on this article.
2020,Diagnostic and Predictive Applications of Functional Near-Infrared Spectroscopy for Major Depressive Disorder: A Systematic Review,"Miguel Villaseca Hernández, C. Ho, L. Lim, A. Lim, Nicole H. C. Chan, R. Tan, et al.",Frontiers in Psychiatry,2020-05-06,199,Clinical NeuroAI and Brain Disorders,brain-structure;machine-learning;clinical-neuroai,10.3389/fpsyt.2020.00378,ee6b046c7b7f89cc3ba99f2c2be30b4c6956d197,https://doi.org/10.3389/fpsyt.2020.00378,Review,unknown,18,brain; cerebral; prediction; predictive; explicit brain-structure/AI bridge,Introduction Major depressive disorder (MDD) is a global psychiatric disorder with no established biomarker.
2020,Distorted Cognitive Processes in Major Depression: A Predictive Processing Perspective.,"T. Kube, R. Schwarting, L. Rozenkrantz, J. Glombiewski, W. Rief",Biological Psychiatry,2020-03-01,199,Computational Neuroscience and Brain-Inspired AI,brain-structure;machine-learning;clinical-neuroai,10.1016/J.BIOPSYCH.2019.07.017,c331b8327bd85ef44f65b932cd61730165a01f78,https://doi.org/10.1016/J.BIOPSYCH.2019.07.017,Review; JournalArticle,unknown,21,brain; prediction; predictive; bayesian; explicit brain-structure/AI bridge,"The cognitive model of depression has significantly influenced the understanding of distorted cognitive processes in major depression; however, this model's conception of cognition has recently been criticized as possibly too broad and unspecific."
2020,Evaluation of First-line Radiosurgery vs Whole-Brain Radiotherapy for Small Cell Lung Cancer Brain Metastases: The FIRE-SCLC Cohort Study.,"C. Rusthoven, Masaaki Yamamoto, D. Bernhardt, Derek E. Smith, D. Gao, T. Serizawa, et al.",JAMA Oncology,2020-06-04,199,"Cellular, Synaptic, and Neuromorphic Foundations",brain-structure;neuroimaging;clinical-neuroai,10.1001/jamaoncol.2020.1271,c380273af68af6a645ee390b854f729967622ce6,https://doi.org/10.1001/jamaoncol.2020.1271,JournalArticle,unknown,4,brain; brain/neural structure in title,"Importance Although stereotactic radiosurgery (SRS) is preferred for limited brain metastases from most histologies, whole-brain radiotherapy (WBRT) has remained the standard of care for patients with small cell lung cancer."
2020,Interleukin-17 in Chronic Inflammatory Neurological Diseases,"J. Milovanović, A. Arsenijevic, B. Stojanovic, T. Kanjevac, Dragana Arsenijević, G. Radosavljević, et al.",Frontiers in Immunology,2020-06-03,199,"Cellular, Synaptic, and Neuromorphic Foundations",brain-structure;clinical-neuroai,10.3389/fimmu.2020.00947,1903e882f7b6e8e6164a6502db5c106c0da64bbc,https://doi.org/10.3389/fimmu.2020.00947,Review; JournalArticle,unknown,1,brain,"A critical role for IL-17, a cytokine produced by T helper 17 (Th17) cells, has been indicated in the pathogenesis of chronic inflammatory and autoimmune diseases."
2020,"Me, myself, bye: regional alterations in glutamate and the experience of ego dissolution with psilocybin","N. Mason, K. Kuypers, F. Müller, F. Müller, J. Reckweg, D. Tse, et al.",Neuropsychopharmacology,2020-05-23,199,"Cognitive Architectures, Learning, and Systems Neuroscience",brain-structure;clinical-neuroai,10.1038/s41386-020-0718-8,53fd80f9e4561243d2b766b2d3bd9e4ffd4b6733,https://doi.org/10.1038/s41386-020-0718-8,JournalArticle,unknown,2,brain; cortical,"There is growing interest in the therapeutic utility of psychedelic substances, like psilocybin, for disorders characterized by distortions of the self-experience, like depression."
2020,Ultrasound Technologies for Imaging and Modulating Neural Activity,"Claire Rabut, Sangjin Yoo, Robert C. Hurt, Zhiyang Jin, Hongyi Li, Hongsun Guo, et al.",Neuron,2020-10-01,199,General Brain-AI Structure Reviews and Methods,brain-structure,10.1016/j.neuron.2020.09.003,4a36f0429445e0fa9212bff8e50652f25cfd84c2,https://doi.org/10.1016/j.neuron.2020.09.003,Review; JournalArticle,unknown,10,brain; neuron; neural; brain/neural structure in title; historical computation/learning bridge,Visualizing and perturbing neural activity on a brain-wide scale in model animals and humans is a major goal of neuroscience technology development.
2020,Dispersion of functional gradients across the adult lifespan,"R. Bethlehem, C. Paquola, Jakob Seidlitz, L. Ronan, B. Bernhardt, Cam-CAN Consortium, et al.",NeuroImage,2020-08-20,197,"Connectomics, Graph Models, and Brain Networks",brain-structure;connectome;neuroimaging,10.1016/j.neuroimage.2020.117299,797b9b01476b383f89f182f4a180fdd488de6f23,https://doi.org/10.1016/j.neuroimage.2020.117299,JournalArticle,unknown,6,brain; connectivity; historical computation/learning bridge,"Ageing is commonly associated with changes to segregation and integration of functional brain networks, but, in isolation, current network-based approaches struggle to elucidate changes across the many axes of functional organisation."
2020,Decomposing alpha and 1/f brain activities reveals their differential associations with cognitive processing speed,"G. Ouyang, A. Hildebrandt, F. Schmitz, C. Herrmann",NeuroImage,2020-01-01,196,"Electrophysiology, Neural Signals, and AI Decoding",brain-structure;machine-learning;neural-signals,10.1016/j.neuroimage.2019.116304,fd2de78a9f0416e08886e1a85889e2469e12a457,https://doi.org/10.1016/j.neuroimage.2019.116304,JournalArticle,unknown,19,brain; eeg; meg; neural; predictive; brain/neural structure in title; explicit brain-structure/AI bridge,Research in cognitive neuroscience has extensively demonstrated that the temporal dynamics of brain activity are associated with cognitive functioning.
2020,A synergistic core for human brain evolution and cognition,"A. Luppi, P. Mediano, F. Rosas, N. Holland, T. Fryer, J. O'Brien, et al.",bioRxiv,2020-09-22,193,"Cognitive Architectures, Learning, and Systems Neuroscience",brain-structure;connectome;neuroimaging,10.1101/2020.09.22.308981,1e379f5a8f94336f3603263b5a453ab63fa48f16,https://doi.org/10.1101/2020.09.22.308981,paper,unknown,7,brain; cortical; mri; neural; brain/neural structure in title,A fundamental question in neuroscience is how brain organisation gives rise to humans' unique cognitive abilities.
2020,Rapid Precision Functional Mapping of Individuals Using Multi-Echo fMRI,"Charles J. Lynch, Jonathan D. Power, M. Scult, M. Dubin, F. Gunning, C. Liston",Cell Reports,2020-12-22,187,Structural Neuroimaging and AI,brain-structure;connectome;neuroimaging;clinical-neuroai,10.1016/j.celrep.2020.108540,907974994227247738c215c4e95d9405a8273da1,https://doi.org/10.1016/j.celrep.2020.108540,JournalArticle,unknown,6,brain; basal ganglia; cerebellum; connectivity; fmri; mri,"SUMMARY Resting-state functional magnetic resonance imaging (fMRI) is widely used in cognitive and clinical neuroscience, but long-duration scans are currently needed to reliably characterize individual differences in functional connectivity (FC) and brain network topology."
2020,Self and Others in Adolescence.,"E. Crone, A. Fuligni",Annual Review of Psychology,2020-01-04,184,"Cognitive Architectures, Learning, and Systems Neuroscience",brain-structure;connectome;deep-learning,10.1146/annurev-psych-010419-050937,120d12070373a58569479aef7e39badba009ead9,https://doi.org/10.1146/annurev-psych-010419-050937,JournalArticle; Review,unknown,15,brain; cortex; neural; neural network; explicit brain-structure/AI bridge,Research has demonstrated that adolescence is an important time for self- and other-oriented development that underlies many skills vital for becoming a contributing member of society with healthy intergroup relations.
2020,What explains the relationship between spatial and mathematical skills? A review of evidence from brain and behavior,"Zachary C K Hawes, D. Ansari",Psychonomic Bulletin & Review,2020-01-21,183,"Cognitive Architectures, Learning, and Systems Neuroscience",brain-structure,10.3758/s13423-019-01694-7,31239678324a462e60a1f97e7ac387dd99b57e2e,https://doi.org/10.3758/s13423-019-01694-7,Review; JournalArticle,unknown,4,brain; brain/neural structure in title,
2020,Individual differences among deep neural network models,"J. Mehrer, Courtney J. Spoerer, N. Kriegeskorte, Tim C Kietzmann",Nature Communications,2020-01-09,178,Computational Neuroscience and Brain-Inspired AI,brain-structure;connectome;machine-learning;deep-learning;decoding;brain-inspired-ai;neural-signals,10.1038/s41467-020-19632-w,d0361d51b0f97c7e9f17401c2db2e1b25a9a1c64,https://doi.org/10.1038/s41467-020-19632-w,JournalArticle,unknown,27,brain; connectivity; ecog; neural; neural network; classification; computational neuroscience; brain/neural structure in title; explicit brain-structure/AI bridge,Deep neural networks (DNNs) excel at visual recognition tasks and are increasingly used as a modeling framework for neural computations in the primate brain.
2020,Affective neurolinguistics: towards a framework for reconciling language and emotion,"J. Hinojosa, E. Moreno, P. Ferré","Language, Cognition and Neuroscience",2020-09-03,177,General Brain-AI Structure Reviews and Methods,brain-structure;connectome;decoding,10.1080/23273798.2019.1620957,562bcced6f7e1651cccea1d7b73746166d6b2ed3,https://doi.org/10.1080/23273798.2019.1620957,Review,unknown,5,brain; historical computation/learning bridge,"ABSTRACT Standard neurocognitive models of language processing have tended to obviate the need for incorporating emotion processes, while affective neuroscience theories have typically been concerned with the way in which people communicate their emotions, and have often simply not addressed linguistic issues."
2020,"Deep Brain Stimulation: Techniques and PracticesWilliam S. Anderson and The Society for Innovative Neuroscience, Thieme Publishers (2019), 190 pages $79.99ISBN 9781626237971","C. Teige, G. Mollo, Rebecca Millman, N. Savill, J. Smallwood, Piers L. Cornelissen, et al.",Unknown venue,2020-08-01,176,General Brain-AI Structure Reviews and Methods,brain-structure;neuromorphic-bci,10.1016/J.WNEU.2020.05.056,4062ef4bf951a5e39254e7fc469464ae485d8e33,https://doi.org/10.1016/J.WNEU.2020.05.056,paper,unknown,16,brain; bci; brain/neural structure in title; explicit brain-structure/AI bridge,
2020,The Drosophila Mushroom Body: From Architecture to Algorithm in a Learning Circuit.,"M. Modi, Yichun Shuai, Glenn C. Turner",Annual Review of Neuroscience,2020-04-13,174,"Cognitive Architectures, Learning, and Systems Neuroscience",brain-structure;connectome;decoding,10.1146/annurev-neuro-080317-0621333,85ab16854285cadba3327a69bf9b528b05d060b9,https://doi.org/10.1146/annurev-neuro-080317-0621333,JournalArticle; Review,unknown,6,brain; neuron; historical computation/learning bridge,"The Drosophila brain contains a relatively simple circuit for forming Pavlovian associations, yet it achieves many operations common across memory systems."
2020,Whole-brain Profiling of Cells and Circuits in Mammals by Tissue Clearing and Light-sheet microscopy,"H. Ueda, H. Dodt, P. Osten, M. Economo, J. Chandrashekar, Philipp J. Keller",Neuron,2020-05-01,174,General Brain-AI Structure Reviews and Methods,brain-structure,10.1016/j.neuron.2020.03.004,9abae6e4c6b296736066a03cac9a81df82547fd1,https://doi.org/10.1016/j.neuron.2020.03.004,Review; JournalArticle,unknown,4,brain; brain/neural structure in title,"Tissue clearing and light-sheet microscopy have over a 100-year-long history, yet only recently have these fields been combined to facilitate novel experiments and measurements in neuroscience."
2020,GCNs-Net: A Graph Convolutional Neural Network Approach for Decoding Time-Resolved EEG Motor Imagery Signals,"Xiangmin Lun, Shuyue Jia, Yimin Hou, Yan Shi, Y. Li, Hanrui Yang, et al.",IEEE Transactions on Neural Networks and Learning Systems,2020-06-16,169,"Brain Decoding, Representation Learning, and BCI",brain-structure;connectome;machine-learning;deep-learning;decoding;neuroimaging;neural-signals;neuromorphic-bci,10.1109/TNNLS.2022.3202569,eb4bd25a14a901a3ee0b46db7962fed105873a01,https://doi.org/10.1109/TNNLS.2022.3202569,JournalArticle,unknown,34,brain; eeg; neural; deep learning; neural network; classification; prediction; decoding; computational neuroscience; brain/neural structure in title; explicit brain-structure/AI bridge,"Toward the development of effective and efficient brain-computer interface (BCI) systems, precise decoding of brain activity measured by an electroencephalogram (EEG) is highly demanded."
2020,Why Brain Criticality Is Clinically Relevant: A Scoping Review,Vincent Zimmern,Frontiers in Neural Circuits,2020-08-26,168,Clinical NeuroAI and Brain Disorders,brain-structure;clinical-neuroai,10.3389/fncir.2020.00054,8776ec216ba007ab2b59274b48d01e3d636041ca,https://doi.org/10.3389/fncir.2020.00054,Review; JournalArticle,unknown,4,brain; brain/neural structure in title,The past 25 years have seen a strong increase in the number of publications related to criticality in different areas of neuroscience.
2020,Behavioral state coding by molecularly defined paraventricular hypothalamic cell type ensembles,"Shengjin Xu, Hui Yang, V. Menon, Andrew L. Lemire, Lihua Wang, Fredrick E. Henry, et al.",Science,2020-10-15,166,"Brain Decoding, Representation Learning, and BCI",brain-structure;machine-learning;decoding,10.1126/science.abb2494,dcce5b4f617cc2e30f35f98dbfadae00b368e5f4,https://doi.org/10.1126/science.abb2494,JournalArticle,unknown,25,brain; thalamus; hypothalamus; neuron; neural; classification; predictive; decoding; explicit brain-structure/AI bridge,How neuron types encode behavioral states What is the contribution of molecularly defined cell types to neural coding of stimuli and states?
2020,Hyperscanning: Beyond the Hype.,A. Hamilton,Neuron,2020-11-19,166,Computational Neuroscience and Brain-Inspired AI,brain-structure;machine-learning,10.1016/j.neuron.2020.11.008,90e98dcbd57b4004ffc720390f5aa3d52f8b21dc,https://doi.org/10.1016/j.neuron.2020.11.008,JournalArticle,unknown,15,brain; eeg; meg; prediction; explicit brain-structure/AI bridge,Hyperscanning-the recording of brain activity from multiple individuals-can be hard to interpret.
2020,Is there a 'social' brain? Implementations and algorithms,"P. Lockwood, M. Apps, Steve W. C. Chang",Trends in Cognitive Sciences,2020-07-28,164,General Brain-AI Structure Reviews and Methods,brain-structure,10.1016/j.tics.2020.06.011,27e45ea9c9bc67581fab4c73e820f245397ca694,https://doi.org/10.1016/j.tics.2020.06.011,Review; JournalArticle,unknown,9,brain; neural; brain/neural structure in title; historical computation/learning bridge,"A fundamental question in psychology and neuroscience is the extent to which cognitive and neural processes are specialized for social behaviour, or shared with other 'non-social' cognitive, perceptual and motor faculties."
2020,Multiplexed Cre-dependent selection yields systemic AAVs for targeting distinct brain cell types,"Sripriya Ravindra Kumar, T. F. Miles, Xinhong Chen, David Brown, T. Dobreva, Qin Huang, et al.",Nature Methods,2020-04-20,162,"Cellular, Synaptic, and Neuromorphic Foundations",brain-structure,10.1038/s41592-020-0799-7,49415650115290c2a5348e97cebb029d08a3a130,https://doi.org/10.1038/s41592-020-0799-7,JournalArticle,unknown,5,brain; neuron; brain/neural structure in title,"Recombinant adeno-associated viruses (rAAVs) are efficient gene delivery vectors via intravenous delivery; however, natural serotypes display a finite set of tropisms."
2020,"NeuroQuery, comprehensive meta-analysis of human brain mapping","Jérôme Dockès, R. Poldrack, Romain Primet, Hande Gözükan, T. Yarkoni, Fabian M. Suchanek, et al.",eLife,2020-02-21,162,General Brain-AI Structure Reviews and Methods,brain-structure;machine-learning;neuroimaging,10.7554/eLife.53385,8d4695f402913de1708e7da0db2af2205a25d7bc,https://doi.org/10.7554/eLife.53385,JournalArticle,unknown,17,brain; neural; prediction; brain/neural structure in title; explicit brain-structure/AI bridge,Reaching a global view of brain organization requires assembling evidence on widely different mental processes and mechanisms.
2020,LISNN: Improving Spiking Neural Networks with Lateral Interactions for Robust Object Recognition,"Xiang Cheng, Yunzhe Hao, Jiaming Xu, Bo Xu",International Joint Conference on Artificial Intelligence,2020-07-01,157,Computational Neuroscience and Brain-Inspired AI,brain-structure;connectome;deep-learning;neuroimaging;neural-signals;neuromorphic-bci,10.24963/ijcai.2020/211,bd1719210e71c1d3a6f3b472aae20e8c11606035,https://doi.org/10.24963/ijcai.2020/211,JournalArticle; Conference,unknown,31,brain; ecog; neuron; neural; deep learning; neural network; computational neuroscience; neuromorphic; brain/neural structure in title; explicit brain-structure/AI bridge,Spiking Neural Network (SNN) is considered more biologically plausible and energy-efficient on emerging neuromorphic hardware.
2020,Recent advances in neurotechnologies with broad potential for neuroscience research,"A. Vázquez-Guardado, Yiyuan Yang, A. Bandodkar, J. Rogers",Nature Neuroscience,2020-11-16,154,General Brain-AI Structure Reviews and Methods,,10.1038/s41593-020-00739-8,6f5165af130484678f9a181dd569261871f89df1,https://doi.org/10.1038/s41593-020-00739-8,Review; JournalArticle,unknown,1,brain,
2020,Brain oxytocin: how puzzle stones from animal studies translate into psychiatry,"V. Grinevich, I. Neumann",Molecular Psychiatry,2020-06-08,152,"Cellular, Synaptic, and Neuromorphic Foundations",brain-structure;connectome;neuroimaging,10.1038/s41380-020-0802-9,48ac977a54c2c622f1c97afad15695b558a22736,https://doi.org/10.1038/s41380-020-0802-9,Review; JournalArticle,unknown,5,brain; neuron; brain/neural structure in title,"The neuropeptide oxytocin has attracted great attention of the general public, basic neuroscience researchers, psychologists, and psychiatrists due to its profound pro-social, anxiolytic, and ""anti-stress"" behavioral and physiological effects, and its potential application for treatment of mental diseases associated with altered socio-emotional competence."
2020,Bring the noise: Reconceptualizing spontaneous neural activity,L. Uddin,Trends in Cognitive Sciences,2020-06-26,151,Computational Neuroscience and Brain-Inspired AI,brain-structure;neuroimaging,10.1016/j.tics.2020.06.003,c48c082c2e2174e5a164d25a903ecdcb38709033,https://doi.org/10.1016/j.tics.2020.06.003,Review; JournalArticle,unknown,18,brain; neuron; neural; computational model; brain/neural structure in title; explicit brain-structure/AI bridge,"Definitions of what constitutes the 'signal of interest' in neuroscience can be controversial, due in part to continuously evolving notions regarding the significance of spontaneous neural activity."
2020,Concepts and Compositionality: In Search of the Brain's Language of Thought.,"Steven M. Frankland, J. Greene",Annual Review of Psychology,2020-01-04,150,"Cognitive Architectures, Learning, and Systems Neuroscience",brain-structure;connectome;decoding,10.1146/annurev-psych-122216-011829,7a4ecf2219efd4a02a062a55ad7eb28961466587,https://doi.org/10.1146/annurev-psych-122216-011829,JournalArticle; Review,unknown,17,brain; cortex; computational model; brain/neural structure in title; explicit brain-structure/AI bridge,"Imagine Genghis Khan, Aretha Franklin, and the Cleveland Cavaliers performing an opera on Maui."
2020,Toward a unified framework for interpreting machine-learning models in neuroimaging,"Lada Kohoutová, Juyeon Heo, Sungmin Cha, Sungwoo Lee, Taesup Moon, T. Wager, et al.",Nature Protocols,2020-03-18,149,Structural Neuroimaging and AI,brain-structure;machine-learning;neuroimaging,10.1038/s41596-019-0289-5,475f29ad0e537ee7776b10b9326bbbbb435bd273,https://doi.org/10.1038/s41596-019-0289-5,JournalArticle,unknown,23,brain; fmri; mri; machine learning; predictive; computational model; explicit brain-structure/AI bridge,"Machine learning is a powerful tool for creating computational models relating brain function to behavior, and its use is becoming widespread in neuroscience."
2020,Cellular mechanisms and treatments for chemobrain: insight from aging and neurodegenerative diseases,"Lien D. Nguyen, B. Ehrlich",EMBO Molecular Medicine,2020-04-29,147,Clinical NeuroAI and Brain Disorders,brain-structure;clinical-neuroai,10.15252/emmm.202012075,f06c98f0a3a97339c0e1a9a72d3e2a9e1307f855,https://doi.org/10.15252/emmm.202012075,Review; JournalArticle,unknown,8,brain; brain/neural structure in title; historical computation/learning bridge,"Chemotherapy is a life-saving treatment for cancer patients, but also causes long-term cognitive impairment, or ""chemobrain"", in survivors."
2020,Dendritic Spines Shape Analysis-Classification or Clusterization? Perspective,"E. Pchitskaya, I. Bezprozvanny",Frontiers in Synaptic Neuroscience,2020-09-30,142,"Cellular, Synaptic, and Neuromorphic Foundations",brain-structure;machine-learning,10.3389/fnsyn.2020.00031,14f299914a4327504d8191d12d71c7ef5e079966,https://doi.org/10.3389/fnsyn.2020.00031,JournalArticle,unknown,14,brain; neuron; classification; explicit brain-structure/AI bridge,"Dendritic spines are small protrusions from the dendrite membrane, where contact with neighboring axons is formed in order to receive synaptic input."
2020,Electrophysiological Maturation of Cerebral Organoids Correlates with Dynamic Morphological and Cellular Development,"Summer R. Fair, Dominic Julian, Annalisa M. Hartlaub, Sai Teja Pusuluri, Girik Malik, Taryn L Summerfied, et al.",Stem Cell Reports,2020-09-15,142,Computational Neuroscience and Brain-Inspired AI,brain-structure;connectome;deep-learning,10.1016/j.stemcr.2020.08.017,6257843650ef1c375c5b04a975827159003f823a,https://doi.org/10.1016/j.stemcr.2020.08.017,JournalArticle,unknown,15,brain; cerebral; neural; neural network; explicit brain-structure/AI bridge,Summary Cerebral organoids (COs) are rapidly accelerating the rate of translational neuroscience based on their potential to model complex features of the developing human brain.
2020,Inter-brain synchrony in teams predicts collective performance,"Diego A. Reinero, Suzanne Dikker, Jay J. Van Bavel",Social Cognitive and Affective Neuroscience,2020-07-07,142,"Connectomics, Graph Models, and Brain Networks",brain-structure;connectome;neural-signals,10.1093/scan/nsaa135,03bdc0a2f2285880888b95749872a3e91279abcf,https://doi.org/10.1093/scan/nsaa135,JournalArticle,unknown,6,brain; eeg; meg; brain/neural structure in title,"Abstract Despite decades of research in economics and psychology attempting to identify ingredients that make up successful teams, neuroscientists have only just begun to study how multiple brains interact."
2020,mGreenLantern: a bright monomeric fluorescent protein with rapid expression and cell filling properties for neuronal imaging,"B. C. Campbell, Elisa M. Nabel, Mitchell H. Murdock, Cristina Lao-Peregrin, P. Tsoulfas, Murray G. Blackmore, et al.",Proceedings of the National Academy of Sciences of the United States of America,2020-11-18,141,"Cellular, Synaptic, and Neuromorphic Foundations",brain-structure;neural-signals,10.1073/pnas.2000942117,0fc7ef34739b51f1fb53f993dadc698150bcdb47,https://doi.org/10.1073/pnas.2000942117,JournalArticle,unknown,3,brain; ecog; neuron,"Significance We have developed a fluorescent protein, mGreenLantern, that features exceptionally high brightness in mouse, bacterial, and human cells (up to sixfold brighter than EGFP) and have demonstrated its superior ability to highlight neuronal morphology compared to EGFP and EYFP."
2020,Recent advances in the application of predictive coding and active inference models within clinical neuroscience,"Ryan Smith, Paul B. Badcock, Karl J. Friston",Psychiatry and Clinical Neurosciences,2020-08-28,140,Computational Neuroscience and Brain-Inspired AI,brain-structure;machine-learning;brain-inspired-ai;clinical-neuroai,10.1111/pcn.13138,42b1bb567e233fa2c0ee3c26e21bf87e24430ec5,https://doi.org/10.1111/pcn.13138,JournalArticle; Review,unknown,22,brain; neural; prediction; predictive; computational neuroscience; explicit brain-structure/AI bridge,Research in clinical neuroscience is founded on the idea that a better understanding of brain (dys)function will improve our ability to diagnose and treat neurological and psychiatric disorders.
2020,Toward Circuit Mechanisms of Pathophysiology in Depression,"T. Spellman, C. Liston",American Journal of Psychiatry,2020-05-01,140,Structural Neuroimaging and AI,brain-structure;connectome;neuroimaging;neural-signals;clinical-neuroai,10.1176/appi.ajp.2020.20030280,2618fe1859bd388efff3e374cdf4158c4b6afdfc,https://doi.org/10.1176/appi.ajp.2020.20030280,JournalArticle,unknown,6,brain; mri; historical computation/learning bridge,The search for more effective treatments for depression is a long-standing primary objective in both psychiatry and translational neuroscience.
2020,"Radial glia in the zebrafish brain: Functional, structural, and physiological comparison with the mammalian glia","Nathalie Jurisch-Yaksi, E. Yaksi, C. Kizil",Glia,2020-05-31,138,"Cellular, Synaptic, and Neuromorphic Foundations",brain-structure,10.1002/glia.23849,4064f3e01d66276e2c4e033ebe2350ee04044e96,https://doi.org/10.1002/glia.23849,Review; JournalArticle,unknown,10,brain; neuron; neural; brain/neural structure in title; historical computation/learning bridge,The neuroscience community has witnessed a tremendous expansion of glia research.
2020,Entropy and the Brain: An Overview,Soheil Keshmiri,Entropy,2020-08-21,137,General Brain-AI Structure Reviews and Methods,brain-structure;connectome,10.3390/e22090917,4adb5927adc628ce2acd6371ebefab9c8053741c,https://doi.org/10.3390/e22090917,Review; JournalArticle,unknown,4,brain; brain/neural structure in title,Entropy is a powerful tool for quantification of the brain function and its information processing capacity.
2020,Resting-state network dysconnectivity in ADHD: A system-neuroscience-based meta-analysis,"B. Sutcubasi, B. Metin, Mustafa Kurban, Zeynep Elcin Metin, Birsu Beşer, E. Sonuga-Barke",World Journal of Biological Psychiatry,2020-05-29,137,"Connectomics, Graph Models, and Brain Networks",brain-structure;connectome;neuroimaging;clinical-neuroai,10.1080/15622975.2020.1775889,4a7a80208e9d44ec2822ce802a5f576c0e98deef,https://doi.org/10.1080/15622975.2020.1775889,JournalArticle,unknown,3,brain; cortex; connectivity,Abstract Objectives Neuroimaging studies report altered resting-state functional connectivity in attention deficit/hyperactivity disorder (ADHD) across multiple brain systems.
2020,Adult neurogenesis in the mammalian dentate gyrus,"L. Abbott, Fikru Nigussie","Anatomia, Histologia, Embryologia. Journal of Veterinary Medicine Series C",2020-01-01,133,"Cellular, Synaptic, and Neuromorphic Foundations",brain-structure;connectome;deep-learning,10.1111/ahe.12496,6ded23aa0e82205230e6dfe26ccd5e606b962265,https://doi.org/10.1111/ahe.12496,Review; JournalArticle,unknown,18,brain; cortex; hippocampus; neuron; neural; synapse; neural network; explicit brain-structure/AI bridge,Earlier observations in neuroscience suggested that no new neurons form in the mature central nervous system.
2020,Inhibitory stabilization and cortical computation,"S. Sadeh, C. Clopath",Nature Reviews Neuroscience,2020-11-11,131,General Brain-AI Structure Reviews and Methods,brain-structure,10.1038/s41583-020-00390-z,64612c89a506ebb1c6ad44afbdb589da3fe8ce44,https://doi.org/10.1038/s41583-020-00390-z,Review; JournalArticle,unknown,6,brain; cortical; historical computation/learning bridge,
2020,Lesion Quantification Toolkit: A MATLAB software tool for estimating grey matter damage and white matter disconnections in patients with focal brain lesions,"Joseph C. Griffis, Nicholas V. Metcalf, M. Corbetta, G. Shulman",bioRxiv,2020-07-29,131,"Connectomics, Graph Models, and Brain Networks",brain-structure;connectome;clinical-neuroai,10.1016/j.nicl.2021.102639,3d25ebefc2ad7c1786aea78209d6162c00ae9ed5,https://doi.org/10.1016/j.nicl.2021.102639,JournalArticle,unknown,5,brain; connectome; brain/neural structure in title,Lesion studies are an important tool for cognitive neuroscientists and neurologists.
2020,The dimensionality of neural representations for control,"David Badre, Apoorva Bhandari, Haley Keglovits, A. Kikumoto",Current Opinion in Behavioral Sciences,2020-06-05,131,"Cognitive Architectures, Learning, and Systems Neuroscience",brain-structure;decoding;brain-inspired-ai,10.31234/osf.io/asdq6,3b8e2e1d5a2b13b2c7e767ec8ffbc587dc4ccbbc,https://doi.org/10.31234/osf.io/asdq6,JournalArticle; Review,unknown,10,brain; cortex; neural; brain/neural structure in title; historical computation/learning bridge,Cognitive control allows us to think and behave flexibly based on our context and goals.
2020,Viral tools for neuroscience,"Alexander R. Nectow, E. Nestler",Nature Reviews Neuroscience,2020-10-27,131,"Cellular, Synaptic, and Neuromorphic Foundations",brain-structure;connectome,10.1038/s41583-020-00382-z,3c3fc36fc556e2a192b3e391430bd2fde3bb8f7d,https://doi.org/10.1038/s41583-020-00382-z,Review; JournalArticle,unknown,3,brain; connectivity; neuron,Recombinant viruses are the workhorse of modern neuroscience.
2020,Applications of EEG indices for the quantification of human cognitive performance: A systematic review and bibliometric analysis,"L. Ismail, W. Karwowski",PLoS ONE,2020-12-04,130,Structural Neuroimaging and AI,brain-structure;connectome;neuroimaging;neural-signals,10.1371/journal.pone.0242857,e07d01924b98d3dc95f98d0d3df21ab7e75eac4c,https://doi.org/10.1371/journal.pone.0242857,JournalArticle; Review,unknown,5,brain; fmri; mri; eeg; neural,Background Neuroergonomics combines neuroscience with ergonomics to study human performance using recorded brain signals.
2020,Behavioral neuroscience of autism.,"T. Takumi, Kota Tamada, Fumiyuki Hatanaka, N. Nakai, P. Bolton",Neuroscience and Biobehavioral Reviews,2020-03-01,130,"Cellular, Synaptic, and Neuromorphic Foundations",brain-structure;neuroimaging,10.1016/j.neubiorev.2019.04.012,36ae711a1546cce06851c7df95794467bcac0614,https://doi.org/10.1016/j.neubiorev.2019.04.012,Review; JournalArticle,unknown,9,brain; cerebral; cortex; brainstem; neuron; historical computation/learning bridge,Autism spectrum disorder (ASD) is a neurodevelopmental disorder.
2020,What has social neuroscience learned from hyperscanning studies of spoken communication? A systematic review.,"B. Kelsen, A. Sumich, N. Kasabov, S. Liang, Grace Y. Wang",Neuroscience and Biobehavioral Reviews,2020-10-01,124,"Connectomics, Graph Models, and Brain Networks",brain-structure;connectome;deep-learning;brain-inspired-ai;neural-signals,10.1016/j.neubiorev.2020.09.008,8367e501873919631d95fb9361a21ccdb35919ae,https://doi.org/10.1016/j.neubiorev.2020.09.008,Review; JournalArticle,unknown,21,brain; cortical; eeg; meg; neural; neural network; brain-inspired; explicit brain-structure/AI bridge,A growing body of literature examining the neurocognitive processes of interpersonal linguistic interaction indicates the emergence of neural alignment as participants engage in oral communication.
2020,Brain-inspired global-local learning incorporated with neuromorphic computing,"Yujie Wu, R. Zhao, Jun Zhu, F. Chen, Mingkun Xu, Guoqi Li, et al.",Nature Communications,2020-06-05,123,"Cellular, Synaptic, and Neuromorphic Foundations",brain-structure;connectome;brain-inspired-ai;neuromorphic-bci,10.1038/s41467-021-27653-2,41267d4ee00306ce608f6068aba137c349dba8f0,https://doi.org/10.1038/s41467-021-27653-2,JournalArticle,unknown,25,brain; neuron; artificial intelligence; brain-inspired; neuromorphic; brain/neural structure in title; explicit brain-structure/AI bridge,There are two principle approaches for learning in artificial intelligence: error-driven global learning and neuroscience-oriented local learning.
2020,A near-infrared genetically encoded calcium indicator for in vivo imaging,"A. Shemetov, Mikhail V Monakhov, Qinrong Zhang, J. Canton-Josh, Manish Kumar, Maomao Chen, et al.",Nature Biotechnology,2020-10-26,122,"Cellular, Synaptic, and Neuromorphic Foundations",brain-structure,10.1038/s41587-020-0710-1,2489c65af1149b4e37f0cd9dedd95d2fa0de6d07,https://doi.org/10.1038/s41587-020-0710-1,JournalArticle,unknown,3,brain; cortex; neuron,"While calcium imaging has become a mainstay of modern neuroscience, the spectral properties of current fluorescent calcium indicators limit deep-tissue imaging as well as simultaneous use with other probes."
2020,Artificial intelligence for brain diseases: A systematic review,"Alice Segato, Aldo Marzullo, Francesco Calimeri, E. De Momi",APL Bioengineering,2020-10-13,122,General Brain-AI Structure Reviews and Methods,brain-structure;connectome;machine-learning;deep-learning;clinical-neuroai,10.1063/5.0011697,50a483975abba83f66b4d621f70f2d2128b93137,https://doi.org/10.1063/5.0011697,Review; JournalArticle,unknown,33,brain; neural; artificial intelligence; machine learning; neural network; support vector; random forest; prediction; brain/neural structure in title; explicit brain-structure/AI bridge,"Artificial intelligence (AI) is a major branch of computer science that is fruitfully used for analyzing complex medical data and extracting meaningful relationships in datasets, for several clinical aims."
2020,Multiclass semantic segmentation and quantification of traumatic brain injury lesions on head CT using deep learning: an algorithm development and multicentre validation study.,"M. Monteiro, V. Newcombe, François Mathieu, K. Adatia, K. Kamnitsas, Enzo Ferrante, et al.",The Lancet Digital Health,2020-06-01,122,Structural Neuroimaging and AI,brain-structure;connectome;machine-learning;deep-learning;neuroimaging;clinical-neuroai,10.1016/s2589-7500(20)30085-6,7f74e300e7e4b0508bc3cffa135a2807d6d28666,https://doi.org/10.1016/s2589-7500(20)30085-6,JournalArticle,unknown,25,brain; neural; deep learning; neural network; classification; brain/neural structure in title; explicit brain-structure/AI bridge,BACKGROUND CT is the most common imaging modality in traumatic brain injury (TBI).
2020,Predictive processing as a systematic basis for identifying the neural correlates of consciousness,"J. Hohwy, A. Seth",Philosophy and the Mind Sciences,2020-06-10,122,General Brain-AI Structure Reviews and Methods,brain-structure;machine-learning,10.31234/osf.io/nd82g,5ba5d0b9f511c1d763bafe8a9d4c74fd8e2dbca8,https://doi.org/10.31234/osf.io/nd82g,paper,unknown,17,brain; neural; predictive; brain/neural structure in title; explicit brain-structure/AI bridge,"The search for the neural correlates of consciousness is in need of a systematic, principled foundation that can endow putative neural correlates with greater predictive and explanatory value."
2020,"MacaquePose: A Novel ""In the Wild"" Macaque Monkey Pose Dataset for Markerless Motion Capture","Rollyn T. Labuguen, Jumpei Matsumoto, S. Negrete, Hiroshi Nishimaru, H. Nishijo, M. Takada, et al.",bioRxiv,2020-07-31,121,Computational Neuroscience and Brain-Inspired AI,brain-structure;connectome;deep-learning,10.3389/fnbeh.2020.581154,c018ebf60bc2397f3d3f9b1163d78d8787077cae,https://doi.org/10.3389/fnbeh.2020.581154,JournalArticle,unknown,18,brain; neural; neural network; computational neuroscience; explicit brain-structure/AI bridge,"Video-based markerless motion capture permits quantification of an animal's pose and motion, with a high spatiotemporal resolution in a naturalistic context, and is a powerful tool for analyzing the relationship between the animal's behaviors and its brain functions."
2020,Neuroimaging Advances in Parkinson's Disease and Atypical Parkinsonian Syndromes,"U. Saeed, A. Lang, M. Masellis",Frontiers in Neurology,2020-10-15,121,Clinical NeuroAI and Brain Disorders,brain-structure;connectome;neuroimaging;clinical-neuroai,10.3389/fneur.2020.572976,d6015d79dd990bc5e9c88c221b5d04d2130cd853,https://doi.org/10.3389/fneur.2020.572976,Review; JournalArticle,unknown,4,brain; cerebral; diffusion tensor; mri,"Parkinson's disease (PD) and atypical Parkinsonian syndromes are progressive heterogeneous neurodegenerative diseases that share clinical characteristic of parkinsonism as a common feature, but are considered distinct clinicopathological disorders."
2020,"Wireless, battery-free subdermally implantable photometry systems for chronic recording of neural dynamics","Alex Burton, Sofian N. Obaid, A. Vázquez-Guardado, Matthew B. Schmit, Tucker Stuart, Le Cai, et al.",Proceedings of the National Academy of Sciences of the United States of America,2020-01-23,121,"Cellular, Synaptic, and Neuromorphic Foundations",brain-structure;connectome;neuromorphic-bci,10.1073/pnas.1920073117,5c6c0fec519b96cacd2f382928ba4a892cc899e5,https://doi.org/10.1073/pnas.1920073117,JournalArticle,unknown,10,brain; neuron; neural; brain/neural structure in title; historical computation/learning bridge,Significance Monitoring neuronal activity with cell specificity in freely behaving animal models can yield insights into underpinning operating mechanisms of the brain.
2020,Deep learning for brain disorder diagnosis based on fMRI images,"Wutao Yin, Longhai Li, Fang-Xiang Wu",Neurocomputing,2020-10-01,120,General Brain-AI Structure Reviews and Methods,brain-structure;connectome;deep-learning;neuroimaging;clinical-neuroai,10.1016/j.neucom.2020.05.113,c0c0eb2c1ac2e0e7b785983f07d44a9ee21f160f,https://doi.org/10.1016/j.neucom.2020.05.113,JournalArticle; Review,unknown,35,brain; fmri; mri; neural; artificial intelligence; deep learning; neural network; computational model; computational neuroscience; brain/neural structure in title; explicit brain-structure/AI bridge,"Abstract In modern neuroscience and clinical study, neuroscientists and clinicians often use non-invasive imaging techniques to validate theories and computational models, observe brain activities and diagnose brain disorders."
2020,Distinguishing the Neural Correlates of Perceptual Awareness and Postperceptual Processing,"M. Cohen, Kevin Ortego, Andrew Kyroudis, Michael A. Pitts",Journal of Neuroscience,2020-01-16,120,"Cognitive Architectures, Learning, and Systems Neuroscience",brain-structure;connectome;neural-signals,10.1101/2020.01.15.908400,17658fd668bbee7a174be0ed2bb03fcd24d32dcf,https://doi.org/10.1101/2020.01.15.908400,JournalArticle,unknown,5,brain; neural; brain/neural structure in title,"To identify the neural correlates of perceptual awareness, researchers often compare the differences in neural activation between conditions in which an observer is or is not aware of a stimulus."
2020,A coordinate-based meta-analysis of music-evoked emotions,S. Koelsch,NeuroImage,2020-09-05,118,General Brain-AI Structure Reviews and Methods,brain-structure;connectome;neuroimaging,10.1016/j.neuroimage.2020.117350,e3d82ed9c467a700ebdf4c2ac0abeec5321938c1,https://doi.org/10.1016/j.neuroimage.2020.117350,JournalArticle,unknown,4,brain; cortex; hippocampus; amygdala,"Since the publication of the first neuroscience study investigating emotion with music about two decades ago, the number of functional neuroimaging studies published on this topic has increased each year."
