rank,year,title,authors,venue,publicationDate,citationCount,influentialCitationCount,importanceScore,category,keywordTags,keyIdea,strengths,limitations,doi,sourceId,url,semanticScholarUrl,openAccessPdf,githubUrl,workType,language,relevanceReason,abstract
1,1910,The morphology of the forebrain in amphibia and reptilia,C. J. Herrick,Unknown venue,1910-10-01,292,16,111.44,General Brain-AI Structure Reviews and Methods,brain-structure,Positions The morphology of the forebrain in amphibia and reptilia within General Brain Science and Reviews.,high citation signal (292); brain-structure signal,"Reviews and methods can dominate citations while obscuring smaller empirical advances.; Bridge terminology can be ambiguous, especially around neural networks, intelligence, and biological plausibility.; Imaging conclusions can depend on acquisition, preprocessing, and model specification.",10.1002/CNE.920200502,dc8b8e32cc95f7adb1d24386acc3d1e228eee08c,https://doi.org/10.1002/CNE.920200502,,,,paper,unknown,brain; brain/neural structure in title,
2,1910,"NEUROCYTOMA OR NEUROBLASTOMA, A KIND OF TUMOR NOT GENERALLY RECOGNIZED",J. H. Wright,Journal of Experimental Medicine,1910-07-23,219,5,103.29,"Cognitive Architectures, Learning, and Systems Neuroscience",neural-signals,"The object of this paper is to call attention to a group of tumors, the nature of which has hitherto escaped general recognition, and to point out their distinguishing characteristics.",high citation signal (219); open-access PDF metadata,"Task designs can oversimplify cognition and limit ecological validity.; Circuit-behavior correlations need causal perturbation or strong model comparison before mechanistic claims are secure.; Signal drift, artifacts, and session effects can limit real-world decoding reliability.",10.1084/jem.12.4.556,acd263b9c8c59f4b315acff8bfa1a3de132b61f2,https://doi.org/10.1084/jem.12.4.556,,https://rupress.org/jem/article-pdf/12/4/556/1083208/556.pdf,,JournalArticle,unknown,ecog,"The object of this paper is to call attention to a group of tumors, the nature of which has hitherto escaped general recognition, and to point out their distinguishing characteristics. These tumors are rich in cells which may vary nmch in size and shape. They may be pervaded by connective tissue by which the cells are arranged in more or less definite alveoli. Blood vessels accompanied by connective tissue are also present. The essential cells of the tumor are considered to be more or less undifferentiated nerve cells or neurocytes or neuroblasts, and hence the names neurocytoma and neuroblastoma. They are considered to be neurocytes or neuroblasts for the following reasons: I. The cells, at least in places, are associated with delicate fibrils,. often of considerable length, which do not stain like neuroglia, collagen or fibroglia fibrils by Mallory's methods, and which are like the fibrils occurring in the ""an lage"" of the sympathetic nervous system. 2. The cells associated with these fibrils have the same morphology as the cells from which the sympathetic nervous system and the medulla of the adrenal develop, and which are regarded by embryologists as arising from migrated primitive nerve cells. They are generally small, with round nuclei rich in chromatin, and have a relatively small or imperceptible amount of cytoplasm. Some of them may be of piroform shape and their cytoplasm may be prolonged into filamentous processes like the fibrils referred to above. 3The cells and fibrils are arranged in places in ways more or"
3,1910,Cultivation of adult tissues and organs outside of the body,"A. Carrel, M. T. Burrows",Unknown venue,1910-10-15,131,1,92.89,"Cellular, Synaptic, and Neuromorphic Foundations",,"The solution of many problems of human pathology depends, in a large measure, on the finding of the still unknown physiologic laws of generation, growth and evolution of cells.",high citation signal (131); open-access PDF metadata,Cellular mechanisms rarely scale directly into whole-brain behavior or modern AI architectures.; Animal and ex vivo findings require careful translation to human cognition and deployed systems.; Metadata-level ranking should be complemented with full-text expert review before strong claims are made.,10.1001/JAMA.1910.04330160047018,ea48f68d8f36a35fe64a9abfdd7bc943e8840590,https://doi.org/10.1001/JAMA.1910.04330160047018,,https://zenodo.org/record/1502685/files/article.pdf,,paper,unknown,brain,"The solution of many problems of human pathology depends, in a large measure, on the finding of the still unknown physiologic laws of generation, growth and evolution of cells. We must, therefore, develop new methods which permit the discovery of these laws. A few weeks ago, we began to investigate systematically one of these future methods, namely, the cultivation of adult tissues outside of the body. The starting point of our researches was the beautiful work of Harrison on the embryonic tissues of the frog. Some years ago, Harrison observed the development of nerves from the central nervous system of frog embryos cultivated in a drop of lymph. In 1910, Burrows studying with Harrison improved very much this method and adapted it to embryonal tissues of warm-blooded animals. He succeeded in cultivating nerves and mesenchymatous cells of sixty-hour chick embryos. Then, at the Rockefeller institute, we tried to develop on"
4,1910,THE CULTIVATION OF TISSUES OF THE CHICK-EMBRYO OUTSIDE THE BODY,M. T. Burrows,Unknown venue,1910-12-10,102,0,89.63,"Connectomics, Graph Models, and Brain Networks",connectome,In 1907 Harrison described briefly before the Society of Experimental Biology and Medicine 1 a method which he had found successful for the growing of certain tissues of the frog embryo outside the body.,high citation signal (102); open-access PDF metadata; brain-structure signal,"Graph results can depend strongly on parcellation, thresholding, acquisition, and preprocessing choices.; Correlation networks are often interpreted more causally than the evidence supports.; Metadata-level ranking should be complemented with full-text expert review before strong claims are made.",10.1001/JAMA.1910.04330240035009,cebd098ba8cda535f06b5b24f2764b6de5915adf,https://doi.org/10.1001/JAMA.1910.04330240035009,,https://zenodo.org/record/1502835/files/article.pdf,,paper,unknown,brain,"In 1907 Harrison described briefly before the Society of Experimental Biology and Medicine 1 a method which he had found successful for the growing of certain tissues of the frog embryo outside the body. Essentially the method consisted in dissecting the central nervous system, myotomes and skin of frog embryos free from the surrounding tissues and transplanting them to a drop of lymph taken from the lymph-sac of an adult frog and contained within a hollow slide. The lymph immediately clots about the tissue elements into a loose fibrin network. Harrison watched the growth of the axis-cylinder processes of nerves and the proliferation and wandering of epithelial and connective-tissue cells within this matrix. He further observed striated embryonic muscle cells to become differentiated from the preexisting cells of the myotomes. In other words, he was able to observe a certain amount of differentiation of the tissues over a short period of"
5,1910,CONCERNING THE SECRETION OF THE INFUNDIBULAR LOBE OF THE PITUITARY BODY AND ITS PRESENCE IN THE CEREBROSPINAL FLUID,"H. Cushing, E. Goetsch",Unknown venue,1910-11-01,82,0,84.54,General Brain-AI Structure Reviews and Methods,,Positions CONCERNING THE SECRETION OF THE INFUNDIBULAR LOBE OF THE PITUITARY BODY AND ITS PRESENCE IN THE CEREBROSPINAL FLUID within General Brain Science and Reviews.,high citation signal (82); open-access PDF metadata,"Reviews and methods can dominate citations while obscuring smaller empirical advances.; Bridge terminology can be ambiguous, especially around neural networks, intelligence, and biological plausibility.; Metadata-level ranking should be complemented with full-text expert review before strong claims are made.",10.1152/AJPLEGACY.1910.27.1.60,317a1f2c325163de2040d2ba390555a529da0a65,https://doi.org/10.1152/AJPLEGACY.1910.27.1.60,,https://www.physiology.org/pb-assets/PDFs/2017-Legacy-1516816496183.pdf,,paper,unknown,brain,
6,1910,"On the Occurrence of a Mesocoelic Recess in the Human Brain, and Its Relation to the Sub-Commissural Organ of Lower Vertebrates; with Special Reference to the Distribution of Reissner's Fibre in the Vertebrate Series and Its Possible Function","A. Dendy, G. Nicholls",Unknown venue,1910-08-10,48,1,82.25,General Brain-AI Structure Reviews and Methods,brain-structure,"Positions On the Occurrence of a Mesocoelic Recess in the Human Brain, and Its Relation to the Sub-Commissural Organ of Lower Vertebrates; with Special Reference to the Distribution of Reissner's Fibre in the Vertebrate Series and Its Possible Function within General Brain Science and Reviews.",high citation signal (48); open-access PDF metadata; brain-structure signal,"Reviews and methods can dominate citations while obscuring smaller empirical advances.; Bridge terminology can be ambiguous, especially around neural networks, intelligence, and biological plausibility.; Imaging conclusions can depend on acquisition, preprocessing, and model specification.",10.1098/RSPB.1910.0046,8737533fc94479f57ec10786aacf7b3f5288e2e1,https://doi.org/10.1098/RSPB.1910.0046,,https://doi.org/10.1098/rspb.1910.0046,,paper,unknown,brain; brain/neural structure in title,
7,1910,Surgery of the Brain and Spinal Cord,White,Unknown venue,1910-05-01,43,2,80.32,General Brain-AI Structure Reviews and Methods,brain-structure,Positions Surgery of the Brain and Spinal Cord within General Brain Science and Reviews.,high citation signal (43); open-access PDF metadata; brain-structure signal,"Reviews and methods can dominate citations while obscuring smaller empirical advances.; Bridge terminology can be ambiguous, especially around neural networks, intelligence, and biological plausibility.; Imaging conclusions can depend on acquisition, preprocessing, and model specification.",10.1097/00005053-191005000-00019,85827b4aab4a86ab4b010fac609fee81ad98c4a6,https://doi.org/10.1097/00005053-191005000-00019,,https://doi.org/10.1097/00005053-191005000-00019,,paper,unknown,brain; brain/neural structure in title,
8,1910,THE FUNCTIONS OF THE KINÆSTHETIC AREA OF THE BRAIN.,H. Bastian,Unknown venue,1910-03-01,39,0,75.6,General Brain-AI Structure Reviews and Methods,brain-structure,Positions THE FUNCTIONS OF THE KINÆSTHETIC AREA OF THE BRAIN. within General Brain Science and Reviews.,high citation signal (39); brain-structure signal,"Reviews and methods can dominate citations while obscuring smaller empirical advances.; Bridge terminology can be ambiguous, especially around neural networks, intelligence, and biological plausibility.; Imaging conclusions can depend on acquisition, preprocessing, and model specification.",10.1093/BRAIN/32.4.327,5249582a975bd0c795e31b5564bb0d75fc1af44f,https://doi.org/10.1093/BRAIN/32.4.327,,,,paper,unknown,brain; brain/neural structure in title,
9,1910,A Study of the Dementia Precox Group in the Light of Certain Cases Showing Anomalies or Scleroses in Particular Brain Regions,E. E. Southard,Unknown venue,1910-08-04,31,0,75.78,Clinical NeuroAI and Brain Disorders,brain-structure;clinical-neuroai,Positions A Study of the Dementia Precox Group in the Light of Certain Cases Showing Anomalies or Scleroses in Particular Brain Regions within Clinical Neurology and Neurodegeneration.,high citation signal (31); open-access PDF metadata; brain-structure signal,"Clinical cohorts vary by disease stage, comorbidity, treatment history, and follow-up.; Models can learn site or demographic artifacts instead of disease mechanisms.; Imaging conclusions can depend on acquisition, preprocessing, and model specification.",10.1056/NEJM191008041630503,9f8bb5a9fa7e8b8bd88e262b950b3452e297a22f,https://doi.org/10.1056/NEJM191008041630503,,https://zenodo.org/record/1548609/files/article.pdf,,paper,unknown,brain; brain/neural structure in title,
10,1910,Cortical lamination and localisation in the brain of the marmoset,"F. Mott, E. Schuster, W. D. Halliburton",Unknown venue,1910-01-14,23,0,71.4,General Brain-AI Structure Reviews and Methods,brain-structure,Positions Cortical lamination and localisation in the brain of the marmoset within General Brain Science and Reviews.,high citation signal (23); open-access PDF metadata; brain-structure signal,"Reviews and methods can dominate citations while obscuring smaller empirical advances.; Bridge terminology can be ambiguous, especially around neural networks, intelligence, and biological plausibility.; Imaging conclusions can depend on acquisition, preprocessing, and model specification.",10.1098/RSPB.1910.0004,53314134feffaabc629ed7ec33fbc90e1ac9064c,https://doi.org/10.1098/RSPB.1910.0004,,https://doi.org/10.1098/rspb.1910.0004,,paper,unknown,brain; cortical; brain/neural structure in title,
11,1910,THE CELL CHANGES IN AMAUROTIC FAMILY IDIOCY,"B. Sachs, I. Strauss",Journal of Experimental Medicine,1910-09-01,23,0,69.8,"Cellular, Synaptic, and Neuromorphic Foundations",brain-structure;neural-signals;clinical-neuroai,The morbid anatomy of amaurotic family idiocy is now as safely established as are the clinical symptoms of this interesting disorder of early childhood.,high citation signal (23); open-access PDF metadata; brain-structure signal,"Cellular mechanisms rarely scale directly into whole-brain behavior or modern AI architectures.; Animal and ex vivo findings require careful translation to human cognition and deployed systems.; Imaging conclusions can depend on acquisition, preprocessing, and model specification.",10.1084/jem.12.5.685,62d54c0d58be62ad15f6affc8f455bdee5bc81c5,https://doi.org/10.1084/jem.12.5.685,,https://rupress.org/jem/article-pdf/12/5/685/1392528/685.pdf,,JournalArticle,unknown,brain; cortical; ecog,"The morbid anatomy of amaurotic family idiocy is now as safely established as are the clinical symptoms of this interesting disorder of early childhood. The changes in cell structure are as typical of this disease as are the mental defect, the marasmus, the blindness associated with the ""cherry-red spot in the region of the macula lutea,"" and the family disposition. Great progress has been made in the recognition of the pathology of the disease during the past twenty-three years, since one of us first thought of the disease as an arrest of cortical development (agenesis corticalis). 2 Eleven years later, following the researches of Hirsch 3 and others, the disease was seen to depend upon involvement of the gray matter of the entire central nervous system, and still more recently, owing particularly to the work of .Schaffer, which we are able happily to corroborate, amaurotic family idiocy has gained additional importance in view of the extraordinary and constant changes in ganglion cell structure which it reveals. Incidentally , as Sachs has pointed out at the meeting at Budapest, this gravest and most fatal of all family diseases is a purely cellular disease. It is of no little moment to have established this one fact. It is the starting point for the future study of the pathology of other hereditary and family diseases of the nervous system. Schaffer, Hirsch, Sachs, Spielmeyer and others, have insisted that in amaurotic family idiocy not a single ganglion cell escapes, and the cell changes are the same whether the cell examined be in"
12,1910,"CEREBRAL MONOPLEGIA, WITH SPECIAL REFERENCE TO SENSATION AND TO SPASTIC PHENOMENA.",G. Bergmark,Unknown venue,1910-03-01,19,0,59.12,General Brain-AI Structure Reviews and Methods,brain-structure,"Positions CEREBRAL MONOPLEGIA, WITH SPECIAL REFERENCE TO SENSATION AND TO SPASTIC PHENOMENA. within General Brain Science and Reviews.",high citation signal (19); brain-structure signal,"Reviews and methods can dominate citations while obscuring smaller empirical advances.; Bridge terminology can be ambiguous, especially around neural networks, intelligence, and biological plausibility.; Imaging conclusions can depend on acquisition, preprocessing, and model specification.",10.1093/BRAIN/32.4.342,5df8ad159b554580ff409eabd1b13a884d79eeaa,https://doi.org/10.1093/BRAIN/32.4.342,,,,paper,unknown,brain; cerebral,
13,1910,"The effects of various fixatives on the brain of the albino rat, with an account of a method of preparing this material for a study of the cells in the cortex",H. D. King,Unknown venue,1910-06-01,17,0,63.23,General Brain-AI Structure Reviews and Methods,brain-structure,"Positions The effects of various fixatives on the brain of the albino rat, with an account of a method of preparing this material for a study of the cells in the cortex within General Brain Science and Reviews.",high citation signal (17); brain-structure signal,"Reviews and methods can dominate citations while obscuring smaller empirical advances.; Bridge terminology can be ambiguous, especially around neural networks, intelligence, and biological plausibility.; Imaging conclusions can depend on acquisition, preprocessing, and model specification.",10.1002/ar.1090040602,52974beda56ffa752a7bc8f5170b8904c412f18c,https://doi.org/10.1002/ar.1090040602,,,,paper,unknown,brain; cortex; brain/neural structure in title,
14,1910,"Eine neue Methode zur Darstellung des Gliagewebes, nebst Beiträgen zur Kenntnis des Baues und der Anordnung der Neuroglia des Hundehirns",H. V. Fieandt,Unknown venue,1910-08-01,16,0,54.0,General Brain-AI Structure Reviews and Methods,,"Positions Eine neue Methode zur Darstellung des Gliagewebes, nebst Beiträgen zur Kenntnis des Baues und der Anordnung der Neuroglia des Hundehirns within Cellular, Molecular, and Synaptic Neuroscience.",high citation signal (16); open-access PDF metadata,"Reviews and methods can dominate citations while obscuring smaller empirical advances.; Bridge terminology can be ambiguous, especially around neural networks, intelligence, and biological plausibility.; Metadata-level ranking should be complemented with full-text expert review before strong claims are made.",10.1007/BF02989890,96dda391eea03f5b1e67438eb4f2973e9c130e12,https://doi.org/10.1007/BF02989890,,https://zenodo.org/records/2231227/files/article.pdf,,paper,unknown,Semantic Scholar brain-AI query,
15,1910,"The Physiology of Anaphylactic ""Shock"" in the Dog","R. M. Pearce, A. Eisenbrey",Unknown venue,1910-08-24,16,0,55.2,"Cellular, Synaptic, and Neuromorphic Foundations",clinical-neuroai,"The investigation here presented was incidental to a study of the treatment of various experimental conditions of low blood pressure,1 one of which was that associated with anaphylaxis in the dog.",high citation signal (16); open-access PDF metadata,Cellular mechanisms rarely scale directly into whole-brain behavior or modern AI architectures.; Animal and ex vivo findings require careful translation to human cognition and deployed systems.; Metadata-level ranking should be complemented with full-text expert review before strong claims are made.,10.1093/INFDIS/7.4.565,d01539ac773a4e58231e4eb6f2161f1577ae1077,https://doi.org/10.1093/INFDIS/7.4.565,,https://zenodo.org/record/2295372/files/article.pdf,,paper,unknown,Semantic Scholar brain-AI query,"The investigation here presented was incidental to a study of the treatment of various experimental conditions of low blood pressure,1 one of which was that associated with anaphylaxis in the dog. As a knowledge of the mechanism of the various forms of low pressure was essential to treatment, extensive physiological studies were made, and as the results of the study of anaphylactic shock are striking and have a very definite bearing on the problems of anaphylaxis in general, they are, therefore, made the subject of this communication. Physiological and pharmacological studies of anaphylaxis are few in number and with the exception of the work of Arthus on the rabbit and Biedl and Kraus on the dog are limited to the guinea-pig. The general opinion2 has been that the underlying cause is a change in the cells of the central nervous system and this view has had some support from the observations of Besredka, who found that the clinical manifestations of anaphylaxis could be lessened by ether anesthesia, and of Banzhaf and Famulener, who found a hypnotic dose of chloral hydrate would prevent symptoms in sensitized animals. The observations of these writers are, however, somewhat contradictory, and Rosenau and Anderson state that altho ether anesthesia may mask the symptoms, it does not prevent death. Attempts to demonstrate specific anatomical lesions have been most unsatisfactory. Gay and Southard state that ""we have to"
16,1910,On the percentage of water in the brain and in the spinal cord of the albino rat,H. H. Donaldson,Unknown venue,1910-04-01,15,0,59.11,General Brain-AI Structure Reviews and Methods,brain-structure,Positions On the percentage of water in the brain and in the spinal cord of the albino rat within General Brain Science and Reviews.,high citation signal (15); brain-structure signal,"Reviews and methods can dominate citations while obscuring smaller empirical advances.; Bridge terminology can be ambiguous, especially around neural networks, intelligence, and biological plausibility.; Imaging conclusions can depend on acquisition, preprocessing, and model specification.",10.1002/CNE.920200203,85ff7066b10edb6a634dd6f8be333b8cb3b09e53,https://doi.org/10.1002/CNE.920200203,,,,paper,unknown,brain; brain/neural structure in title,
17,1910,The evolution of the cerebral cortex,J. Johnston,Unknown venue,1910-04-01,14,0,64.94,General Brain-AI Structure Reviews and Methods,brain-structure,Positions The evolution of the cerebral cortex within General Brain Science and Reviews.,high citation signal (14); open-access PDF metadata; brain-structure signal,"Reviews and methods can dominate citations while obscuring smaller empirical advances.; Bridge terminology can be ambiguous, especially around neural networks, intelligence, and biological plausibility.; Imaging conclusions can depend on acquisition, preprocessing, and model specification.",10.1002/AR.1090040402,f3fcfeec0a23efee88ebd4f77674ec6e02f22262,https://doi.org/10.1002/AR.1090040402,,https://zenodo.org/record/1534914/files/article.pdf,,paper,unknown,brain; cerebral; cortex; brain/neural structure in title,
18,1910,On the median anterior cerebral artery as found among the insane,I. Blackburn,Unknown venue,1910-06-01,12,1,52.37,"Cognitive Architectures, Learning, and Systems Neuroscience",brain-structure,"The subject of anomalies of the cerebral arteries among the insane has received considerable attention in the past, especially noteworthy being the article by Bullen in the Journal of Mental Science, volume 36, 1890,1 but unfortunately comparative statis~ tics are meagre.",high citation signal (12); open-access PDF metadata; brain-structure signal,"Task designs can oversimplify cognition and limit ecological validity.; Circuit-behavior correlations need causal perturbation or strong model comparison before mechanistic claims are secure.; Imaging conclusions can depend on acquisition, preprocessing, and model specification.",10.1002/CNE.920200303,69bfe36cfb01ca345a13afa222e8907a2151a354,https://doi.org/10.1002/CNE.920200303,,http://publikationen.ub.uni-frankfurt.de/files/11445/E001734650.pdf,,paper,unknown,cerebral,"The subject of anomalies of the cerebral arteries among the insane has received considerable attention in the past, especially noteworthy being the article by Bullen in the Journal of Mental Science, volume 36, 1890,1 but unfortunately comparative statis~ tics are meagre. In 1907 I made a study of the conditions of development of the encephalic arteries in 220 consecutive cases of mental diseases, making a comparison with the studies of Windle2 in 200 cases of those presumably sane. The results of this com~ parison seemed to show a decided predominance, in general, of anomalous conditions among the mentally diseased. 8 In the study above mentioned, being chiefly conce,rned with the anomalies of the circle of Willis, sufficiently careful studies of other arteries were not made, and as a result, the anomalous vessel which forms the subj ect of this paper was not as frequently found as subsequent observations show is probably the fact. This artery is found of course among the sane as well as the insane. My studies, however, are based upon the examination of 400 consecutive cases of mental disease examined with special reference to this vessel. In all of the text books of anatomy at my comI"
19,1910,A STUDY OF THE DEMENTIA PRÆCOX GROUP IN THE LIGHT OF CERTAIN CASES SHOWING ANOMALIES OR SCLEROSES IN PARTICULAR BRAIN-REGIONS,Unknown authors,Unknown venue,1910-07-01,11,0,58.13,Clinical NeuroAI and Brain Disorders,brain-structure;clinical-neuroai,Positions A STUDY OF THE DEMENTIA PRÆCOX GROUP IN THE LIGHT OF CERTAIN CASES SHOWING ANOMALIES OR SCLEROSES IN PARTICULAR BRAIN-REGIONS within Clinical Neurology and Neurodegeneration.,high citation signal (11); open-access PDF metadata; brain-structure signal,"Clinical cohorts vary by disease stage, comorbidity, treatment history, and follow-up.; Models can learn site or demographic artifacts instead of disease mechanisms.; Imaging conclusions can depend on acquisition, preprocessing, and model specification.",10.1176/AJP.67.1.119,c0e06f5927018cd8cc27a3354499bb97ad2f5d72,https://doi.org/10.1176/AJP.67.1.119,,https://zenodo.org/records/2401560/files/article.pdf,,paper,unknown,brain; brain/neural structure in title,
20,1910,"ON THE RELATION OF THE CATALYTIC ACTIVITY OF THE BLOOD TO THE NUMBER OF RED BLOOD CELLS IN HEALTH, AND TO THE NUMBER OF WHITE BLOOD CELLS AND THE BODY TEMPERATURE IN PERITONITIS","M. Winternitz, J. P. Pratt",Journal of Experimental Medicine,1910-01-01,11,0,54.93,"Cellular, Synaptic, and Neuromorphic Foundations",brain-structure,The catalytic activity of the blood of normal rabbits varies almost directly with the volume and number of red blood cells.,high citation signal (11); open-access PDF metadata; brain-structure signal,"Cellular mechanisms rarely scale directly into whole-brain behavior or modern AI architectures.; Animal and ex vivo findings require careful translation to human cognition and deployed systems.; Imaging conclusions can depend on acquisition, preprocessing, and model specification.",10.1084/jem.12.1.1,5ca8ae1a6e98e45f832f7982b67fd796354a039c,https://doi.org/10.1084/jem.12.1.1,,https://europepmc.org/articles/pmc2124759?pdf=render,,JournalArticle,unknown,brain; eeg; meg,"The catalytic activity of the blood of normal rabbits varies almost directly with the volume and number of red blood cells. This explains to a certain extent at least why animals of the same general degree of nutrition, and of the same litter, should have about the same activity since they are likely to have the same number of red blood cells, and why healthy large animals should read high while small poorly nourished ones should read low. Accompanying the hyperpyrexia resulting from puncture of the corpus striatum of a rabbit's brain, there is no change in either the catalytic activity of the blood or the white blood count. In experimentally produced peritonitis, the catalytic activity of the blood always rises, and is, therefore, absolutely independent of body temperature and white blood cells since one or both of these may rise, fall or remain stationary while the catalytic action increases."
21,1910,A CASE OF OSTEITIS DEFORMANS TERMINATING WITH CEREBRAL SYMPTOMS,R. Hann,British medical journal,1910-01-15,11,0,52.93,General Brain-AI Structure Reviews and Methods,brain-structure,Positions A CASE OF OSTEITIS DEFORMANS TERMINATING WITH CEREBRAL SYMPTOMS within General Brain Science and Reviews.,high citation signal (11); open-access PDF metadata; brain-structure signal,"Reviews and methods can dominate citations while obscuring smaller empirical advances.; Bridge terminology can be ambiguous, especially around neural networks, intelligence, and biological plausibility.; Imaging conclusions can depend on acquisition, preprocessing, and model specification.",10.1136/BMJ.1.2559.135,c7198d13501218e9c72174d7e242a32a7feba26b,https://doi.org/10.1136/BMJ.1.2559.135,,https://europepmc.org/articles/pmc2330795?pdf=render,,JournalArticle,unknown,brain; cerebral,
22,1910,Early stages in the development of the central nervous system of Amblystoma punctatum,Leland Griggs,Unknown venue,1910-10-01,10,0,45.16,General Brain-AI Structure Reviews and Methods,,"Positions Early stages in the development of the central nervous system of Amblystoma punctatum within Brain Development, Plasticity, and Connectomics.",high citation signal (10),"Reviews and methods can dominate citations while obscuring smaller empirical advances.; Bridge terminology can be ambiguous, especially around neural networks, intelligence, and biological plausibility.; Metadata-level ranking should be complemented with full-text expert review before strong claims are made.",10.1002/JMOR.1050210304,ed8ecc1ffb19de0963f448accf6d2887ee91d90a,https://doi.org/10.1002/JMOR.1050210304,,,,paper,unknown,brain,
23,1910,EXPERIMENTS ON THE PATHS TAKEN BY VOLITIONAL IMPULSES PASSING FROM THE CEREBRAL CORTEX TO THE CORD: THE PYRAMIDS AND THE VENTRO-LATERAL DESCENDING TRACTS,E. Schäfer,Unknown venue,1910-01-10,9,0,57.65,General Brain-AI Structure Reviews and Methods,brain-structure,Positions EXPERIMENTS ON THE PATHS TAKEN BY VOLITIONAL IMPULSES PASSING FROM THE CEREBRAL CORTEX TO THE CORD: THE PYRAMIDS AND THE VENTRO-LATERAL DESCENDING TRACTS within General Brain Science and Reviews.,high citation signal (9); open-access PDF metadata; brain-structure signal,"Reviews and methods can dominate citations while obscuring smaller empirical advances.; Bridge terminology can be ambiguous, especially around neural networks, intelligence, and biological plausibility.; Imaging conclusions can depend on acquisition, preprocessing, and model specification.",10.1113/EXPPHYSIOL.1910.SP000077,b913a84825bbdb952df1b6b4cf15d9f1e1b50199,https://doi.org/10.1113/EXPPHYSIOL.1910.SP000077,,https://onlinelibrary.wiley.com/doi/pdfdirect/10.1113/expphysiol.1910.sp000077,,paper,unknown,brain; cerebral; cortex; brain/neural structure in title,
24,1910,CEREBRAL LOCALIZATION FROM THE POINT OF VIEW OF FUNCTION AND SYMPTOMS: With Special Reference to von Monakow's Theory of Diaschisis,M. Prince,Unknown venue,1910-06-01,9,0,46.65,General Brain-AI Structure Reviews and Methods,brain-structure,Positions CEREBRAL LOCALIZATION FROM THE POINT OF VIEW OF FUNCTION AND SYMPTOMS: With Special Reference to von Monakow's Theory of Diaschisis within General Brain Science and Reviews.,high citation signal (9); brain-structure signal,"Reviews and methods can dominate citations while obscuring smaller empirical advances.; Bridge terminology can be ambiguous, especially around neural networks, intelligence, and biological plausibility.; Imaging conclusions can depend on acquisition, preprocessing, and model specification.",10.1097/00005053-191006000-00001,0b79e37c73b3407c564dc3fd5fa89de8cc475484,https://doi.org/10.1097/00005053-191006000-00001,,,,paper,unknown,brain; cerebral,
25,1910,"TETANIC CONVULSIONS IN FROGS PRODUCED BY ACID FUCHSIN, AND THEIR RELATION TO THE PROBLEM OF INHIBITION IN THE CENTRAL NERVOUS SYSTEM","H. Barbour, J. J. Abel",Journal of Pharmacology and Experimental Therapeutics,1910-12-01,9,0,43.45,General Brain-AI Structure Reviews and Methods,,"Positions TETANIC CONVULSIONS IN FROGS PRODUCED BY ACID FUCHSIN, AND THEIR RELATION TO THE PROBLEM OF INHIBITION IN THE CENTRAL NERVOUS SYSTEM within General Brain Science and Reviews.",high citation signal (9),"Reviews and methods can dominate citations while obscuring smaller empirical advances.; Bridge terminology can be ambiguous, especially around neural networks, intelligence, and biological plausibility.; Metadata-level ranking should be complemented with full-text expert review before strong claims are made.",10.1016/s0022-3565(25)03778-4,0b45a20a3cd99b6db041eb2eb4a6c12b6efd3eaf,https://doi.org/10.1016/s0022-3565(25)03778-4,,,,JournalArticle,unknown,brain,
26,1910,THE CENTRAL NERVOUS SYSTEM AS A FACTOR IN THE REGENERATION OF POLYCLAD TURBELLARIA,C. M. Child,Unknown venue,1910-11-01,9,1,46.45,General Brain-AI Structure Reviews and Methods,,Positions THE CENTRAL NERVOUS SYSTEM AS A FACTOR IN THE REGENERATION OF POLYCLAD TURBELLARIA within General Brain Science and Reviews.,high citation signal (9); open-access PDF metadata,"Reviews and methods can dominate citations while obscuring smaller empirical advances.; Bridge terminology can be ambiguous, especially around neural networks, intelligence, and biological plausibility.; Metadata-level ranking should be complemented with full-text expert review before strong claims are made.",10.2307/1535949,85de9fe17f9c355985f4c65a4f60d882042a2dff,https://doi.org/10.2307/1535949,,http://www.journals.uchicago.edu/doi/pdfplus/10.2307/1535949,,paper,unknown,brain,
27,1910,EPIDEMIC POLIOMYELITIS IN MONKEYS: A MODE OF SPONTANEOUS INFECTION,"S. Flexner, P. Lewis",Unknown venue,1910-02-12,9,0,44.45,"Cognitive Architectures, Learning, and Systems Neuroscience",,"In our previous communications 1 on experimental poliomyelitis, we have left entirely undiscussed the manner in which the virus of epidemic poliomyelitis enters and leaves the human body, points which we propose to discuss in the present note.",high citation signal (9); open-access PDF metadata,Task designs can oversimplify cognition and limit ecological validity.; Circuit-behavior correlations need causal perturbation or strong model comparison before mechanistic claims are secure.; Metadata-level ranking should be complemented with full-text expert review before strong claims are made.,10.1001/JAMA.1910.92550330001001L,8381fcae470528879ddbdaf2e0d60169c17dc902,https://doi.org/10.1001/JAMA.1910.92550330001001L,,https://zenodo.org/record/1503147/files/article.pdf,,paper,unknown,Semantic Scholar brain-AI query,"In our previous communications 1 on experimental poliomyelitis, we have left entirely undiscussed the manner in which the virus of epidemic poliomyelitis enters and leaves the human body, points which we propose to discuss in the present note. Our studies having supplied the basic fact of the nature of the virus, 2 it became possible to attack the question of the mode of transmission of the spontaneous disease. That epidemic poliomyelitis is an infectious disease has long been suspected, but that it is also a highly contagious one is far less generally admitted. And yet the studies on its epidemiology by Wickman 3 lend considerable support to the latter view. In the first place, we wish to draw attention to the frequently observed fact that in point of distribution epidemic poliomyelitis resembles epidemic cerebrospinal meningitis. The two diseases, indeed, present, in this respect, such close similarities that they have often been confounded with"
28,1910,ANATOMICAL FINDINGS IN SENILE DEMENTIA: A DIAGNOSTIC STUDY BEARING ESPECIALLY ON THE GROUP OF CEREBRAL ATROPHIES,E. Southard,Unknown venue,1910-04-01,8,0,52.15,Clinical NeuroAI and Brain Disorders,brain-structure;neural-signals;clinical-neuroai,"al clinics have been reviewed clinically and anatomically, with a surprisingly low general percentage of accuracy (66 per cent) where either cerebral atrophy or cortical arteriosclerosis or both were regarded as confirmatory, and with still lower percentages: (48 per cent) where cortical arteriosclerosis was considered essential and (38 per cent) where cerebral atrophy was considered essential for a correct diagnosis.",high citation signal (8); open-access PDF metadata; brain-structure signal,"Clinical cohorts vary by disease stage, comorbidity, treatment history, and follow-up.; Models can learn site or demographic artifacts instead of disease mechanisms.; Imaging conclusions can depend on acquisition, preprocessing, and model specification.",10.1176/AJP.66.4.673,87be2bcdf35aa554251834e3098c2333569868a2,https://doi.org/10.1176/AJP.66.4.673,,https://zenodo.org/record/1504191/files/article.pdf,,Review,unknown,cerebral; cortical; ecog,"1. Forty-two cases unanimously diagnosed ""senile dementia"" at the Danvers Hospital clinics have been reviewed clinically and anatomically, with a surprisingly low general percentage of accuracy (66 per cent) where either cerebral atrophy or cortical arteriosclerosis or both were regarded as confirmatory, and with still lower percentages: (48 per cent) where cortical arteriosclerosis was considered essential and (38 per cent) where cerebral atrophy was considered essential for a correct diagnosis. 2. The 14 cases which showed neither cerebral atrophy nor cortical arteriosclerosis (with obvious damage to the cortical tissues) are cases which probably should not have been termed senile dementia, and perhaps more properly belong in a group of acute psychoses or other mental diseases occurring in old age but not dependent on recognizable senile changes. 3. Of the residuum, it is clear that cases in which cerebral atrophy and cortical arteriosclerosis are combined are not suitable for exact study, and attention..."
29,1910,Syphilis and Its Treatment,M. Simons,Texas medical journal,1910-09-01,8,0,48.35,"Cognitive Architectures, Learning, and Systems Neuroscience",brain-structure;connectome;neural-signals;clinical-neuroai,s and Selections. Syphilis and Its Treatment.,high citation signal (8); brain-structure signal,"Task designs can oversimplify cognition and limit ecological validity.; Circuit-behavior correlations need causal perturbation or strong model comparison before mechanistic claims are secure.; Imaging conclusions can depend on acquisition, preprocessing, and model specification.",,5d16c42f1afec263d25c2c5fba1b8003164e3d6b,https://www.semanticscholar.org/paper/5d16c42f1afec263d25c2c5fba1b8003164e3d6b,,,,JournalArticle,unknown,brain; ecog,"s and Selections. Syphilis and Its Treatment. It is not the intention of this article to make a study of syphilis, but to discuss it briefly, with the view of arousing more active interest in the management of a disease wrhich causes so much suf­ fering and disfigurement and adds so largely to the annual total of our sick days. As might be expected with the increase in population and the overcrowding of cities, the venereal diseases, as well as tuber­ culosis, are increasing. According to reports published in the med­ ical papers, syphilis is increasing in European countries also. There are fewer soft ulcers, in proportion, and more of the hard. On my last cruise, which covered pretty thoroughly both coasts of the United States and South America, the conclusion was forced upon me that constitutional infection followed more frequently than formerly soft sores and abrasions; these would partly heal and then induration of the base and constitutional symptoms would follow. Tn 1494 the disease became epidemic in parts of Spain and, fol­ lowing the arrival of a Spanish army in Italy, it became prevalent to a frightful extent there among all classes, and spread to other countries. The Spanish called it the ""American disease,"" claim­ ing that their soldiers contracted it from the aborigenes of the West Indies, and it was called also the ""French disease"" and laid to the French soldiers in Italy. Other diseases marked by erup­ tions and ulcerations have long been confused with syphilis, and the diagnosis has been so uncertain tliat it is impossible to deter­ mine when and where the disease arose. It is said that the Mexi­ cans and Peruvians recognized the disease and had separate burial rites for those dying of it; also that the Peruvian name for it was ""Huanti."" It is also stated that the Chinese described, about 4000 B. C., four different diseases which, taken together, form a proper picture of syphilis and that these diseases were treated by the mer­ curial earths and decoction.of seaweed. It is quite certain that syphilis has been common in China for a long period. The Jap­ anese also recognized it early in their history. As the Mongol peoples were in contact with western peoples in Central Asia (Babylon, Persia, Asia Minor) in very ancient times, it is fair to presume that venereal diseases spread from one to the other. It is also suggested, in line with evolution, that the form of treponema causing syphilis and those forms found in other diseases may have been developing their differences slowly, and as these have become more fixed the results of their activity have become more charac­ teristically certain and more pronounced. The outbreak of the disease over so great an extent of territory in 1495 caused the medical men of all nations to concentrate their faculties upon its treatment. In 1495 mercury was announced as a cure; from whom or from whence the knowledge was derived is unknown, but it seems likely that it had long been used by some, and general attention was simply called to this usage. Its over­ use produced such bad effects that medical men soon became divided into mercurialists and anti-mercurialists, but nothing has been found to take its place, and it has gradually assumed the rank of a specific. Thirty-odd years ago erosions of both soft and bony tissues from mercurial poisoning were not at all uncommon. As calomel was the form of drug then used, it has fallen into un­ merited disrepute, and the graduate of the present day hesitates to use the most generally useful of the mercurial preparations. At the clinic of the Presbyterian Hospital in Canton, China, natives would present themselves with cases of the most frightful necrosis of the soft and bony tissues. It was thought by the foreign medi­ cal men that this was caused by the prolonged use of cinnabar, or some other natural mercurial earth. One could readily under­ stand, after seeing these cases, why there was formerly such strong opposition to mercury. But the abuse of a remedy is no argument against its legitimate use. The recognition of mercury as the specific cure has, in my opin­ ion, caused many teachers and practitioners of the day to neglect the study of the effects of the various medicinal forms of mercury. When a case of syphilis presents itself, they apparently think that it is only necessary to saturate the system with the drug, regardless of the form of the remedy used or of the stage of the disease pre­ sented. The protoiodide is recommended by some authors in all stages of the disease and is given in increasing doses until a very large amount is taken during the day. In my own experience it has often been shown to mv satisfaction that the pills and the tab­ lets are sometimes so old and hard that they are not absorbed, but, acting as a local irritant, are expelled from the bowels, and that, when they are absorbed, the iodine eruption frequently complicates and increases that of the disease. In Alaska among the miners who came down from the gold mines were many cases of syphilis; some of these had an eruption resembling syphilitic rupia; all were much emaciated; two or three had symptoms of brain involvement; all had extreme gastro-intestinal irritation. These unfortunates had not had proper food, but peddlers had supplied them plenti­ fully with nostrums warranted to cure syphilis, and they had taken them in large quantities. Analysis has shown that nostrums of this sort contain, as active ingredients, large quantities of potas, iodide and hydrag. chlord. corros., and I am persuaded that the men were suffering more from the effects of overdoses of these drugs than from syphilis. I treated an Indian in Sitka and gave advice to others, which apparently resulted in prompt relief, who had what appeared to be syphilitic rupia; he had been taking for months what was labeled ""Hood's Sarsaparilla."" To the taste this appeared to be a strong solution of potas. iodid. The symptoms promptly disappeared after the medicine was stopped and a simple tonic with ammon. mur. given. The physiological action of potas. iodid. is well known and it is such.that the action of the drug should be watched and it should be given in very small doses in the early stages of syphilis. In small doses the tonic effect, as well as the alterative, is well marked. It is also supposed to increase the effect and prevent the retention of mercury in the system. It is the contention of the writer that the iodide of mercury should not be given, or given very sparingly, in the early stages of syphilis; that it is better to use the mild chloride or the metallic form in the ointment, or oleate. Observa­ tion shows that about one-eighth of a grain of calomel will be ab­ sorbed in six hours, and that its -absorption is rendered more cer­ tain by trituration with sugar of milk; when the amount taken is absorbed,. there is little danger of irritation of the digestive tract. This quantity can be given thrice daily for three or four days be­ fore there are signs of mercurialization. When these appear, it should be stopped and small doses of potas. iodid., not over three grains, in a bitter tonic with ammonium muriate should be given until all signs of mercurial poisoning have disappeared; then two days of rest should be allowed; then the calomel repeated, followed by the iodide as before. After the primary ulcer and first eruption have disappeared the old mixed treatment-potas. iodid., not over five grains, and hydrag. chlor, corros., not over one-eighth of a grain, with ammon. chloride and a bitter tonic-should be given, but this should be stopped once a month and a short course of the mild chloride given as above. The history of many cases, some of whom have since come under my observation, has convinced me of the good results of this method of handling. There is no claim to originality in this. It has the weight of sanction of many syphilographers. The method is cleanly and attracts no attention to the patient. It has been my experience with two or three patients whom I remember, and there may have been others, that calomel can be taken for two or three months without intermission and with the most beneficial results. Again it has occasionally happened that it can not be taken at all in sufficient quantities to affect the disease, and then the soluble or insoluble salts may be used hypo­ dermically. The objection to this method is the pain, the forma­ tion of a scar or an abscess, and the occurrence of embolism of the lung; but it is frequently a very convenient method and followed only by the best results. Inunction with mercurial ointment or the oleate is especially useful in obstinate skin and glandular in­ volvement. Mercurial vapor baths also are often of the greatest value. Whatever the method of medication used it is my firm opinion that the proper results of treatment can not be obtained unless the patients, abstain from alcohol and tobacco; also from anything which their experience has shown them will cause indigestion. For this reason it has long been my custom to cut off not only the two articles mentioned above, but also coffee, tea, pastry and the other articles generally bought from the bum-boat. Though one can not always enforce these rules, a thorough explanation of the reasons will cause many patients to comply with them cheerfully. It is also necessary during the administration of mercury and potas. iodid, to cause thorough emptying of the intestinal canal once a week, at least, with, preferably, the vegetable cathartics. There is another point on which opinions differ and that is when constitutional treatment should begin. The majority of practi­ tioners wait for constitutional symptoms to appear, claiming that both patient and physician should be positive of the presence of syphilis before beginning treatment. While the writer appreciates this view, it seems to him to be founded on mistaken ideas and to be altogether objectionable. The saturation of the syst"
30,1910,THE ACTION OF DRUGS UPON THE CEREBRAL VESSELS,"W. E. Dixon, W. D. Halliburton",Unknown venue,1910-01-10,8,0,47.75,General Brain-AI Structure Reviews and Methods,brain-structure,Positions THE ACTION OF DRUGS UPON THE CEREBRAL VESSELS within General Brain Science and Reviews.,high citation signal (8); open-access PDF metadata; brain-structure signal,"Reviews and methods can dominate citations while obscuring smaller empirical advances.; Bridge terminology can be ambiguous, especially around neural networks, intelligence, and biological plausibility.; Imaging conclusions can depend on acquisition, preprocessing, and model specification.",10.1113/EXPPHYSIOL.1910.SP000075,0ab9d617082f8aea07f54234e6c2d7491cbbb63a,https://doi.org/10.1113/EXPPHYSIOL.1910.SP000075,,https://physoc.onlinelibrary.wiley.com/doi/pdf/10.1113/expphysiol.1910.sp000075,,paper,unknown,brain; cerebral,
31,1910,Severe sepsis following tonsil operations: With a case of death from sepsis following tonsillectomy; a case of cerebral thrombo-sinusitis following tonsillotomy; a case of gangrene of muscles of the neck following tonsillectomy.,L. W. Dean,Unknown venue,1910-07-01,7,0,42.63,General Brain-AI Structure Reviews and Methods,brain-structure,Positions Severe sepsis following tonsil operations: With a case of death from sepsis following tonsillectomy; a case of cerebral thrombo-sinusitis following tonsillotomy; a case of gangrene of muscles of the neck following tonsillectomy. within General Brain Science and Reviews.,high citation signal (7); brain-structure signal,"Reviews and methods can dominate citations while obscuring smaller empirical advances.; Bridge terminology can be ambiguous, especially around neural networks, intelligence, and biological plausibility.; Imaging conclusions can depend on acquisition, preprocessing, and model specification.",10.1288/00005537-191007000-00004,05e824d40a348b5cfefaf803648abfee3d8a30f8,https://doi.org/10.1288/00005537-191007000-00004,,,,paper,unknown,brain; cerebral,
32,1910,CEREBROSPINAL FLUID OF ANOMALOUS CHARACTER IN A CASE OF INTRASPINAL TUMOR,C. Cooper,Unknown venue,1910-12-31,7,0,39.43,Clinical NeuroAI and Brain Disorders,,Positions CEREBROSPINAL FLUID OF ANOMALOUS CHARACTER IN A CASE OF INTRASPINAL TUMOR within General Brain Science and Reviews.,high citation signal (7),"Clinical cohorts vary by disease stage, comorbidity, treatment history, and follow-up.; Models can learn site or demographic artifacts instead of disease mechanisms.; Metadata-level ranking should be complemented with full-text expert review before strong claims are made.",10.1001/JAMA.1910.04330270020011,76f64ef1f71952d1ccbe7c6174ca8e5d4be4e157,https://doi.org/10.1001/JAMA.1910.04330270020011,,,,paper,unknown,brain,
33,1910,THE CATALYTIC ACTIVITY OF THE DEVELOPING HEN'S EGG,"M. Winternitz, W. B. Rogers",Journal of Experimental Medicine,1910-01-01,7,0,43.63,General Brain-AI Structure Reviews and Methods,brain-structure,A. The catalytic activity of the tissues of newly born and adult rabbits.,high citation signal (7); open-access PDF metadata; brain-structure signal,"Reviews and methods can dominate citations while obscuring smaller empirical advances.; Bridge terminology can be ambiguous, especially around neural networks, intelligence, and biological plausibility.; Imaging conclusions can depend on acquisition, preprocessing, and model specification.",10.1084/JEM.12.1.12,a3a41ddf177aaf519d5f52e9516ab8ce751312fd,https://doi.org/10.1084/JEM.12.1.12,,https://rupress.org/jem/article-pdf/12/1/12/1392475/12.pdf,,JournalArticle,unknown,brain,"A. The catalytic activity of the tissues of newly born and adult rabbits. 1. There is practically no difference between the catalytic power of the blood, brain or muscle of newly born and adult rabbits. 2. The kidneys and lungs are less active in the newly born, but increase rapidly during the first days of life. 3. The liver is more active in the newly born than in the adult rabbit. B. The catalytic activity of the developing hen's egg. 1. The entire fresh egg has a slight but definite catalytic power which remains practically constant even though the egg be kept for several months at room temperature. 2. The separate parts of the egg, germinal center, yolk and white have practically no activity when tested individually. 3. The entire unfertilized egg shows no catalytic activity even after incubation at 38° C. for twenty-one days. 4. The germinal portion of the incubated fertilized egg rapidly acquires the power of decomposing hydrogen peroxide, while the yolk and white together or separately show no such increase, nor is there any activity to be found in the amniotic fluid. 5. It seems, therefore, that the catalytic power of the developing egg is formed from the contents of the egg which themselves show little action, by the developing germinal portion, independent of all external influences except heat (38° C.) and air."
34,1910,A cast of the ventricles of the human brain,R. W. Harvey,Unknown venue,1910-10-01,6,0,47.23,General Brain-AI Structure Reviews and Methods,brain-structure,Positions A cast of the ventricles of the human brain within General Brain Science and Reviews.,high citation signal (6); open-access PDF metadata; brain-structure signal,"Reviews and methods can dominate citations while obscuring smaller empirical advances.; Bridge terminology can be ambiguous, especially around neural networks, intelligence, and biological plausibility.; Imaging conclusions can depend on acquisition, preprocessing, and model specification.",10.1002/AR.1090041003,f10175dddd61044f506ff5a998f08ded284b7328,https://doi.org/10.1002/AR.1090041003,,https://zenodo.org/record/2404177/files/article.pdf,,paper,unknown,brain; brain/neural structure in title,
35,1910,ABSTRACT OF THE Fourth William Mitchell Banks Memorial Lecture ON RECENT OBSERVATIONS ON TUMOURS OF THE BRAIN AND THEIR SURGICAL TREATMENT.,H. Cushing,Unknown venue,1910-01-08,6,0,44.23,General Brain-AI Structure Reviews and Methods,brain-structure,Positions ABSTRACT OF THE Fourth William Mitchell Banks Memorial Lecture ON RECENT OBSERVATIONS ON TUMOURS OF THE BRAIN AND THEIR SURGICAL TREATMENT. within General Brain Science and Reviews.,high citation signal (6); brain-structure signal,"Reviews and methods can dominate citations while obscuring smaller empirical advances.; Bridge terminology can be ambiguous, especially around neural networks, intelligence, and biological plausibility.; Imaging conclusions can depend on acquisition, preprocessing, and model specification.",10.1016/S0140-6736(01)74707-1,f0c732427712fee1eb6e128ac53c1dbe1342afb6,https://doi.org/10.1016/S0140-6736(01)74707-1,,,,paper,unknown,brain; brain/neural structure in title,
36,1910,"Preliminary note upon the cell lamination of the cerebral cortex of echidna, with an enumeration of the fibres in the cranial nerves",E. Schuster,Unknown venue,1910-01-14,5,0,48.45,"Cellular, Synaptic, and Neuromorphic Foundations",brain-structure,"Positions Preliminary note upon the cell lamination of the cerebral cortex of echidna, with an enumeration of the fibres in the cranial nerves within General Brain Science and Reviews.",high citation signal (5); open-access PDF metadata; brain-structure signal,"Cellular mechanisms rarely scale directly into whole-brain behavior or modern AI architectures.; Animal and ex vivo findings require careful translation to human cognition and deployed systems.; Imaging conclusions can depend on acquisition, preprocessing, and model specification.",10.1098/RSPB.1910.0003,3cc7e1a362953605c4b827aab0bee6a2d087e703,https://doi.org/10.1098/RSPB.1910.0003,,http://rspb.royalsocietypublishing.org/content/82/553/113.full.pdf,,paper,unknown,brain; cerebral; cortex; brain/neural structure in title,
37,1910,THE QUESTION OF THE SIDE AFFECTED IN HEMIPLEGIA AND IN ARTERIAL LESIONS OF THE BRAIN,Ernest R. Jones,Unknown venue,1910-04-01,5,0,41.45,General Brain-AI Structure Reviews and Methods,brain-structure,Positions THE QUESTION OF THE SIDE AFFECTED IN HEMIPLEGIA AND IN ARTERIAL LESIONS OF THE BRAIN within General Brain Science and Reviews.,high citation signal (5); brain-structure signal,"Reviews and methods can dominate citations while obscuring smaller empirical advances.; Bridge terminology can be ambiguous, especially around neural networks, intelligence, and biological plausibility.; Imaging conclusions can depend on acquisition, preprocessing, and model specification.",10.1093/OXFORDJOURNALS.QJMED.A069246,1a551025741249da73bfdda11f7742a2ed38461f,https://doi.org/10.1093/OXFORDJOURNALS.QJMED.A069246,,,,paper,unknown,brain; brain/neural structure in title,
38,1910,STUDIES IN THE REFLEXES OF THE GUINEA-PIG. III.: THE EFFECT OF REMOVAL OF THE CORTEX OF ONE CEREBRAL HEMISPHERE,T. Brown,Unknown venue,1910-01-07,4,0,42.17,General Brain-AI Structure Reviews and Methods,brain-structure,Positions STUDIES IN THE REFLEXES OF THE GUINEA-PIG. III.: THE EFFECT OF REMOVAL OF THE CORTEX OF ONE CEREBRAL HEMISPHERE within General Brain Science and Reviews.,high citation signal (4); brain-structure signal,"Reviews and methods can dominate citations while obscuring smaller empirical advances.; Bridge terminology can be ambiguous, especially around neural networks, intelligence, and biological plausibility.; Imaging conclusions can depend on acquisition, preprocessing, and model specification.",10.1113/EXPPHYSIOL.1910.SP000061,843f937271d434e13ec7d506777a9c612af6078f,https://doi.org/10.1113/EXPPHYSIOL.1910.SP000061,,,,paper,unknown,brain; cerebral; cortex; brain/neural structure in title,
39,1910,DEAFNESS DUE TO LESIONS IN THE BRAIN,M. Starr,Unknown venue,1910-07-01,4,0,41.17,General Brain-AI Structure Reviews and Methods,brain-structure,Positions DEAFNESS DUE TO LESIONS IN THE BRAIN within General Brain Science and Reviews.,high citation signal (4); open-access PDF metadata; brain-structure signal,"Reviews and methods can dominate citations while obscuring smaller empirical advances.; Bridge terminology can be ambiguous, especially around neural networks, intelligence, and biological plausibility.; Imaging conclusions can depend on acquisition, preprocessing, and model specification.",10.1097/00005053-191007000-00001,48d10d81780411438307ea0036d80f5afc44cef4,https://doi.org/10.1097/00005053-191007000-00001,,https://zenodo.org/record/2441720/files/article.pdf,,paper,unknown,brain; brain/neural structure in title,
40,1910,"MULTIPLE SCLEROSIS WITH PRIMARY DEGENERATION OF THE MOTOR COLUMNS AND HYPOPLASIA, PRINCIPALLY OF THE BRAIN STEM","T. H. Weisenburg, S. D. Ingham",Unknown venue,1910-11-01,4,0,41.17,General Brain-AI Structure Reviews and Methods,brain-structure,"Positions MULTIPLE SCLEROSIS WITH PRIMARY DEGENERATION OF THE MOTOR COLUMNS AND HYPOPLASIA, PRINCIPALLY OF THE BRAIN STEM within Clinical Neurology and Neurodegeneration.",high citation signal (4); open-access PDF metadata; brain-structure signal,"Reviews and methods can dominate citations while obscuring smaller empirical advances.; Bridge terminology can be ambiguous, especially around neural networks, intelligence, and biological plausibility.; Imaging conclusions can depend on acquisition, preprocessing, and model specification.",10.1097/00005053-191011000-00002,edfbbd9386db1d472db0072d43994b77a702ada9,https://doi.org/10.1097/00005053-191011000-00002,,https://zenodo.org/record/1564305/files/article.pdf,,paper,unknown,brain; brain/neural structure in title,
41,1910,THE DISTRIBUTION OF ANTIBODIES AND THEIR FORMATION BY THE BLOOD,"L. Hektoen, A. J. Carlson",Unknown venue,1910-01-08,4,0,33.97,General Brain-AI Structure Reviews and Methods,,In the following we give a brief summary of the principal results that we have obtained from a study of the distribution of antibodies in the body fluids of dogs and of their formation by the blood.,high citation signal (4); open-access PDF metadata,"Reviews and methods can dominate citations while obscuring smaller empirical advances.; Bridge terminology can be ambiguous, especially around neural networks, intelligence, and biological plausibility.; Metadata-level ranking should be complemented with full-text expert review before strong claims are made.",10.1001/JAMA.1910.92550280001001R,f2a326fdb2e4581af39ad7865632ea8035cd6b95,https://doi.org/10.1001/JAMA.1910.92550280001001R,,https://zenodo.org/records/1503037/files/article.pdf,,paper,unknown,brain,"In the following we give a brief summary of the principal results that we have obtained from a study of the distribution of antibodies in the body fluids of dogs and of their formation by the blood. The complete article will be published later. In active immunization of dogs by a single intravenous injection of goat blood the lysin, agglutinin and opsonin for goat corpuscles reach their highest concentration in the blood. They are uniformly slightly less concentrated in the thoracic lymph and the neck lymph, while in the cerebrospinal fluid and aqueous humor only traces of the lysin and the opsonin can be detected at the height of immunity. In dogs similarly immunized with rat blood the opsonin and agglutinin in the blood and lymphs describe parallel curves, the concentration being greatest in the blood. In the cerebrospinal fluid opsonin only is present, and, while the concentration is much lower than"
42,1910,"On the Structure, Development, and Morphological Interpretation of the Pineal Organs and Adjacent Parts of the Brain in the Tuatara (Sphenodon punctatus)",A. Dendy,Unknown venue,1910-09-22,3,0,38.15,"Electrophysiology, Neural Signals, and AI Decoding",brain-structure,"Positions On the Structure, Development, and Morphological Interpretation of the Pineal Organs and Adjacent Parts of the Brain in the Tuatara (Sphenodon punctatus) within EEG, MEG, and Electrophysiology.",high citation signal (3); brain-structure signal,"Signal artifacts, montage choices, source localization, and session drift can dominate apparent model performance.; Temporal precision does not automatically imply anatomical specificity.; Imaging conclusions can depend on acquisition, preprocessing, and model specification.",10.1098/RSPB.1910.0058,406cb68827a34de42827ad8e0a64a2f51f58c4d5,https://doi.org/10.1098/RSPB.1910.0058,,,,paper,unknown,brain; eeg; meg; brain/neural structure in title,
43,1910,"A CASE OF RETROGRADE PUBERTY, IMPOTENCE AND DIABETES INSIPIDUS, RELIEVED BY SUPRARENAL CORTEX",W. Belfield,Unknown venue,1910-07-16,3,0,36.15,General Brain-AI Structure Reviews and Methods,brain-structure,"Positions A CASE OF RETROGRADE PUBERTY, IMPOTENCE AND DIABETES INSIPIDUS, RELIEVED BY SUPRARENAL CORTEX within General Brain Science and Reviews.",high citation signal (3); brain-structure signal,"Reviews and methods can dominate citations while obscuring smaller empirical advances.; Bridge terminology can be ambiguous, especially around neural networks, intelligence, and biological plausibility.; Imaging conclusions can depend on acquisition, preprocessing, and model specification.",10.1001/JAMA.1910.04330030037012,7372f34210af8c08345f5dc2084f9ca60bd8216c,https://doi.org/10.1001/JAMA.1910.04330030037012,,,,paper,unknown,brain; cortex; brain/neural structure in title,
44,1910,"Examination of the Brain of a Man who Lived Seven Hours after Receiving a Shock of 20,000 volts. 1","F. Mott, E. Schuster",Proceedings of the Royal Society of Medicine,1910-03-01,3,0,37.15,General Brain-AI Structure Reviews and Methods,brain-structure,"Positions Examination of the Brain of a Man who Lived Seven Hours after Receiving a Shock of 20,000 volts. 1 within General Brain Science and Reviews.",high citation signal (3); open-access PDF metadata; brain-structure signal,"Reviews and methods can dominate citations while obscuring smaller empirical advances.; Bridge terminology can be ambiguous, especially around neural networks, intelligence, and biological plausibility.; Imaging conclusions can depend on acquisition, preprocessing, and model specification.",10.1177/003591571000301216,7dff84f1bc63823186f3f86b0896880b394f1e38,https://doi.org/10.1177/003591571000301216,,https://doi.org/10.1177/003591571000301216,,JournalArticle,unknown,brain; brain/neural structure in title,
45,1910,XXXIV. Operative Procedure for Brain Abscess of Otitic Origin,L. W. Dean,Unknown venue,1910-09-01,3,0,34.15,General Brain-AI Structure Reviews and Methods,brain-structure,Positions XXXIV. Operative Procedure for Brain Abscess of Otitic Origin within General Brain Science and Reviews.,high citation signal (3); brain-structure signal,"Reviews and methods can dominate citations while obscuring smaller empirical advances.; Bridge terminology can be ambiguous, especially around neural networks, intelligence, and biological plausibility.; Imaging conclusions can depend on acquisition, preprocessing, and model specification.",10.1177/000348941001900302,8284612da228b495c030b250219171662536e2e3,https://doi.org/10.1177/000348941001900302,,,,JournalArticle; Review,unknown,brain; brain/neural structure in title,
46,1910,THE INFLUENCE OF VARIOUS ORGANS ON THE CATALYTIC ACTIVITY OF THE BLOOD,"M. Winternitz, J. P. Pratt",Journal of Experimental Medicine,1910-03-14,3,0,36.35,Clinical NeuroAI and Brain Disorders,brain-structure;clinical-neuroai,The object of this work has been to study the influence which various organs exert on the catalytic activity of the blood.,high citation signal (3); open-access PDF metadata; brain-structure signal,"Clinical cohorts vary by disease stage, comorbidity, treatment history, and follow-up.; Models can learn site or demographic artifacts instead of disease mechanisms.; Imaging conclusions can depend on acquisition, preprocessing, and model specification.",10.1084/jem.12.2.115,0bd00d881835a2fe894558decfa898182002b036,https://doi.org/10.1084/jem.12.2.115,,https://rupress.org/jem/article-pdf/12/2/115/1083151/115.pdf,,JournalArticle,unknown,brain; eeg; meg,"The object of this work has been to study the influence which various organs exert on the catalytic activity of the blood. This has seemed essential since the knowledge thereby gained will assist materially in interpreting the results obtained by the clinical application of the test. L i t e r a t u r e .-T h e only researches we have been able to find concerning the effect of removal of various organs on catalase are the isolated ones of Battelli and Stern. 2 After bilateral nephrectomy, they found that there was no change in the catalase of the tissues at death. They also poisoned guinea-pigs and rats with phosphorous with the purpose of producing fatty degeneration of the liver and retarding the function of that organ. They found that there was no change in the catalase of the tissues of animals that had died acutely, but in those animals where the liver had undergone a fatty change, the liver showed a marked reduction in its catalytic activity, while the other tissues, blood, kidney, spleen, muscle, brain, and lung all showed an increased activity. They found the same augmentation, though to a much less degree, in the other tissues of the frog after extirpation of the liver. On the basis of this work they concluded that catalase is not formed in a single organ, but that it is produced by various tissues which have the power of supporting each other in preserving the high catalytic activity of the body; that it does not play an essential r61e in the special function of one tissue, but that it fulfills a general function in which all the organs are interested. While we have been unable to confirm the isolated findings of Battelli and Stern concerning the catalase of the blood and other *Received for publication November 29, 19o9."
47,1910,"Plasma-Cells and the Reactive Phenomena in Cerebral Cysticercus [Sulle Plasmacellule e sui Fenomeni Reattivi nella Cisticercosi Cerebrale]. (Riv. di Patol. Nerv. e Ment., vol. xiv, fasc. viii.) Papadia, G.",Hamilton C. Marr,Unknown venue,1910-07-01,3,0,30.15,"Cellular, Synaptic, and Neuromorphic Foundations",brain-structure,"Positions Plasma-Cells and the Reactive Phenomena in Cerebral Cysticercus [Sulle Plasmacellule e sui Fenomeni Reattivi nella Cisticercosi Cerebrale]. (Riv. di Patol. Nerv. e Ment., vol. xiv, fasc. viii.) Papadia, G. within General Brain Science and Reviews.",high citation signal (3); brain-structure signal,"Cellular mechanisms rarely scale directly into whole-brain behavior or modern AI architectures.; Animal and ex vivo findings require careful translation to human cognition and deployed systems.; Imaging conclusions can depend on acquisition, preprocessing, and model specification.",10.1192/BJP.56.234.542-A,0a8389f60330e3089a8a783adbbe267f6228cbd3,https://doi.org/10.1192/BJP.56.234.542-A,,,,paper,unknown,brain; cerebral,
48,1910,EXOPHTHALMOS IN BRAIN TUMOR: WITH REPORT OF EIGHT CASES,T. H. Weisenburg,Unknown venue,1910-12-03,2,0,28.98,Clinical NeuroAI and Brain Disorders,brain-structure,Positions EXOPHTHALMOS IN BRAIN TUMOR: WITH REPORT OF EIGHT CASES within Clinical Neurology and Neurodegeneration.,high citation signal (2); brain-structure signal,"Clinical cohorts vary by disease stage, comorbidity, treatment history, and follow-up.; Models can learn site or demographic artifacts instead of disease mechanisms.; Imaging conclusions can depend on acquisition, preprocessing, and model specification.",10.1001/JAMA.1910.04330230015005,e6c30adc73b792d0ef140e59c76872d7e3f8c909,https://doi.org/10.1001/JAMA.1910.04330230015005,,,,paper,unknown,brain; brain/neural structure in title,
49,1910,The Material Fundamentals and the Prognosis of the Accident Neurosis Following Brain Shock (Commotion Neurosis),M. Friedmann,Unknown venue,1910-04-01,2,0,33.18,Clinical NeuroAI and Brain Disorders,brain-structure;clinical-neuroai,Positions The Material Fundamentals and the Prognosis of the Accident Neurosis Following Brain Shock (Commotion Neurosis) within General Brain Science and Reviews.,high citation signal (2); open-access PDF metadata; brain-structure signal,"Clinical cohorts vary by disease stage, comorbidity, treatment history, and follow-up.; Models can learn site or demographic artifacts instead of disease mechanisms.; Imaging conclusions can depend on acquisition, preprocessing, and model specification.",10.1055/S-0028-1142706,7f4c38fd731c7064fae3560a1b7c5127d932b540,https://doi.org/10.1055/S-0028-1142706,,https://zenodo.org/record/1553262/files/article.pdf,,paper,unknown,brain; brain/neural structure in title,
50,1910,"The Significance of Transient Cerebral Crises and Seizures, as Occurring in Arterio-Sclerotics",James D. Heard,Edinburgh medical journal,1910-11-01,2,0,29.38,Clinical NeuroAI and Brain Disorders,brain-structure;neural-signals;clinical-neuroai,"In a number of affections, as uraemia, progressive paralysis, and arterio-sclerosis, there may occur cerebral manifestations of an apoplectiform or epileptiform type which are of a transitory nature.",high citation signal (2); brain-structure signal,"Clinical cohorts vary by disease stage, comorbidity, treatment history, and follow-up.; Models can learn site or demographic artifacts instead of disease mechanisms.; Imaging conclusions can depend on acquisition, preprocessing, and model specification.",,8f84912cbbba661bb01b24ceb601922bec4982b4,https://www.semanticscholar.org/paper/8f84912cbbba661bb01b24ceb601922bec4982b4,,,,paper,unknown,brain; cerebral; ecog,"In a number of affections, as uraemia, progressive paralysis, and arterio-sclerosis, there may occur cerebral manifestations of an apoplectiform or epileptiform type which are of a transitory nature. They come and go, not necessarily followed by any evidence of permanent structural damage to the brain. However, after several such attacks, at times indubitable signs and symptoms of haemorrhage or softening may manifest themselves. This fact has long been recognised by the laity, and these seizures have been regarded by them as warnings of an impending "" stroke."" The object of this communication is a consideration of these"
51,1910,How can the process underlying membrane formation cause the development of the egg?,J. Loeb,Unknown venue,1910-04-01,2,0,27.98,General Brain-AI Structure Reviews and Methods,brain-structure,In a series of previous papers it was shown that the process underlying the formation of the fertilization membrane is the essential act in the causation of development.,high citation signal (2); open-access PDF metadata; brain-structure signal,"Reviews and methods can dominate citations while obscuring smaller empirical advances.; Bridge terminology can be ambiguous, especially around neural networks, intelligence, and biological plausibility.; Imaging conclusions can depend on acquisition, preprocessing, and model specification.",10.3181/00379727-7-75,c4357c8938cbf5b5ecfab0a84544394f9bba632c,https://doi.org/10.3181/00379727-7-75,,https://zenodo.org/record/1558320/files/article.pdf,,JournalArticle,unknown,brain; cortical,"In a series of previous papers it was shown that the process underlying the formation of the fertilization membrane is the essential act in the causation of development. It was further shown that this process is essentially a cytolysis or liquefaction of the superficial (cortical) layer of the cytoplasm of the egg. The question arose, how can this cytolysis or liquefaction cause the egg to develop. It seemed natural to think first of the possibility that the superficial cytolysis rendered the egg more permeable for substances required for its development. The possibility that fertilization might increase the permeability of the egg had been considered by me in 1906 (Biochem. Zeit., 1906, ii, 87). I had found that a pure solution of sodium chloride is practically harmless for the unfertilized, but very toxic for the fertilized egg. Since lack of oxygen is likewise harmless for the unfertilized and very harmful for the fertilized egg, I was inclined to ascribe the difference in the toxic effect of sodium chloride to a difference in the velocity of chemical reactions and not to a difference in the permeability of the fertilized and unfertilized egg. I have recently resumed the investigation of this question with regard to the action of salts, alkalis and acids."
52,1910,"OBSERVATIONS ON A CASE OF PROTRACTED CEREBROSPINAL SYPHILIS WITH STRIKING INTERMITTENCY OF SYMPTOMS: ATTEMPT AT CORRELATION WITH ASCENDING MENINGOMYELITIS, CRANIAL NEURITIS, SUBCORTICAL ENCEPHALITIS, AND FOCAL ENCEPHALOMALACIA FOUND AT AUTOPSY","J. Putnam, E. Southard",Unknown venue,1910-03-01,2,0,24.98,General Brain-AI Structure Reviews and Methods,brain-structure,"Positions OBSERVATIONS ON A CASE OF PROTRACTED CEREBROSPINAL SYPHILIS WITH STRIKING INTERMITTENCY OF SYMPTOMS: ATTEMPT AT CORRELATION WITH ASCENDING MENINGOMYELITIS, CRANIAL NEURITIS, SUBCORTICAL ENCEPHALITIS, AND FOCAL ENCEPHALOMALACIA FOUND AT AUTOPSY within General Brain Science and Reviews.",high citation signal (2); brain-structure signal,"Reviews and methods can dominate citations while obscuring smaller empirical advances.; Bridge terminology can be ambiguous, especially around neural networks, intelligence, and biological plausibility.; Imaging conclusions can depend on acquisition, preprocessing, and model specification.",10.1097/00005053-191003000-00001,a7d78f55dd628b39acd0b8a45cd6a51205dafc4d,https://doi.org/10.1097/00005053-191003000-00001,,,,paper,unknown,brain; cortical,
53,1910,THREE CASES OF TUMOR IN THE CERE-BELLO-PONTILE ANGLE,J. Grinker,Unknown venue,1910-12-03,2,0,27.98,Clinical NeuroAI and Brain Disorders,brain-structure,"Since the subject of tumor of the brain has ceased to have a mere academic interest, and has become the coveted point of attack of every progressive surgeon, reports of well-observed cases have become regular topics for discussion in neurologic and surgical gatherings.",high citation signal (2); open-access PDF metadata; brain-structure signal,"Clinical cohorts vary by disease stage, comorbidity, treatment history, and follow-up.; Models can learn site or demographic artifacts instead of disease mechanisms.; Imaging conclusions can depend on acquisition, preprocessing, and model specification.",10.1001/JAMA.1910.04330230019007,0a1a44c21be4e00c5e925e33c2366b68afa3e4a3,https://doi.org/10.1001/JAMA.1910.04330230019007,,https://zenodo.org/record/1502783/files/article.pdf,,paper,unknown,brain; cerebellum,"Since the subject of tumor of the brain has ceased to have a mere academic interest, and has become the coveted point of attack of every progressive surgeon, reports of well-observed cases have become regular topics for discussion in neurologic and surgical gatherings. From the point of view of successful removal. Next to neoplasms situated in the Rolandic area, tumors growing in the angle between cerebellum and pons offer the greatest possibilities for success, and this for two reasons: First, thanks to the labors of modern physiologists and clinicians, the localization of tumors in this region has become comparatively easy; secon, the surgical technic has reached a high degree of perfection."
54,1910,"Über zwei weitere Fälle von Kombination cerebraler, gummöser Lues mit progressiver Paralyse nebst Beiträgen zur Frage der ""Lues cerebri diffusa"" und der ""luetischen Encephalitis"". pp. 36-53","E. Sträussler, Priv.-Doz.",Unknown venue,1910-07-01,2,0,24.98,General Brain-AI Structure Reviews and Methods,brain-structure,"Positions Über zwei weitere Fälle von Kombination cerebraler, gummöser Lues mit progressiver Paralyse nebst Beiträgen zur Frage der ""Lues cerebri diffusa"" und der ""luetischen Encephalitis"". pp. 36-53 within General Brain Science and Reviews.",high citation signal (2); brain-structure signal,"Reviews and methods can dominate citations while obscuring smaller empirical advances.; Bridge terminology can be ambiguous, especially around neural networks, intelligence, and biological plausibility.; Imaging conclusions can depend on acquisition, preprocessing, and model specification.",10.1159/000203494,231a33984c82d00c37d9f448d3e17aed42d91c73,https://doi.org/10.1159/000203494,,,,paper,unknown,brain; cerebral,
55,1910,A Case of Tumor of the Medulla Oblongata.,"L. Newmark, M. Lennon",California state journal of medicine,1910-05-01,2,0,21.78,Clinical NeuroAI and Brain Disorders,,Positions A Case of Tumor of the Medulla Oblongata. within General Brain Science and Reviews.,high citation signal (2),"Clinical cohorts vary by disease stage, comorbidity, treatment history, and follow-up.; Models can learn site or demographic artifacts instead of disease mechanisms.; Metadata-level ranking should be complemented with full-text expert review before strong claims are made.",,b8b1d72b58b951786eb1187197542aa7c843d20d,https://www.semanticscholar.org/paper/b8b1d72b58b951786eb1187197542aa7c843d20d,,,,JournalArticle,unknown,brain,
56,1910,THE INFLUENCE OF MAGNESIUM SULPHATE ON THE MOTOR CELLS OF THE CEREBRAL CORTEX,"H. F. Hyndman, W. E. Mitchener",Unknown venue,1910-07-23,1,0,28.68,"Cellular, Synaptic, and Neuromorphic Foundations",brain-structure,Positions THE INFLUENCE OF MAGNESIUM SULPHATE ON THE MOTOR CELLS OF THE CEREBRAL CORTEX within General Brain Science and Reviews.,high citation signal (1); open-access PDF metadata; brain-structure signal,"Cellular mechanisms rarely scale directly into whole-brain behavior or modern AI architectures.; Animal and ex vivo findings require careful translation to human cognition and deployed systems.; Imaging conclusions can depend on acquisition, preprocessing, and model specification.",10.1001/JAMA.1910.04330040017004,564db6e501916bc5e2d871094324aa73e1a8937c,https://doi.org/10.1001/JAMA.1910.04330040017004,,https://www.biodiversitylibrary.org/part/386495,,paper,unknown,brain; cerebral; cortex; brain/neural structure in title,
57,1910,CONCUSSION OF THE BRAIN,A. Allen,Unknown venue,1910-03-01,1,0,26.68,General Brain-AI Structure Reviews and Methods,brain-structure,In this day and generation a justification is desirable when a single case is reported.,high citation signal (1); open-access PDF metadata; brain-structure signal,"Reviews and methods can dominate citations while obscuring smaller empirical advances.; Bridge terminology can be ambiguous, especially around neural networks, intelligence, and biological plausibility.; Imaging conclusions can depend on acquisition, preprocessing, and model specification.",10.1001/JAMA.1910.04330110045018,7ef0147dd4e9d4413d9cafe8c9b16fb545ff7915,https://doi.org/10.1001/JAMA.1910.04330110045018,,https://zenodo.org/records/1502501/files/article.pdf,,paper,unknown,brain; cerebral; brain/neural structure in title,"In this day and generation a justification is desirable when a single case is reported. This is particularly in order when the case is one of cerebral concussion. Nevertheless, on account of the extraordinary symptom-complex and course of the case in question, I offer no apology for its presentation. History.- August 6, 1910, E. D., male, aged 6½ weight 49 pounds, in robust health, fell while running on the porch, striking the left side of his head. The time of the accident was about 4 p. m. Judging from the position of the echymosis, which was very slight, the point of impact must have been about 4 cm. above and 2 cm. behind the external canthus of the left eye. I saw the child within ten minutes of the accident. The nurse said that after he fell he got upon his feet immediately, crying lustily. He was very pale, and"
58,1910,4. THE RELATION OF BRAIN PHOSPHATIDS TO TISSUE METABOLITES,"W. Koch, A. Williams",Journal of Pharmacology and Experimental Therapeutics,1910-12-01,1,0,21.68,General Brain-AI Structure Reviews and Methods,brain-structure,Positions 4. THE RELATION OF BRAIN PHOSPHATIDS TO TISSUE METABOLITES within General Brain Science and Reviews.,high citation signal (1); brain-structure signal,"Reviews and methods can dominate citations while obscuring smaller empirical advances.; Bridge terminology can be ambiguous, especially around neural networks, intelligence, and biological plausibility.; Imaging conclusions can depend on acquisition, preprocessing, and model specification.",10.1016/s0022-3565(25)03785-1,740ce56b19790c2ab7177b29b77d172f172aee80,https://doi.org/10.1016/s0022-3565(25)03785-1,,,,JournalArticle,unknown,brain; brain/neural structure in title,
59,1910,"Arterial Spasm in the Brain, Associated with Transient and Permanent Paralysis","G. A. Allan, G. H. Wilson",Glasgow medical journal,1910-07-01,1,0,21.68,General Brain-AI Structure Reviews and Methods,brain-structure,"Positions Arterial Spasm in the Brain, Associated with Transient and Permanent Paralysis within General Brain Science and Reviews.",high citation signal (1); brain-structure signal,"Reviews and methods can dominate citations while obscuring smaller empirical advances.; Bridge terminology can be ambiguous, especially around neural networks, intelligence, and biological plausibility.; Imaging conclusions can depend on acquisition, preprocessing, and model specification.",,d72dac8ca9f9eb7d0bca83b21e92911652282eec,https://www.semanticscholar.org/paper/d72dac8ca9f9eb7d0bca83b21e92911652282eec,,,,JournalArticle,unknown,brain; brain/neural structure in title,
60,1910,"BRAIN TUMOR OF PSYCHOMOTOR AREA: CAUSING JACKSONIAN AND GENERALIZED CONVULSIONS, VISUAL HALLUCINATIONS, SOMATIC DELUSIONS, ASTEREOGNOSIS AND HEMIPLEGIC PARALYSIS. OPERATION. RECOVERY, MENTAL AND PHYSICAL","F. W. Langdon, S. Kramer",Unknown venue,1910-12-03,1,0,24.68,Clinical NeuroAI and Brain Disorders,brain-structure,"NEUROLOGIC REPORT BY DR. LANGDON The case here reported presents no unusual features pertaining to the growth itself, its localization, the operative procedures or the recovery therefrom.",high citation signal (1); open-access PDF metadata; brain-structure signal,"Clinical cohorts vary by disease stage, comorbidity, treatment history, and follow-up.; Models can learn site or demographic artifacts instead of disease mechanisms.; Imaging conclusions can depend on acquisition, preprocessing, and model specification.",10.1001/JAMA.1910.04330230018006,0ed111dc936c723015fcf4ade72c8efe69f9cb53,https://doi.org/10.1001/JAMA.1910.04330230018006,,https://zenodo.org/records/1502781/files/article.pdf,,paper,unknown,brain; brain/neural structure in title,"NEUROLOGIC REPORT BY DR. LANGDON The case here reported presents no unusual features pertaining to the growth itself, its localization, the operative procedures or the recovery therefrom. In fact, it may fairly be classed as commonplace in those respects. It had been considered worthy of record, however, by reason of its peculiar symptom-complex, combining marked psychic as well as somatic disturbances; the practical absence of those important ""general"" symptoms; headache, vomiting, vertigo and papilledema; and the small amount of functional defect remaining at this date (March 16, 1910) four months after operation. History.- Nov. 5, 1909, Dr. R. B. Hannah, 1 of Georgetown, Ohio, asked me to see a woman who had been developing some mental symptoms for a few weeks. It was also stated that preceding these evidences of insanity there had been some convulsive attacks, local and general. The development of the abnormal mental state, however, appeared to"
61,1910,LXV. A Case of Brain Abscess with Rare Ocular Symptoms,C. Barck,Unknown venue,1910-12-01,1,0,21.68,General Brain-AI Structure Reviews and Methods,brain-structure,Positions LXV. A Case of Brain Abscess with Rare Ocular Symptoms within General Brain Science and Reviews.,high citation signal (1); brain-structure signal,"Reviews and methods can dominate citations while obscuring smaller empirical advances.; Bridge terminology can be ambiguous, especially around neural networks, intelligence, and biological plausibility.; Imaging conclusions can depend on acquisition, preprocessing, and model specification.",10.1177/000348941001900412,9f595bcbe1a4ce9ad03def2d2a0bd3d7f6da637a,https://doi.org/10.1177/000348941001900412,,,,JournalArticle,unknown,brain; brain/neural structure in title,
62,1910,"The Influence of the Brain on the Development and Function of the Male Sexual Organs [L'influenza del cervello sullo sviluppo e sulla funzione degli organi sessuali maschili]. (Riv. Sper. di Freniat., voi. xxxiv, fase. 2-4.) Ceni, C.",J. H. Macdonald,Unknown venue,1910-04-01,1,0,21.68,General Brain-AI Structure Reviews and Methods,brain-structure,"Positions The Influence of the Brain on the Development and Function of the Male Sexual Organs [L'influenza del cervello sullo sviluppo e sulla funzione degli organi sessuali maschili]. (Riv. Sper. di Freniat., voi. xxxiv, fase. 2-4.) Ceni, C. within Brain Development, Plasticity, and Connectomics.",high citation signal (1); brain-structure signal,"Reviews and methods can dominate citations while obscuring smaller empirical advances.; Bridge terminology can be ambiguous, especially around neural networks, intelligence, and biological plausibility.; Imaging conclusions can depend on acquisition, preprocessing, and model specification.",10.1192/BJP.56.233.350,75859b164140d7e83e76a1ebd2c0654efa5978f0,https://doi.org/10.1192/BJP.56.233.350,,,,paper,unknown,brain; brain/neural structure in title,
63,1910,"XVIII. Report of Two Cases of Brain Abscess in the Frontal Lobe, Secondary to Ethmoiditis and Frontal Sinusitis",John F. Mccoy,Unknown venue,1910-06-01,1,0,21.68,General Brain-AI Structure Reviews and Methods,brain-structure,"Positions XVIII. Report of Two Cases of Brain Abscess in the Frontal Lobe, Secondary to Ethmoiditis and Frontal Sinusitis within General Brain Science and Reviews.",high citation signal (1); brain-structure signal,"Reviews and methods can dominate citations while obscuring smaller empirical advances.; Bridge terminology can be ambiguous, especially around neural networks, intelligence, and biological plausibility.; Imaging conclusions can depend on acquisition, preprocessing, and model specification.",10.1177/000348941001900202,32f02fbf1c532d526f85d517ec7c03c672d56da3,https://doi.org/10.1177/000348941001900202,,,,JournalArticle,unknown,brain; brain/neural structure in title,
64,1910,A method of isolating the cerebro-medullary circulation,A. Eisenbrey,Unknown venue,1910-04-01,1,0,22.68,"Electrophysiology, Neural Signals, and AI Decoding",brain-structure,"In a recent study by Dr. R. M. Pearce and myself of the mechanism of certain experimental conditions of low blood pressure, the following difficulties were encountered: 1.",high citation signal (1); open-access PDF metadata; brain-structure signal,"Signal artifacts, montage choices, source localization, and session drift can dominate apparent model performance.; Temporal precision does not automatically imply anatomical specificity.; Imaging conclusions can depend on acquisition, preprocessing, and model specification.",10.3181/00379727-7-72,b1b735e078ff4850392f0bb9c5db9e1a29835097,https://doi.org/10.3181/00379727-7-72,,https://zenodo.org/records/2311213/files/article.pdf,,JournalArticle,unknown,cerebral; eeg; meg,"In a recent study by Dr. R. M. Pearce and myself of the mechanism of certain experimental conditions of low blood pressure, the following difficulties were encountered: 1. When substances that have been shown by special experiments to exert a selective peripheral action are injected into the circulation of an intact animal, the results frequently point to some additional central action that tends to mask or to neutralize to some extent the usual peripheral action. 2. Substances that have an essentially central action may sometimes produce results to be explained only on the basis of an added peripheral influence. 3. In experiments accompanied by a condition of extreme low blood pressure it is often difficult to know whether to ascribe these final results directly to the primary assault on the central or peripheral mechanism respectively, or to the additional secondary effects produced by the cerebral anemia that is the concomitant of the lowered systemic blood pressure. It is evident, therefore, that a knowledge of the extent and importance of the part played primarily by the central and peripheral mechanisms respectively, and by the central mechanism secondarily, in the production of any given result, is necessary for the interpretation of the mode of action of the substance used."
65,1910,A PRELIMINARY REPORT UPON THE TREATMENT OF THE SPASTICITY OF CEREBRAL DIPLEGIA BY SECTION OF THE POSTERIOR SPINAL NERVE ROOTS,"L. P. Clark, A. S. Taylor",Unknown venue,1910-02-01,1,0,17.68,General Brain-AI Structure Reviews and Methods,brain-structure,Positions A PRELIMINARY REPORT UPON THE TREATMENT OF THE SPASTICITY OF CEREBRAL DIPLEGIA BY SECTION OF THE POSTERIOR SPINAL NERVE ROOTS within General Brain Science and Reviews.,high citation signal (1); brain-structure signal,"Reviews and methods can dominate citations while obscuring smaller empirical advances.; Bridge terminology can be ambiguous, especially around neural networks, intelligence, and biological plausibility.; Imaging conclusions can depend on acquisition, preprocessing, and model specification.",10.1097/00005053-191002000-00009,c03feaa617b48a88067e8c2ebf65ea9f2bb16e44,https://doi.org/10.1097/00005053-191002000-00009,,,,paper,unknown,brain; cerebral,
66,1910,Case of Cerebral Hemorrhage in the Newborn; Delivered by Operation,"F. T. Murphy, J. R. Torbert",Unknown venue,1910-05-12,1,0,20.68,General Brain-AI Structure Reviews and Methods,brain-structure,"Positions Case of Cerebral Hemorrhage in the Newborn; Delivered by Operation within Cerebrovascular, Metabolism, and Brain Injury.",high citation signal (1); open-access PDF metadata; brain-structure signal,"Reviews and methods can dominate citations while obscuring smaller empirical advances.; Bridge terminology can be ambiguous, especially around neural networks, intelligence, and biological plausibility.; Imaging conclusions can depend on acquisition, preprocessing, and model specification.",10.1056/NEJM191005121621906,f4e5db003a042656e7269254c6a33d8372238d58,https://doi.org/10.1056/NEJM191005121621906,,https://zenodo.org/records/2305258/files/article.pdf,,paper,unknown,brain; cerebral,
67,1910,Diuretics,G. L. Servoss,Texas medical journal,1910-12-01,1,0,17.68,General Brain-AI Structure Reviews and Methods,brain-structure,"Thiazides (eg, bendroflumethiazide, hydrochlorothiazide and the thiazide-like diuretic indapamide) are used mainly in low dose in the treatment of hypertension but also, in the case of metolazone, in combination with loop diuretics to treat severe heart failure.",high citation signal (1); brain-structure signal,"Reviews and methods can dominate citations while obscuring smaller empirical advances.; Bridge terminology can be ambiguous, especially around neural networks, intelligence, and biological plausibility.; Imaging conclusions can depend on acquisition, preprocessing, and model specification.",10.2165/00128415-199304420-00033,d353fc5175ed96d86a60f23534b2b54cbc5302da,https://doi.org/10.2165/00128415-199304420-00033,,,,JournalArticle,unknown,brain; cerebral,"Thiazides (eg, bendroflumethiazide, hydrochlorothiazide and the thiazide-like diuretic indapamide) are used mainly in low dose in the treatment of hypertension but also, in the case of metolazone, in combination with loop diuretics to treat severe heart failure. Loop diuretics (eg, furosemide, bumetanide, torasemide) are widely used for the symptomatic treatment of heart failure and fluid retention in chronic kidney disease [1] . Potassium-sparing diuretics (eg, amiloride, triamterene) are weak diuretics, whereas spironolactone and eplerenone are used in the treatment of hypertension, for oedema of liver failure and in heart failure. NB: spironolactone and eplerenone are also called aldosterone antagonists. Osmotic diuretics (mannitol) are used in a hospital setting for the treatment of cerebral oedema. Carbonic anhydrase inhibitors (acetazolamide) are used for the prophylaxis of mountain sickness (unlicensed indication) and glaucoma."
68,1910,ENCAPSULATED CEREBRAL ABSCESS,J. Macewen,Unknown venue,1910-06-04,1,0,17.68,General Brain-AI Structure Reviews and Methods,brain-structure,Positions ENCAPSULATED CEREBRAL ABSCESS within General Brain Science and Reviews.,high citation signal (1); brain-structure signal,"Reviews and methods can dominate citations while obscuring smaller empirical advances.; Bridge terminology can be ambiguous, especially around neural networks, intelligence, and biological plausibility.; Imaging conclusions can depend on acquisition, preprocessing, and model specification.",10.1016/S0140-6736(00)50744-2,b3e95d0e113109619ecaa8d89eb5ec4370653eb9,https://doi.org/10.1016/S0140-6736(00)50744-2,,,,paper,unknown,brain; cerebral,
69,1910,NOTE ON AN INTERESTING CASE OF CEREBRAL TUMOUR.,P. Conran,Unknown venue,1910-04-23,1,0,17.68,General Brain-AI Structure Reviews and Methods,brain-structure,Positions NOTE ON AN INTERESTING CASE OF CEREBRAL TUMOUR. within General Brain Science and Reviews.,high citation signal (1); brain-structure signal,"Reviews and methods can dominate citations while obscuring smaller empirical advances.; Bridge terminology can be ambiguous, especially around neural networks, intelligence, and biological plausibility.; Imaging conclusions can depend on acquisition, preprocessing, and model specification.",10.1016/S0140-6736(01)14189-9,7093cbdb05d8f54e0d432f771f218cb152781f62,https://doi.org/10.1016/S0140-6736(01)14189-9,,,,paper,unknown,brain; cerebral,
70,1910,On the Association Functions of the Cerebrum,S. Franz,Unknown venue,1910-12-08,1,0,16.48,General Brain-AI Structure Reviews and Methods,,Positions On the Association Functions of the Cerebrum within General Brain Science and Reviews.,high citation signal (1),"Reviews and methods can dominate citations while obscuring smaller empirical advances.; Bridge terminology can be ambiguous, especially around neural networks, intelligence, and biological plausibility.; Metadata-level ranking should be complemented with full-text expert review before strong claims are made.",10.2307/2013276,5bf0de9d9b24954c61177e4759bb12c977218f24,https://doi.org/10.2307/2013276,,,,paper,unknown,brain; cerebrum,
71,1910,The Lettsomian Lectures ON THE CEREBELLUM AND ITS AFFECTIONS,J. S. Russell,British medical journal,1910-02-26,1,0,20.68,General Brain-AI Structure Reviews and Methods,brain-structure,Positions The Lettsomian Lectures ON THE CEREBELLUM AND ITS AFFECTIONS within General Brain Science and Reviews.,high citation signal (1); open-access PDF metadata; brain-structure signal,"Reviews and methods can dominate citations while obscuring smaller empirical advances.; Bridge terminology can be ambiguous, especially around neural networks, intelligence, and biological plausibility.; Imaging conclusions can depend on acquisition, preprocessing, and model specification.",10.1136/bmj.1.2565.497,25d27390fbf903f365edc12da9bf3aac59084256,https://doi.org/10.1136/bmj.1.2565.497,,https://europepmc.org/articles/pmc2330631?pdf=render,,JournalArticle,unknown,brain; cerebellum,
72,1910,The Lettsomian Lectures ON THE CEREBELLUM AND ITS AFFECTIONS,J. S. Russell,Unknown venue,1910-02-19,1,0,20.68,General Brain-AI Structure Reviews and Methods,brain-structure,Positions The Lettsomian Lectures ON THE CEREBELLUM AND ITS AFFECTIONS within General Brain Science and Reviews.,high citation signal (1); open-access PDF metadata; brain-structure signal,"Reviews and methods can dominate citations while obscuring smaller empirical advances.; Bridge terminology can be ambiguous, especially around neural networks, intelligence, and biological plausibility.; Imaging conclusions can depend on acquisition, preprocessing, and model specification.",10.1136/bmj.1.2564.425,306b3d06b86cacb5ddb1051481086d968155fbb7,https://doi.org/10.1136/bmj.1.2564.425,,https://europepmc.org/articles/pmc2330477?pdf=render,,paper,unknown,brain; cerebellum,
73,1910,"The relation of the thalamus to respiration, blood pressure and blood supply of the spleen",E. Sachs,Unknown venue,1910-05-01,1,0,16.48,General Brain-AI Structure Reviews and Methods,,"Positions The relation of the thalamus to respiration, blood pressure and blood supply of the spleen within General Brain Science and Reviews.",high citation signal (1),"Reviews and methods can dominate citations while obscuring smaller empirical advances.; Bridge terminology can be ambiguous, especially around neural networks, intelligence, and biological plausibility.; Metadata-level ranking should be complemented with full-text expert review before strong claims are made.",10.3181/00379727-7-106,6e930ed0217bb2d18671162f4758575eb56fc022,https://doi.org/10.3181/00379727-7-106,,,,JournalArticle,unknown,brain; thalamus,
74,1910,"Über progressive cerebrale Diplegie und verwandte Formen, speziell über die juvenile und infantile Varietät der Tay-Sachsschen Krankheit oder der familiären amaurotischen Idiotie",H. Higier,Deutsche Zeitschrift für Nervenheilkunde,1910-09-01,1,0,17.68,General Brain-AI Structure Reviews and Methods,brain-structure,"Positions Über progressive cerebrale Diplegie und verwandte Formen, speziell über die juvenile und infantile Varietät der Tay-Sachsschen Krankheit oder der familiären amaurotischen Idiotie within General Brain Science and Reviews.",high citation signal (1); brain-structure signal,"Reviews and methods can dominate citations while obscuring smaller empirical advances.; Bridge terminology can be ambiguous, especially around neural networks, intelligence, and biological plausibility.; Imaging conclusions can depend on acquisition, preprocessing, and model specification.",10.1007/BF01628428,1c7d32d9c9aba223e309495f562dd43479e7ba41,https://doi.org/10.1007/BF01628428,,,,paper,unknown,brain; cerebral,
75,1910,A CASE OF EPILEPSY WITH MULTIPLE CORTICAL FOCAL SOFTENING,G. Y. Rusk,Unknown venue,1910-02-01,1,0,16.88,Clinical NeuroAI and Brain Disorders,brain-structure;clinical-neuroai,Positions A CASE OF EPILEPSY WITH MULTIPLE CORTICAL FOCAL SOFTENING within Clinical Neurology and Neurodegeneration.,high citation signal (1); brain-structure signal,"Clinical cohorts vary by disease stage, comorbidity, treatment history, and follow-up.; Models can learn site or demographic artifacts instead of disease mechanisms.; Imaging conclusions can depend on acquisition, preprocessing, and model specification.",10.1097/00005053-191002000-00007,dee3f96c0683ddeb50898a61d8c5856229595841,https://doi.org/10.1097/00005053-191002000-00007,,,,paper,unknown,cortical,
76,1910,An examination of Fröhlich's theory of the treppe,"F. S. Lee, E. Harvey",Unknown venue,1910-05-01,1,0,17.48,General Brain-AI Structure Reviews and Methods,,It is commonly believed that during the treppe a muscle possesses a progressively augmented power of performing work.,high citation signal (1); open-access PDF metadata,"Reviews and methods can dominate citations while obscuring smaller empirical advances.; Bridge terminology can be ambiguous, especially around neural networks, intelligence, and biological plausibility.; Metadata-level ranking should be complemented with full-text expert review before strong claims are made.",10.3181/00379727-7-84,e740484f097f87eb9efd99835ef91b74d725f60c,https://doi.org/10.3181/00379727-7-84,,https://zenodo.org/records/1663738/files/article.pdf,,JournalArticle,unknown,brain,"It is commonly believed that during the treppe a muscle possesses a progressively augmented power of performing work. According to Fröhlich, the augmentation is not real but only apparent. He believes that fatigue of the muscle elements begins with the beginning of the series of contractions, and that, from the first, it is manifested by a slowing of relaxation, a diminution in the extent of contraction, and a diminution in irritability. Successive elements of a stimulated muscle contract successively and those first in contraction begin their relaxation before later elements have reached the maximum of shortening. Since the total amount of shortening of the whole muscle represents the algebraic sum of the amounts of shortening of the several elements, with the slowing of relaxation, the total amount of shortening is increased. This more than counterbalances the diminution in the extent of contraction. The treppe is thus a physical expression of delayed vital processes and signifies a diminished, rather than an increased working power. Fröhlich has extended this theory to the augmentation observed in the preliminary stages of the action of cold, asphyxia, carbon dioxide, alcohol and other narcotics on various tissues, in the central nervous system under various conditions, in the current of action of nerves, and even in the production of heat in fevers."
77,1910,Bacterial Invasion of the Blood and the Cerebrospinal Fluid by Way of Mesenteric Lymph Nodes: A Study of Fifty Cases of Mental Disease,"E. Southard, M. M. Canavan",Unknown venue,1910-08-04,1,0,17.48,General Brain-AI Structure Reviews and Methods,,Positions Bacterial Invasion of the Blood and the Cerebrospinal Fluid by Way of Mesenteric Lymph Nodes: A Study of Fifty Cases of Mental Disease within General Brain Science and Reviews.,high citation signal (1); open-access PDF metadata,"Reviews and methods can dominate citations while obscuring smaller empirical advances.; Bridge terminology can be ambiguous, especially around neural networks, intelligence, and biological plausibility.; Metadata-level ranking should be complemented with full-text expert review before strong claims are made.",10.1056/NEJM191008041630508,c231b2b5b820a6618949a3f05fc99db51da8f053,https://doi.org/10.1056/NEJM191008041630508,,https://zenodo.org/record/2111881/files/article.pdf,,paper,unknown,brain,
78,1910,Systematic Histological Examination of the Central Nervous System of a Case of Transverse Lesion of the Spinal Cord in the Lower Cervical Region.,"S. Sewell, H. Turnbull",Proceedings of the Royal Society of Medicine,1910-03-01,1,0,17.48,General Brain-AI Structure Reviews and Methods,,Positions Systematic Histological Examination of the Central Nervous System of a Case of Transverse Lesion of the Spinal Cord in the Lower Cervical Region. within General Brain Science and Reviews.,high citation signal (1); open-access PDF metadata,"Reviews and methods can dominate citations while obscuring smaller empirical advances.; Bridge terminology can be ambiguous, especially around neural networks, intelligence, and biological plausibility.; Metadata-level ranking should be complemented with full-text expert review before strong claims are made.",10.1177/003591571000301206,58ca1d6948aeabe7d21adbeff1157cc32fb0cc42,https://doi.org/10.1177/003591571000301206,,https://doi.org/10.1177/003591571000301206,,JournalArticle; CaseReport,unknown,brain,
79,1910,A demonstration model of the brain-stem,R. W. Harvey,Unknown venue,1910-07-01,0,0,33.2,Computational Neuroscience and Brain-Inspired AI,brain-structure,Positions A demonstration model of the brain-stem within Computational Neuroscience and AI.,high citation signal (0); brain-structure signal,"Model fit does not by itself prove biological mechanism.; Brain-inspired analogies can become too loose unless tied to measurable neural evidence.; Imaging conclusions can depend on acquisition, preprocessing, and model specification.",10.1002/ar.1090040703,566718a28962cc7dcc8d4dbedc2220c9640d9a33,https://doi.org/10.1002/ar.1090040703,,,,paper,unknown,brain; computational neuroscience; brain/neural structure in title; explicit brain-structure/AI bridge,
80,1910,Communications,F. S. Lee,The Journal of African History,1910-11-01,0,0,30.4,Structural Neuroimaging and AI,brain-structure;machine-learning,"mean firing rate to such stimuli. Thus there are four major classes of cells: simple sustained, simple transient, complex sustained and complex transient.",high citation signal (0); explicit AI/modeling signal; brain-structure signal,"Scanner, site, protocol, and preprocessing differences can be learned as shortcuts by AI models.; High predictive accuracy does not guarantee anatomical validity or causal interpretation.; Model performance should be checked for leakage, confounding, calibration, and external validity.",10.1113/jphysiol.1975.sp010830,d02acae1c4924eb452bd09de7d2b8269951cfa4d,https://doi.org/10.1113/jphysiol.1975.sp010830,,,,JournalArticle,unknown,brain; cortical; classification; explicit brain-structure/AI bridge,"mean firing rate to such stimuli. Thus there are four major classes of cells: simple sustained, simple transient, complex sustained and complex transient. The sustained and transient cortical cells were found to differ in their spatio-temporal tuning properties, as do sustained and transient cells lower in the visual pathway. Sustained cells, both simple and complex, are generally tuned to higher spatial frequencies and have a sharp lowfrequency cut, while transient cells, both simple and complex, are tuned to lower spatial frequencies and have a shallow low-frequency cut. On the other hand, sustained cells, both simple and complex, preferred lower temporal frequencies and had a shallow low-frequency cut off, while transient cells, both simple and complex, preferred high temporal frequencies and had a sharp low-frequency cut-off. Our results differ from the view that sustained cells are simple cells while transient cells are complex cells (Maffei & Fiorentini, 1973) since we maintain that simple-complex classification and the sustained-transient classification intersect to produce four major classes of cortical cells."
81,1910,"Conditioned reflexes in dogs from hearing to salivation, training dogs to grasp food from hearing, the influence of conditioned. reflexes to resolve the issue of the existence of auditory centers in the brain",V. Larionov,Neurology Bulletin,1910-11-15,0,0,30.2,"Cognitive Architectures, Learning, and Systems Neuroscience",brain-structure,"In 1908, from the physiological department of the Institute of Experimental Medicine, prof.",high citation signal (0); recognized venue; open-access PDF metadata; brain-structure signal,"Task designs can oversimplify cognition and limit ecological validity.; Circuit-behavior correlations need causal perturbation or strong model comparison before mechanistic claims are secure.; Imaging conclusions can depend on acquisition, preprocessing, and model specification.",10.17816/nb104715,aff71c038f574e0b58f50d78b2ae4cb94b2b305e,https://doi.org/10.17816/nb104715,,https://doi.org/10.17816/nb104715,,paper,unknown,brain; cerebral; cortex; cortical; brain/neural structure in title,"In 1908, from the physiological department of the Institute of Experimental Medicine, prof. I. P. Pavlov, the dissertations of Dr. I.S. center of hearing. Both authors, with the help of conditioned salivary reflexes to sounds and the removal of the auditory centers of the cerebral cortex in dogs, refute the existence of a rock of tone perception, which I established in the temporal regions of the brain of dogs in the dissertation On the cortical centers of hearing, written in 1898 in Military Medical Academy, in the physiological laboratory of the clinic of nervous and mental illnesses of Academician B. M. Bekhterev."
82,1910,A Review of Some Points in Cerebral Physiology with Reference to their Application to Surgery of the Brain.,S. Hyman,California state journal of medicine,1910-11-01,0,0,19.2,General Brain-AI Structure Reviews and Methods,brain-structure,Positions A Review of Some Points in Cerebral Physiology with Reference to their Application to Surgery of the Brain. within General Brain Science and Reviews.,high citation signal (0); synthesis or review value; brain-structure signal,"Reviews and methods can dominate citations while obscuring smaller empirical advances.; Bridge terminology can be ambiguous, especially around neural networks, intelligence, and biological plausibility.; Imaging conclusions can depend on acquisition, preprocessing, and model specification.",,423afa4d1ca6a22598d06c5e7446bc6a1e782759,https://www.semanticscholar.org/paper/423afa4d1ca6a22598d06c5e7446bc6a1e782759,,,,JournalArticle; Review,unknown,brain; cerebral; brain/neural structure in title,
83,1910,About the permanent drainage of the ventricle of the brain with its dropsy,V. Perimov,Neurology Bulletin,1910-01-21,0,0,26.2,"Cellular, Synaptic, and Neuromorphic Foundations",brain-structure,"In many intracranial diseases, it was precisely the symptoms of increased cerebral pressure that forced one to resort to surgical intervention, which gave excellent results: for example, removal of hematomas and ligation of the vessel in case of bleeding from the arteria meningea media or opening of brain abscesses.",high citation signal (0); recognized venue; open-access PDF metadata; brain-structure signal,"Cellular mechanisms rarely scale directly into whole-brain behavior or modern AI architectures.; Animal and ex vivo findings require careful translation to human cognition and deployed systems.; Imaging conclusions can depend on acquisition, preprocessing, and model specification.",10.17816/nb100529,13b6e14b747586c74ae24b561ef4cc09e706fb6a,https://doi.org/10.17816/nb100529,,https://doi.org/10.17816/nb100529,,paper,unknown,brain; cerebral; brain/neural structure in title,"In many intracranial diseases, it was precisely the symptoms of increased cerebral pressure that forced one to resort to surgical intervention, which gave excellent results: for example, removal of hematomas and ligation of the vessel in case of bleeding from the arteria meningea media or opening of brain abscesses. Equally severe symptoms of pressure on the brain can be caused by accumulations of cerebrospinal fluid in the ventricles of the brain, as is observed in cases of acute head dropsy (acutus int.) e.g. in meningitis serosa or tuberculosa, as well as in chronic congenital and secondary internal dropsy of the brain. The thought of surgeons has long been directed in this direction. Back in 1881, Wernicke experimentally proved the usefulness of ventricular puncture in such cases. Bergmann was the first to perform this operation in 1888. Since then, many surgeons with varying happiness have performed this operation."
84,1910,Annotations,Unknown authors,The Hospital,1910-01-29,0,0,12.4,"Cognitive Architectures, Learning, and Systems Neuroscience",brain-structure;neuroimaging,"RESETTLEMENT OF THE DISABLED The proposals of the Tomlinson Committee, more properly known as the Interdepartmental Committee on Rehabilitation, included the scheduling of certain occupations for the benefit of disabled persons and the establishment of a register of such persons.",high citation signal (0); brain-structure signal,"Task designs can oversimplify cognition and limit ecological validity.; Circuit-behavior correlations need causal perturbation or strong model comparison before mechanistic claims are secure.; Imaging conclusions can depend on acquisition, preprocessing, and model specification.",10.1136/bmj.2.4308.143-a,7e7f0900d2f6449ee05a530a6e21a2d0c2f2efc9,https://doi.org/10.1136/bmj.2.4308.143-a,,,,JournalArticle,unknown,brain; historical computation/learning bridge,"RESETTLEMENT OF THE DISABLED The proposals of the Tomlinson Committee, more properly known as the Interdepartmental Committee on Rehabilitation, included the scheduling of certain occupations for the benefit of disabled persons and the establishment of a register of such persons. These expedients are criticized in a memorandum issued by the Central Council for the Care of Cripples. It is contended that such a schedule and register would have most unfortunate effects, particularly in fixing attention on the disability to the exclusion of the rest of the individual. After all, the most important thing about a man who has lost a limb is not the amputated limb but the fact that he is still a man with three limbs intact, together with a brain and other valuable faculties, all in good condition if he has been properly treated while in hospital. Even the functions of his amputated limb, if the stump has been well fitted with an appliance, may have been largely restored. If, therefore, he is to be registered at all, it is misleading to take account only of the anatomical defect and to categorize him on that basis. There is something to be said for the Tomlinson proposals, which were framed to ensure some avenues of employment for the disabled; but obviously everything turns on the interpretation of disablement and on the assessment of the man's abilities apart from it. It is not enough to say that all one-armed men must be considered only for certain occupations. That would have been:-to exclude from his employment a former Minister of Health, not to speak of the greatest of British admirals. (Some other objections to the registration and quota system are put forward in a report presented to the L.C.C. on July 27 by one of its committees, the chief being that the quota system would carry with it the suggestion that disabled persons are a liability to the employer.) The Central Council holds that if there must be a register it should be one of employers who have troubled to study the industrial efficiency of various kinds of handicapped workers and to encourage them. A schedule of reserved occupations for disabled persons would have the disadvantage that such occupations would come to be regarded as the proper objective for employment of such persons without regard to individual capacity or intelligence. The solution of the problem, in the Central Council's view, would be better sought along the following lines: (1) a complete health service as called for under Assumption B of the Beveridge plan; (2) an educational campaign among medical and auxiliary medical personnel and also among employers and even legislators, on the broad principles of the adaptation of medicine in industry; (3) a better service of information so that people may be more readily and expertly advised as to the facilities available for treatment, training, and employment; and (4) the replacement of the present Workmen's Compensation system by a comprehensive health service linked with such arrangements for social security as might be thought appropriate. One direction in which the State itself might give a lead is pointed out in the memorandum-namely, by relaxing the present stringent rules for a health standard on entry to the Civil Service. Those rules were framed largely with superannuation schemes in view, so as to ensure a good expectation of life among the persons accepted, and also a low rate of sickness absenteeism. But in fact, says this memorandum, among any large group of injured persons taken two years after the occurrence of the injury the expectation of life does not differ materially from that of a normal group. As for sickness absenteeism, a large proportion of this is known to be due to minor respiratory infections, dyspepsia, and nervous complaints, to which the disabled as a group are not specially prone. It should be added that the Central Council does not criticize in any wholesale manner the Tomlinson report. Much that the report contains it describes As sound and stimulating, and this in spite of inauspicious beginnings, for it is pointed out that the appointment of the committee was never publicly announced, and only at a late stage was the decision made to publish its report. The committee consisted entirely of members of the Civil Service, and "" the conclusion appears irresistible that it was contemplated that a few civil servants should confer privately among themselves, and out of their own knowledge and experience should produce a scheme for the training and' placement of the disabled."" If that is so, it is all the more gratifying that the report as a whole should find favour among people of great experience in the care of the physically handicapped."
85,1910,Cerebral Tumour Causing Sensory Aphasia; Death by Left-Handed Suicidal Cut-Throat,J. Pirie,Edinburgh medical journal,1910-03-01,0,0,12.4,"Cognitive Architectures, Learning, and Systems Neuroscience",brain-structure;clinical-neuroai,use the clinical notes of the case. His complaint on admission was headache and loss of memory of four weeks' duration.,high citation signal (0); brain-structure signal,"Task designs can oversimplify cognition and limit ecological validity.; Circuit-behavior correlations need causal perturbation or strong model comparison before mechanistic claims are secure.; Imaging conclusions can depend on acquisition, preprocessing, and model specification.",,7078363a72dd112d84da6d3e0c836382b5c026b5,https://www.semanticscholar.org/paper/7078363a72dd112d84da6d3e0c836382b5c026b5,,,,paper,unknown,cerebral; historical computation/learning bridge,"use the clinical notes of the case. His complaint on admission was headache and loss of memory of four weeks' duration. For a fortnight before admission the headaches had not been so bad, but the loss of memory had been more marked. He attributed his troubles to the shock of his wife's death. On examination his intelligence was found to be fairly good, his memory for events also fair, but there was marked difficulty in finding words to use when he attempted to describe anything. He miscalled common articles, or could not remember the"
86,1910,"L. Bruns. Recognition and treatment of brain tumors. -Modern Clinic and Therapy № 3 and 4, 1910",I. D. Baklushinsky,Neurology Bulletin,1910-11-15,0,0,28.6,Clinical NeuroAI and Brain Disorders,brain-structure;neural-signals;clinical-neuroai,"In the treatment of brain tumors, the correct establishment of differentials is especially important.",high citation signal (0); recognized venue; open-access PDF metadata; brain-structure signal,"Clinical cohorts vary by disease stage, comorbidity, treatment history, and follow-up.; Models can learn site or demographic artifacts instead of disease mechanisms.; Imaging conclusions can depend on acquisition, preprocessing, and model specification.",10.17816/nb104734,330132dc9d3e17b92ec4657fc43ce55d4c54aa2e,https://doi.org/10.17816/nb104734,,https://doi.org/10.17816/nb104734,,paper,unknown,brain; ecog; brain/neural structure in title,"In the treatment of brain tumors, the correct establishment of differentials is especially important. and local tumor diagnosis. The author dwells in particular detail on the diagnostic signs of tumors in various parts of the brain. A local diagnosis can sometimes be made with absolute certainty, for example. with tumors in the central gyrus, in the middle and posterior cranial fossa and in the bridge, sometimes it is impossible, for example. with tumors in the right temporal region or frontal (right) lobe. In some cases, the diagnosis is clarified by a trial puncture according to Neisser-Pollak. It is important for the treatment to clarify the properties of the tumor, but unfortunately the clinical picture rarely provides a basis for this."
87,1910,THE TOPOGRAPHIC DIAGNOSIS OF SUBTENTORIAL BRAIN TUMORS,H. Hoppe,Unknown venue,1910-12-03,0,0,16.6,Clinical NeuroAI and Brain Disorders,brain-structure;connectome;clinical-neuroai,"TOPOGRAPHIC DIAGNOSIS The question as to whether or not we shall operate for tumors in this region, and if we operate, whether the operation shall be radical or palliative, can be decided only by an accurate topographic diagnosis.",high citation signal (0); open-access PDF metadata; brain-structure signal,"Clinical cohorts vary by disease stage, comorbidity, treatment history, and follow-up.; Models can learn site or demographic artifacts instead of disease mechanisms.; Imaging conclusions can depend on acquisition, preprocessing, and model specification.",10.1001/JAMA.1910.04330230024008,95a2319c34694d7b2a7c69431b883f88bf8aebcc,https://doi.org/10.1001/JAMA.1910.04330230024008,,https://zenodo.org/record/1502787/files/article.pdf,,paper,unknown,brain; cerebellum; brain/neural structure in title,"TOPOGRAPHIC DIAGNOSIS The question as to whether or not we shall operate for tumors in this region, and if we operate, whether the operation shall be radical or palliative, can be decided only by an accurate topographic diagnosis. The subject of differential topographic diagnosis is therefore of prime importance. Surgical intervention is dangerous, or not, in the cerebellar region in direct ratio to the amount of exploration, handling and bruising to which the cerebellum is subjected. Moreover, if we know, from the location of the growth, that the chief disturbance produced is by an internal hydrocephalus, as in Case 1, the nature of the surgical interference will be different from that which is indicated if the growth itself, by local pressure, is threatening the life of the patient. More accurate topographic diagnosis will not"
88,1910,"(1) The Brain and the Voice in Speech and Song (2) The Abuse of the Singing and Speaking Voice: Causes, Effects, and Treatment (3) The Voice An Introduction to Practical Phonology",J. McKENDRICK,Nature,1910-12-01,0,0,24.2,General Brain-AI Structure Reviews and Methods,brain-structure,THERE are now many manuals dealing with the voice and with the management of the voice and singing.,high citation signal (0); recognized venue; open-access PDF metadata; brain-structure signal,"Reviews and methods can dominate citations while obscuring smaller empirical advances.; Bridge terminology can be ambiguous, especially around neural networks, intelligence, and biological plausibility.; Imaging conclusions can depend on acquisition, preprocessing, and model specification.",10.1038/085199b0,525fb2dfaa471e319960a444d7576aadcf3990af,https://doi.org/10.1038/085199b0,,https://zenodo.org/record/2455623/files/article.pdf,,paper,unknown,brain; brain/neural structure in title,"THERE are now many manuals dealing with the voice and with the management of the voice and singing. These are unequal in value, more especially as regards the description of the anatomy and physiology of the organs of voice and speech, and not unfrequently the writer strongly advocates a view peculiarly his own, and on which he founds his method of training. It is therefore of importance to have a description of the organs concerned in voice and speech from the hand of an experienced physiologist, who is at the same time sympathetic with music and with the arts of speaking and singing. This we have in Dr. Mott's admirable little book (1). Nothing could be better than the description he gives of the whole mechanism, and in language that any intelligent person can understand. In particular, and as one would expect from a distinguished neurologist, Dr. Mott shows the intimate relations of the organs of voice and speech to the brain centres of hearing and of motion, both as regards the delicate movements of the mechanism of voice and of articulation, and as regards posture and other bodily movements. Teachers of the art of voice production, as in singing or in the articulation of words and sentences in public speaking, know little of this side of their subject, and we feel sure that much of Dr. Mott's information will be to them a revelation. A study of his book will in some respects modify their mode of teaching.(1) The Brain and the Voice in Speech and Song.By Prof. F. W. Mott Pp. xi + 112. (London and New York: Harper and Brothers, 1910.) Price 2s. 6d. net.(2) The Abuse of the Singing and Speaking Voice: Causes, Effects, and Treatment.By Prof. E. J. Moure A. Bowyer, Fils. Translated by Macleod Yearsley. Pp. xi + 130. (London: Kegan Paul, Trench, Trübner and Co., Ltd., 1910.) Price 2s. 6d. net.(3) The Voice. An Introduction to Practical Phonology.By Dr. W. A. Aikin. Pp. ix + 159. (London: Longmans, Green and Co., 1910.) Price 7s. 6d. net."
89,1910,A Case in Which the Clinical Symptoms Simulated a Cerebellar Abscess. Brain Explored on Two Occasions. No Abscess Discovered. Recovery,H. Tod,Proceedings of the Royal Society of Medicine,1910-06-01,0,0,13.4,Clinical NeuroAI and Brain Disorders,brain-structure;clinical-neuroai,Positions A Case in Which the Clinical Symptoms Simulated a Cerebellar Abscess. Brain Explored on Two Occasions. No Abscess Discovered. Recovery within Clinical Neurology and Neurodegeneration.,high citation signal (0); open-access PDF metadata; brain-structure signal,"Clinical cohorts vary by disease stage, comorbidity, treatment history, and follow-up.; Models can learn site or demographic artifacts instead of disease mechanisms.; Imaging conclusions can depend on acquisition, preprocessing, and model specification.",10.1177/003591571000301135,5e3cfbe26a3fafe6090a45aeace8a80856d2b970,https://doi.org/10.1177/003591571000301135,,https://journals.sagepub.com/doi/pdf/10.1177/003591571000301135,,JournalArticle,unknown,brain; brain/neural structure in title,
90,1910,A CASE WITH SYMPTOMS OF POLYNEURITIS. DEATH IN TEN DAYS. EXHIBITION OF THE BRAIN,A. Gordon,Unknown venue,1910-09-01,0,0,9.2,General Brain-AI Structure Reviews and Methods,brain-structure,Positions A CASE WITH SYMPTOMS OF POLYNEURITIS. DEATH IN TEN DAYS. EXHIBITION OF THE BRAIN within General Brain Science and Reviews.,high citation signal (0); brain-structure signal,"Reviews and methods can dominate citations while obscuring smaller empirical advances.; Bridge terminology can be ambiguous, especially around neural networks, intelligence, and biological plausibility.; Imaging conclusions can depend on acquisition, preprocessing, and model specification.",10.1097/00005053-191009000-00014,89e203d1b9f9c8bb2f8705e47d04743a2da076b2,https://doi.org/10.1097/00005053-191009000-00014,,,,paper,unknown,brain; brain/neural structure in title,
91,1910,"A note on brain abscess formations, with report of cases",S. MAC CUEN SMITH,Unknown venue,1910-08-01,0,0,12.2,General Brain-AI Structure Reviews and Methods,brain-structure,"Positions A note on brain abscess formations, with report of cases within General Brain Science and Reviews.",high citation signal (0); open-access PDF metadata; brain-structure signal,"Reviews and methods can dominate citations while obscuring smaller empirical advances.; Bridge terminology can be ambiguous, especially around neural networks, intelligence, and biological plausibility.; Imaging conclusions can depend on acquisition, preprocessing, and model specification.",10.1288/00005537-191008000-00006,2ba2b7aadebbdda039c3f69ba24070e872baaf0b,https://doi.org/10.1288/00005537-191008000-00006,,https://zenodo.org/records/1509784/files/article.pdf,,paper,unknown,brain; brain/neural structure in title,
92,1910,Book Review: Abscess of the Brain. (Der Hirnabszess),Unknown authors,Unknown venue,1910-06-01,0,0,17.2,General Brain-AI Structure Reviews and Methods,brain-structure,Positions Book Review: Abscess of the Brain. (Der Hirnabszess) within General Brain Science and Reviews.,high citation signal (0); synthesis or review value; brain-structure signal,"Reviews and methods can dominate citations while obscuring smaller empirical advances.; Bridge terminology can be ambiguous, especially around neural networks, intelligence, and biological plausibility.; Imaging conclusions can depend on acquisition, preprocessing, and model specification.",10.1177/000348941001900226,43d91789e548e899872530230c1a1c685b164cad,https://doi.org/10.1177/000348941001900226,,,,Review,unknown,brain; brain/neural structure in title,
93,1910,Brain Tumor with Exhibit of Two Living Cases,W. Taylor,Atlanta journal-record of medicine,1910-06-01,0,0,9.2,Clinical NeuroAI and Brain Disorders,brain-structure,Positions Brain Tumor with Exhibit of Two Living Cases within Clinical Neurology and Neurodegeneration.,high citation signal (0); brain-structure signal,"Clinical cohorts vary by disease stage, comorbidity, treatment history, and follow-up.; Models can learn site or demographic artifacts instead of disease mechanisms.; Imaging conclusions can depend on acquisition, preprocessing, and model specification.",,9897b8eadc4ebe0dd1fa8bb0876ee7f77bfa92c5,https://www.semanticscholar.org/paper/9897b8eadc4ebe0dd1fa8bb0876ee7f77bfa92c5,,,,JournalArticle,unknown,brain; brain/neural structure in title,
94,1910,Case of Sarcoma of Brain Two Years and Four Months after Operation,J. Hodsdon,Edinburgh medical journal,1910-09-01,0,0,9.2,General Brain-AI Structure Reviews and Methods,brain-structure,His illness began about the middle of Decembei 1907 \vit a su t en attack of giddiness.,high citation signal (0); brain-structure signal,"Reviews and methods can dominate citations while obscuring smaller empirical advances.; Bridge terminology can be ambiguous, especially around neural networks, intelligence, and biological plausibility.; Imaging conclusions can depend on acquisition, preprocessing, and model specification.",,d9846017947f8dc61185a9404b4560f16bb39739,https://www.semanticscholar.org/paper/d9846017947f8dc61185a9404b4560f16bb39739,,,,paper,unknown,brain; brain/neural structure in title,"His illness began about the middle of Decembei 1907 \vit a su t en attack of giddiness. This was followed on the next day by severe frontal headache. The giddiness and headache had persisted practical y every day up to his admission. He noticed his sight was pioQiessi\e y failing, and on several occasions he vomited without feeling nausea, and without relation to food. His sight became so feeble that his doctoi"
95,1910,CENTRAL FLAP IN EXPOSURE OF BRAIN: EXPERIMENTAL STUDY ON MONKEYS,"A. Werelius, J. J. Moorhead",Unknown venue,1910-03-19,0,0,9.2,General Brain-AI Structure Reviews and Methods,brain-structure,Positions CENTRAL FLAP IN EXPOSURE OF BRAIN: EXPERIMENTAL STUDY ON MONKEYS within General Brain Science and Reviews.,high citation signal (0); brain-structure signal,"Reviews and methods can dominate citations while obscuring smaller empirical advances.; Bridge terminology can be ambiguous, especially around neural networks, intelligence, and biological plausibility.; Imaging conclusions can depend on acquisition, preprocessing, and model specification.",10.1001/JAMA.1910.92550380001001G,aa68de628326d1b771cbdd1aa0e1fe7acf077bdc,https://doi.org/10.1001/JAMA.1910.92550380001001G,,,,paper,unknown,brain; brain/neural structure in title,
96,1910,COBWEB BRAIN: A CONTRIBUTION TO THE PATHOLOGY OF IDIOCY,E. Hunt,Unknown venue,1910-09-17,0,0,12.2,General Brain-AI Structure Reviews and Methods,brain-structure,The following case occurred in the service of Dr.,high citation signal (0); open-access PDF metadata; brain-structure signal,"Reviews and methods can dominate citations while obscuring smaller empirical advances.; Bridge terminology can be ambiguous, especially around neural networks, intelligence, and biological plausibility.; Imaging conclusions can depend on acquisition, preprocessing, and model specification.",10.1001/jama.1910.04330120020007,8060fc4a3b3a22dadc8958292ec6cfc67f2c9e9e,https://doi.org/10.1001/jama.1910.04330120020007,,https://zenodo.org/records/1502539/files/article.pdf,,paper,unknown,brain; brain/neural structure in title,"The following case occurred in the service of Dr. Robert Abbe at St. Luke's Hospital, New York City. I was called to see the child in the capacity of acting neurologist. The family were most insistent that something be done to investigate the condition of the child's brain, and therefore urged an exploratory operation. History.- Dorothy C., born Nov. 6, 1906, admitted to St. Luke's Hospital Feb. 27, 1910. The labor began on the morning of November 6; the premonitory symptoms were those of placenta praevia. The delivery, hastened by high forceps, was completed the same afternoon. The child was rendered conscious only after considerable efforts. The examination made at the time of birth showed an extensive cut over the right eye, and on both right and left sides an immense swelling at the back of the top of the head. The one on the right side was the larger."
97,1910,Leslie Paton. Neuritis optica and its relation to brain tumors. A clinical study of optic neuritis in its relationship to intracranial tumours. brain. 1909,V. Likhnitsky,Neurology Bulletin,1910-01-21,0,0,25.4,Clinical NeuroAI and Brain Disorders,brain-structure;clinical-neuroai,"The author cites the results of his observations on 200 patients with brain tumors; in all these cases, the clinical diagnosis was confirmed at autopsy or surgery.",high citation signal (0); recognized venue; open-access PDF metadata; brain-structure signal,"Clinical cohorts vary by disease stage, comorbidity, treatment history, and follow-up.; Models can learn site or demographic artifacts instead of disease mechanisms.; Imaging conclusions can depend on acquisition, preprocessing, and model specification.",10.17816/nb100547,8dfbcd2a8881b85fb7ac8c1c796deadb5c1e8eda,https://doi.org/10.17816/nb100547,,https://doi.org/10.17816/nb100547,,paper,unknown,brain; brain/neural structure in title,"The author cites the results of his observations on 200 patients with brain tumors; in all these cases, the clinical diagnosis was confirmed at autopsy or surgery. The article is provided with 13 tables containing numerical data. The author's conclusions are as follows: Tumors which exert constant pressure on the chiasm or on the nervus opticus cause primary pressure atrophy, without a preceding stage of papillary edema."
98,1910,"N. R. Botvinlka, E. R. Hesse and E. A. Giese. On the issue of recognizing tumors of the cerebral appendage, - Russian Doctor, 1910, № 29",I. D. Baklushinsky,Neurology Bulletin,1910-11-15,0,0,25.4,"Cognitive Architectures, Learning, and Systems Neuroscience",brain-structure;neural-signals,Early recognition of this disease can serve as a sufficient guarantee of the success of its operative detection.,high citation signal (0); recognized venue; open-access PDF metadata; brain-structure signal,"Task designs can oversimplify cognition and limit ecological validity.; Circuit-behavior correlations need causal perturbation or strong model comparison before mechanistic claims are secure.; Imaging conclusions can depend on acquisition, preprocessing, and model specification.",10.17816/nb104727,eaafd271874ff8bd2d17400222d91d0bf0972940,https://doi.org/10.17816/nb104727,,https://doi.org/10.17816/nb104727,,paper,unknown,cerebral; eeg; meg; ecog,"Early recognition of this disease can serve as a sufficient guarantee of the success of its operative detection. Meanwhile, just as here there are no completely reliable signs indicating a tumor of the appendage, the most important sign is hemianopsia bitemporalis, loss of visual acuity, etc., but all these signs are inconsistent. Even more unstable are disorders from other cranial nerves and changes in the fundus. A very important recognition feature is the expansion of the Turkish saddle and the change in the shape of the parts of the base of the skull adjacent to it, which are established by x-rays. The authors describe two cases of a tumor of the cerebral appendage, diagnosed by them mainly in this last way. Among other signs of this disease, they first noted the absence of reflexes from the Achilles tendons."
99,1910,Note Concerning Brain and Other Visceral Weights in Sixty-Six Subjects Showing Carcinoma and Sarcoma,N. B. Burns,Unknown venue,1910-08-04,0,0,9.2,General Brain-AI Structure Reviews and Methods,brain-structure,Positions Note Concerning Brain and Other Visceral Weights in Sixty-Six Subjects Showing Carcinoma and Sarcoma within General Brain Science and Reviews.,high citation signal (0); brain-structure signal,"Reviews and methods can dominate citations while obscuring smaller empirical advances.; Bridge terminology can be ambiguous, especially around neural networks, intelligence, and biological plausibility.; Imaging conclusions can depend on acquisition, preprocessing, and model specification.",10.1056/NEJM191008041630516,88f6b744eaedc689c69e2071b05541073b3481ae,https://doi.org/10.1056/NEJM191008041630516,,,,paper,unknown,brain; brain/neural structure in title,
100,1910,NOTES ON A CASE OF INFECTION OF THE BASE OF THE BRAIN FROM A CARIOUS TOOTH.,S. Milner,Unknown venue,1910-11-01,0,0,12.2,General Brain-AI Structure Reviews and Methods,brain-structure,Positions NOTES ON A CASE OF INFECTION OF THE BASE OF THE BRAIN FROM A CARIOUS TOOTH. within General Brain Science and Reviews.,high citation signal (0); open-access PDF metadata; brain-structure signal,"Reviews and methods can dominate citations while obscuring smaller empirical advances.; Bridge terminology can be ambiguous, especially around neural networks, intelligence, and biological plausibility.; Imaging conclusions can depend on acquisition, preprocessing, and model specification.",10.1016/S0140-6736(01)08453-7,37a7dd535fbf57b1a08efea4019b8f7cc5533cc9,https://doi.org/10.1016/S0140-6736(01)08453-7,,https://zenodo.org/record/1526246/files/article.pdf,,paper,unknown,brain; brain/neural structure in title,
