rank,year,title,authors,venue,publicationDate,citationCount,influentialCitationCount,importanceScore,category,keywordTags,keyIdea,strengths,limitations,doi,sourceId,url,semanticScholarUrl,openAccessPdf,githubUrl,workType,language,relevanceReason,abstract
1,1957,Modality and topographic properties of single neurons of cat's somatic sensory cortex.,V. Mountcastle,Journal of Neurophysiology,1957-07-01,2335,43,165.01,"Connectomics, Graph Models, and Brain Networks",brain-structure;connectome,"Positions Modality and topographic properties of single neurons of cat's somatic sensory cortex. within Cellular, Molecular, and Synaptic Neuroscience.","high citation signal (2,335); open-access PDF metadata; brain-structure signal","Graph results can depend strongly on parcellation, thresholding, acquisition, and preprocessing choices.; Correlation networks are often interpreted more causally than the evidence supports.; Imaging conclusions can depend on acquisition, preprocessing, and model specification.",10.1152/JN.1957.20.4.408,6ded76b03bd0612974d86a826ce70d2a2b143fb2,https://doi.org/10.1152/JN.1957.20.4.408,,https://journals.physiology.org/doi/pdf/10.1152/jn.1957.20.4.408,,JournalArticle,unknown,brain; cortex; neuron; brain/neural structure in title; historical computation/learning bridge,
2,1957,The Organization of the Cerebral Cortex,J. Kernohan,Unknown venue,1957-07-01,687,12,130.81,General Brain-AI Structure Reviews and Methods,brain-structure,Positions The Organization of the Cerebral Cortex within General Brain Science and Reviews.,high citation signal (687); brain-structure signal,"Reviews and methods can dominate citations while obscuring smaller empirical advances.; Bridge terminology can be ambiguous, especially around neural networks, intelligence, and biological plausibility.; Imaging conclusions can depend on acquisition, preprocessing, and model specification.",10.1093/AJCP/28.1.88A,bccac74301227a676bee994d1f39cdb21fa093ce,https://doi.org/10.1093/AJCP/28.1.88A,,,,paper,unknown,brain; cerebral; cortex; brain/neural structure in title,
3,1957,The organization of the cerebral cortex,P. Bailey,Unknown venue,1957-05-01,361,17,119.25,General Brain-AI Structure Reviews and Methods,brain-structure,Positions The organization of the cerebral cortex within General Brain Science and Reviews.,high citation signal (361); brain-structure signal,"Reviews and methods can dominate citations while obscuring smaller empirical advances.; Bridge terminology can be ambiguous, especially around neural networks, intelligence, and biological plausibility.; Imaging conclusions can depend on acquisition, preprocessing, and model specification.",10.1016/0013-4694(57)90078-0,3a40900c2f580c50ff8f095f86b0ba3e9f1672fc,https://doi.org/10.1016/0013-4694(57)90078-0,,,,paper,unknown,brain; cerebral; cortex; brain/neural structure in title,
4,1957,CLONAL GROWTH IN VITRO OF HUMAN CELLS WITH FIBROBLASTIC MORPHOLOGY,"T. Puck, S. J. Cieciura, H. Fisher",Journal of Experimental Medicine,1957-07-01,324,5,135.51,"Cellular, Synaptic, and Neuromorphic Foundations",brain-structure;neuroimaging,A methodology has been described for reliable cultivation in vitro of dispersed fibroblastic cells obtained from normal human organs.,high citation signal (324); open-access PDF metadata; brain-structure signal,"Cellular mechanisms rarely scale directly into whole-brain behavior or modern AI architectures.; Animal and ex vivo findings require careful translation to human cognition and deployed systems.; Imaging conclusions can depend on acquisition, preprocessing, and model specification.",10.1084/jem.106.1.145,a1532c21b0d78c6352ec47d2603fd4ddb30483b7,https://doi.org/10.1084/jem.106.1.145,,https://rupress.org/jem/article-pdf/106/1/145/1645542/145.pdf,,JournalArticle,unknown,brain; neuromorphic; explicit brain-structure/AI bridge,"A methodology has been described for reliable cultivation in vitro of dispersed fibroblastic cells obtained from normal human organs. The procedure has permitted establishment of stable cell lines from almost every sample taken, among which the following organs were represented: skin, spleen, amnion, lung, liver, bone marrow, brain, muscle, and heart. Equally good growth has been achieved with cells from embryonic or adult tissues. The methods previously developed whereby single cells plated in Petri dishes grow into isolated macroscopic colonies can successfully be applied to the plating of human fibroblastic stocks. Plating efficiencies in the neighborhood of 50 to 60 per cent are readily achieved with such strains. The resulting colonies can be picked and clonal stocks established. Fibroblastic morphology is maintained in the colonies arising from every single cell of such clonal stocks. All of the single cells from epithelioid clonal strains also maintain their integrity throughout repeated subculture. Since the difference between clonal stocks of these two types is always maintained whenever the respective single cells are plated in the same medium, regardless of the previous history of these stocks, it may be concluded that a true genetic difference exists in these cell lines. In addition to the morphological differences between epithelioid and fibroblastic cell strains, the latter have more demanding nutritional requirements for single cell growth. Thus, single cells of fibroblastic lines almost never produce colonies with high efficiency unless the growth medium which is sufficient for epithelioid cells is supplemented with embryo extract, or a cell feeder layer. Fibroblastic cells are also more resistant to tryptic digestion of the bond uniting the cells to glass surfaces. By use of differential media, growth of both fibroblastic and epithelioid cells, respectively, has been obtained, from dispersed single cells obtained by trypsinization of a specimen of human embryonic lung."
5,1957,Electron microscopy of the vascular bed of rat cerebral cortex.,"Edith A. Maynard, Robert L. Schultz, Daniel C. Pease",American Journal of Anatomy,1957-05-01,279,2,114.63,General Brain-AI Structure Reviews and Methods,brain-structure,Positions Electron microscopy of the vascular bed of rat cerebral cortex. within General Brain Science and Reviews.,high citation signal (279); brain-structure signal,"Reviews and methods can dominate citations while obscuring smaller empirical advances.; Bridge terminology can be ambiguous, especially around neural networks, intelligence, and biological plausibility.; Imaging conclusions can depend on acquisition, preprocessing, and model specification.",10.1002/AJA.1001000306,56e0bfa006e64b966478cea358b32708c6887ae2,https://doi.org/10.1002/AJA.1001000306,,,,JournalArticle,unknown,brain; cerebral; cortex; brain/neural structure in title,
6,1957,Electron microscopy of neurons and neuroglia of cerebral cortex and corpus callosum.,"Robert L. Schultz, Edith A. Maynard, Daniel C. Pease",American Journal of Anatomy,1957-05-01,241,3,136.0,"Cellular, Synaptic, and Neuromorphic Foundations",brain-structure,"Positions Electron microscopy of neurons and neuroglia of cerebral cortex and corpus callosum. within Cellular, Molecular, and Synaptic Neuroscience.",high citation signal (241); brain-structure signal,"Cellular mechanisms rarely scale directly into whole-brain behavior or modern AI architectures.; Animal and ex vivo findings require careful translation to human cognition and deployed systems.; Imaging conclusions can depend on acquisition, preprocessing, and model specification.",10.1002/AJA.1001000305,58dcf372e762b0fab70e3e6e7024c7264dc64982,https://doi.org/10.1002/AJA.1001000305,,,,JournalArticle,unknown,cerebral; cortex; neuron; neuromorphic; brain/neural structure in title; explicit brain-structure/AI bridge,
7,1957,The cerebral cortex and the internal organs,"K. Bykov, W. Gantt",Unknown venue,1957,197,0,108.39,General Brain-AI Structure Reviews and Methods,brain-structure,Positions The cerebral cortex and the internal organs within General Brain Science and Reviews.,high citation signal (197); brain-structure signal,"Reviews and methods can dominate citations while obscuring smaller empirical advances.; Bridge terminology can be ambiguous, especially around neural networks, intelligence, and biological plausibility.; Imaging conclusions can depend on acquisition, preprocessing, and model specification.",,b4d78fdc42c6f6d071958f1cf0e375eba7de15a5,https://www.semanticscholar.org/paper/b4d78fdc42c6f6d071958f1cf0e375eba7de15a5,,,,paper,unknown,brain; cerebral; cortex; brain/neural structure in title,
8,1957,Possible interrelationship between release of brain norepinephrine and serotonin by reserpine.,"B. Brodie, J. Olin, R. Kuntzman, P. A. Shore",Science,1957-06-28,168,1,140.74,"Electrophysiology, Neural Signals, and AI Decoding",brain-structure;neural-signals,"Positions Possible interrelationship between release of brain norepinephrine and serotonin by reserpine. within EEG, MEG, and Electrophysiology.",high citation signal (168); recognized venue; brain-structure signal,"Signal artifacts, montage choices, source localization, and session drift can dominate apparent model performance.; Temporal precision does not automatically imply anatomical specificity.; Imaging conclusions can depend on acquisition, preprocessing, and model specification.",10.1126/SCIENCE.125.3261.1293,2d7b1d331a8d72fa8017d268ca93d5dbe40edb5e,https://doi.org/10.1126/SCIENCE.125.3261.1293,,,,JournalArticle,unknown,brain; neural; decoding; brain/neural structure in title; explicit brain-structure/AI bridge,
9,1957,Maintenance of resting membrane potentials in slices of mammalian cerebral cortex and other tissues in vitro,"C. Li, H. Mcilwain",Journal of Physiology,1957-12-03,165,4,108.22,General Brain-AI Structure Reviews and Methods,brain-structure,Positions Maintenance of resting membrane potentials in slices of mammalian cerebral cortex and other tissues in vitro within General Brain Science and Reviews.,high citation signal (165); open-access PDF metadata; brain-structure signal,"Reviews and methods can dominate citations while obscuring smaller empirical advances.; Bridge terminology can be ambiguous, especially around neural networks, intelligence, and biological plausibility.; Imaging conclusions can depend on acquisition, preprocessing, and model specification.",10.1113/jphysiol.1957.sp005885,3a2fe7786b1f45d634ee0a3dfc943b8874e43da4,https://doi.org/10.1113/jphysiol.1957.sp005885,,https://www.ncbi.nlm.nih.gov/pmc/articles/PMC1358723,,JournalArticle,unknown,brain; cerebral; cortex; brain/neural structure in title,
10,1957,Effect of insulin on transport of several hexoses and pentoses into cells of muscle and brain.,"C. R. Park, L. H. Johnson, J. Wright, H. Batsel",American Journal of Physiology,1957-09-30,158,1,124.44,"Cellular, Synaptic, and Neuromorphic Foundations",brain-structure,Positions Effect of insulin on transport of several hexoses and pentoses into cells of muscle and brain. within General Brain Science and Reviews.,high citation signal (158); brain-structure signal,"Cellular mechanisms rarely scale directly into whole-brain behavior or modern AI architectures.; Animal and ex vivo findings require careful translation to human cognition and deployed systems.; Imaging conclusions can depend on acquisition, preprocessing, and model specification.",10.1152/AJPLEGACY.1957.191.1.13,8488e477473825e6258977f792ee311273cfe405,https://doi.org/10.1152/AJPLEGACY.1957.191.1.13,,,,JournalArticle,unknown,brain; neuromorphic; brain/neural structure in title; explicit brain-structure/AI bridge,
11,1957,ROLE OF BRAIN SEROTONIN IN RESERPINE ACTION,"P. A. Shore, A. Pletscher, E. Tomich, A. Carlsson, R. Kuntzman, B. Brodie",Annals of the New York Academy of Sciences,1957-03-01,155,1,139.3,"Electrophysiology, Neural Signals, and AI Decoding",brain-structure;neural-signals,"Positions ROLE OF BRAIN SEROTONIN IN RESERPINE ACTION within EEG, MEG, and Electrophysiology.",high citation signal (155); recognized venue; brain-structure signal,"Signal artifacts, montage choices, source localization, and session drift can dominate apparent model performance.; Temporal precision does not automatically imply anatomical specificity.; Imaging conclusions can depend on acquisition, preprocessing, and model specification.",10.1111/j.1749-6632.1957.tb40751.x,4cc151d8bad48ed2aaf5c0a4b1c295de8a650215,https://doi.org/10.1111/j.1749-6632.1957.tb40751.x,,,,JournalArticle,unknown,brain; neural; decoding; brain/neural structure in title; explicit brain-structure/AI bridge,
12,1957,Infra-Slow Rhythmic Oscillations of The Steady Potential of the Cerebral Cortex,N. A. Aladjalova,Nature,1957-05-11,152,21,140.95,"Electrophysiology, Neural Signals, and AI Decoding",brain-structure;neural-signals,"Positions Infra-Slow Rhythmic Oscillations of The Steady Potential of the Cerebral Cortex within EEG, MEG, and Electrophysiology.",high citation signal (152); recognized venue; brain-structure signal,"Signal artifacts, montage choices, source localization, and session drift can dominate apparent model performance.; Temporal precision does not automatically imply anatomical specificity.; Imaging conclusions can depend on acquisition, preprocessing, and model specification.",10.1038/179957A0,74386ef87ed7f98da2c43b95e38c7568050c4be5,https://doi.org/10.1038/179957A0,,,,JournalArticle,unknown,cerebral; cortex; neural; decoding; brain/neural structure in title; explicit brain-structure/AI bridge,
13,1957,The mental prognosis in hypothyroidism of infancy and childhood; a review of 128 cases.,"David W. E. Smith, R. Blizzard, L. Wilkins",Pediatrics,1957-06-01,149,0,112.59,Clinical NeuroAI and Brain Disorders,brain-structure;clinical-neuroai,A study of 128 children with hypothyroidism is presented.,high citation signal (149); synthesis or review value; brain-structure signal,"Clinical cohorts vary by disease stage, comorbidity, treatment history, and follow-up.; Models can learn site or demographic artifacts instead of disease mechanisms.; Imaging conclusions can depend on acquisition, preprocessing, and model specification.",10.1542/peds.19.6.1011,b1021293126fb684d334a8bff0cc0913cf948534,https://doi.org/10.1542/peds.19.6.1011,,,,JournalArticle; Review,unknown,brain; cerebral; historical computation/learning bridge,"A study of 128 children with hypothyroidism is presented. The mental attainments are evaluated in relation to the severity and age of onset of symptoms, and in relation to the age when adequate therapy was instituted. A summary diagram is provided depicting the duration of hypothyroidism in relation to the mental attainments for adequately treated patients. The best result in severe cretinism, insofar as mental achievement is concerned, is obtained by early adequate therapy. Ten of twenty-two patients in the complete absence of thyroid function treated adequately before 6 months of age, and 12 of 29 patients treated adequately before 12 months of age eventually attained an I.Q. greater than 90. In contrast, none of 50 patients who were inadequately treated, or were treated after 12 months of age, attained such an I.Q. Mild cretinism, with partial thyroid dysfunction, appears to confer partial protection against mental impairment as 13 of 32 such patients attained an I.Q. of 90 or greater even though not treated early. Hypothyroidism acquired after 2 years of age apparently exerts little or no serious, irreversible effect on mental development as 13 of 17 patients with acquired hypothyroidism achieved an I.Q. of 90 or greater. Neurologic sequelae, characterized by spasticity, tremor, and hyperactive deeptendon reflexes, are found frequently in severe cretinism, but not in mild cretinism or acquired hypothyroidism. The severity of neurologic sequelae parallels mental retardation. Early therapy apparently prevents, in part, these sequelae as only 4 of 22 patients with severe cretinism treated adequately in the first 6 months of life had these findings but 22 of 57 patients treated after this age or inadequately treated in the first 6 months, were afflicted with neurologic sequelae. Early, adequate therapy may fail to establish normal mentality in a certain percentage of patients; 12 of 22 patients treated adequately in the first 6 months of life did not attain an intelligence quotient of 90 or greater. These patients apparently incurred such severe damage to the brain in utero that normal cerebral function could never be established. This surmise is supported by data presented showing a correlation of the severity of retardation of osseous development at birth with the severity of mental impairment."
14,1957,Arteriographic demonstration of the collateral circulation of the cerebral hemispheres.,"L. Mount, J. Taveras",A M A Archives of Neurology & Psychiatry,1957-09-01,136,0,114.96,"Connectomics, Graph Models, and Brain Networks",brain-structure;connectome,Positions Arteriographic demonstration of the collateral circulation of the cerebral hemispheres. within Clinical Neurology and Neurodegeneration.,high citation signal (136); recognized venue; brain-structure signal,"Graph results can depend strongly on parcellation, thresholding, acquisition, and preprocessing choices.; Correlation networks are often interpreted more causally than the evidence supports.; Imaging conclusions can depend on acquisition, preprocessing, and model specification.",10.1001/ARCHNEURPSYC.1957.02330390017003,d50d7040a7a737ddfca3badac392422980dcb583,https://doi.org/10.1001/ARCHNEURPSYC.1957.02330390017003,,,,JournalArticle,unknown,brain; cerebral; historical computation/learning bridge,
15,1957,The effect of chlorpromazine and methopromazine on the electrical activity of the brain in the cat.,"P. Bradley, A. J. Hance",Electroencephalography and Clinical Neurophysiology,1957-05-01,124,0,107.71,"Electrophysiology, Neural Signals, and AI Decoding",brain-structure;connectome;neural-signals;clinical-neuroai,"Positions The effect of chlorpromazine and methopromazine on the electrical activity of the brain in the cat. within EEG, MEG, and Electrophysiology.",high citation signal (124); brain-structure signal,"Signal artifacts, montage choices, source localization, and session drift can dominate apparent model performance.; Temporal precision does not automatically imply anatomical specificity.; Imaging conclusions can depend on acquisition, preprocessing, and model specification.",10.1016/0013-4694(57)90052-4,c69fb10ffed47158269505c4dc274fc7cee44f38,https://doi.org/10.1016/0013-4694(57)90052-4,,,,JournalArticle,unknown,brain; brain/neural structure in title; historical computation/learning bridge,
16,1957,Afferent impulses to the cerebellar hemispheres from the cerebral cortex and certain subcortical nuclei; an electroanatomical study in the cat.,J. Jansen,Acta Physiologica Scandinavica Supplementum,1957,120,0,101.52,General Brain-AI Structure Reviews and Methods,brain-structure,Positions Afferent impulses to the cerebellar hemispheres from the cerebral cortex and certain subcortical nuclei; an electroanatomical study in the cat. within General Brain Science and Reviews.,high citation signal (120); brain-structure signal,"Reviews and methods can dominate citations while obscuring smaller empirical advances.; Bridge terminology can be ambiguous, especially around neural networks, intelligence, and biological plausibility.; Imaging conclusions can depend on acquisition, preprocessing, and model specification.",,2605e641dc746a05be301f7a1d9caead172c2139,https://www.semanticscholar.org/paper/2605e641dc746a05be301f7a1d9caead172c2139,,,,JournalArticle,unknown,brain; cerebral; cortex; cortical; brain/neural structure in title,
17,1957,A Radiologic Study of the Brain Circulation by Rapid Serial Angiography of the Carotid Artery,T. Greitz,Unknown venue,1957-09-01,119,6,104.57,"Connectomics, Graph Models, and Brain Networks",brain-structure;connectome,Positions A Radiologic Study of the Brain Circulation by Rapid Serial Angiography of the Carotid Artery within General Brain Science and Reviews.,high citation signal (119); brain-structure signal,"Graph results can depend strongly on parcellation, thresholding, acquisition, and preprocessing choices.; Correlation networks are often interpreted more causally than the evidence supports.; Imaging conclusions can depend on acquisition, preprocessing, and model specification.",10.5694/j.1326-5377.1957.tb57989.x,661033ae65dfc7bbfc720f0eab7cb1fcc61cdd42,https://doi.org/10.5694/j.1326-5377.1957.tb57989.x,,,,paper,unknown,brain; brain/neural structure in title; historical computation/learning bridge,
18,1957,Relation of brain and tremor rhythms to visual reaction time.,"Robert W. Lansing, Robert W. Lansing",Electroencephalography and Clinical Neurophysiology,1957-08-01,110,4,105.57,"Electrophysiology, Neural Signals, and AI Decoding",brain-structure;connectome;neural-signals;clinical-neuroai,"Positions Relation of brain and tremor rhythms to visual reaction time. within EEG, MEG, and Electrophysiology.",high citation signal (110); brain-structure signal,"Signal artifacts, montage choices, source localization, and session drift can dominate apparent model performance.; Temporal precision does not automatically imply anatomical specificity.; Imaging conclusions can depend on acquisition, preprocessing, and model specification.",10.1016/0013-4694(57)90037-8,8d1a0bd899b549b3cd026ed8a3e98363fc96fe46,https://doi.org/10.1016/0013-4694(57)90037-8,,,,JournalArticle,unknown,brain; brain/neural structure in title; historical computation/learning bridge,
19,1957,LI Vestibular Sensation and the Cerebral Cortex,W. Penfield,"Annals of Otology, Rhinology and Laryngology",1957-09-01,109,1,97.81,General Brain-AI Structure Reviews and Methods,brain-structure,Positions LI Vestibular Sensation and the Cerebral Cortex within General Brain Science and Reviews.,high citation signal (109); brain-structure signal,"Reviews and methods can dominate citations while obscuring smaller empirical advances.; Bridge terminology can be ambiguous, especially around neural networks, intelligence, and biological plausibility.; Imaging conclusions can depend on acquisition, preprocessing, and model specification.",10.1177/000348945706600307,7ac0139dc454d761c101948bbce3a8a405e15e89,https://doi.org/10.1177/000348945706600307,,,,JournalArticle,unknown,brain; cerebral; cortex; brain/neural structure in title,
20,1957,Motor effects of stimulation of cerebral cortex of squirrel monkey (Saimiri sciureus).,"W. Welker, R. Benjamin, R. C. Miles, C. Woolsey",Journal of Neurophysiology,1957-07-01,105,2,97.14,General Brain-AI Structure Reviews and Methods,brain-structure,Positions Motor effects of stimulation of cerebral cortex of squirrel monkey (Saimiri sciureus). within General Brain Science and Reviews.,high citation signal (105); brain-structure signal,"Reviews and methods can dominate citations while obscuring smaller empirical advances.; Bridge terminology can be ambiguous, especially around neural networks, intelligence, and biological plausibility.; Imaging conclusions can depend on acquisition, preprocessing, and model specification.",10.1152/JN.1957.20.4.347,6758f0325c8b62656b8ae462dedff2409f781aa3,https://doi.org/10.1152/JN.1957.20.4.347,,,,JournalArticle,unknown,brain; cerebral; cortex; brain/neural structure in title,
21,1957,Alterations in somatic afferent transmission through the thalamus by central mechanisms and barbiturates.,"E. E. King, R. Naquet, H. Magoun",Journal of Pharmacology and Experimental Therapeutics,1957-01-01,102,0,115.83,"Electrophysiology, Neural Signals, and AI Decoding",brain-structure;neural-signals,A study was undertaken in the cat of the influence of central regulatory mechanisms determining EEG states associated with wakefulness and sleep upon somatic afferent transmission through the thalamus.,high citation signal (102); brain-structure signal,"Signal artifacts, montage choices, source localization, and session drift can dominate apparent model performance.; Temporal precision does not automatically imply anatomical specificity.; Imaging conclusions can depend on acquisition, preprocessing, and model specification.",10.1016/s0022-3565(25)11809-0,83ef2896ca9b63d2e71b63522f3165aba281e5ec,https://doi.org/10.1016/s0022-3565(25)11809-0,,,,JournalArticle,unknown,brain; thalamus; eeg; cognitive architecture; explicit brain-structure/AI bridge,"A study was undertaken in the cat of the influence of central regulatory mechanisms determining EEG states associated with wakefulness and sleep upon somatic afferent transmission through the thalamus. Findings were compared with the effects of barbiturate compounds to explore the basis of the anesthetic state. Reduction of latenicy, abbreviation of form of response and elimination of facilitatory periods from the recovery cycle characterized thalamic transmission during EEG arousal. Obverse features were associated with EEG synchrony, whether spontaneous or induced by reticular lesions. The findings oppose the concept of the thalamus as a stable relay in the somatic afferent path and the implications of variable input-output relationships for theories of perception are discussed. The effects of barbiturates in light doses resembled changes with EEG synchrony and are attributed to functional block of ascending influences of the brain stem reticular formation, whose susceptibility has earlier been emphasized. In larger doses, increase in latency, reduction of amplitude and prolongation of recovery time of thalamic responses were of such magnitude as to suggest that in greater concentration, barbiturates exert a depressant influence directly upon thalamic relay nuclei."
22,1957,Effects of penetrating brain injury on intelligence test scores.,"S. Weinstein, H. Teuber",Science,1957-05-24,98,0,111.91,"Cognitive Architectures, Learning, and Systems Neuroscience",brain-structure,"Positions Effects of penetrating brain injury on intelligence test scores. within Cerebrovascular, Metabolism, and Brain Injury.",high citation signal (98); recognized venue; brain-structure signal,"Task designs can oversimplify cognition and limit ecological validity.; Circuit-behavior correlations need causal perturbation or strong model comparison before mechanistic claims are secure.; Imaging conclusions can depend on acquisition, preprocessing, and model specification.",10.1126/SCIENCE.125.3256.1036,3ea785c9fffb6e0b7e633faeb55a4e277f3c1664,https://doi.org/10.1126/SCIENCE.125.3256.1036,,,,JournalArticle,unknown,brain; brain/neural structure in title; historical computation/learning bridge,
23,1957,Selective Blockade of Excitatory Synapses in the Cat Brain by γ-Aminobutyric Acid,"D. Purpura, M. Girado, H. Grundfest",Science,1957-06-14,93,1,128.98,"Cellular, Synaptic, and Neuromorphic Foundations",brain-structure,"Positions Selective Blockade of Excitatory Synapses in the Cat Brain by γ-Aminobutyric Acid within Cellular, Molecular, and Synaptic Neuroscience.",high citation signal (93); recognized venue; brain-structure signal,"Cellular mechanisms rarely scale directly into whole-brain behavior or modern AI architectures.; Animal and ex vivo findings require careful translation to human cognition and deployed systems.; Imaging conclusions can depend on acquisition, preprocessing, and model specification.",10.1126/SCIENCE.125.3259.1200-A,7c9b8e65c7a97d00df5681f3ead3c203d3c10f0b,https://doi.org/10.1126/SCIENCE.125.3259.1200-A,,,,paper,unknown,brain; synapse; neuromorphic; brain/neural structure in title; explicit brain-structure/AI bridge,
24,1957,Somatic receiving areas of cerebral cortex of squirrel monkey (Saimiri sciureus).,"R. Benjamin, W. Welker",Journal of Neurophysiology,1957-05-01,89,3,94.2,General Brain-AI Structure Reviews and Methods,brain-structure,Positions Somatic receiving areas of cerebral cortex of squirrel monkey (Saimiri sciureus). within General Brain Science and Reviews.,high citation signal (89); brain-structure signal,"Reviews and methods can dominate citations while obscuring smaller empirical advances.; Bridge terminology can be ambiguous, especially around neural networks, intelligence, and biological plausibility.; Imaging conclusions can depend on acquisition, preprocessing, and model specification.",10.1152/JN.1957.20.3.286,f95d083d29ac71d4d3a2aba9ad9034964ac9b980,https://doi.org/10.1152/JN.1957.20.3.286,,,,JournalArticle,unknown,brain; cerebral; cortex; brain/neural structure in title,
25,1957,Action of eserine and amphetamine on the electrical activity of the rabbit brain.,"V. Longo, B. Silvestrini",Journal of Pharmacology and Experimental Therapeutics,1957-06-01,88,1,123.2,"Electrophysiology, Neural Signals, and AI Decoding",brain-structure;neural-signals,"The influence of eserine and of amphetamine on the cerebral electrical activity was studied on unanesthetized non-curarized rabbit, and on the ""cerveau isole"" preparation of this animal.",high citation signal (88); brain-structure signal,"Signal artifacts, montage choices, source localization, and session drift can dominate apparent model performance.; Temporal precision does not automatically imply anatomical specificity.; Imaging conclusions can depend on acquisition, preprocessing, and model specification.",10.1016/s0022-3565(25)11840-5,1703815c4f4279e8c944915959251d0b2ae41c6d,https://doi.org/10.1016/s0022-3565(25)11840-5,,,,JournalArticle,unknown,brain; cerebral; cortex; cortical; thalamus; eeg; decoding; brain/neural structure in title; explicit brain-structure/AI bridge,"The influence of eserine and of amphetamine on the cerebral electrical activity was studied on unanesthetized non-curarized rabbit, and on the ""cerveau isole"" preparation of this animal. Both eserine and amphetamine produce acceleration and desynchronization of the EEG waves. However, certain significant differences in their action on electrical potentials of the brain have been demonstrated. Eserine produces a more intense and widespread desynchronization than amphetamine, blocks the cortical recruiting response obtained by stimulation of the antero medial nuclei of the thalamus, and also the spike-wave complexes which follow the injection of pentylenetetrazol. It antagonizes the synchronization due to scopolamine. Amphetamine exerts its desynchronizing influence mainly in the frontal cortex, the occipital leads showing slow waves of high voltage. It does not block the recruiting response; it does not abolish the spike waves due to pentylenetetrazol; and it does not influence the synchronization after the administration of scopolamine. Possible loci of action of the two drugs are discussed."
26,1957,Intracellular Distribution of Catecholamines in the Brain,"H. Weil-Malherbe, A. D. Bone",Nature,1957-11-16,81,0,124.52,"Cellular, Synaptic, and Neuromorphic Foundations",brain-structure,Positions Intracellular Distribution of Catecholamines in the Brain within General Brain Science and Reviews.,high citation signal (81); recognized venue; brain-structure signal,"Cellular mechanisms rarely scale directly into whole-brain behavior or modern AI architectures.; Animal and ex vivo findings require careful translation to human cognition and deployed systems.; Imaging conclusions can depend on acquisition, preprocessing, and model specification.",10.1038/1801050A0,76755766125bf8c6a8d99ead8c77f6c70bc27c4c,https://doi.org/10.1038/1801050A0,,,,JournalArticle; Review,unknown,brain; neuromorphic; brain/neural structure in title; explicit brain-structure/AI bridge,
27,1957,Physiological and pharmacological consequences of different synaptic organizations in cerebral and cerebellar cortex of cat.,"D. Purpura, H. Grundfest",Journal of Neurophysiology,1957-09-01,78,0,113.85,"Cellular, Synaptic, and Neuromorphic Foundations",brain-structure,"Positions Physiological and pharmacological consequences of different synaptic organizations in cerebral and cerebellar cortex of cat. within Cellular, Molecular, and Synaptic Neuroscience.",high citation signal (78); brain-structure signal,"Cellular mechanisms rarely scale directly into whole-brain behavior or modern AI architectures.; Animal and ex vivo findings require careful translation to human cognition and deployed systems.; Imaging conclusions can depend on acquisition, preprocessing, and model specification.",10.1152/JN.1957.20.5.494,87c6d5ec913540852e818c9fbba1c9daef5d4d16,https://doi.org/10.1152/JN.1957.20.5.494,,,,JournalArticle,unknown,cerebral; cortex; neuromorphic; brain/neural structure in title; explicit brain-structure/AI bridge,
28,1957,The ontogenetic development of steady potential differences in the cerebral cortex in animals.,J. Bureš,Electroencephalography and Clinical Neurophysiology,1957-02-01,77,1,103.22,"Electrophysiology, Neural Signals, and AI Decoding",brain-structure;connectome;neural-signals;clinical-neuroai,"Positions The ontogenetic development of steady potential differences in the cerebral cortex in animals. within EEG, MEG, and Electrophysiology.",high citation signal (77); brain-structure signal,"Signal artifacts, montage choices, source localization, and session drift can dominate apparent model performance.; Temporal precision does not automatically imply anatomical specificity.; Imaging conclusions can depend on acquisition, preprocessing, and model specification.",10.1016/0013-4694(57)90116-5,9eac7abfbcdef103a13db7a0243e736ab4dc7c40,https://doi.org/10.1016/0013-4694(57)90116-5,,,,JournalArticle,unknown,brain; cerebral; cortex; brain/neural structure in title; historical computation/learning bridge,
29,1957,Book Review: A Radiologic Study of the Brain Circulation by Rapid Serial Angiography of the Carotid Artery,T. Greitz,Acta radiologica. Supplementum,1957-04-01,77,3,104.82,"Connectomics, Graph Models, and Brain Networks",brain-structure;connectome,Positions Book Review: A Radiologic Study of the Brain Circulation by Rapid Serial Angiography of the Carotid Artery within General Brain Science and Reviews.,high citation signal (77); synthesis or review value; brain-structure signal,"Graph results can depend strongly on parcellation, thresholding, acquisition, and preprocessing choices.; Correlation networks are often interpreted more causally than the evidence supports.; Imaging conclusions can depend on acquisition, preprocessing, and model specification.",10.1177/028418515704700410,5940c92df36f89783385964bfc64eff13a40664b,https://doi.org/10.1177/028418515704700410,,,,Review; JournalArticle,unknown,brain; brain/neural structure in title; historical computation/learning bridge,
30,1957,Experimental studies on the pathogenesis of kernicterus.,"L. Ernster, L. Herlin, R. Zetterström",Pediatrics,1957-10-01,76,0,106.59,"Cellular, Synaptic, and Neuromorphic Foundations",brain-structure;clinical-neuroai,The effect of bilirubin on cellular energy metabolism has been studied in vitro.,high citation signal (76); brain-structure signal,"Cellular mechanisms rarely scale directly into whole-brain behavior or modern AI architectures.; Animal and ex vivo findings require careful translation to human cognition and deployed systems.; Imaging conclusions can depend on acquisition, preprocessing, and model specification.",10.1542/peds.20.4.647,87c853eab45e61f8e572d812222b8b50cfeb8354,https://doi.org/10.1542/peds.20.4.647,,,,JournalArticle,unknown,brain; neuromorphic; explicit brain-structure/AI bridge,"The effect of bilirubin on cellular energy metabolism has been studied in vitro. Bilirubin inhibits oxidative phosphorylation in isolated rat-liver and brain mitochondria, with a depression of the underlying respiration as a concomitant phenomenon. The latter effect can be prevented by the addition to the mitochondrial suspensions of diphosphopyridine nucleotide and cytochrome C. In experiments with rabbits in vivo it has been shown that the penetration of bilirubin from blood into central nervous system is greatly enhanced by intracisternal treatment with p-chloromercuribenzoate, an agent which inhibits the function of the blood-brain barrier system. The increase of the concentration of bilirubin in the cerebrospinal fluid upon treatment with p-chloromercuribenzoate is parallelled by an equal increase of the total protein content. The bearing of these findings on the pathogenesis of kernicterus, and some of the clinical implications are discussed."
31,1957,On the mechanism of action of reserpine: effect of reserpine on capacity of tissues to bind serotonin.,"B. Brodie, E. Tomich, R. Kuntzman, P. A. Shore",Journal of Pharmacology and Experimental Therapeutics,1957-04-01,73,0,107.87,"Electrophysiology, Neural Signals, and AI Decoding",brain-structure;neural-signals,Administration of reserpine to guinea pigs and rabbits impairs the capacity of storage depots in brain cells and platelets to take up serotonin.,high citation signal (73); brain-structure signal,"Signal artifacts, montage choices, source localization, and session drift can dominate apparent model performance.; Temporal precision does not automatically imply anatomical specificity.; Imaging conclusions can depend on acquisition, preprocessing, and model specification.",10.1016/s0022-3565(25)11900-9,760ce42da25322c233368aa79ae206d8be54687a,https://doi.org/10.1016/s0022-3565(25)11900-9,,,,JournalArticle,unknown,brain; synapse; neuromorphic; explicit brain-structure/AI bridge,"Administration of reserpine to guinea pigs and rabbits impairs the capacity of storage depots in brain cells and platelets to take up serotonin. As a result of this action, serotonin is released from body depots. The possibility is considered that the prolonged pharmacologic effect of reserpine is mediated by the persistent release of serotonin at synapses in the central autonomic nervous system."
32,1957,An electronic method for detecting evoked responses of the brain and for reproducing their average waveforms.,"John S. Barlow, John S. Barlow",Electroencephalography and Clinical Neurophysiology,1957-05-01,71,1,97.78,"Electrophysiology, Neural Signals, and AI Decoding",brain-structure;connectome;neural-signals;clinical-neuroai,"Positions An electronic method for detecting evoked responses of the brain and for reproducing their average waveforms. within EEG, MEG, and Electrophysiology.",high citation signal (71); brain-structure signal,"Signal artifacts, montage choices, source localization, and session drift can dominate apparent model performance.; Temporal precision does not automatically imply anatomical specificity.; Imaging conclusions can depend on acquisition, preprocessing, and model specification.",10.1016/0013-4694(57)90068-8,a6f744c6af28aae6ffacb9b5b9bce05a4cb52054,https://doi.org/10.1016/0013-4694(57)90068-8,,,,JournalArticle,unknown,brain; brain/neural structure in title; historical computation/learning bridge,
33,1957,Incorporation of 32P-labelled intermediates into the phospholipids of cell-free preparations of rat brain.,"W. C. McMurray, K. P. Strickland, J. Berry, R. Rossiter",Biochemical Journal,1957-08-01,70,0,112.93,"Cellular, Synaptic, and Neuromorphic Foundations",brain-structure,Positions Incorporation of 32P-labelled intermediates into the phospholipids of cell-free preparations of rat brain. within General Brain Science and Reviews.,high citation signal (70); open-access PDF metadata; brain-structure signal,"Cellular mechanisms rarely scale directly into whole-brain behavior or modern AI architectures.; Animal and ex vivo findings require careful translation to human cognition and deployed systems.; Imaging conclusions can depend on acquisition, preprocessing, and model specification.",10.1042/BJ0660634,05a8d8dd7e91a8024ac7337971f943c6a623a1b4,https://doi.org/10.1042/BJ0660634,,https://europepmc.org/articles/pmc1200075?pdf=render,,JournalArticle,unknown,brain; neuromorphic; brain/neural structure in title; explicit brain-structure/AI bridge,
34,1957,The effect of selective inhibition of pseudocholinesterase on the spontaneous and evoked activity of the cat's cerebral cortex,"J. Desmedt, G. La Grutta",Journal of Physiology,1957-04-03,70,1,92.93,General Brain-AI Structure Reviews and Methods,brain-structure,Positions The effect of selective inhibition of pseudocholinesterase on the spontaneous and evoked activity of the cat's cerebral cortex within General Brain Science and Reviews.,high citation signal (70); open-access PDF metadata; brain-structure signal,"Reviews and methods can dominate citations while obscuring smaller empirical advances.; Bridge terminology can be ambiguous, especially around neural networks, intelligence, and biological plausibility.; Imaging conclusions can depend on acquisition, preprocessing, and model specification.",10.1113/jphysiol.1957.sp005741,60936098dad7913080ee3e53dc001680cf612a57,https://doi.org/10.1113/jphysiol.1957.sp005741,,https://www.ncbi.nlm.nih.gov/pmc/articles/PMC1358851,,JournalArticle,unknown,brain; cerebral; cortex; brain/neural structure in title,
35,1957,Effect of iproniazid on serotonin metabolism in vivo.,"S. Udenfriend, H. Weissbach, D. Bogdanski",Journal of Pharmacology and Experimental Therapeutics,1957-06-01,59,0,100.9,"Cellular, Synaptic, and Neuromorphic Foundations",brain-structure,Administration of 1-isopropyl-2-isonicotinyl hydrazide (iproniazid) to animals has been shown to produce a 2-to 3-fold increase in endogenous brain serotonin and to increase the amounts of serotonin appearing in brain following 5HTP.,high citation signal (59); brain-structure signal,"Cellular mechanisms rarely scale directly into whole-brain behavior or modern AI architectures.; Animal and ex vivo findings require careful translation to human cognition and deployed systems.; Imaging conclusions can depend on acquisition, preprocessing, and model specification.",10.1016/s0022-3565(25)11858-2,6aedf13d8beecdf918de890f8381aa15685416c0,https://doi.org/10.1016/s0022-3565(25)11858-2,,,,JournalArticle,unknown,brain; neuromorphic; explicit brain-structure/AI bridge,"Administration of 1-isopropyl-2-isonicotinyl hydrazide (iproniazid) to animals has been shown to produce a 2-to 3-fold increase in endogenous brain serotonin and to increase the amounts of serotonin appearing in brain following 5HTP. However, iproniazid has little effect on peripheral depots of serotonin or on the metabolism of serotonin or tyramine when they are administered parenterally. This is due to its inability to penetrate to the site of monoamine oxidase in intact cells."
36,1957,Some preliminary electrophysiological studies on chronic neuronally isolated cerebral cortex.,"B. Grafstein, P. B. Sastry",Electroencephalography and Clinical Neurophysiology,1957-11-01,57,1,99.89,"Connectomics, Graph Models, and Brain Networks",brain-structure;connectome;neural-signals;clinical-neuroai,"Positions Some preliminary electrophysiological studies on chronic neuronally isolated cerebral cortex. within Cellular, Molecular, and Synaptic Neuroscience.",high citation signal (57); brain-structure signal,"Graph results can depend strongly on parcellation, thresholding, acquisition, and preprocessing choices.; Correlation networks are often interpreted more causally than the evidence supports.; Imaging conclusions can depend on acquisition, preprocessing, and model specification.",10.1016/0013-4694(57)90096-2,3583c363af7c9aae5fd72fd41f152176a4145dab,https://doi.org/10.1016/0013-4694(57)90096-2,,,,JournalArticle,unknown,brain; cerebral; cortex; neuron; brain/neural structure in title; historical computation/learning bridge,
37,1957,Slow potential changes elicited in the cerebral cortex by sensory and reticula rstimulation,"A. Arduini, M. Mancia, K. Mechelse",Unknown venue,1957-01-06,57,0,86.29,General Brain-AI Structure Reviews and Methods,brain-structure,Positions Slow potential changes elicited in the cerebral cortex by sensory and reticula rstimulation within General Brain Science and Reviews.,high citation signal (57); brain-structure signal,"Reviews and methods can dominate citations while obscuring smaller empirical advances.; Bridge terminology can be ambiguous, especially around neural networks, intelligence, and biological plausibility.; Imaging conclusions can depend on acquisition, preprocessing, and model specification.",10.4449/AIB.V95I2.1584,3d8dc97d01264a3c783ab8110160440fdd10f7d6,https://doi.org/10.4449/AIB.V95I2.1584,,,,paper,unknown,brain; cerebral; cortex; brain/neural structure in title,
38,1957,"The action of anticonvulsant drugs tested by electrical stimulation of the cortex, diencephalon and rhinencephalon in the unanesthetized rabbit.","H. Gangloff, M. Monnier",Electroencephalography and Clinical Neurophysiology,1957-02-01,56,0,95.57,"Electrophysiology, Neural Signals, and AI Decoding",brain-structure;connectome;neural-signals;clinical-neuroai,"Positions The action of anticonvulsant drugs tested by electrical stimulation of the cortex, diencephalon and rhinencephalon in the unanesthetized rabbit. within EEG, MEG, and Electrophysiology.",high citation signal (56); brain-structure signal,"Signal artifacts, montage choices, source localization, and session drift can dominate apparent model performance.; Temporal precision does not automatically imply anatomical specificity.; Imaging conclusions can depend on acquisition, preprocessing, and model specification.",10.1016/0013-4694(57)90110-4,97971ad0e025d8dcb955663e91d408c11535f7f6,https://doi.org/10.1016/0013-4694(57)90110-4,,,,JournalArticle,unknown,brain; cortex; brain/neural structure in title; historical computation/learning bridge,
39,1957,Histochemical demonstration of reversible anticholinesterase action at selective cellular sites in vivo.,"G. Koelle, Priscilla Smart",Journal of Pharmacology and Experimental Therapeutics,1957-08-01,54,0,101.33,"Cellular, Synaptic, and Neuromorphic Foundations",brain-structure,"N,N9-bis (2-diethylaminoethyl) oxamide bis-2-chlorobenzyl chloride (WIN 8077) and the corresponding bis-2-methoxybenzyl chloride salt (WIN 8078) are reversible, selective inhibitors of acetylcholinesterase (AChE), which have been shown previously to produce cholinomimetic effects in doses (0.0005 to 0.02 micromol./kgm.) far below those which cause measurable AChE-inhibition in vivo.",high citation signal (54); brain-structure signal,"Cellular mechanisms rarely scale directly into whole-brain behavior or modern AI architectures.; Animal and ex vivo findings require careful translation to human cognition and deployed systems.; Imaging conclusions can depend on acquisition, preprocessing, and model specification.",10.1016/s0022-3565(25)11879-x,8aa21edd9e6e686a4c968daa9317b9d3ae6aaa12,https://doi.org/10.1016/s0022-3565(25)11879-x,,,,JournalArticle,unknown,brain; neuron; neuromorphic; explicit brain-structure/AI bridge,"N,N9-bis (2-diethylaminoethyl) oxamide bis-2-chlorobenzyl chloride (WIN 8077) and the corresponding bis-2-methoxybenzyl chloride salt (WIN 8078) are reversible, selective inhibitors of acetylcholinesterase (AChE), which have been shown previously to produce cholinomimetic effects in doses (0.0005 to 0.02 micromol./kgm.) far below those which cause measurable AChE-inhibition in vivo. In the present study, their pI 50 9s for inhibition of the AChE of cat brain homogenate were found to be 7.6 and 5.6 respectively. When the same homogenate was incubated with varying concentrations of the two inhibitors, over ranges producing twenty to nearly one hundred per cent inhibition, the equivalent percentages were protected against a concentration (10 -4 M ) of diisopropylfluorophosphate (DFP) which produced complete inactivation of the enzyme in the absence of the reversible inhibitors. The protective effect against DFP was also demonstrated histochemically: sections of ciliary and stellate ganglia which were incubated with WIN 8077 or WIN 8078 plus DFP, then washed and stained for AChE, showed the presence of increasing enzymatic activity with increasing concentrations of the two reversible inhibitors, whereas no activity was present after DFP alone. This principle was then employed to determine the sites of AChE-inhibition produced by various doses of WIN 8077 and WIN 8078 in vivo. Anesthetized, atropinized cats were given intravenous injections of WIN 8077 (0.0005 to 0.5 micromol./kgm.) or WIN 8078 (0.005 to 0.5 micromol./kgm.), and five minutes later received 20.0 micromol. of DFP/kgm., i.v.; thirty to forty minutes after DFP, they were sacrificed. The stellate and ciliary ganglia and a portion of intercostal muscle were removed, and the tissues were sectioned and stained for AChE-activity. Sections of ganglia from cats which had received only DFP were completely blank; motor endplates were stained faintly. The ciliary and stellate ganglia of one of the two cats which had received 0.0005 micromol. of WIN 8077/kgm. showed faint staining. Both ganglia of all cats which had received 0.005 micromol. of WIN 8077, or 0.05 micromol. of WIN 8078, or more were stained, with increasing intensity at higher doses or longer periods of incubation. Staining was most marked at the borders of the neurons of the ciliary ganglia, and in the intercellular plexuses of the stellate ganglia; the cytoplasm of the ciliary ganglion cells, which stains intensely in untreated controls, remained blank. Motor endplates showed evidence of AChE-inhibition over the same dosage ranges of WIN 8077 and WIN 8078. Results are discussed with respect to correlation between AChE-inhibition and pharmacological action, the concept of ""functional"" and ""reserve"" AChE, and possible physiological roles of AChE other than enzymatic."
40,1957,Serotonin changes in platelets and brain induced by small daily doses of reserpine; lack of effect of depletion of platelet serotonin on hemostatic mechanisms.,"B. Haverback, T. Dutcher, P. A. Shore, E. Tomich, L. Terry, B. Brodie",New England Journal of Medicine,1957-02-21,52,0,107.87,"Electrophysiology, Neural Signals, and AI Decoding",brain-structure;neural-signals,"Positions Serotonin changes in platelets and brain induced by small daily doses of reserpine; lack of effect of depletion of platelet serotonin on hemostatic mechanisms. within EEG, MEG, and Electrophysiology.",high citation signal (52); brain-structure signal,"Signal artifacts, montage choices, source localization, and session drift can dominate apparent model performance.; Temporal precision does not automatically imply anatomical specificity.; Imaging conclusions can depend on acquisition, preprocessing, and model specification.",10.1056/NEJM195702212560804,d106714117234648805cd07d9449ffbc863a710c,https://doi.org/10.1056/NEJM195702212560804,,,,JournalArticle,unknown,brain; neural; decoding; brain/neural structure in title; explicit brain-structure/AI bridge,
41,1957,"Hormones, Brain Function, and Behavior",H. Hoagland,Unknown venue,1957-04-01,50,0,103.97,"Cognitive Architectures, Learning, and Systems Neuroscience",brain-structure,"Positions Hormones, Brain Function, and Behavior within Cognitive and Systems Neuroscience.",high citation signal (50); brain-structure signal,"Task designs can oversimplify cognition and limit ecological validity.; Circuit-behavior correlations need causal perturbation or strong model comparison before mechanistic claims are secure.; Imaging conclusions can depend on acquisition, preprocessing, and model specification.",10.1097/00000441-195711000-00024,8ef0ecd5e2236e2600e87332a77143bc8436ace2,https://doi.org/10.1097/00000441-195711000-00024,,,,paper,unknown,brain; cognitive architecture; brain/neural structure in title; explicit brain-structure/AI bridge,
42,1957,[Microphysiology of cortical neurons & their role in sensory and cerebral function].,"R. Jung, O. Creutzfeldt, O. Grusser",Deutsche Medizinische Wochenschrift,1957-06-28,48,0,101.25,"Cellular, Synaptic, and Neuromorphic Foundations",brain-structure,"Positions [Microphysiology of cortical neurons & their role in sensory and cerebral function]. within Cellular, Molecular, and Synaptic Neuroscience.",high citation signal (48); brain-structure signal,"Cellular mechanisms rarely scale directly into whole-brain behavior or modern AI architectures.; Animal and ex vivo findings require careful translation to human cognition and deployed systems.; Imaging conclusions can depend on acquisition, preprocessing, and model specification.",10.1055/S-0028-1114837,6963ce96b1d7fa52746837453b256578ff6035ec,https://doi.org/10.1055/S-0028-1114837,,,,JournalArticle,unknown,cerebral; cortical; neuron; neuromorphic; explicit brain-structure/AI bridge,
43,1957,Studies in leukemia. VII. The induction of leukemia in Swiss mice by means of cell-free filtrates of leukemic mouse brain.,"H. Schoolman, W. Spurrier, S. Schwartz, P. Szanto",Blood,1957-08-01,47,0,105.88,"Cellular, Synaptic, and Neuromorphic Foundations",brain-structure,Positions Studies in leukemia. VII. The induction of leukemia in Swiss mice by means of cell-free filtrates of leukemic mouse brain. within General Brain Science and Reviews.,high citation signal (47); open-access PDF metadata; brain-structure signal,"Cellular mechanisms rarely scale directly into whole-brain behavior or modern AI architectures.; Animal and ex vivo findings require careful translation to human cognition and deployed systems.; Imaging conclusions can depend on acquisition, preprocessing, and model specification.",10.1182/BLOOD.V12.8.694.694,90b9b95d7a743f04190efc3bd226a409a9f3bc37,https://doi.org/10.1182/BLOOD.V12.8.694.694,,https://ashpublications.org/blood/article-pdf/12/8/694/515107/694.pdf,,JournalArticle,unknown,brain; neuromorphic; brain/neural structure in title; explicit brain-structure/AI bridge,
44,1957,Characteristics and Management of Children with Behavior Problems Associated with Organic Brain Damage,C. Bradley,Unknown venue,1957-11-01,44,2,101.72,"Cognitive Architectures, Learning, and Systems Neuroscience",brain-structure,Positions Characteristics and Management of Children with Behavior Problems Associated with Organic Brain Damage within Cognitive and Systems Neuroscience.,high citation signal (44); brain-structure signal,"Task designs can oversimplify cognition and limit ecological validity.; Circuit-behavior correlations need causal perturbation or strong model comparison before mechanistic claims are secure.; Imaging conclusions can depend on acquisition, preprocessing, and model specification.",10.1016/S0031-3955(16)30593-4,42d7f947e4e0a9fbbefb082fb2e60a2c5568af6d,https://doi.org/10.1016/S0031-3955(16)30593-4,,,,paper,unknown,brain; cognitive architecture; brain/neural structure in title; explicit brain-structure/AI bridge,
45,1957,"Neural Control of Hunger, Appetite, and Satiety",J. Brobeck,The Yale Journal of Biology and Medicine,1957-06-01,43,2,106.52,"Cognitive Architectures, Learning, and Systems Neuroscience",brain-structure;neuroimaging,"Hunger, appetite, and satiety are often regarded as problems in the physiology of digestion.",high citation signal (43); brain-structure signal,"Task designs can oversimplify cognition and limit ecological validity.; Circuit-behavior correlations need causal perturbation or strong model comparison before mechanistic claims are secure.; Imaging conclusions can depend on acquisition, preprocessing, and model specification.",,4627634fb1363b31bc60b5c6a8de5ac6beca8e35,https://www.semanticscholar.org/paper/4627634fb1363b31bc60b5c6a8de5ac6beca8e35,,,,JournalArticle,unknown,brain; brainstem; neural; cognitive architecture; brain/neural structure in title; explicit brain-structure/AI bridge,"Hunger, appetite, and satiety are often regarded as problems in the physiology of digestion. In recent years, however, they have been studied more and more commonly as functions of the brain. This latter point of view, i.e., neurophysiology, is used in the paper which follows, and the regulation of food intake is here described in terms of mechanisms and reactions that characterize the nervous system. In higher animals the brainstem, including the nuclei and primary connections of the cranial nerves, is the level of the nervous system most intimately concerned with food intake. The basic patterns are probably reflex in nature. They require the integrated motor activity of the trigeminal, facial, glossopharyngeal, vagal, and hypoglossal nerves, while the sensory components of these, as well as many other nerves, also play their part. For almost any animal, including one which has just eaten, food is a stimulus for reflex responses; when there occurs an adequate sensory stimulation, the animal is inclined to move toward the food, to investigate, eat, and swallow it (Table 1). Reflexes of attention, approach, examination, incorporation, and of rejection appear to be important. Little is known of these mechanisms, however, and it is not even clear just how much of feeding behavior can be designated as reflex, and how much may be either conditioned responses or some other type of more highly organized activity. Yet in spite of this ignorance, I have chosen to begin with this attempt to identify and classify the reflexes, because Sherrington and others successfully used this method in their studies of posture and locomotion. The first part of this paper is a brief description of the behavior of animals with lesions at selected levels of the neuraxis, and of unanesthetized animals during stimulation of discrete areas within the brain. Most of the data are taken from studies on mammals, since there seems to be little information relating the nervous system and feeding in lower forms. Experiments by Miller and Sherrington' and by Bazett and Penfield,' using"
46,1957,"The ascorbic acid content of human pituitary, cerebral cortex, heart, and skeletal muscle and its relation to age.",R. Schaus,American Journal of Clinical Nutrition,1957,41,1,84.68,Clinical NeuroAI and Brain Disorders,brain-structure;clinical-neuroai,"Positions The ascorbic acid content of human pituitary, cerebral cortex, heart, and skeletal muscle and its relation to age. within Clinical Neurology and Neurodegeneration.",high citation signal (41); open-access PDF metadata; brain-structure signal,"Clinical cohorts vary by disease stage, comorbidity, treatment history, and follow-up.; Models can learn site or demographic artifacts instead of disease mechanisms.; Imaging conclusions can depend on acquisition, preprocessing, and model specification.",10.1093/AJCN/5.1.39,4be4962b06e852ee7285b47dec615af7b0c734e1,https://doi.org/10.1093/AJCN/5.1.39,,https://doi.org/10.1093/ajcn/5.1.39,,JournalArticle,unknown,brain; cerebral; cortex; brain/neural structure in title,
47,1957,Production of laminar lesions in the cerebral cortex by heavy ionizing particles.,"L. Malis, R. Loevinger, L. Kruger, J. Rose",Science,1957-08-16,40,0,92.04,General Brain-AI Structure Reviews and Methods,brain-structure,Positions Production of laminar lesions in the cerebral cortex by heavy ionizing particles. within General Brain Science and Reviews.,high citation signal (40); recognized venue; brain-structure signal,"Reviews and methods can dominate citations while obscuring smaller empirical advances.; Bridge terminology can be ambiguous, especially around neural networks, intelligence, and biological plausibility.; Imaging conclusions can depend on acquisition, preprocessing, and model specification.",10.1126/SCIENCE.126.3268.302,ee924ca8f918617f5675a3b178f93d832e6f8a22,https://doi.org/10.1126/SCIENCE.126.3268.302,,,,JournalArticle,unknown,brain; cerebral; cortex; brain/neural structure in title,
48,1957,INFANTILE CEREBRAL GLIOSIS WITH GIANT NERVE CELLS,"Wtith Giant, Nerve Cells",Journal of Neurology Neurosurgery & Psychiatry,1957-05-01,37,2,107.68,"Cellular, Synaptic, and Neuromorphic Foundations",brain-structure,Positions INFANTILE CEREBRAL GLIOSIS WITH GIANT NERVE CELLS within Clinical Neurology and Neurodegeneration.,high citation signal (37); recognized venue; open-access PDF metadata; brain-structure signal,"Cellular mechanisms rarely scale directly into whole-brain behavior or modern AI architectures.; Animal and ex vivo findings require careful translation to human cognition and deployed systems.; Imaging conclusions can depend on acquisition, preprocessing, and model specification.",10.1136/jnnp.20.2.117,018d6b30243ae5b0f6d517063def15935ef75887,https://doi.org/10.1136/jnnp.20.2.117,,https://jnnp.bmj.com/content/jnnp/20/2/117.full.pdf,,JournalArticle,unknown,cerebral; neuromorphic; explicit brain-structure/AI bridge,
49,1957,Histologic changes in the cat's brain after introduction of metallic and plastic coated wire used in electro-encephalography.,"G. Fischer, G. P. Sayre, R. Bickford",Proceedings of the staff meetings. Mayo Clinic,1957-01-01,37,0,83.88,"Connectomics, Graph Models, and Brain Networks",brain-structure;connectome,Positions Histologic changes in the cat's brain after introduction of metallic and plastic coated wire used in electro-encephalography. within General Brain Science and Reviews.,high citation signal (37); brain-structure signal,"Graph results can depend strongly on parcellation, thresholding, acquisition, and preprocessing choices.; Correlation networks are often interpreted more causally than the evidence supports.; Imaging conclusions can depend on acquisition, preprocessing, and model specification.",10.1016/s0025-6196(25)10350-9,15ac8d3c0d9523128c37209d802f431c1fb8d3f4,https://doi.org/10.1016/s0025-6196(25)10350-9,,,,JournalArticle,unknown,brain; brain/neural structure in title; historical computation/learning bridge,
50,1957,Studies on phenylketonuria. VI. EEG studies in phenylketonuria.,"N. Low, J. Bosma, M. D. Armstrong",A M A Archives of Neurology & Psychiatry,1957-04-01,36,0,106.2,"Electrophysiology, Neural Signals, and AI Decoding",neural-signals,"Positions Studies on phenylketonuria. VI. EEG studies in phenylketonuria. within EEG, MEG, and Electrophysiology.",high citation signal (36); recognized venue,"Signal artifacts, montage choices, source localization, and session drift can dominate apparent model performance.; Temporal precision does not automatically imply anatomical specificity.; Signal drift, artifacts, and session effects can limit real-world decoding reliability.",10.1001/ARCHNEURPSYC.1957.02330340035003,5357ee5cc5080f6419c9b1b1869617824e4a2747,https://doi.org/10.1001/ARCHNEURPSYC.1957.02330340035003,,,,JournalArticle,unknown,eeg; neural; decoding; explicit brain-structure/AI bridge,
51,1957,Studies in leukemia. VI. The induction of leukemia in AKR mice by means of cell-free brain filtrates of humans who died of leukemia.,"S. Schwartz, H. Schoolman, P. Szanto, W. Spurrier",Cancer Research,1957-04-01,34,0,97.2,"Cellular, Synaptic, and Neuromorphic Foundations",brain-structure,Positions Studies in leukemia. VI. The induction of leukemia in AKR mice by means of cell-free brain filtrates of humans who died of leukemia. within General Brain Science and Reviews.,high citation signal (34); brain-structure signal,"Cellular mechanisms rarely scale directly into whole-brain behavior or modern AI architectures.; Animal and ex vivo findings require careful translation to human cognition and deployed systems.; Imaging conclusions can depend on acquisition, preprocessing, and model specification.",,5788cf515d5e535320ac891eb50ef41536a8e135,https://www.semanticscholar.org/paper/5788cf515d5e535320ac891eb50ef41536a8e135,,,,JournalArticle,unknown,brain; neuromorphic; brain/neural structure in title; explicit brain-structure/AI bridge,
52,1957,Effects of Reserpine and Chlorpromazine in Prevention of Cerebral Edema and Reversible Cell Damage.∗,P. H. Bulle,Proceedings of the Society for Experimental Biology and Medicine. Society for Experimental Biology and Medicine,1957-03-01,34,0,92.4,"Electrophysiology, Neural Signals, and AI Decoding",brain-structure;neural-signals,"Positions Effects of Reserpine and Chlorpromazine in Prevention of Cerebral Edema and Reversible Cell Damage.∗ within EEG, MEG, and Electrophysiology.",high citation signal (34); brain-structure signal,"Signal artifacts, montage choices, source localization, and session drift can dominate apparent model performance.; Temporal precision does not automatically imply anatomical specificity.; Imaging conclusions can depend on acquisition, preprocessing, and model specification.",10.3181/00379727-94-23010,b9d02da65c48a46dc8ecd496f12f80cd2de6e64e,https://doi.org/10.3181/00379727-94-23010,,,,JournalArticle,unknown,cerebral; neuromorphic; explicit brain-structure/AI bridge,
53,1957,The spiral aftereffect and reversible figures as measures of brain damage and memory.,"G. Spivack, M. Levine",Journal of Personality,1957-12-01,31,0,95.58,"Cognitive Architectures, Learning, and Systems Neuroscience",brain-structure,Positions The spiral aftereffect and reversible figures as measures of brain damage and memory. within Cognitive and Systems Neuroscience.,high citation signal (31); brain-structure signal,"Task designs can oversimplify cognition and limit ecological validity.; Circuit-behavior correlations need causal perturbation or strong model comparison before mechanistic claims are secure.; Imaging conclusions can depend on acquisition, preprocessing, and model specification.",10.1111/J.1467-6494.1957.TB01565.X,b7677ea4300ebe6494444dae74a495a0f110cd11,https://doi.org/10.1111/J.1467-6494.1957.TB01565.X,,,,JournalArticle,unknown,brain; cognitive architecture; brain/neural structure in title; explicit brain-structure/AI bridge,
54,1957,The Organisation of the Cerebral Cortex,F. Goldby,Unknown venue,1957,28,0,73.81,General Brain-AI Structure Reviews and Methods,brain-structure,Positions The Organisation of the Cerebral Cortex within General Brain Science and Reviews.,high citation signal (28); brain-structure signal,"Reviews and methods can dominate citations while obscuring smaller empirical advances.; Bridge terminology can be ambiguous, especially around neural networks, intelligence, and biological plausibility.; Imaging conclusions can depend on acquisition, preprocessing, and model specification.",,11421146c58687feffbffcb4ca37f8024fd62610,https://www.semanticscholar.org/paper/11421146c58687feffbffcb4ca37f8024fd62610,,,,paper,unknown,brain; cerebral; cortex; brain/neural structure in title,
55,1957,Carbonic anhydrase inhibition. VII. Carbonic anhydrase inhibition and anticonvulsant effect.,"W. Gray, T. Maren, G. Sisson, F. H. Smith",Journal of Pharmacology and Experimental Therapeutics,1957-10-01,26,0,86.53,"Cellular, Synaptic, and Neuromorphic Foundations",brain-structure,The anticonvulsant effect of acetazolamide and its congeners is mediated through carbonic anhydrase inhibition.,high citation signal (26); brain-structure signal,"Cellular mechanisms rarely scale directly into whole-brain behavior or modern AI architectures.; Animal and ex vivo findings require careful translation to human cognition and deployed systems.; Imaging conclusions can depend on acquisition, preprocessing, and model specification.",10.1016/s0022-3565(25)11927-7,61d0f76a4706cef74d78b8238e61f0ef6c959d93,https://doi.org/10.1016/s0022-3565(25)11927-7,,,,JournalArticle,unknown,brain; neuromorphic; explicit brain-structure/AI bridge,"The anticonvulsant effect of acetazolamide and its congeners is mediated through carbonic anhydrase inhibition. The most active carbonic anhydrase inhibitors in vitro, acetazolamide and methazolamide, are among the three most active anticonvulsants in vivo. Variable anticonvulsant effect associated with little or no in vitro activity is most plausibly explained by the degree of metabolic conversion to active carbonic anhydrase inhibitors in vivo. Inhibition of brain carbonic anhydrase appears to be the prime event in this anticonvulsant effect. The evidence in support of this belief is as follows: 1) measurement of inhibitor concentration in brain, plasma and red cells of mice after the intravenous administration of methazolamide and acetazolamide showed that brain concentration alone could be related to anticonvulsant activity; 2) the presence of renal carbonic anhydrase is not necessary for the anticonvulsant effect; 3) the 3- to 4-fold greater activity of methazolamide than acetazolamide in mice appears to be the direct result of its greater ability to penetrate into the central nervous system. In the rat, these carbonic anhydrase inhibitors are equivalent in anticonvulsant activity. The relation of brain inhibitor concentration to anticonvulsant effect in this species remains to be investigated. Maximum concentration of inhibitor in brain precedes maximum anticonvulsant effect by one to two hours for both drugs. Among several possible reasons for this lack of direct correlation, an enhancing effect of acidosis consequent to systemic carbonic anhydrase inhibition was considered a definite possibility. Ammonium chloride acidosis augments the anticonvulsant activity of methazolamide. Inhibition of brain carbonic anhydrase is the prime event in the anti-convulsant activity of carbonic anhydrase inhibitors, but the available data do not exclude the sequelae of renal or red cell carbonic anhydrase inhibition as participants in the process."
56,1957,Brain tumor depth determination by electrographic recordings during sleep.,"D. Silverman, R. A. Groff",A M A Archives of Neurology & Psychiatry,1957-07-01,25,0,89.05,"Connectomics, Graph Models, and Brain Networks",brain-structure;connectome,Positions Brain tumor depth determination by electrographic recordings during sleep. within Clinical Neurology and Neurodegeneration.,high citation signal (25); recognized venue; brain-structure signal,"Graph results can depend strongly on parcellation, thresholding, acquisition, and preprocessing choices.; Correlation networks are often interpreted more causally than the evidence supports.; Imaging conclusions can depend on acquisition, preprocessing, and model specification.",10.1001/ARCHNEURPSYC.1957.02330370029002,8dbea28d763eae81fe0a8feb8fc6c0fa8f202c91,https://doi.org/10.1001/ARCHNEURPSYC.1957.02330370029002,,,,JournalArticle,unknown,brain; brain/neural structure in title; historical computation/learning bridge,
57,1957,EFFECTS OF VARIOUS IMMUNE RABBIT SERUMS ON THE CELLS OF SEVERAL TRANSPLANTED MOUSE LYMPHOMAS IN VITRO AND IN VIVO,"S. Mohos, J. G. Kidd",Journal of Experimental Medicine,1957-02-28,24,0,90.54,"Brain Decoding, Representation Learning, and BCI",brain-structure;decoding;neuromorphic-bci,"notably kidney, liver, brain, whole embryos, and erythrocytes) proved lethal for the cells of several transplanted mouse lymphomas in vitro in the presence of complement; but these immune serums, when given intraperitoneally in large amounts to susceptible mice that had been implanted subcutaneously with lymphoma cells of one or another of several types, failed entirely to inhibit growth of the lymphoma cells in vivo.",high citation signal (24); open-access PDF metadata; brain-structure signal; brain-to-model interface signal,"Small cohorts, session drift, invasive risk, and nonstationary signals limit generalization.; Offline decoding accuracy may not reflect real-time user burden or long-term deployment reliability.; Imaging conclusions can depend on acquisition, preprocessing, and model specification.",10.1084/jem.105.3.233,5e894963bcca1999f1651b5f06e95b30bb434a65,https://doi.org/10.1084/jem.105.3.233,,https://rupress.org/jem/article-pdf/105/3/233/1078971/233.pdf,,JournalArticle,unknown,brain; neuromorphic; explicit brain-structure/AI bridge,"Immune serums prepared in rabbits with antigens made from normal mouse organs and tissues that were presumably devoid of large numbers of lymphocytic cells (notably kidney, liver, brain, whole embryos, and erythrocytes) proved lethal for the cells of several transplanted mouse lymphomas in vitro in the presence of complement; but these immune serums, when given intraperitoneally in large amounts to susceptible mice that had been implanted subcutaneously with lymphoma cells of one or another of several types, failed entirely to inhibit growth of the lymphoma cells in vivo. In contrast, immune serums made with cells procured from transplanted mouse lymphomas as antigens, and those made with cells from normal mouse thymus or lymph nodes, acted even more powerfully upon the several types of lymphoma cells in vitro than did the immune serums prepared with normal mouse organs, and when given intraperitoneally to implanted mice they brought about death of the lymphoma cells in vivo, the effect being to a considerable extent specific and referable to an antibody that reacts with neoplastic and non-neoplastic lymphocytic cells of mice, as absorption experiments disclosed. In comparative tests, furthermore, the anti-lymphoma serums acted more powerfully upon the lymphoma cells in vivo than did such chemotherapeutic agents as amethopterin, azaguanine, ethionine, azaserine, and 6-mercaptopurine, given singly or in various combinations in maximal tolerated amounts, though their effects were not so powerful as those exerted by normal guinea pig serum on lymphoma cells of two types that are susceptible to its action in vivo. The significance of the findings was briefly discussed."
58,1957,General systemic effects and electrocardiographic changes following injections of digitalis glycosides into the lateral ventricle of the brain.,"K. I. Melville, H. Shister",American Heart Journal,1957-03-01,24,0,76.34,"Connectomics, Graph Models, and Brain Networks",brain-structure;connectome,Positions General systemic effects and electrocardiographic changes following injections of digitalis glycosides into the lateral ventricle of the brain. within General Brain Science and Reviews.,high citation signal (24); brain-structure signal,"Graph results can depend strongly on parcellation, thresholding, acquisition, and preprocessing choices.; Correlation networks are often interpreted more causally than the evidence supports.; Imaging conclusions can depend on acquisition, preprocessing, and model specification.",10.1016/0002-8703(57)90177-1,a241ffb0fe20b023bc47f5b27d8fb750a2791546,https://doi.org/10.1016/0002-8703(57)90177-1,,,,JournalArticle,unknown,brain; brain/neural structure in title; historical computation/learning bridge,
59,1957,"Topic action of reserpine, serotonin, and chlorpromazine on the unanesthetized rabbit's brain.","H. Gangloff, M. Monnier",Helvetica physiologica et pharmacologica acta,1957,23,1,93.6,"Electrophysiology, Neural Signals, and AI Decoding",brain-structure;neural-signals,"Positions Topic action of reserpine, serotonin, and chlorpromazine on the unanesthetized rabbit's brain. within EEG, MEG, and Electrophysiology.",high citation signal (23); brain-structure signal,"Signal artifacts, montage choices, source localization, and session drift can dominate apparent model performance.; Temporal precision does not automatically imply anatomical specificity.; Imaging conclusions can depend on acquisition, preprocessing, and model specification.",,db011a0e2ea521a0cbea6d8118ba169432d39cda,https://www.semanticscholar.org/paper/db011a0e2ea521a0cbea6d8118ba169432d39cda,,,,JournalArticle,unknown,brain; neural; decoding; brain/neural structure in title; explicit brain-structure/AI bridge,
60,1957,A roentgenographic stereotaxic technique for implanting and maintaining electrodes in the brain of man.,"H. Becker, W. L. Founds, S. M. Peacock, R. G. Heath, R. Llewellyn, W. A. Mickle",Electroencephalography and Clinical Neurophysiology,1957-08-01,22,0,78.44,"Electrophysiology, Neural Signals, and AI Decoding",brain-structure;connectome;neural-signals;clinical-neuroai;neuromorphic-bci,"Positions A roentgenographic stereotaxic technique for implanting and maintaining electrodes in the brain of man. within EEG, MEG, and Electrophysiology.",high citation signal (22); brain-structure signal; brain-to-model interface signal,"Signal artifacts, montage choices, source localization, and session drift can dominate apparent model performance.; Temporal precision does not automatically imply anatomical specificity.; Imaging conclusions can depend on acquisition, preprocessing, and model specification.",10.1016/0013-4694(57)90042-1,d453a81f4c63c89235ed1da8b4e75d7327403fbf,https://doi.org/10.1016/0013-4694(57)90042-1,,,,JournalArticle,unknown,brain; brain/neural structure in title; historical computation/learning bridge,
61,1957,The role of pre-injury education and intelligence level in intellectual loss after brain injury.,"S. Weinstein, H. Teuber",Journal of Comparative and Physiological Psychology,1957-10-01,21,0,72.84,"Cognitive Architectures, Learning, and Systems Neuroscience",brain-structure,"Positions The role of pre-injury education and intelligence level in intellectual loss after brain injury. within Cerebrovascular, Metabolism, and Brain Injury.",high citation signal (21); brain-structure signal,"Task designs can oversimplify cognition and limit ecological validity.; Circuit-behavior correlations need causal perturbation or strong model comparison before mechanistic claims are secure.; Imaging conclusions can depend on acquisition, preprocessing, and model specification.",10.1037/H0047738,8aaad05f161b3a417b27911eec0d98e934612191,https://doi.org/10.1037/H0047738,,,,JournalArticle,unknown,brain; brain/neural structure in title; historical computation/learning bridge,
62,1957,Identification of neurones giving burst response in isolated cerebral cortex.,"B. Burns, B. Grafstein, J. Olszewski",Journal of Neurophysiology,1957-03-01,19,0,91.12,"Cellular, Synaptic, and Neuromorphic Foundations",brain-structure,"Positions Identification of neurones giving burst response in isolated cerebral cortex. within Cellular, Molecular, and Synaptic Neuroscience.",high citation signal (19); brain-structure signal,"Cellular mechanisms rarely scale directly into whole-brain behavior or modern AI architectures.; Animal and ex vivo findings require careful translation to human cognition and deployed systems.; Imaging conclusions can depend on acquisition, preprocessing, and model specification.",10.1152/JN.1957.20.2.200,be178490ff7eebfef36e0ecc22b1fd78a1635cae,https://doi.org/10.1152/JN.1957.20.2.200,,,,JournalArticle,unknown,cerebral; cortex; neuron; neuromorphic; brain/neural structure in title; explicit brain-structure/AI bridge,
63,1957,End-feet in the cerebral cortex.,"J. Armstrong, J. Young",Journal of Physiology,1957-06-18,19,0,67.12,General Brain-AI Structure Reviews and Methods,brain-structure,Positions End-feet in the cerebral cortex. within General Brain Science and Reviews.,high citation signal (19); brain-structure signal,"Reviews and methods can dominate citations while obscuring smaller empirical advances.; Bridge terminology can be ambiguous, especially around neural networks, intelligence, and biological plausibility.; Imaging conclusions can depend on acquisition, preprocessing, and model specification.",,3ed77d7071af9b6c298a0b34e3c536f5ec03095a,https://www.semanticscholar.org/paper/3ed77d7071af9b6c298a0b34e3c536f5ec03095a,,,,JournalArticle,unknown,brain; cerebral; cortex; brain/neural structure in title,
64,1957,Cerebral Sympathetic Vasoconstriction and EEGL,"B. Holmqvist, D. Ingvar, B. Siesjö",Unknown venue,1957-04-01,18,0,85.4,"Electrophysiology, Neural Signals, and AI Decoding",brain-structure;neural-signals,"Positions Cerebral Sympathetic Vasoconstriction and EEGL within EEG, MEG, and Electrophysiology.",high citation signal (18); brain-structure signal,"Signal artifacts, montage choices, source localization, and session drift can dominate apparent model performance.; Temporal precision does not automatically imply anatomical specificity.; Imaging conclusions can depend on acquisition, preprocessing, and model specification.",10.1111/J.1748-1716.1957.TB01484.X,c8a2c622106d863cbfc800dcde3ecd4bc89afaa5,https://doi.org/10.1111/J.1748-1716.1957.TB01484.X,,,,paper,unknown,cerebral; eeg; neural; decoding; explicit brain-structure/AI bridge,
65,1957,Projection of fast afferents to the cerebral cortex of monkey.,"E. Gardner, F. Morin",American Journal of Physiology,1957-03-31,18,0,66.2,General Brain-AI Structure Reviews and Methods,brain-structure,Positions Projection of fast afferents to the cerebral cortex of monkey. within General Brain Science and Reviews.,high citation signal (18); brain-structure signal,"Reviews and methods can dominate citations while obscuring smaller empirical advances.; Bridge terminology can be ambiguous, especially around neural networks, intelligence, and biological plausibility.; Imaging conclusions can depend on acquisition, preprocessing, and model specification.",10.1152/AJPLEGACY.1957.189.1.152,cc815a7f7624178888f16c182fbcb64bc486e1d4,https://doi.org/10.1152/AJPLEGACY.1957.189.1.152,,,,JournalArticle,unknown,brain; cerebral; cortex; brain/neural structure in title,
66,1957,"The topical action of morphine, levorphanol (levorphan) and the morphine antagonist levallorphan on the unanesthetized rabbit's brain.","H. Gangloff, M. Monnier",Journal of Pharmacology and Experimental Therapeutics,1957-09-01,17,0,76.43,"Connectomics, Graph Models, and Brain Networks",brain-structure;connectome,"The impact on the unanesthetized rabbit's brain of morphine hydrochloride, levorphan and levallorphan, (a drug antagonizing both the respiratory depression and the analgesia produced by morphine) was determined electrographically.",high citation signal (17); brain-structure signal,"Graph results can depend strongly on parcellation, thresholding, acquisition, and preprocessing choices.; Correlation networks are often interpreted more causally than the evidence supports.; Imaging conclusions can depend on acquisition, preprocessing, and model specification.",10.1016/s0022-3565(25)23401-2,6dd4dff3a8064298c67390727b7a133c01de2b02,https://doi.org/10.1016/s0022-3565(25)23401-2,,,,JournalArticle,unknown,brain; cortex; hippocampus; thalamus; brain/neural structure in title; historical computation/learning bridge,"The impact on the unanesthetized rabbit's brain of morphine hydrochloride, levorphan and levallorphan, (a drug antagonizing both the respiratory depression and the analgesia produced by morphine) was determined electrographically. The topical antagonism between the morphine-levorphan group and levallorphan at various low doses (0.2 to 0.8 mgm./kgm. i.v.) and higher doses (6 to 15 mgm./kgm. i. v.) has been confirmed electrographically. Morphine and levorphan evoke a sleep-like, generalized slow wave activity with drowsiness, when higher doses are given (20-40 mgm./kgm. i.v.). Low levallorphan doses induce an electrographic arousal (low voltage, fast waves in the sensorimotor cortex, acceleration of the synchronized 5 to 7 c/s group activity in the thalamus, rhinencephalon and parieto-occipital cortex) combined with increased alertness. Morphine and levorphan depress or abolish the electrographic attention or arousal response to human presence or to stimulation of the midbrain reticular formation. Levallorphan increases this response at higher doses. Morphine and levorphan increase the excitability of the thalamic intralaminary system. Levallorphan strongly decreases it at all doses. Morphine enhances the activity of the rhinencephalon (hippocampus) and of its projections. Levallorphan has the opposite action, especially when low doses are given. Our experiments bring pharmacological evidence of the existence of a functional interaction between the thalamic intralaminary system and the midbrain reticular formation (Moruzzi and Magoun, 1949). Morphine and levallorphan as typical antagonistic substances act in opposite ways on these two systems, involved in the organization of consciousness and pain. Thus morphine activates the thalamic intralaminary system, at doses which depress consciousness and pain, whereas levallorphan, at doses necessary to antagonize the morphine analgesia, activates the reticular formation at the midbrain level. One of the main differences between analgesics and tranquillizers may be their different actions on the intralaminary thalamus and reticular formation. The recruiting activity of the intralaminary thalamus is enhanced by morphine and depressed by reserpine or serotonin; the midbrain reticular system on the contrary is depressed by morphine, but not markedly influenced by reserpine or serotonin. Similarly the two groups of drugs have opposite actions on the rhinencephalon (hippocampus). This system is activated by morphine and depressed by levallorphan. The mechanism of the antagonizing actions of levallorphan against morphine is discussed. This drug is relatively ineffective against other depressing agents, such as barbiturates, which also depress the respiration, because the topic action of the latter is different from that of the narcotics."
67,1957,Neurosecretory Cells in the Brain of the Larva of Lucilia caesar L.,A. Fraser,Nature,1957-02-02,16,0,96.2,"Cellular, Synaptic, and Neuromorphic Foundations",brain-structure,Positions Neurosecretory Cells in the Brain of the Larva of Lucilia caesar L. within General Brain Science and Reviews.,high citation signal (16); recognized venue; brain-structure signal,"Cellular mechanisms rarely scale directly into whole-brain behavior or modern AI architectures.; Animal and ex vivo findings require careful translation to human cognition and deployed systems.; Imaging conclusions can depend on acquisition, preprocessing, and model specification.",10.1038/179257A0,a99b35f783deef542bc0ee4b61138367ec776dc1,https://doi.org/10.1038/179257A0,,,,JournalArticle,unknown,brain; neuromorphic; brain/neural structure in title; explicit brain-structure/AI bridge,
68,1957,Mauthner Neurones in Young Larval Lampreys (Lampetra spp.),H. Whiting,Unknown venue,1957-06-01,16,0,79.4,"Cellular, Synaptic, and Neuromorphic Foundations",brain-structure;neuroimaging,Positions Mauthner Neurones in Young Larval Lampreys (Lampetra spp.) within Neuroimaging and Brain Mapping.,high citation signal (16); brain-structure signal,"Cellular mechanisms rarely scale directly into whole-brain behavior or modern AI architectures.; Animal and ex vivo findings require careful translation to human cognition and deployed systems.; Imaging conclusions can depend on acquisition, preprocessing, and model specification.",,2af8457daf0342500177cdd60222d2a13bbafcef,https://www.semanticscholar.org/paper/2af8457daf0342500177cdd60222d2a13bbafcef,,,,Review,unknown,neuron; neuromorphic; explicit brain-structure/AI bridge,
69,1957,Chronic respiratory acidosis due to brain disease; reversal of normal electroencephalographic response to hyperventilation.,"R. Efron, D. C. Kent",A M A Archives of Neurology & Psychiatry,1957-06-01,16,0,82.6,"Electrophysiology, Neural Signals, and AI Decoding",brain-structure;connectome;neural-signals,"Positions Chronic respiratory acidosis due to brain disease; reversal of normal electroencephalographic response to hyperventilation. within EEG, MEG, and Electrophysiology.",high citation signal (16); recognized venue; brain-structure signal,"Signal artifacts, montage choices, source localization, and session drift can dominate apparent model performance.; Temporal precision does not automatically imply anatomical specificity.; Imaging conclusions can depend on acquisition, preprocessing, and model specification.",10.1001/ARCHNEURPSYC.1957.02330360033002,6060fbe977d9d93c81ce26c3c46dcfeebd658e36,https://doi.org/10.1001/ARCHNEURPSYC.1957.02330360033002,,,,JournalArticle,unknown,brain; brain/neural structure in title; historical computation/learning bridge,
70,1957,AUTONOMIC NERVOUS SYSTEM,"Bill Blessing, Ian Gibbins",Scholarpedia,1957-11-01,15,1,90.11,"Cellular, Synaptic, and Neuromorphic Foundations",brain-structure,"The portion of the nervous system that regulates the activity of smooth muscle, cardiac muscle, and glands is the autonomic nervous system (ANS).",high citation signal (15); open-access PDF metadata; brain-structure signal,"Cellular mechanisms rarely scale directly into whole-brain behavior or modern AI architectures.; Animal and ex vivo findings require careful translation to human cognition and deployed systems.; Imaging conclusions can depend on acquisition, preprocessing, and model specification.",10.4249/scholarpedia.2787,1ea1a951cfa8adec20f8f4034ea02dc7ffb43183,https://doi.org/10.4249/scholarpedia.2787,,https://doi.org/10.32388/sznj7n,,JournalArticle,unknown,brain; cerebral; cortex; thalamus; hypothalamus; neuron; neuromorphic; explicit brain-structure/AI bridge,"The portion of the nervous system that regulates the activity of smooth muscle, cardiac muscle, and glands is the autonomic nervous system (ANS). Structurally, the system consists of visceral efferent neurons organized into nerves, ganglia, and plexuses. Functionally, the system usually operates without conscious control. The autonomic system is neither structurally nor functionally independent of the central nervous system. It is regulated by centers in the brain, in particular by the cerebral cortex, hypothalamus, and medulla oblongata."
71,1957,Evidence for Subcortical Regulation of the Afferent Discharge to the Somatic Sensory Cortex in Man,"K. Hagbarth, S. Höjeberg",Nature,1957-03-09,15,1,75.11,General Brain-AI Structure Reviews and Methods,brain-structure,Positions Evidence for Subcortical Regulation of the Afferent Discharge to the Somatic Sensory Cortex in Man within General Brain Science and Reviews.,high citation signal (15); recognized venue; brain-structure signal,"Reviews and methods can dominate citations while obscuring smaller empirical advances.; Bridge terminology can be ambiguous, especially around neural networks, intelligence, and biological plausibility.; Imaging conclusions can depend on acquisition, preprocessing, and model specification.",10.1038/179526A0,b235e88ed10e0cd9e14ef1f1e058e81ffac6b296,https://doi.org/10.1038/179526A0,,,,JournalArticle,unknown,brain; cortex; cortical; brain/neural structure in title,
72,1957,The form and development of the blood vessels of the mammalian cerebral cortex.,O. Lewis,Journal of Anatomy,1957,15,0,63.11,General Brain-AI Structure Reviews and Methods,brain-structure,"Positions The form and development of the blood vessels of the mammalian cerebral cortex. within Brain Development, Plasticity, and Connectomics.",high citation signal (15); brain-structure signal,"Reviews and methods can dominate citations while obscuring smaller empirical advances.; Bridge terminology can be ambiguous, especially around neural networks, intelligence, and biological plausibility.; Imaging conclusions can depend on acquisition, preprocessing, and model specification.",,06185cb8235b16786a0086675f213d7ce06dac7a,https://www.semanticscholar.org/paper/06185cb8235b16786a0086675f213d7ce06dac7a,,,,JournalArticle,unknown,brain; cerebral; cortex; brain/neural structure in title,
73,1957,Studies of cerebral circulation in brain injury. IV. Ischemia and hypoxemia of the brain stem and respiratory center.,J. Meyer,Electroencephalography and Clinical Neurophysiology,1957-02-01,14,0,71.54,"Connectomics, Graph Models, and Brain Networks",brain-structure;connectome;neural-signals;clinical-neuroai,"Positions Studies of cerebral circulation in brain injury. IV. Ischemia and hypoxemia of the brain stem and respiratory center. within Cerebrovascular, Metabolism, and Brain Injury.",high citation signal (14); brain-structure signal,"Graph results can depend strongly on parcellation, thresholding, acquisition, and preprocessing choices.; Correlation networks are often interpreted more causally than the evidence supports.; Imaging conclusions can depend on acquisition, preprocessing, and model specification.",10.1016/0013-4694(57)90112-8,4650e56a8a35c26a2cdddad80ff7dc8417ab974e,https://doi.org/10.1016/0013-4694(57)90112-8,,,,JournalArticle,unknown,brain; cerebral; brain/neural structure in title; historical computation/learning bridge,
74,1957,Polarographic study of cortical blood flow in man.,"J. Meyer, J. Hunter",Journal of Neurosurgery,1957-07-01,14,0,63.14,"Connectomics, Graph Models, and Brain Networks",brain-structure;connectome,Positions Polarographic study of cortical blood flow in man. within General Brain Science and Reviews.,high citation signal (14); brain-structure signal,"Graph results can depend strongly on parcellation, thresholding, acquisition, and preprocessing choices.; Correlation networks are often interpreted more causally than the evidence supports.; Imaging conclusions can depend on acquisition, preprocessing, and model specification.",10.3171/JNS.1957.14.4.0382,f1dcee674d4cd4b2d211dd88bb6c22a8a1668a74,https://doi.org/10.3171/JNS.1957.14.4.0382,,,,JournalArticle,unknown,brain; cortical; historical computation/learning bridge,
75,1957,The radiographic localization of intracerebral gliomata,"J. Bull, R. Rovit",Unknown venue,1957,13,0,61.9,"Connectomics, Graph Models, and Brain Networks",brain-structure;connectome,Positions The radiographic localization of intracerebral gliomata within General Brain Science and Reviews.,high citation signal (13); brain-structure signal,"Graph results can depend strongly on parcellation, thresholding, acquisition, and preprocessing choices.; Correlation networks are often interpreted more causally than the evidence supports.; Imaging conclusions can depend on acquisition, preprocessing, and model specification.",10.1016/S0368-2242(57)80047-5,f8afc1e7e01cc9d3df3bc3c9a3e560dc158ad1cc,https://doi.org/10.1016/S0368-2242(57)80047-5,,,,paper,unknown,brain; cerebral; historical computation/learning bridge,
76,1957,Pharmacological actions of a convulsant barbiturate. II. Effects compared with pentobarbital on cerebral cortex and some brain stem systems of the cat.,E. Domino,Journal of Pharmacology and Experimental Therapeutics,1957-02-01,12,0,88.57,"Cellular, Synaptic, and Neuromorphic Foundations",brain-structure;neural-signals,"The actions of a convulsant barbiturate, sodium 5-ethyl, 5-(1,3-dimethylbutyl) barbiturate were compared with pentobarbital on EEG arousal, EEG recruitment, and on the spontaneous electrical activity of the partially neuronally isolated cerebral cortex preparation.",high citation signal (12); brain-structure signal,"Cellular mechanisms rarely scale directly into whole-brain behavior or modern AI architectures.; Animal and ex vivo findings require careful translation to human cognition and deployed systems.; Imaging conclusions can depend on acquisition, preprocessing, and model specification.",10.1016/s0022-3565(25)11849-1,cdf338ce9b33f8add45caefcf16a8e39eaf6d4c4,https://doi.org/10.1016/s0022-3565(25)11849-1,,,,JournalArticle,unknown,brain; cerebral; cortex; eeg; neuron; neuromorphic; brain/neural structure in title; explicit brain-structure/AI bridge,"The actions of a convulsant barbiturate, sodium 5-ethyl, 5-(1,3-dimethylbutyl) barbiturate were compared with pentobarbital on EEG arousal, EEG recruitment, and on the spontaneous electrical activity of the partially neuronally isolated cerebral cortex preparation. The convulsant barbiturate produces a transient low voltage, fast frequency EEG which is soon followed by medium voltage, medium frequency activity. EEG arousal elicited by electrical stimulation of the midbrain reticular formation is depressed by progressive doses of this agent. EEG recruitment elicited by electrical stimulation of the diffuse thalamic projection system is initially reduced, and subsequently enhanced by small doses (2 mgm./kgm., i.v.) of the convulsant barbiturate. Larger doses depress these responses. After small doses of the convulsant barbiturate there is an increase in the amplitude and a decrease in the frequency of spontaneous activity of the partially neuronally isolated cerebral cortex. Larger doses markedly diminish all activity. Although important differences exist there is a remarkable similarity of action between pentobarbital and the convulsant barbiturate on these brain stem systems and cerebral cortex."
77,1957,Effect of chlorpromazine on the cell metabolism.,"I. Yamamoto, A. Tsujimoto, Y. Tsujimura, M. Minami, Y. Kurogochi",Japanese Journal of Pharmacology,1957,12,0,77.57,"Cellular, Synaptic, and Neuromorphic Foundations",brain-structure;clinical-neuroai,"Since H. Laborit (1) had been successful in ""l'hibernation artificielle"" with chlorpromazine and S.",high citation signal (12); open-access PDF metadata; brain-structure signal,"Cellular mechanisms rarely scale directly into whole-brain behavior or modern AI architectures.; Animal and ex vivo findings require careful translation to human cognition and deployed systems.; Imaging conclusions can depend on acquisition, preprocessing, and model specification.",10.1254/JJP.6.138,0560e623c3f8cddf872dd6e9a85828fc7fd9c201,https://doi.org/10.1254/JJP.6.138,,https://doi.org/10.1254/jjp.6.138,,JournalArticle,unknown,brain; neuromorphic; explicit brain-structure/AI bridge,"Since H. Laborit (1) had been successful in ""l'hibernation artificielle"" with chlorpromazine and S. Courvoisier et al. (2) had reported the pharmacological properties of the drug, the possible therapeutic usefullness have been attempted for the treatment of neuropsychiatric disorders and the other diseases. On the other hand, a few information could be found on the effect of chlorpromazine on the cell metabolism. A. Balesterieri (3) reported that the glucose oxidation was inhibited more eminently by the drug than phenobarbital, but the succinate oxidation was not affected. L. Perruzzo et al. (4) pointed out that the oxygen consumption of the brain slice in the chlorpromazine solution was reduced. F. Decourt et al. (5) showed that the fermentation of alcohol by yeast was not inhibited by the lower concentration of chlorpromazine and the phosphorylation in the fermentation was not affected. Having been very much interested in the extensive clinical application of chlorpromazine without a satisfactory investigation of the effect on the cell metabolism, we have made an attempt at the study on the effect of this drug on the cell respiration."
78,1957,[On a new type of surgical anesthesia and on the therapeutic use of a depressor of the cerebral cortex; clinical and experimental study].,"H. Laborit, R. Coirault, R. Damasio, R. Gaujard, G. Laborit, P. Fabrizy, et al.",La Presse medicale,1957-06-05,12,0,60.57,Clinical NeuroAI and Brain Disorders,brain-structure;clinical-neuroai,Positions [On a new type of surgical anesthesia and on the therapeutic use of a depressor of the cerebral cortex; clinical and experimental study]. within Clinical Neurology and Neurodegeneration.,high citation signal (12); brain-structure signal,"Clinical cohorts vary by disease stage, comorbidity, treatment history, and follow-up.; Models can learn site or demographic artifacts instead of disease mechanisms.; Imaging conclusions can depend on acquisition, preprocessing, and model specification.",,f5a1e686bae1452aa4480e77cf0557595fbc4d39,https://www.semanticscholar.org/paper/f5a1e686bae1452aa4480e77cf0557595fbc4d39,,,,JournalArticle,unknown,brain; cerebral; cortex; brain/neural structure in title,
79,1957,The form and development of the blood vessels of the mammalian cerebral cortex.,Lewis Oj,Unknown venue,1957,12,0,59.37,General Brain-AI Structure Reviews and Methods,brain-structure,"Positions The form and development of the blood vessels of the mammalian cerebral cortex. within Brain Development, Plasticity, and Connectomics.",high citation signal (12); brain-structure signal,"Reviews and methods can dominate citations while obscuring smaller empirical advances.; Bridge terminology can be ambiguous, especially around neural networks, intelligence, and biological plausibility.; Imaging conclusions can depend on acquisition, preprocessing, and model specification.",,65e70cc264ac1f757d23056476ea2417e4cc04c9,https://www.semanticscholar.org/paper/65e70cc264ac1f757d23056476ea2417e4cc04c9,,,,paper,unknown,brain; cerebral; cortex; brain/neural structure in title,
80,1957,Electrical stimulation of the brain and the psychophysiology of learning and motivation.,Zeigler Hp,Psychological bulletin,1957-09-01,11,0,77.93,"Cognitive Architectures, Learning, and Systems Neuroscience",brain-structure,Positions Electrical stimulation of the brain and the psychophysiology of learning and motivation. within Cognitive and Systems Neuroscience.,high citation signal (11); brain-structure signal,"Task designs can oversimplify cognition and limit ecological validity.; Circuit-behavior correlations need causal perturbation or strong model comparison before mechanistic claims are secure.; Imaging conclusions can depend on acquisition, preprocessing, and model specification.",10.1037/H0043348,4c4983465172d50aefe9e0f4ef8669c4e238fcc2,https://doi.org/10.1037/H0043348,,,,JournalArticle,unknown,brain; cognitive architecture; brain/neural structure in title; explicit brain-structure/AI bridge,
81,1957,The behavior of brain and retinal tissue in mortality of the early chick embryo,Raymond A. Sjodin,The Anatomical Record,1957-03-01,11,0,77.93,"Cognitive Architectures, Learning, and Systems Neuroscience",brain-structure,Positions The behavior of brain and retinal tissue in mortality of the early chick embryo within Cognitive and Systems Neuroscience.,high citation signal (11); brain-structure signal,"Task designs can oversimplify cognition and limit ecological validity.; Circuit-behavior correlations need causal perturbation or strong model comparison before mechanistic claims are secure.; Imaging conclusions can depend on acquisition, preprocessing, and model specification.",10.1002/ar.1091270308,d30980dc19627dc0167679c8dc1470f19df499cb,https://doi.org/10.1002/ar.1091270308,,,,JournalArticle,unknown,brain; cognitive architecture; brain/neural structure in title; explicit brain-structure/AI bridge,
82,1957,The Affect on Learning of Brain Pathology,H. F. Burks,Unknown venue,1957-12-01,10,0,76.36,"Cognitive Architectures, Learning, and Systems Neuroscience",brain-structure,Positions The Affect on Learning of Brain Pathology within Cognitive and Systems Neuroscience.,high citation signal (10); brain-structure signal,"Task designs can oversimplify cognition and limit ecological validity.; Circuit-behavior correlations need causal perturbation or strong model comparison before mechanistic claims are secure.; Imaging conclusions can depend on acquisition, preprocessing, and model specification.",10.1177/001440295702400404,e623d98adb6fc19bc0998c1f3647e85db64a5ebc,https://doi.org/10.1177/001440295702400404,,,,JournalArticle,unknown,brain; cognitive architecture; brain/neural structure in title; explicit brain-structure/AI bridge,
83,1957,Biochemical and physiological differentiation during morphogenesis. XXI. Effect of hypothyroidism and hormone therapy on enzyme activities of the developing cerebral cortex of the rat.,"M. Hamburgh, L. B. Flexner",Journal of Neurochemistry,1957,9,0,54.65,General Brain-AI Structure Reviews and Methods,brain-structure,Positions Biochemical and physiological differentiation during morphogenesis. XXI. Effect of hypothyroidism and hormone therapy on enzyme activities of the developing cerebral cortex of the rat. within General Brain Science and Reviews.,high citation signal (9); brain-structure signal,"Reviews and methods can dominate citations while obscuring smaller empirical advances.; Bridge terminology can be ambiguous, especially around neural networks, intelligence, and biological plausibility.; Imaging conclusions can depend on acquisition, preprocessing, and model specification.",,50d4e64d8d8b4d04cec4aa202adc0540ce232c84,https://www.semanticscholar.org/paper/50d4e64d8d8b4d04cec4aa202adc0540ce232c84,,,,JournalArticle,unknown,brain; cerebral; cortex; brain/neural structure in title,
84,1957,Selective blockade of excitatory synapses in the cat brain by gamma-aminobutyric acid.,"D. Purpura, M. Girado, H. Grundfest",Science,1957,8,0,86.75,"Cellular, Synaptic, and Neuromorphic Foundations",brain-structure,"Positions Selective blockade of excitatory synapses in the cat brain by gamma-aminobutyric acid. within Cellular, Molecular, and Synaptic Neuroscience.",high citation signal (8); recognized venue; brain-structure signal,"Cellular mechanisms rarely scale directly into whole-brain behavior or modern AI architectures.; Animal and ex vivo findings require careful translation to human cognition and deployed systems.; Imaging conclusions can depend on acquisition, preprocessing, and model specification.",,c5e729a9ed227e234ee9603e797902f53ae3b24d,https://www.semanticscholar.org/paper/c5e729a9ed227e234ee9603e797902f53ae3b24d,,,,JournalArticle,unknown,brain; synapse; neuromorphic; brain/neural structure in title; explicit brain-structure/AI bridge,
85,1957,Virus Disease and Psychiatric Ill-Health,J. Gould,The British journal of clinical practice,1957-12-01,8,1,71.15,"Cognitive Architectures, Learning, and Systems Neuroscience",brain-structure;neuroimaging;clinical-neuroai,thought is so typical in the early stages of such infections that it is taken as part of the pathognomy of influenza.,high citation signal (8); brain-structure signal,"Task designs can oversimplify cognition and limit ecological validity.; Circuit-behavior correlations need causal perturbation or strong model comparison before mechanistic claims are secure.; Imaging conclusions can depend on acquisition, preprocessing, and model specification.",10.1111/j.1742-1241.1957.tb02511.x,628fb0d28b50962adabef2fc4908b34f9820d52b,https://doi.org/10.1111/j.1742-1241.1957.tb02511.x,,,,JournalArticle,unknown,brain; cerebral; cognitive architecture; explicit brain-structure/AI bridge,"thought is so typical in the early stages of such infections that it is taken as part of the pathognomy of influenza. The svndrome includes mild variations of mood,' usuallv depression or dejection, loss of interest and ;1 general tendency to withdraw from affairs and activities. This, together with reduced tolerance to strain, largely completes the variable picture of the milder virus infections, with marked illness and minimal physical signs. Most of the symptoms mentioned are those of disturbance of the psychic hierarchy: interference with the mental processes; exaggeration of temperamental traits; release from inhibition of the mental content (Gould and Cooper, 1955). Thus the everyday anxieties of a sick person become accentuated. Insight may he lost, the patient frequently insists that he is "" perfectly all right, but merely a little unwell,"" and this may account for the undesirable tendency"" to try to keep on my feet."" To label such mild, usually transient, symptoms as a phase of toxiorganic psychosis may be considered clinical pedantry, but it draws attention to the fact that in this syndrome every gradation occurs, but, habitually a psychosis is considered present 920 THE BRITISH JOURNAL OF CLINICAL PRACTICE only when behaviour disorder becomes inconvenient. Impairment of abstract and original thought merges imperceptibly into impaired selection of words, impairment of perception of relation between objects, and then confusion leading through torpor to coma. Or, given a severe enough infection, coma may supervene at any stage. The disturbance of mood may become acute, the affective quality being dictated by temperament, for instance depressive, paranoid, hysterical or hypomanic. The second important psychosis associated with virus infection is the affective psychosis proper. Characteristically, this is depression of variable severity, and appears some weeks after the onset of the infection. In short-lived virus infections, therefore, it is encountered as the post-toxic or postinfective depressive illness, whereas in longer infection, it may declare itself during the clinical illness. It is well known that an acute virus illness may be followed by sudden attempted suicide. Clinically one does not, in these cases, encounter a true depressive reaction completely devoid of impairment of mental function, any more than a true disturbance of cerebral function without some affective disturbance. Whereas depression is well known to accompany or follow acute infection, the hypomanic reaction is less common. Virus infection, rarely, precipitates or ushers in a schizophrenic illness, and, less rarely, occasions the development of puerperal insanity. Much more commonly, virus infection aggravates already existing cerebral deterioration, the more so in the older, more fragile and senile patients. Neurosis is not usually significantly affected by virus disease although moods of dejection or self-pity, and complaints of lack of energy are understandably accentuated. So also, sometimes, is the intensity of pre-existing phobias. In children the prodromes of virus infection are characterized by a general deterioration of composure and behaviour. The child becomes fretful, difficult and less easy to manage. Frequently, the mother or the family doctor will diagnose the onset of chickenpox, for example, by associating this mild behaviour disorder with the existence of the illness in the environment. Thus, less obviously in adults but much more floridly in children, disintegration of the psychic hierarchy may herald infection. Much so-called regressive behaviour during illness may be the result of partial disintegration of the psychic hierarchy and is commonly transient. In the psychogenic view, the illness reduces resources and offers an acceptable means of withdrawing from the painful process of continued adjustment to reality; hitherto repressed desire for a return to infantile dependence re-emerges and achieves gratification, without loss of face, in the socially permitted increase of dependence and immaturity of behaviour at times of ill-health. Although such psychogenic reactions may occur, the outlook and conduct of the sick person is often equally readily interpreted, in infectious illness (especially virus) as impairment of resources and of cerebral metabolism, leading to impaired psychic integration. Consequently, 'release' phenomena occur, which may be considered the psychic analogues of Hughlings-]ackson's neurological concept. Postinfective debility is then more readily understandable: in children behaviour disorder enuresis, food fads, naughtiness, refusal to go to school and breakdown of habit-training in any or many directions; in adults -neurasthenia or chronic, mild depression, or ' hysteria "" 'hypochondriasis' and ' malingering' ; and in the aged, the general deterioration of faculties and persistence of increased dependence. These psychiatric concomitants of chronic ill-health have been discussed elsewhere (Gould, 1954). They are refractory to psychotherapy except where psychogenic elements significantly overload the picture, and it is these latter that respond while time usually heals the postinfective state. We have considered the psychiatric concomitants and the immediate psychiatric sequelae of virus infection. Virus infections, however, may exert specific lasting damage on various organs, which may be the focus of psychiatric disturbance not associated with virus infection per se. The brain and the endocrine glands appear to be the most important loci in this connection. Were encephalitis lethargica a proven virus infection, it would serve as a paradigm, for in its acute phase there may be acute disturbance of sleep, mentation and conduct; in the sub-acute phase non-specific psychiatric symptoms, finally merging in the child or young adolescent into an inability to develop or adjust socially so that something approaching psychopathy results. On occasion virus infection in childhood, notably whooping cough, may be associated with an encephalitic phase which may pass undiagnosed, but which THE BRITISH JOURNAL OF CLINICAL PRACTICE 92 1 may be followed by the transformation of a robust young child into a weedy specimen who remains inadequate and ineffectual (Gould, 1954). At times petit mal may develop, and hvsterical behaviour become manifest. Such patients are refractory to psychotherapy and, indeed, to most treatment although it may be possible to help them to adjust to their limitations. They always find life hard and are candidates for neurotic, psychosomatic or psychotic reactions to stress. Given a history of sudden behaviour disorder in a child, out of keeping with the natural history of its development, it is worth inquiring for the last significant illness, and not infrequently it will be found that the symptoms followed some 4-6 weeks after one of the childhood virus infections. In adolescence and early maturity the risk in mumps is orchitis and, less commonly, oophoritis. Encephalitis may also occur, but a damaged personality following mumps is most likely to be encountered in the male who, though not rendered eunuchoid, is yet partially deprived of drive and of its sublimated manifestations. In the child-bearing period, serious virus infections can contribute to miscarriage, and thus to emotional damage to the expectant mother, but this is not apparently a matter of much importance clinically unless the situation is already over-determined psychopathologically. Virus infection, it seems, less readily damages neurohumoral-psychiatric integration in the phase of full biological maturity, than in the female in the preclimacteric phase. In this phase, when the endocrine relationships are beginning to shift, and when emotional integration is in a state of natural flux, a virus pneumonia, whether or not accompanied by an acute psychiatric reaction, may be followed by psychosis, personality disorder, a menstrual syndrome, or its aggravation. Earlier it was suggested that a correlati~m could roughly be discerned between the slt.e of impact of the virus infection and the psychiatric picture, taking into account the developmental phase at which the infection occurs. This correlation can only be rough because the clinical descriptions of psychiatric illness occurring in acute virus inftxtions arc by clinicians With no particular interest in psychiatry, and are in general terms. Furthermorc, because t~ese psychiatric phenomena arc usually shortliVed, they arc dealt with bv sedation and the march of ~he syndrome is ol;scured. It is arguable whether this treatment of the acute psychosis is sound because, to the damaged intra~ellular metabolism is added a pharmacological msult. However, the evidence suggesting a physiological basis to the psychiatric reaction in virus infection is far from complete, and the correlation of psychiatric syndromes with disturbances of cell metabolism is not yet described in textbooks ofeither physiology or psychological medicine. Virus infections, restricted to the mucous membranes of the respiratory and alimentary tracts, tend to be associated with the mildest mental disturbances unless diarrhoea and vomiting cause such severe electrolyte disturbance as to precipitate further mental changes. During the systemic invasion, the characteristic psychiatric reaction is progressive impairment of the mental processes (that is, some degree of toxi-organic psychosis) but, in childhood, a much more ready disintegration of the psychic heirarchy results so that behaviour disorder may occur early. Affective disorders seem most commonly to occur in association with the systemic phase of virus infection, but more often as a sequel than as a concomitant unless the infection be prolonged. Where vast and metabolically active surfaces arc involved in the virus infection as, for instance, in virus pneumonia or hepatitis, the psychiatric picture may be florid. Acute confusion with much disinhibi"
86,1957,Apparatus for chronic stimulation of the brain of the rat by radiofrequency transmission.,"M. Greer, G. C. Riggle",Electroencephalography and Clinical Neurophysiology,1957-02-01,8,0,60.35,"Electrophysiology, Neural Signals, and AI Decoding",brain-structure;connectome;neural-signals;clinical-neuroai,"Positions Apparatus for chronic stimulation of the brain of the rat by radiofrequency transmission. within EEG, MEG, and Electrophysiology.",high citation signal (8); brain-structure signal,"Signal artifacts, montage choices, source localization, and session drift can dominate apparent model performance.; Temporal precision does not automatically imply anatomical specificity.; Imaging conclusions can depend on acquisition, preprocessing, and model specification.",10.1016/0013-4694(57)90121-9,da51700bff6e83645ca97b1064b2901f87c5b266,https://doi.org/10.1016/0013-4694(57)90121-9,,,,JournalArticle,unknown,brain; brain/neural structure in title; historical computation/learning bridge,
87,1957,"Age, vocabulary, anxiety, and brain damage as factors in verbal learning.",J. Robertson,Journal of Consulting Psychology,1957-04-01,7,0,70.63,"Cognitive Architectures, Learning, and Systems Neuroscience",brain-structure,"Positions Age, vocabulary, anxiety, and brain damage as factors in verbal learning. within Cognitive and Systems Neuroscience.",high citation signal (7); brain-structure signal,"Task designs can oversimplify cognition and limit ecological validity.; Circuit-behavior correlations need causal perturbation or strong model comparison before mechanistic claims are secure.; Imaging conclusions can depend on acquisition, preprocessing, and model specification.",10.1037/H0047253,5fd762fcd24eed5ca0549703e80f6f92921d9ea2,https://doi.org/10.1037/H0047253,,,,JournalArticle,unknown,brain; cognitive architecture; brain/neural structure in title; explicit brain-structure/AI bridge,
88,1957,THE ENHANCING EFFECT OF MURINE HEPATITIS VIRUS ON THE CEREBRAL ACTIVITY OF PLEUROPNEUMONIA-LIKE ORGANISMS IN MICE,J. Nelson,Journal of Experimental Medicine,1957-08-01,7,0,71.63,"Cellular, Synaptic, and Neuromorphic Foundations",brain-structure,Pleuropneumoma-like organisms (PPLO) of the catarrhal type were isolated from the brain of a Swiss mouse during the cranial passage of mouse hepatitis virus-MHV(C).,high citation signal (7); open-access PDF metadata; brain-structure signal,"Cellular mechanisms rarely scale directly into whole-brain behavior or modern AI architectures.; Animal and ex vivo findings require careful translation to human cognition and deployed systems.; Imaging conclusions can depend on acquisition, preprocessing, and model specification.",10.1084/jem.106.2.179,0a19aacc124c9c42d66d481a9d0c837a76a252e6,https://doi.org/10.1084/jem.106.2.179,,https://rupress.org/jem/article-pdf/106/2/179/1079108/179.pdf,,JournalArticle,unknown,brain; cerebral; cerebrum; neuromorphic; explicit brain-structure/AI bridge,"Pleuropneumoma-like organisms (PPLO) of the catarrhal type were isolated from the brain of a Swiss mouse during the cranial passage of mouse hepatitis virus-MHV(C). Cranial injection of the PPLO alone in Swiss and Princeton weanlings was attended by a meagre growth of the organisms in the brain, with no pathologic change. The growth of both catarrhal and conjunctival strains of PPLO in the brains of Swiss mice was greatly enhanced by the simultaneous injection of MHV(C). Rolling was not a characteristic sign prior to autopsy. Brain sections regularly showed a vigorous leukocytic response, commonly accompanied by the destruction of nerve cells in the anterior horns of the cerebrum. Injected in Princeton mice together with the virus, the organisms barely survived and were inactive. MHV(Pr) enhanced the growth and pathogenicity of PPLO in the brains of Princeton mice but failed to do so in Swiss. The behavior of PPLO in the brain was likewise affected by the presence of agar, as earlier observed by Findlay et al. In comparison with the effect of MHV, the enhancement was reduced in rate in both strains of mice and was not accompanied by outward signs of nervous disorder. Hydrocephalus which often followed injection of the PPLO-agar mixture was also produced by agar-bouillon alone."
89,1957,[Directed cold injuries in the cerebral cortex of the cat].,K. Balthasar,Deutsche Zeitschrift für Nervenheilkunde,1957,7,0,50.63,General Brain-AI Structure Reviews and Methods,brain-structure,Positions [Directed cold injuries in the cerebral cortex of the cat]. within General Brain Science and Reviews.,high citation signal (7); brain-structure signal,"Reviews and methods can dominate citations while obscuring smaller empirical advances.; Bridge terminology can be ambiguous, especially around neural networks, intelligence, and biological plausibility.; Imaging conclusions can depend on acquisition, preprocessing, and model specification.",10.1007/BF00242645,1484514b85d155d75d01ebd7ec5546eab2c8a05a,https://doi.org/10.1007/BF00242645,,,,JournalArticle,unknown,brain; cerebral; cortex; brain/neural structure in title,
90,1957,Disturbance of rumination in the goat after ablation of the orbito-frontal lobes of the cerebral cortex,"F. Bell, A. Lawn",Unknown venue,1957-10-01,7,1,50.63,General Brain-AI Structure Reviews and Methods,brain-structure,Positions Disturbance of rumination in the goat after ablation of the orbito-frontal lobes of the cerebral cortex within General Brain Science and Reviews.,high citation signal (7); brain-structure signal,"Reviews and methods can dominate citations while obscuring smaller empirical advances.; Bridge terminology can be ambiguous, especially around neural networks, intelligence, and biological plausibility.; Imaging conclusions can depend on acquisition, preprocessing, and model specification.",10.1016/S0950-5601(57)80018-5,daaf48fa1ce7d705715ee62092ef1249902ce631,https://doi.org/10.1016/S0950-5601(57)80018-5,,,,paper,unknown,brain; cerebral; cortex; brain/neural structure in title,
91,1957,The effect on visual perception of stimulating the brain with polarizing currents.,"G. J. Thomas, P. A. Stewart",American Journal of Psychology,1957-12-01,6,0,68.23,"Cognitive Architectures, Learning, and Systems Neuroscience",brain-structure,Positions The effect on visual perception of stimulating the brain with polarizing currents. within Cognitive and Systems Neuroscience.,high citation signal (6); brain-structure signal,"Task designs can oversimplify cognition and limit ecological validity.; Circuit-behavior correlations need causal perturbation or strong model comparison before mechanistic claims are secure.; Imaging conclusions can depend on acquisition, preprocessing, and model specification.",10.2307/1419443,fe011c59b7b6046d4e33c7d3bcb8fa79468b00cb,https://doi.org/10.2307/1419443,,,,JournalArticle,unknown,brain; cognitive architecture; brain/neural structure in title; explicit brain-structure/AI bridge,
92,1957,Cerebral Vasomotor Tone and Eeg during Injections of Umbradil,"D. Ingvar, U. Söderberg",Unknown venue,1957-03-01,6,0,67.43,"Electrophysiology, Neural Signals, and AI Decoding",brain-structure;neural-signals,"Positions Cerebral Vasomotor Tone and Eeg during Injections of Umbradil within EEG, MEG, and Electrophysiology.",high citation signal (6); brain-structure signal,"Signal artifacts, montage choices, source localization, and session drift can dominate apparent model performance.; Temporal precision does not automatically imply anatomical specificity.; Imaging conclusions can depend on acquisition, preprocessing, and model specification.",10.1177/028418515704700304,d81eb282bcf32fef9c435036cbd155aa007462af,https://doi.org/10.1177/028418515704700304,,,,JournalArticle,unknown,cerebral; eeg; neural; decoding; explicit brain-structure/AI bridge,
93,1957,CONCERNING CONDUCTION AND ELECTRICAL EXCITABILITY IN THE TERMINAL PORTION OF THE APICAL DENDRITES OF THE PYRAMIDAL NEURONS,S. Fan,Unknown venue,1957,6,0,61.03,"Cellular, Synaptic, and Neuromorphic Foundations",,"Positions CONCERNING CONDUCTION AND ELECTRICAL EXCITABILITY IN THE TERMINAL PORTION OF THE APICAL DENDRITES OF THE PYRAMIDAL NEURONS within Cellular, Molecular, and Synaptic Neuroscience.",high citation signal (6),Cellular mechanisms rarely scale directly into whole-brain behavior or modern AI architectures.; Animal and ex vivo findings require careful translation to human cognition and deployed systems.; Metadata-level ranking should be complemented with full-text expert review before strong claims are made.,,e0525c6f50a291831222133f1a61d1d808805cfe,https://www.semanticscholar.org/paper/e0525c6f50a291831222133f1a61d1d808805cfe,,,,paper,unknown,neuron; neuromorphic; explicit brain-structure/AI bridge,
94,1957,CLINICAL AND PNEUMO-ENCEPHALOGRAPHIC STUDIES ON CEREBRAL ATROPHIES OF MIDDLE AGE,"Harald Frøshaug, N. Retterstøl",Acta psychiatrica et neurologica Scandinavica. Supplementum,1957-02-01,6,0,50.63,"Connectomics, Graph Models, and Brain Networks",brain-structure;connectome;clinical-neuroai,Positions CLINICAL AND PNEUMO-ENCEPHALOGRAPHIC STUDIES ON CEREBRAL ATROPHIES OF MIDDLE AGE within Clinical Neurology and Neurodegeneration.,high citation signal (6); brain-structure signal,"Graph results can depend strongly on parcellation, thresholding, acquisition, and preprocessing choices.; Correlation networks are often interpreted more causally than the evidence supports.; Imaging conclusions can depend on acquisition, preprocessing, and model specification.",10.1111/j.1600-0447.1956.tb04733.x,f717965cb556859abf9528c8d51640246befd591,https://doi.org/10.1111/j.1600-0447.1956.tb04733.x,,,,JournalArticle,unknown,brain; cerebral; historical computation/learning bridge,
95,1957,Quantitative histochemistry of proteolytic and oxidative enzymes in human cerebral cortex and brain tumors.,"A. Pope, H. Hess, J. Allen",Progress in neurobiology,1957,6,0,48.23,Clinical NeuroAI and Brain Disorders,brain-structure,Positions Quantitative histochemistry of proteolytic and oxidative enzymes in human cerebral cortex and brain tumors. within Clinical Neurology and Neurodegeneration.,high citation signal (6); brain-structure signal,"Clinical cohorts vary by disease stage, comorbidity, treatment history, and follow-up.; Models can learn site or demographic artifacts instead of disease mechanisms.; Imaging conclusions can depend on acquisition, preprocessing, and model specification.",,fbb00793cb76fff100c3e3b7a2801663e34e053f,https://www.semanticscholar.org/paper/fbb00793cb76fff100c3e3b7a2801663e34e053f,,,,JournalArticle,unknown,brain; cerebral; cortex; brain/neural structure in title,
96,1957,"Experimental Studies On Cerebral Swelling, Especially On The Change Of Extracellular Fluid In Brain *",T. Takakuwa,Unknown venue,1957-07-01,5,0,67.45,"Cellular, Synaptic, and Neuromorphic Foundations",brain-structure,"Positions Experimental Studies On Cerebral Swelling, Especially On The Change Of Extracellular Fluid In Brain * within General Brain Science and Reviews.",high citation signal (5); brain-structure signal,"Cellular mechanisms rarely scale directly into whole-brain behavior or modern AI architectures.; Animal and ex vivo findings require careful translation to human cognition and deployed systems.; Imaging conclusions can depend on acquisition, preprocessing, and model specification.",10.1111/j.1440-1827.1957.tb00486.x,54c34a774abbd7ba509847db33123324408d8ca2,https://doi.org/10.1111/j.1440-1827.1957.tb00486.x,,,,paper,unknown,brain; cerebral; neuromorphic; brain/neural structure in title; explicit brain-structure/AI bridge,
97,1957,In vitro studies on the growth properties of brain cortex cells of adult individuals.,Geiger Rs,Unknown venue,1957,5,0,67.45,"Cellular, Synaptic, and Neuromorphic Foundations",brain-structure,Positions In vitro studies on the growth properties of brain cortex cells of adult individuals. within General Brain Science and Reviews.,high citation signal (5); brain-structure signal,"Cellular mechanisms rarely scale directly into whole-brain behavior or modern AI architectures.; Animal and ex vivo findings require careful translation to human cognition and deployed systems.; Imaging conclusions can depend on acquisition, preprocessing, and model specification.",,549143998128964cf74227ed3df8023793ef3ce0,https://www.semanticscholar.org/paper/549143998128964cf74227ed3df8023793ef3ce0,,,,paper,unknown,brain; cortex; neuromorphic; brain/neural structure in title; explicit brain-structure/AI bridge,
98,1957,Brain Mechanisms in Behavior,R. Sperry,Unknown venue,1957-05-01,5,0,65.45,"Cognitive Architectures, Learning, and Systems Neuroscience",brain-structure,Positions Brain Mechanisms in Behavior within Cognitive and Systems Neuroscience.,high citation signal (5); brain-structure signal,"Task designs can oversimplify cognition and limit ecological validity.; Circuit-behavior correlations need causal perturbation or strong model comparison before mechanistic claims are secure.; Imaging conclusions can depend on acquisition, preprocessing, and model specification.",,f0944bb567f3a4eb4d9028d1893f0f2a93fe27cd,https://www.semanticscholar.org/paper/f0944bb567f3a4eb4d9028d1893f0f2a93fe27cd,,,,paper,unknown,brain; cognitive architecture; brain/neural structure in title; explicit brain-structure/AI bridge,
99,1957,"Hormones, brain function, and behavior : proceedings of a conference on Neuroendocrinology held at Arden House, Harriman, New York, 1956",H. Hoagland,Unknown venue,1957,5,0,65.45,"Cognitive Architectures, Learning, and Systems Neuroscience",brain-structure,"Positions Hormones, brain function, and behavior : proceedings of a conference on Neuroendocrinology held at Arden House, Harriman, New York, 1956 within Cognitive and Systems Neuroscience.",high citation signal (5); brain-structure signal,"Task designs can oversimplify cognition and limit ecological validity.; Circuit-behavior correlations need causal perturbation or strong model comparison before mechanistic claims are secure.; Imaging conclusions can depend on acquisition, preprocessing, and model specification.",10.1016/0003-3472(59)90060-0,cbf0180c1df08a60fa964bae29ff8dacdf457aca,https://doi.org/10.1016/0003-3472(59)90060-0,,,,paper,unknown,brain; cognitive architecture; brain/neural structure in title; explicit brain-structure/AI bridge,
100,1957,Evolution of the cerebral cortex: organ of the mind.,"P. Bailey, G. von Bonin",What's New,1957,5,0,45.45,General Brain-AI Structure Reviews and Methods,brain-structure,Positions Evolution of the cerebral cortex: organ of the mind. within General Brain Science and Reviews.,high citation signal (5); brain-structure signal,"Reviews and methods can dominate citations while obscuring smaller empirical advances.; Bridge terminology can be ambiguous, especially around neural networks, intelligence, and biological plausibility.; Imaging conclusions can depend on acquisition, preprocessing, and model specification.",,3a1ce36d46108c504c873751aaa5b9ad00ead0ca,https://www.semanticscholar.org/paper/3a1ce36d46108c504c873751aaa5b9ad00ead0ca,,,,JournalArticle,unknown,brain; cerebral; cortex; brain/neural structure in title,
