rank,year,title,authors,venue,publicationDate,citationCount,influentialCitationCount,importanceScore,category,keywordTags,keyIdea,strengths,limitations,doi,sourceId,url,semanticScholarUrl,openAccessPdf,githubUrl,workType,language,relevanceReason,abstract
1,1941,Afferent discharges to the cerebral cortex from peripheral sense organs,E. Adrian,Journal of Physiology,1941-09-08,411,10,124.58,General Brain-AI Structure Reviews and Methods,brain-structure,Positions Afferent discharges to the cerebral cortex from peripheral sense organs within General Brain Science and Reviews.,high citation signal (411); open-access PDF metadata; brain-structure signal,"Reviews and methods can dominate citations while obscuring smaller empirical advances.; Bridge terminology can be ambiguous, especially around neural networks, intelligence, and biological plausibility.; Imaging conclusions can depend on acquisition, preprocessing, and model specification.",10.1113/jphysiol.1941.sp003932,d938617f8331edd5ddfe91ac0bfa107d9cfee286,https://doi.org/10.1113/jphysiol.1941.sp003932,,https://onlinelibrary.wiley.com/doi/pdfdirect/10.1113/jphysiol.1941.sp003932,,JournalArticle; Review,unknown,brain; cerebral; cortex; brain/neural structure in title,
2,1941,Thalamo-cortical connections of the rat's brain,K. Lashley,Unknown venue,1941-08-01,188,2,105.55,General Brain-AI Structure Reviews and Methods,brain-structure,Positions Thalamo-cortical connections of the rat's brain within General Brain Science and Reviews.,high citation signal (188); brain-structure signal,"Reviews and methods can dominate citations while obscuring smaller empirical advances.; Bridge terminology can be ambiguous, especially around neural networks, intelligence, and biological plausibility.; Imaging conclusions can depend on acquisition, preprocessing, and model specification.",10.1002/cne.900750105,8df8d9fcd1416c0650c8bd57affe6699801dfb91,https://doi.org/10.1002/cne.900750105,,,,Review,unknown,brain; cortical; brain/neural structure in title,
3,1941,Experimental Brain Tumors. I. Tumors Produced with Methylcholanthrene,"H. M. Zimmerman, H. Arnold",Unknown venue,1941-12-01,183,4,103.07,Clinical NeuroAI and Brain Disorders,brain-structure,Positions Experimental Brain Tumors. I. Tumors Produced with Methylcholanthrene within Clinical Neurology and Neurodegeneration.,high citation signal (183); brain-structure signal,"Clinical cohorts vary by disease stage, comorbidity, treatment history, and follow-up.; Models can learn site or demographic artifacts instead of disease mechanisms.; Imaging conclusions can depend on acquisition, preprocessing, and model specification.",,313b2ccd734bac8f84befb3c159cb51b85fdac17,https://www.semanticscholar.org/paper/313b2ccd734bac8f84befb3c159cb51b85fdac17,,,,paper,unknown,brain; brain/neural structure in title,
4,1941,COMPARATIVE STUDIES OF THE METABOLISM OF THE BRAIN OF INFANT AND ADULT DOGS,"H. Himwich, J. Fazekas",Unknown venue,1941-02-28,131,0,100.09,General Brain-AI Structure Reviews and Methods,brain-structure,"Positions COMPARATIVE STUDIES OF THE METABOLISM OF THE BRAIN OF INFANT AND ADULT DOGS within Cerebrovascular, Metabolism, and Brain Injury.",high citation signal (131); open-access PDF metadata; brain-structure signal,"Reviews and methods can dominate citations while obscuring smaller empirical advances.; Bridge terminology can be ambiguous, especially around neural networks, intelligence, and biological plausibility.; Imaging conclusions can depend on acquisition, preprocessing, and model specification.",10.1152/AJPLEGACY.1941.132.2.454,229976805c2c215eb989aa0f206414c3a30231e7,https://doi.org/10.1152/AJPLEGACY.1941.132.2.454,,https://www.physiology.org/pb-assets/PDFs/2017-Legacy-1516816496183.pdf,,paper,unknown,brain; brain/neural structure in title,
5,1941,Electrical Activity of the Brain,H. Jasper,Unknown venue,1941-03-01,131,0,97.09,General Brain-AI Structure Reviews and Methods,brain-structure,Positions Electrical Activity of the Brain within General Brain Science and Reviews.,high citation signal (131); brain-structure signal,"Reviews and methods can dominate citations while obscuring smaller empirical advances.; Bridge terminology can be ambiguous, especially around neural networks, intelligence, and biological plausibility.; Imaging conclusions can depend on acquisition, preprocessing, and model specification.",10.1146/ANNUREV.PH.03.030141.002113,ed01c52a31bae60b9cbc2ff0269557a2b91dfcb3,https://doi.org/10.1146/ANNUREV.PH.03.030141.002113,,,,Review,unknown,brain; brain/neural structure in title,
6,1941,RECOVERY OF FUNCTION FOLLOWING ARREST OF THE BRAIN CIRCULATION,"H. Kabat, C. Dennis, A. Baker",Unknown venue,1941-03-31,92,2,93.79,General Brain-AI Structure Reviews and Methods,brain-structure,Positions RECOVERY OF FUNCTION FOLLOWING ARREST OF THE BRAIN CIRCULATION within General Brain Science and Reviews.,high citation signal (92); open-access PDF metadata; brain-structure signal,"Reviews and methods can dominate citations while obscuring smaller empirical advances.; Bridge terminology can be ambiguous, especially around neural networks, intelligence, and biological plausibility.; Imaging conclusions can depend on acquisition, preprocessing, and model specification.",10.1152/AJPLEGACY.1941.132.3.737,88bcbd3ec344825c8e6d18905032befc1090c0a8,https://doi.org/10.1152/AJPLEGACY.1941.132.3.737,,https://www.physiology.org/pb-assets/PDFs/2017-Legacy.pdf,,paper,unknown,brain; brain/neural structure in title,
7,1941,THE COMPLEMENT FIXATION TEST IN THE DIAGNOSIS OF VIRUS INFECTIONS OF THE CENTRAL NERVOUS SYSTEM,"J. Casals, R. Palacios",Journal of Experimental Medicine,1941-10-31,76,1,85.59,Clinical NeuroAI and Brain Disorders,brain-structure;clinical-neuroai,"A specific complement fixation test can be obtained in various central nervous system virus infections by using as antigens emulsions of infected brain tissue, freezing and thawing the brain emulsion, and then centrifuging it in an angle head centrifuge at 3500 R.P.M.",high citation signal (76); open-access PDF metadata; brain-structure signal,"Clinical cohorts vary by disease stage, comorbidity, treatment history, and follow-up.; Models can learn site or demographic artifacts instead of disease mechanisms.; Imaging conclusions can depend on acquisition, preprocessing, and model specification.",10.1084/jem.74.5.409,d467ff3322c23aea95a7076469de318140e0456f,https://doi.org/10.1084/jem.74.5.409,,https://rupress.org/jem/article-pdf/74/5/409/1182379/409.pdf,,JournalArticle,unknown,brain,"A specific complement fixation test can be obtained in various central nervous system virus infections by using as antigens emulsions of infected brain tissue, freezing and thawing the brain emulsion, and then centrifuging it in an angle head centrifuge at 3500 R.P.M. for 1 hour. The method has proved reliable in the case of rabies, St. Louis encephalitis, Japanese B encephalitis, lymphocytic choriomeningitis, Eastern equine encephalomyelitis, Western equine encephalomyelitis, louping ill, and spontaneous encephalomyelitis of mice (Theiler's disease). The specificity of the reaction, regardless of the virus involved, requires different temperatures of inactivation of the sera according to animal species: 56°C. for guinea pig, 60°C. for mouse, and 65°C. for rabbit and dog sera, all heated for 20 minutes. For human sera a temperature of inactivation of 60°C. also for 20 minutes has been adopted; at this temperature the reaction is in general specific. Complement-fixing antibodies in high titre were found in the sera of rabbits, guinea pigs, mice, and dogs immunized with rabies virus. Complement-fixing antibodies were present in high titre in sera drawn from two persons 8 years after an attack of louping ill, from five persons 2½ years after an attack of Eastern equine encephalomyelitis, and from two persons 2½ years after Western equine encephalomyelitis. In cases of St. Louis encephalitis and lymphocytic choriomeningitis, complement-fixing antibodies have been found shortly following infection but not after long periods."
8,1941,The effects of alcohol upon the electroencephalogram (brain waves).,"P. Davis, F. Gibbs, H. Davis, W. Jetter, L. S. Trowbridge",Unknown venue,1941-03-01,69,1,86.87,"Electrophysiology, Neural Signals, and AI Decoding",brain-structure;neural-signals,"Positions The effects of alcohol upon the electroencephalogram (brain waves). within EEG, MEG, and Electrophysiology.",high citation signal (69); brain-structure signal,"Signal artifacts, montage choices, source localization, and session drift can dominate apparent model performance.; Temporal precision does not automatically imply anatomical specificity.; Imaging conclusions can depend on acquisition, preprocessing, and model specification.",10.15288/QJSA.1941.1.626,d7ffad1fb12d2db4d1195d3f3c37f873e84b0e0c,https://doi.org/10.15288/QJSA.1941.1.626,,,,paper,unknown,brain; brain/neural structure in title,
9,1941,THE INFLUENCE OF GROWTH AND MYELINATION ON THE DEPOSITION AND METABOLISM OF LIPIDS IN THE BRAIN,"H. Waelsch, W. Sperry, V. Stoyanoff",Unknown venue,1941-09-01,58,0,85.6,General Brain-AI Structure Reviews and Methods,brain-structure,Lipids are deposited in nervous tissue during early life as a result of two processes: growth and myelination.,high citation signal (58); open-access PDF metadata; brain-structure signal,"Reviews and methods can dominate citations while obscuring smaller empirical advances.; Bridge terminology can be ambiguous, especially around neural networks, intelligence, and biological plausibility.; Imaging conclusions can depend on acquisition, preprocessing, and model specification.",10.1016/s0021-9258(18)72873-1,923c706a23b11bd75ae0b42245838b2d004436b0,https://doi.org/10.1016/s0021-9258(18)72873-1,,https://doi.org/10.1016/s0021-9258(18)72873-1,,paper,unknown,brain; brain/neural structure in title,"Lipids are deposited in nervous tissue during early life as a result of two processes: growth and myelination. Little is known about the relative quantitative importance of these processes in brain lipid deposition at different periods of development, and it was the primary object of the experiments described in this communication to supply such information. In a previous investigation (1) the lipid metabolism of brain was studied by maintaining rats on a DzO r6gime during 4 day periods between the 15th and 40th days of life. The high deuterium concentrations found in the unsaponifiable lipids and fatty acids of the brain showed that large amounts of lipids had been synthesized and deposited during the 15 to 19 day period. Since myelination is at its peak in the rat during this time (2), it might be assumed that a large part of the lipid deposition occurred in the course of that process, but the present findings indicate that growth was a more important factor."
10,1941,CHEMICAL CHANGES IN THE BRAIN PRODUCED BY INJURY AND BY ANOXIA,"W. Stone, C. Marshall, L. F. Nims",Unknown venue,1941-03-31,48,0,79.25,General Brain-AI Structure Reviews and Methods,brain-structure,Positions CHEMICAL CHANGES IN THE BRAIN PRODUCED BY INJURY AND BY ANOXIA within General Brain Science and Reviews.,high citation signal (48); brain-structure signal,"Reviews and methods can dominate citations while obscuring smaller empirical advances.; Bridge terminology can be ambiguous, especially around neural networks, intelligence, and biological plausibility.; Imaging conclusions can depend on acquisition, preprocessing, and model specification.",10.1152/AJPLEGACY.1941.132.3.770,d5fd4d91cffc3d66771906826b98bb91da67e7c9,https://doi.org/10.1152/AJPLEGACY.1941.132.3.770,,,,paper,unknown,brain; brain/neural structure in title,
11,1941,THE POSSIBILITIES OF THE PASSAGE OF SUBSTANCES FROM THE BLOOD TO THE CENTRAL NERVOUS SYSTEM (Is there a Blood-Brain-Barrier and a Blood-Cerebrospinal Fluid-Barrier?),T. Broman,Unknown venue,1941-03-01,46,0,78.5,General Brain-AI Structure Reviews and Methods,brain-structure,Positions THE POSSIBILITIES OF THE PASSAGE OF SUBSTANCES FROM THE BLOOD TO THE CENTRAL NERVOUS SYSTEM (Is there a Blood-Brain-Barrier and a Blood-Cerebrospinal Fluid-Barrier?) within General Brain Science and Reviews.,high citation signal (46); brain-structure signal,"Reviews and methods can dominate citations while obscuring smaller empirical advances.; Bridge terminology can be ambiguous, especially around neural networks, intelligence, and biological plausibility.; Imaging conclusions can depend on acquisition, preprocessing, and model specification.",10.1111/j.1600-0447.1941.tb07398.x,58b833017fa296ce65b5aa69102730da19885005,https://doi.org/10.1111/j.1600-0447.1941.tb07398.x,,,,paper,unknown,brain; brain/neural structure in title,
12,1941,AN AMINO ACID CONSTITUENT OF OX BRAIN CEPHALIN,"J. Folch, H. Schneider",Unknown venue,1941,45,0,81.12,General Brain-AI Structure Reviews and Methods,brain-structure,Positions AN AMINO ACID CONSTITUENT OF OX BRAIN CEPHALIN within General Brain Science and Reviews.,high citation signal (45); open-access PDF metadata; brain-structure signal,"Reviews and methods can dominate citations while obscuring smaller empirical advances.; Bridge terminology can be ambiguous, especially around neural networks, intelligence, and biological plausibility.; Imaging conclusions can depend on acquisition, preprocessing, and model specification.",10.1016/s0021-9258(18)72976-1,296fed60f8f1df491e80ec0a3ac1c1a88b082c0c,https://doi.org/10.1016/s0021-9258(18)72976-1,,https://doi.org/10.1016/s0021-9258(18)72976-1,,paper,unknown,brain; brain/neural structure in title,
13,1941,CEREBRAL BLOOD FLOW AND BRAIN METABOLISM DURING INSULIN HYPOGLYCEMIA,"H. Himwich, K. M. Bowman, C. Daly, J. Fazekas, J. Wortis, W. Goldfarb",Unknown venue,1941-03-31,43,0,79.32,General Brain-AI Structure Reviews and Methods,brain-structure,"Positions CEREBRAL BLOOD FLOW AND BRAIN METABOLISM DURING INSULIN HYPOGLYCEMIA within Cerebrovascular, Metabolism, and Brain Injury.",high citation signal (43); brain-structure signal,"Reviews and methods can dominate citations while obscuring smaller empirical advances.; Bridge terminology can be ambiguous, especially around neural networks, intelligence, and biological plausibility.; Imaging conclusions can depend on acquisition, preprocessing, and model specification.",10.1152/AJPLEGACY.1941.132.3.640,6d909b4d1bb355356ec02b40ce61a781c7c0d9ae,https://doi.org/10.1152/AJPLEGACY.1941.132.3.640,,,,paper,unknown,brain; cerebral; brain/neural structure in title,
14,1941,The Brain of Pterodactylus,T. Edinger,American Journal of Science,1941-09-01,43,2,94.32,General Brain-AI Structure Reviews and Methods,brain-structure,The investigation of the neurocranium of a Pterodactylus elegans and a comparative review of the figures of other Pterodactylus skulls and of the yet undescribed endocranial casts furnish a complete picture of the Pterodactylus brain except the base.,high citation signal (43); recognized venue; open-access PDF metadata; brain-structure signal,"Reviews and methods can dominate citations while obscuring smaller empirical advances.; Bridge terminology can be ambiguous, especially around neural networks, intelligence, and biological plausibility.; Imaging conclusions can depend on acquisition, preprocessing, and model specification.",10.2475/AJS.239.9.665,d8908bc113917d39ed371666e8f908627750d96b,https://doi.org/10.2475/AJS.239.9.665,,https://ajs.scholasticahq.com/article/58009.pdf,,JournalArticle; Review,unknown,brain; cerebellum; brain/neural structure in title,"The investigation of the neurocranium of a Pterodactylus elegans and a comparative review of the figures of other Pterodactylus skulls and of the yet undescribed endocranial casts furnish a complete picture of the Pterodactylus brain except the base. The comparisons of the Tithonian Pterodactylus brain with the Cretaceous pterodactyloid and the Liassic and Tithonian rhamphorhynchoid brains show that while the form and position of the nervous centers of the olfactory and optic senses and the position of the cerebellum are avian in everypterosaurian, bird-like form of cerebellum and forebrain are achieved only in the later forms of both suborders."
15,1941,INHIBITION OF THE d-AMINO ACID OXIDASE BY BENZOIC ACID,"J. Klein, H. Kamin",Unknown venue,1941-04-01,42,0,97.9,"Cellular, Synaptic, and Neuromorphic Foundations",brain-structure,"Benzoic acid has been reported to inhibit the oxidation of succinic acid by muscle (l), the oxidation of butyric acid and crotonic acid by liver slices (2), and the oxidation of acetoacetic acid by kidney slices (3).",high citation signal (42); open-access PDF metadata; brain-structure signal,"Cellular mechanisms rarely scale directly into whole-brain behavior or modern AI architectures.; Animal and ex vivo findings require careful translation to human cognition and deployed systems.; Imaging conclusions can depend on acquisition, preprocessing, and model specification.",10.1016/s0021-9258(18)51376-4,2520f1d39aa60149f1adb3ad1beafc0737c75c95,https://doi.org/10.1016/s0021-9258(18)51376-4,,https://doi.org/10.1016/s0021-9258(18)51376-4,,paper,unknown,brain; neuromorphic; explicit brain-structure/AI bridge,"Benzoic acid has been reported to inhibit the oxidation of succinic acid by muscle (l), the oxidation of butyric acid and crotonic acid by liver slices (2), and the oxidation of acetoacetic acid by kidney slices (3). It has also been reported to inhibit the oxygen uptake of liver and kidney slices, diaphragm, minced liver, kidney, and brain (4). In the present work it was found that benzoic acid had a slight inhibitory effect on the oxygen uptake of broken cell preparations of rat liver and kidney. It had no effect on the oxidation of succinic acid, lactic acid, hypoxanthme, xanthine, uric acid, choline, tyramine, I( -)-tyrosine, I( -)-proline, Z( -)-phenylalanine, sarcosine, or ethyl alcohol by the liver preparation. The oxidation of d-amino acids by various preparations of the d-amino acid oxidase was markedly inhibited by benzoic acid."
16,1941,THE SEROLOGICAL SPECIFICITY OF PARTICULATE COMPONENTS DERIVED FROM VARIOUS NORMAL MAMMALIAN ORGANS,"W. Henle, L. A. Chambers, V. Groupé",Journal of Experimental Medicine,1941-10-31,38,0,96.14,"Cellular, Synaptic, and Neuromorphic Foundations",brain-structure,1. Particles derived from filtrates of organ suspensions by high speed centrifugation were serologically active as shown by agglutination and complement fixation techniques.,high citation signal (38); open-access PDF metadata; brain-structure signal,"Cellular mechanisms rarely scale directly into whole-brain behavior or modern AI architectures.; Animal and ex vivo findings require careful translation to human cognition and deployed systems.; Imaging conclusions can depend on acquisition, preprocessing, and model specification.",10.1084/jem.74.5.495,d660914f34ba36302e07ee8fcc4bcd1cf5d2da97,https://doi.org/10.1084/jem.74.5.495,,https://rupress.org/jem/article-pdf/74/5/495/1182349/495.pdf,,JournalArticle,unknown,brain; neuromorphic; explicit brain-structure/AI bridge,"1. Particles derived from filtrates of organ suspensions by high speed centrifugation were serologically active as shown by agglutination and complement fixation techniques. Particles from brain, liver, lung, kidney, heart muscle, spleen, testicle, and pancreas of various species have been studied. 2. All particles showed a certain degree of organ specificity with the exception of pancreas. Cross-reactions occurred between the particles from various organs from one species, which were more marked when complement fixation technique was employed than by the agglutination test. However, agglutination always appeared earlier and was stronger, and complement fixation was positive in higher dilutions of antigen in the presence of homologous antiserum than with heterologous antisera. 3. The cross-reactions did not depend on the occasional precipitins for serum and the agglutinins for the red cells of the species from which the particles were derived, nor did they bear a relation to Wassermann and Forssman antibodies present in some of the sera. 4. The organ specific differentiation of the particles from various organs could more clearly be demonstrated by two means: The antiserum could be diluted in such a way that only the homologous reaction still showed a positive result while the cross-reactions had become negative; or the cross-reacting antibodies could be absorbed by heterologous particles and the homologous reaction was still more or less intact. 5. In addition to the organ specific differentiation, most particles were found to exhibit species specificity. While the particles derived from kidney, lung, testicle, and heart muscle aggregated only in the presence of the antiserum against the corresponding organ particles from the homologous species, brain particles reacted with brain antisera against both homologous and heterologous species alike. Absorption of brain particle antisera with brain preparations from a heterologous species removed all antibodies. Liver particle preparations showed an intermediate position in that all liver preparations with the exception of rabbit liver particles were aggregated by any liver particle antiserum. However, absorption with liver particles from a heterologous species left a distinct species specific reaction in the serum. 6. The antigens involved are all destroyed by heating to 100° C. for a few minutes with the exception of brain particles, which after 20 minutes at 100° C. still gave complement fixation almost to the same strength as the untreated controls. 7. Alcoholic and ether extracts of brain reacted with the brain particle antisera only. All alcoholic or ether extracts of other organs gave no complement fixation. None of the various other organ particle antisera tested contained antibodies for these extracts. 8. The relationship between the heat-stable and the alcohol-soluble brain particle antigen studied by absorption technique revealed that there were two antigens present, both organ specific and independent of the species, the one alcohol- and ether-soluble, the other not soluble in these solvents but heat stable. Some of the sera showed besides a few species specific antibodies. 9. Preliminary evidence has been gathered to show that no iso-immunization could be obtained with any one of the organ particles. As far as cytotoxic activity of the sera is concerned only the kidney particle antisera have been studied for nephrotoxins; these failed to reveal any such activity in the mouse."
17,1941,HISTOLOGIC EVIDENCE OF DAMAGE TO THE BRAIN IN MONKEYS TREATED WITH METRAZOL AND INSULIN,"K. Finley, C. Brenner",Unknown venue,1941-03-01,36,0,74.2,General Brain-AI Structure Reviews and Methods,brain-structure,Positions HISTOLOGIC EVIDENCE OF DAMAGE TO THE BRAIN IN MONKEYS TREATED WITH METRAZOL AND INSULIN within General Brain Science and Reviews.,high citation signal (36); brain-structure signal,"Reviews and methods can dominate citations while obscuring smaller empirical advances.; Bridge terminology can be ambiguous, especially around neural networks, intelligence, and biological plausibility.; Imaging conclusions can depend on acquisition, preprocessing, and model specification.",10.1001/ARCHNEURPSYC.1941.02280150011001,52dc4a44f8d2f5991272e24da95e39cc49f0e64d,https://doi.org/10.1001/ARCHNEURPSYC.1941.02280150011001,,,,paper,unknown,brain; brain/neural structure in title,
18,1941,GLUCOSE PHOSPHORYLATION AND OXIDATION IN CELL-FREE TISSUE EXTRACTS,"S. Colowick, H. Kalckar, C. Cori",Unknown venue,1941,35,0,94.7,"Cellular, Synaptic, and Neuromorphic Foundations",brain-structure,"Dialyzed kidney extracts have been shown to phosphorylate glucose under aerobic conditions when one of a number of oxidizable substrates (such as citrate, glutamate, a-ketoglutaratc, succinate), Mg++, adenylic acid, and cozymase are added (1).",high citation signal (35); open-access PDF metadata; brain-structure signal,"Cellular mechanisms rarely scale directly into whole-brain behavior or modern AI architectures.; Animal and ex vivo findings require careful translation to human cognition and deployed systems.; Imaging conclusions can depend on acquisition, preprocessing, and model specification.",10.1016/s0021-9258(18)73005-6,751b0329b21bc1fae4e84ba64d356e2336c7b186,https://doi.org/10.1016/s0021-9258(18)73005-6,,https://doi.org/10.1016/s0021-9258(18)73005-6,,paper,unknown,brain; neuromorphic; explicit brain-structure/AI bridge,"Dialyzed kidney extracts have been shown to phosphorylate glucose under aerobic conditions when one of a number of oxidizable substrates (such as citrate, glutamate, a-ketoglutaratc, succinate), Mg++, adenylic acid, and cozymase are added (1). In particular, the step succinic 2H --) fumaric acid was found to bring about phosphorylation. It was then demonstrated that the oxidation of pyruvic acid, which requires catalysis by the succinic-fumaric system, can furnish the energy for the phosphorylation of glucose (2). Since glucose, once it has been phosphorylated, is converted to pyruvic acid in these extract,s by the following well known reactions, glucose + 2H31'04 --+ fructose diphosphate -+ 2 triose phosphate -+ 2 phosphoglyceric acid -+ 2 phosphopyruvic acid -+ 2 pyruvic acid, it was to be expected that, in the presence of a catalytic amount of succinic acid, glucose would be oxidized as readily as pyruvic acid. This was found to be the case in kidney extract (2) and evidence for the same phenomenon has now been obtained in heart, brain, and liver extracts. Experiments to be reported in the present paper show that the complete oxidation of 1 mole of glucose to COz and Hz0 can cause the phosphorylation of 5 moles of glucose to fructose diphosphate. Additional experiments t,o be reported show that mannose and adenosine can be phosphorylated in kidney extracts."
19,1941,CEREBRAL MANIFESTATIONS OF BACTERIAL ENDOCARDITIS,E. Toone,Unknown venue,1941-03-01,35,1,69.7,General Brain-AI Structure Reviews and Methods,brain-structure,Positions CEREBRAL MANIFESTATIONS OF BACTERIAL ENDOCARDITIS within General Brain Science and Reviews.,high citation signal (35); brain-structure signal,"Reviews and methods can dominate citations while obscuring smaller empirical advances.; Bridge terminology can be ambiguous, especially around neural networks, intelligence, and biological plausibility.; Imaging conclusions can depend on acquisition, preprocessing, and model specification.",10.7326/0003-4819-14-9-1551,a0dfeee8890f6a2e01540b281b88903a5e382d26,https://doi.org/10.7326/0003-4819-14-9-1551,,,,paper,unknown,brain; cerebral,
20,1941,COMPARATIVE VIRULENCE OF ST. LOUIS ENCEPHALITIS VIRUS CULTURED WITH BRAIN TISSUE FROM INNATELY SUSCEPTIBLE AND INNATELY RESISTANT MICE,"Leslie T. Webster, Mary S. Johnson",Journal of Experimental Medicine,1941-10-31,34,1,100.2,"Cellular, Synaptic, and Neuromorphic Foundations",brain-structure,"We find that St. Louis encephalitis virus cultured in 10 per cent serum-Tyrode solution plus brain tissue from 1-day-old innately susceptible mice attains a higher titre than when cultured in a similar solution plus brain tissue from 1-day-old closely related, yet innately resistant mice.",high citation signal (34); open-access PDF metadata; brain-structure signal,"Cellular mechanisms rarely scale directly into whole-brain behavior or modern AI architectures.; Animal and ex vivo findings require careful translation to human cognition and deployed systems.; Imaging conclusions can depend on acquisition, preprocessing, and model specification.",10.1084/jem.74.5.489,94fb53942b8671fab4d4ec920c9992c31946f21d,https://doi.org/10.1084/jem.74.5.489,,https://rupress.org/jem/article-pdf/74/5/489/1182311/489.pdf,,JournalArticle,unknown,brain; neuromorphic; brain/neural structure in title; explicit brain-structure/AI bridge,"We find that St. Louis encephalitis virus cultured in 10 per cent serum-Tyrode solution plus brain tissue from 1-day-old innately susceptible mice attains a higher titre than when cultured in a similar solution plus brain tissue from 1-day-old closely related, yet innately resistant mice. This difference in titre persists regardless of whether the serum comes from innately susceptible or resistant mice. The relatively high titre of virus in the susceptible media is not affected by the addition of an extract (not cell-free) from the resistant brain; the relatively low titre of the virus in the resistant media may possibly be slightly enhanced by the addition of an extract from the susceptible brain. The findings as a whole show that the marked difference in the increase of St. Louis encephalitis virus in the brain tissue of innately susceptible and resistant mice, on culture in vitro, is due to some difference in the brain tissue itself."
21,1941,"THE ISOLATION OF PHOSPHATIDYL SERINE FROM BRAIN CEPHALIN, AND IDENTIFICATION OF THE SERINE COMPONENT",J. Folch,Unknown venue,1941-06-01,33,2,75.67,General Brain-AI Structure Reviews and Methods,brain-structure,"Positions THE ISOLATION OF PHOSPHATIDYL SERINE FROM BRAIN CEPHALIN, AND IDENTIFICATION OF THE SERINE COMPONENT within General Brain Science and Reviews.",high citation signal (33); open-access PDF metadata; brain-structure signal,"Reviews and methods can dominate citations while obscuring smaller empirical advances.; Bridge terminology can be ambiguous, especially around neural networks, intelligence, and biological plausibility.; Imaging conclusions can depend on acquisition, preprocessing, and model specification.",10.1016/s0021-9258(18)72967-0,4705941c07d650628eb6c66e9b02c216d2890ef3,https://doi.org/10.1016/s0021-9258(18)72967-0,,https://doi.org/10.1016/s0021-9258(18)72967-0,,paper,unknown,brain; brain/neural structure in title,
22,1941,TUMORS OF THE BRAIN IN AGED PERSONS,"F. P. Moersch, W. M. Craig, J. Kernohan",Unknown venue,1941-02-01,33,1,72.67,Clinical NeuroAI and Brain Disorders,brain-structure,Positions TUMORS OF THE BRAIN IN AGED PERSONS within General Brain Science and Reviews.,high citation signal (33); brain-structure signal,"Clinical cohorts vary by disease stage, comorbidity, treatment history, and follow-up.; Models can learn site or demographic artifacts instead of disease mechanisms.; Imaging conclusions can depend on acquisition, preprocessing, and model specification.",10.1001/ARCHNEURPSYC.1941.02280140045004,66bc9ddfb18c17b57c0f33d11e0f2894513a84d2,https://doi.org/10.1001/ARCHNEURPSYC.1941.02280140045004,,,,paper,unknown,brain; brain/neural structure in title,
23,1941,The Interaction of Neurones,R. Gerard,Unknown venue,1941-05-01,31,0,88.38,"Cellular, Synaptic, and Neuromorphic Foundations",,"Positions The Interaction of Neurones within Cellular, Molecular, and Synaptic Neuroscience.",high citation signal (31),Cellular mechanisms rarely scale directly into whole-brain behavior or modern AI architectures.; Animal and ex vivo findings require careful translation to human cognition and deployed systems.; Metadata-level ranking should be complemented with full-text expert review before strong claims are made.,,846fac8b01c6c78894b9bbea9e1d8fdd98940746,https://www.semanticscholar.org/paper/846fac8b01c6c78894b9bbea9e1d8fdd98940746,,,,paper,unknown,neuron; neuromorphic; explicit brain-structure/AI bridge,
24,1941,Brain Potentials and Morphine Addiction,H. L. Andrews,Unknown venue,1941-10-01,31,0,71.58,General Brain-AI Structure Reviews and Methods,brain-structure,Positions Brain Potentials and Morphine Addiction within General Brain Science and Reviews.,high citation signal (31); brain-structure signal,"Reviews and methods can dominate citations while obscuring smaller empirical advances.; Bridge terminology can be ambiguous, especially around neural networks, intelligence, and biological plausibility.; Imaging conclusions can depend on acquisition, preprocessing, and model specification.",10.1097/00006842-194110000-00004,14dffe7486d5edc8bb26f9962c9b32574301bae4,https://doi.org/10.1097/00006842-194110000-00004,,,,paper,unknown,brain; brain/neural structure in title,
25,1941,THE MENTAL ORGANIZATION OF THE BRAIN-INJURED MENTALLY DEFECTIVE CHILD,"A. Strauss, H. Werner",Unknown venue,1941-03-01,31,0,71.58,General Brain-AI Structure Reviews and Methods,brain-structure,"Positions THE MENTAL ORGANIZATION OF THE BRAIN-INJURED MENTALLY DEFECTIVE CHILD within Brain Development, Plasticity, and Connectomics.",high citation signal (31); brain-structure signal,"Reviews and methods can dominate citations while obscuring smaller empirical advances.; Bridge terminology can be ambiguous, especially around neural networks, intelligence, and biological plausibility.; Imaging conclusions can depend on acquisition, preprocessing, and model specification.",10.1176/AJP.97.5.1194,7ff12267a32a89c121639b7c7d3ddea2085053de,https://doi.org/10.1176/AJP.97.5.1194,,,,paper,unknown,brain; brain/neural structure in title,
26,1941,Effect of Local Freezing on the Electrical Activity of the Cerebral Cortex,"L. F. Nims, C. Marshall, Aage Nielsen",The Yale Journal of Biology and Medicine,1941-03-01,27,0,74.38,Clinical NeuroAI and Brain Disorders,brain-structure;clinical-neuroai,Openchowski2 first observed that dogs developed generalized convulsions some hours after a small portion of their cerebral cortices had been frozen.,high citation signal (27); brain-structure signal,"Clinical cohorts vary by disease stage, comorbidity, treatment history, and follow-up.; Models can learn site or demographic artifacts instead of disease mechanisms.; Imaging conclusions can depend on acquisition, preprocessing, and model specification.",,d4a9d173eeae6f89436324aba44f6cc335e894ca,https://www.semanticscholar.org/paper/d4a9d173eeae6f89436324aba44f6cc335e894ca,,,,JournalArticle,unknown,brain; cerebral; cortex; brain/neural structure in title,"Openchowski2 first observed that dogs developed generalized convulsions some hours after a small portion of their cerebral cortices had been frozen. Speransky' confirmed and extended this observation and noted that the administration of morphine greatly increased both the incidence and severity of the convulsions. He also pointed out the striking resemblance of these disturbances in the dog to those seen in clinical epilepsy in man. The methods employed by these investigators appeared to offer certain advantages for the study of the convulsive state and of the disturbed electrical activity of the brain associated with it. Accordingly, small regions of the cerebral cortices of cats, dogs, and monkeys were frozen and observations of the subsequent clinical condition of the animals and of the electrical activity of the brain were made. The results of these studies are reported here."
27,1941,Effects of brain lesions upon running activity in the male rat.,F. A. Beach,Unknown venue,1941-02-01,27,0,69.18,General Brain-AI Structure Reviews and Methods,brain-structure,Positions Effects of brain lesions upon running activity in the male rat. within General Brain Science and Reviews.,high citation signal (27); brain-structure signal,"Reviews and methods can dominate citations while obscuring smaller empirical advances.; Bridge terminology can be ambiguous, especially around neural networks, intelligence, and biological plausibility.; Imaging conclusions can depend on acquisition, preprocessing, and model specification.",10.1037/H0055047,fd572f389c7dd19dbd907c68c0a56f86b58e05d5,https://doi.org/10.1037/H0055047,,,,paper,unknown,brain; brain/neural structure in title,
28,1941,INJECTION OF PROCAINE INTO THE BRAIN TO LOCATE SPEECH AREA IN LEFT-HANDED PERSONS,W. Gardner,Unknown venue,1941-12-01,27,1,69.18,General Brain-AI Structure Reviews and Methods,brain-structure,Positions INJECTION OF PROCAINE INTO THE BRAIN TO LOCATE SPEECH AREA IN LEFT-HANDED PERSONS within General Brain Science and Reviews.,high citation signal (27); brain-structure signal,"Reviews and methods can dominate citations while obscuring smaller empirical advances.; Bridge terminology can be ambiguous, especially around neural networks, intelligence, and biological plausibility.; Imaging conclusions can depend on acquisition, preprocessing, and model specification.",10.1001/ARCHNEURPSYC.1941.02280240090005,38a470070c64adfa3e4f347f2aee14ff97a06c5a,https://doi.org/10.1001/ARCHNEURPSYC.1941.02280240090005,,,,paper,unknown,brain; brain/neural structure in title,
29,1941,ELECTRIC POTENTIAL AND ACTIVITY OF CHOLINE ESTERASE IN THE ELECTRIC ORGAN OF ELECTROPHORUS ELECTRICUS (LINNAEUS),"D. Nachmansohn, C. W. Coates, R. T. Cox",The Journal of General Physiology,1941-09-20,26,0,89.53,"Cellular, Synaptic, and Neuromorphic Foundations",brain-structure,1. If the concentration of choline esterase is determined at different sections from the head to the caudal end of the electric organ of Electrophorus electricus (Linneaus) S-like curves are obtained.,high citation signal (26); open-access PDF metadata; brain-structure signal,"Cellular mechanisms rarely scale directly into whole-brain behavior or modern AI architectures.; Animal and ex vivo findings require careful translation to human cognition and deployed systems.; Imaging conclusions can depend on acquisition, preprocessing, and model specification.",10.1085/jgp.25.1.75,4edb2733693ccf4994f4b12d4a58585d962b9aed,https://doi.org/10.1085/jgp.25.1.75,,http://jgp.rupress.org/content/jgp/25/1/75.full.pdf,,JournalArticle,unknown,brain; neuromorphic; explicit brain-structure/AI bridge,"1. If the concentration of choline esterase is determined at different sections from the head to the caudal end of the electric organ of Electrophorus electricus (Linneaus) S-like curves are obtained. These curves are essentially the same as those which show the number of electric discs per centimeter and the E.M.F. per centimeter. 2. In the organ of Hunter the concentration of the enzyme does not differ from that in the adjacent parts in the main organ. This again coincides with the observations on the number of plates per centimeter in this organ. 3. The concentration of the enzyme was determined in different parts of the brain and the spinal cord and compared with that in a gold fish. The concentrations here are of the same order, but in the spinal cord of the eel the concentration is even lower than in the gold fish. As the cell bodies of the nerves innervating the electric organ in the spinal cord, these results do not lend support to the assumption of a special concentration of the enzyme in these nerves. 4. In the muscles adjacent to the electric organ an enzyme concentration has been found which is of the order of that in the electric tissue itself and much higher than in ordinary striated muscles. 5. The suitability of the organ for the preparation of enzyme solutions has been investigated and compared with that of the organ of Torpedo."
30,1941,REVERSALS OF BLOOD PRESSURE RESPONSES CAUSED BY CHANGES IN FREQUENCY OF BRAIN STEM STIMULATION,"C. Berry, W. McKinley, R. Hodes",Unknown venue,1941-12-31,26,0,68.53,General Brain-AI Structure Reviews and Methods,brain-structure,Positions REVERSALS OF BLOOD PRESSURE RESPONSES CAUSED BY CHANGES IN FREQUENCY OF BRAIN STEM STIMULATION within General Brain Science and Reviews.,high citation signal (26); brain-structure signal,"Reviews and methods can dominate citations while obscuring smaller empirical advances.; Bridge terminology can be ambiguous, especially around neural networks, intelligence, and biological plausibility.; Imaging conclusions can depend on acquisition, preprocessing, and model specification.",10.1152/AJPLEGACY.1941.135.2.338,8fcdd05897fcdea779f590496ae7f8bc3750569c,https://doi.org/10.1152/AJPLEGACY.1941.135.2.338,,,,paper,unknown,brain; brain/neural structure in title,
31,1941,CEREBRAL SWELLING AND EDEMA ASSOCIATED WITH CEREBRAL TUMOR: A HISTOGENETIC AND HISTOPATHOLOGIC STUDY,I. Scheinker,Unknown venue,1941,26,0,64.53,Clinical NeuroAI and Brain Disorders,brain-structure,"Positions CEREBRAL SWELLING AND EDEMA ASSOCIATED WITH CEREBRAL TUMOR: A HISTOGENETIC AND HISTOPATHOLOGIC STUDY within Cerebrovascular, Metabolism, and Brain Injury.",high citation signal (26); brain-structure signal,"Clinical cohorts vary by disease stage, comorbidity, treatment history, and follow-up.; Models can learn site or demographic artifacts instead of disease mechanisms.; Imaging conclusions can depend on acquisition, preprocessing, and model specification.",10.1001/ARCHNEURPSYC.1941.02280130127008,de26353b64c63afab55ec367fa78a6feedaf8b1c,https://doi.org/10.1001/ARCHNEURPSYC.1941.02280130127008,,,,paper,unknown,brain; cerebral,
32,1941,THE MANAGEMENT OF THE CEREBRAL PALSIES,W. Phelps,Unknown venue,1941-11-08,26,0,64.53,General Brain-AI Structure Reviews and Methods,brain-structure,Positions THE MANAGEMENT OF THE CEREBRAL PALSIES within General Brain Science and Reviews.,high citation signal (26); brain-structure signal,"Reviews and methods can dominate citations while obscuring smaller empirical advances.; Bridge terminology can be ambiguous, especially around neural networks, intelligence, and biological plausibility.; Imaging conclusions can depend on acquisition, preprocessing, and model specification.",10.1001/JAMA.1941.72820450003012,2080bc29032558bc456db1b3c783e8607f84ec5d,https://doi.org/10.1001/JAMA.1941.72820450003012,,,,paper,unknown,brain; cerebral,
33,1941,ASCORBIC ACID DEFICIENCY AND ENZYME ACTIVITY IN GUINEA PIG TISSUES,"C. J. Harrer, C. King",Unknown venue,1941-03-01,25,0,88.85,"Cellular, Synaptic, and Neuromorphic Foundations",brain-structure,"Independently of, or parallel with, the possible function of ascorbic acid as a carrier-catalyst in tissue respiration the vitamin may be of major importance in cellular physiology as a regulating and protective agent.",high citation signal (25); open-access PDF metadata; brain-structure signal,"Cellular mechanisms rarely scale directly into whole-brain behavior or modern AI architectures.; Animal and ex vivo findings require careful translation to human cognition and deployed systems.; Imaging conclusions can depend on acquisition, preprocessing, and model specification.",10.1016/s0021-9258(18)51415-0,5c4a099a6263ba4272725bd331ff2630a263a8d2,https://doi.org/10.1016/s0021-9258(18)51415-0,,https://doi.org/10.1016/s0021-9258(18)51415-0,,Review,unknown,brain; neuromorphic; explicit brain-structure/AI bridge,"Independently of, or parallel with, the possible function of ascorbic acid as a carrier-catalyst in tissue respiration the vitamin may be of major importance in cellular physiology as a regulating and protective agent. The present investigation is concerned with the effects of ascorbic acid deficiency upon the activity of two hydrolytic and two respiratory types of enzymes in guinea pig tissues: phosphatase of intestinal mucosa, liver, kidney, and brain; liver esterase; succinic dehydrogenase of skeletal and heart muscle; and cytochrome oxidase of skeletal muscle, heart, and brain. Hellerman (1) has reviewed the literature on the reversible inactivation of certain hydrolytic enzymes. In many cases it is apparent that oxidative reversibility conforms to a postulated sulfhydryl group behavior of the type 2R-SH%R-SS-R + 2(H), in which only one form of the enzyme molecule is active and in which Rrepresents a protein, either directly or through linkage with a coenzyme group. By protecting such active groups, either directly or indirectly, relatively small amounts of ascorbic acid might aid in the regulation of major hydrolytic and respiratory systems in the tissues without entering directly into the reactions concerned. From the studies of reactions with ascorbic acid of the quinone and quinonimide type in our own and in other laboratories it appears very probable that ascorbic acid functions in part at least through such agencies (2)."
34,1941,A STUDY OF CHOLESTEROL ESTERASE IN LIVER AND BRAIN,"W. Sperry, F. C. Brand",Unknown venue,1941,25,1,70.85,General Brain-AI Structure Reviews and Methods,brain-structure,Positions A STUDY OF CHOLESTEROL ESTERASE IN LIVER AND BRAIN within General Brain Science and Reviews.,high citation signal (25); open-access PDF metadata; brain-structure signal,"Reviews and methods can dominate citations while obscuring smaller empirical advances.; Bridge terminology can be ambiguous, especially around neural networks, intelligence, and biological plausibility.; Imaging conclusions can depend on acquisition, preprocessing, and model specification.",10.1016/s0021-9258(18)73009-3,33a190d98aa2c0085b65424f6d545114d742733f,https://doi.org/10.1016/s0021-9258(18)73009-3,,https://doi.org/10.1016/s0021-9258(18)73009-3,,paper,unknown,brain; brain/neural structure in title,
35,1941,THE HUMAN ELECTRO-CORTICOGRAM: A REPORT OF SPONTANEOUS ELECTRICAL POTENTIALS OBTAINED FROM THE EXPOSED HUMAN BRAIN,"J. Scarff, W. E. Rahm",Unknown venue,1941-07-01,25,0,67.85,General Brain-AI Structure Reviews and Methods,brain-structure,Positions THE HUMAN ELECTRO-CORTICOGRAM: A REPORT OF SPONTANEOUS ELECTRICAL POTENTIALS OBTAINED FROM THE EXPOSED HUMAN BRAIN within General Brain Science and Reviews.,high citation signal (25); brain-structure signal,"Reviews and methods can dominate citations while obscuring smaller empirical advances.; Bridge terminology can be ambiguous, especially around neural networks, intelligence, and biological plausibility.; Imaging conclusions can depend on acquisition, preprocessing, and model specification.",10.1152/JN.1941.4.5.418,af3f153281bccba23e479b6c66ef15f6cae987fa,https://doi.org/10.1152/JN.1941.4.5.418,,,,paper,unknown,brain; brain/neural structure in title,
36,1941,CHANGES IN THE BRAIN IN PERTUSSIS WITH CONVULSIONS,V. Dolgopol,Unknown venue,1941-09-01,24,0,67.14,General Brain-AI Structure Reviews and Methods,brain-structure,Positions CHANGES IN THE BRAIN IN PERTUSSIS WITH CONVULSIONS within General Brain Science and Reviews.,high citation signal (24); brain-structure signal,"Reviews and methods can dominate citations while obscuring smaller empirical advances.; Bridge terminology can be ambiguous, especially around neural networks, intelligence, and biological plausibility.; Imaging conclusions can depend on acquisition, preprocessing, and model specification.",10.1001/ARCHNEURPSYC.1941.02280210103009,3d62faf41c3f2bc05c4f29744a25fdf3b6a466fe,https://doi.org/10.1001/ARCHNEURPSYC.1941.02280210103009,,,,Review,unknown,brain; brain/neural structure in title,
37,1941,The 40th Annual Meeting,"Junko Nakai, H. Aonuma, Manabu, Sakakibara, E. Ito, Joseph D. Monaco, et al.",Journal of Forests,1941-02-01,23,0,93.6,"Cellular, Synaptic, and Neuromorphic Foundations",brain-structure;decoding,"As we approach the 60th anniversary of the chemical identification of the first pheromone, bombykol, pheromones have been found in species across the whole animal kingdom, from insects to newts, mice and goats, in every habitat, and with a great variety of functions.",high citation signal (23); brain-structure signal; brain-to-model interface signal,"Cellular mechanisms rarely scale directly into whole-brain behavior or modern AI architectures.; Animal and ex vivo findings require careful translation to human cognition and deployed systems.; Imaging conclusions can depend on acquisition, preprocessing, and model specification.",10.1093/jof/39.2.79,eb0f204a3714bc57ff64193f24d0cfafab5b4272,https://doi.org/10.1093/jof/39.2.79,,,,JournalArticle,unknown,brain; cerebrum; neuron; neural; synapse; neuromorphic; explicit brain-structure/AI bridge,"As we approach the 60th anniversary of the chemical identification of the first pheromone, bombykol, pheromones have been found in species across the whole animal kingdom, from insects to newts, mice and goats, in every habitat, and with a great variety of functions. Pheromones, the invisible chemical signals within species, have also offered model systems studied by scientists worldwide, including many distinguished JSCPB members. In this wide-ranging talk, I will touch on the remarkable discoveries made about the evolution, mechanisms, and roles of pheromones in a diversity of model and non-model animal systems. to different forms of mechanical are chosen to illustrate the power of evolutionary constraints to fine-tune the functional ""design"" of animal sensors to the specific roles they play in particular behaviors. The application of computational biomechanics and the cooperation between biologists and engineers demonstrate that there are remarkable""technical""tricks to be found by which spider tactile sensors , airflow sensors , and strain sensors are adjusted to their biologically relevant stimulus patterns. The application of such""tricks""to technical solutions of measuring problems similar to those of the spiders is both realistic and promising. The olfactory system model for the neural mechanisms of olfaction due to the common architecture of the circuit organization with vertebrates while smaller number of neurons constitutes the circuits. A fundamental question in olfactory coding to understand how odor information initially separated by multiple receptor-glomerulus channels is integrated and read out by higher brain centers. In addition, little is about how odor maps at higher processing centers are related to the animal's perception and innate behavior. To address these questions, we used in vivo whole cell patch-clamp recordings in the vinegar fly Drosophila melanogaster and comprehensively mapped odor response profiles and morphologies of AL projection neurons (PNs). We found that attractive and aversive odors were separately represented by different clusters of glomeruli in the AL, and these representations were segregated into two different regions in the lateral horn and partly separated in the mushroom body. These results provided a global picture of the olfactory circuit design underlying innate odor-guided behavior. In contrast to general odor processing, a certain types of ecologically relevant odors such as sex pheromones are processed via labelled line pathways. In our earlier work, we examined how pheromonal information is represented in higher brain centers in the silkmoth Bombyx mori . We found that anti-cGMP immunohistochemistry specifically labeled the PNs that respond to the major pheromone component. Using single PN stainings combined with anti-cGMP immunohistochemistry, we revealed a first detailed projection map in the lateral protocerebrum from each subdivision of the macroglomerular complex. These two studies have greatly advanced our understanding of how olfactory information is represented in higher brain centers. Additionally, we also performed Reef-building corals establish an endosymbiotic relationship with dinoflagellate in the family Symbiodiniaceae , which is commonly called zooxanthella. Zooxanthellae can still grow outside the host corals as other dinoflagellates. In general, the seawater surrounding coral reefs is heterotrophic and not suitable to sustain photosynthetic organisms, including zooxanthellae. Therefore, the cell density of zooxanthellae in seawater is low. Within host cells, zooxanthella lose their motility, becoming immotile. Although they lose their motility, the host provides sufficient nutrients, such as nitrogen and phosphorus, with the zooxanthellae providing photosynthetically produced energy, such as sucrose, in return. The mutual symbiotic relationship between corals and zooxanthellae allow them both to adapt to the heterotrophic environment of coral reefs. Zooxanthellae within coral are major producers in coral reef ecosystems, which are one of the most biologically enriched environments on our planet. Thereby, the healthy coral-zooxanthellae symbiotic relationship is important for all organisms in coral reefs. Unfortunately, we are losing corals worldwide due to coral beaching induced by increases in seawater temperature. Coral bleaching occurs mainly through the expulsion of zooxanthellae from host corals. The expelled zooxanthellae are still alive and remain free-living in seawater until they find a new coral host. I will explain the unique characteristics of zooxanthellae, and outline difference in their lifestyles in inside and outside the host corals. differ in 14-day-old workers between treatments and controls, but in 7-day-old workers, those were significantly lower in treatments than in controls. From these results, we discuss about the sex differences of regulation of biogenic amines by JH. of the We are studying in gene- polymorphism(s) the of many inbred by AB1 CB4856 phenotypic and down into three golgi the Animals have been flourishing under dramatically altering temperature condition on the earth by adapting to environmental temperature changes. We are studying fundamental mechanisms underlying temperature response of animal by utilizing cold tolerance of nematode C. elegans , as a model. Wild-type animals can survive at 2℃ after cultivation at 15℃, while animals cultivated at 25℃ can not survive at 2℃. Here we show progresses of two studies. (1) To identify new molecules involved in cold tolerance, we isolated KHR018 mutant defective in cold tolerance. By using deep sequencer, we decoded genome DNA sequence of KHR018 mutant. Based on this information, its responsible gene was mapped on the middle of chromosome X. (2) We are also studying RSBP-1 homologues to human RGS7BP and RGS9BP, which are regulator of G protein signaling (RGS). We found that rsbp-1 mutant showed decrease of cold tolerance. RSBP-1::GFP reporter was expressed in the head neurons and pharyngeal muscle. We are now introducing a series of cell-specific rescue experiments. the closest group to the vertebrates. Its tadpole-like larvae have a photosensory organ, which comprises dozens of ciliary photoreceptors in the vicinity of the pigmented ocellus. The photoreceptors expresses visual pigment, Ci-opsin1, closely related to vertebrate opsin groups. While there have been morphological and molecular biological on the photoreceptor cells, its physiological characteristics still remain elusive. Here, we performed whole-cell patch clamp recordings for isolated photoreceptors to elucidate physiological characteristics of the photoreceptors. In voltage-clamp recordings, depolarizing voltage steps induced two types of the outward current; the transient or sustained outward current, suggesting that the photoreceptors of different types of cells. In current clamp recordings, depolarizing evoke any action potential and flash light hyperpolarizing photoresponse, as in vertebrate photoreceptors. the to be to the cone photoreceptors. Cryptochromes (CRY) regulate the circadian clock in vertebrates. Zebrafish has 7 Cry genes, and among their products, CRY1a, CRY1b, CRY2a, CRY2b, and CRY3 inhibit CLOCK:BMAL-mediated transactivation of clock (-controlled) genes, and hence they are considered to be involved in the circadian clockwork. temporal spatial expression profiles of genes with light-responsiveness. a characteristic profile with dual peaks at dawn and in the but not tissues we compared temporal expression patterns Cry1b in the eye under short-day (light:dark=10:14) and long-day conditions (light:dark=14:10) reveal regulation by the circadian The peaks be regulated so as to midpoints of the at the suggesting unique circadian this study, we analyzed the role of cwo in the clock mechanism in the cricket, Gryllus bimaculatus . Quantitative RT-PCR showed that cwo is rhythmically expressed in the optic lobe to peak during the night. When cwo was knocked-down by RNA interference, some crickets lost the locomotor rhythm while others maintained a rhythm but with a longer free-running period. In cwo RNAi crickets, cyc and per lost the rhythmic expression and were constantly expressed below trough level of control crickets ( DsRed2 RNAi ), while tim was expressed rhythmically with a delayed phase. cwo RNAi upregulated the expression of vri and E75 . These results suggest that cwo regulates expression of Clk and cyc indirectly through vri and E75 effect the rhythm of clock gene in mouse using a mouse model with a Our data shows that odor may affect circadian In the antennal lobe of the a male cockroach Periplaneta americana , a large number of sex pheromone-receptive sensory neurons (pSNs) converge onto the macroglomeruli and synapse to 15 projection neurons (PNs). Axons of these macrogromerular PNs terminate in the specific regions of the mushroom body and lateral protocerebrum. However, sex pheromone processing neurons in downstream of the macrogromerular PNs are still unclear. To comprehensively identify the neurons to process the sex pheromone, we used anti-pERK antibody which binds to phosphorylated MAP kinase involving the signaling in activated neurons. At a given time after exposure of periplanone-B, which is one of major sex pheromone components, pERK signals were significantly increased in pSNs and macroglomerular PNs. These results suggest that anti-pERK antibody effectively labeled activated neurons by the sex pheromone. In addition, anti-pERK antibody also labeled specific Kenyon cells in the mushroom body and unidentified neural cluster in the lateral protocerebrum. These neurons might be process the sex pheromone in higher brain centers. to wild-type male moths, resulting in less efficient pheromone source localization. To understand the physiological aspects related to low temporal behavioral resolution in BmPBP1 -KO male moths, we examined antennal response kinetics to ph"
38,1941,The motor cortex in Galago and Perodicticus.,"S. Zuckerman, J. F. Fulton",Journal of Anatomy,1941-07-01,23,0,68.4,General Brain-AI Structure Reviews and Methods,brain-structure,Positions The motor cortex in Galago and Perodicticus. within General Brain Science and Reviews.,high citation signal (23); brain-structure signal,"Reviews and methods can dominate citations while obscuring smaller empirical advances.; Bridge terminology can be ambiguous, especially around neural networks, intelligence, and biological plausibility.; Imaging conclusions can depend on acquisition, preprocessing, and model specification.",,c87a073aabc102e1cd6becfc74bada12def6e008,https://www.semanticscholar.org/paper/c87a073aabc102e1cd6becfc74bada12def6e008,,,,JournalArticle,unknown,brain; cortex; brain/neural structure in title,
39,1941,Optic and postoptic systems of fibers in the brain of necturus,C. J. Herrick,Unknown venue,1941-12-01,22,0,65.64,General Brain-AI Structure Reviews and Methods,brain-structure,Positions Optic and postoptic systems of fibers in the brain of necturus within General Brain Science and Reviews.,high citation signal (22); brain-structure signal,"Reviews and methods can dominate citations while obscuring smaller empirical advances.; Bridge terminology can be ambiguous, especially around neural networks, intelligence, and biological plausibility.; Imaging conclusions can depend on acquisition, preprocessing, and model specification.",10.1002/cne.900750305,2b8b5c9440c3239f31dd2c260fda9f4a10a6ef4f,https://doi.org/10.1002/cne.900750305,,,,paper,unknown,brain; brain/neural structure in title,
40,1941,"The oxygen consumption, cytochrome and cytochrome oxidase activity and histological structure of the developing cerebral cortex of the fetal pig","J. B. Flexner, L. B. Flexner, W. Straus,",Unknown venue,1941-12-01,21,0,68.84,General Brain-AI Structure Reviews and Methods,brain-structure,"Positions The oxygen consumption, cytochrome and cytochrome oxidase activity and histological structure of the developing cerebral cortex of the fetal pig within General Brain Science and Reviews.",high citation signal (21); brain-structure signal,"Reviews and methods can dominate citations while obscuring smaller empirical advances.; Bridge terminology can be ambiguous, especially around neural networks, intelligence, and biological plausibility.; Imaging conclusions can depend on acquisition, preprocessing, and model specification.",10.1002/JCP.1030180307,a56ff7594d0106a642d9cd8ea348ff396bed0948,https://doi.org/10.1002/JCP.1030180307,,,,paper,unknown,brain; cerebral; cortex; brain/neural structure in title,
41,1941,THE ELECTRICAL RESPONSE OF THE KITTEN AND ADULT CAT BRAIN TO CEREBRAL ANEMIA AND ANALEPTICS,"B. Libet, J. Fazekas, H. Himwich",Unknown venue,1941-01-31,21,0,69.84,General Brain-AI Structure Reviews and Methods,brain-structure,Positions THE ELECTRICAL RESPONSE OF THE KITTEN AND ADULT CAT BRAIN TO CEREBRAL ANEMIA AND ANALEPTICS within General Brain Science and Reviews.,high citation signal (21); open-access PDF metadata; brain-structure signal,"Reviews and methods can dominate citations while obscuring smaller empirical advances.; Bridge terminology can be ambiguous, especially around neural networks, intelligence, and biological plausibility.; Imaging conclusions can depend on acquisition, preprocessing, and model specification.",10.1152/AJPLEGACY.1941.132.1.232,8a8849247fb15e6aaf7863284f6f517472e9008b,https://doi.org/10.1152/AJPLEGACY.1941.132.1.232,,https://www.physiology.org/pb-assets/PDFs/2017-Legacy-1516816496183.pdf,,paper,unknown,brain; cerebral; brain/neural structure in title,
42,1941,AVAILABILITY OF LACTIC ACID FOR BRAIN OXIDATIONS,"J. Wortis, K. M. Bowman, W. Goldfarb, J. Fazekas, H. Himwich",Unknown venue,1941-05-01,21,0,64.84,General Brain-AI Structure Reviews and Methods,brain-structure,Positions AVAILABILITY OF LACTIC ACID FOR BRAIN OXIDATIONS within General Brain Science and Reviews.,high citation signal (21); brain-structure signal,"Reviews and methods can dominate citations while obscuring smaller empirical advances.; Bridge terminology can be ambiguous, especially around neural networks, intelligence, and biological plausibility.; Imaging conclusions can depend on acquisition, preprocessing, and model specification.",10.1152/JN.1941.4.3.243,3c0a37d287b74c310d7fab0f005f75e450cf309b,https://doi.org/10.1152/JN.1941.4.3.243,,,,paper,unknown,brain; brain/neural structure in title,
43,1941,THE CLINICAL VALUE OF HALLUCINATIONS IN LOCALIZING BRAIN TUMORS,S. Tarachow,Unknown venue,1941-05-01,21,0,66.04,Clinical NeuroAI and Brain Disorders,brain-structure;clinical-neuroai,Positions THE CLINICAL VALUE OF HALLUCINATIONS IN LOCALIZING BRAIN TUMORS within Clinical Neurology and Neurodegeneration.,high citation signal (21); brain-structure signal,"Clinical cohorts vary by disease stage, comorbidity, treatment history, and follow-up.; Models can learn site or demographic artifacts instead of disease mechanisms.; Imaging conclusions can depend on acquisition, preprocessing, and model specification.",10.1176/AJP.97.6.1434,c24f526d15a29a3e2035f1685ea6b9b760ddf7cf,https://doi.org/10.1176/AJP.97.6.1434,,,,paper,unknown,brain; brain/neural structure in title,
44,1941,"On encephalometry a preliminary study of the brain of man, chimpanzee and macaque",G. von Bonin,Unknown venue,1941-10-01,20,1,64.0,General Brain-AI Structure Reviews and Methods,brain-structure,"Positions On encephalometry a preliminary study of the brain of man, chimpanzee and macaque within General Brain Science and Reviews.",high citation signal (20); brain-structure signal,"Reviews and methods can dominate citations while obscuring smaller empirical advances.; Bridge terminology can be ambiguous, especially around neural networks, intelligence, and biological plausibility.; Imaging conclusions can depend on acquisition, preprocessing, and model specification.",10.1002/cne.900750207,5d2a61e96032e3a8092282df99def6455173a143,https://doi.org/10.1002/cne.900750207,,,,paper,unknown,brain; brain/neural structure in title,
45,1941,The antigenic relationship of alcohol-soluble substances of corpus luteum to those of testis and brain.,J. Lewis,American Journal of Pathology,1941-09-01,20,0,64.0,General Brain-AI Structure Reviews and Methods,brain-structure,Positions The antigenic relationship of alcohol-soluble substances of corpus luteum to those of testis and brain. within General Brain Science and Reviews.,high citation signal (20); brain-structure signal,"Reviews and methods can dominate citations while obscuring smaller empirical advances.; Bridge terminology can be ambiguous, especially around neural networks, intelligence, and biological plausibility.; Imaging conclusions can depend on acquisition, preprocessing, and model specification.",,b6828946551315acf2f95356f56aeda32e840af0,https://www.semanticscholar.org/paper/b6828946551315acf2f95356f56aeda32e840af0,,,,JournalArticle,unknown,brain; brain/neural structure in title,
46,1941,THE INHIBITION OF CHOLINESTERASE BY MORPHINE IN VITRO,G. S. Eadie,Unknown venue,1941-04-01,19,0,60.12,General Brain-AI Structure Reviews and Methods,brain-structure,"Bernheim and Bernheim (1) have shown by the guinea pig ileum method that morphine inhibits the hydrolysis of acetylcholine by the esterase of the brain, and that under their conditions the inhibition was directly proportional to the concentration of the drug.",high citation signal (19); open-access PDF metadata; brain-structure signal,"Reviews and methods can dominate citations while obscuring smaller empirical advances.; Bridge terminology can be ambiguous, especially around neural networks, intelligence, and biological plausibility.; Imaging conclusions can depend on acquisition, preprocessing, and model specification.",10.1016/s0021-9258(18)51384-3,9cf36c0932e8bfa646a2d33d7bc3c981e6016c4f,https://doi.org/10.1016/s0021-9258(18)51384-3,,https://doi.org/10.1016/s0021-9258(18)51384-3,,paper,unknown,brain,"Bernheim and Bernheim (1) have shown by the guinea pig ileum method that morphine inhibits the hydrolysis of acetylcholine by the esterase of the brain, and that under their conditions the inhibition was directly proportional to the concentration of the drug. By the titration method they found that the concentration of acetylcholine determines the amount of morphine necessary to give a specified inhibition. Kuhn and Surles (2) state that the reaction is somewhat dependent on the pH. Slaughter and Lackey (3), while they found the serum cholinesterase activity of the dog consistently lowered by morphine in Go, were unable to obtain consistent effects in vitro on incubation of 0.5 cc. of serum with 1 mg. of morphine sulfate for 15 minutes and then determination of the cholinesterase by a continuous titration indicator method. That this was probably due to the method employed is shown by the data presented here."
47,1941,GLYCOLYSIS AND PHOSPHORYLATION IN BRAIN EXTRACTS,S. Ochoa,Unknown venue,1941-10-01,18,0,65.2,General Brain-AI Structure Reviews and Methods,brain-structure,Positions GLYCOLYSIS AND PHOSPHORYLATION IN BRAIN EXTRACTS within General Brain Science and Reviews.,high citation signal (18); open-access PDF metadata; brain-structure signal,"Reviews and methods can dominate citations while obscuring smaller empirical advances.; Bridge terminology can be ambiguous, especially around neural networks, intelligence, and biological plausibility.; Imaging conclusions can depend on acquisition, preprocessing, and model specification.",10.1016/s0021-9258(18)72841-x,958c1b302f20c0751c6944361a98025a50096302,https://doi.org/10.1016/s0021-9258(18)72841-x,,https://doi.org/10.1016/s0021-9258(18)72841-x,,paper,unknown,brain; brain/neural structure in title,
48,1941,CEREBRAL ARTERIOGRAPHY: ITS PLACE IN NEUROLOGIC DIAGNOSIS,S. W. Gross,Unknown venue,1941-10-01,17,0,67.63,"Connectomics, Graph Models, and Brain Networks",brain-structure;connectome;clinical-neuroai,Positions CEREBRAL ARTERIOGRAPHY: ITS PLACE IN NEUROLOGIC DIAGNOSIS within General Brain Science and Reviews.,high citation signal (17); brain-structure signal,"Graph results can depend strongly on parcellation, thresholding, acquisition, and preprocessing choices.; Correlation networks are often interpreted more causally than the evidence supports.; Imaging conclusions can depend on acquisition, preprocessing, and model specification.",10.1001/ARCHNEURPSYC.1941.02280220137010,22d65d0b5123dcc2fd58bb35f45d7221cbc813cc,https://doi.org/10.1001/ARCHNEURPSYC.1941.02280220137010,,,,paper,unknown,brain; cerebral; historical computation/learning bridge,
49,1941,Antiseptics in brain wounds an experimental study of the histological reaction of cerebral tissues to various antiseptic solutions,"D. Russell, M. Falconer",Unknown venue,1941-01-01,17,0,63.23,General Brain-AI Structure Reviews and Methods,brain-structure,Positions Antiseptics in brain wounds an experimental study of the histological reaction of cerebral tissues to various antiseptic solutions within General Brain Science and Reviews.,high citation signal (17); brain-structure signal,"Reviews and methods can dominate citations while obscuring smaller empirical advances.; Bridge terminology can be ambiguous, especially around neural networks, intelligence, and biological plausibility.; Imaging conclusions can depend on acquisition, preprocessing, and model specification.",10.1002/bjs.18002811115,f5ecff4b46104142ee077577ed3238e73bae4ece,https://doi.org/10.1002/bjs.18002811115,,,,paper,unknown,brain; cerebral; brain/neural structure in title,
50,1941,"Cytological changes in senility in the trigeminal ganglion, spinal cord and brain of the mouse.",W. Andrew,Journal of Anatomy,1941-07-01,17,0,61.23,General Brain-AI Structure Reviews and Methods,brain-structure,"Positions Cytological changes in senility in the trigeminal ganglion, spinal cord and brain of the mouse. within General Brain Science and Reviews.",high citation signal (17); brain-structure signal,"Reviews and methods can dominate citations while obscuring smaller empirical advances.; Bridge terminology can be ambiguous, especially around neural networks, intelligence, and biological plausibility.; Imaging conclusions can depend on acquisition, preprocessing, and model specification.",,ce119ed9ee9bbc8128da7e523a9c4bb84aa6492c,https://www.semanticscholar.org/paper/ce119ed9ee9bbc8128da7e523a9c4bb84aa6492c,,,,JournalArticle,unknown,brain; brain/neural structure in title,
51,1941,EXPERIMENTAL DEMYELINATION OF THE CENTRAL NERVOUS SYSTEM: 2. RESPIRATORY ENZYME SYSTEMS OF THE BRAIN IN POISONING WITH CYANIDE AND WITH AZIDE,R. Wyndham,Unknown venue,1941-09-01,17,0,61.23,General Brain-AI Structure Reviews and Methods,brain-structure,Positions EXPERIMENTAL DEMYELINATION OF THE CENTRAL NERVOUS SYSTEM: 2. RESPIRATORY ENZYME SYSTEMS OF THE BRAIN IN POISONING WITH CYANIDE AND WITH AZIDE within General Brain Science and Reviews.,high citation signal (17); brain-structure signal,"Reviews and methods can dominate citations while obscuring smaller empirical advances.; Bridge terminology can be ambiguous, especially around neural networks, intelligence, and biological plausibility.; Imaging conclusions can depend on acquisition, preprocessing, and model specification.",10.1038/ICB.1941.37,97da6abf3b578074761d69150fff165d7ba0a67c,https://doi.org/10.1038/ICB.1941.37,,,,paper,unknown,brain; brain/neural structure in title,
52,1941,The phosphorus metabolism of the brain as measured with radioactive phosphorus.,"B. A. Fries, I. Chaikoff",Unknown venue,1941-11-01,17,0,64.23,General Brain-AI Structure Reviews and Methods,brain-structure,"Positions The phosphorus metabolism of the brain as measured with radioactive phosphorus. within Cerebrovascular, Metabolism, and Brain Injury.",high citation signal (17); open-access PDF metadata; brain-structure signal,"Reviews and methods can dominate citations while obscuring smaller empirical advances.; Bridge terminology can be ambiguous, especially around neural networks, intelligence, and biological plausibility.; Imaging conclusions can depend on acquisition, preprocessing, and model specification.",10.1016/s0021-9258(18)72793-2,a4891d915bc12415b8cdb125b1c22025c351d1ac,https://doi.org/10.1016/s0021-9258(18)72793-2,,https://doi.org/10.1016/s0021-9258(18)72793-2,,paper,unknown,brain; brain/neural structure in title,
53,1941,EFFECTS OF INORGANIC IONS ON THE RESPIRATION OF BRAIN CORTEX,"A. Canzanelli, G. Rogers, D. Rapport",Unknown venue,1941-12-31,16,0,65.2,General Brain-AI Structure Reviews and Methods,brain-structure,Positions EFFECTS OF INORGANIC IONS ON THE RESPIRATION OF BRAIN CORTEX within General Brain Science and Reviews.,high citation signal (16); open-access PDF metadata; brain-structure signal,"Reviews and methods can dominate citations while obscuring smaller empirical advances.; Bridge terminology can be ambiguous, especially around neural networks, intelligence, and biological plausibility.; Imaging conclusions can depend on acquisition, preprocessing, and model specification.",10.1152/AJPLEGACY.1941.135.2.309,f904ce0771c15a0591ebe5b5226e1904a9b89f5d,https://doi.org/10.1152/AJPLEGACY.1941.135.2.309,,https://www.physiology.org/pb-assets/PDFs/2017-Legacy.pdf,,paper,unknown,brain; cortex; brain/neural structure in title,
54,1941,Changes in phosphate distribution during anaerobic glycolysis in brain slices.,"M. Macfarlane, H. Weil-Malherbe",Biochemical Journal,1941,16,0,63.2,General Brain-AI Structure Reviews and Methods,brain-structure,Positions Changes in phosphate distribution during anaerobic glycolysis in brain slices. within General Brain Science and Reviews.,high citation signal (16); open-access PDF metadata; brain-structure signal,"Reviews and methods can dominate citations while obscuring smaller empirical advances.; Bridge terminology can be ambiguous, especially around neural networks, intelligence, and biological plausibility.; Imaging conclusions can depend on acquisition, preprocessing, and model specification.",10.1042/BJ0350001,9e6e5e614b78970a07cbc58af708681ec10fff29,https://doi.org/10.1042/BJ0350001,,https://europepmc.org/articles/pmc1265462?pdf=render,,JournalArticle,unknown,brain; brain/neural structure in title,
55,1941,"Phagocytic activity of the oligodendroglia and amphicytes in the brain, spinal cord, and semilunar ganglion of the mouse during inanition.",W. Andrew,American Journal of Pathology,1941-05-01,15,1,59.11,General Brain-AI Structure Reviews and Methods,brain-structure,"Positions Phagocytic activity of the oligodendroglia and amphicytes in the brain, spinal cord, and semilunar ganglion of the mouse during inanition. within Cellular, Molecular, and Synaptic Neuroscience.",high citation signal (15); brain-structure signal,"Reviews and methods can dominate citations while obscuring smaller empirical advances.; Bridge terminology can be ambiguous, especially around neural networks, intelligence, and biological plausibility.; Imaging conclusions can depend on acquisition, preprocessing, and model specification.",,1f6606d57453c2b4facf6a46fcb4f164ab41c5a5,https://www.semanticscholar.org/paper/1f6606d57453c2b4facf6a46fcb4f164ab41c5a5,,,,JournalArticle,unknown,brain; brain/neural structure in title,
56,1941,The differentiation of the brain and other tissues in an implanted portion of an embryonic head.,P. Glees,Journal of Anatomy,1941,15,0,61.51,"Brain Decoding, Representation Learning, and BCI",brain-structure;decoding;neuromorphic-bci,"Positions The differentiation of the brain and other tissues in an implanted portion of an embryonic head. within Brain Stimulation, Neurotechnology, and BCI.",high citation signal (15); brain-structure signal; brain-to-model interface signal,"Small cohorts, session drift, invasive risk, and nonstationary signals limit generalization.; Offline decoding accuracy may not reflect real-time user burden or long-term deployment reliability.; Imaging conclusions can depend on acquisition, preprocessing, and model specification.",,3f39936878513513f8c1335322a9f65f4523876b,https://www.semanticscholar.org/paper/3f39936878513513f8c1335322a9f65f4523876b,,,,JournalArticle,unknown,brain; brain/neural structure in title,
57,1941,Side Lights on Cerebral Evolution: Brain Size of Lower Vertebrates and Degree of Cortical Folding,G. Bonin,Unknown venue,1941-10-01,14,0,61.94,General Brain-AI Structure Reviews and Methods,brain-structure,Positions Side Lights on Cerebral Evolution: Brain Size of Lower Vertebrates and Degree of Cortical Folding within General Brain Science and Reviews.,high citation signal (14); brain-structure signal,"Reviews and methods can dominate citations while obscuring smaller empirical advances.; Bridge terminology can be ambiguous, especially around neural networks, intelligence, and biological plausibility.; Imaging conclusions can depend on acquisition, preprocessing, and model specification.",10.1080/00221309.1941.10544399,30b3f6545131f2313ec2045ace097f94004a065e,https://doi.org/10.1080/00221309.1941.10544399,,,,paper,unknown,brain; cerebral; cortical; brain/neural structure in title,
58,1941,FRONTAL LOBECTOMY IN THE TREATMENT OF BRAIN TUMOHS,"B. Stookey, J. Scarff, M. Teitelbaum",Annals of Surgery,1941-02-01,14,0,60.94,General Brain-AI Structure Reviews and Methods,brain-structure,Positions FRONTAL LOBECTOMY IN THE TREATMENT OF BRAIN TUMOHS within General Brain Science and Reviews.,high citation signal (14); open-access PDF metadata; brain-structure signal,"Reviews and methods can dominate citations while obscuring smaller empirical advances.; Bridge terminology can be ambiguous, especially around neural networks, intelligence, and biological plausibility.; Imaging conclusions can depend on acquisition, preprocessing, and model specification.",10.1097/00000658-194102000-00001,901b2275778b01cf99a336ffd017778a11de1b7e,https://doi.org/10.1097/00000658-194102000-00001,,https://www.ncbi.nlm.nih.gov/pmc/articles/PMC1385672,,JournalArticle,unknown,brain; brain/neural structure in title,
59,1941,Irradiation of Brain Tumors at Bellevue Hospital 1924-19391,I. Kaplan,Unknown venue,1941-05-01,14,0,57.94,Clinical NeuroAI and Brain Disorders,brain-structure,Positions Irradiation of Brain Tumors at Bellevue Hospital 1924-19391 within Clinical Neurology and Neurodegeneration.,high citation signal (14); brain-structure signal,"Clinical cohorts vary by disease stage, comorbidity, treatment history, and follow-up.; Models can learn site or demographic artifacts instead of disease mechanisms.; Imaging conclusions can depend on acquisition, preprocessing, and model specification.",10.1148/36.5.588,1ccaa67d16005343896d56af69a0b9842826e083,https://doi.org/10.1148/36.5.588,,,,paper,unknown,brain; brain/neural structure in title,
60,1941,METAMORPHOPSIA AND OTHER PSYCHOVISUAL DISTURBANCES IN A PATIENT WITH TUMOR OF THE BRAIN,"M. B. Bender, M. Kanzer",Unknown venue,1941-03-01,14,0,59.14,Clinical NeuroAI and Brain Disorders,brain-structure;clinical-neuroai,Positions METAMORPHOPSIA AND OTHER PSYCHOVISUAL DISTURBANCES IN A PATIENT WITH TUMOR OF THE BRAIN within Clinical Neurology and Neurodegeneration.,high citation signal (14); brain-structure signal,"Clinical cohorts vary by disease stage, comorbidity, treatment history, and follow-up.; Models can learn site or demographic artifacts instead of disease mechanisms.; Imaging conclusions can depend on acquisition, preprocessing, and model specification.",10.1001/ARCHNEURPSYC.1941.02280150089005,a1d3d0833e45f1c873f8975c21b0529622397463,https://doi.org/10.1001/ARCHNEURPSYC.1941.02280150089005,,,,paper,unknown,brain; brain/neural structure in title,
61,1941,"THE PIAL CIRCULATION OF NORMAL, NON-ANESTHETIZED ANIMALS PART 1. DESCRIPTION OF A METHOD OF OBSERVATION","T. Sohler, Gladys N. Lothrop, H. S. Forbes",Journal of Pharmacology and Experimental Therapeutics,1941-04-01,14,0,55.94,General Brain-AI Structure Reviews and Methods,brain-structure,A method is described for prolonged observation of blood vessels supplying the cerebral cortex of non-anesthetized animals.,high citation signal (14); brain-structure signal,"Reviews and methods can dominate citations while obscuring smaller empirical advances.; Bridge terminology can be ambiguous, especially around neural networks, intelligence, and biological plausibility.; Imaging conclusions can depend on acquisition, preprocessing, and model specification.",10.1016/s0022-3565(25)03809-1,03dac9c15fd6236641e1e92e028f4b26d29fa7bb,https://doi.org/10.1016/s0022-3565(25)03809-1,,,,JournalArticle,unknown,brain; cerebral; cortex,"A method is described for prolonged observation of blood vessels supplying the cerebral cortex of non-anesthetized animals. Cats and monkeys have been studied so far, but the technique may be applied to other animals. A brief description is given of the outgrowth of repair tissue from the meninges. Some of the limitations of the method are mentioned."
62,1941,CEREBRAL VASCULAR LESIONS AND THE TENTORIAL PRESSURE CONE,"R. Allison, J. Morison",Journal of neurology and psychiatry,1941-01-01,14,0,68.94,General Brain-AI Structure Reviews and Methods,brain-structure,Positions CEREBRAL VASCULAR LESIONS AND THE TENTORIAL PRESSURE CONE within Clinical Neurology and Neurodegeneration.,high citation signal (14); recognized venue; open-access PDF metadata; brain-structure signal,"Reviews and methods can dominate citations while obscuring smaller empirical advances.; Bridge terminology can be ambiguous, especially around neural networks, intelligence, and biological plausibility.; Imaging conclusions can depend on acquisition, preprocessing, and model specification.",10.1136/jnnp.4.1.1,630019d1b0d70178a0335a87ab9db885686614da,https://doi.org/10.1136/jnnp.4.1.1,,https://jnnp.bmj.com/content/jnnp/4/1/1.full.pdf,,JournalArticle,unknown,brain; cerebral,
63,1941,NEOPLASM OF THE POSTERIOR FOSSA SIMULATING CEREBRAL VASCULAR DISEASE: REPORT OF FIVE CASES WITH REFERENCE TO THE ROLE OF THE MEDULLA IN THE PRODUCTION OF ARTERIAL HYPERTENSION,B. Meyer,Unknown venue,1941-03-01,14,0,53.94,General Brain-AI Structure Reviews and Methods,brain-structure,Positions NEOPLASM OF THE POSTERIOR FOSSA SIMULATING CEREBRAL VASCULAR DISEASE: REPORT OF FIVE CASES WITH REFERENCE TO THE ROLE OF THE MEDULLA IN THE PRODUCTION OF ARTERIAL HYPERTENSION within General Brain Science and Reviews.,high citation signal (14); brain-structure signal,"Reviews and methods can dominate citations while obscuring smaller empirical advances.; Bridge terminology can be ambiguous, especially around neural networks, intelligence, and biological plausibility.; Imaging conclusions can depend on acquisition, preprocessing, and model specification.",10.1001/ARCHNEURPSYC.1941.02280150076004,959975ce28c70989f0e5892f360f4df81f95eaac,https://doi.org/10.1001/ARCHNEURPSYC.1941.02280150076004,,,,paper,unknown,brain; cerebral,
64,1941,An English Case of Coenurus cerebralis in the human brain,P. Clapham,Journal of Helminthology,1941-12-01,13,1,58.7,General Brain-AI Structure Reviews and Methods,brain-structure,Positions An English Case of Coenurus cerebralis in the human brain within General Brain Science and Reviews.,high citation signal (13); brain-structure signal,"Reviews and methods can dominate citations while obscuring smaller empirical advances.; Bridge terminology can be ambiguous, especially around neural networks, intelligence, and biological plausibility.; Imaging conclusions can depend on acquisition, preprocessing, and model specification.",10.1017/S0022149X00031667,a9a332e550c89313325c12e1cc80429f1cc9e9e3,https://doi.org/10.1017/S0022149X00031667,,,,paper,unknown,brain; cerebral; brain/neural structure in title,
65,1941,Acetylcholine Esterase Content of Brain Tumors,"K. Youngstrom, Barnes Woodhall, R. W. Graves",Unknown venue,1941-12-01,13,0,56.7,Clinical NeuroAI and Brain Disorders,brain-structure,Positions Acetylcholine Esterase Content of Brain Tumors within Clinical Neurology and Neurodegeneration.,high citation signal (13); brain-structure signal,"Clinical cohorts vary by disease stage, comorbidity, treatment history, and follow-up.; Models can learn site or demographic artifacts instead of disease mechanisms.; Imaging conclusions can depend on acquisition, preprocessing, and model specification.",10.3181/00379727-48-13385,6692d0edd84f70e315ad34796bdb8bb11efc934f,https://doi.org/10.3181/00379727-48-13385,,,,JournalArticle,unknown,brain; brain/neural structure in title,
66,1941,Compendium of Regional Diagnosis in Lesions of the Brain and Spinal Cord,D. Mceachern,Unknown venue,1941-05-01,13,0,57.9,Clinical NeuroAI and Brain Disorders,brain-structure;clinical-neuroai,Positions Compendium of Regional Diagnosis in Lesions of the Brain and Spinal Cord within General Brain Science and Reviews.,high citation signal (13); brain-structure signal,"Clinical cohorts vary by disease stage, comorbidity, treatment history, and follow-up.; Models can learn site or demographic artifacts instead of disease mechanisms.; Imaging conclusions can depend on acquisition, preprocessing, and model specification.",10.1176/AJP.97.6.1487,8cee56cedd43c0ae6cfe1147f03811f374368216,https://doi.org/10.1176/AJP.97.6.1487,,,,paper,unknown,brain; brain/neural structure in title,
67,1941,Emboli of brain tissue in fetal lungs.,P. Gruenwald,American Journal of Pathology,1941-11-01,13,0,56.7,General Brain-AI Structure Reviews and Methods,brain-structure,Positions Emboli of brain tissue in fetal lungs. within General Brain Science and Reviews.,high citation signal (13); brain-structure signal,"Reviews and methods can dominate citations while obscuring smaller empirical advances.; Bridge terminology can be ambiguous, especially around neural networks, intelligence, and biological plausibility.; Imaging conclusions can depend on acquisition, preprocessing, and model specification.",,9627cff6e13b4904d279ed05d8c1c35608afd085,https://www.semanticscholar.org/paper/9627cff6e13b4904d279ed05d8c1c35608afd085,,,,JournalArticle,unknown,brain; brain/neural structure in title,
68,1941,CYSTICERCOSIS OF THE BRAIN: REPORT OF A CASE WITH OPERATION,B. Ray,Unknown venue,1941-03-01,12,0,55.37,General Brain-AI Structure Reviews and Methods,brain-structure,Positions CYSTICERCOSIS OF THE BRAIN: REPORT OF A CASE WITH OPERATION within General Brain Science and Reviews.,high citation signal (12); brain-structure signal,"Reviews and methods can dominate citations while obscuring smaller empirical advances.; Bridge terminology can be ambiguous, especially around neural networks, intelligence, and biological plausibility.; Imaging conclusions can depend on acquisition, preprocessing, and model specification.",10.1001/ARCHNEURPSYC.1941.02280150102007,91ff2ec39c690e1319cde7711bb3556a7cfb93c4,https://doi.org/10.1001/ARCHNEURPSYC.1941.02280150102007,,,,paper,unknown,brain; brain/neural structure in title,
69,1941,PETECHIAL HEMORRHAGES OF THE BRAIN: EXPERIMENTALLY PRODUCED IN RATS BY CONCUSSION,"W. F. Schaller, K. Tamaki, H. Newman",Unknown venue,1941,12,0,56.57,General Brain-AI Structure Reviews and Methods,brain-structure;neuroimaging,Positions PETECHIAL HEMORRHAGES OF THE BRAIN: EXPERIMENTALLY PRODUCED IN RATS BY CONCUSSION within Neuroimaging and Brain Mapping.,high citation signal (12); brain-structure signal,"Reviews and methods can dominate citations while obscuring smaller empirical advances.; Bridge terminology can be ambiguous, especially around neural networks, intelligence, and biological plausibility.; Imaging conclusions can depend on acquisition, preprocessing, and model specification.",10.1001/ARCHNEURPSYC.1941.02280130011001,782a4e6d7b4e2a3e7eb4bf1ac22264e3aa37f1cf,https://doi.org/10.1001/ARCHNEURPSYC.1941.02280130011001,,,,paper,unknown,brain; brain/neural structure in title,
70,1941,SUGAR AND OXYGEN METABOLISM OF THE BRAIN DURING AND AFTER INSULIN HYPOGLYCEMIA,J. Loman,Unknown venue,1941-02-01,11,0,53.93,General Brain-AI Structure Reviews and Methods,brain-structure,"Positions SUGAR AND OXYGEN METABOLISM OF THE BRAIN DURING AND AFTER INSULIN HYPOGLYCEMIA within Cerebrovascular, Metabolism, and Brain Injury.",high citation signal (11); brain-structure signal,"Reviews and methods can dominate citations while obscuring smaller empirical advances.; Bridge terminology can be ambiguous, especially around neural networks, intelligence, and biological plausibility.; Imaging conclusions can depend on acquisition, preprocessing, and model specification.",10.1001/ARCHNEURPSYC.1941.02280140092009,c0c86b5e707bf04ffe011e97dab16da863000875,https://doi.org/10.1001/ARCHNEURPSYC.1941.02280140092009,,,,paper,unknown,brain; brain/neural structure in title,
71,1941,"THE CHEMICAL CONSTITUTION OF BRAIN, KIDNEYS AND HEART OF WHITE RATS IN EXPERIMENTAL HYPOTHYROIDISM",A. Weil,Unknown venue,1941-12-01,11,0,53.93,General Brain-AI Structure Reviews and Methods,brain-structure,"Positions THE CHEMICAL CONSTITUTION OF BRAIN, KIDNEYS AND HEART OF WHITE RATS IN EXPERIMENTAL HYPOTHYROIDISM within General Brain Science and Reviews.",high citation signal (11); brain-structure signal,"Reviews and methods can dominate citations while obscuring smaller empirical advances.; Bridge terminology can be ambiguous, especially around neural networks, intelligence, and biological plausibility.; Imaging conclusions can depend on acquisition, preprocessing, and model specification.",10.1210/ENDO-29-6-919,8e9ab79542ea772d0121aa1538b69c6061c84459,https://doi.org/10.1210/ENDO-29-6-919,,,,paper,unknown,brain; brain/neural structure in title,
72,1941,An Evaluation of the Physical and Mental Capabilities Following Removal of the Right Cerebral Hemisphere,"L. J. Karnosh, W. Gardner",Unknown venue,1941-04-01,11,0,49.93,General Brain-AI Structure Reviews and Methods,brain-structure,Positions An Evaluation of the Physical and Mental Capabilities Following Removal of the Right Cerebral Hemisphere within General Brain Science and Reviews.,high citation signal (11); brain-structure signal,"Reviews and methods can dominate citations while obscuring smaller empirical advances.; Bridge terminology can be ambiguous, especially around neural networks, intelligence, and biological plausibility.; Imaging conclusions can depend on acquisition, preprocessing, and model specification.",10.3949/CCJM.8.2.94,2861b524b086060158352bef6af759bb83e1c24c,https://doi.org/10.3949/CCJM.8.2.94,,,,paper,unknown,brain; cerebral,
73,1941,MICTURITION IN THE CRAYFISH AND FURTHER OBSERVATIONS ON THE ANATOMY OF THE NEPHRON OF THIS ANIMAL,N. Maluf,Unknown venue,1941-08-01,11,0,52.93,General Brain-AI Structure Reviews and Methods,brain-structure,1. The internal anatomical features surrounding the urinary outlet of the crayfish are described in detail for the first time.2.,high citation signal (11); open-access PDF metadata; brain-structure signal,"Reviews and methods can dominate citations while obscuring smaller empirical advances.; Bridge terminology can be ambiguous, especially around neural networks, intelligence, and biological plausibility.; Imaging conclusions can depend on acquisition, preprocessing, and model specification.",10.2307/1537628,35c3f001abb345024be0ced0b617da9ab1353bfa,https://doi.org/10.2307/1537628,,https://www.biodiversitylibrary.org/partpdf/3723,,paper,unknown,brain; cerebral,"1. The internal anatomical features surrounding the urinary outlet of the crayfish are described in detail for the first time.2. Urine is retained in the bladders evidently by the ureteral syncytium, which is here described for the first time. There is no other way, conceivable to the writer, by which urine can be retained. Fibers do not insert on the operculum of the nephropore.3. Urine is discharged by a localized rise in the haemocoelic pressure and can be expelled by direct action of the crop-gizzard on the bladders. Adequate electrical stimulation cannot cause contraction of the bladder but often evokes generalized motor activity.4. Occasional abrupt spurts of urine, which were almost simultaneous from both nephropores, extended to the distance of a foot or more.5. Destruction of the opercula before urinary collection has no rationale.6. The bladder is innervated by fibers from the tritocerebral lobe of the brain. These fibers are doubtless mainly if not entirely afferent. The kidney is not innervate..."
74,1941,REGULATION OF THE TREATMENT OF EPILEPSY BY SYNCHRONIZED RECORDING OF RESPIRATION AND BRAIN WAVES,"R. Schwab, A. Grunwald, W. Sargant",Unknown venue,1941-12-01,10,0,53.56,Clinical NeuroAI and Brain Disorders,brain-structure;clinical-neuroai,Positions REGULATION OF THE TREATMENT OF EPILEPSY BY SYNCHRONIZED RECORDING OF RESPIRATION AND BRAIN WAVES within Clinical Neurology and Neurodegeneration.,high citation signal (10); brain-structure signal,"Clinical cohorts vary by disease stage, comorbidity, treatment history, and follow-up.; Models can learn site or demographic artifacts instead of disease mechanisms.; Imaging conclusions can depend on acquisition, preprocessing, and model specification.",10.1001/ARCHNEURPSYC.1941.02280240072004,4303346a4facf113953fea2793e18e2980c2baf8,https://doi.org/10.1001/ARCHNEURPSYC.1941.02280240072004,,,,paper,unknown,brain; brain/neural structure in title,
75,1941,"BRAIN METABOLISM, VIII","S. Wortis, D. Shaskan, D. Impastato, R. Almansi",Unknown venue,1941-11-01,9,0,50.65,General Brain-AI Structure Reviews and Methods,brain-structure,"Positions BRAIN METABOLISM, VIII within Cerebrovascular, Metabolism, and Brain Injury.",high citation signal (9); brain-structure signal,"Reviews and methods can dominate citations while obscuring smaller empirical advances.; Bridge terminology can be ambiguous, especially around neural networks, intelligence, and biological plausibility.; Imaging conclusions can depend on acquisition, preprocessing, and model specification.",10.1176/AJP.98.3.354,7893a51415f44686fcdd20fae33dda35a1b5c034,https://doi.org/10.1176/AJP.98.3.354,,,,paper,unknown,brain; brain/neural structure in title,
76,1941,Iron induced oxidations in brain and other tissues,"Frieda Panimon, M. Horwitt, R. Gerard",Unknown venue,1941-02-01,9,0,50.65,General Brain-AI Structure Reviews and Methods,brain-structure,Positions Iron induced oxidations in brain and other tissues within General Brain Science and Reviews.,high citation signal (9); brain-structure signal,"Reviews and methods can dominate citations while obscuring smaller empirical advances.; Bridge terminology can be ambiguous, especially around neural networks, intelligence, and biological plausibility.; Imaging conclusions can depend on acquisition, preprocessing, and model specification.",10.1002/JCP.1030170102,301ee33cf1a8b5727d8c8bad78c0a8f24234582f,https://doi.org/10.1002/JCP.1030170102,,,,paper,unknown,brain; brain/neural structure in title,
77,1941,PERSONALITY DISORDERS WITH BRAIN TUMORS,M. Kanzer,Unknown venue,1941,9,0,50.65,Clinical NeuroAI and Brain Disorders,brain-structure,Positions PERSONALITY DISORDERS WITH BRAIN TUMORS within Clinical Neurology and Neurodegeneration.,high citation signal (9); brain-structure signal,"Clinical cohorts vary by disease stage, comorbidity, treatment history, and follow-up.; Models can learn site or demographic artifacts instead of disease mechanisms.; Imaging conclusions can depend on acquisition, preprocessing, and model specification.",10.1176/AJP.97.4.812,e693e9b4860e5145b277d4e5edb21d2a529b0e72,https://doi.org/10.1176/AJP.97.4.812,,,,paper,unknown,brain; brain/neural structure in title,
78,1941,The gaseous tensions in the brain,F. Courtice,Journal of Physiology,1941-09-08,9,0,53.65,General Brain-AI Structure Reviews and Methods,brain-structure,Positions The gaseous tensions in the brain within General Brain Science and Reviews.,high citation signal (9); open-access PDF metadata; brain-structure signal,"Reviews and methods can dominate citations while obscuring smaller empirical advances.; Bridge terminology can be ambiguous, especially around neural networks, intelligence, and biological plausibility.; Imaging conclusions can depend on acquisition, preprocessing, and model specification.",10.1113/jphysiol.1941.sp003933,17b5544559a8beb0ea303111645129a063253fe8,https://doi.org/10.1113/jphysiol.1941.sp003933,,https://www.ncbi.nlm.nih.gov/pmc/articles/PMC1393313,,JournalArticle; Review,unknown,brain; brain/neural structure in title,
79,1941,A Form of Visual Disorientation Resulting from Lesions of the Right Cerebral Hemisphere,W. Brain,Proceedings of the Royal Society of Medicine,1941-10-01,9,2,49.65,General Brain-AI Structure Reviews and Methods,brain-structure,Positions A Form of Visual Disorientation Resulting from Lesions of the Right Cerebral Hemisphere within General Brain Science and Reviews.,high citation signal (9); open-access PDF metadata; brain-structure signal,"Reviews and methods can dominate citations while obscuring smaller empirical advances.; Bridge terminology can be ambiguous, especially around neural networks, intelligence, and biological plausibility.; Imaging conclusions can depend on acquisition, preprocessing, and model specification.",10.1177/003591574103401212,0f788de630ee50f27b3665ae986e3adcbf36fe7b,https://doi.org/10.1177/003591574103401212,,https://journals.sagepub.com/doi/pdf/10.1177/003591574103401212,,JournalArticle; Review,unknown,brain; cerebral,
80,1941,Structure of the small cerebral arteries in hypertension.,A. Baker,American Journal of Pathology,1941,9,0,46.65,General Brain-AI Structure Reviews and Methods,brain-structure,Positions Structure of the small cerebral arteries in hypertension. within General Brain Science and Reviews.,high citation signal (9); brain-structure signal,"Reviews and methods can dominate citations while obscuring smaller empirical advances.; Bridge terminology can be ambiguous, especially around neural networks, intelligence, and biological plausibility.; Imaging conclusions can depend on acquisition, preprocessing, and model specification.",,4e04949577fc7c15c0f226bbe6d0ddff7f0b7679,https://www.semanticscholar.org/paper/4e04949577fc7c15c0f226bbe6d0ddff7f0b7679,,,,JournalArticle; Review,unknown,brain; cerebral,
81,1941,EEG STUDIES OF NINE CASES WITH MAJOR PSYCHOSES RECEIVING METRAZOL,"K. Finley, J. Lesko",Unknown venue,1941-09-01,8,1,68.75,"Electrophysiology, Neural Signals, and AI Decoding",neural-signals,"Positions EEG STUDIES OF NINE CASES WITH MAJOR PSYCHOSES RECEIVING METRAZOL within EEG, MEG, and Electrophysiology.",high citation signal (8),"Signal artifacts, montage choices, source localization, and session drift can dominate apparent model performance.; Temporal precision does not automatically imply anatomical specificity.; Signal drift, artifacts, and session effects can limit real-world decoding reliability.",10.1176/AJP.98.2.185,106dca7b483240debda17365c82cb68e86b1f6e2,https://doi.org/10.1176/AJP.98.2.185,,,,paper,unknown,eeg; neural; decoding; explicit brain-structure/AI bridge,
82,1941,Chemical Changes in Cerebral Cortex Following Local Thermocoagulation and Local Freezing,"C. Marshall, L. F. Nims, W. Stone",The Yale Journal of Biology and Medicine,1941-03-01,8,0,52.75,General Brain-AI Structure Reviews and Methods,brain-structure,The sequelae of an injury to the cerebral cortex may at times depend on the nature of the agent producing the trauma.,high citation signal (8); brain-structure signal,"Reviews and methods can dominate citations while obscuring smaller empirical advances.; Bridge terminology can be ambiguous, especially around neural networks, intelligence, and biological plausibility.; Imaging conclusions can depend on acquisition, preprocessing, and model specification.",,b7cdd81eee25755666ad5b4b07ba3abad43dd832,https://www.semanticscholar.org/paper/b7cdd81eee25755666ad5b4b07ba3abad43dd832,,,,JournalArticle,unknown,brain; cerebral; cortex; brain/neural structure in title,"The sequelae of an injury to the cerebral cortex may at times depend on the nature of the agent producing the trauma. Thus, local freezing of the cerebral cortices of cats, dogs, and monkeys profoundly disturbs the electrical activity of their brains' and, as Openchowski7 and Speransky8 have amply demonstrated, dogs treated in this manner may develop severe convulsive seizures. In contrast, convulsions have not been observed following local thermocoagulation1 of corresponding areas in monkeys. Dusser de Barenne and his associates3 have shown that these two methods of producing local insult have quite different effects on the acidity of the injured areas; hence, different chemical states must have been induced in the cortex by the two procedures. It seemed possible, therefore, that a comparison of the chemical analyses of brains injured in the two different ways might explain the pH shifts and might also throw some light on the chemistry of the preconvulsive state. Chemical analyses of injured brains were made and the results are reported here."
83,1941,Oxygen Consumption of Brain Cortex in Thyrotoxic Guinea Pigs,M. Spirtes,Unknown venue,1941-02-01,8,0,50.75,General Brain-AI Structure Reviews and Methods,brain-structure,Positions Oxygen Consumption of Brain Cortex in Thyrotoxic Guinea Pigs within General Brain Science and Reviews.,high citation signal (8); brain-structure signal,"Reviews and methods can dominate citations while obscuring smaller empirical advances.; Bridge terminology can be ambiguous, especially around neural networks, intelligence, and biological plausibility.; Imaging conclusions can depend on acquisition, preprocessing, and model specification.",10.3181/00379727-46-11965,16741f3bc6c8bf62201ca1cc93764fe9caeaa8e4,https://doi.org/10.3181/00379727-46-11965,,,,JournalArticle,unknown,brain; cortex; brain/neural structure in title,
84,1941,PERMEABILITY CHANGES IN THE BRAIN INDUCED BY METRAZOL AND INSULIN CONVULSIONS,"E. Spiegel, M. Spiegel-Adolf",Unknown venue,1941-06-01,8,0,48.75,General Brain-AI Structure Reviews and Methods,brain-structure,Positions PERMEABILITY CHANGES IN THE BRAIN INDUCED BY METRAZOL AND INSULIN CONVULSIONS within General Brain Science and Reviews.,high citation signal (8); brain-structure signal,"Reviews and methods can dominate citations while obscuring smaller empirical advances.; Bridge terminology can be ambiguous, especially around neural networks, intelligence, and biological plausibility.; Imaging conclusions can depend on acquisition, preprocessing, and model specification.",10.1097/00005053-194106000-00009,81105d1a9fc10fd2134fd545eefdae0c8c591514,https://doi.org/10.1097/00005053-194106000-00009,,,,paper,unknown,brain; brain/neural structure in title,
85,1941,The sulcal pattern of the Chinese brain,"T. K. Chi, C. Chang",Unknown venue,1941-06-01,8,0,48.75,General Brain-AI Structure Reviews and Methods,brain-structure,Positions The sulcal pattern of the Chinese brain within General Brain Science and Reviews.,high citation signal (8); brain-structure signal,"Reviews and methods can dominate citations while obscuring smaller empirical advances.; Bridge terminology can be ambiguous, especially around neural networks, intelligence, and biological plausibility.; Imaging conclusions can depend on acquisition, preprocessing, and model specification.",10.1002/AJPA.1330280203,072c1238b6dc29beb2ea559fdd7485d8737fa099,https://doi.org/10.1002/AJPA.1330280203,,,,paper,unknown,brain; brain/neural structure in title,
86,1941,SULPHANILAMIDE AND SULPHAPYRIDINE IN EXPERIMENTAL CEREBRAL WOUNDS,"E. H. Botterell, E. Carmichael, W. Cone",Journal of neurology and psychiatry,1941-07-01,8,0,59.75,General Brain-AI Structure Reviews and Methods,brain-structure,Positions SULPHANILAMIDE AND SULPHAPYRIDINE IN EXPERIMENTAL CEREBRAL WOUNDS within Clinical Neurology and Neurodegeneration.,high citation signal (8); recognized venue; open-access PDF metadata; brain-structure signal,"Reviews and methods can dominate citations while obscuring smaller empirical advances.; Bridge terminology can be ambiguous, especially around neural networks, intelligence, and biological plausibility.; Imaging conclusions can depend on acquisition, preprocessing, and model specification.",10.1136/jnnp.4.3-4.163,2118f1e256542e8708b2fdbb30755556ed12babb,https://doi.org/10.1136/jnnp.4.3-4.163,,https://jnnp.bmj.com/content/jnnp/4/3-4/163.full.pdf,,JournalArticle,unknown,brain; cerebral,
87,1941,THE RESPONSE OF THE CEREBRAL CORTEX TO LOCAL APPLICATION OF STRYCHNINE NITRATE,"J. G. D. D. Barenne, C. Marshall, L. F. Nims, W. Stone",Unknown venue,1941-03-31,7,0,50.63,General Brain-AI Structure Reviews and Methods,brain-structure,Positions THE RESPONSE OF THE CEREBRAL CORTEX TO LOCAL APPLICATION OF STRYCHNINE NITRATE within General Brain Science and Reviews.,high citation signal (7); brain-structure signal,"Reviews and methods can dominate citations while obscuring smaller empirical advances.; Bridge terminology can be ambiguous, especially around neural networks, intelligence, and biological plausibility.; Imaging conclusions can depend on acquisition, preprocessing, and model specification.",10.1152/AJPLEGACY.1941.132.3.776,5f4e474ec411515d71a73e8ead9ac6b995d6af47,https://doi.org/10.1152/AJPLEGACY.1941.132.3.776,,,,paper,unknown,brain; cerebral; cortex; brain/neural structure in title,
88,1941,"Two ovarian teratomata, one containing cerebellar the other cerebral cortex",H. Bettinger,Unknown venue,1941-09-01,7,0,50.63,General Brain-AI Structure Reviews and Methods,brain-structure,"Positions Two ovarian teratomata, one containing cerebellar the other cerebral cortex within General Brain Science and Reviews.",high citation signal (7); brain-structure signal,"Reviews and methods can dominate citations while obscuring smaller empirical advances.; Bridge terminology can be ambiguous, especially around neural networks, intelligence, and biological plausibility.; Imaging conclusions can depend on acquisition, preprocessing, and model specification.",10.1002/PATH.1700530212,4fac8502556b418295479ed28d764f2ef8035740,https://doi.org/10.1002/PATH.1700530212,,,,paper,unknown,brain; cerebral; cortex; brain/neural structure in title,
89,1941,Electroencephalography: Its applications in neurology and psychiatry,"B. Pacella, S. E. Barrera",Psychiatric quarterly,1941-07-01,7,0,49.83,"Electrophysiology, Neural Signals, and AI Decoding",connectome;neural-signals,"Positions Electroencephalography: Its applications in neurology and psychiatry within EEG, MEG, and Electrophysiology.",high citation signal (7); brain-structure signal,"Signal artifacts, montage choices, source localization, and session drift can dominate apparent model performance.; Temporal precision does not automatically imply anatomical specificity.; Signal drift, artifacts, and session effects can limit real-world decoding reliability.",10.1007/BF01562135,cf33db399a59444b78f1e69a709ed167626ae29d,https://doi.org/10.1007/BF01562135,,,,paper,unknown,brain; historical computation/learning bridge,
90,1941,A Method for the Experimental Production of Brain Abscess,G. M. Markley,Unknown venue,1941-05-01,7,0,46.63,General Brain-AI Structure Reviews and Methods,brain-structure,Positions A Method for the Experimental Production of Brain Abscess within General Brain Science and Reviews.,high citation signal (7); brain-structure signal,"Reviews and methods can dominate citations while obscuring smaller empirical advances.; Bridge terminology can be ambiguous, especially around neural networks, intelligence, and biological plausibility.; Imaging conclusions can depend on acquisition, preprocessing, and model specification.",10.3181/00379727-47-13075,77685e3975712798d603fb7442e01b98144a17c1,https://doi.org/10.3181/00379727-47-13075,,,,JournalArticle,unknown,brain; brain/neural structure in title,
91,1941,Availability of Sodium Pyruvate for Human Brain Oxidations.∗,"W. Goldfarb, J. Wortis",Unknown venue,1941-01-01,7,0,46.63,General Brain-AI Structure Reviews and Methods,brain-structure,Positions Availability of Sodium Pyruvate for Human Brain Oxidations.∗ within General Brain Science and Reviews.,high citation signal (7); brain-structure signal,"Reviews and methods can dominate citations while obscuring smaller empirical advances.; Bridge terminology can be ambiguous, especially around neural networks, intelligence, and biological plausibility.; Imaging conclusions can depend on acquisition, preprocessing, and model specification.",10.3181/00379727-46-11908,63a9fcfbd810759cb2d88a448f33d31ae91499cf,https://doi.org/10.3181/00379727-46-11908,,,,JournalArticle,unknown,brain; brain/neural structure in title,
92,1941,"EFFECTS OF MORPHINE AND ITS DERIVATIVES ON INTERMEDIARY METABOLISM I. THE INFLUENCE OF MORPHINE, CODEINE AND THEBAINE ON THE ACTIVITY OF SEVERAL DEHYDROGENASES AND ON THE RESPIRATION OF RAT CEREBRUM","M. Seevers, F. E. Shideman",Journal of Pharmacology and Experimental Therapeutics,1941-04-01,7,0,46.63,General Brain-AI Structure Reviews and Methods,brain-structure,"The effects of morphine, codeine and thebaine on several dehydrogenases prepared from animal tissues, and on the oxygen uptake of various preparations of rat cerebrum, in the presence of certain added substrates, have been determined.",high citation signal (7); brain-structure signal,"Reviews and methods can dominate citations while obscuring smaller empirical advances.; Bridge terminology can be ambiguous, especially around neural networks, intelligence, and biological plausibility.; Imaging conclusions can depend on acquisition, preprocessing, and model specification.",10.1016/s0022-3565(25)03816-9,e5675b10d5caae562c2fb0098f4014f32c190cc4,https://doi.org/10.1016/s0022-3565(25)03816-9,,,,JournalArticle,unknown,brain; cerebral; cerebrum; cortex,"The effects of morphine, codeine and thebaine on several dehydrogenases prepared from animal tissues, and on the oxygen uptake of various preparations of rat cerebrum, in the presence of certain added substrates, have been determined. Lactic, citric and glucose dehydrogenases are inhibited by 0.06, 0.12 and 0.24 per cent morphine. Succinic and alcohol dehydrogenases are not affected. Neither codeine nor thebaine in concentrations of 0.06, 0.12 and 0.24 per cent has any significant effect on glucose, succinic, alcohol or citric dehydrogenases. Morphine, codeine and thebaine increase the rate of reduction of methylene blue by a phosphate extract of heart muscle. Morphine (0.12 per cent) has no significant effect on the no-substrate oxygen uptake of cerebral cortex slices, cerebral mince, or washed, homogenized cerebrum of the albino rat. The oxygen uptake in the presence of added lactate is inhibited in all three preparations of cerebrum by 0.12 per cent morphine. The oxygen uptake of cerebrum in the presence of added glucose, pyruvate and α-ketoglutarate is reduced by morphine in some preparations but not in others, whereas it is unaffected by morphine in the presence of added citrate, succinate, fumarate and malate."
93,1941,Hematoma of the Brain,"P. Buckley, J. McKinney",Unknown venue,1941-04-24,7,0,46.63,General Brain-AI Structure Reviews and Methods,brain-structure,Positions Hematoma of the Brain within General Brain Science and Reviews.,high citation signal (7); brain-structure signal,"Reviews and methods can dominate citations while obscuring smaller empirical advances.; Bridge terminology can be ambiguous, especially around neural networks, intelligence, and biological plausibility.; Imaging conclusions can depend on acquisition, preprocessing, and model specification.",10.1056/NEJM194104242241702,d4aff5242064ed04780a741479501707572a4898,https://doi.org/10.1056/NEJM194104242241702,,,,paper,unknown,brain; brain/neural structure in title,
94,1941,INFARCTION OF THE BRAIN WITH UNILATERAL CIRCULATORY CHANGES,"C. Pilcher, T. E. Wyatt, H. M. Carney",Unknown venue,1941-02-01,7,0,46.63,General Brain-AI Structure Reviews and Methods,brain-structure,Positions INFARCTION OF THE BRAIN WITH UNILATERAL CIRCULATORY CHANGES within General Brain Science and Reviews.,high citation signal (7); brain-structure signal,"Reviews and methods can dominate citations while obscuring smaller empirical advances.; Bridge terminology can be ambiguous, especially around neural networks, intelligence, and biological plausibility.; Imaging conclusions can depend on acquisition, preprocessing, and model specification.",10.1001/ARCHNEURPSYC.1941.02280140131014,c649931f5d73aa7848c4bc66139c686435e24a52,https://doi.org/10.1001/ARCHNEURPSYC.1941.02280140131014,,,,paper,unknown,brain; brain/neural structure in title,
95,1941,Personality Changes Accompanying Organic Brain Lesions: III. A study of Preadolescent Children,"M. R. Harrower-Erickson, F. Miale",Unknown venue,1941-06-01,7,0,46.63,General Brain-AI Structure Reviews and Methods,brain-structure,"Positions Personality Changes Accompanying Organic Brain Lesions: III. A study of Preadolescent Children within Brain Development, Plasticity, and Connectomics.",high citation signal (7); brain-structure signal,"Reviews and methods can dominate citations while obscuring smaller empirical advances.; Bridge terminology can be ambiguous, especially around neural networks, intelligence, and biological plausibility.; Imaging conclusions can depend on acquisition, preprocessing, and model specification.",10.1080/08856559.1941.10534577,f605f3ca6b843f69cf0c51a594a10c99243a612f,https://doi.org/10.1080/08856559.1941.10534577,,,,paper,unknown,brain; brain/neural structure in title,
96,1941,ANALYTICAL DIFFUSION OF INFLUENZA VIRUS AND MOUSE ENCEPHALOMYELITIS VIRUS,J. Bourdillon,The Journal of General Physiology,1941-11-20,7,0,43.63,General Brain-AI Structure Reviews and Methods,brain-structure,"Analytical diffusion has been applied to a study of influenza A virus in mouse lung, influenza A virus in the extra-embryonic fluids of the chick, and mouse encephalomyelitis virus in mouse brain.",high citation signal (7); open-access PDF metadata; brain-structure signal,"Reviews and methods can dominate citations while obscuring smaller empirical advances.; Bridge terminology can be ambiguous, especially around neural networks, intelligence, and biological plausibility.; Imaging conclusions can depend on acquisition, preprocessing, and model specification.",10.1085/jgp.25.2.263,3dc3ed41335b515c16fc126ff9dacb93690bbcf2,https://doi.org/10.1085/jgp.25.2.263,,https://europepmc.org/articles/pmc2142044?pdf=render,,JournalArticle,unknown,brain,"Analytical diffusion has been applied to a study of influenza A virus in mouse lung, influenza A virus in the extra-embryonic fluids of the chick, and mouse encephalomyelitis virus in mouse brain. The results from influenza in mouse lung suggested that about 99 per cent of the infectivity was present in particles 200 mµ in diameter, and 1 per cent in particles 6 mµ in diameter. The results from influenza in extra-embryonic fluids indicated that the preparation was inhomogeneous and that the smallest virus units were about 6 mµ in diameter. The results from mouse encephalomyelitis virus indicated that the preparation was also inhomogeneous, with 10 per cent of the infectivity in particles about 15 mµ in diameter. It has been suggested that in virus preparations normal colloidal particles can act as carriers of much smaller virus units."
97,1941,A METHOD FOR THE RAPID ISOLATION AND SPECTROGRAPHIC MEASUREMENT OF COCAINE FROM BRAIN TISSUE,"L. Strait, R. Aird, S. Weiss",Journal of Pharmacology and Experimental Therapeutics,1941-12-01,6,0,53.43,"Connectomics, Graph Models, and Brain Networks",brain-structure;connectome,"By means of a spectrochemical method which has high sesitivity and good reliability for measuring one milligram or less of cocaine, a critical study of the details of some of the reported methods of analysis of alkaloids has been made.",high citation signal (6); brain-structure signal,"Graph results can depend strongly on parcellation, thresholding, acquisition, and preprocessing choices.; Correlation networks are often interpreted more causally than the evidence supports.; Imaging conclusions can depend on acquisition, preprocessing, and model specification.",10.1016/s0022-3565(25)04195-3,fe88288fcc575fd4ebac92bbb3a1adb559751184,https://doi.org/10.1016/s0022-3565(25)04195-3,,,,JournalArticle,unknown,brain; brain/neural structure in title; historical computation/learning bridge,"By means of a spectrochemical method which has high sesitivity and good reliability for measuring one milligram or less of cocaine, a critical study of the details of some of the reported methods of analysis of alkaloids has been made. The sources of errors in these methods were analyzed and a technique developed which has given high yields of cocaine from tissues in vitro. Analyzing for 1 mgm. of cocaine hydrochloride in 25 grams of tissue, the technique finally adopted gave consistent yields, when corrected, of approximately 90 per cent, with an estimated error of 10 per cent. The method has been found applicable to quantities as small as 0.05 mgm. of cocaine in experiments in vivo. Isolation and measurement required from seven to nine hours."
98,1941,"A comparative observation of the hind-brain of fish possessing barbels, with special reference to their feeding habits",Mituo Sato,Unknown venue,1941,6,0,44.23,General Brain-AI Structure Reviews and Methods,brain-structure,"Positions A comparative observation of the hind-brain of fish possessing barbels, with special reference to their feeding habits within General Brain Science and Reviews.",high citation signal (6); brain-structure signal,"Reviews and methods can dominate citations while obscuring smaller empirical advances.; Bridge terminology can be ambiguous, especially around neural networks, intelligence, and biological plausibility.; Imaging conclusions can depend on acquisition, preprocessing, and model specification.",,e6e18b8a51fb14d34ce26c3cdb4b656782d307dc,https://www.semanticscholar.org/paper/e6e18b8a51fb14d34ce26c3cdb4b656782d307dc,,,,paper,unknown,brain; brain/neural structure in title,
99,1941,Roentgen Therapy of 100 Consecutive Tumors of the Brain or Spinal Cord1,"F. B. Mandeville, D. Russell, M. Farley",Unknown venue,1941-11-01,6,0,44.23,Clinical NeuroAI and Brain Disorders,brain-structure,Positions Roentgen Therapy of 100 Consecutive Tumors of the Brain or Spinal Cord1 within General Brain Science and Reviews.,high citation signal (6); brain-structure signal,"Clinical cohorts vary by disease stage, comorbidity, treatment history, and follow-up.; Models can learn site or demographic artifacts instead of disease mechanisms.; Imaging conclusions can depend on acquisition, preprocessing, and model specification.",10.1148/37.5.560,21d93c01848770b99fe377f9c870169489071642,https://doi.org/10.1148/37.5.560,,,,paper,unknown,brain; brain/neural structure in title,
100,1941,Sehistosomiasis involving the Brain: Two Case Reports.,"W. Vitug, J. Cruz, Laureano D. Bautista",Unknown venue,1941,6,0,44.23,General Brain-AI Structure Reviews and Methods,brain-structure,Positions Sehistosomiasis involving the Brain: Two Case Reports. within General Brain Science and Reviews.,high citation signal (6); brain-structure signal,"Reviews and methods can dominate citations while obscuring smaller empirical advances.; Bridge terminology can be ambiguous, especially around neural networks, intelligence, and biological plausibility.; Imaging conclusions can depend on acquisition, preprocessing, and model specification.",,2367eb12ac06aa7b7db1662e9f74eab1da04fa40,https://www.semanticscholar.org/paper/2367eb12ac06aa7b7db1662e9f74eab1da04fa40,,,,paper,unknown,brain; brain/neural structure in title,
