rank,year,title,authors,venue,publicationDate,citationCount,influentialCitationCount,importanceScore,category,keywordTags,keyIdea,strengths,limitations,doi,sourceId,url,semanticScholarUrl,openAccessPdf,githubUrl,workType,language,relevanceReason,abstract
1,1918,DISTURBANCES OF VISION BY CEREBRAL LESIONS,G. Holmes,British Journal of Ophthalmology,1918-04-01,538,21,121.41,General Brain-AI Structure Reviews and Methods,brain-structure,Positions DISTURBANCES OF VISION BY CEREBRAL LESIONS within General Brain Science and Reviews.,high citation signal (538); open-access PDF metadata; brain-structure signal,"Reviews and methods can dominate citations while obscuring smaller empirical advances.; Bridge terminology can be ambiguous, especially around neural networks, intelligence, and biological plausibility.; Imaging conclusions can depend on acquisition, preprocessing, and model specification.",10.1136/bjo.2.7.353,203e8f2e58ef47adca3df65f71fd1f4d30514a1d,https://doi.org/10.1136/bjo.2.7.353,,http://bjo.bmj.com/content/2/7/353.full.pdf,,JournalArticle,unknown,brain; cerebral,
2,1918,VENTRICULOGRAPHY FOLLOWING THE INJECTION OF AIR INTO THE CEREBRAL VENTRICLES,W. Dandy,Annals of Surgery,1918-07-01,423,7,118.3,"Connectomics, Graph Models, and Brain Networks",brain-structure;connectome,Positions VENTRICULOGRAPHY FOLLOWING THE INJECTION OF AIR INTO THE CEREBRAL VENTRICLES within General Brain Science and Reviews.,high citation signal (423); open-access PDF metadata; brain-structure signal,"Graph results can depend strongly on parcellation, thresholding, acquisition, and preprocessing choices.; Correlation networks are often interpreted more causally than the evidence supports.; Imaging conclusions can depend on acquisition, preprocessing, and model specification.",10.1097/00000658-191807000-00002,cf534493e3dfc660b8a3bfc539c24b96630d2d27,https://doi.org/10.1097/00000658-191807000-00002,,https://www.ncbi.nlm.nih.gov/pmc/articles/PMC1426769,,JournalArticle,unknown,brain; cerebral,
3,1918,NOTES ON PENETRATING WOUNDS OF THE BRAIN,H. Cushing,British medical journal,1918-02-23,117,3,98.07,General Brain-AI Structure Reviews and Methods,brain-structure,Positions NOTES ON PENETRATING WOUNDS OF THE BRAIN within General Brain Science and Reviews.,high citation signal (117); open-access PDF metadata; brain-structure signal,"Reviews and methods can dominate citations while obscuring smaller empirical advances.; Bridge terminology can be ambiguous, especially around neural networks, intelligence, and biological plausibility.; Imaging conclusions can depend on acquisition, preprocessing, and model specification.",10.1136/bmj.1.2982.221,08352fd9c068b4411879234fdf6be5b40cc11d2c,https://doi.org/10.1136/bmj.1.2982.221,,https://europepmc.org/articles/pmc2340105?pdf=render,,JournalArticle,unknown,brain; brain/neural structure in title,
4,1918,SENSATION AND THE CEREBRAL CORTEX,H. Head,Unknown venue,1918-09-01,82,0,92.74,General Brain-AI Structure Reviews and Methods,brain-structure,Positions SENSATION AND THE CEREBRAL CORTEX within General Brain Science and Reviews.,high citation signal (82); brain-structure signal,"Reviews and methods can dominate citations while obscuring smaller empirical advances.; Bridge terminology can be ambiguous, especially around neural networks, intelligence, and biological plausibility.; Imaging conclusions can depend on acquisition, preprocessing, and model specification.",10.1093/BRAIN/41.2.57,333570eec4c4465a1d19581c372bfc238cb24158,https://doi.org/10.1093/BRAIN/41.2.57,,,,paper,unknown,brain; cerebral; cortex; brain/neural structure in title,
5,1918,Comparative studies on the growth of the cerebral cortex. VII. On the influence of starvation at an early age upon the development of the cerebral cortex. Albino rat,Naoki Sugita,Unknown venue,1918-06-01,47,0,82.88,General Brain-AI Structure Reviews and Methods,brain-structure,"Positions Comparative studies on the growth of the cerebral cortex. VII. On the influence of starvation at an early age upon the development of the cerebral cortex. Albino rat within Brain Development, Plasticity, and Connectomics.",high citation signal (47); brain-structure signal,"Reviews and methods can dominate citations while obscuring smaller empirical advances.; Bridge terminology can be ambiguous, especially around neural networks, intelligence, and biological plausibility.; Imaging conclusions can depend on acquisition, preprocessing, and model specification.",10.1002/cne.900290302,2d41e6f64b9acb7adec40b28811f13983877eb04,https://doi.org/10.1002/cne.900290302,,,,paper,unknown,brain; cerebral; cortex; brain/neural structure in title,
6,1918,THE RECOVERY OF FIELDS OF VISION IN CONCUSSION INJURIES OF THE OCCIPITAL CORTEX,LONDON. M. L. HINE,British Journal of Ophthalmology,1918-01-01,42,0,81.9,General Brain-AI Structure Reviews and Methods,brain-structure,Positions THE RECOVERY OF FIELDS OF VISION IN CONCUSSION INJURIES OF THE OCCIPITAL CORTEX within General Brain Science and Reviews.,high citation signal (42); open-access PDF metadata; brain-structure signal,"Reviews and methods can dominate citations while obscuring smaller empirical advances.; Bridge terminology can be ambiguous, especially around neural networks, intelligence, and biological plausibility.; Imaging conclusions can depend on acquisition, preprocessing, and model specification.",10.1136/bjo.2.1.12,70fd77d3d5b96d17f2668cbbd5be7d5da72940c6,https://doi.org/10.1136/bjo.2.1.12,,https://bjo.bmj.com/content/bjophthalmol/2/1/12.full.pdf,,JournalArticle,unknown,brain; cortex; brain/neural structure in title,
7,1918,Croonian Lecture: The Physiological Basis of Thirst,W. Cannon,Unknown venue,1918-10-17,42,0,79.9,"Cellular, Synaptic, and Neuromorphic Foundations",brain-structure,A custom which has usually been respected by investigators who in years past have had the high honour of delivering the Croonian Lecture is that of reporting and interpreting a group of related researches upon which they have been engaged and which they have already made public.,high citation signal (42); open-access PDF metadata; brain-structure signal,"Cellular mechanisms rarely scale directly into whole-brain behavior or modern AI architectures.; Animal and ex vivo findings require careful translation to human cognition and deployed systems.; Imaging conclusions can depend on acquisition, preprocessing, and model specification.",10.1098/RSPB.1918.0017,0ce38f634a1d1fa9b6465e16b65ad26de2970f6a,https://doi.org/10.1098/RSPB.1918.0017,,https://doi.org/10.1098/rspb.1918.0017,,paper,unknown,cerebral; cortex; eeg; meg,"A custom which has usually been respected by investigators who in years past have had the high honour of delivering the Croonian Lecture is that of reporting and interpreting a group of related researches upon which they have been engaged and which they have already made public. That is a custom which I should have been happy to follow on the present occasion if military service had not sharply broken in on my studies months ago and made them seem now very remote and the summarising of them a difficult occupation. And, after all, is it not natural for us as investigators to hold the forward look, to consider the problems before us rather than those that have been solved? May 1, therefore, be permitted to bring to your attention some ideas and observations which have not yet been published and which, though incomplete, may prove interesting and suggestive. In regarding the human body as a self-regulating organisation we observe that, so far as mere existence is concerned, it depends on three necessary supplies from the outer world, -on food, to provide for growth and repair and to yield energy for internal activities and the maintenance of body heat; on oxygen, to serve the oxidative processes essential to life; and on water, as the medium in which occur all the chemical changes of the body. These three supplies are of different orders of urgency. Thus a man may live for 30 or 40 days without taking food, as professional fasters have demonstrated, and suffer no apparent permanent injury to his bodily structure or functions. On the other hand, lack of oxygen for only a brief period may result in unconsciousness and death. Indeed, certain nerve cells in the cerebral cortex cannot withstand total deprivation of oxygen for more than 8 or 9 minutes without undergoing such fundamental changes that they do not again become normal when they receive their proper supply. Intermediate between the long survival without food and the very brief survival without oxygen is the period of existence which is possible without water. Records of men who have missed their way in desert regions and who, with no water to drink, have wandered in the scorching heat have proved that they rarely live under these circumstances of struggle and torrid atmosphere for more than three days, and many die within 36 hours. An exceptional instance has been reported, of a Mexican, who, lost in the dry plains of the south-western part of the United States, walked, or crept on his hands and knees, between 100 and 150 miles, repeatedly drinking his own excretions, and succeeded, after nearly 7 days wholly without water, in reaching a habitation. This is a record which, for its conditions, has no parallel. If the thirsting man is not subjected to heat or exertion his life may continue much longer than 7 days. Viterbi, an Italian political prisoner, who committed suicide by refusing food and drink, died on the eighteenth day of his voluntary privation. After the third day the pangs of hunger ceased, but, until almost the last, thirst was always more insistent and tormenting. He records again and again his parched mouth and throat, his burning thirst, his ardent and continual thirst, his thirst constant and ever more intolerable. Thus though the period of survival varies, death is sure to come whether food, or oxygen, or water is withheld."
8,1918,Collected Papers on Analytical Psychology,C. Jung,The Indian medical gazette,1918-02-01,40,1,77.24,"Electrophysiology, Neural Signals, and AI Decoding",brain-structure;neural-signals,"as opposed to the teaching of the Viennese School, led by Freud.",high citation signal (40); brain-structure signal,"Signal artifacts, montage choices, source localization, and session drift can dominate apparent model performance.; Temporal precision does not automatically imply anatomical specificity.; Imaging conclusions can depend on acquisition, preprocessing, and model specification.",,8cb22a8e39b76d9e584890a5fc214bce100ab2a6,https://www.semanticscholar.org/paper/8cb22a8e39b76d9e584890a5fc214bce100ab2a6,,,,paper,unknown,brain; eeg; meg; ecog,"as opposed to the teaching of the Viennese School, led by Freud. The latter maintains that neuroses are the result of repression and that the origin of repression lies in sexuality. Jung agrees that neuroses arise from repression but denies their origin in sexuality, and in this connection develops his ideas of introversion and extroversion. As the author points out, it is a relief to any one who is acquainted with Freud's Sexual Theory to find that he need not necessarily look upon his brain as an appendage of his genital glands. At the same time the great importance of sexuality is recognised and freely admitted. The book is essentially one for the earnest student of Psychology ; in it he will find much food for reflection and"
9,1918,BRAIN CHANGES ASSOCIATED WITH PERNICIOUS ANEMIA,H. W. Woltman,Unknown venue,1918-06-01,38,0,78.14,General Brain-AI Structure Reviews and Methods,brain-structure,Positions BRAIN CHANGES ASSOCIATED WITH PERNICIOUS ANEMIA within General Brain Science and Reviews.,high citation signal (38); open-access PDF metadata; brain-structure signal,"Reviews and methods can dominate citations while obscuring smaller empirical advances.; Bridge terminology can be ambiguous, especially around neural networks, intelligence, and biological plausibility.; Imaging conclusions can depend on acquisition, preprocessing, and model specification.",10.1001/ARCHINTE.1918.00090110088005,c1a7633699544c292e21256a9623896021f0eebb,https://doi.org/10.1001/ARCHINTE.1918.00090110088005,,https://conservancy.umn.edu/bitstreams/acaa5c63-a838-40d1-9658-41214b941bca/download,,paper,unknown,brain; brain/neural structure in title,
10,1918,EARLY DIAGNOSIS AND INTRAVENOUS SERUM TREATMENT OF EPIDEMIC CEREBROSPINAL MENINGITIS,W. W. Herrick,Unknown venue,1918-08-24,29,0,65.42,Clinical NeuroAI and Brain Disorders,clinical-neuroai,"In large cantonment hospitals where clinical material can be controlled by military methods, where acute disease in large volume may be studied in its earliest as well as its later stages, where necropsy study is possible and where elaborate laboratory equipment is often lacking and the medical officer thrown in consequence on his own resources, bedside observation may well add to the store of medical knowledge.",high citation signal (29); open-access PDF metadata,"Clinical cohorts vary by disease stage, comorbidity, treatment history, and follow-up.; Models can learn site or demographic artifacts instead of disease mechanisms.; Metadata-level ranking should be complemented with full-text expert review before strong claims are made.",10.1001/JAMA.1918.02600340004002,c80081111419c7d6d3888a07762b952d58394dd1,https://doi.org/10.1001/JAMA.1918.02600340004002,,https://zenodo.org/record/2296113/files/article.pdf,,paper,unknown,Semantic Scholar brain-AI query,"In large cantonment hospitals where clinical material can be controlled by military methods, where acute disease in large volume may be studied in its earliest as well as its later stages, where necropsy study is possible and where elaborate laboratory equipment is often lacking and the medical officer thrown in consequence on his own resources, bedside observation may well add to the store of medical knowledge. At the base hospital, Camp Jackson, S. C., attention has been focused on epidemic cerebrospinal meningitis. More than 270 cases of this disease have been studied with the result that a more definite idea of its general character has been established, methods of diagnosis of value have been brought into use, and a more successful treatment has been carried out. This paper is based on the study of the first 265 cases of meningococcus infection observed from November, 1917, to June, 1918. Some of"
11,1918,Weights of various parts of the brain in normal and underfed albino rats at different ages,C. A. Stewart,Unknown venue,1918-10-01,26,1,68.53,General Brain-AI Structure Reviews and Methods,brain-structure,Positions Weights of various parts of the brain in normal and underfed albino rats at different ages within General Brain Science and Reviews.,high citation signal (26); brain-structure signal,"Reviews and methods can dominate citations while obscuring smaller empirical advances.; Bridge terminology can be ambiguous, especially around neural networks, intelligence, and biological plausibility.; Imaging conclusions can depend on acquisition, preprocessing, and model specification.",10.1002/CNE.900290504,95df93d5f3c3c4c72be585e96cf94e18fa3fbaa9,https://doi.org/10.1002/CNE.900290504,,,,paper,unknown,brain; brain/neural structure in title,
12,1918,"The Cerebrospinal Fever Epidemic of 1917 at ""X"" Depot",J. Glover,Epidemiology and Infection,1918-01-01,22,0,60.64,Clinical NeuroAI and Brain Disorders,clinical-neuroai,(1) There were nineteen cases and eight deaths at the depot during the epidemic.,high citation signal (22); open-access PDF metadata,"Clinical cohorts vary by disease stage, comorbidity, treatment history, and follow-up.; Models can learn site or demographic artifacts instead of disease mechanisms.; Metadata-level ranking should be complemented with full-text expert review before strong claims are made.",10.1017/S002217240000718X,26bfcafe651af752d4619b25645faf7f71224ed2,https://doi.org/10.1017/S002217240000718X,,https://www.cambridge.org/core/services/aop-cambridge-core/content/view/48D268324321E477AD6AC2671D3B8666/S002217240000718Xa.pdf/div-class-title-the-cerebro-spinal-fever-epidemic-of-1917-at-x-depot-div.pdf,,JournalArticle,unknown,Semantic Scholar brain-AI query,"(1) There were nineteen cases and eight deaths at the depot during the epidemic. One doubtful case during this period recovered, and a sporadic case in June due to Type I also recovered; these are not included in the above, nor is one man who went on leave to Blackpool, and developed the disease (Type II) on arrival. (2) So far the reserve battalions have had three cases only, with two deaths, although a high carrier-rate wave has been detected in two. (3) All the cases (except the June case) at the depot occurred during exceptionally cold weather. In the chart the cases appear to lie in thetrough of a great depression of the curve of mean weekly temperature (broken line). They also follow immediately upon exceptional crowding (black line). (4) There was a well-marked premonitory rise in the carrier-rate in December 1916, before the first case occurred, and an enormous rise before the epidemic was really established.The carrier-rate, which was 19·25% on December 23rd, reache dwhat is usually considered the danger point of 20% (see War OfficeMemorandum on Cerebro-spinal Fever, page 2) just six days before the first case occurred. It would appear that estimations of the carrier-rate by means of large sample swabbings afford a reliable warning of the imminence or danger of an epidemic. (5) The cases in the epidemic were nearly all due to the meningococcus of Type II, the organism present in the outbreak of 1916. The rise in the carrier-rate was also chiefly due to the increase ofcarriers of this type. Freshly joined recruits showed few carriers at all and very few Type II carriers when swabbed before having slept in the barracks. (6) During the epidemic, the carrier-rate among non-contacts was substantially the same as amongst the actual contacts of cases, averaging34% for the period, in each case. (7) The proportion of agglutinable strains to inagglutinable strains of organisms morphologically indistinguishable from the meningococcus increased very markedly during the epidemic period. (8) The treatment of the whole population by the steam zinc sulphate solution spray (which was carried out daily for two seven-day periods with an interval of a fortnight), was followed by a satisfactory drop in the carrier-rate, and by a temporary cessation of cases on each occasion. (9) 60% of the actual patients suffering from the disease were in their first month of service. 40% of the patients had either been inoculated or vaccinated within seven days of onset (three on the same day); 60% within afortnight. (10) Previous and concurrent epidemics of German measles, influenza and bronchitis had helped (by causing coughing and sneezing and by lowering vitality) to produce the great rise in the carrier-rate, which culminated in the case epidemic."
13,1918,"TRICHINOSIS: A REPORT OF THREE CASES SIMULATING MENINGITIS, WITH THE FINDINGS OF TRICHINA LARVAE IN SPINAL FLUID",Jacob Meyer,Unknown venue,1918-03-02,21,1,61.84,General Brain-AI Structure Reviews and Methods,brain-structure,"Since Van Cott and Lintz 1 first reported the findings of trichinae in the spinal fluid, there have been reports by Bloch, 2 Elliott, 3 Lintz, 4 Cummins and Carson, 5 and Salzer 6 confirming the observation.",high citation signal (21); open-access PDF metadata; brain-structure signal,"Reviews and methods can dominate citations while obscuring smaller empirical advances.; Bridge terminology can be ambiguous, especially around neural networks, intelligence, and biological plausibility.; Imaging conclusions can depend on acquisition, preprocessing, and model specification.",10.1001/JAMA.1918.02600090008003,a6629c47d1ea706bee208afcdda22fa1845c1621,https://doi.org/10.1001/JAMA.1918.02600090008003,,https://zenodo.org/records/2322283/files/article.pdf,,paper,unknown,brain,"Since Van Cott and Lintz 1 first reported the findings of trichinae in the spinal fluid, there have been reports by Bloch, 2 Elliott, 3 Lintz, 4 Cummins and Carson, 5 and Salzer 6 confirming the observation. These reports do not emphasize the occurrence of meningeal symptoms. Bloch particularly emphasizes the presence of trichinae in the spinal fluid without any symptoms referable to the brain and cord. He says, however, that ""the presence of a positive Nonne and Noguchi would indicate meningeal irritation."" Elliott mentions a positive Kernig sign, but asserts it is a false Kernig and one due to pain. Bloch and Hassin 7 report a case of trichinosis in a young man, who developed a left-sided hemiparesis, and showed exaggerated knee jerks, a bilateral Babinski reflex, and left-sided ankle clonics. No trichinae were found in the spinal fluid. The following cases are reported because of the definite meningeal"
14,1918,THE ETIOLOGY OF EPIDEMIC POLIOMYELITIS,E. Tsen,Journal of Experimental Medicine,1918-03-01,20,0,61.0,General Brain-AI Structure Reviews and Methods,brain-structure,Streptococci have been isolated from the central nervous system of monkeys dead of poliomyelitis.,high citation signal (20); open-access PDF metadata; brain-structure signal,"Reviews and methods can dominate citations while obscuring smaller empirical advances.; Bridge terminology can be ambiguous, especially around neural networks, intelligence, and biological plausibility.; Imaging conclusions can depend on acquisition, preprocessing, and model specification.",10.1084/jem.28.3.269,ce5446e6c96828ee6f21a79392e0b5c74108041c,https://doi.org/10.1084/jem.28.3.269,,https://rupress.org/jem/article-pdf/28/3/269/1175023/269.pdf,,JournalArticle,unknown,brain,"Streptococci have been isolated from the central nervous system of monkeys dead of poliomyelitis. Streptococci have also been isolated from the central nervous system of monkeys dead of other causes as well as from the brains of normal rabbits. Streptococci isolated from poliomyelitic monkeys do not differ from those isolated from monkeys and rabbits dead from other causes. An etiological relation has not been established between streptococci and poliomyelitis. We have at several times isolated an organism that was similar to the globoid bodies culturally, morphologically, and in staining reaction, but have not been able to carry it along for more than three generations. The pathogenicity of these organisms has therefore not been tested on monkeys. We have not been able to produce typical lesions of poliomyelitis in rabbits by the injection of either the poliomyelitic virus or streptococci."
15,1918,"Comparative studies on the growth of the cerebral cortex. VIII. General review of data for the thickness of the cerebral cortex and the size of the cortical cells in several mammals, together with some postnatal growth changes in these structures",Naoki Sugita,Unknown venue,1918-06-01,19,0,77.12,"Cellular, Synaptic, and Neuromorphic Foundations",brain-structure,"Positions Comparative studies on the growth of the cerebral cortex. VIII. General review of data for the thickness of the cerebral cortex and the size of the cortical cells in several mammals, together with some postnatal growth changes in these structures within General Brain Science and Reviews.",high citation signal (19); synthesis or review value; brain-structure signal,"Cellular mechanisms rarely scale directly into whole-brain behavior or modern AI architectures.; Animal and ex vivo findings require careful translation to human cognition and deployed systems.; Imaging conclusions can depend on acquisition, preprocessing, and model specification.",10.1002/cne.900290303,e8729792b5a3362585b31390171d9aaec77d5f07,https://doi.org/10.1002/cne.900290303,,,,Review,unknown,brain; cerebral; cortex; cortical; brain/neural structure in title,
16,1918,PATHOLOGIC REPORT ON FORTY-THREE CASES OF ACUTE POLIOMYELITIS,H. Abramson,Unknown venue,1918-09-01,15,0,52.91,"Cognitive Architectures, Learning, and Systems Neuroscience",,The morbid anatomy of acute poliomyelitis has received careful and painstaking study by a number of European pathologists.,high citation signal (15); open-access PDF metadata,Task designs can oversimplify cognition and limit ecological validity.; Circuit-behavior correlations need causal perturbation or strong model comparison before mechanistic claims are secure.; Metadata-level ranking should be complemented with full-text expert review before strong claims are made.,10.1001/ARCHINTE.1918.00090140045004,32ce8bfb4d1d2cb0b55a24f4bf822c60f63e2ed4,https://doi.org/10.1001/ARCHINTE.1918.00090140045004,,https://zenodo.org/record/1498248/files/article.pdf,,paper,unknown,Semantic Scholar brain-AI query,"The morbid anatomy of acute poliomyelitis has received careful and painstaking study by a number of European pathologists. Rissler 1 was the first to describe the anatomic changes in the central nervous system, with a report of three cases, in 1888. The changes described were confirmed by a number of other students of the disease, chief among whom are Wickman 2 with a report of fourteen cases, Harbitz and Scheel 3 with nineteen cases, and Strauss 4 with eight cases. These anatomic studies are confined chiefly to the nervous elements of the body, comparatively little attention having been paid to the other organs. Flexner, Peabody and Draper 5 studied eleven acute cases with special reference to the changes in the organs other than the central nervous system. They found constant changes in the lymphatic structures throughout the body and called attention to focal degenerative lesions in the liver. The changes in the lymphatic tissues consisted"
17,1918,Comparative studies on the growth of the cerebral cortex. III. On the size and shape of the cerebrum in the Norway rat (Mus norvegicus) and a comparison of these with the corresfonding characters in the albino rat,Naoki Sugita,Unknown venue,1918-02-01,14,0,68.94,General Brain-AI Structure Reviews and Methods,brain-structure,"In connection with an earlier study on the size and shape of the cerebrum in the albino rat (Sugita, '17), I took up a study of the changes in the size and shape of the cerebrum in the Norway rat during its growth.",high citation signal (14); open-access PDF metadata; brain-structure signal,"Reviews and methods can dominate citations while obscuring smaller empirical advances.; Bridge terminology can be ambiguous, especially around neural networks, intelligence, and biological plausibility.; Imaging conclusions can depend on acquisition, preprocessing, and model specification.",10.1002/cne.900290102,41a05bc6248f299ec56d3b3e06889e7c2a1dad4f,https://doi.org/10.1002/cne.900290102,,https://zenodo.org/record/1786983/files/article.pdf,,paper,unknown,brain; cerebral; cerebrum; cortex; cortical; brain/neural structure in title,"In connection with an earlier study on the size and shape of the cerebrum in the albino rat (Sugita, '17), I took up a study of the changes in the size and shape of the cerebrum in the Norway rat during its growth. The method of investigation which was adopted by me for the albino rat, was followed in this case also, so that for these methods it is only necessary to refer to the paper just cited. Table 1 shows the body and the brain measurements of the Norway rats which were used. The individuals have been grouped according to their brain weights and the average measurements for each group are given in the table. To distinguish these from the like groups for the albino rat, which will often be referred to for comparison, a capital letter N was attached to every Norway rat group number. A large part of this material has bee$n used for further studies on cortical development or for other purposes. In a subsequent paper the individual data will be presented, so that the average values alone are here printed. The material, consisting of 62 Norway rats (43 males and 19 females) whose brain weights fall between 1.1 grams and 2.4 grams, was collected from .time to time in the city and vicinity of Philadelphia from April to November, 1916. Figures 1 and 2 show the dorsal and laterai views of the Norway rat brain, on which the positions of the five diameters to be"
18,1918,THE EFFECT ON BODY TEMPERATURE INDUCED BY THERMAL STIMULATION OF THE HEAT CENTER IN THE BRAIN OF THE CAT,"A. L. Prince, L. J. Hahn",Unknown venue,1918-07-01,14,0,57.94,General Brain-AI Structure Reviews and Methods,brain-structure,Positions THE EFFECT ON BODY TEMPERATURE INDUCED BY THERMAL STIMULATION OF THE HEAT CENTER IN THE BRAIN OF THE CAT within General Brain Science and Reviews.,high citation signal (14); brain-structure signal,"Reviews and methods can dominate citations while obscuring smaller empirical advances.; Bridge terminology can be ambiguous, especially around neural networks, intelligence, and biological plausibility.; Imaging conclusions can depend on acquisition, preprocessing, and model specification.",10.1152/AJPLEGACY.1918.46.4.412,bdb4ca40f8bf4cbb4433b036afcce438788548ef,https://doi.org/10.1152/AJPLEGACY.1918.46.4.412,,,,paper,unknown,brain; brain/neural structure in title,
19,1918,THE EXISTENCE OF TWO DISTINCT PHYSIOLOGICAL SYSTEMS FOR THE TRANSMISSION OF MOTOR IMPULSES IN PERIPHERAL NERVESA PALEO-KINETIC SYSTEM SUBSERVING THE FUNCTION OF AUTOMATIC AND ASSOCIATED MOVEMENTS; AND ASSOCIATED MOVEMENTS; AND A NEO-KINETIC SYSTEM FOR ISOLATED SYNERGIC MOVEMENTS OF CORTICAL ORIGIN,J. Hunt,Unknown venue,1918-11-01,13,0,52.7,General Brain-AI Structure Reviews and Methods,brain-structure,Positions THE EXISTENCE OF TWO DISTINCT PHYSIOLOGICAL SYSTEMS FOR THE TRANSMISSION OF MOTOR IMPULSES IN PERIPHERAL NERVESA PALEO-KINETIC SYSTEM SUBSERVING THE FUNCTION OF AUTOMATIC AND ASSOCIATED MOVEMENTS; AND ASSOCIATED MOVEMENTS; AND A NEO-KINETIC SYSTEM FOR ISOLATED SYNERGIC MOVEMENTS OF CORTICAL ORIGIN within General Brain Science and Reviews.,high citation signal (13); brain-structure signal,"Reviews and methods can dominate citations while obscuring smaller empirical advances.; Bridge terminology can be ambiguous, especially around neural networks, intelligence, and biological plausibility.; Imaging conclusions can depend on acquisition, preprocessing, and model specification.",10.1093/BRAIN/41.3-4.302,aa5f388cbf2c4c08d7dc4327787f17231680a756,https://doi.org/10.1093/BRAIN/41.3-4.302,,,,paper,unknown,brain; cortical,
20,1918,EARLY DIAGNOSIS OF CEREBROSPINAL MENINGITIS BY THE EXAMINATION OF STAINED BLOOD FILMS: REPORT OF A CASE,W. King,Unknown venue,1918-12-21,13,0,50.7,Clinical NeuroAI and Brain Disorders,clinical-neuroai,Positions EARLY DIAGNOSIS OF CEREBROSPINAL MENINGITIS BY THE EXAMINATION OF STAINED BLOOD FILMS: REPORT OF A CASE within General Brain Science and Reviews.,high citation signal (13),"Clinical cohorts vary by disease stage, comorbidity, treatment history, and follow-up.; Models can learn site or demographic artifacts instead of disease mechanisms.; Metadata-level ranking should be complemented with full-text expert review before strong claims are made.",10.1001/JAMA.1918.02600510016005,4c2f1d9d2cfe904d6bf9a28a31b02c6a96d565fe,https://doi.org/10.1001/JAMA.1918.02600510016005,,,,paper,unknown,brain,
21,1918,THE INTRAVENOUS SERUM TREATMENT OF EPIDEMIC CEREBROSPINAL MENINGITIS,W. W. Herrick,Unknown venue,1918-04-01,13,0,49.5,General Brain-AI Structure Reviews and Methods,,Positions THE INTRAVENOUS SERUM TREATMENT OF EPIDEMIC CEREBROSPINAL MENINGITIS within General Brain Science and Reviews.,high citation signal (13),"Reviews and methods can dominate citations while obscuring smaller empirical advances.; Bridge terminology can be ambiguous, especially around neural networks, intelligence, and biological plausibility.; Metadata-level ranking should be complemented with full-text expert review before strong claims are made.",10.1001/ARCHINTE.1918.00090090121005,34bfd34bf842506ecbe66c34627dad5cf372557f,https://doi.org/10.1001/ARCHINTE.1918.00090090121005,,,,paper,unknown,brain,
22,1918,Piroplasmosis of Cattle in Panama Value of the Brain Film in Diagnosis,H. Clark,Unknown venue,1918-02-01,12,0,56.57,Clinical NeuroAI and Brain Disorders,brain-structure;clinical-neuroai,Positions Piroplasmosis of Cattle in Panama Value of the Brain Film in Diagnosis within General Brain Science and Reviews.,high citation signal (12); brain-structure signal,"Clinical cohorts vary by disease stage, comorbidity, treatment history, and follow-up.; Models can learn site or demographic artifacts instead of disease mechanisms.; Imaging conclusions can depend on acquisition, preprocessing, and model specification.",10.1093/INFDIS/22.2.159,1bd0f2300a78ec679951140e25c1a545ac14fc7d,https://doi.org/10.1093/INFDIS/22.2.159,,,,paper,unknown,brain; brain/neural structure in title,
23,1918,THE OCCURRENCE OF UNSUSPECTED INVOLVEMENT OF THE CENTRAL NERVOUS SYSTEM IN UNSELECTED CASES OF SYPHILIS,"P. Fildes, R. Parnell, H. B. Maitland",Unknown venue,1918-11-01,12,0,48.17,General Brain-AI Structure Reviews and Methods,,Positions THE OCCURRENCE OF UNSUSPECTED INVOLVEMENT OF THE CENTRAL NERVOUS SYSTEM IN UNSELECTED CASES OF SYPHILIS within General Brain Science and Reviews.,high citation signal (12),"Reviews and methods can dominate citations while obscuring smaller empirical advances.; Bridge terminology can be ambiguous, especially around neural networks, intelligence, and biological plausibility.; Metadata-level ranking should be complemented with full-text expert review before strong claims are made.",10.1093/BRAIN/41.3-4.255,44d7b84c4977543ffba1fab115e466ffa10e809e,https://doi.org/10.1093/BRAIN/41.3-4.255,,,,paper,unknown,brain,
24,1918,The Background of American Federalism,A. Mclaughlin,American Political Science Review,1918-05-01,11,0,70.13,"Electrophysiology, Neural Signals, and AI Decoding",brain-structure;neural-signals,"irst, that the essential qualities of American federal organization were largely the product of the practices of the old British empire as it existed before 1764; second, that the discussions of the generation from the French and Indian war to the adoption of the federal Constitution, and, more particularly, the discussions in the ten or twelve years before independence, were over the problem of imperial organization.",high citation signal (11); recognized venue; open-access PDF metadata; brain-structure signal,"Signal artifacts, montage choices, source localization, and session drift can dominate apparent model performance.; Temporal precision does not automatically imply anatomical specificity.; Imaging conclusions can depend on acquisition, preprocessing, and model specification.",10.2307/1943600,ad9b84093f4811eb18d2bd4398cbbd83c6cc1cd4,https://doi.org/10.2307/1943600,,http://hdl.handle.net/2027/mdp.39015071561131,,paper,unknown,brain; eeg; meg; ecog,"The purpose of this paper is to make plain two facts: first, that the essential qualities of American federal organization were largely the product of the practices of the old British empire as it existed before 1764; second, that the discussions of the generation from the French and Indian war to the adoption of the federal Constitution, and, more particularly, the discussions in the ten or twelve years before independence, were over the problem of imperial organization. The center of this problem was the difficulty of recognizing federalism; and, though there was great difficulty in grasping the principle, the idea of federalism went over from the old empire, through discussion into the Constitution of the United States. By federalism is meant, of course, that system of political order in which powers of government are separated and distinguished and in which these powers are distributed among governments, each government having its quota of authority and each its distinct sphere of activity. We all remember very well that, until about thirty years ago, it was common to think of the United States Constitution as if it were ""stricken off in a given time by the brain and purpose of man."" About that time there began a careful study of the background of constitutional provisions and especially of the specific make-up of the institutions provided for by the instrument."
25,1918,CULTIVATION EXPERIMENTS ON THE GLOBOID BODIES OF POLIOMYELITIS,W. G. Smillie,Journal of Experimental Medicine,1918-03-01,11,0,51.73,General Brain-AI Structure Reviews and Methods,,"The globoid bodies, identical in morphological and cultural characteristics with the organisms described by Flexner and Noguchi, have been obtained in twenty-two cultures from the tissues of seven monkeys suffering from experimental poliomyelitis.",high citation signal (11); open-access PDF metadata,"Reviews and methods can dominate citations while obscuring smaller empirical advances.; Bridge terminology can be ambiguous, especially around neural networks, intelligence, and biological plausibility.; Metadata-level ranking should be complemented with full-text expert review before strong claims are made.",10.1084/jem.27.3.319,beeac2c3b641884961cf659abbf5cb42c90cf9a9,https://doi.org/10.1084/jem.27.3.319,,https://rupress.org/jem/article-pdf/27/3/319/1174755/319.pdf,,JournalArticle,unknown,brain; cerebrum,"The globoid bodies, identical in morphological and cultural characteristics with the organisms described by Flexner and Noguchi, have been obtained in twenty-two cultures from the tissues of seven monkeys suffering from experimental poliomyelitis. Twenty of the strains were cultivated from the central nervous organs, all being obtained from the cerebrum except one, which was cultivated from the cervical portion of the spinal cord. Two strains were cultivated from the spleen. None of the cultivated strains inoculated produced typical poliomyelitis in monkeys. The recovery of a strain of the globoid bodies from the inoculated monkey is as difficult as is the original cultivation of the organisms from animals inoculated with the ordinary virus of poliomyelitis. Nothing in this study has served to implicate the streptococcus in the pathology of the poliomyelitic process; the streptococcus is, however, encountered as a common contaminant or secondary invader, especially in animals which have been etherized while moribund, or which had died some hours previous to the autopsy. When the infected and paralyzed animals are killed while still strong, secondary invading bacteria, including the streptococcus, tend to be absent from the tissues. A modified, perhaps improved, but alternative method has been devised for the cultivation of the globoid bodies and other microorganisms demanding a high degree of anaerobiosis."
26,1918,A FURTHER STUDY OF EXPERIMENTAL PAROTITIS,M. Wollstein,Journal of Experimental Medicine,1918-10-01,11,0,48.93,Clinical NeuroAI and Brain Disorders,clinical-neuroai,A new series of inoculations into cats of the filtered sterile salivary secretions derived from cases of parotitis has been described.,high citation signal (11); open-access PDF metadata,"Clinical cohorts vary by disease stage, comorbidity, treatment history, and follow-up.; Models can learn site or demographic artifacts instead of disease mechanisms.; Metadata-level ranking should be complemented with full-text expert review before strong claims are made.",10.1084/jem.28.4.377,90c5f7403e9b840113219fd48d5549c575d19d5b,https://doi.org/10.1084/jem.28.4.377,,https://rupress.org/jem/article-pdf/28/4/377/1174966/377.pdf,,JournalArticle,unknown,Semantic Scholar brain-AI query,"A new series of inoculations into cats of the filtered sterile salivary secretions derived from cases of parotitis has been described. They confirm the observations made in 1915-1916 and extend them to include the epidemic parotitis occurring in our military forces. Incidentally confirmatory evidence of the filterable nature of the causative agent of mumps has been obtained. It has been determined that the saliva of man and of inoculated cats, and the inoculated glands of the latter animals, contain the filterable, infective agent. The lesions present in the inoculated organs conform to those described in our first publication. In addition, the lymph glands adjacent to the salivary glands on the uninoculated side were sometimes found to be swollen and to exhibit microscopic lesions. Probably the involvement resulted from salivary and lymphatic infection. The ""virus"" of parotitis was detected most readily in the saliva during the first 3 days of the disease, less easily on the 6th day, and not at all on the 9th day. It was detected also in the blood of patients showing marked constitutional symptoms, and in the saliva of a case of recurrent mumps at the periods of enlargement of the parotid glands, but not 2 weeks after the swelling had subsided. It was not detected in the cerebrospinal fluid."
27,1918,ON THE EVOLUTION OF THE NEUROGLIA AND SPECIALLY THEIR RELATIONS TO THE VASCULAR APPARATUS,"Nicolas Achucarro, Dudley W. Fay",Unknown venue,1918-10-01,10,0,46.16,General Brain-AI Structure Reviews and Methods,,"Positions ON THE EVOLUTION OF THE NEUROGLIA AND SPECIALLY THEIR RELATIONS TO THE VASCULAR APPARATUS within Cellular, Molecular, and Synaptic Neuroscience.",high citation signal (10); open-access PDF metadata,"Reviews and methods can dominate citations while obscuring smaller empirical advances.; Bridge terminology can be ambiguous, especially around neural networks, intelligence, and biological plausibility.; Metadata-level ranking should be complemented with full-text expert review before strong claims are made.",10.1097/00005053-191810000-00004,97436cb1f5e511c6032e47b86ba0224d9f6fa25f,https://doi.org/10.1097/00005053-191810000-00004,,https://zenodo.org/record/1544288/files/article.pdf,,paper,unknown,Semantic Scholar brain-AI query,
28,1918,HEAT STROKE: WITH A SECOND STUDY OF CEREBRAL EDEMA,"Pierce McKENZIE, E. Lecount",Unknown venue,1918-07-27,9,0,50.85,Clinical NeuroAI and Brain Disorders,brain-structure;clinical-neuroai,"The meteorological conditions responsible for heat stroke are rare in Europe but common in the Mississippi Valley and states of the eastern and southern coasts of this country; in general, heat stroke occurs in river valleys and low lands.",high citation signal (9); open-access PDF metadata; brain-structure signal,"Clinical cohorts vary by disease stage, comorbidity, treatment history, and follow-up.; Models can learn site or demographic artifacts instead of disease mechanisms.; Imaging conclusions can depend on acquisition, preprocessing, and model specification.",10.1001/JAMA.1918.02600300024008,a6dda1a6d2c95da2447c6c8a07b42db1cc68287e,https://doi.org/10.1001/JAMA.1918.02600300024008,,https://zenodo.org/records/2262855/files/article.pdf,,paper,unknown,brain; cerebral,"The meteorological conditions responsible for heat stroke are rare in Europe but common in the Mississippi Valley and states of the eastern and southern coasts of this country; in general, heat stroke occurs in river valleys and low lands. 1 Inability of the air about the body to receive any more moisture because it is already so saturated, together with a high temperature of the air, are chiefly responsible for heat stroke, and this applies equally well to heat stroke caused by exposure to the sun's heat and to heat stroke under other conditions, as in hot kitchens or boiler rooms. The ""wet-bulb"" thermometer determinations so essential to indicate this relation between increased humidity and temperature 2 are unfortunately no longer a part of our daily weather reports. Less important causes are tight and heavy clothing and a too small intake of water, each preventing or lessening cooling of the"
29,1918,CONDUCTION IN PERIPHERAL NERVE AND IN THE CENTRAL NERVOUS SYSTEM,E. Adrian,Unknown venue,1918-06-01,9,1,43.45,General Brain-AI Structure Reviews and Methods,,Positions CONDUCTION IN PERIPHERAL NERVE AND IN THE CENTRAL NERVOUS SYSTEM within General Brain Science and Reviews.,high citation signal (9),"Reviews and methods can dominate citations while obscuring smaller empirical advances.; Bridge terminology can be ambiguous, especially around neural networks, intelligence, and biological plausibility.; Metadata-level ranking should be complemented with full-text expert review before strong claims are made.",10.1093/BRAIN/41.1.23,0262d09ea1d511c50ff74ce9f7f503d68c72aa94,https://doi.org/10.1093/BRAIN/41.1.23,,,,paper,unknown,brain,
30,1918,"Muscular Atrophy and other Changes in Nutrition associated with Lesions of the Sensory Cortex of the Brain, with Especial Reference to the Possible Existence of Trophic Representation in the Post-central Areas",L. Guthrie,Proceedings of the Royal Society of Medicine,1918-03-01,8,1,54.95,"Brain Decoding, Representation Learning, and BCI",brain-structure;decoding,"Positions Muscular Atrophy and other Changes in Nutrition associated with Lesions of the Sensory Cortex of the Brain, with Especial Reference to the Possible Existence of Trophic Representation in the Post-central Areas within General Brain Science and Reviews.",high citation signal (8); open-access PDF metadata; brain-structure signal; brain-to-model interface signal,"Small cohorts, session drift, invasive risk, and nonstationary signals limit generalization.; Offline decoding accuracy may not reflect real-time user burden or long-term deployment reliability.; Imaging conclusions can depend on acquisition, preprocessing, and model specification.",10.1177/003591571801100702,ff3786bdc2d41c7418835e08f0cf962823477ac4,https://doi.org/10.1177/003591571801100702,,https://doi.org/10.1177/003591571801100702,,JournalArticle,unknown,brain; cortex; brain/neural structure in title,
31,1918,A contribution to the study of the pathways of the cerebrospinal fluid and the choroid plexus,K. Dewey,Unknown venue,1918-08-01,8,0,44.55,General Brain-AI Structure Reviews and Methods,,Positions A contribution to the study of the pathways of the cerebrospinal fluid and the choroid plexus within General Brain Science and Reviews.,high citation signal (8); open-access PDF metadata,"Reviews and methods can dominate citations while obscuring smaller empirical advances.; Bridge terminology can be ambiguous, especially around neural networks, intelligence, and biological plausibility.; Metadata-level ranking should be complemented with full-text expert review before strong claims are made.",10.1002/AR.1090150102,1e3a7ce913db3db9d35242657ce8df0c37221f43,https://doi.org/10.1002/AR.1090150102,,https://zenodo.org/record/1734750/files/article.pdf,,paper,unknown,brain,
32,1918,THE FORMATION AND COMPOSITION OF THE CEREBROSPINAL FLUID: A SIMPLE METHOD OF DETECTING ACIDOSIS AND DETERMINING HYDROGEN ION CONCENTRATION,J. Mcclendon,Unknown venue,1918-04-06,8,0,41.55,General Brain-AI Structure Reviews and Methods,,Positions THE FORMATION AND COMPOSITION OF THE CEREBROSPINAL FLUID: A SIMPLE METHOD OF DETECTING ACIDOSIS AND DETERMINING HYDROGEN ION CONCENTRATION within General Brain Science and Reviews.,high citation signal (8),"Reviews and methods can dominate citations while obscuring smaller empirical advances.; Bridge terminology can be ambiguous, especially around neural networks, intelligence, and biological plausibility.; Metadata-level ranking should be complemented with full-text expert review before strong claims are made.",10.1001/JAMA.1918.02600140009004,c0ec8d9db8e25797bd3d5f633be921d8e9732a60,https://doi.org/10.1001/JAMA.1918.02600140009004,,,,paper,unknown,brain,
33,1918,Comparative studies on the growth of the cerebral cortex. IV. On the thickness of the cerebral cortex of the Norway rat (Mus norvegicus) and a comparison of the same with the cortical thickness in the albino rat,Naoki Sugita,Unknown venue,1918-02-01,7,0,52.63,General Brain-AI Structure Reviews and Methods,brain-structure,Positions Comparative studies on the growth of the cerebral cortex. IV. On the thickness of the cerebral cortex of the Norway rat (Mus norvegicus) and a comparison of the same with the cortical thickness in the albino rat within General Brain Science and Reviews.,high citation signal (7); brain-structure signal,"Reviews and methods can dominate citations while obscuring smaller empirical advances.; Bridge terminology can be ambiguous, especially around neural networks, intelligence, and biological plausibility.; Imaging conclusions can depend on acquisition, preprocessing, and model specification.",10.1002/cne.900290103,d50bb3f79248c926dfdf0da169630cb709398fce,https://doi.org/10.1002/cne.900290103,,,,paper,unknown,brain; cerebral; cortex; cortical; brain/neural structure in title,
34,1918,STIMULATION OF THE MOTOR CORTEX IN A MONKEY SUBJECT TO EPILEPTIFORM SEIZURES,C. Sherrington,Unknown venue,1918-06-01,7,0,48.63,General Brain-AI Structure Reviews and Methods,brain-structure,Positions STIMULATION OF THE MOTOR CORTEX IN A MONKEY SUBJECT TO EPILEPTIFORM SEIZURES within General Brain Science and Reviews.,high citation signal (7); brain-structure signal,"Reviews and methods can dominate citations while obscuring smaller empirical advances.; Bridge terminology can be ambiguous, especially around neural networks, intelligence, and biological plausibility.; Imaging conclusions can depend on acquisition, preprocessing, and model specification.",10.1093/BRAIN/41.1.48,1bc09a494f5978f7c744e2ae7da9d1ae22f51a59,https://doi.org/10.1093/BRAIN/41.1.48,,,,paper,unknown,brain; cortex; brain/neural structure in title,
35,1918,PERMEABILITY OF THE MENINGES TO ARSENIC IN PARESIS AND TABES: SUPPLEMENTARY REPORT,J. Barbat,Unknown venue,1918-01-19,7,0,42.43,General Brain-AI Structure Reviews and Methods,,Our knowledge concerning the permeability of the meninges has been rather limited on account of the difficulties involved in getting reliable data.,high citation signal (7); open-access PDF metadata,"Reviews and methods can dominate citations while obscuring smaller empirical advances.; Bridge terminology can be ambiguous, especially around neural networks, intelligence, and biological plausibility.; Metadata-level ranking should be complemented with full-text expert review before strong claims are made.",10.1001/JAMA.1918.02600030011005,f1e1831db5bcb289fb152eb1c830523f9667ad9a,https://doi.org/10.1001/JAMA.1918.02600030011005,,https://zenodo.org/records/2336244/files/article.pdf,,paper,unknown,brain,"Our knowledge concerning the permeability of the meninges has been rather limited on account of the difficulties involved in getting reliable data. When large doses of drugs can be given safely, it is easy to determine whether any part of them has passed into the spinal fluid. But in using potent drugs like arsenic or mercury, we find the proportion of the chemical to the body weight so small that even if any of it does pass into the cerebrospinal fluid, it is almost impossible to recover it. Since the advent of salvarsan, we have been enabled to inject relatively large doses of arsenic intravenously, and it is therefore possible to determine with greater ease and precision the permeability of the meninges to this drug. After a careful study of the literature on this subject, I find that the authors have been unable, except in a few instances, to recover"
36,1918,THE PASSAGE OF NEUTRALIZING SUBSTANCE FROM THE BLOOD INTO THE CEREBROSPINAL FLUID IN ACTIVELY IMMUNIZED MONKEYS,"S. Flexner, H. Amoss",Journal of Experimental Medicine,1918-07-01,7,0,43.63,General Brain-AI Structure Reviews and Methods,brain-structure,"For the neutralization of the virus of poliomyelitis by antibodies, active complement is not required.",high citation signal (7); open-access PDF metadata; brain-structure signal,"Reviews and methods can dominate citations while obscuring smaller empirical advances.; Bridge terminology can be ambiguous, especially around neural networks, intelligence, and biological plausibility.; Imaging conclusions can depend on acquisition, preprocessing, and model specification.",10.1084/jem.28.1.11,0758d27fea15e2d7b3ccbb02b4bdafb5a124123b,https://doi.org/10.1084/jem.28.1.11,,https://rupress.org/jem/article-pdf/28/1/11/1174866/11.pdf,,JournalArticle,unknown,brain,"For the neutralization of the virus of poliomyelitis by antibodies, active complement is not required. In carrying out immunity tests it is imperative to choose a virus of established grade of virulence and to make adequate control observations. The neutralizing substances pass from the blood of actively immune monkeys into the cerebrospinal fluid when the permeability of the meningeal-choroidal complex is increased by an aseptic inflammation such as that induced by an intraspinal injection of horse serum. The immunity bodies in effective neutralizing quantities can be detected in the cerebrospinal fluid as early as 12 hours and as late as 48 hours after the intraspinal injection of horse serum. Doubtless the passage continues as long as the inflammation persists. This ability of the neutralizing substances to pass from the blood into the cerebrospinal fluid under conditions of inflammation doubtless plays an important part in arresting the multiplication of the virus on which the cessation and restoration of the poliomyelitic processes depend. The widespread involvement in the inflammatory conditions of the meninges, choroid plexus, and substance of the nervous organs, accompanied by severe lesions of the blood vessels in the last structures especially, opens the way widely for the passage of antibodies into the cerebrospinal fluid, whence all parts of the nervous tissues are reached, and also, probably, for direct transudation into the affected parts of the spinal cord and brain. The neutralization of the virus on which the continuance of the active pathological process depends is thus readily accomplished. Under these circumstances the use of an alien specific immune serum to anticipate the action of the individual's own immunity products appears logical, while the employment of normal serum has no basis in experiment and would seem not to offer any therapeutic advantage whatever."
37,1918,THE RELATION OF THE RATE OF BLOOD FLOW THROUGH THE MEDULLA OBLONGATA TO THE AMPLITUDE AND FREQUENCY OF RESPIRATORY MOVEMENTS.,F. H. Pike,Science,1918-08-02,7,0,51.43,General Brain-AI Structure Reviews and Methods,,Positions THE RELATION OF THE RATE OF BLOOD FLOW THROUGH THE MEDULLA OBLONGATA TO THE AMPLITUDE AND FREQUENCY OF RESPIRATORY MOVEMENTS. within General Brain Science and Reviews.,high citation signal (7); recognized venue,"Reviews and methods can dominate citations while obscuring smaller empirical advances.; Bridge terminology can be ambiguous, especially around neural networks, intelligence, and biological plausibility.; Metadata-level ranking should be complemented with full-text expert review before strong claims are made.",10.1126/SCIENCE.48.1231.121,4cad90f72cbb3ccbcb51663777656ce4e3ab42c3,https://doi.org/10.1126/SCIENCE.48.1231.121,,,,JournalArticle,unknown,brain,
38,1918,THE NATURE AND INTERPRETATION OF THE COLLOIDAL GOLD REACTION,K. Vogel,Unknown venue,1918-10-01,6,0,46.43,Clinical NeuroAI and Brain Disorders,neural-signals;clinical-neuroai,Owing to the complexity of structure and function of the central nervous system its disorders manifest themselves in clinical pictures of the utmost variety.,high citation signal (6); open-access PDF metadata,"Clinical cohorts vary by disease stage, comorbidity, treatment history, and follow-up.; Models can learn site or demographic artifacts instead of disease mechanisms.; Signal drift, artifacts, and session effects can limit real-world decoding reliability.",10.1001/ARCHINTE.1918.00090150090006,d62821ca09b0ebc9a40210ac6afec2238ef7620c,https://doi.org/10.1001/ARCHINTE.1918.00090150090006,,https://zenodo.org/record/1498272/files/article.pdf,,paper,unknown,eeg; meg; ecog,"Owing to the complexity of structure and function of the central nervous system its disorders manifest themselves in clinical pictures of the utmost variety. Furthermore, in the case of one large group of these affections, the syphilitic and parasyphilitic diseases, it is highly desirable to recognize their nature as early as possible in order that the necessary treatment may be begun and the progress of the malady be arrested before destructive lesions have supervened. The difficulties of diagnosis are consequently often very great and all suitable methods of investigation yielding objective results are therefore likely to be of much assistance, particularly if they aid not only in diagnosis, but also in observing the effects of treatment. Among such procedures are the various methods of examining the cerebrospinal fluid, such as determining the pressure under which it is held in the spinal canal, counting its cells, testing its globulin content, and"
39,1918,A Study of the Mechanism of the Agglutination and Absorption of Agglutinin Reaction Together with an Examination of the Efficacy of These Tests for Identifying Specimens of the Meningococcus Isolated from 354 Cases of Cerebrospinal Fever,W. Tulloch,Epidemiology and Infection,1918-02-01,6,0,40.03,General Brain-AI Structure Reviews and Methods,,"At the present time owing to the difficulties arising from was conditions, and the stress of work due to the special circumstances in which the study of bacteriology is being prosecuted, we have had in some cases to modify established methods of bacteriological procedure and introduce new technique.",high citation signal (6); open-access PDF metadata,"Reviews and methods can dominate citations while obscuring smaller empirical advances.; Bridge terminology can be ambiguous, especially around neural networks, intelligence, and biological plausibility.; Metadata-level ranking should be complemented with full-text expert review before strong claims are made.",10.1017/S0022172400007178,bf154983cb2744ec527788bf151fb97c7dc6e18d,https://doi.org/10.1017/S0022172400007178,,https://www.cambridge.org/core/services/aop-cambridge-core/content/view/A6FFF64458560A558EF9B60FA3EAF081/S0022172400007178a.pdf/div-class-title-a-study-of-the-mechanism-of-the-agglutination-and-absorption-of-agglutinin-reaction-together-with-an-examination-of-the-efficacy-of-these-tests-for-identifying-specimens-of-the-meningococcus-isolated-from-354-cases-of-cerebro-spinal-fever-div.pdf,,JournalArticle,unknown,brain,"At the present time owing to the difficulties arising from was conditions, and the stress of work due to the special circumstances in which the study of bacteriology is being prosecuted, we have had in some cases to modify established methods of bacteriological procedure and introduce new technique."
40,1918,Epidemic Nephritis,"C. Rammelkamp, C. Stetson, R. Krause, W. D. Perry, R. Kohen",Transactions of the Association of American Physicians,1918-09-01,6,1,38.23,"Cellular, Synaptic, and Neuromorphic Foundations",brain-structure,"Epidemic Nephritis. Langdon Brown, Practitioner, Feb., mentions a series of 1062 cases in the English Armv in June, 1915, the epidemic having been in progress since Feb.",high citation signal (6); brain-structure signal,"Cellular mechanisms rarely scale directly into whole-brain behavior or modern AI architectures.; Animal and ex vivo findings require careful translation to human cognition and deployed systems.; Imaging conclusions can depend on acquisition, preprocessing, and model specification.",10.1056/nejm196710052771412,0520aec09741e0129f4f2fc8a3219bdb5dd07b77,https://doi.org/10.1056/nejm196710052771412,,,,JournalArticle,unknown,brain,"Epidemic Nephritis. Langdon Brown, Practitioner, Feb., mentions a series of 1062 cases in the English Armv in June, 1915, the epidemic having been in progress since Feb. In 1916, even more cases occurred. 166 cases personally ob­ served, showed early dyspnoea in 76%, oedema in 97%, 2 deaths occurring. In 102 cases, the urine was of normal amount but contained blood, epithelial, granular and hyaline casts. Oedema was noted in 18%. Caffeine compounds were considered inadvisable and the principal treatment was rest, restricted diet and hot air baths. No microorganism could be isolated. Shaw, Dunn and McNee, Brit. Med. Jour., Dec. 8, 1917, state that nephritis has been particularly prevalent in the British Army, rare among Indian troops, in the civil popula­ tion, and in men not actually at the front, more frequent in enlisted men than officers. Season, locality and bad weather seemed to have no influence. The frequence and precocity of dyspnoea was striking, being noted in 34 of 51 cases. Urinary examinations as found by Brown, bacteriologic examination negative also. Obstruction of the glomerular vessels by cells with almond-like or flattened nuclei and showing mitosis was noted, while the convoluted tubules were in a state of desqua­ mation. The connective tissue of the medullary portion of the pyramids was in a state of hyaline swelling. In the lungs, were noted: acute emphysema, oedema involving the in­ terstitial tissue and the mucosa of the terminal bronchioles and infundibula. There were some punctiform haemorrhages of the subpleural capillaries and thromboses of the alveolar capillaries. Minute haemorrhages of the white matter of the brain with a necrotic center, these lesions and those of the lungs resembling the results of phosgene gas. Relief occurred promptly on rest in hospital, or even promptly on removal from the front. It is implied that the lesions may be due to slight poisoning with phosgene. Thomas Oliver, Brit. Med. Jour., Dec. 8, 1917, in the main corroborates the preceding but gives the mortality at 3-4: 1000, notes a persistent albuminuria in many cases over 30, and a urinary elimination of lead amounting to more than 1 m.g. a day, in 43%, Powell White, Loeper and Verpy hav­ ing also found lead poisoning."
41,1918,Beiträge zur Histopathologie der protoplasmatisehen Neuroglia,K. Schaffer,Unknown venue,1918-12-01,6,0,35.03,General Brain-AI Structure Reviews and Methods,,"Positions Beiträge zur Histopathologie der protoplasmatisehen Neuroglia within Cellular, Molecular, and Synaptic Neuroscience.",high citation signal (6),"Reviews and methods can dominate citations while obscuring smaller empirical advances.; Bridge terminology can be ambiguous, especially around neural networks, intelligence, and biological plausibility.; Metadata-level ranking should be complemented with full-text expert review before strong claims are made.",10.1007/978-3-662-42933-4_3,6ca66190794932c4137c72b7428873da82e27cd7,https://doi.org/10.1007/978-3-662-42933-4_3,,,,paper,unknown,Semantic Scholar brain-AI query,
42,1918,"The toxic action of nitrobenzene, with special reference to the cerebellum","M. Dresbach, W. L. Chandler",Unknown venue,1918-05-01,5,0,40.45,"Cellular, Synaptic, and Neuromorphic Foundations",brain-structure,The toxic action of nitrobenzene has been comparatively little studied in an experimental way.,high citation signal (5); open-access PDF metadata; brain-structure signal,"Cellular mechanisms rarely scale directly into whole-brain behavior or modern AI architectures.; Animal and ex vivo findings require careful translation to human cognition and deployed systems.; Imaging conclusions can depend on acquisition, preprocessing, and model specification.",10.3181/00379727-15-189,f37f372d5f126a16ba44940da0673f7620838cb0,https://doi.org/10.3181/00379727-15-189,,https://zenodo.org/records/2299268/files/article.pdf,,JournalArticle,unknown,brain; cerebellum,"The toxic action of nitrobenzene has been comparatively little studied in an experimental way. The investigations here reported have been in progress about two years. Dogs, cats, rabbits, guinea pigs, white rats and mice, hens, pigeons, frogs, and certain insects and blood parasites have been used. The animals have in all cases been exposed to air saturated with the vapor of the nitrobenzene at various temperatures in a special metal box of forty cubic feet capacity, and so arranged that good ventilation was insured. The periods of exposure varied from one to twenty-four hours, or even longer, as in case of rabbits and guinea pigs; with other animals the exposure was usually much shorter. The effects obtained vary with the type of animal somewhat. In dogs and birds the nervous system disturbances predominate, with lighter dosage, while in the other mammals used blood changes are more prominent, especially in severe poisoning. The details of these variations will be published later. At this time we give only the central nervous system reactions. These are of a type that are associated with cerebellar disturbance especially. Thus, in dogs an early asthenic condition in the limb and neck muscles, staggering gait, typical cerebellar nystagmus, unequal pupils, ""circus"" movements may be seen. In birds a body attitude and rotating motion of the head are strikingly similar to those in birds with cerebellar lesions. The animals may recover, sustain permanent disturbance of muscular coördination, or die. Symptoms develop at any time up to three or four days after exposure to the vapor. Histological study of various parts of the brain and cord revealed remarkable chromatolytic changes, apparently confined to the Purkinje cells of the cerebellum, in all animals showing disturbed coordination."
43,1918,THE CIRCULATION OF ARSENIC IN THE CEREBROSPINAL FLUID,"J. Rieger, H. Solomon",Unknown venue,1918-07-06,5,0,34.25,General Brain-AI Structure Reviews and Methods,,Positions THE CIRCULATION OF ARSENIC IN THE CEREBROSPINAL FLUID within General Brain Science and Reviews.,high citation signal (5),"Reviews and methods can dominate citations while obscuring smaller empirical advances.; Bridge terminology can be ambiguous, especially around neural networks, intelligence, and biological plausibility.; Metadata-level ranking should be complemented with full-text expert review before strong claims are made.",10.1001/JAMA.1918.02600270017006,051a225544b2cfd7f156887114bb52b121d34081,https://doi.org/10.1001/JAMA.1918.02600270017006,,,,paper,unknown,brain,
44,1918,The rôle of afferent impulses in the control of respiratory movements,"H. Coombs, F. H. Pike",Unknown venue,1918-01-01,5,0,38.45,General Brain-AI Structure Reviews and Methods,brain-structure,"As the result of further experimentation, we wish to add to a previous statement (American Journal of Physiology, 1917, XLII, p.",high citation signal (5); open-access PDF metadata; brain-structure signal,"Reviews and methods can dominate citations while obscuring smaller empirical advances.; Bridge terminology can be ambiguous, especially around neural networks, intelligence, and biological plausibility.; Imaging conclusions can depend on acquisition, preprocessing, and model specification.",10.3181/00379727-15-141,8c00787b3a1a62a6e3a2d47ad675b3c2c7a38218,https://doi.org/10.3181/00379727-15-141,,https://zenodo.org/records/2257852/files/article.pdf,,JournalArticle,unknown,brain,"As the result of further experimentation, we wish to add to a previous statement (American Journal of Physiology, 1917, XLII, p. 395) the following facts: 1. The movements of the ribs, which cease after division of the dorsal roots of the spinal nerves in the thoracic and cervical regions, are resumed when the phrenics are divided. 2. The respiratory movements become labored when the vagi are divided in the neck after these procedures, and soon cease. The effects of vagotomy are more severe if the dorsal roots of the cervical nerves have been included in the section than if the thoracic nerves alone are affected. 3. The results of combined section of the dorsal roots of the spinal nerves and the vagi are similar to the effects of combined section of the brain stem below the corpora quadrigemina and the vagi. Transection below the corpora quadrigemina adds little or not at all to the severity of the effects following section of the dorsal roots. 4. Costal respiratory movements are resumed after section of dorsal roots, brain stem below the corpora quadrigemina and phrenics if the vagi are intact. We believe that these experiments bring the intercostal muscles into line with the other skeletal muscles so far as the functional relations of afferent to efferent spinal nerve roots are concerned. 1 We believe also that the experiments show that it is necessary that afferent impulses shall not merely have access to the central system, but that they shall go to a particular part of the central system in order to fulfill their function. In the case of the respiratory movements, afferent impulses from the intercostal muscles must go as far up as the corpora quadrigemina. The medulla oblongata seems sufficient for the establishment of any necessary connection of the vagi with efferent paths to the respiratory muscles."
45,1918,A Study of the Anatomical Location and Histopathology of Ninety-Nine Brain Tumors,C. E. Atwood,Unknown venue,1918-12-01,4,0,38.17,Clinical NeuroAI and Brain Disorders,brain-structure,Positions A Study of the Anatomical Location and Histopathology of Ninety-Nine Brain Tumors within Clinical Neurology and Neurodegeneration.,high citation signal (4); brain-structure signal,"Clinical cohorts vary by disease stage, comorbidity, treatment history, and follow-up.; Models can learn site or demographic artifacts instead of disease mechanisms.; Imaging conclusions can depend on acquisition, preprocessing, and model specification.",10.1097/00005053-191812000-00038,6d339cb307e20eca6fbb018b33039581d0e37497,https://doi.org/10.1097/00005053-191812000-00038,,,,paper,unknown,brain; brain/neural structure in title,
46,1918,CHANGES IN THE BRAIN IN GAS (CARBON MONOXID) POISONING,"E. Hill, C. B. Semerak",Unknown venue,1918-08-24,4,0,38.17,General Brain-AI Structure Reviews and Methods,brain-structure,Positions CHANGES IN THE BRAIN IN GAS (CARBON MONOXID) POISONING within General Brain Science and Reviews.,high citation signal (4); brain-structure signal,"Reviews and methods can dominate citations while obscuring smaller empirical advances.; Bridge terminology can be ambiguous, especially around neural networks, intelligence, and biological plausibility.; Imaging conclusions can depend on acquisition, preprocessing, and model specification.",10.1001/JAMA.1918.02600340036010,03f479aaadd02ff12855f764f2be53d1e29fc174,https://doi.org/10.1001/JAMA.1918.02600340036010,,,,paper,unknown,brain; brain/neural structure in title,
47,1918,REMOVAL OF BRAIN TUMOR: REPORT OF A CASE IN WHICH THE PATIENT SURVIVED FOR MORE THAN THIRTY YEARS,"W. Keen, A. G. Ellis, Keen",Unknown venue,1918-06-22,4,0,42.37,Clinical NeuroAI and Brain Disorders,brain-structure;clinical-neuroai,"shall give a summary of the case, 1 and at greater length than I would otherwise do, because it was my first modern brain case; because it shows our technic at that time; because it was one of the earliest operations on such tumors, following by only two years Godlee's in 1885, the very first ever done for a tumor of the brain; and because of the great length of time between the operation and the death of the patient.",high citation signal (4); open-access PDF metadata; brain-structure signal,"Clinical cohorts vary by disease stage, comorbidity, treatment history, and follow-up.; Models can learn site or demographic artifacts instead of disease mechanisms.; Imaging conclusions can depend on acquisition, preprocessing, and model specification.",10.1001/JAMA.1918.02600250005002,5b32121eafdca097a7e9ccd3d160de11ca93032e,https://doi.org/10.1001/JAMA.1918.02600250005002,,https://zenodo.org/records/2206551/files/article.pdf,,paper,unknown,brain; brain/neural structure in title,"I shall give a summary of the case, 1 and at greater length than I would otherwise do, because it was my first modern brain case; because it shows our technic at that time; because it was one of the earliest operations on such tumors, following by only two years Godlee's in 1885, the very first ever done for a tumor of the brain; and because of the great length of time between the operation and the death of the patient. History. -T. D, a man, aged 26, first consulted me in May, 1887, at the request of Dr. M. L. Davis of Lancaster, Pa., who furnished me with the following history: When 3 years old the patient fell out of a window, his head striking on some bricks several feet below. The skull on the left side was indented, and (as was disclosed by operation) there was a small"
48,1918,EFFECTS OF LARGE DOSES OF X-RAYS ON THE SUSCEPTIBILITY OF THE MONKEY TO EXPERIMENTAL POLIOMYELITIS,"H. Amoss, H. Taylor, W. D. Witherbee",Journal of Experimental Medicine,1918-12-31,4,0,37.17,"Cellular, Synaptic, and Neuromorphic Foundations",brain-structure,"In two series of the experiments here recorded the monkey which had been repeatedly exposed to x-rays responded with typical acute poliomyelitis to an intracerebral inoculation of poliomyelitic virus filtrate, whereas the normal control receiving the same dose showed no symptoms.",high citation signal (4); open-access PDF metadata; brain-structure signal,"Cellular mechanisms rarely scale directly into whole-brain behavior or modern AI architectures.; Animal and ex vivo findings require careful translation to human cognition and deployed systems.; Imaging conclusions can depend on acquisition, preprocessing, and model specification.",10.1084/jem.29.1.115,ab554497ec85f73b238bbc5bf49599c786b74589,https://doi.org/10.1084/jem.29.1.115,,http://jem.rupress.org/content/jem/29/1/115.full.pdf,,JournalArticle,unknown,brain; cerebral,"In two series of the experiments here recorded the monkey which had been repeatedly exposed to x-rays responded with typical acute poliomyelitis to an intracerebral inoculation of poliomyelitic virus filtrate, whereas the normal control receiving the same dose showed no symptoms. In another series the x-rayed animal came down with typical poliomyelitis after inoculation with three-fourths of the dose which was not infective for the control. It has been demonstrated that the x-rays diminished both the number of circulating lymphocytes and the resistance of the animal to the weak poliomyelitic virus. Whether the lowered resistance of the animals as the result of the treatment with x-rays is due to the reduction of circulating lymphocytes in each of the x-rayed monkeys is not determined in these experiments. However, the great reduction in lymphocytes in human cases and in monkeys during the acute stage of experimental poliomyelitis and the gradual return of the cells to their former numbers during recovery strongly suggest a definite relation between these cells and one factor of resistance in poliomyelitis. On the other hand, the reduction in resistance by x-rays, while definite, is not sufficiently great to warrant the conclusion that we are dealing with major factors governing infection or non-infection. Another experiment in this paper deals with the survival of a subinfective dose of the virus in the normal monkey brain. A monkey receiving the subinfective dose of the virus was exposed to x-rays at 28 days, another at 15 days after injection, but neither animal showed symptoms of poliomyelitis. It is concluded that within this period the virus did not remain unchanged in the normal monkey brain. An attempt to reduce the immunity in a monkey acquired by an attack of experimental poliomyelitis was unsuccessful."
49,1918,PARENCHYMATOUS ATROPHY OF THE CEREBELLUM: A Contribution to the Symptomatology of Intrinsic Cerebellar Disease,L. Archambault,Unknown venue,1918-10-01,4,0,34.17,General Brain-AI Structure Reviews and Methods,brain-structure,Positions PARENCHYMATOUS ATROPHY OF THE CEREBELLUM: A Contribution to the Symptomatology of Intrinsic Cerebellar Disease within General Brain Science and Reviews.,high citation signal (4); brain-structure signal,"Reviews and methods can dominate citations while obscuring smaller empirical advances.; Bridge terminology can be ambiguous, especially around neural networks, intelligence, and biological plausibility.; Imaging conclusions can depend on acquisition, preprocessing, and model specification.",,26f4144f2eec3212d5bcd534a236276c51ca8738,https://www.semanticscholar.org/paper/26f4144f2eec3212d5bcd534a236276c51ca8738,,,,paper,unknown,brain; cerebellum,
50,1918,"A METHOD OF ESTIMATING THE VIBRATORY SENSATION,: WITH SOME NOTES ON ITS APPLICATION IN DISEASES OF THE PERIPHERAL AND CENTRAL NERVOUS SYSTEM",J. Symns,Unknown venue,1918-02-09,4,0,33.97,General Brain-AI Structure Reviews and Methods,,"Positions A METHOD OF ESTIMATING THE VIBRATORY SENSATION,: WITH SOME NOTES ON ITS APPLICATION IN DISEASES OF THE PERIPHERAL AND CENTRAL NERVOUS SYSTEM within General Brain Science and Reviews.",high citation signal (4); open-access PDF metadata,"Reviews and methods can dominate citations while obscuring smaller empirical advances.; Bridge terminology can be ambiguous, especially around neural networks, intelligence, and biological plausibility.; Metadata-level ranking should be complemented with full-text expert review before strong claims are made.",10.1016/S0140-6736(01)23579-X,6ecb300e6338e3637e551a905dcd88cc4e7ace44,https://doi.org/10.1016/S0140-6736(01)23579-X,,https://zenodo.org/record/1538398/files/article.pdf,,paper,unknown,brain,
51,1918,PARATHYROIDS AND CALCIUM METABOLISM,E. Uhlenhuth,The Journal of General Physiology,1918-11-01,4,0,33.97,General Brain-AI Structure Reviews and Methods,,"Larvæ of the salamanders Amblystoma maculatum, Amblystoma opacum and Eurycea bislineata when fed on thymus exhibit severe tetanic convulsions.",high citation signal (4); open-access PDF metadata,"Reviews and methods can dominate citations while obscuring smaller empirical advances.; Bridge terminology can be ambiguous, especially around neural networks, intelligence, and biological plausibility.; Metadata-level ranking should be complemented with full-text expert review before strong claims are made.",10.1085/jgp.1.3.315,5ac4533b5275ff4d805b79c3db35655effe02b6f,https://doi.org/10.1085/jgp.1.3.315,,http://jgp.rupress.org/content/jgp/1/3/315.full.pdf,,JournalArticle,unknown,brain,"Larvæ of the salamanders Amblystoma maculatum, Amblystoma opacum and Eurycea bislineata when fed on thymus exhibit severe tetanic convulsions. In contradiction to other amphibian larvæ which do not show this reaction, they possess no parathyroids; the tetanic convulsions of the thymus-fed salamanders are identical with a true parathyreoprival tetany. The tetanic action of the thymus is due to the presence in the organ of the tetany toxin which can be antagonized only by the parathyroids, but not by the substances contained in normal food. The addition to the thymus diet of normal diet in amounts sufficiently large to keep a salamander larva in a perfectly normal condition does not prevent the tetanic convulsions. Tetany is caused by a toxic substance contained and excreted by the thymus. Calcium salts, when dissolved in the water in which the thymus-fed larvæ live, do suppress, to some extent, the tetanic convulsions. Magnesium salts, however, assert the same action and are still more effective than calcium salts. The suppression of the tetanic convulsions by the salts of calcium is not a specific action of the calcium. Neither calcium nor magnesium is able to prevent the development in the thymus-fed larva: of severe and permanent lesions of the muscular system, lesions which are caused probably by injuries inflicted upon the central nervous system by the tetany toxin. These nervous lesions develop even in the presence of calcium or magnesium and even without any convulsions at all, and finally lead to the death of the animals. The most dangerous and important action of the tetany toxin is its highly injurious effect upon the central nervous system as expressed by the lesions of the muscular system (permanent spasmodic contractions and paralysis). The most important function of the parathyroids is to prevent the tetany toxin from coming in contact with the central nervous system, and this function cannot be substituted by any substance such as calcium or magnesium, since these substances do not antagonize the tetany toxin."
52,1918,SURVIVAL OF POLIOMYELITIC VIRUS IN THE BRAIN OF THE RABBIT,H. Amoss,Journal of Experimental Medicine,1918-03-01,3,0,39.15,General Brain-AI Structure Reviews and Methods,brain-structure,"Suspensions of the central nervous tissues of monkeys, containing the active filterable virus of poliomyelitis, may be injected into the brain of rabbits without setting up symptoms, provided the volume of injection does not cause dangerous increased intracranial pressure.",high citation signal (3); open-access PDF metadata; brain-structure signal,"Reviews and methods can dominate citations while obscuring smaller empirical advances.; Bridge terminology can be ambiguous, especially around neural networks, intelligence, and biological plausibility.; Imaging conclusions can depend on acquisition, preprocessing, and model specification.",10.1084/jem.27.3.443,3c65ee1d5711b753eee699005cb912e65d9b1751,https://doi.org/10.1084/jem.27.3.443,,https://rupress.org/jem/article-pdf/27/3/443/1174711/443.pdf,,JournalArticle,unknown,brain; cerebral; brain/neural structure in title,"Suspensions of the central nervous tissues of monkeys, containing the active filterable virus of poliomyelitis, may be injected into the brain of rabbits without setting up symptoms, provided the volume of injection does not cause dangerous increased intracranial pressure. Aside from the pressure effects which develop quickly, no other symptoms or pathological lesions are produced by the suspensions. The active virus of poliomyelitis survives in the brain of rabbits for 4 days, as determined by tests in the monkey, into which the excised site of injection in the rabbit brain is reinoculated. It cannot be detected by this test after the expiration of 7 days. The virus of poliomyelitis is unadapted to the rabbit, and neither induces lesions nor survives long in the central nervous organs of that animal. In this respect it differs from certain streptococci cultivated from poliomyelitic tissues. A monkey immunized to streptococcus cultivated from human poliomyelitic nervous tissues yielded a serum which agglutinated the streptococcus in high dilution, but was without neutralizing action on the filtered virus; and the streptococcus-immune monkey was not protected against the effects of an intracerebral inoculation of the filtered virus. The experiments recorded provide additional reasons for concluding that the streptococcus cultivated from cases of poliomyelitis differs essentially from the filterable virus and is not the microbic cause of epidemic poliomyelitis."
53,1918,THE HYDROCEPHALUS OF POLIOMYELITIS,J. G. Regan,Unknown venue,1918-04-01,3,0,39.55,"Cellular, Synaptic, and Neuromorphic Foundations",brain-structure;neural-signals;clinical-neuroai,"So prominent is this symptom of hydrocephalus in the pathologic and clinical picture of poliomyelitis, and so important is it from the viewpoint of treatment, that it seemed advisable to speak of it at length, and at the same time to show the value of Macewen's sign in its recognition.",high citation signal (3); open-access PDF metadata; brain-structure signal,"Cellular mechanisms rarely scale directly into whole-brain behavior or modern AI architectures.; Animal and ex vivo findings require careful translation to human cognition and deployed systems.; Imaging conclusions can depend on acquisition, preprocessing, and model specification.",10.1001/ARCHPEDI.1918.04110220012002,1c50428b82e5d8a5f7ee786185ba1df4b976d013,https://doi.org/10.1001/ARCHPEDI.1918.04110220012002,,https://zenodo.org/record/1500884/files/article.pdf,,paper,unknown,brain; eeg; meg; ecog,"So prominent is this symptom of hydrocephalus in the pathologic and clinical picture of poliomyelitis, and so important is it from the viewpoint of treatment, that it seemed advisable to speak of it at length, and at the same time to show the value of Macewen's sign in its recognition. In order to adequately discuss the hydrocephalus of poliomyelitis, it is necessary first to understand the pathologic basis for the symptom. Recent researches have shown that the earliest microscopic change that is found in the cord and brain is hyperemia and the collection of small mononuclear cells in the perivascular lymph space of the blood vessels of the leptomeninges. A sheath of cells is thus often formed completely encircling the vessel for a considerable length. This sheath may be so dense that the lumen is encroached on and the circulation is partly obstructed. Draper, Peabody and Dochez 1 think there"
54,1918,CEREBRAL SPASTIC PARALYSIS,"M. Blahd, W. Stern",Unknown venue,1918-11-02,3,0,30.15,General Brain-AI Structure Reviews and Methods,brain-structure,Positions CEREBRAL SPASTIC PARALYSIS within General Brain Science and Reviews.,high citation signal (3); brain-structure signal,"Reviews and methods can dominate citations while obscuring smaller empirical advances.; Bridge terminology can be ambiguous, especially around neural networks, intelligence, and biological plausibility.; Imaging conclusions can depend on acquisition, preprocessing, and model specification.",10.1001/JAMA.1918.02600440022007,b9e700cb76d94087df076e7b732f6d104178b670,https://doi.org/10.1001/JAMA.1918.02600440022007,,,,paper,unknown,brain; cerebral,
55,1918,PHYSIOLOGICAL STIMULATION OF THE CHOROID PLEXUS AND EXPERIMENTAL POLIOMYELITIS,"S. Flexner, H. Amoss, F. Eberson",Journal of Experimental Medicine,1918-06-01,3,0,31.95,"Electrophysiology, Neural Signals, and AI Decoding",,"The experiments recorded in this paper serve, in the first place, to confirm the experiments of Dixon and Halliburton on the stimulating effect of intravenous injections of extracts of choroid plexus in the secretion of the cerebrospinal fluid, and extend their observations to monkeys.",high citation signal (3); open-access PDF metadata,"Signal artifacts, montage choices, source localization, and session drift can dominate apparent model performance.; Temporal precision does not automatically imply anatomical specificity.; Metadata-level ranking should be complemented with full-text expert review before strong claims are made.",10.1084/jem.27.6.679,227fea2dbf0c8a53a99d05f002a457860c68ba3a,https://doi.org/10.1084/jem.27.6.679,,https://rupress.org/jem/article-pdf/27/6/679/1394578/679.pdf,,JournalArticle,unknown,eeg; meg,"The experiments recorded in this paper serve, in the first place, to confirm the experiments of Dixon and Halliburton on the stimulating effect of intravenous injections of extracts of choroid plexus in the secretion of the cerebrospinal fluid, and extend their observations to monkeys. They bring out also the variable effects of the virus of poliomyelitis, variations affected by the quality of the virus and also by the individual powers of resistance to infection possessed by individual monkeys. These factors of variation must be taken into account in performing and interpreting experiments on infection and particularly those on immunity and specific therapy in relation to poliomyelitis. In general it may be said that experimental infection by way of the blood is not easy to produce in monkeys unless some contributing factor, such as the existence of a coincident aseptic meningitis, operates at the same time. And yet Experiments 1 and 2 show that when the strength of the virus is great the injection of relatively considerable quantities suffices to induce infection and paralysis, but not in all instances. The chief outcome of the experiments has been to determine the fact that when the intravenous inoculation of the virus does not in itself suffice to induce infection and paralysis, the intravenous injection of extracts of the choroid plexus, which in themselves excite the secretory functions which preside over the formation of the cerebrospinal fluid, is powerless to modify this result. This fact would seem to be of interest and importance, since it has already been shown that very slight structural changes in the meningeal-choroidal complex suffice to make possible or certain infection under these circumstances. Apparently mere augmentation, from time to time, of the secretory functions of the choroid plexus, through intravenous injection of an extract of the choroid plexus and while the virus is still circulating, is insufficient to insure passage of the virus from the blood into the nervous tissues, upon which infection depends. Neither does the augmentation exercise a restraining influence on the development of infection otherwise capable of taking place."
56,1918,EPIDEMIC POLIOENCEPHALITIS,C. H. Melland,British medical journal,1918-05-25,3,0,29.95,General Brain-AI Structure Reviews and Methods,,Positions EPIDEMIC POLIOENCEPHALITIS within General Brain Science and Reviews.,high citation signal (3); open-access PDF metadata,"Reviews and methods can dominate citations while obscuring smaller empirical advances.; Bridge terminology can be ambiguous, especially around neural networks, intelligence, and biological plausibility.; Metadata-level ranking should be complemented with full-text expert review before strong claims are made.",10.1136/bmj.1.2995.587,dad2bde45fade6f815de983dd5d0bfe159cb3d4f,https://doi.org/10.1136/bmj.1.2995.587,,https://europepmc.org/articles/pmc2340443?pdf=render,,JournalArticle,unknown,brain,
57,1918,HISTORY OF CEREBROSPINAL FLUID,A. Levinson,Unknown venue,1918-08-01,3,0,26.95,General Brain-AI Structure Reviews and Methods,,Positions HISTORY OF CEREBROSPINAL FLUID within General Brain Science and Reviews.,high citation signal (3),"Reviews and methods can dominate citations while obscuring smaller empirical advances.; Bridge terminology can be ambiguous, especially around neural networks, intelligence, and biological plausibility.; Metadata-level ranking should be complemented with full-text expert review before strong claims are made.",10.1097/00005053-191808000-00021,c560b1d7612b1d8f0a95d41b49815c24cb57e8c6,https://doi.org/10.1097/00005053-191808000-00021,,,,paper,unknown,brain,
58,1918,On the Toxicity of the Venom of the Mexican (Durango) Scorpion as Compared with that of the Chinese Scorpion,S. Kubota,Journal of Pharmacology and Experimental Therapeutics,1918-07-01,3,0,26.95,General Brain-AI Structure Reviews and Methods,,1. The amount of extractive substance contained in the poisonous glands of different species of scorpion and of the alcohol insoluble toxic matter of the extract appears to differ in different species; Mexican sting containing more extractive substance and alcohol insoluble toxic matter than the Chinese.,high citation signal (3),"Reviews and methods can dominate citations while obscuring smaller empirical advances.; Bridge terminology can be ambiguous, especially around neural networks, intelligence, and biological plausibility.; Metadata-level ranking should be complemented with full-text expert review before strong claims are made.",10.1016/s0022-3565(25)00057-6,4367e94c809631c1e25f61569942f5652395e4d8,https://doi.org/10.1016/s0022-3565(25)00057-6,,,,JournalArticle,unknown,brain,"1. The amount of extractive substance contained in the poisonous glands of different species of scorpion and of the alcohol insoluble toxic matter of the extract appears to differ in different species; Mexican sting containing more extractive substance and alcohol insoluble toxic matter than the Chinese. 2. The active principle of the extract from scorpion glands seems to be of proteid nature. 3. The active principle of the extract is soluble in saline solution and less soluble in pure water, but insoluble in absolute alcohol and ether. 4. The active principle of the Mexican extract is affected very little by drying for a long time, but the extract when preserved in room temperature exposed to sunlight undergoes putrefaction and loses its convulsant character. 5. The active principle of the Mexican extract is not affected by heating to 100° C. for a short period, but is destroyed if the heating is continued for thirty minutes. 6. The activity of the extract is not destroyed by the prolonged action of alcohol, but is affected by the action of acid and alkalies, and alkalies act more destructively. 7. The active principle of the Chinese extract, when muscular twitching is taken as an indicator, is more resistant to treatment by chemical and physical agents. 8. The minimum fatal dose of the venom for mice is approximately 0.015 mgm. per gram body weight in case of the Mexican scorpion and 1.5 mgm. in the Chinese one; and for frogs, 0.01 to 0.05 mgm. in the former and 0.3 to 1.0 mgm. in the latter. 9. The symptoms produced by the extracts of Mexican and Chinese scorpion venom seem to differ in certain points: in the former the symptoms consisting of spasms and twitchings, reflex irritability, convulsions and paresis in frogs; and epileptic convulsions, profuse salivation and respiratory paralysis in mice, but in the latter convulsions are not noted in either kinds of animals. 10. The spasm and twitching are of peripheral origin and are due to the direct action of the poison upon motor nerve endings and the convulsions are produced by the action of the extract upon spinal cord and nerve endings. The last stage of paralysis is due to the depressive action on the motor nerve endings and the central nervous system. 11. Death in mice and guinea-pigs seems mainly to be due to suffocation which may be considered to be caused by the convulsions and paralysis of the respiratory apparatus and in frogs to the central and peripheral paralysis. 12. The extract raises blood pressure acting upon the motor apparatus of the heart. The isolated frog's and cat's hearts are affected by the dilute extract by stimulation, and by the strong extract first by a stimulation, then by depression. 13. The extract increases the tonus and rhythmic movements of smooth muscles. 14. The extracts have a haemolytic action upon both nucleated and non-nucleated blood corpuscles. In conclusion, I wish to express my sincerest thanks to Prof. John J. Abel for the valued material afforded me in carrying out the work and for constant advice, and also to Dr. David I. Macht and Dr. Charles A. Rouiller for their kind advice throughout the experiments."
59,1918,Toxic Action of Carbonic and Other Weak Acids on the Meningococcus,J. Shaw-Mackenzie,War medicine,1918-07-01,3,0,26.95,"Cellular, Synaptic, and Neuromorphic Foundations",,"IN attempting to discover an effective method of direct antiseptic, treatment of cerebrospinal meningitis, it would seem advisable, when one~ considers the delicate nature and fundamental physiological importance of the nervous structures involved, to employ, as the basis of the antiseptic fluid in view, a solution as uninjurious as possible to mammalian living tissues.",high citation signal (3),Cellular mechanisms rarely scale directly into whole-brain behavior or modern AI architectures.; Animal and ex vivo findings require careful translation to human cognition and deployed systems.; Metadata-level ranking should be complemented with full-text expert review before strong claims are made.,10.1136/jramc-31-01-01,ffa2951d8a09c711c4e7dc939e6a29ccd59ffe12,https://doi.org/10.1136/jramc-31-01-01,,,,JournalArticle,unknown,brain,"IN attempting to discover an effective method of direct antiseptic, treatment of cerebrospinal meningitis, it would seem advisable, when one~ considers the delicate nature and fundamental physiological importance of the nervous structures involved, to employ, as the basis of the antiseptic fluid in view, a solution as uninjurious as possible to mammalian living tissues. Ringer showed long ago that the tissues of cold-blooded animals are capable of long survival, if instead of perfusing or bathing them with 0'6 per cent N aCl solution, regarded up tilL then as the physiological solution par excellence, a solution containing in addition to the sodium chloride, physiological amounts of calcium .and potassium salts and a trace of sodium bicarbonate were employed. Many years afterwards Locke [lJ Succeeded in extending this line of work to mammalian tissues, and showed that a Ringer's solution of modified composition and containing in addition sufficient oxygen and a physiological percentage of glucose was capable of sustaining the activity of the excised mammalian hel¥'t for long periods. The power of conserving the vital activities of the mammalian tissues in contact with the Ringer-Locke fluid has since been abundantly confirmed by ·various workers in the case of many different organs. It has been pointed out, too, by Professor Halliburton [2] that the cerebrospinal fluid itself is in its composition to all intents and purposes nothing but a RingerLocke fluid of physiological origin. We have, therefore, abundant grounds for taking as the basis of any antiseptic solution with which it is proposed to treat the nervous system the Ringer-Locke fluid, in the hope that' at any rate this will have 'no special deleterious effect of its own, and that we shall have only to fear such from the antiseptic agent we add to it. It 1 P rocted by coright."
60,1918,Certain Residuals of Epidemic of Cerebrospinal Meningitis Observed in the Army,A. Rosanoff,War medicine,1918-11-02,3,0,26.15,Clinical NeuroAI and Brain Disorders,clinical-neuroai,"In the period from December, 1917, to February, 1918, a number of cases of epidemic cerebrospinal meningitis developed at Camp Beauregard, La.",high citation signal (3),"Clinical cohorts vary by disease stage, comorbidity, treatment history, and follow-up.; Models can learn site or demographic artifacts instead of disease mechanisms.; Metadata-level ranking should be complemented with full-text expert review before strong claims are made.",10.1001/JAMA.1918.26020440001009,4046f59025a522565f3e06aabd59bcc4954b0ba7,https://doi.org/10.1001/JAMA.1918.26020440001009,,,,JournalArticle,unknown,Semantic Scholar brain-AI query,"In the period from December, 1917, to February, 1918, a number of cases of epidemic cerebrospinal meningitis developed at Camp Beauregard, La. The patients were treated with specific serum administered both intravenously and intraspinally, and a number of them made uneventful recoveries from the infection. After a four or five weeks' period of convalescence in the base hospital at the camp they were as a rule granted a sixty days' furlough at home. On return from their furlough some of the men were found still to have certain residuals owing to which they were unable to go back to duty. Others did go back to duty but were found within a few days to be unable to perform it. All such patients were therefore readmitted to the base hospital. After a further period of from five to eight weeks' treatment and rest in the hospital they were still not in"
61,1918,Report of two cases,H. F. Hansell,Unknown venue,1918-06-01,2,0,61.18,Clinical NeuroAI and Brain Disorders,brain-structure;connectome;machine-learning;neuroimaging;neural-signals;clinical-neuroai;neuromorphic-bci,"person) also evaluated. The evaluation was done by the patients' phy-sicians, who did not participate in this study.",high citation signal (2); open-access PDF metadata; explicit AI/modeling signal; brain-structure signal,"Clinical cohorts vary by disease stage, comorbidity, treatment history, and follow-up.; Models can learn site or demographic artifacts instead of disease mechanisms.; Model performance should be checked for leakage, confounding, calibration, and external validity.",10.1016/S0002-9394(18)90114-5,f517a9dbc33210bcb181f3429fcc98ce8f96317e,https://doi.org/10.1016/S0002-9394(18)90114-5,,https://zenodo.org/records/1540867/files/article.pdf,,Review,unknown,brain; mri; ecog; classification; explicit brain-structure/AI bridge,"person) also evaluated. The evaluation was done by the patients' phy-sicians, who did not participate in this study. We measured the regional brain blood ﬂow by consecutive single photon emission computed tomography (SPECT) using technetium-99m ethyl cystinate dimer before and after the 3 week TMS trial in 28 patients in the active stimulation group. We put the regions of interest on the bilateral frontal lobes, temporal lobes, occipital lobes, putamina, cerebellar hemispheres and pontine base. Quantitative The aim of this study is to address whether neuropsychological meas- ures or imaging scores best predict which patients with questionable dementia progress to fulfil criteria for Alzheimer's disease (AD). MRI images of 50 subjects (18 with early AD, mean MMSE 21.4, and 32 with memory complaints, mean MMSE 27.3) were examined using the temporal lobe rating scale. Subjects underwent a standard battery of neuropsychological tests at baseline, and were clinically followed up for a mean of 19 months. Patients who converted to AD (converters n=11), relative to non-converters, were impaired at baseline assessment on general cognitive tests (Addenbrookes cognitive examination (ACE) and ADAS cog), measures of episodic memory, category fluency, and the graded naming test. The mean scores of the temporal lobe rating scale demonstrated that converters had more hip- pocampal and parahippocampal atrophy than non-converters. Discri-minant analysis demonstrated that the best test for distinguishing the converters from the questionable group, was the ACE score. In combi-nation, the medial temporal lobe rating and graded naming test were also contributory.MRIimagingmeasures may be valuable if used in conjunction with neuropsychology, but progression to dementia is best predicted by performance on neuropsychological tests. Most cases of Creutzfeldt-Jakob disease (CJD) in recipients of human cadaveric growth hormone, present with a cerebellar syndrome. Dementia is thought to occur late and as a minor feature of the illness. However, neuropsychology data published on these cases is largely qualitative and anecdotal. The first published case, of a 22 year old woman, does include neuropsychology performed 7 months after the onset of a cerebellar syndrome. This showed evidence of intellectual decline, with a verbal IQ of 80. Subsequent reports hint at the possibility that cognitive problems may be present in the initial stages of the illness.Inorder to assess early cognition, we report detailed assessment at referral (mean 4.5 months from the onset of symptoms, range 4-6 months) in five patients with histologically proved human growth hor- mone derived CJD. All presented with a cerebellar syndrome and only one had noticed mild memory problems. On formal testing however, four had demonstrable, mild intellectual decline, as measured on the WAIS-R. One case showed selective visual memory impairment and frontal executive dysfunction. These findings suggest that, although not the presenting feature, mild cognitive decline may be evident in the early stages of CJD associated with human cadaveric growth hormone treatment. independent observers (three stroke neurologists and two neuroradi- ologists) with only knowledge of the stroke side. The reliability of each modality was assessed for each observer with intraclass correlation coefficients. Bland Altman plots were used to measure the agreement between CT and DWI using ASPECTS. Results: 80 patients (65% male; mean age 68.4 - 13.2) had CT and DWI at baseline. The median NIHSS was 9. The mean onset to CT (136 minutes) compared with onset to MRI (240 minutes) (p<0.001). The median baseline CT and DWI ASPECTS values were equal at 8. Intraclass correlation coefficients confirmed excellent reliability between observers for CT (0.81 (95% CI 0.76-0.86)) and DWI (0.78 (95% CI 0.72-0.84)) at baseline. CT ASPECTS predicted DWI ASPECTS (linear regression p<0.001) at baseline. The difference of means between DWI and CT at baseline was - 0.3 ASPECTS, allow-ing for the mean difference in time for the scans. Conclusions: CT appears comparable with DWI for assessing patients with hyperacute stroke when viewed by experienced observ- ers using ASPECTS, and when sound CT imaging quality is achieved. The CT scan remains the imaging modality of choice in hyperacute stroke, while the challenge for MRI is to reliably identify salvageable brain tissue. Some rare mendelian stroke syndromes have been characterised, but the genetic epidemiology of the common forms of ischaemic stroke and TIA remains uncertain. Previous studies have not considered spe- cific clinical and aetiological subtypes or assessed whether familial susceptibility is related to intermediate phenotypes. We studied family history of stroke in 545 ischaemic strokes (Oxfordshire Community Stroke Project) and 469 TIAs (hospital based series). We related history of stroke in first degree relatives (FDRs) to baseline clinical systems in about laterality shift of function in the frontal operculum. Objective: To conduct a clinical survey of PSP and also to estimate its crude mortality rate in the United Kingdom. Methods: 187 cases of PSP were identified in the context of a United Kingdom based prevalence study. Record-based confirmation of diagnosis according to the NINDS-SPSP criteria were performed in all cases and structural clinical assessment was also performed in a third of these cases. Information relating to subsequent death of patients was compared with national death certificate data collected all patients recorded as having PSP according to the ninth version of the International Classification of Diseases (ICD9). Results: The median age of the clinical cohort was 72 years (n=187). Non-specific visual problems such as diplopia and eyelid apraxia occurred in 39% and 17% of all patients but data on these items was not routinely recorded. Information from those patients undergoing standardised assessment (n=49) revealed frequencies of 61% and 43% for these features respectively. Tremor was present in 21% of all cases and information from clinically examined cases sug- gested that this was usually postural. Early onset of diplopia and cases without tremor appeared to be associated with a shorter disease sur- vival. PSP was mentioned in 57% of death certificates of cases identified by record review. Conclusion: PSP is frequently misdiagnosed. Visual symptoms are prominent and often disabling. Clinical factors such as early onset of diplopia are significantly associated with poorer survival. Mortality rate for PSP is significantly underestimated. in The additional quantitative in our FCD group is comparable with that with a poor outcome after focal FCD resection.Ourtechnique a presurgical tool to prevent patients unlikely to achieve seizure freedom being needlessly exposed to the risks of surgery. Objective: To describe the characteristics of epilepsy in a representa- tive UK sample, including demographic features; onset age; duration; severity; antiepileptic drug (AED) use and the impact of epilepsy on life. Methods: A large, geographically comprehensive survey using a postal questionnaire distributed by general practitioners to 3455 unselected patients receiving AEDs for epilepsy, in all UK regions. Results: There were 1652 replies. The mean age was 44 years; 47% males. The mean onset age, 25 years, and the mean duration, 20 years, were comparable with epidemiological studies. In the preceding year, 52% of patients had no seizures; 8% a single seizure, 17% 2-9 seizures, and 23% >10 seizures; 64% had mild epilepsy and 32% severe. There was a marked and significant decrement of seizure frequency with increasing age. The most common AEDs were carbamazepine (37%), valproate (36%), phenytoin (29%). Mono- therapy was used in 68% of patients. Patients taking multiple AEDs reported significantly higher adverse effects. The major impacts on life were work and school difficulties, driving, and psychological, with variation according to age and severity. Conclusions: Seizures remain uncontrolled in half of people with epilepsy in the UK with significant psychosocial impact. Our findings help address the deficiency of information on the characteristics of epilepsy in the elderly, in whom the condition is an increasing health problem. and many GPs have little neurological training. These guidelines, even when followed stringently, do not seem to increase diagnostic precision. Inappropriate referrals have extended already lengthy waiting times for neurology outpatient clinics and may have inadvertently delayed other patients with urgent neurological problems being seen. We suggest that the use of these guidelines in neurological practice is re-considered at the earliest opportunity. Per- haps a system of closer communication between primary and secondary care would be a more effective use of time and resources. Neurological features are a recognised rare complication of spinal and epidural anaesthesia. A number of mechanisms of injury to the spinal cord have been suggested. We report five cases of damage to the distal spinal cord after spinal anaesthesia. All patients were female undergoing orthopaedic (three patients) or obstetric (two patients) sur- gery. They had significant unilateral leg weakness and sensory disturbance after anaesthesia, which persisted at 2 year follow up. Three patients experienced pain on injection, the other two were under general anaesthetic at the time of spinal injection. Two patients were over- weight and two had significant lumbar lordosis. MRI of the lumbosacral spine showed similar findings, in all cases, of high signal within the conus medullaris consistent with the clinical findings. Direct trauma was the most likely mechanism of injury. This is the first series to report detailed neuroimaging and long term follow up in all cases which shows that permanent neurological deficit has occurred. The use of spinal and epidural ana"
62,1918,A PAPILLARY CARCINOMA OF THE KIDNEY WITH METASTASIS IN THE BRAIN,E. Hirsch,Unknown venue,1918-02-01,2,0,28.98,General Brain-AI Structure Reviews and Methods,brain-structure,Positions A PAPILLARY CARCINOMA OF THE KIDNEY WITH METASTASIS IN THE BRAIN within General Brain Science and Reviews.,high citation signal (2); brain-structure signal,"Reviews and methods can dominate citations while obscuring smaller empirical advances.; Bridge terminology can be ambiguous, especially around neural networks, intelligence, and biological plausibility.; Imaging conclusions can depend on acquisition, preprocessing, and model specification.",10.1001/ARCHINTE.1918.00090080058004,abda9ac31d25574c9450c28fc1b0e6b2b381ec0b,https://doi.org/10.1001/ARCHINTE.1918.00090080058004,,,,Review,unknown,brain; brain/neural structure in title,
63,1918,"Henry Maudsley, M.D., F.R.C.P.",G. Savage,The Hospital,1918-02-09,2,1,30.18,"Electrophysiology, Neural Signals, and AI Decoding",brain-structure;neural-signals,"man. Few now living can remember a time when Maudsley was not regarded as a great authority, for he began at a very early age to write, and his earliest writings made their mark at once and stamped him .as a leader.",high citation signal (2); brain-structure signal,"Signal artifacts, montage choices, source localization, and session drift can dominate apparent model performance.; Temporal precision does not automatically imply anatomical specificity.; Imaging conclusions can depend on acquisition, preprocessing, and model specification.",10.1192/BJP.64.265.116,5efe41ac45e69b7112cde17d2af745383dfeadcd,https://doi.org/10.1192/BJP.64.265.116,,,,paper,unknown,brain; eeg; meg; ecog,"man. Few now living can remember a time when Maudsley was not regarded as a great authority, for he began at a very early age to write, and his earliest writings made their mark at once and stamped him .as a leader. Men now in their seventies looked up to Maudsley when they ^""ere at College, and drew inspiration from him in their undergraduate days. He was the first man to recognise the bearing of the discoveries of Darwin, and of the trend of biological doctrine upon the functions of the bram, and especially upon the constitution of the minds of men in the sense that has recently been attached to the term temperament in these pages. He was deeply impressed with the notion that a man's character is the expression of the structural constitution of his brain, and that this in turn is determined by his heredity. Above all, he insisted that mind was the product of brain action, and founded his whole doctrine upon this. It is difficult for us in these days to realise the utter darkness that prevailed in those as to the relation not only of the brain"
64,1918,SEROLOGIC LOCALIZATION OF ORGANIC BRAIN LESIONS,J. Retinger,Unknown venue,1918-08-01,2,0,33.18,Clinical NeuroAI and Brain Disorders,brain-structure;clinical-neuroai,"During my work on dementia precox, the dialysis method of Abderhalden, slightly modified, proved to be of great value.",high citation signal (2); open-access PDF metadata; brain-structure signal,"Clinical cohorts vary by disease stage, comorbidity, treatment history, and follow-up.; Models can learn site or demographic artifacts instead of disease mechanisms.; Imaging conclusions can depend on acquisition, preprocessing, and model specification.",10.1001/ARCHINTE.1918.00090130110008,0b2faae59d23dfd43283edda53fce9501107d1d9,https://doi.org/10.1001/ARCHINTE.1918.00090130110008,,https://zenodo.org/record/1498228/files/article.pdf,,paper,unknown,brain; brain/neural structure in title,"During my work on dementia precox, the dialysis method of Abderhalden, slightly modified, proved to be of great value. Yet, as this method did not, for certain reasons, become very popular, I thought it imperative to show that if used properly it is quite reliable and more than that, it can be of great value in the clinical diagnosis of obscure cases. It seemed advisable to attempt to localize by this method those gross brain lesions which could be verified either by an operation or by necropsy, or by unmistakable clinical evidence. The technic used in all experiments was a modification of the original method based on nearly 4,000 tests, was easy to perform, less complicated and perfectly reliable. The detailed description of this modification will be found in the latter part of this article. In the cases in which the dialysis method has been used for the purpose of"
65,1918,NEUROSYPHILIS: ITS DIAGNOSIS AND ECONOMIC IMPORTANCE,J. Fordyce,Unknown venue,1918-09-28,2,0,31.18,Clinical NeuroAI and Brain Disorders,neural-signals;clinical-neuroai,Neurosyphilis is a much more frequent sequence of the infection than is indicated by the available statistics which were compiled before the introduction of modern diagnostic methods.,high citation signal (2); open-access PDF metadata,"Clinical cohorts vary by disease stage, comorbidity, treatment history, and follow-up.; Models can learn site or demographic artifacts instead of disease mechanisms.; Signal drift, artifacts, and session effects can limit real-world decoding reliability.",10.1001/JAMA.1918.02600390007002,a43f4011f04c936872f924cf8088cc93c176dfe9,https://doi.org/10.1001/JAMA.1918.02600390007002,,https://zenodo.org/record/2438814/files/article.pdf,,paper,unknown,eeg; meg; ecog,"Neurosyphilis is a much more frequent sequence of the infection than is indicated by the available statistics which were compiled before the introduction of modern diagnostic methods. The older statistics took cognizance chiefly of the fully developed and classic types of tabes and paresis and failed entirely to recognize a large group of cases with indefinite nervous and mental symptoms often diagnosed as neurasthenia with nervous breakdown which existed for years before definite degeneration stigmata developed. The well known statistics of Mattauschek and Pilz are the most complete because of the long period covered. Taking the records of 4,134 cases of army officers who had been infected during the two decades between 1880-1900, these investigators followed their careers to the year 1911. They found that 4.75 per cent, had developed general paresis; 2.5 per cent. tabes, and about 3 per cent. cerebrospinal syphilis. Similarly Pilz made an independent study of"
66,1918,INTRATRACHEAL ANESTHETIC MACHINE,"A. W. Adson, G. Little",Unknown venue,1918-06-08,2,0,29.18,Clinical NeuroAI and Brain Disorders,brain-structure;clinical-neuroai,"In neurologic surgery it frequently becomes necessary to employ an intratracheal anesthetic, particularly in work on the cerebellum and the brain stem, when a patient may have respiratory difficulty that may be relieved by the administration of plenty of pure air under slight pressure.",high citation signal (2); open-access PDF metadata; brain-structure signal,"Clinical cohorts vary by disease stage, comorbidity, treatment history, and follow-up.; Models can learn site or demographic artifacts instead of disease mechanisms.; Imaging conclusions can depend on acquisition, preprocessing, and model specification.",10.1001/JAMA.1918.02600230016003,0a73dfb5587ddf686d649513f3843f0fe395980e,https://doi.org/10.1001/JAMA.1918.02600230016003,,https://zenodo.org/records/2470785/files/article.pdf,,paper,unknown,brain; cerebellum,"In neurologic surgery it frequently becomes necessary to employ an intratracheal anesthetic, particularly in work on the cerebellum and the brain stem, when a patient may have respiratory difficulty that may be relieved by the administration of plenty of pure air under slight pressure. There are many intratracheal anesthetic machines in use, some of which are used very successfully, but the general tendency has been to make them too complicated. In view of this fact, it seemed permissible to construct a machine that would be efficient yet simple and easy to manipulate. The one herein described has been constructed to conform to three principles, as follows: 1. Constant Flow of Air. -A constant flow of air maintained and controlled so that pure air alone, or any degree of ether saturation, may be given (Fig. 2). This is accomplished by diverting the air current through valve C from E to F"
67,1918,"Remarks on von Monakow's ""Die Lokalisation im Grosshirn""","""DIE Lokalisation, IM Grosshirn, F. H. Pike",Unknown venue,1918-10-01,2,0,27.98,General Brain-AI Structure Reviews and Methods,brain-structure,Every now and again a work appears which lays the axe at the root of some of our ancient and honorable scientific assumptions which have survived so long and for years have been so often and so vehemently repeated that they have acquired a certain sacredness and become a part of the dogmatic and uncritical part of our teaching.,high citation signal (2); open-access PDF metadata; brain-structure signal,"Reviews and methods can dominate citations while obscuring smaller empirical advances.; Bridge terminology can be ambiguous, especially around neural networks, intelligence, and biological plausibility.; Imaging conclusions can depend on acquisition, preprocessing, and model specification.",10.1002/cne.900290503,f30c80953afb8e62857ae57856b097244c0dfdea,https://doi.org/10.1002/cne.900290503,,https://zenodo.org/records/2233259/files/article.pdf,,Review,unknown,brain; cerebral,"Every now and again a work appears which lays the axe at the root of some of our ancient and honorable scientific assumptions which have survived so long and for years have been so often and so vehemently repeated that they have acquired a certain sacredness and become a part of the dogmatic and uncritical part of our teaching. Verily, the axe hath other uses than those to which it is put by politicians or administrators, and it would seem a pity that a notable work in which certain long-cherished assumptions are put to the test of modern knowledge should escape being brought to public notice. My object is not to give a formal review of the book, but to discourse informally upon some of its unusual features, and particularly those which have to do with t,he fundamental conceptions of the function of the central nervous system. One point in which von Monakow departs from the traditional views is his attitude toward the segmental theory of the nervous system and its necessary attendant hypothesis of shock. Without pausing just here to give a detailed discussion of his views, we may say that he rejects the segmental theory and limits the effects of shock in so far as they are incompatible with the theory of cerebral localization. It will conduce to the clearness of the discussion to give first a brief account of the older view of the segmental theory of the central nervous system and"
68,1918,THE RAT AND POLIOMYELITIS: AN EXPERIMENTAL STUDY,"H. Amoss, Peter Haselbauer",Journal of Experimental Medicine,1918-10-01,2,0,27.98,General Brain-AI Structure Reviews and Methods,brain-structure,"The central nervous organs and other viscera of six rats, collected in a district in Greater New York in which many cases of epidemic poliomyelitis occurred, have been proved incapable of inciting, on inoculation, experimental poliomyelitis in Macacus rhesus monkeys.",high citation signal (2); open-access PDF metadata; brain-structure signal,"Reviews and methods can dominate citations while obscuring smaller empirical advances.; Bridge terminology can be ambiguous, especially around neural networks, intelligence, and biological plausibility.; Imaging conclusions can depend on acquisition, preprocessing, and model specification.",10.1084/jem.28.4.429,05bebf194c314b12bec9ce1505b1a534c018cc05,https://doi.org/10.1084/jem.28.4.429,,https://rupress.org/jem/article-pdf/28/4/429/1174960/429.pdf,,JournalArticle,unknown,brain; cerebral,"The central nervous organs and other viscera of six rats, collected in a district in Greater New York in which many cases of epidemic poliomyelitis occurred, have been proved incapable of inciting, on inoculation, experimental poliomyelitis in Macacus rhesus monkeys. The virus of poliomyelitis injected into the brain of white rats does not survive there as long as 4 days in a form or in amounts sufficient to cause infection when inoculated intracerebrally into monkeys. The failure of the virus injected into the brain of rats to incite infection in monkeys is not due to the quantity introduced, since at the expiration of 1½ hours after the injection, the excised inoculation site when injected into the monkey caused typical experimental poliomyelitis. It does not appear probable, therefore, that the rat acts in nature as the reservoir of the virus of poliomyelitis."
69,1918,EPIDEMIC CEREBROSPINAL MENINGITIS AT CAMP McCLELLAN,E. Medlar,Unknown venue,1918-02-16,2,0,25.98,"Cognitive Architectures, Learning, and Systems Neuroscience",brain-structure,The preliminary report by Major Herrick 1 on the epidemic of meningitis at Camp Jackson calls attention to the incorrectness of the generally accepted view that epidemic cerebrospinal meningitis is primarily a meningitis.,high citation signal (2); open-access PDF metadata; brain-structure signal,"Task designs can oversimplify cognition and limit ecological validity.; Circuit-behavior correlations need causal perturbation or strong model comparison before mechanistic claims are secure.; Imaging conclusions can depend on acquisition, preprocessing, and model specification.",10.1001/JAMA.1918.26010070008009C,d037861f97b4ee899f691e0d860c35d1304ef0af,https://doi.org/10.1001/JAMA.1918.26010070008009C,,https://zenodo.org/record/1537926/files/article.pdf,,paper,unknown,brain,"The preliminary report by Major Herrick 1 on the epidemic of meningitis at Camp Jackson calls attention to the incorrectness of the generally accepted view that epidemic cerebrospinal meningitis is primarily a meningitis. His view, that it is a secondary involvement of the meninges, appears to be the correct conception, and it is my purpose here to emphasize, from observations made at Camp McClellan, the importance of his conclusions. As far as is known, all meningitis, exclusive of traumatic meningitis and brain abscess, is secondary to hematogenous infection. This is common knowledge with regard to tuberculous, pneumococcic, streptococcic, staphylococcic, influenzal, typhoidal and anthrax meningitis. That meningococcic meningitis should also fall into this class is but a logical deduction because of the fact that blood cultures are often positive early in the disease, while later they are very rarely positive. It is probable that if seen early enough, all cases of"
70,1918,INFLUENCE OF TEMPERATURE UPON THE VELOCITY OF THE COMPLEMENT FIXATION REACTION IN SYPHILIS,H. Noguchi,Journal of Experimental Medicine,1918-09-01,2,0,25.98,Clinical NeuroAI and Brain Disorders,clinical-neuroai,Examination of syphilitic serum or cerebrospinal fluid can be made at any temperature between 23° and 37°C.,high citation signal (2); open-access PDF metadata,"Clinical cohorts vary by disease stage, comorbidity, treatment history, and follow-up.; Models can learn site or demographic artifacts instead of disease mechanisms.; Metadata-level ranking should be complemented with full-text expert review before strong claims are made.",10.1084/jem.28.3.297,60d9ff270b052599ef59f7eb2852517809f57b43,https://doi.org/10.1084/jem.28.3.297,,https://rupress.org/jem/article-pdf/28/3/297/1175003/297.pdf,,JournalArticle,unknown,brain,"Examination of syphilitic serum or cerebrospinal fluid can be made at any temperature between 23° and 37°C. The velocity of the fixation reaction, including the fixation of complement and subsequent hemolysis, is greater at a higher temperature, the optimum point being 37°C. The maximum reaction is also reached, however, when the mixture of lipoids, syphilitic serum, and complement is allowed to stand for a long enough period at a lower temperature, the minimum thermal point being near 23°C. For the optimum temperature (37°C.) an incubation of 30 minutes is sufficient, while for the minimum temperature (23°C.) 2 hours are necessary. At the temperature of 30°C. the reaction proceeds with moderate velocity and is complete within 60 minutes. Guinea pig complement gave a sharper reaction with the sera which contained less than one unit of the fixing substance. Fixation is complete, however, at any of the three temperatures within 20 minutes when there are more than two units present. A serum containing one unit of fixing substance will complete reaction within 30 minutes at 37°C., 60 minutes at 30°C., and 2 hours at 23°C., irrespective of whether human or guinea pig complement is used. For many reasons a properly adjusted thermostat for 37°C. is recommended for conducting the serum diagnosis of syphilis when possible, but it should not be overlooked that at a temperature near 30°C. an entirely reliable result can be obtained without a special incubator. Even at a temperature as low as 23°C. the test can be carried out if sufficient length of time is allowed. The foregoing conclusions refer only to the systems in which the acetone-insoluble fraction of tissue lipoids is used as antigen."
71,1918,OSTEOMA OF THE FRONTAL SINUS,"W. Boardman, M. M. Donovan",Unknown venue,1918-11-09,2,0,28.38,Clinical NeuroAI and Brain Disorders,brain-structure;connectome;clinical-neuroai,"The occurrence of osteoma of the frontal sinus is relatively infrequent, as may be judged from the fact that Sewall, 1 after carefully reviewing the literature, found only ninety-two cases.",high citation signal (2); open-access PDF metadata; brain-structure signal,"Clinical cohorts vary by disease stage, comorbidity, treatment history, and follow-up.; Models can learn site or demographic artifacts instead of disease mechanisms.; Imaging conclusions can depend on acquisition, preprocessing, and model specification.",10.1001/JAMA.1918.02600450029008,b75b4562679e859846ae2a0aaa73d08b75da861e,https://doi.org/10.1001/JAMA.1918.02600450029008,,https://zenodo.org/records/2322577/files/article.pdf,,Review,unknown,brain,"The occurrence of osteoma of the frontal sinus is relatively infrequent, as may be judged from the fact that Sewall, 1 after carefully reviewing the literature, found only ninety-two cases. In these cases the diagnosis was based on the presence of anatomic deformities secondary to the osteoma; in only a few had the roentgen ray been used to confirm the clinical impression, and in none had the condition been primarily diagnosed roentgenographically. During the past six months the following two cases of clinically unsuspected osteoma of the frontal sinus have been discovered in the routine examination of skull plates. Case 1. -A man entered the Stanford University Medical School Hospital, complaining of very severe headaches of long duration. In the early stages these had been frontal, but of late they had been principally occipital. Diffuse brain tumor seemed to be the clinical diagnosis. However, lateral stereoscopic skull plates showed an"
72,1918,"Disturbances of vision from cerebral lesions with special reference to the cortical representation of the macula : Holmes, G., and Lister, W. T. Brain, Vol. 39, 1916, pp. 34-73",George A. Moleen,Unknown venue,1918-03-01,1,0,26.88,"Brain Decoding, Representation Learning, and BCI",brain-structure;decoding,"Positions Disturbances of vision from cerebral lesions with special reference to the cortical representation of the macula : Holmes, G., and Lister, W. T. Brain, Vol. 39, 1916, pp. 34-73 within General Brain Science and Reviews.",high citation signal (1); brain-structure signal; brain-to-model interface signal,"Small cohorts, session drift, invasive risk, and nonstationary signals limit generalization.; Offline decoding accuracy may not reflect real-time user burden or long-term deployment reliability.; Imaging conclusions can depend on acquisition, preprocessing, and model specification.",10.5555/URI:PII:S0002939418910196,f7f151eebac94b7fe2973abe28d7ef76dd1b856d,https://doi.org/10.5555/URI:PII:S0002939418910196,,,,paper,unknown,brain; cerebral; cortical; brain/neural structure in title,
73,1918,SOME OBSERVATIONS ON THE INFLUENCE OF ANGLE OF SECTION ON MEASUREMENTS OF CORTEX DEPTH AND ON THE CYTOARCHITECTONIC PICTURE,S. Orton,Unknown venue,1918-04-01,1,0,23.68,General Brain-AI Structure Reviews and Methods,brain-structure,Positions SOME OBSERVATIONS ON THE INFLUENCE OF ANGLE OF SECTION ON MEASUREMENTS OF CORTEX DEPTH AND ON THE CYTOARCHITECTONIC PICTURE within General Brain Science and Reviews.,high citation signal (1); brain-structure signal,"Reviews and methods can dominate citations while obscuring smaller empirical advances.; Bridge terminology can be ambiguous, especially around neural networks, intelligence, and biological plausibility.; Imaging conclusions can depend on acquisition, preprocessing, and model specification.",10.1097/00005053-191804000-00001,86e890172d2828449a90addfa73627d36dace06f,https://doi.org/10.1097/00005053-191804000-00001,,,,paper,unknown,brain; cortex; brain/neural structure in title,
74,1918,Metabolic activity of the nervous system. II. The partition of non-protein nitrogen in the brain of the gray snapper (Neomaenis griseus) and also the brain weight in relation to the body length of this fish,S. Hatai,Unknown venue,1918-02-01,1,0,24.68,General Brain-AI Structure Reviews and Methods,brain-structure,Positions Metabolic activity of the nervous system. II. The partition of non-protein nitrogen in the brain of the gray snapper (Neomaenis griseus) and also the brain weight in relation to the body length of this fish within General Brain Science and Reviews.,high citation signal (1); open-access PDF metadata; brain-structure signal,"Reviews and methods can dominate citations while obscuring smaller empirical advances.; Bridge terminology can be ambiguous, especially around neural networks, intelligence, and biological plausibility.; Imaging conclusions can depend on acquisition, preprocessing, and model specification.",10.1002/CNE.900290104,2ee11e747604a106353686653aa55cebcd79f0ac,https://doi.org/10.1002/CNE.900290104,,https://zenodo.org/record/1837073/files/article.pdf,,paper,unknown,brain; brain/neural structure in title,
75,1918,NOTE ON THE EXTRACTION OF A FOREIGN BODY FROM THE BRAIN,"H. Rayner, A. Barclay",British medical journal,1918-02-23,1,0,24.68,General Brain-AI Structure Reviews and Methods,brain-structure,Positions NOTE ON THE EXTRACTION OF A FOREIGN BODY FROM THE BRAIN within General Brain Science and Reviews.,high citation signal (1); open-access PDF metadata; brain-structure signal,"Reviews and methods can dominate citations while obscuring smaller empirical advances.; Bridge terminology can be ambiguous, especially around neural networks, intelligence, and biological plausibility.; Imaging conclusions can depend on acquisition, preprocessing, and model specification.",10.1136/BMJ.1.2982.226,c7c80feae1761def7e1fe2218a90c4cf95cec20e,https://doi.org/10.1136/BMJ.1.2982.226,,https://europepmc.org/articles/pmc2340119?pdf=render,,JournalArticle,unknown,brain; brain/neural structure in title,
76,1918,THE CHEMICAL COMPOSITION OF THE BRAIN OF NORMAL AND ATAXIC(?) PIGEONS,"M. Koch, Oscar Riddle",Unknown venue,1918-09-01,1,0,24.68,General Brain-AI Structure Reviews and Methods,brain-structure,Positions THE CHEMICAL COMPOSITION OF THE BRAIN OF NORMAL AND ATAXIC(?) PIGEONS within General Brain Science and Reviews.,high citation signal (1); open-access PDF metadata; brain-structure signal,"Reviews and methods can dominate citations while obscuring smaller empirical advances.; Bridge terminology can be ambiguous, especially around neural networks, intelligence, and biological plausibility.; Imaging conclusions can depend on acquisition, preprocessing, and model specification.",10.1152/AJPLEGACY.1918.47.1.124,1012965e46a646bac3cf1a76a9f7b5cca09493a3,https://doi.org/10.1152/AJPLEGACY.1918.47.1.124,,https://www.physiology.org/pb-assets/PDFs/2017-Legacy-1516816496183.pdf,,paper,unknown,brain; brain/neural structure in title,
77,1918,Mental Deficiency and the Importance of Its Recognition from a Medico-Legal Standpoint,A. Gordon,Unknown venue,1918-11-01,1,0,19.68,"Cognitive Architectures, Learning, and Systems Neuroscience",neural-signals,"Positions Mental Deficiency and the Importance of Its Recognition from a Medico-Legal Standpoint within EEG, MEG, and Electrophysiology.",high citation signal (1),"Task designs can oversimplify cognition and limit ecological validity.; Circuit-behavior correlations need causal perturbation or strong model comparison before mechanistic claims are secure.; Signal drift, artifacts, and session effects can limit real-world decoding reliability.",10.2307/1133553,ffddea3b6530b179af93545e4cecb7262049c192,https://doi.org/10.2307/1133553,,,,paper,unknown,eeg; meg; ecog,
78,1918,Susceptibility to Cerebrospinal Meningitis in Relation to Age,A. Compton,Journal of the Royal Army Medical Corps,1918-09-01,1,0,20.88,Clinical NeuroAI and Brain Disorders,neural-signals;clinical-neuroai,"IN continuation of our studies into the etiology of cerebrospinal fever, we have been le~ to investigate th~ most susceptible age for the appearance of the disease.",high citation signal (1),"Clinical cohorts vary by disease stage, comorbidity, treatment history, and follow-up.; Models can learn site or demographic artifacts instead of disease mechanisms.; Signal drift, artifacts, and session effects can limit real-world decoding reliability.",10.1136/JRAMC-31-03-08,1e902254a1c4f7f559bfa2c36c10bae2499a98a2,https://doi.org/10.1136/JRAMC-31-03-08,,,,JournalArticle,unknown,eeg; meg; ecog,"IN continuation of our studies into the etiology of cerebrospinal fever, we have been le~ to investigate th~ most susceptible age for the appearance of the disease. ThtloreticaUy, as will be seen presently, the question is of considerable interest in its bearing on etiology. Practically, it is also of importance in view of the fact that many diseases are to-day recognized as showing age incidence; the latter often playing lit. prominent part for the clinician in the differential diagnosis of numerous conditions. For the purpose of the present study we have taken data, collected by ourselves, arising out of the epidemics of 1914-16 and of1915-16, in the Dorset Military District."
79,1918,Why are the cerebral motor and sensory cortical areas arranged in an inverted order?,A. Dixon,Unknown venue,1918-03-01,1,0,22.68,General Brain-AI Structure Reviews and Methods,brain-structure,Positions Why are the cerebral motor and sensory cortical areas arranged in an inverted order? within General Brain Science and Reviews.,high citation signal (1); open-access PDF metadata; brain-structure signal,"Reviews and methods can dominate citations while obscuring smaller empirical advances.; Bridge terminology can be ambiguous, especially around neural networks, intelligence, and biological plausibility.; Imaging conclusions can depend on acquisition, preprocessing, and model specification.",10.1007/BF02958527,9b9a55facd2a14a97de3bc65c6b80dc05e17d34d,https://doi.org/10.1007/BF02958527,,https://zenodo.org/records/2417056/files/article.pdf,,paper,unknown,brain; cerebral; cortical,
80,1918,XVIII. The Importance of Recognizing the Relation of Ear Conditions to the General System,G. Davis,Unknown venue,1918-03-01,1,0,19.68,"Electrophysiology, Neural Signals, and AI Decoding",neural-signals,"Positions XVIII. The Importance of Recognizing the Relation of Ear Conditions to the General System within EEG, MEG, and Electrophysiology.",high citation signal (1),"Signal artifacts, montage choices, source localization, and session drift can dominate apparent model performance.; Temporal precision does not automatically imply anatomical specificity.; Signal drift, artifacts, and session effects can limit real-world decoding reliability.",10.1177/000348941802700118,ec843b90cabd60b481f756a2e9a111f49b0ea498,https://doi.org/10.1177/000348941802700118,,,,JournalArticle,unknown,eeg; meg; ecog,
81,1918,DIATAXIA CEREBRALIS INFANTILIS: THE ATAXIC TYPE OF CEREBRAL BIRTH PALSY.*,Ramsay J. Hunt,Unknown venue,1918-04-01,1,0,17.68,General Brain-AI Structure Reviews and Methods,brain-structure,Positions DIATAXIA CEREBRALIS INFANTILIS: THE ATAXIC TYPE OF CEREBRAL BIRTH PALSY.* within General Brain Science and Reviews.,high citation signal (1); brain-structure signal,"Reviews and methods can dominate citations while obscuring smaller empirical advances.; Bridge terminology can be ambiguous, especially around neural networks, intelligence, and biological plausibility.; Imaging conclusions can depend on acquisition, preprocessing, and model specification.",10.1097/00000441-191804000-00002,edf58cfd8e6daa5851229f46d24f4cc177393b38,https://doi.org/10.1097/00000441-191804000-00002,,,,paper,unknown,brain; cerebral,
82,1918,INTERPRETATION OF NEGATIVE LABORATORY FINDINGS IN SYPHILIS: WITH SPECIAL REFERENCE TO TREATMENT,A. Sterne,Unknown venue,1918-07-13,1,0,20.68,Clinical NeuroAI and Brain Disorders,clinical-neuroai,"We begin the consideration of this subject with several postulates: A positive Wassermann reaction in the temperate zone spells syphilis, and only syphilis.",high citation signal (1); open-access PDF metadata,"Clinical cohorts vary by disease stage, comorbidity, treatment history, and follow-up.; Models can learn site or demographic artifacts instead of disease mechanisms.; Metadata-level ranking should be complemented with full-text expert review before strong claims are made.",10.1001/JAMA.1918.02600280009003,2fc21357ce3fa5bae3cefdec2d503c818e978e98,https://doi.org/10.1001/JAMA.1918.02600280009003,,https://zenodo.org/records/2321935/files/article.pdf,,paper,unknown,eeg; meg,"We begin the consideration of this subject with several postulates: A positive Wassermann reaction in the temperate zone spells syphilis, and only syphilis. A negative or mild degree Wassermann reaction does not, by any means, indicate the absence of syphilis. Syphilis of the central nervous system is only part of general constitutional syphilis; it never occurs as a real entity and, furthermore, the nervous system is invaded early and not late, as is generally supposed. It is absolutely necessary, especially in doubtful cases, to correlate laboratory and clinical data. The Wassermann and other serologic tests are merely symptoms, which, like other physical signs, may or may not be present. They are extremely valuable, but not as determining as the objective clinical syndrome, notably when not definitely manifest. The laboratory is not a short cut to diagnosis. Many laboratorians, while they may be excellent technicians, are incapable of determining the exact"
83,1918,"XXV. A Case of Otogenous Temporal Abscess with Hemiplegia, Facial Paralysis and Aphasia; Cerebral Drainage, Decompression, Recovery",O. Glogau,Unknown venue,1918-06-01,1,0,23.08,Clinical NeuroAI and Brain Disorders,brain-structure;neuroimaging;clinical-neuroai,"Miss G. A. B., eighteen years of age, was referred to me on June 5, 1915, by Dr.",high citation signal (1); open-access PDF metadata; brain-structure signal,"Clinical cohorts vary by disease stage, comorbidity, treatment history, and follow-up.; Models can learn site or demographic artifacts instead of disease mechanisms.; Imaging conclusions can depend on acquisition, preprocessing, and model specification.",10.1177/000348941802700202,672bf5be0e6714899d3fa9bbdcb1695621f2e9ea,https://doi.org/10.1177/000348941802700202,,https://zenodo.org/record/1839423/files/article.pdf,,JournalArticle,unknown,brain; cerebral,"Miss G. A. B., eighteen years of age, was referred to me on June 5, 1915, by Dr. L. W. Wittenberg. When four years old, patient suffered from scarlet fever. Since that time the left ear was discharging at intervals. Four years ago foul odor was noticed, the hearing impaired gradually and the patient became recently very dizzy and suffered from intermittent headaches and loss of appetite. The patient, otherwise healthy in appearance, is physically somewhat depressed and shows a rather slow cerebration. The left drum membrane is totally destroyed, the promontory covered by unhealthy granulations.' From the attic protrudes a whitish, grayish mass which upon microscopic examination proves to be cholesteatoma. Cl not perceived, C~ only a few seconds. Rinne negative. Weber to the diseased side, Schwabach considerably shortened. Whispered and conversation voice not heard. Warm water and rotatory nystagmus on the left ear are combined with severe dizziness and lasts thirty seconds. Temperature, 98 F.; pulse, 70. The mastoid bone, in the antrum region, is very tender to touch. Diagnosis.-Chronic middle ear suppuration with involvement of the mastoid bone and possibly of the brain. Radical mastoid operation was advised and performed by myself on June 10, 1915, at the Philanthropine Hospital. Almost the entire mastoid cavity was filled out by cholesteato-"
84,1918,A CLINICAL CONSIDERATION OF MACEWEN'S SIGN: ESPECIALLY WITH REFERENCE TO ITS USE IN POLIOMYELITIS,J. G. Regan,Unknown venue,1918-07-01,1,0,19.88,Clinical NeuroAI and Brain Disorders,brain-structure;clinical-neuroai,In a previous article1on the hydrocephalus of poliomyelitis we frequently referred to Macewen's sign and endeavored to emphasize its importance in the detection of this condition.,high citation signal (1); open-access PDF metadata; brain-structure signal,"Clinical cohorts vary by disease stage, comorbidity, treatment history, and follow-up.; Models can learn site or demographic artifacts instead of disease mechanisms.; Imaging conclusions can depend on acquisition, preprocessing, and model specification.",10.1001/ARCHPEDI.1918.01910130020002,d0d8bcbde632c538b13191c80097cc2810318e1b,https://doi.org/10.1001/ARCHPEDI.1918.01910130020002,,https://zenodo.org/records/1500766/files/article.pdf,,Review,unknown,brain,"In a previous article1on the hydrocephalus of poliomyelitis we frequently referred to Macewen's sign and endeavored to emphasize its importance in the detection of this condition. The great clinical importance of the sign, its ever widening field of applicability, its relative certainty as an index of the existence of acute hydrocephalus, the simplicity of the methods for its detection and the absence of any detailed description of it in our present day treatises on physical diagnosis were the incentives to the writing of the present paper. The classical description of Macewen will be first summarized, the later study of the subject by Wilcox will be reviewed, and an endeavor will be made further to establish the value of the sign in physical diagnosis. Macewen of Edinburgh first described the sign. He employed it in the diagnosis of brain tumor and abscess over a period of ten years and"
85,1918,A CLINICAL SUMMARY OF 106 CASES OF MENTAL DISORDER OF UNKNOWN ETIOLOGY ARISING IN THE FIFTH AND SIXTH DECADES,E. T. Gibson,Unknown venue,1918-10-01,1,0,19.88,General Brain-AI Structure Reviews and Methods,brain-structure;clinical-neuroai,1. A statistical review of clinical data in certain cases with onset between 40 and 59 is presented.,high citation signal (1); open-access PDF metadata; brain-structure signal,"Reviews and methods can dominate citations while obscuring smaller empirical advances.; Bridge terminology can be ambiguous, especially around neural networks, intelligence, and biological plausibility.; Imaging conclusions can depend on acquisition, preprocessing, and model specification.",10.1176/AJP.75.2.221,c894b1c072843d3b426bfc4391c75ea42b5bd52b,https://doi.org/10.1176/AJP.75.2.221,,https://zenodo.org/records/2360683/files/article.pdf,,Review,unknown,brain,"1. A statistical review of clinical data in certain cases with onset between 40 and 59 is presented. Cases with gross brain disease or known exogenous causal factors are excluded. 2. The cases are drawn from Psychopathic Hospital admissions which have been shown to include about 20 per cent of cases which would not reach a state hospital for insane. The group therefore is a fair collection of mental disorders as they actually occur in the community. 3. The use of the age-period as viewpoint is an advantage in method; in that, it (I) emphasizes epochal characteristics, (2) is inclusive, and (3) eliminates minor errors in the statement of ages. 4. A previous study of 6000 consecutive admissions to the Boston Psychopathic Hospital has shown that (I) in the 5th and 6th decades, no particular diagnostic group is numerically predominant; and, that (2) within these decades ""undiagnosed""and ""unclassified"" forms are twice as frequent as in the 6000 cases without respect to age. 5. In the present study 2000 consecu..."
86,1918,A Note on Serum Sickness in Cerebrospinal Meningitis,Kerr,Unknown venue,1918-07-01,1,0,14.48,General Brain-AI Structure Reviews and Methods,,Positions A Note on Serum Sickness in Cerebrospinal Meningitis within General Brain Science and Reviews.,high citation signal (1),"Reviews and methods can dominate citations while obscuring smaller empirical advances.; Bridge terminology can be ambiguous, especially around neural networks, intelligence, and biological plausibility.; Metadata-level ranking should be complemented with full-text expert review before strong claims are made.",10.1097/00000441-191807000-00032,cf10ee9500dbdafbdec51b41705d55bd78e39c38,https://doi.org/10.1097/00000441-191807000-00032,,,,paper,unknown,brain,
87,1918,A PRELIMINARY REPORT OF A STUDY OF THE COAGULABILITY OF INFLUENZAL BLOOD,"A. W. Erskine, B. Knight",Unknown venue,1918-11-30,1,0,19.88,Clinical NeuroAI and Brain Disorders,brain-structure;clinical-neuroai,"To the Editor: -During the recent influenza epidemic, one of the most striking symptoms was an almost constant occurrence of hemorrhage.",high citation signal (1); open-access PDF metadata; brain-structure signal,"Clinical cohorts vary by disease stage, comorbidity, treatment history, and follow-up.; Models can learn site or demographic artifacts instead of disease mechanisms.; Imaging conclusions can depend on acquisition, preprocessing, and model specification.",10.1001/JAMA.1918.02600480063021,99e334c1386e144c6bac40e07a2ce9ad75e2e18e,https://doi.org/10.1001/JAMA.1918.02600480063021,,https://zenodo.org/records/2044131/files/article.pdf,,paper,unknown,brain,"To the Editor: -During the recent influenza epidemic, one of the most striking symptoms was an almost constant occurrence of hemorrhage. Nosebleed was present nearly always in children, and often in adults. Some of the women had menorrhagia and metrorrhagia, and abortion was frequent. We observed one case with hemorrhage from the bladder and two with hemorrhage from the bowels. The cerebrospinal fluid contained blood in two cases in which lumbar puncture was performed for a suspected meningitis. Bleeding from the gums was common, and several young patients developed hemorrhagic purpura. A majority of the so-called pneumonia patients coughed up bright red blood, some of them dying suddenly from asphyxiation due to active hemorrhage. Sudden death came to one convalescent patient from what was, clinically at least, a hemorrhage in the brain. The regularity with which these various hemorrhages appeared suggested the possibility of there being a change in the"
88,1918,Cerebrospinal Fever: Notes on 251 Cases Treated at the Salisbury Isolation Hospital,J. Gordon,Journal of the Royal Army Medical Corps,1918-07-01,1,0,14.48,General Brain-AI Structure Reviews and Methods,,"THE following brief notes relate to cases of cerebrospinal fe~r which have occurred in Salisbury and the surrounding district and in some neighbouring military camps, from December 15,1914, to June 30,1917.",high citation signal (1),"Reviews and methods can dominate citations while obscuring smaller empirical advances.; Bridge terminology can be ambiguous, especially around neural networks, intelligence, and biological plausibility.; Metadata-level ranking should be complemented with full-text expert review before strong claims are made.",10.1136/jramc-31-01-08,ab8ff22f64500fdd73f224f86f624ed1ba32043f,https://doi.org/10.1136/jramc-31-01-08,,,,JournalArticle,unknown,brain,"THE following brief notes relate to cases of cerebrospinal fe~r which have occurred in Salisbury and the surrounding district and in some neighbouring military camps, from December 15,1914, to June 30,1917. The first case was admitted to the Salisbury Infirmary on December 15, 1914, and from that date until February 23, 1915, 36 cases were admitted; of this number, 16 died in the Infirmary, 3 recovered and were sent back to their homes, and the remaining 17 were transferred -to the Salisbury and District Joint Isolation Hospital on a6count of the -impossibility of treating the increasing numbers of cases in a ward of a General H6spital. Five of these 17 subsequently died at the Isolation Hospital. The total number of cases,_ both military and civil (including the 17 mentioned above), admitted from February 23, 1915, to the Isolation Hospital, was 232, making the total number of cases admitted into both hospitals 251. The following table gives separately the number of military and civil eases, the reCOveries and the deaths at all ages and at certain age groups, and the percentage of the fatal cases to the total"" number of cases in each age group :--"
89,1918,PERMANGANATE REDUCTION INDEX OF CEREBROSPINAL FLUID.,E. Victors,California state journal of medicine,1918-04-01,1,0,14.48,General Brain-AI Structure Reviews and Methods,,Positions PERMANGANATE REDUCTION INDEX OF CEREBROSPINAL FLUID. within General Brain Science and Reviews.,high citation signal (1),"Reviews and methods can dominate citations while obscuring smaller empirical advances.; Bridge terminology can be ambiguous, especially around neural networks, intelligence, and biological plausibility.; Metadata-level ranking should be complemented with full-text expert review before strong claims are made.",,7863e7d75ca7205d016e73f714561a5ada59a88c,https://www.semanticscholar.org/paper/7863e7d75ca7205d016e73f714561a5ada59a88c,,,,JournalArticle,unknown,brain,
90,1918,Pyrexias of Doubtful Origin in an Infantry Battalion on Active Service,"C. K. McKerrow, R. Blackham",Journal of the Royal Army Medical Corps,1918-02-01,1,0,16.88,Clinical NeuroAI and Brain Disorders,brain-structure;clinical-neuroai,A MELANCHOLY. interest attached to this paper as it was read before a Divisi.on'Medical Society by the author a short time before his death.,high citation signal (1); brain-structure signal,"Clinical cohorts vary by disease stage, comorbidity, treatment history, and follow-up.; Models can learn site or demographic artifacts instead of disease mechanisms.; Imaging conclusions can depend on acquisition, preprocessing, and model specification.",10.1136/JRAMC-30-02-04,7400e676c028ff14fa6bbc8f85f09e843581ee03,https://doi.org/10.1136/JRAMC-30-02-04,,,,JournalArticle,unknown,brain,"A MELANCHOLY. interest attached to this paper as it was read before a Divisi.on'Medical Society by the author a short time before his death. Had the author lived it would have beel! submitted as hIs thesis for the degree of'Doctor of Medicine, Cambridge University. At the time when he was wounded Captain McKerrow was actually making a fair copy from 'the rough notes ,from i which he read, before the Divisional Medical Society, and his widow has completed the paper froni these notes. Dates and\names of persons and places only have been omitted. Leaying his wife and his practice at the beginning of the War"" h~ became the Regimental :M:edical Officer of' a fanious ,Fusilier Regiment and rapidly made/himself a power, in the battalion. ' His quick brain soon adapted its.5llf to military methods and he became a part of our great national military system, but .becominga soldier he did not cease to be 'a doctor, and he saw 'that even work with a battalion I . in the field gave facilities for what must; for want of a better term,. be called"" clinical work."" . His study of obscure fever cases during the scanty leisure of the medical officer of a battalion which has been fighting ,;tlmost continuously for a year and a half reveals 'the possibility' of medical study even in the front line trenches. . ' Captain McK'errow's work is not pnly a valuable contribution to medical literature but an inspiring example to other ~edical officers' of the pos~ibility of using the clinical material constantly passing through their regimental aid-posts and medical inspection rooms. . . Captain McKerrow was mortally wounded in. action. His study of . clinical work with a battalion on active. service will remain 'as a memorial of a very gallant soldier and a truly skilled physician. ' I"
91,1918,THE INTERDEPENDENCE OF THE SYMPATHETIC AND CENTRAL NERVOUS SYSTEMS,"D. Orr, Lieutenant-Colonel Rows",Unknown venue,1918-06-01,1,0,17.48,General Brain-AI Structure Reviews and Methods,,Positions THE INTERDEPENDENCE OF THE SYMPATHETIC AND CENTRAL NERVOUS SYSTEMS within General Brain Science and Reviews.,high citation signal (1); open-access PDF metadata,"Reviews and methods can dominate citations while obscuring smaller empirical advances.; Bridge terminology can be ambiguous, especially around neural networks, intelligence, and biological plausibility.; Metadata-level ranking should be complemented with full-text expert review before strong claims are made.",10.1093/BRAIN/41.1.1,d7b9617b7283910ffb35fae9294caf0474375c80,https://doi.org/10.1093/BRAIN/41.1.1,,http://pdfs.semanticscholar.org/6c8e/2fea7ec02d8ce5525e7438512c9fd2aa15c5.pdf,,paper,unknown,brain,
92,1918,THE PRIMARY DEPRESSION AND SECONDARY RISE IN BLOOD PRESSURE CAUSED BY EPINEPHRINE,"H. McGuigan, E. G. Hyatt",Journal of Pharmacology and Experimental Therapeutics,1918-09-01,1,0,15.68,General Brain-AI Structure Reviews and Methods,brain-structure,"In most dogs, especially mature animals in good health, the intravenous administration of adequate doses of epinephrine (0.5 to 1 cc.",high citation signal (1); brain-structure signal,"Reviews and methods can dominate citations while obscuring smaller empirical advances.; Bridge terminology can be ambiguous, especially around neural networks, intelligence, and biological plausibility.; Imaging conclusions can depend on acquisition, preprocessing, and model specification.",10.1016/s0022-3565(25)04193-x,995a146a990f2d748c9904fe27b7a8ff54a07c34,https://doi.org/10.1016/s0022-3565(25)04193-x,,,,JournalArticle,unknown,brain,"In most dogs, especially mature animals in good health, the intravenous administration of adequate doses of epinephrine (0.5 to 1 cc. of 1:10,000), after a quick rise in the blood pressure is followed by a rapid fall and a secondary rise. Various hypotheses were investigated. The cause of the secondary rise is apparently due to a central action of the epinephrine acting through the sympathetic ganglions. The basis for this belief is that the removal of the head or pithing of the brain prevents the occurence of the phenomenon. Also paralysis of the ganglia with nicotin prevents it. It occurs after the sectioning of the vagi and the administration of atropin or pilocarpin. The vagus apparently is not involved in the mechanism. Artificial intracranial pressure during the administration of the epinephrine will cause similar changes in the blood pressure."
93,1918,THE RELATION OF BLOOD PRESSURE TO CONVULSIONS,D. M. Ervin,Unknown venue,1918-04-27,1,0,18.68,General Brain-AI Structure Reviews and Methods,brain-structure,There is some factor at work in the course of a convulsion that brings it on and again stops it.,high citation signal (1); open-access PDF metadata; brain-structure signal,"Reviews and methods can dominate citations while obscuring smaller empirical advances.; Bridge terminology can be ambiguous, especially around neural networks, intelligence, and biological plausibility.; Imaging conclusions can depend on acquisition, preprocessing, and model specification.",10.1001/JAMA.1918.02600170008003,ad88d747d557518aac9a5efd79815f1cc72109ab,https://doi.org/10.1001/JAMA.1918.02600170008003,,https://zenodo.org/record/2188513/files/article.pdf,,paper,unknown,brain,"There is some factor at work in the course of a convulsion that brings it on and again stops it. That the convulsion stops is an argument in itself against the belief that a chemical substance reaches such a concentration as directly to produce the convulsion. If there is in the blood a chemical, the concentration of which increases to a point at which it produces a convulsion, does its decrease in concentration or disappearance permit the convulsion to end? From the following observations we may think of the chemical as only producing an edema of the brain. The chemical continues as an increasing factor, and the balance between the intracranial pressure and the blood pressure, the variable. It is well known that the blood pressure is a function of the intracranial pressure, rising directly with it. Normally the blood pressure is higher than the intracranial pressure. The height of"
94,1918,"TWO UNUSUAL CASES OF CENTRAL NERVOUS SYSTEM TOXÆMIA, POSSIBLY DUE TO BOTULISM.",E. Brockbank,Unknown venue,1918-05-04,1,0,17.48,General Brain-AI Structure Reviews and Methods,,"Positions TWO UNUSUAL CASES OF CENTRAL NERVOUS SYSTEM TOXÆMIA, POSSIBLY DUE TO BOTULISM. within General Brain Science and Reviews.",high citation signal (1); open-access PDF metadata,"Reviews and methods can dominate citations while obscuring smaller empirical advances.; Bridge terminology can be ambiguous, especially around neural networks, intelligence, and biological plausibility.; Metadata-level ranking should be complemented with full-text expert review before strong claims are made.",10.1016/S0140-6736(01)26281-3,8c05a80b34fc64dcead2f2c6a6821277c9de5ca6,https://doi.org/10.1016/S0140-6736(01)26281-3,,https://zenodo.org/record/2499016/files/article.pdf,,paper,unknown,brain,
95,1918,Beiträge zur Kenntnis der Pathologie der menschlichen Neuroglia nach Studien an einem Falle von primärem idiopathischen Hydrocephalus internus mittels der Färbemethode von Ramón y Cajal,H. Schrottenbach,European Archives of Psychiatry and Neurological Sciences,1918-09-01,1,0,24.48,General Brain-AI Structure Reviews and Methods,,"Positions Beiträge zur Kenntnis der Pathologie der menschlichen Neuroglia nach Studien an einem Falle von primärem idiopathischen Hydrocephalus internus mittels der Färbemethode von Ramón y Cajal within Cellular, Molecular, and Synaptic Neuroscience.",high citation signal (1); recognized venue,"Reviews and methods can dominate citations while obscuring smaller empirical advances.; Bridge terminology can be ambiguous, especially around neural networks, intelligence, and biological plausibility.; Metadata-level ranking should be complemented with full-text expert review before strong claims are made.",10.1007/BF02251870,3a1a00ae0435d991cf2e9456305298f7b4b94327,https://doi.org/10.1007/BF02251870,,,,paper,unknown,Semantic Scholar brain-AI query,
96,1918,LVIII. Leucocytosis of the Spinal Fluid in the Diagnosis of Meningitis,C. E. Perkins,Unknown venue,1918-09-01,1,0,16.68,Clinical NeuroAI and Brain Disorders,clinical-neuroai,"I desire to present a few observations and refer to several cases bearing upon the value of the count, numerical and differential, of the spinal fluid cells, as furnishing evidence in the diagnosis and management of various complications of purulent otitis media.",high citation signal (1); open-access PDF metadata,"Clinical cohorts vary by disease stage, comorbidity, treatment history, and follow-up.; Models can learn site or demographic artifacts instead of disease mechanisms.; Metadata-level ranking should be complemented with full-text expert review before strong claims are made.",10.1177/000348941802700311,7a11376afc1390e1e60256bdc7fe9abb96d833a6,https://doi.org/10.1177/000348941802700311,,https://zenodo.org/record/2462122/files/article.pdf,,JournalArticle,unknown,Semantic Scholar brain-AI query,"I desire to present a few observations and refer to several cases bearing upon the value of the count, numerical and differential, of the spinal fluid cells, as furnishing evidence in the diagnosis and management of various complications of purulent otitis media. The spinal fluid normally contains somewhat under ten cells to the cubic millimeter, and these are lymphocytes with perhaps an occasional endothelial cell. There shouldbe no polymorphonuclears. A rather large number of diseases are capable of increasing the number and changing the character of these cells. Nevertheless, when, following a purulent middle ear process, one has clinical evidence or has reason to expect meningeal involvement, the change in the kind and number of leucocytes of the fluid obtained by lumbar puncture, in conjunction with certain chemical tests, affords one valuable evidence. In such cases, however, one seldom, if syphilis is excluded, will make a mistake in attributing the leucocytosis to the process complicating the otitis media. Considered from an otologic standpoint, the presence of an increased leucocyte count with a substantial polymorphonuclear percentage, indicates that an inflammation exists either within the meninges themselves or in their immediate proximity. It is evident that if the subclural space has become genera1ly infected one of the products of inflammation-that is, pus-will be found in the cerebrospinal fluid. In the first stages the cell count wi1l be low and will more or less rapidly mount. until as death approaches it may be well into the thousands. The polymorphonuclear percentage also increases"
97,1918,CHEMICAL STIMULATION OF THE CEREBRAL CORTEX,S. Maxwell,Unknown venue,1918-12-01,0,0,16.2,General Brain-AI Structure Reviews and Methods,brain-structure,Positions CHEMICAL STIMULATION OF THE CEREBRAL CORTEX within General Brain Science and Reviews.,high citation signal (0); open-access PDF metadata; brain-structure signal,"Reviews and methods can dominate citations while obscuring smaller empirical advances.; Bridge terminology can be ambiguous, especially around neural networks, intelligence, and biological plausibility.; Imaging conclusions can depend on acquisition, preprocessing, and model specification.",10.1152/AJPLEGACY.1918.47.3.283,13da2627b97f868eae82064b90a6db4be52589d0,https://doi.org/10.1152/AJPLEGACY.1918.47.3.283,,https://www.physiology.org/pb-assets/PDFs/2017-Legacy-1516816496183.pdf,,paper,unknown,brain; cerebral; cortex; brain/neural structure in title,
98,1918,Book Reviews,"G. Torres, P. Feczko, R. Gore, T. Matalon, Joel E. Lichtenslein, A. Vanagunas",IEEE spectrum,1918-06-01,0,0,20.4,"Cognitive Architectures, Learning, and Systems Neuroscience",connectome;neural-signals,"Description: The involvement of the immune system in central nervous system diseases is highlighted in this book, which details important advances in the understanding of certain aspects of neuroinflammation.",high citation signal (0); synthesis or review value; brain-structure signal,"Task designs can oversimplify cognition and limit ecological validity.; Circuit-behavior correlations need causal perturbation or strong model comparison before mechanistic claims are secure.; Signal drift, artifacts, and session effects can limit real-world decoding reliability.",10.1007/BF01888516,f2335f3a9d83b66971bdb928710316f2bffbee27,https://doi.org/10.1007/BF01888516,,,,Review,unknown,ecog; historical computation/learning bridge,"Description: The involvement of the immune system in central nervous system diseases is highlighted in this book, which details important advances in the understanding of certain aspects of neuroinflammation. Purpose: The purpose is to provide timely and insightful reviews of certain aspects of neuroinflammation and disease, with a specific focus on glial activation, molecular signals regulating inflammation, and immune responses within the central nervous system. Since much of our knowledge in this area is derived from animal models of certain diseases, this is a worthy goal. Audience: This is clearly appropriate for clinicians and researchers who are interested in neuroinflammation in the central nervous system. It also can be a valuable research guide for students who are interested in learning some basics on this topic. The authors are highly regarded in their fields and are authorities in the field of neuroinflammation. Features: A number of chapters describe the role of various potential antigen presenting cells in the central nervous system, such as microglia, dendritic cells. Pattern recognition receptors in disease, an active area of research, are covered. In a few chapters, the recently identified Th17 cells and their role is described. These topics definitely are unique and add to the value of this book. Some of the chapters perhaps could have provided a bit more description and detail on extensively studied areas, such as the cytokine chapter. The chapter on dendritic cells is brief and could have included more recent work on the role of T cells in central nervous system disorders. The chapter on the role of complement was very thorough, with high quality photographs and diagrams. Some figures were not of highest quality and resolution, and there is at least one typo. The chapters appear to be appropriately referenced. Assessment: Overall, this book highlights several key areas of research in neuroinflammation and central nervous system diseases. It makes worthwhile contributions to this area."
99,1918,ON THE METHOD OF RECORDING BRAIN WEIGHTS; THE ERROR DUE TO INCLUSION OF CEREBRAL FLUID,L. Lowrey,Unknown venue,1918-01-01,0,0,11.2,General Brain-AI Structure Reviews and Methods,brain-structure,Positions ON THE METHOD OF RECORDING BRAIN WEIGHTS; THE ERROR DUE TO INCLUSION OF CEREBRAL FLUID within General Brain Science and Reviews.,high citation signal (0); brain-structure signal,"Reviews and methods can dominate citations while obscuring smaller empirical advances.; Bridge terminology can be ambiguous, especially around neural networks, intelligence, and biological plausibility.; Imaging conclusions can depend on acquisition, preprocessing, and model specification.",10.1097/00005053-191801000-00003,e8ce92c131303e682afbe96132d28f3478d9e86b,https://doi.org/10.1097/00005053-191801000-00003,,,,paper,unknown,brain; cerebral; brain/neural structure in title,
100,1918,A CASE OF AMŒBIC ABSCESS OF THE LIVER AND BRAIN WITH NO PREVIOUS HISTORY OF DYSENTERY.,"Timothy Stout, D. E. Fenwick",Unknown venue,1918-06-01,0,0,9.2,General Brain-AI Structure Reviews and Methods,brain-structure,Positions A CASE OF AMŒBIC ABSCESS OF THE LIVER AND BRAIN WITH NO PREVIOUS HISTORY OF DYSENTERY. within General Brain Science and Reviews.,high citation signal (0); brain-structure signal,"Reviews and methods can dominate citations while obscuring smaller empirical advances.; Bridge terminology can be ambiguous, especially around neural networks, intelligence, and biological plausibility.; Imaging conclusions can depend on acquisition, preprocessing, and model specification.",10.1016/S0140-6736(01)27266-3,595b9ad13fe4ba68192c217b72e2e2f0cfc19458,https://doi.org/10.1016/S0140-6736(01)27266-3,,,,paper,unknown,brain; brain/neural structure in title,
