rank,year,title,authors,venue,publicationDate,citationCount,influentialCitationCount,importanceScore,category,keywordTags,keyIdea,strengths,limitations,doi,sourceId,url,semanticScholarUrl,openAccessPdf,githubUrl,workType,language,relevanceReason,abstract
1,1984,"DARPP-32, a dopamine- and adenosine 3':5'-monophosphate-regulated phosphoprotein enriched in dopamine-innervated brain regions. III. Immunocytochemical localization","C. Ouimet, P. Miller, H. Hemmings, S. Walaas, P. Greengard",Journal of Neuroscience,1984-01-01,622,21,146.02,"Cellular, Synaptic, and Neuromorphic Foundations",brain-structure,"Immunocytochemical studies have been carried out to determine the regional and cellular distribution of DARPP-32, a protein the phosphorylation of which can be regulated by dopamine and cAMP in intact cells.",high citation signal (622); recognized venue; open-access PDF metadata; brain-structure signal,"Cellular mechanisms rarely scale directly into whole-brain behavior or modern AI architectures.; Animal and ex vivo findings require careful translation to human cognition and deployed systems.; Imaging conclusions can depend on acquisition, preprocessing, and model specification.",10.1523/JNEUROSCI.04-01-00111.1984,12f96009834b95193627159a69b9b696d2c26910,https://doi.org/10.1523/JNEUROSCI.04-01-00111.1984,,https://www.jneurosci.org/content/jneuro/4/1/111.full.pdf,,JournalArticle; Study,unknown,brain; cortex; cerebellum; neuron; brain/neural structure in title,"Immunocytochemical studies have been carried out to determine the regional and cellular distribution of DARPP-32, a protein the phosphorylation of which can be regulated by dopamine and cAMP in intact cells. These immunocytochemical studies indicate tha DARPP-32 is localized primarily in those brain regions enriched in dopaminergic nerve terminals. Moreover, the staining pattern supports the conclusion that the DARPP-32 is present in dopaminoceptive neurons, i.e., neurons that receive a dopamine input, and that it is absent from the dopaminergic neurons themselves. Within the caudatoputamen, nucleus accumbens, olfactory tubercle, bed nucleus of the stria terminalis, and portions of the amygdaloid complex, all of which receive a strong dopamine input, DARPP-32 immunoreactivity is present in neuronal cell bodies and dendrites. In brain regions that are known to receive projections from these nuclei, puncta (presumed nerve terminals) are strongly immunoreactive for DARPP-32 but indigenous cell bodies and dendrites are not immunoreactive. These target areas include the globus pallidus, ventral pallidum, entopeduncular nucleus, and the pars reticulata of the substantia nigra. No immunoreactivity is detected in neuronal cell bodies or dendrites in any of the dopaminergic nuclei. Furthermore, nerve terminals immunoreactive for DARPP-32 do not resemble dopaminergic varicosities in either their morphology or their pattern of distribution. Many neurons are weakly immunoreactive for DARPP-32 and some of these are found in areas that apparently lack a dopaminergic input: weakly labeled neuronal cell bodies and dendrites were found throughout the neocortex, primarily in layer VI, and in the Purkinje neurons of the cerebellum. DARPP-32 immunoreactivity is also present in certain glial cells, especially in the median eminence, arcuate nucleus, and medial habenula. The present immunocytochemical studies, taken together with biochemical studies (Hemmings, H.C., Jr., A.C. Nairn, D.W. Aswad, and P. Greengard (1984) J. Neurosci. 4: 99-110; Walaas, S.I., and P. Greengard (1984) J. Neurosci. 4: 84-98) on DARPP- 32, indicate that DARPP-32, is present in the subclass of dopaminoceptive neurons containing D-1 receptors (dopamine receptors coupled to adenylate cyclase). DARPP-32 may be an effective marker for certain of the actions of dopamine that are mediated through cAMP and its associated protein kinase."
2,1984,Atlas of cholinergic neurons in the forebrain and upper brainstem of the macaque based on monoclonal choline acetyltransferase immunohistochemistry and acetylcholinesterase histochemistry.,"M. Mesulam, E. Mufson, A. Levey, B. Wainer",Neuroscience,1984-07-01,576,12,139.64,General Brain-AI Structure Reviews and Methods,brain-structure,Positions Atlas of cholinergic neurons in the forebrain and upper brainstem of the macaque based on monoclonal choline acetyltransferase immunohistochemistry and acetylcholinesterase histochemistry. within General Brain Science and Reviews.,high citation signal (576); recognized venue; brain-structure signal,"Reviews and methods can dominate citations while obscuring smaller empirical advances.; Bridge terminology can be ambiguous, especially around neural networks, intelligence, and biological plausibility.; Imaging conclusions can depend on acquisition, preprocessing, and model specification.",10.1016/0306-4522(84)90163-5,867ddd5252647707deb82dd9b76f0392c70da94d,https://doi.org/10.1016/0306-4522(84)90163-5,,,,JournalArticle,unknown,brain; brainstem; neuron; brain/neural structure in title,
3,1984,What is an image?,"Andrew J Gerber, Bradley S. Peterson",Journal of the American Academy of Child and Adolescent Psychiatry,1984-01-21,561,27,136.97,Structural Neuroimaging and AI,brain-structure;connectome;decoding;neuroimaging;clinical-neuroai,"Whether in the hands of an advertising executive or a scientist, visual images have the power either to convey information efficiently or to mislead through sleight of hand.",high citation signal (561); open-access PDF metadata; brain-structure signal; brain-to-model interface signal,"Scanner, site, protocol, and preprocessing differences can be learned as shortcuts by AI models.; High predictive accuracy does not guarantee anatomical validity or causal interpretation.; Imaging conclusions can depend on acquisition, preprocessing, and model specification.",10.1097/CHI.0b013e318161e509,22a5528cae43701c36028b97a7cea5bc4627a923,https://doi.org/10.1097/CHI.0b013e318161e509,,https://europepmc.org/articles/pmc4306573?pdf=render,,JournalArticle,unknown,brain; cortical; thalamus; basal ganglia; diffusion tensor; mri,"Whether in the hands of an advertising executive or a scientist, visual images have the power either to convey information efficiently or to mislead through sleight of hand. To evaluate adequately what is being presented in a published imaging article, readers must first understand what constitutes an image. A wide range of technologies can produce an image of the brain, and those images can capture an even wider range of features of the brain tissue that is imaged (Table 1). Nevertheless, all of those images have in common a basic physical structure, and a common set of terms can be used to describe that structure. Table 1 Neuroimaging Modalities: Method, Strengths, and Weaknesses An image is simply a two-dimensional, physical array of much smaller, two-dimensional squares or rectangles, which are elemental units of the picture called picture elements (or pixels). Each pixel corresponds to a three-dimensional square or rectangular chunk of brain tissue called a volume element (or voxel). Each pixel of the image is typically assigned either a level of visual grayness ranging from black to white (Fig. 1) or an arbitrary color that represents a numerical value. That numerical value in a pixel in turn quantifies some characteristic or feature of the tissue in the corresponding voxel of the brain being imaged. That numerical value and its corresponding grayscale representation or color-encoding may represent, for example, the degree to which x-rays pass through the tissue (in a computed tomography [CT] scan; Fig. 2), the amount of radioactivity emitted by the tissue (in positron emission tomography), the number of hydrogen nuclei in the tissue (in anatomical magnetic resonance imaging [MRI]; Fig. 2), the direction of fiber tracts in the brain (in diffusion tensor imaging [DTI] Fig. 3), the amount of oxygenated or deoxygenated hemoglobin (in functional MRI; Fig. 4), or a molecular concentration (in magnetic resonance spectroscopy [MRS] Fig. 5). Fig. 1 Composition of an image. Left, Each volume element (voxel) contains either high (H) or low (L) concentrations of a physical quantity of interest. Middle, The physical quantities of interest in each voxel are encoded numerically and assigned to a corresponding ... Fig. 2 Computed tomography and magnetic resonance imaging of brain structure. W = white matter, C = caudate, T = thalamus, CSF = cerebrospinal fluid. Reprinted with permission from Lewis's Child and Adolescent Psychiatry. Philadelphia: Lippincott Williams & ... Fig. 3 Diffusion tensor imaging of fiber tracts. Colors depict directions of three-dimensional fiber tracts. Red = left (L) to right (R); green = posterior (P) to anterior (A); BG = basal ganglia; CC = corpus callosum. Reprinted with permission from Lewis's ... Fig. 4 Functional magnetic resonance imaging of brain activity. This axial image (a slice parallel to the floor in a standing person) shows statistical significance of functional activity in one direction in bilateral basal ganglia, inferior frontal and anterior ... Fig. 5 Magnetic resonance spectroscopy (MRS) of brain metabolites. One subregion of the brain is represented by several voxels, each of which generates a spectrum of signals from various neurometabolites. The height of each peak in the spectrum indicates the ... Variation in this level of grayness or its color encoding across the two-dimensional array of pixels can distinguish one type of tissue of the brain from another in the corresponding three-dimensional array of tissue voxels, or slice, of brain tissue. A stack of such slices, one on top of another, will represent a larger volume of brain tissue, possibly the entire brain, visualized at one point in time. Table 1 summarizes the technologies commonly used to image the brain, the properties of the tissue encoded in the image, and the major strengths and limitations of each of the technologies. A similar technique is used for building images of the brain across time, which can be used to represent electrical or neurochemical functioning in a particular brain voxel. A functional MRI map of functional activity, for example, captures in each pixel the variation across time in the level of deoxygenated hemoglobin, which in turn indexes the level of neural activity, in the corresponding brain voxel. The degree to which that temporal variation in deoxyhemoglobin in each voxel correlates with the temporal variation in behavior or sensory experience of the person being imaged is assessed statistically, and that statistical index (usually a probability or p value) is assigned to the corresponding pixel of the image. That statistical index is then color encoded. In other words, this statistic represents the likelihood that temporal variation in neural activity within that chunk of brain tissue being imaged correlates with the temporal variation in behavior or experience of the subject. If that index passes a preassigned threshold (e.g., p < .05), then neural activity in that chunk of tissue is assumed to participate in the behavior or experience of the subject. That statistic is literally painted on the brain image, usually by being superimposed on a corresponding grayscale representation of brain structure to help identify where the activity is located (Fig. 4). The color-encoded image therefore represents a four-dimensional map comprising three dimensions that define spatial location and a fourth dimension that indexes change in neural activity across time. The quality and clinical or scientific usefulness of an image depends on a number of characteristics of the information carried within and across voxels. Resolution refers to the volume of brain tissue represented by a given voxel. If the size of the tissue being imaged is held constant, then an image with higher resolution has voxels that are smaller in size but greater in number. This allows for greater discrimination of neighboring structures within the brain, but usually increases the time required to obtain the image. At lower resolution, voxels are larger and therefore are more likely to cross the boundaries of tissues and regions, making them more difficult to discriminate from each other. Measurement of any physical properties, including those represented by brain images, inevitably involves some degree of error because no measurement process is perfect. More error, or noise, degrades the quality of an image, just as a snowy picture degrades the image on a television screen with poor reception. The portion of the measurement of a tissue property in each voxel that is accurate (the true signal from the voxel), relative to the noise present in the measurement, is termed the signal-to-noise ratio (SNR) of the image. It provides a useful summary of image fidelity. The strength of the magnetic field of an MRI scanner is an important determinant of the SNR and image quality because it determines how many hydrogen nuclei in a voxel emit radio signals during the scanning process; the larger their number, the stronger their signals are in summation and the more accurate is measurement of the tissue characteristics that those radio signals encode from each voxel. Increasing the size of the voxel (and therefore also increasing the amount of tissue it contains) also increases the number of emitting nuclei and therefore also increases the SNR, but at the expense of decreasing the resolution of the image. Finally, contrast refers to the difference in signal strength between adjacent but distinct types of brain tissues, such as gray matter and white matter. By convention, magnetic resonance images are assigned a grayscale value that ranges from 0 (pure black) to 255 (pure white). In an image with optimal contrast, this number would vary greatly across different types of tissue. One of the principal advantages of magnetic resonance imaging over computed tomographic imaging is that the former provides superior contrast for brain tissues that are important to discriminate for clinical and research purposes (especially gray and white matter), thereby aiding the accurate identification of cortical and subcortical structures. In imaging, as in life, nothing comes for free. Improvement in the convenience of image acquisition (e.g., the amount of time or expense required) or a technical property of the image (e.g., resolution, contrast, SNR) inevitably comes at the expense of some other aspect of the image. In any given study, therefore, the choices made by the imager are crucial for keeping these in balance and for keeping the images optimized for the population studied, the brain feature of interest, and the hypothesis in question. In future columns, we will discuss these choices in relation to what neuroimaging is teaching us about scientifically and clinically relevant questions in child and adolescent psychiatry."
4,1984,Neuropeptide-containing neurons of the cerebral cortex are also GABAergic.,"S. Hendry, E. Jones, J. DeFelipe, D. Schmechel, C. Brandon, P. Emson",Proceedings of the National Academy of Sciences of the United States of America,1984-10-01,508,7,140.38,"Cellular, Synaptic, and Neuromorphic Foundations",brain-structure,"Positions Neuropeptide-containing neurons of the cerebral cortex are also GABAergic. within Cellular, Molecular, and Synaptic Neuroscience.",high citation signal (508); recognized venue; open-access PDF metadata; brain-structure signal,"Cellular mechanisms rarely scale directly into whole-brain behavior or modern AI architectures.; Animal and ex vivo findings require careful translation to human cognition and deployed systems.; Imaging conclusions can depend on acquisition, preprocessing, and model specification.",10.1073/PNAS.81.20.6526,c3ff97f5299257afc1cb3170046d8b1b46c8941c,https://doi.org/10.1073/PNAS.81.20.6526,,https://europepmc.org/articles/pmc391957?pdf=render,,JournalArticle,unknown,cerebral; cortex; neuron; brain/neural structure in title,
5,1984,"Stimulus rate dependence of regional cerebral blood flow in human striate cortex, demonstrated by positron emission tomography.","P. T. Fox, M. Raichle",Journal of Neurophysiology,1984-05-01,506,27,126.51,"Connectomics, Graph Models, and Brain Networks",brain-structure;connectome,"Positions Stimulus rate dependence of regional cerebral blood flow in human striate cortex, demonstrated by positron emission tomography. within General Brain Science and Reviews.",high citation signal (506); brain-structure signal,"Graph results can depend strongly on parcellation, thresholding, acquisition, and preprocessing choices.; Correlation networks are often interpreted more causally than the evidence supports.; Imaging conclusions can depend on acquisition, preprocessing, and model specification.",10.1152/JN.1984.51.5.1109,d88f41167624b7cfce660a49f93727e17fde2acc,https://doi.org/10.1152/JN.1984.51.5.1109,,,,JournalArticle,unknown,brain; cerebral; cortex; brain/neural structure in title,
6,1984,Intracerebral neural implants: neuronal replacement and reconstruction of damaged circuitries.,"A. Björklund, U. Stenevi",Annual Review of Neuroscience,1984,426,1,135.42,"Cellular, Synaptic, and Neuromorphic Foundations",brain-structure;neuromorphic-bci,"Positions Intracerebral neural implants: neuronal replacement and reconstruction of damaged circuitries. within Cellular, Molecular, and Synaptic Neuroscience.",high citation signal (426); recognized venue; brain-structure signal; brain-to-model interface signal,"Cellular mechanisms rarely scale directly into whole-brain behavior or modern AI architectures.; Animal and ex vivo findings require careful translation to human cognition and deployed systems.; Imaging conclusions can depend on acquisition, preprocessing, and model specification.",10.1146/ANNUREV.NE.07.030184.001431,734ee052dbe2f94fc873dbb35c073f46eb024ee2,https://doi.org/10.1146/ANNUREV.NE.07.030184.001431,,,,Review; JournalArticle,unknown,cerebral; neuron; neural; brain/neural structure in title,
7,1984,Purification and properties of the inhibitory guanine nucleotide regulatory unit of brain adenylate cyclase.,"Éva, Neer, Josephine, Lok, Lisa G. Wolf",Journal of Biological Chemistry,1984-11-25,413,5,124.67,General Brain-AI Structure Reviews and Methods,brain-structure,Hormonal inhibition of adenylate cyclase is mediated by a guanine nucleotide regulatory protein (Ni) which is different from the one which mediates hormonal stimulation.,high citation signal (413); open-access PDF metadata; brain-structure signal,"Reviews and methods can dominate citations while obscuring smaller empirical advances.; Bridge terminology can be ambiguous, especially around neural networks, intelligence, and biological plausibility.; Imaging conclusions can depend on acquisition, preprocessing, and model specification.",10.1016/s0021-9258(18)89881-7,b793500a42e3d552eb1b187515d369db606157c4,https://doi.org/10.1016/s0021-9258(18)89881-7,,https://doi.org/10.1016/s0021-9258(18)89881-7,,JournalArticle,unknown,brain; cerebral; cortex; brain/neural structure in title,"Hormonal inhibition of adenylate cyclase is mediated by a guanine nucleotide regulatory protein (Ni) which is different from the one which mediates hormonal stimulation. There is substantial evidence that the active component of Ni (termed alpha i can be ADP-ribosylated by a toxin from Bordetella pertussis. We have found that in bovine cerebral cortex there are three proteins of similar molecular weight (39,000-41,000) which are modified by pertussis toxin. We have purified these proteins and have resolved the 41,000-dalton protein from the 40,000/39,000-dalton doublet. All three forms of pertussis toxin substrate can be isolated in free form or together with a 36,000 beta component. We have also purified this beta component. ADP-ribosylation of the three pertussis toxin substrates is greatly enhanced by the addition of the purified beta component. This makes possible an assay of beta subunit activity based on its interaction with alpha i. The three forms of pertussis toxin substrate which we have purified differ in two functions: susceptibility to ADP-ribosylation and GTPase activity. The 41,000-dalton protein is more readily ADP-ribosylated by pertussis toxin than the smaller forms. The 39,000-dalton protein has GTPase activity with a low Km (0.3 microM) for GTP. The GTPase activity can be doubled by phospholipids. The GTPase activity of the 41,000-dalton protein is almost undetectable. It is not yet known what the relationship of the forms is to each other. The smaller forms may be derived from the larger by proteolysis or it may be intrinsically different. It remains to be shown whether one of the forms represents a different type of regulatory protein which transmits a hormonal signal to effectors other than adenylate cyclase."
8,1984,"Morphology, distribution, and synaptic relations of somatostatin- and neuropeptide Y-immunoreactive neurons in rat and monkey neocortex","S. Hendry, E. Jones, P. Emson",Journal of Neuroscience,1984-10-01,395,11,137.87,"Cellular, Synaptic, and Neuromorphic Foundations",brain-structure,Neurons in the monkey and rat cerebral cortex immunoreactive for somatostatin tetradecapeptide (SRIF) and for neuropeptide Y (NPY) were examined in the light and electron microscope.,high citation signal (395); recognized venue; open-access PDF metadata; brain-structure signal,"Cellular mechanisms rarely scale directly into whole-brain behavior or modern AI architectures.; Animal and ex vivo findings require careful translation to human cognition and deployed systems.; Imaging conclusions can depend on acquisition, preprocessing, and model specification.",10.1523/JNEUROSCI.04-10-02497.1984,2785d494236dc062f031a5fa06365c5996d0a386,https://doi.org/10.1523/JNEUROSCI.04-10-02497.1984,,https://www.jneurosci.org/content/jneuro/4/10/2497.full.pdf,,JournalArticle,unknown,cerebral; cortex; cortical; neuron; brain/neural structure in title,"Neurons in the monkey and rat cerebral cortex immunoreactive for somatostatin tetradecapeptide (SRIF) and for neuropeptide Y (NPY) were examined in the light and electron microscope. Neurons immunoreactive for either peptide are found in all areas of monkey cortex examined as well as throughout the rat cerebral cortex and in the subcortical white matter of both species. In monkey and rat cortex, SRIF-positive neurons are morphologically very similar to NPY-positive neurons. Of the total population of SRIF-positive and NPY-positive neurons in sensory-motor and parietal cortex of monkeys, a minimum of 24% was immunoreactive for both peptides. Most cell bodies are small (8 to 10 micron in diameter) and are present through the depth of the cortex but are densest in layers II-III, in layer VI, and in the subjacent white matter. From the cell bodies several processes commonly emerge, branch two or three times, become beaded, and extend for long distances through the cortex. The fields formed by these processes vary from cell to cell; therefore, the usual morphological terms bipolar, multipolar, and so on do not adequately characterize the full population of neurons. Virtually every cell, however, has at least one long vertically oriented process, and most processes of white matter cells ascent into the cortex. No processes could be positively identified with the light microscope as axons. The processes of the peptide-positive neurons form dense plexuses in the cortex. In each area of monkey cortex, SRIF-positive and NPY-positive processes form a superficial plexus in layers I and II and a deep plexus in layer VI. These plexuses vary in density from area to area. All appear to arise from cortical or white matter cells rather than from extrinsic afferents. In some areas such as SI and areas 5 and 7, the superficial plexus extends deeply into layers III and IV; and in area 17, two very prominent middle plexuses occur in layers IIIB through IVB and in the upper one-third of layer V; these are separated by layer IVC, a major zone of thalamic terminations, which contains very few SRIF- or NPY-positive processes. The density of the plexuses is greater for NPY-positive processes than for SRIF-positive processes in all areas. In the rat, the plexuses do not display a strict laminar organization but generally are densest in the supragranular layers (I to III) and decline steadily in the deeper layers.(ABSTRACT TRUNCATED AT 400 WORDS)"
9,1984,Supplementary motor area of the monkey's cerebral cortex: short- and long-term deficits after unilateral ablation and the effects of subsequent callosal section,C. Brinkman,Journal of Neuroscience,1984-04-01,383,18,137.31,"Cognitive Architectures, Learning, and Systems Neuroscience",brain-structure,The short-term and long-term behavioral effects of unilateral lesions of the supplementary motor area (SMA) were studied in five monkeys (Macaca fascicularis ssp).,high citation signal (383); recognized venue; open-access PDF metadata; brain-structure signal,"Task designs can oversimplify cognition and limit ecological validity.; Circuit-behavior correlations need causal perturbation or strong model comparison before mechanistic claims are secure.; Imaging conclusions can depend on acquisition, preprocessing, and model specification.",10.1523/JNEUROSCI.04-04-00918.1984,272198787bf56c2e90374eda5de4de715a805f09,https://doi.org/10.1523/JNEUROSCI.04-04-00918.1984,,https://www.jneurosci.org/content/jneuro/4/4/918.full.pdf,,JournalArticle,unknown,cerebral; cortex; eeg; meg; brain/neural structure in title,"The short-term and long-term behavioral effects of unilateral lesions of the supplementary motor area (SMA) were studied in five monkeys (Macaca fascicularis ssp). A monkey with a unilateral lesion of the premotor area (PM) served as a control. In all animals, general behavior was unaffected by the lesions. For a few weeks postoperatively, all monkeys showed a clumsiness of forelimb movements, bilaterally, which involved both the distal and proximal muscles. Two SMA-lesioned monkeys (but not the PM-lesioned one), studied for up to 1 year postoperatively, showed a characteristic deficit of bimanual coordination where the two hands tended to behave in a similar manner instead of sharing the task between them. This deficit was more pronounced after a lesion contralateral to the nonpreferred hand. The deficit was interpreted as indicating that the intact SMA now influenced the motor outflow of both the ipsilateral hemisphere and the contralateral one through the corpus callosum. Callosal section immediately abolished the bimanual deficit, although the clumsiness returned transiently. The results imply that SMA may give rise normally to discharges informing the contralateral hemisphere of intended and/or ongoing movements via the corpus callosum. This may prevent duplication of responses during unimanual tasks and help to coordinate the behavior of both hands during a bimanual task."
10,1984,Synapse elimination and plasticity in developing human cerebral cortex.,P. Huttenlocher,American journal of mental deficiency,1984-03-01,359,6,119.15,"Cellular, Synaptic, and Neuromorphic Foundations",brain-structure,"Positions Synapse elimination and plasticity in developing human cerebral cortex. within Cellular, Molecular, and Synaptic Neuroscience.",high citation signal (359); brain-structure signal,"Cellular mechanisms rarely scale directly into whole-brain behavior or modern AI architectures.; Animal and ex vivo findings require careful translation to human cognition and deployed systems.; Imaging conclusions can depend on acquisition, preprocessing, and model specification.",,f182e23ae1eaa40312624b8536442e1e5ef50341,https://www.semanticscholar.org/paper/f182e23ae1eaa40312624b8536442e1e5ef50341,,,,JournalArticle,unknown,cerebral; cortex; synapse; brain/neural structure in title,
11,1984,Differential subcellular localization of tubulin and the microtubule- associated protein MAP2 in brain tissue as revealed by immunocytochemistry with monoclonal hybridoma antibodies,"A. Cáceres, L. Binder, Melvin P. Payne, P. Bender, L. Rebhun, O. Steward",Journal of Neuroscience,1984-02-01,351,9,133.75,"Cellular, Synaptic, and Neuromorphic Foundations",brain-structure,The distribution and subcellular localization of tubulin and MAP2 in brain tissue were analyzed by immunocytochemistry with monoclonal hybridoma antibodies prepared against Chinese hamster brain tubulin and MAP2.,high citation signal (351); recognized venue; open-access PDF metadata; brain-structure signal,"Cellular mechanisms rarely scale directly into whole-brain behavior or modern AI architectures.; Animal and ex vivo findings require careful translation to human cognition and deployed systems.; Imaging conclusions can depend on acquisition, preprocessing, and model specification.",10.1523/JNEUROSCI.04-02-00394.1984,dc09eff69a3e2ce38e1090f6e37ce92d106a4d45,https://doi.org/10.1523/JNEUROSCI.04-02-00394.1984,,https://www.jneurosci.org/content/jneuro/4/2/394.full.pdf,,JournalArticle; Study,unknown,brain; neuron; synapse; brain/neural structure in title,"The distribution and subcellular localization of tubulin and MAP2 in brain tissue were analyzed by immunocytochemistry with monoclonal hybridoma antibodies prepared against Chinese hamster brain tubulin and MAP2. We examined three anti-tubulin hybridoma antibodies (Tu3B, Tu9B, Tu12) specific for beta-tubulin, and two anti-MAP2 hybridoma antibodies (AP9,AP13). The specificity of each of the monoclonal antibodies was characterized by staining nitrocellulose electrophoretic blots of SDS- polyacrylamide gels of whole brain or hippocampal extracts. Each hybridoma antibody bound only its respective antigen in these preparations. Polyclonal antisera against tubulin were also examined. Sections reacted with antisera against tubulin or monoclonal antibodies against beta-tubulin revealed a wide variety of stained cellular compartments. The reaction product was found to decorate dendritic and axonal microtubles in neurons; glial cells were also stained. MAP2 immunoreactivity was found only in neurons. In the case of one of the monoclonal antibodies (AP9), staining was preferentially associated with dendritic processes. However, light but significant staining of axonal processes was seen with AP13. Within dendrites, MAP2 was found associated with dendritic microtubules and postsynaptic densities (psd), both in shaft and spine synapses. In addition, strong immunoreactivity for MAP2 was found within the cytoplasm of dendritic spines. There was little or no immunoreactivity for tubulin in the spine cytoplasm, although the psd was stained. The localization of MAP2 in dendritic spines and in the psd suggests that this protein may have a biological role independent of its association with microtubules. The observations on differential staining of the hybridoma antibodies against MAP2 suggest that there may be distinct subtypes or states of MAP2 within neurons."
12,1984,Hypoglycemic Brain Injury in the Rat: Correlation of Density of Brain Damage with the EEG Isoelectric Time: A Quantitative Study,"R. Auer, Y. Olsson, B. Siesjö",Diabetes,1984-11-01,340,12,119.37,"Electrophysiology, Neural Signals, and AI Decoding",brain-structure;neural-signals,"Positions Hypoglycemic Brain Injury in the Rat: Correlation of Density of Brain Damage with the EEG Isoelectric Time: A Quantitative Study within EEG, MEG, and Electrophysiology.",high citation signal (340); brain-structure signal,"Signal artifacts, montage choices, source localization, and session drift can dominate apparent model performance.; Temporal precision does not automatically imply anatomical specificity.; Imaging conclusions can depend on acquisition, preprocessing, and model specification.",10.2337/diab.33.11.1090,ab726c12559c3fd1f50accd49531ce7bd6143978,https://doi.org/10.2337/diab.33.11.1090,,,,JournalArticle,unknown,brain; eeg; meg; brain/neural structure in title,
13,1984,"Differences in the cellular distributions of two microtubule-associated proteins, MAP1 and MAP2, in rat brain","G. Huber, A. Matus",Journal of Neuroscience,1984-01-01,324,12,132.31,"Cellular, Synaptic, and Neuromorphic Foundations",brain-structure,The distribution of microtubule-associated proteins (MAPs) 1 and 2 in rat brain was studied using monoclonal antibodies.,high citation signal (324); recognized venue; open-access PDF metadata; brain-structure signal,"Cellular mechanisms rarely scale directly into whole-brain behavior or modern AI architectures.; Animal and ex vivo findings require careful translation to human cognition and deployed systems.; Imaging conclusions can depend on acquisition, preprocessing, and model specification.",10.1523/JNEUROSCI.04-01-00151.1984,595111450c3c5dcc390c9e149e3f37e118696c34,https://doi.org/10.1523/JNEUROSCI.04-01-00151.1984,,https://doi.org/10.1523/jneurosci.04-01-00151.1984,,JournalArticle,unknown,brain; cerebellum; neuron; brain/neural structure in title,"The distribution of microtubule-associated proteins (MAPs) 1 and 2 in rat brain was studied using monoclonal antibodies. Immunochemical staining showed that both MAP1 and MAP2 are present only in neurons and both are highly concentrated in dendrites compared to axons. Otherwise, they differed in distribution in various ways. MAP1 was present at low levels in axons, whereas MAP2 was never detectable in axons with either of two different fixation methods used. In the cerebellum the two MAPs differed in relative concentration in various classes on neurons. Thus, anti-MAP1 staining was strong in Purkinje cells but very faint in granule cells, whereas anti-MAP2 staining was strong in both. There were also distributional differences within the same cell. Thus, in Purkinje cells, anti-MAP1 staining is strong in the cell body, initial axon segment and throughout the dendritic tree, but anti-MAP2 staining is present only in dendrites beyond the initial proximal portion. These results suggest that microtubules with different molecular compositions are present in the cerebellum where they are distributed differently between cells as well as within the same cell."
14,1984,Heterogeneity of presynaptic muscarinic receptors regulating neurotransmitter release in the rat brain.,"M. Raiteri, R. Leardi, M. Marchi",Journal of Pharmacology and Experimental Therapeutics,1984-01-01,316,5,124.86,Computational Neuroscience and Brain-Inspired AI,brain-structure,The existence of multiple muscarinic receptors in the brain was investigated by using neurotransmitter release as a functional parameter and by comparing the effects of agonists and antagonists on three systems of release regulation mediated by presynaptic muscarinic receptors.,high citation signal (316); brain-structure signal,"Model fit does not by itself prove biological mechanism.; Brain-inspired analogies can become too loose unless tied to measurable neural evidence.; Imaging conclusions can depend on acquisition, preprocessing, and model specification.",10.1016/s0022-3565(25)21528-2,0bbaa4b4cf24ef9c144239a7f59c432f66aabbd0,https://doi.org/10.1016/s0022-3565(25)21528-2,,,,JournalArticle; Study,unknown,brain; cortex; hippocampus; brain/neural structure in title; historical computation/learning bridge,"The existence of multiple muscarinic receptors in the brain was investigated by using neurotransmitter release as a functional parameter and by comparing the effects of agonists and antagonists on three systems of release regulation mediated by presynaptic muscarinic receptors. The receptors selected as models for our experiments were: 1) the muscarinic autoreceptors mediating inhibition of acetylcholine release in the cortex; 2) the muscarinic autoreceptors present in the nerve endings of the hippocampus; and 3) the muscarinic presynaptic receptors mediating potentiation of striatal dopamine release (heteroreceptors). The experiments were performed by using rat brain synaptosomes in superfusion. Acetylcholine, oxotremorine and carbachol inhibited the release of [3H]acetylcholine evoked by 15 mM KCI in cortex and hippocampus and potentiated the K+-evoked [3H]dopamine release in the striatum. The concentration-response curves were similar in the three systems, the rank of potency being: acetylcholine greater than oxotremorine greater than carbachol. The effects of acetylcholine were counteracted by several muscarinic antagonists with different rank of potencies and different potency ratios. In particular, the rank of potencies for the drugs tested was: atropine greater than secoverine greater than stercuronium greater than pirenzepine at the autoreceptors, both in cortex and hippocampus; but it was: atropine greater than pirenzepine = secoverine greater than stercuronium, at the heteroreceptors in the striatum. Pirenzepine was 100 times more potent on heteroreceptors than on autoreceptors. Our results suggest the possibility of a differential activation or blockade of central muscarinic receptors by selective drugs."
15,1984,Cellular components of the cerebral cortex,"A. Peters, E. Jones",Unknown venue,1984,312,13,116.63,"Cellular, Synaptic, and Neuromorphic Foundations",brain-structure,Positions Cellular components of the cerebral cortex within General Brain Science and Reviews.,high citation signal (312); brain-structure signal,"Cellular mechanisms rarely scale directly into whole-brain behavior or modern AI architectures.; Animal and ex vivo findings require careful translation to human cognition and deployed systems.; Imaging conclusions can depend on acquisition, preprocessing, and model specification.",,ce6e40d4efac6e61bc0fb0812c12137e889390ba,https://www.semanticscholar.org/paper/ce6e40d4efac6e61bc0fb0812c12137e889390ba,,,,paper,unknown,brain; cerebral; cortex; brain/neural structure in title,
16,1984,Alterations in neural cell adhesion molecules during development of different regions of the nervous system,"C. Chuong, G. Edelman",Journal of Neuroscience,1984-09-01,290,4,130.32,"Cellular, Synaptic, and Neuromorphic Foundations",brain-structure,Several cell adhesion molecules involved in neuron-neuron and neuron- glia interactions have been identified in our laboratory and have been shown to undergo cell surface modulation.,high citation signal (290); recognized venue; open-access PDF metadata; brain-structure signal,"Cellular mechanisms rarely scale directly into whole-brain behavior or modern AI architectures.; Animal and ex vivo findings require careful translation to human cognition and deployed systems.; Imaging conclusions can depend on acquisition, preprocessing, and model specification.",10.1523/JNEUROSCI.04-09-02354.1984,3bc94c026dd34b5346e8bd69ebdfa8a8eb5fc95a,https://doi.org/10.1523/JNEUROSCI.04-09-02354.1984,,https://www.jneurosci.org/content/jneuro/4/9/2354.full.pdf,,JournalArticle; Study,unknown,brain; neuron; neural; brain/neural structure in title,"Several cell adhesion molecules involved in neuron-neuron and neuron- glia interactions have been identified in our laboratory and have been shown to undergo cell surface modulation. In the case of the neural cell adhesion molecule (N-CAM), it has been found that during development the molecule is converted from a microheterogeneous embryonic (E) form containing 30 gm of sialic acid/100 gm of polypeptide to several distinct adult (A) forms containing one third as much of this sugar. In vitro analyses indicate that this change is accompanied by a 4-fold increase in the rate of N-CAM homophilic binding. In the present study of the mouse and the chick, alterations of N-CAMs occurring as a result of E----A conversion, prevalence modulation, and changes in antigenic state during the development of different neural regions were analyzed by the use of highly specific polyclonal and monoclonal antibodies combined with anatomical dissection and several new quantitative assays. We made the following observations. The relative concentration of N-CAM changed during development, with the highest concentration (2.8 times the adult level) occurring around the perinatal period. Each brain region followed a similar pattern of change but according to a different time schedule. While conversion from the E to the A forms of N-CAM occurred mainly during the first 3 postnatal weeks in mice, the relative conversion rates were distinctly different in various neural tissues. The extreme examples are dorsal root ganglia, which already displayed the A forms at birth, and the diencephalon and tectal region, which still retained some E forms in the adult. A cephalocaudal maturation gradient of E---- A conversion was observed in the spinal cord and dorsal root ganglia. Differences in the antigenic determinants of N-CAMs from different neural tissues were detected by two independent monoclonal antibodies. Finally, in some adult neural tissues, one of the three A forms was found to be dominant. These results establish that during development there are definite quantitative and qualitative differences among N- CAMs from various neural tissues. The data are consistent with the hypothesis that alterations in the relative amounts and forms of N-CAM play major roles in neural morphogenesis, possibly by altering the rates of adhesion among neurons and their processes."
17,1984,GABA Neurons in the Cerebral Cortex,"C. Houser, J. E. Vaughn, S. Hendry, E. Jones, A. Peters",Unknown venue,1984,280,8,114.69,"Cellular, Synaptic, and Neuromorphic Foundations",brain-structure,"Positions GABA Neurons in the Cerebral Cortex within Cellular, Molecular, and Synaptic Neuroscience.",high citation signal (280); brain-structure signal,"Cellular mechanisms rarely scale directly into whole-brain behavior or modern AI architectures.; Animal and ex vivo findings require careful translation to human cognition and deployed systems.; Imaging conclusions can depend on acquisition, preprocessing, and model specification.",10.1007/978-1-4615-6610-6_3,a1316ccf8c66dac1d4c7e810b521e9f251eb281f,https://doi.org/10.1007/978-1-4615-6610-6_3,,,,paper,unknown,cerebral; cortex; neuron; brain/neural structure in title,
18,1984,Regional changes in brain glucose metabolism reflect cognitive impairments in aged rats,"F. Gage, P. Kelly, A. Björklund",Journal of Neuroscience,1984-11-01,257,8,135.35,"Cognitive Architectures, Learning, and Systems Neuroscience",brain-structure;clinical-neuroai,"Aged rats (22 to 24 months) and young control rats (3 months) were tested in a battery of behavioral tests which included tests of learning, place navigation, sensorimotor integration, motor coordination, activity, and exploration.",high citation signal (257); recognized venue; open-access PDF metadata; brain-structure signal,"Task designs can oversimplify cognition and limit ecological validity.; Circuit-behavior correlations need causal perturbation or strong model comparison before mechanistic claims are secure.; Imaging conclusions can depend on acquisition, preprocessing, and model specification.",10.1523/JNEUROSCI.04-11-02856.1984,96e6a139c6cd767be48b73b4522f2cd7e5d9b34f,https://doi.org/10.1523/JNEUROSCI.04-11-02856.1984,,https://www.jneurosci.org/content/jneuro/4/11/2856.full.pdf,,JournalArticle; Study,unknown,brain; cortex; brain/neural structure in title; historical computation/learning bridge,"Aged rats (22 to 24 months) and young control rats (3 months) were tested in a battery of behavioral tests which included tests of learning, place navigation, sensorimotor integration, motor coordination, activity, and exploration. Following testing all animals were analyzed in an unanesthetized state for their local glucose utilization. Significant differences in glucose utilization were found between the aged and young groups on some behaviors and in some brain regions. There was considerable variability in the aged group in both their behavioral performance and their glucose utilization scores; thus, attempts were made to determine whether the variability in the degree of impairment within any particular behavioral test was correlated to the regional glucose utilization scores in any of the 45 brain regions analyzed. In two of the behavioral tests employed (i.e., one for learning and one for place navigation), the decline in performance correlated significantly with the decrement in regional glucose utilization. Moreover, the performance in these two tests showed significant correlation with glucose use in only five regions (dentate gyrus, medial septum-diagonal band area, hippocampal CA1, hippocampal CA3, and prefrontal cortex). These results show that the learning impairments in the aged rats are related to the extent of decrease in glucose utilization in restricted areas of the limbic system. In addition, the results show that the individual rats within an aged rat population develop cognitive impairments to a variable degree and that the aged rats with the most pronounced learning impairments are the ones exhibiting the most severe functional decrements, in terms of glucose utilization, in the septohippocampal system and the prefrontal cortex. This suggests that aging rats may be interesting not only for the study of the normal aging process, but also as a model of dementia."
19,1984,A bilateral model for central neural pathways in vestibuloocular reflex.,"H. Galiana, J. Outerbridge",Journal of Neurophysiology,1984-02-01,246,12,131.17,Computational Neuroscience and Brain-Inspired AI,,Positions A bilateral model for central neural pathways in vestibuloocular reflex. within Computational Neuroscience and AI.,high citation signal (246),Model fit does not by itself prove biological mechanism.; Brain-inspired analogies can become too loose unless tied to measurable neural evidence.; Metadata-level ranking should be complemented with full-text expert review before strong claims are made.,10.1152/JN.1984.51.2.210,9c1e544a3ec2bb6457d20dec626649aadd90940a,https://doi.org/10.1152/JN.1984.51.2.210,,,,JournalArticle,unknown,neural; computational neuroscience; brain/neural structure in title; explicit brain-structure/AI bridge,
20,1984,Hyperpolarization of serotonergic neurons by serotonin and LSD: studies in brain slices showing increased K+ conductance.,"G. Aghajanian, J. Lakoski",Brain Research,1984-07-02,243,1,126.15,"Cellular, Synaptic, and Neuromorphic Foundations",brain-structure,"Positions Hyperpolarization of serotonergic neurons by serotonin and LSD: studies in brain slices showing increased K+ conductance. within EEG, MEG, and Electrophysiology.",high citation signal (243); recognized venue; brain-structure signal,"Cellular mechanisms rarely scale directly into whole-brain behavior or modern AI architectures.; Animal and ex vivo findings require careful translation to human cognition and deployed systems.; Imaging conclusions can depend on acquisition, preprocessing, and model specification.",10.1016/0006-8993(84)91137-5,8b9da45e29965d3fd1f422c22c317a956eb11343,https://doi.org/10.1016/0006-8993(84)91137-5,,,,JournalArticle; Study,unknown,brain; eeg; meg; neuron; brain/neural structure in title,
21,1984,Cholecystokinin receptors: biochemical demonstration and autoradiographical localization in rat brain and pancreas using [3H] cholecystokinin8 as radioligand,"A. V. Dijk, J. Richards, A. Trzeciak, D. Gillessen, H. Mohler",Journal of Neuroscience,1984-04-01,238,3,131.98,"Connectomics, Graph Models, and Brain Networks",brain-structure;connectome,"Since cholecystokinin8 (CCK8) seems to be the physiological ligand of CCK receptors in the brain, it would be the most suitable probe for the characterization of CCK receptors in radioligand binding studies.",high citation signal (238); recognized venue; open-access PDF metadata; brain-structure signal,"Graph results can depend strongly on parcellation, thresholding, acquisition, and preprocessing choices.; Correlation networks are often interpreted more causally than the evidence supports.; Imaging conclusions can depend on acquisition, preprocessing, and model specification.",10.1523/JNEUROSCI.04-04-01021.1984,5e3feedd7dc1d27d372b759c3854ddfe95999818,https://doi.org/10.1523/JNEUROSCI.04-04-01021.1984,,https://www.jneurosci.org/content/jneuro/4/4/1021.full.pdf,,JournalArticle,unknown,brain; cerebral; cortex; hippocampus; cerebellum; brain/neural structure in title,"Since cholecystokinin8 (CCK8) seems to be the physiological ligand of CCK receptors in the brain, it would be the most suitable probe for the characterization of CCK receptors in radioligand binding studies. [3H]CCK8 was synthetized with a specific radioactivity sufficient for the detection of high affinity binding sites. [3H]CCK8 binds saturably and reversibly to distinct sites in rat brain and pancreas with nanomolar affinity. While the C-terminal tetrapeptide of CCK is the minimal structure required for nanomolar affinity in the brain, the entire octapeptide sequence is required for binding affinity in pancreas. Desulfated CCK8 and several gastrin-I peptides, which are likewise unsulfated, show virtually no affinity to the binding sites in pancreas but high affinity in cerebral cortex. The ligand specificity of the CCK peptides corresponds to their electrophysiological potency in the brain and their stimulation of secretion in pancreas, respectively. Autoradiographically, high densities of [3H]CCK8 binding sites were found in cerebral cortex and olfactory bulb, medium levels in nucleus accumbens, hippocampus, dentate gyrus, and striatum with virtually no labeling in cerebellum. This pattern is similar to the distribution of CCK-like immunoreactivity in the brain. In pancreas, equally high levels of [3H]CCK8 labeling were found in the exocrine and endocrine region. [3H]CCK8 binding sites differ from those identified previously with [125I]Bolton-Hunter-CCK33 by their sensitivity to guanyl nucleotides in the brain, their ion dependency in the brain, and pancreas, and their different autoradiographical localization in some parts of the brain. The distribution of CCK binding sites labeled with [3H]CCK8 appears to correlate better with the CCK immunoreactivity than those labeled with [125I]Bolton-Hunter-CCK33. Thus, [3H]CCK8 appears to be the radioligand of choice for the investigation of CCK receptors."
22,1984,The relationship between stress fiber-like structures and nascent myofibrils in cultured cardiac myocytes,"A. Dlugosz, Parker B. Antin, V. Nachmias, Howard Holtzer",Journal of Cell Biology,1984-12-01,237,13,133.1,"Connectomics, Graph Models, and Brain Networks",brain-structure;connectome;neural-signals,The topographical relationship between stress fiber-like structures (SFLS) and nascent myofibrils was examined in cultured chick cardiac myocytes by immunofluorescence microscopy.,high citation signal (237); recognized venue; open-access PDF metadata; brain-structure signal,"Graph results can depend strongly on parcellation, thresholding, acquisition, and preprocessing choices.; Correlation networks are often interpreted more causally than the evidence supports.; Imaging conclusions can depend on acquisition, preprocessing, and model specification.",10.1083/jcb.99.6.2268,1fe8b7ba3bda5489141227c57cb868265ec93fdb,https://doi.org/10.1083/jcb.99.6.2268,,https://rupress.org/jcb/article-pdf/99/6/2268/1390852/2268.pdf,,JournalArticle,unknown,brain; eeg; meg; ecog; historical computation/learning bridge,"The topographical relationship between stress fiber-like structures (SFLS) and nascent myofibrils was examined in cultured chick cardiac myocytes by immunofluorescence microscopy. Antibodies against muscle- specific light meromyosin (anti-LMM) and desmin were used to distinguish cardiac myocytes from fibroblastic cells. By various combinations of staining with rhodamine-labeled phalloidin, anti-LMM, and antibodies against chick brain myosin and smooth muscle alpha- actinin, we observed the following relationships between transitory SFLS and nascent and mature myofibrils: (a) more SFLS were present in immature than mature myocytes; (b) in immature myocytes a single fluorescent fiber would stain as a SFLS distally and as a striated myofibril proximally, towards the center of the cell; (c) in regions of a myocyte not yet penetrated by the elongating myofibrils, SFLS were abundant; and (d) in regions of a myocyte with numerous mature myofibrils, SFLS had totally disappeared. Spontaneously contracting striated myofibrils with definitive Z-band regions were present long before anti-desmin localized in the I-Z-band region and long before morphologically recognizable structures periodically link Z-bands to the sarcolemma. These results suggest a transient one-on-one relationship between individual SFLS and newly emerging individual nascent myofibrils. Based on these and other relevant data, a complex, multistage molecular model is presented for myofibrillar assembly and maturation. Lastly, it is of considerable theoretical interest to note that mature cardiac myocytes, like mature skeletal myotubes, lack readily detectable stress fibers."
23,1984,Autism: processing of novel auditory information assessed by event-related brain potentials.,"E. Courchesne, E. Courchesne, B. Kilman, Robert Galambos, Robert Galambos, A. Lincoln, et al.",Electroencephalography and Clinical Neurophysiology,1984-06-01,234,8,115.07,"Connectomics, Graph Models, and Brain Networks",brain-structure;connectome;neural-signals;clinical-neuroai,"Positions Autism: processing of novel auditory information assessed by event-related brain potentials. within EEG, MEG, and Electrophysiology.",high citation signal (234); brain-structure signal,"Graph results can depend strongly on parcellation, thresholding, acquisition, and preprocessing choices.; Correlation networks are often interpreted more causally than the evidence supports.; Imaging conclusions can depend on acquisition, preprocessing, and model specification.",10.1016/0168-5597(84)90063-7,48bb6f41730b714afd1154c91cbad3f39ed15eb4,https://doi.org/10.1016/0168-5597(84)90063-7,,,,JournalArticle,unknown,brain; eeg; meg; brain/neural structure in title,
24,1984,Microvascular adaptation in the cerebral cortex of adult spontaneously hypertensive rats.,"Scot L. Harper, H. G. Bohlen, H. G. Bohlen",HYPERTENSION,1984-05-01,215,6,112.96,General Brain-AI Structure Reviews and Methods,brain-structure,Positions Microvascular adaptation in the cerebral cortex of adult spontaneously hypertensive rats. within General Brain Science and Reviews.,high citation signal (215); open-access PDF metadata; brain-structure signal,"Reviews and methods can dominate citations while obscuring smaller empirical advances.; Bridge terminology can be ambiguous, especially around neural networks, intelligence, and biological plausibility.; Imaging conclusions can depend on acquisition, preprocessing, and model specification.",10.1161/01.HYP.6.3.408,f0094c77b19eb7155b15c5da136943287f6fd537,https://doi.org/10.1161/01.HYP.6.3.408,,https://www.ahajournals.org/doi/pdf/10.1161/01.HYP.6.3.408,,JournalArticle,unknown,brain; cerebral; cortex; brain/neural structure in title,
25,1984,Postnatal maturation of cerebellar mossy and climbing fibers: transient expression of dual features on single axons,"C. Mason, E. Gregory",Journal of Neuroscience,1984-07-01,206,7,125.39,"Cellular, Synaptic, and Neuromorphic Foundations",brain-structure;neural-signals,"We have studied the form and fine structure of developing afferent axons in postnatal mouse cerebellum, before and during the formation of synaptic connections.",high citation signal (206); recognized venue; open-access PDF metadata; brain-structure signal,"Cellular mechanisms rarely scale directly into whole-brain behavior or modern AI architectures.; Animal and ex vivo findings require careful translation to human cognition and deployed systems.; Imaging conclusions can depend on acquisition, preprocessing, and model specification.",10.1523/JNEUROSCI.04-07-01715.1984,711008fb4d223b51731f0229d3758067578e2499,https://doi.org/10.1523/JNEUROSCI.04-07-01715.1984,,https://www.jneurosci.org/content/jneuro/4/7/1715.full.pdf,,JournalArticle,unknown,brain; cortical; cerebellum; eeg; meg; ecog,"We have studied the form and fine structure of developing afferent axons in postnatal mouse cerebellum, before and during the formation of synaptic connections. In slices of fresh brain, bundles of axons were injected with horseradish peroxidase (HRP), and individual axons were examined in the light and electron microscopes. At birth, before formation of cortical layers, axons with growing tips are rare in the peduncular tracts but instead ramify throughout the cerebellar anlage. All axons have similar structures; they branch infrequently and terminate in bud-like tips and/or small growth cones. Growth cones contain small and large vesicles in the flank and small vesicles in filopodia. Typical mossy and climbing fiber branching patterns and bouton shapes are recognizable after postnatal day (P) 5, even though fibers are still intermingled in a plexus beneath the newly formed Purkinje cell layer. Climbing fiber-like axon arbors are highly branched and covered with small foliate growing tips that contact Purkinje cells. Mossy fiber-like branches have large irregular expansions that give rise to long filopodia and resemble growth cones seen in vitro. The flanks of these growth cones contact granule cell dendrites and form glomeruli typical of mossy fibers, whereas the filopodia make primitive contacts or are associated with coated vesicles in adjacent profiles. A novel finding is the occurrence during the second postnatal week of many single axons that simultaneously have the morphology and synaptic connections of both climbing and mossy fibers. These ""combination"" axons have some branches that extend into the granule cell layer and others that enter the Purkinje cell layer, with the shape and synaptic connections of terminals on each branch type corresponding to the respective layer. Climbing fiber-like branches, including those on combination fibers, extend over several adjacent Purkinje cells. Combination fibers are rare in late postnatal or adult stages. These results suggest that long after arrival in the cerebellum, afferent axons have similar elementary forms and overlap in their projections. Mature axonal forms are not exhibited until cellular layers develop. During a limited period of postnatal maturation, some axons have dual morphologies and synaptic relations with appropriate and inappropriate partners. These aspects of cerebellar axonal development, particularly the transient exuberant branching onto two types of target cells, offer a valuable opportunity to examine, in developing cerebellum, the sorting out of afferents and the formation of specific synaptic connections."
26,1984,"Characterization of insulin-like growth factor receptors in rat anterior pituitary, hypothalamus, and brain.","C. Goodyer, Lucie De Stephano, W. Lai, H. Guyda, B. Posner",Endocrinology,1984-04-01,200,0,108.66,General Brain-AI Structure Reviews and Methods,brain-structure,"Positions Characterization of insulin-like growth factor receptors in rat anterior pituitary, hypothalamus, and brain. within General Brain Science and Reviews.",high citation signal (200); brain-structure signal,"Reviews and methods can dominate citations while obscuring smaller empirical advances.; Bridge terminology can be ambiguous, especially around neural networks, intelligence, and biological plausibility.; Imaging conclusions can depend on acquisition, preprocessing, and model specification.",10.1210/ENDO-114-4-1187,3770882187a778f724d1128b21f526fbb017de3e,https://doi.org/10.1210/ENDO-114-4-1187,,,,JournalArticle; Study,unknown,brain; thalamus; hypothalamus; brain/neural structure in title,
27,1984,Reevaluation of motor cortex and of sensorimotor overlap in cerebral cortex of albino rats.,"K. Sanderson, W. Welker, G. M. Shambes",Brain Research,1984-02-06,190,8,119.74,General Brain-AI Structure Reviews and Methods,brain-structure,Positions Reevaluation of motor cortex and of sensorimotor overlap in cerebral cortex of albino rats. within General Brain Science and Reviews.,high citation signal (190); recognized venue; brain-structure signal,"Reviews and methods can dominate citations while obscuring smaller empirical advances.; Bridge terminology can be ambiguous, especially around neural networks, intelligence, and biological plausibility.; Imaging conclusions can depend on acquisition, preprocessing, and model specification.",10.1016/0006-8993(84)90761-3,8e68d763858c3e8968b94d1b318e25d4fefc88cc,https://doi.org/10.1016/0006-8993(84)90761-3,,,,JournalArticle,unknown,brain; cerebral; cortex; brain/neural structure in title,
28,1984,Preserved learning in monkeys with medial temporal lesions: sparing of motor and cognitive skills,"S. Zola-Morgan, L. Squire",Journal of Neuroscience,1984-04-01,186,1,125.56,"Cognitive Architectures, Learning, and Systems Neuroscience",brain-structure;clinical-neuroai,"In an effort to bring into correspondence the findings from human amnesic patients and the findings from monkeys with surgical lesions of those brain regions thought to be affected in the human cases, we have addressed in three experiments the implication of findings that human amnesia spares motor and cognitive skills.",high citation signal (186); recognized venue; open-access PDF metadata; brain-structure signal,"Task designs can oversimplify cognition and limit ecological validity.; Circuit-behavior correlations need causal perturbation or strong model comparison before mechanistic claims are secure.; Imaging conclusions can depend on acquisition, preprocessing, and model specification.",10.1523/JNEUROSCI.04-04-01072.1984,43d8b3284450bfc2e4d86ee2713bd2500edc78cf,https://doi.org/10.1523/JNEUROSCI.04-04-01072.1984,,https://www.jneurosci.org/content/jneuro/4/4/1072.full.pdf,,JournalArticle; Study,unknown,brain; hippocampus; amygdala; historical computation/learning bridge,"In an effort to bring into correspondence the findings from human amnesic patients and the findings from monkeys with surgical lesions of those brain regions thought to be affected in the human cases, we have addressed in three experiments the implication of findings that human amnesia spares motor and cognitive skills. In the first experiment, monkeys with conjoint lesions of hippocampus and amygdala (H-A), which reproduced the surgical removal sustained by the noted amnesic case H.M., were only mildly impaired in learning relatively difficult pattern discrimination tasks. Monkeys with lesions of temporal stem matter (TS) were severely impaired on the same tasks, due to an apparent deficiency in visual information processing. In the second experiment, monkeys with H-A lesions were severely impaired at learning relatively easy discrimination tasks that could be acquired rapidly by normal monkeys. Monkeys with TS lesions were not impaired. In the third experiment, monkeys with H-A lesions exhibited normal acquisition of two motor skill tasks. These data can be understood in the light of a distinction between kinds of memory, founded in recent studies of the neuropsychology of human amnesia. These studies have led to a distinction between the learning of skills or procedures, which is spared in human amnesia, and the learning of facts and episodes, which is impaired. Monkeys with H-A lesions are normal at skill learning like human amnesic patients with similar lesions. This conclusion depends in part on the argument developed here that pattern discrimination learning, as accomplished by monkeys, has a large skill-like component. These results bring into correspondence the behavioral data from human amnesic patients and operated monkeys and set the stage for identifying precisely what brain structures must be damaged to produce amnesia."
29,1984,VIP and noradrenaline act synergistically to increase cyclic AMP in cerebral cortex,"P. Magistretti, M. Schorderet",Nature,1984-03-15,178,2,118.57,General Brain-AI Structure Reviews and Methods,brain-structure,Positions VIP and noradrenaline act synergistically to increase cyclic AMP in cerebral cortex within General Brain Science and Reviews.,high citation signal (178); recognized venue; brain-structure signal,"Reviews and methods can dominate citations while obscuring smaller empirical advances.; Bridge terminology can be ambiguous, especially around neural networks, intelligence, and biological plausibility.; Imaging conclusions can depend on acquisition, preprocessing, and model specification.",10.1038/308280A0,0270aebfe165fcff6a0c36b11550345ebc11a413,https://doi.org/10.1038/308280A0,,,,JournalArticle,unknown,brain; cerebral; cortex; brain/neural structure in title,
30,1984,Selective 5HT-2 antagonists inhibit serotonin stimulated phosphatidylinositol metabolism in cerebral cortex.,"P. Conn, E. sanders-Bush",Neuropharmacology,1984-08-01,175,4,106.27,General Brain-AI Structure Reviews and Methods,brain-structure,"Positions Selective 5HT-2 antagonists inhibit serotonin stimulated phosphatidylinositol metabolism in cerebral cortex. within Cerebrovascular, Metabolism, and Brain Injury.",high citation signal (175); brain-structure signal,"Reviews and methods can dominate citations while obscuring smaller empirical advances.; Bridge terminology can be ambiguous, especially around neural networks, intelligence, and biological plausibility.; Imaging conclusions can depend on acquisition, preprocessing, and model specification.",10.1016/0028-3908(84)90017-0,1fdb39d4104d36f12eeaa880bd8c77a7365c3580,https://doi.org/10.1016/0028-3908(84)90017-0,,,,JournalArticle,unknown,brain; cerebral; cortex; brain/neural structure in title,
31,1984,GABAergic neurons of mammalian cerebral cortex: widespread subclass defined by somatostatin content.,"D. Schmechel, B. Vickrey, David Fitzpatrick, R. Elde",Neuroscience Letters,1984-06-29,173,0,118.06,"Cellular, Synaptic, and Neuromorphic Foundations",brain-structure,"Positions GABAergic neurons of mammalian cerebral cortex: widespread subclass defined by somatostatin content. within Cellular, Molecular, and Synaptic Neuroscience.",high citation signal (173); recognized venue; brain-structure signal,"Cellular mechanisms rarely scale directly into whole-brain behavior or modern AI architectures.; Animal and ex vivo findings require careful translation to human cognition and deployed systems.; Imaging conclusions can depend on acquisition, preprocessing, and model specification.",10.1016/0304-3940(84)90518-4,ce1b7082aa8c6ab96c3e263044986f8c71ccbdb6,https://doi.org/10.1016/0304-3940(84)90518-4,,,,JournalArticle,unknown,cerebral; cortex; neuron; brain/neural structure in title,
32,1984,A (3H)2-Deoxyglucose Method for Comparing Rates of Glucose Metabolism and Insulin Responses Among Rat Tissues In Vivo: Validation of the Model and the Absence of an Insulin Effect on Brain,"F. Hom, C. J. Goodner, M. Berrie",Diabetes,1984-02-01,169,1,125.64,Computational Neuroscience and Brain-Inspired AI,brain-structure,Positions A (3H)2-Deoxyglucose Method for Comparing Rates of Glucose Metabolism and Insulin Responses Among Rat Tissues In Vivo: Validation of the Model and the Absence of an Insulin Effect on Brain within Computational Neuroscience and AI.,high citation signal (169); brain-structure signal,"Model fit does not by itself prove biological mechanism.; Brain-inspired analogies can become too loose unless tied to measurable neural evidence.; Imaging conclusions can depend on acquisition, preprocessing, and model specification.",10.2337/diab.33.2.141,a41e327e08c9eba453535eb0d47943e329905a01,https://doi.org/10.2337/diab.33.2.141,,,,JournalArticle; Study,unknown,brain; computational neuroscience; brain/neural structure in title; explicit brain-structure/AI bridge,
33,1984,Immunocytochemical localization of a chondroitin sulfate proteoglycan in nervous tissue. II. Studies in developing brain,"D. Aquino, R. U. Margolis, R. Margolis, R. U. Margolis, R. Margolis",Journal of Cell Biology,1984-09-01,164,0,123.31,"Cellular, Synaptic, and Neuromorphic Foundations",brain-structure;neural-signals,"In contrast to the intracellular (cytoplasmic) localization of chondroitin sulfate proteoglycans in adult brain (Aquino, D.",high citation signal (164); recognized venue; open-access PDF metadata; brain-structure signal,"Cellular mechanisms rarely scale directly into whole-brain behavior or modern AI architectures.; Animal and ex vivo findings require careful translation to human cognition and deployed systems.; Imaging conclusions can depend on acquisition, preprocessing, and model specification.",10.1083/jcb.99.3.1130,58f0650810058758da01b63b87bf4ee676c9a33a,https://doi.org/10.1083/jcb.99.3.1130,,https://europepmc.org/articles/pmc2113393?pdf=render,,JournalArticle,unknown,brain; cerebellum; ecog; neuron; brain/neural structure in title,"In contrast to the intracellular (cytoplasmic) localization of chondroitin sulfate proteoglycans in adult brain (Aquino, D. A., R. U. Margolis, and R. K. Margolis, 1984, J. Cell Biol. 99:940-952), immunoelectron microscopic studies in immature (7 d postnatal) rat cerebellum demonstrated almost exclusively extracellular staining in the granule cell and molecular layers. Staining was also extracellular and/or associated with plasma membranes in the region of the presumptive white matter. Axons, which are unmyelinated at this age, generally did not stain, although faint intracellular staining was present in some astrocytes. At 10 and 14 d postnatal there was a significant decrease in extracellular space and staining, and by 21 d distinct cytoplasmic staining of neurons and astrocytes appeared. This intracellular staining further increased by 33 d so as to closely resemble the pattern seen in adult brain. Analyses of the proteoglycans isolated from 7-d-old and adult brain demonstrated that they have essentially identical biochemical compositions, immunochemical reactivity, size, charge, and density. These findings indicate that the antibodies used in this study recognize the same macromolecule in both early postnatal and adult brain, and that the localization of this proteoglycan changes progressively from an extracellular to an intracellular location during brain development."
34,1984,Characterization of the cholinergic stimulation of phosphoinositide hydrolysis in rat brain slices,"R. Gonzales, F. Crews",Journal of Neuroscience,1984-12-01,163,1,130.0,General Brain-AI Structure Reviews and Methods,brain-structure,The stimulation of the formation of inositol phosphates by various cholinergic agonists and antagonists was studied in rat brain cortical slices.,high citation signal (163); recognized venue; open-access PDF metadata; brain-structure signal,"Reviews and methods can dominate citations while obscuring smaller empirical advances.; Bridge terminology can be ambiguous, especially around neural networks, intelligence, and biological plausibility.; Imaging conclusions can depend on acquisition, preprocessing, and model specification.",10.1523/JNEUROSCI.04-12-03120.1984,ab6765cf877a41a52047182515d519134e6d895a,https://doi.org/10.1523/JNEUROSCI.04-12-03120.1984,,https://www.jneurosci.org/content/jneuro/4/12/3120.full.pdf,,JournalArticle,unknown,brain; cerebral; cortex; cortical; hippocampus; thalamus; brain/neural structure in title,"The stimulation of the formation of inositol phosphates by various cholinergic agonists and antagonists was studied in rat brain cortical slices. Incubation of the slices with [3H]inositol led to the incorporation of radioactivity into inositol lipids. The accumulation of inositol phosphates was then followed in the presence of 8 mM lithium which blocks the hydrolysis of inositol phosphate. The release of inositol phosphate was linear up to 15 min when stimulated by 1 mM carbachol. Acetylcholine, muscarine, and methacholine also stimulated the release of inositol phosphates with about the same efficacy as carbachol. Oxotremorine, arecoline, pilocarpine, and bethanechol were not as effective as carbachol at stimulating the accumulation of inositol phosphates. Indicative of partial agonist activity, oxotremorine and pilocarpine inhibited the maximal response induced by carbachol. Muscarinic antagonists atropine, scopolamine, and pirenzepine blocked the stimulation by acetylcholine in contrast to nicotinic antagonists, which had no effect. The brain regional response to carbachol-stimulated inositol phosphate release varied widely with large responses observed in the striatum, cerebral cortex, and hippocampus. Smaller responses were seen in the brainstem, hypothalamus, and cerebellum. Although carbachol stimulated inositol phosphate release in cortical slices in the absence of added calcium, EGTA completely blocked the response. These results suggest that the previously characterized stimulation of the incorporation of 32Pi into phosphatidylinositol by cholinergic agonists in synaptosomes (Fisher, S. K., P. D. Klinger, and B. W. Agranoff (1983) J. Biol. Chem. 258: 7358-7363) is due to the initial hydrolysis of inositol lipids.(ABSTRACT TRUNCATED AT 250 WORDS)"
35,1984,Time-dependent changes in the functional organization of somatosensory cerebral cortex following digit amputation in adult raccoons.,"A. Kelahan, A. Kelahan, G. S. Doetsch",Somatosensory Research,1984,156,4,104.21,General Brain-AI Structure Reviews and Methods,brain-structure,Positions Time-dependent changes in the functional organization of somatosensory cerebral cortex following digit amputation in adult raccoons. within General Brain Science and Reviews.,high citation signal (156); brain-structure signal,"Reviews and methods can dominate citations while obscuring smaller empirical advances.; Bridge terminology can be ambiguous, especially around neural networks, intelligence, and biological plausibility.; Imaging conclusions can depend on acquisition, preprocessing, and model specification.",10.3109/07367228409144560,d679feabaaa035f135b6e770e7c0076edcae938b,https://doi.org/10.3109/07367228409144560,,,,JournalArticle; Study,unknown,brain; cerebral; cortex; brain/neural structure in title,
36,1984,Motor evoked potentials from transcranial stimulation of the motor cortex in cats.,"W. Levy, M. McCaffrey, D. H. York, F. Tanzer",Neurosurgery,1984,153,3,103.87,General Brain-AI Structure Reviews and Methods,brain-structure,"Positions Motor evoked potentials from transcranial stimulation of the motor cortex in cats. within EEG, MEG, and Electrophysiology.",high citation signal (153); brain-structure signal,"Reviews and methods can dominate citations while obscuring smaller empirical advances.; Bridge terminology can be ambiguous, especially around neural networks, intelligence, and biological plausibility.; Imaging conclusions can depend on acquisition, preprocessing, and model specification.",10.1097/00006123-198408000-00011,7cc85d62a3631f68552b1a59ec95d654a44f1a42,https://doi.org/10.1097/00006123-198408000-00011,,,,JournalArticle,unknown,cortex; eeg; meg; brain/neural structure in title,
37,1984,A brain octadecaneuropeptide generated by tryptic digestion of DBI (diazepam binding inhibitor) functions as a proconflict ligand of benzodiazepine recognition sites.,"P. Ferrero, Alessandro Guidotti, B. Conti-Tronconi, E. Costa",Neuropharmacology,1984-11-01,151,1,106.83,"Cognitive Architectures, Learning, and Systems Neuroscience",brain-structure;neural-signals,"Positions A brain octadecaneuropeptide generated by tryptic digestion of DBI (diazepam binding inhibitor) functions as a proconflict ligand of benzodiazepine recognition sites. within EEG, MEG, and Electrophysiology.",high citation signal (151); brain-structure signal,"Task designs can oversimplify cognition and limit ecological validity.; Circuit-behavior correlations need causal perturbation or strong model comparison before mechanistic claims are secure.; Imaging conclusions can depend on acquisition, preprocessing, and model specification.",10.1016/0028-3908(84)90061-3,9f9b355fff7570102c970ff126f32321c2b05b7b,https://doi.org/10.1016/0028-3908(84)90061-3,,,,JournalArticle,unknown,brain; eeg; meg; ecog; brain/neural structure in title,
38,1984,Studies on the transmembrane disposition of the neural cell adhesion molecule N-CAM. A monoclonal antibody recognizing a cytoplasmic domain and evidence for the presence of phosphoserine residues.,"G. Gennarini, Geneviève Rougon, H. Deagostini-Bazin, M. Hirn, C. Goridis",European Journal of Biochemistry,1984-07-01,150,6,105.51,"Cellular, Synaptic, and Neuromorphic Foundations",neural-signals,"Positions Studies on the transmembrane disposition of the neural cell adhesion molecule N-CAM. A monoclonal antibody recognizing a cytoplasmic domain and evidence for the presence of phosphoserine residues. within EEG, MEG, and Electrophysiology.",high citation signal (150),"Cellular mechanisms rarely scale directly into whole-brain behavior or modern AI architectures.; Animal and ex vivo findings require careful translation to human cognition and deployed systems.; Signal drift, artifacts, and session effects can limit real-world decoding reliability.",10.1111/J.1432-1033.1984.TB08250.X,98f8f9482eaf06a490edef93c022f0dd0a85032a,https://doi.org/10.1111/J.1432-1033.1984.TB08250.X,,,,JournalArticle,unknown,eeg; meg; ecog; neural; brain/neural structure in title,
39,1984,Localization of L-glutamate receptors in rat brain by quantitative autoradiography,"S. Halpain, C. Wieczorek, T. Rainbow",Journal of Neuroscience,1984-09-01,143,2,126.86,"Connectomics, Graph Models, and Brain Networks",brain-structure;connectome,In vitro autoradiography was used to characterize and quantitatively map the sodium-independent binding of [3H]glutamate in rat brain.,high citation signal (143); recognized venue; open-access PDF metadata; brain-structure signal,"Graph results can depend strongly on parcellation, thresholding, acquisition, and preprocessing choices.; Correlation networks are often interpreted more causally than the evidence supports.; Imaging conclusions can depend on acquisition, preprocessing, and model specification.",10.1523/JNEUROSCI.04-09-02247.1984,47bce23acd4e33c2a945606d77930c3eab162d08,https://doi.org/10.1523/JNEUROSCI.04-09-02247.1984,,https://www.jneurosci.org/content/jneuro/4/9/2247.full.pdf,,JournalArticle,unknown,brain; cortex; hippocampus; thalamus; hypothalamus; cerebellum; brain/neural structure in title,"In vitro autoradiography was used to characterize and quantitatively map the sodium-independent binding of [3H]glutamate in rat brain. Measured in the presence of chloride, glutamate binding to frozen brain sections was specific, saturable, and reversible, with a Kd in the low micromolar range. At least two distinct binding sites were detected which had different affinities for quisqualic acid (0.7 microM and 1.2 mM). Autoradiograms revealed very high levels of binding in rostral forebrain areas, especially olfactory structures and frontal cortex. High levels of binding were found in sensory cortex, certain hippocampal subfields, caudate, lateral septum, and other limbic structures. Lowest levels were seen in globus pallidus, preoptic area, brainstem reticular formation, and spinal trigeminal nucleus. All other regions, including midbrain, thalamus, hypothalamus, and cerebellar cortex exhibited moderate levels of [3H]glutamate binding. Within the hippocampus glutamate binding was greatest in the inner two-thirds of the dentate molecular layer, subiculum, and CA1 stratum radiatum. CA3 was much less densely labeled; CA2 and CA4 were intermediate. Unlike cell layers in the cerebellum, hippocampal pyramidal and granule cell layers appeared mostly devoid of binding. The relationship of these binding sites to putative glutamate receptor subclasses and glutamatergic pathways is discussed."
40,1984,Glutamate and Aspartate as Transmitter Candidates for Systems of the Cerebral Cortex,P. Streit,Unknown venue,1984,138,2,102.02,General Brain-AI Structure Reviews and Methods,brain-structure,Positions Glutamate and Aspartate as Transmitter Candidates for Systems of the Cerebral Cortex within General Brain Science and Reviews.,high citation signal (138); brain-structure signal,"Reviews and methods can dominate citations while obscuring smaller empirical advances.; Bridge terminology can be ambiguous, especially around neural networks, intelligence, and biological plausibility.; Imaging conclusions can depend on acquisition, preprocessing, and model specification.",10.1007/978-1-4615-6610-6_5,8dab5a3a2011c7fef32c15cee8263df37370cc28,https://doi.org/10.1007/978-1-4615-6610-6_5,,,,paper,unknown,brain; cerebral; cortex; brain/neural structure in title,
41,1984,Comparison of [3H]pirenzepine and [3H]quinuclidinylbenzilate binding to muscarinic cholinergic receptors in rat brain.,"G. Luthin, B. Wolfe",Journal of Pharmacology and Experimental Therapeutics,1984-03-01,137,1,107.09,General Brain-AI Structure Reviews and Methods,brain-structure;neuroimaging,The properties of [3H]quinuclidinylbenzilate ( [3H]QNB) binding and [3H]pirenzepine ( [3H]PZ) binding to various regions of rat brain were compared.,high citation signal (137); brain-structure signal,"Reviews and methods can dominate citations while obscuring smaller empirical advances.; Bridge terminology can be ambiguous, especially around neural networks, intelligence, and biological plausibility.; Imaging conclusions can depend on acquisition, preprocessing, and model specification.",10.1016/s0022-3565(25)21894-8,e06d67363be75f8c7d9bd6bbdf9b1b885f318345,https://doi.org/10.1016/s0022-3565(25)21894-8,,,,JournalArticle; Study,unknown,brain; cerebral; cortex; hippocampus; cerebellum; brain/neural structure in title,"The properties of [3H]quinuclidinylbenzilate ( [3H]QNB) binding and [3H]pirenzepine ( [3H]PZ) binding to various regions of rat brain were compared. [3H]PZ appeared to bind with high affinity to a single site, with a Kd value of approximately 15 nM in the cerebral cortex. The rank order of potencies of muscarinic drugs to inhibit binding of either [3H]QNB or [3H]PZ was QNB greater than atropine = scopolamine greater than pirenzepine greater than oxotremorine greater than bethanechol. Muscarinic antagonists (except PZ) inhibited both [3H]PZ and [3H]QNB binding with Hill coefficients of approximately 1. PZ inhibited [3H]QNB binding in cortex with a Hill coefficient of 0.7, but inhibited [3H]PZ binding with a Hill coefficient of 1.0. Hill coefficients for agonists were less than 1. The density of [3H]PZ binding sites was approximately half the density of [3H]QNB binding sites in cortex, striatum and hippocampus. In pons-medulla and cerebellum, the densities of [3H]PZ binding sites were 20 and 0%, respectively, relative to the densities of [3H]QNB binding sites. When unlabeled PZ was used to compete for [3H]QNB binding, the relative number of high-affinity PZ binding sites in cortex, pons and cerebellum agreed with the relative number of [3H]PZ binding sites in those regions. The binding of [3H]PZ and [3H]QNB was nonadditive in cortex. GTP inhibited high-affinity oxotremorine binding, but not PZ binding. Together, these data suggest that [3H]PZ binds to a subset of [3H]QNB binding sites. Whether this subset reflects the existence of subtypes of muscarinic receptors or is a consequence of coupling to another membrane protein remains to be seen."
42,1984,Cerebral delta opioid receptors mediate analgesia but not the intestinal motility effects of intracerebroventricularly administered opioids.,"James J Galligan, H. Mosberg, R. Hurst, V. J. Hruby, T. F. Burks",Journal of Pharmacology and Experimental Therapeutics,1984-06-01,136,2,118.96,General Brain-AI Structure Reviews and Methods,brain-structure;neuromorphic-bci,Conformationally constrained cyclic enkephalin analogs which possess a high selectivity for the delta opioid receptor were used to determine the relative contribution of mu and delta receptors to brain-mediated changes in small intestinal propulsion and increases in hot-plate response time.,high citation signal (136); brain-structure signal; brain-to-model interface signal,"Reviews and methods can dominate citations while obscuring smaller empirical advances.; Bridge terminology can be ambiguous, especially around neural networks, intelligence, and biological plausibility.; Imaging conclusions can depend on acquisition, preprocessing, and model specification.",10.1016/s0022-3565(25)21849-3,29fe3b92479e2f7fc572950d7dea909e454e94c9,https://doi.org/10.1016/s0022-3565(25)21849-3,,,,JournalArticle,unknown,brain; cerebral; bci; explicit brain-structure/AI bridge,"Conformationally constrained cyclic enkephalin analogs which possess a high selectivity for the delta opioid receptor were used to determine the relative contribution of mu and delta receptors to brain-mediated changes in small intestinal propulsion and increases in hot-plate response time. Receptor preferences were determined by comparing the relative potencies of several opioid agonists in suppressing the electrically evoked contractions of the guinea-pig ileum and mouse vas deferens preparations. The ratio of IC50 values obtained in the guinea-pig ileum and the mouse vas deferens was used as an index of delta receptor selectivity. Effects on intestinal transit were determined in rats in which a silastic cannula had been implanted in the proximal duodenum and a polyethylene cannula in the right lateral cerebral ventricle (i.c.v.). Movement of a radioactive marker along the length of the small intestine after instillation into the duodenum was used to evaluate drug-induced changes in intestinal transit. The analgesic effects of i.c.v. administered opioids were determined in a second group of rats in which i.c.v. cannulas alone had been implanted. After i.c.v. administration of the agonist, the rats were placed on a 55 degrees C hot plate and the latency to rear paw-lick was timed. Compounds which showed a preference for the mu receptor [( D-Ala2, N-methyl-Phe4, Gly5 -ol]enkephalin and morphine/normorphine) were the most potent agonists at producing thermal analgesia and inhibition of small intestinal transit, whereas nonselective compounds (beta-endorphin and [D-Ala2, Met5]enkephalinamide) were slightly less potent in these assays.(ABSTRACT TRUNCATED AT 250 WORDS)"
43,1984,An in vitro model of ischemia: metabolic and electrical alterations in the hippocampal slice,"T. Whittingham, W. Lust, J. Passonneau",Journal of Neuroscience,1984-03-01,125,2,129.25,Computational Neuroscience and Brain-Inspired AI,brain-structure,The transverse guinea pig hippocampal slice preparation was used to model the metabolic changes which occur in vivo during ischemia and recovery.,high citation signal (125); recognized venue; open-access PDF metadata; brain-structure signal,"Model fit does not by itself prove biological mechanism.; Brain-inspired analogies can become too loose unless tied to measurable neural evidence.; Imaging conclusions can depend on acquisition, preprocessing, and model specification.",10.1523/JNEUROSCI.04-03-00793.1984,001694e519c0403e3b2b31f54c8d8f35f2323417,https://doi.org/10.1523/JNEUROSCI.04-03-00793.1984,,https://www.jneurosci.org/content/jneuro/4/3/793.full.pdf,,JournalArticle,unknown,brain; computational neuroscience; explicit brain-structure/AI bridge,"The transverse guinea pig hippocampal slice preparation was used to model the metabolic changes which occur in vivo during ischemia and recovery. Perfusing brain slices with medium devoid of glucose and oxygen elicits rapid decreases in phosphocreatine, ATP, intracellular pH, and in the evoked field potential recorded in the dentate gyrus. AMP and creatine rise during this period, while ADP and lactate levels remain unchanged. Cyclic AMP exhibits a transient increase in concentration. With the exception of ADP and lactate, these responses are very similar to those observed during in vivo ischemia. The return of glucose and oxygen to the incubation medium reverses these metabolic and electrophysiological effects and also leads to pronounced elevations in cyclic nucleotide concentrations. Metabolite concentrations approach, but do not reach, in vitro steady state levels during the first 30 min of recovery. Total adenylate and creatine steady state levels are approximately 50% of in vivo concentrations. The results suggest that, although hippocampal slices differ metabolically from in vivo tissue, they exhibit a similar pattern of metabolic responses to ischemic and reflow conditions."
44,1984,"Collateral innervation of the medial and lateral prefrontal cortex by amygdaloid, thalamic, and brain-stem neurons","M. Sarter, H. Markowitsch",The Journal of comparative neurology,1984-04-10,125,2,112.25,"Cellular, Synaptic, and Neuromorphic Foundations",brain-structure,"Positions Collateral innervation of the medial and lateral prefrontal cortex by amygdaloid, thalamic, and brain-stem neurons within Cellular, Molecular, and Synaptic Neuroscience.",high citation signal (125); recognized venue; brain-structure signal,"Cellular mechanisms rarely scale directly into whole-brain behavior or modern AI architectures.; Animal and ex vivo findings require careful translation to human cognition and deployed systems.; Imaging conclusions can depend on acquisition, preprocessing, and model specification.",10.1002/cne.902240312,1bbbfcf4432eb61b159bc23e66137b0847be56f9,https://doi.org/10.1002/cne.902240312,,,,JournalArticle,unknown,brain; cortex; neuron; brain/neural structure in title,
45,1984,Tracer kinetic model of blood-brain barrier transport of plasma protein-bound ligands. Empiric testing of the free hormone hypothesis.,"W. Pardridge, E. Landaw",Journal of Clinical Investigation,1984-09-01,122,1,108.02,Computational Neuroscience and Brain-Inspired AI,brain-structure;clinical-neuroai,Positions Tracer kinetic model of blood-brain barrier transport of plasma protein-bound ligands. Empiric testing of the free hormone hypothesis. within Clinical Neurology and Neurodegeneration.,high citation signal (122); open-access PDF metadata; brain-structure signal,"Model fit does not by itself prove biological mechanism.; Brain-inspired analogies can become too loose unless tied to measurable neural evidence.; Imaging conclusions can depend on acquisition, preprocessing, and model specification.",10.1172/JCI111490,2d6c5ce3314d06b9ba941b9911598323cb1d86af,https://doi.org/10.1172/JCI111490,,http://www.jci.org/articles/view/111490/files/pdf,,JournalArticle,unknown,brain; brain/neural structure in title; historical computation/learning bridge,
46,1984,"Cellular composition of primary cultures from cerebral cortex, striatum, hippocampus, brainstem and cerebellum.","E. Hansson, L. Rönnbäck, L. Persson, A. Lowenthal, M. Noppe, C. Alling, et al.",Brain Research,1984-05-21,121,2,117.67,"Cellular, Synaptic, and Neuromorphic Foundations",brain-structure,"Positions Cellular composition of primary cultures from cerebral cortex, striatum, hippocampus, brainstem and cerebellum. within Cognitive and Systems Neuroscience.",high citation signal (121); recognized venue; brain-structure signal,"Cellular mechanisms rarely scale directly into whole-brain behavior or modern AI architectures.; Animal and ex vivo findings require careful translation to human cognition and deployed systems.; Imaging conclusions can depend on acquisition, preprocessing, and model specification.",10.1016/0006-8993(84)91335-0,0314a83e2809a5765c45080add8fd14b7418ac06,https://doi.org/10.1016/0006-8993(84)91335-0,,,,JournalArticle; Study,unknown,brain; cerebral; cortex; hippocampus; cerebellum; brainstem; brain/neural structure in title,
47,1984,Birdsong as a Model in Which to Study Brain Processes Related to Learning,F. Nottebohm,Unknown venue,1984-08-01,121,5,103.67,Computational Neuroscience and Brain-Inspired AI,brain-structure,Positions Birdsong as a Model in Which to Study Brain Processes Related to Learning within Cognitive and Systems Neuroscience.,high citation signal (121); brain-structure signal,"Model fit does not by itself prove biological mechanism.; Brain-inspired analogies can become too loose unless tied to measurable neural evidence.; Imaging conclusions can depend on acquisition, preprocessing, and model specification.",10.2307/1366988,d8909ddc1edaef9d51859e632f5d86c60e4355ce,https://doi.org/10.2307/1366988,,,,paper,unknown,brain; brain/neural structure in title; historical computation/learning bridge,
48,1984,Production rates and turnover of triiodothyronine in rat-developing cerebral cortex and cerebellum. Responses to hypothyroidism.,"J. E. Silva, P. Matthews",Journal of Clinical Investigation,1984-09-01,117,2,103.27,Clinical NeuroAI and Brain Disorders,brain-structure;clinical-neuroai,Positions Production rates and turnover of triiodothyronine in rat-developing cerebral cortex and cerebellum. Responses to hypothyroidism. within Clinical Neurology and Neurodegeneration.,high citation signal (117); open-access PDF metadata; brain-structure signal,"Clinical cohorts vary by disease stage, comorbidity, treatment history, and follow-up.; Models can learn site or demographic artifacts instead of disease mechanisms.; Imaging conclusions can depend on acquisition, preprocessing, and model specification.",10.1172/JCI111471,b44a8ff18f5501d88ca1c4281081a7c4507fb183,https://doi.org/10.1172/JCI111471,,http://www.jci.org/articles/view/111471/files/pdf,,JournalArticle,unknown,cerebral; cortex; cerebellum; brain/neural structure in title,
49,1984,"Localization in mammalian brain of G-substrate, a specific substrate for guanosine 3',5'-cyclic monophosphate-dependent protein kinase","J. Detre, A. Nairn, D. Aswad, P. Greengard",Journal of Neuroscience,1984-11-01,115,2,115.76,"Cellular, Synaptic, and Neuromorphic Foundations",brain-structure,"The regional and cellular distribution of G-substrate, a 23,000-dalton protein substrate specific for guanosine 3′,5′-cyclic monophosphate- dependent protein kinase, has been examined in mammalian brain using immunoprecipitation, radioimmunoassay, and peptide-mapping techniques.",high citation signal (115); recognized venue; open-access PDF metadata; brain-structure signal,"Cellular mechanisms rarely scale directly into whole-brain behavior or modern AI architectures.; Animal and ex vivo findings require careful translation to human cognition and deployed systems.; Imaging conclusions can depend on acquisition, preprocessing, and model specification.",10.1523/JNEUROSCI.04-11-02843.1984,82735d67398c05536245ca0ff6c418a00f27383a,https://doi.org/10.1523/JNEUROSCI.04-11-02843.1984,,https://www.jneurosci.org/content/jneuro/4/11/2843.full.pdf,,JournalArticle,unknown,brain; cortex; hippocampus; cerebellum; brain/neural structure in title,"The regional and cellular distribution of G-substrate, a 23,000-dalton protein substrate specific for guanosine 3′,5′-cyclic monophosphate- dependent protein kinase, has been examined in mammalian brain using immunoprecipitation, radioimmunoassay, and peptide-mapping techniques. In rabbit brain, G-substrate was found to be highly concentrated in the cerebellum. The concentration of G-substrate in cerebellar cytosol was 27.2 pmol/mg. The concentrations of G-substrate in cortex, hippocampus, and caudate were only 1 to 2% of that found in cerebellum. Studies of neurological mutant mice lacking either Purkinje cells (PCD and nervous) or granule cells (weaver) suggested that, within the cerebellum, G-substrate is localized almost exclusively in Purkinje cells. A phosphoprotein present in noncerebellar brain regions, which co-migrated with G-substrate on sodium dodecyl sulfate-polyacrylamide gel electrophoresis, was shown by peptide mapping to consist predominantly of phosphatase inhibitor-1. Phosphatase inhibitor-1, a potent inhibitor of protein phosphatase-1, is known to share several physicochemical properties with G-substrate. In contrast to the results obtained with G-substrate, the concentration of phosphatase inhibitor-1 was significantly lower in cerebellum than in other major brain regions. These and other data suggest that G-substrate may be a Purkinje cell-specific protein phosphatase inhibitor."
50,1984,"Anatomical evidence for convergence of olfactory, gustatory, and visceral afferent pathways in mouse cerebral cortex.","M. T. Shipley, Y. Geǐnisman",Brain Research Bulletin,1984-03-01,113,0,110.45,General Brain-AI Structure Reviews and Methods,brain-structure,"Positions Anatomical evidence for convergence of olfactory, gustatory, and visceral afferent pathways in mouse cerebral cortex. within General Brain Science and Reviews.",high citation signal (113); recognized venue; brain-structure signal,"Reviews and methods can dominate citations while obscuring smaller empirical advances.; Bridge terminology can be ambiguous, especially around neural networks, intelligence, and biological plausibility.; Imaging conclusions can depend on acquisition, preprocessing, and model specification.",10.1016/0361-9230(84)90049-2,3295c3a3e4c5dd1b7671d049eaf50937b5b7a3f5,https://doi.org/10.1016/0361-9230(84)90049-2,,,,JournalArticle,unknown,brain; cerebral; cortex; brain/neural structure in title,
51,1984,A chemical synapse between two motion detecting neurones in the locust brain.,F. Rind,Journal of Experimental Biology,1984-05-01,112,9,98.29,"Cellular, Synaptic, and Neuromorphic Foundations",brain-structure,"Positions A chemical synapse between two motion detecting neurones in the locust brain. within Cellular, Molecular, and Synaptic Neuroscience.",high citation signal (112); brain-structure signal,"Cellular mechanisms rarely scale directly into whole-brain behavior or modern AI architectures.; Animal and ex vivo findings require careful translation to human cognition and deployed systems.; Imaging conclusions can depend on acquisition, preprocessing, and model specification.",,a338b5e265f242e695ea18d43fad009d5dc07431,https://www.semanticscholar.org/paper/a338b5e265f242e695ea18d43fad009d5dc07431,,,,JournalArticle,unknown,brain; neuron; synapse; brain/neural structure in title,
52,1984,The distribution and morphology of opioid peptide immunoreactive neurons in the cerebral cortex of rats,"J. McGinty, D. van der Kooy, F. Bloom",Journal of Neuroscience,1984-04-01,111,2,115.13,"Cellular, Synaptic, and Neuromorphic Foundations",brain-structure,Pharmacological and biochemical evidence has implied that a widespread opioid peptide system exists within the cerebral cortex to mediate a variety of opiate effects.,high citation signal (111); recognized venue; open-access PDF metadata; brain-structure signal,"Cellular mechanisms rarely scale directly into whole-brain behavior or modern AI architectures.; Animal and ex vivo findings require careful translation to human cognition and deployed systems.; Imaging conclusions can depend on acquisition, preprocessing, and model specification.",10.1523/JNEUROSCI.04-04-01104.1984,9d4649c8829d1000a1b5b29f71b03d687d664540,https://doi.org/10.1523/JNEUROSCI.04-04-01104.1984,,https://www.jneurosci.org/content/jneuro/4/4/1104.full.pdf,,JournalArticle,unknown,cerebral; cortex; cortical; neuron; brain/neural structure in title,"Pharmacological and biochemical evidence has implied that a widespread opioid peptide system exists within the cerebral cortex to mediate a variety of opiate effects. However, immunocytochemical detection of opioid peptides in the cortex has been limited. Using antisera to enkephalin and bovine adrenal medullary peptide, both fragments of proenkephalin, and an antiserum to dynorphin A, a fragment of prodynorphin, we now describe the regional and laminar distribution of a widespread population of olfactory cortical and neocortical cell bodies and fibers with opioid immunoreactivity in rats. Neurons stained with each antiserum are distributed bimodally in layers II and III and V and VI of neocortex as well as in layers II and III of olfactory cortex. The widespread distribution and heterogeneous morphology of cortical cells containing proenkephalin and dynorphin-A immunoreactivity suggest that opioid peptide-containing neurons may influence the functioning of local, commissural, and projection neurons in rat cerebral cortex."
53,1984,Identification of a calmodulin-binding protein that co-purifies with the regulatory subunit of brain protein kinase II.,"D. Sarkar, J. Erlichman, C. Rubin",Journal of Biological Chemistry,1984-08-10,111,2,101.13,General Brain-AI Structure Reviews and Methods,brain-structure,"Highly purified preparations of cytosolic brain RII contain a tightly associated polypeptide with a Mr of 75,000 (P75).",high citation signal (111); open-access PDF metadata; brain-structure signal,"Reviews and methods can dominate citations while obscuring smaller empirical advances.; Bridge terminology can be ambiguous, especially around neural networks, intelligence, and biological plausibility.; Imaging conclusions can depend on acquisition, preprocessing, and model specification.",10.1016/s0021-9258(17)42776-1,2f5cf973171eaeb82d75e680a3fce9ca7105d32b,https://doi.org/10.1016/s0021-9258(17)42776-1,,https://doi.org/10.1016/s0021-9258(17)42776-1,,JournalArticle,unknown,brain; cerebral; cortex; brain/neural structure in title,"Highly purified preparations of cytosolic brain RII contain a tightly associated polypeptide with a Mr of 75,000 (P75). When purified brain and heart RII were preincubated with Ca2+ and 125I-calmodulin and then were subjected to polyacrylamide gel gelectrophoresis under nondenaturing conditions a major calmodulin-binding component was found only in the brain RII sample. The calmodulin-binding activity exhibited a higher sedimentation coefficient (9 S) than free RII (5 S) indicating that it might be a complex of P75 and RII dimers. This possibility was investigated using two specific monoclonal antibodies. Western blot analyses revealed that monoclonal antibody 918 exclusively bound to P75 in the brain RII preparation while monoclonal antibody 107 complexed RII. The calmodulin-binding component was noncovalently labeled with 125I-calmodulin and separated from excess free RII by polyacrylamide gel electrophoresis under nondenaturing conditions. The identity of the polypeptides comprising the binding protein was subsequently established by sodium dodecyl sulfate-polyacrylamide gel electrophoresis and Western blot analysis. Polypeptides with Mrs values of 55,000 and 75,000 that bound monoclonal antibodies 107 and 918, respectively, were observed. Thus the calmodulin-binding component in brain RII preparations is a complex containing an RII dimer and one or two molecules of P75. P75 was also present in high concentrations in Triton X-100 extracts prepared from cerebral cortex and liver membranes. P75 is phosphorylated by both cAMP-dependent and calcium-phospholipid-activated protein kinases."
54,1984,A new type of tachykinin binding site in the rat brain characterized by specific binding of a labeled eledoisin derivative.,"J. Beaujouan, Y. Torrens, A. Viger, J. Glowinski",Molecular Pharmacology,1984-09-01,109,0,107.81,General Brain-AI Structure Reviews and Methods,brain-structure,A new ligand for investigating tachykinin-binding site subtypes was synthesized by coupling the 125I-Bolton and Hunter reagent to eledoisin (125I-BHE).,high citation signal (109); brain-structure signal,"Reviews and methods can dominate citations while obscuring smaller empirical advances.; Bridge terminology can be ambiguous, especially around neural networks, intelligence, and biological plausibility.; Imaging conclusions can depend on acquisition, preprocessing, and model specification.",10.1016/s0026-895x(25)15057-8,be599bcf4fd89daf6bfcca1fb9820f538eae0293,https://doi.org/10.1016/s0026-895x(25)15057-8,,,,JournalArticle,unknown,brain; cerebral; cortex; cortical; hippocampus; thalamus; brain/neural structure in title,"A new ligand for investigating tachykinin-binding site subtypes was synthesized by coupling the 125I-Bolton and Hunter reagent to eledoisin (125I-BHE). Using a synaptosomal preparation (P2 fraction) of rat cerebral cortex, 125I-BHE was shown to bind with apparent high affinity (apparent Kd = 15.3 nM). When concentrations of up to 30 nM 125I-BHE were used, 125I-BHE binding was specific, saturable, reversible, and temperature-dependent. In contrast to [3H]dopamine, 125I-BHE was not taken up within synaptosomes by an ouabain-sensitive process. Eledoisin, kassinin, and substance P were examined for their ability to inhibit specific 125I-BHE binding to cortical synaptosomes. Eledoisin and kassinin were considerably more potent than substance P, in contrast to the order of potency observed for specific 125I-Bolton-Hunter substance P (125I-BHSP) binding. Specific 125I-BHE binding was highest in the cerebral cortex and hypothalamus; intermediate in the hippocampus, striatum, and thalamus; low in the mesencephalon, septum, and substantia nigra; and absent in the cerebellum. Comparison of these data with those previously obtained for 125I-BHSP binding to synaptosomes indicated that 125I-BHE-labeled binding sites differ markedly from those of 125I-BHSP-labeled binding sites. Therefore, tachykinin receptors other than substance P receptors seem to be present in the central nervous system."
55,1984,Selective localization of alpha brain activity with neuromagnetic measurements.,"R. Chapman, R. Ilmoniemi, S. Barbanera, G. Romani",Electroencephalography and Clinical Neurophysiology,1984-12-01,109,4,101.41,"Connectomics, Graph Models, and Brain Networks",brain-structure;connectome;neural-signals;clinical-neuroai,"Positions Selective localization of alpha brain activity with neuromagnetic measurements. within EEG, MEG, and Electrophysiology.",high citation signal (109); brain-structure signal,"Graph results can depend strongly on parcellation, thresholding, acquisition, and preprocessing choices.; Correlation networks are often interpreted more causally than the evidence supports.; Imaging conclusions can depend on acquisition, preprocessing, and model specification.",10.1016/0013-4694(84)90047-6,7b24d03646dbea38f5f479ea5e5db06af4437804,https://doi.org/10.1016/0013-4694(84)90047-6,,,,JournalArticle,unknown,brain; eeg; meg; brain/neural structure in title,
56,1984,High affinity specific [3H](+)PN 200-110 binding to dihydropyridine receptors associated with calcium channels in rat cerebral cortex and heart.,"H. R. Lee, W. Roeske, H. Yamamura",Life Science,1984-08-13,106,2,109.31,General Brain-AI Structure Reviews and Methods,brain-structure,Positions High affinity specific [3H](+)PN 200-110 binding to dihydropyridine receptors associated with calcium channels in rat cerebral cortex and heart. within General Brain Science and Reviews.,high citation signal (106); recognized venue; brain-structure signal,"Reviews and methods can dominate citations while obscuring smaller empirical advances.; Bridge terminology can be ambiguous, especially around neural networks, intelligence, and biological plausibility.; Imaging conclusions can depend on acquisition, preprocessing, and model specification.",10.1016/0024-3205(84)90340-0,af1fec9ac6b18734a4c9ccc533b06988218e8e9f,https://doi.org/10.1016/0024-3205(84)90340-0,,,,JournalArticle,unknown,brain; cerebral; cortex; brain/neural structure in title,
57,1984,Folding of the Cerebral Cortex in Mammals,"J. Prothero, J. Sundsten",Unknown venue,1984,105,3,97.14,General Brain-AI Structure Reviews and Methods,brain-structure,Positions Folding of the Cerebral Cortex in Mammals within General Brain Science and Reviews.,high citation signal (105); brain-structure signal,"Reviews and methods can dominate citations while obscuring smaller empirical advances.; Bridge terminology can be ambiguous, especially around neural networks, intelligence, and biological plausibility.; Imaging conclusions can depend on acquisition, preprocessing, and model specification.",10.1159/000121313,ba420f9bd413d9ffb45bf533bd80b573a0ad0306,https://doi.org/10.1159/000121313,,,,paper,unknown,brain; cerebral; cortex; brain/neural structure in title,
58,1984,Motor evoked potentials from transcranial stimulation of the motor cortex in humans.,"W. Levy, D. H. York, M. McCaffrey, F. Tanzer",Neurosurgery,1984,105,3,97.14,General Brain-AI Structure Reviews and Methods,brain-structure,"Positions Motor evoked potentials from transcranial stimulation of the motor cortex in humans. within EEG, MEG, and Electrophysiology.",high citation signal (105); brain-structure signal,"Reviews and methods can dominate citations while obscuring smaller empirical advances.; Bridge terminology can be ambiguous, especially around neural networks, intelligence, and biological plausibility.; Imaging conclusions can depend on acquisition, preprocessing, and model specification.",10.1097/00006123-198409000-00001,4b5dc176d519e5e0185fd215ad9ca3f7a550d410,https://doi.org/10.1097/00006123-198409000-00001,,,,JournalArticle; CaseReport,unknown,cortex; eeg; meg; brain/neural structure in title,
59,1984,Origins of histamine-containing fibers in the cerebral cortex of rats studied by immunohistochemistry with histidine decarboxylase as a marker and transection.,"N. Takeda, S. Inagaki, Y. Taguchi, M. Tohyama, Takehiko Watanabe, H. Wada",Brain Research,1984-12-03,103,1,108.8,General Brain-AI Structure Reviews and Methods,brain-structure,Positions Origins of histamine-containing fibers in the cerebral cortex of rats studied by immunohistochemistry with histidine decarboxylase as a marker and transection. within General Brain Science and Reviews.,high citation signal (103); recognized venue; brain-structure signal,"Reviews and methods can dominate citations while obscuring smaller empirical advances.; Bridge terminology can be ambiguous, especially around neural networks, intelligence, and biological plausibility.; Imaging conclusions can depend on acquisition, preprocessing, and model specification.",10.1016/0006-8993(84)90264-6,dc2a569fc89bc5aaa50e8094b47f1493b34ca365,https://doi.org/10.1016/0006-8993(84)90264-6,,,,JournalArticle,unknown,brain; cerebral; cortex; brain/neural structure in title,
60,1984,"Binding of the nicotinic cholinergic antagonist, dihydro-beta- erythroidine, to rat brain tissue","M. Williams, J. L. Robinson",Journal of Neuroscience,1984-12-01,102,2,118.83,"Cognitive Architectures, Learning, and Systems Neuroscience",brain-structure;neural-signals,"The nicotinic cholinergic antagonist, dihydro-beta-erythroidine, binds to two sites in rat cortical membranes with dissociation constants of 4 and 22 nM and respective apparent Bmax values of 52 and 164 fmol/mg of protein.",high citation signal (102); recognized venue; open-access PDF metadata; brain-structure signal,"Task designs can oversimplify cognition and limit ecological validity.; Circuit-behavior correlations need causal perturbation or strong model comparison before mechanistic claims are secure.; Imaging conclusions can depend on acquisition, preprocessing, and model specification.",10.1523/JNEUROSCI.04-12-02906.1984,3a1e3a08b51bf879b84513251c35ee280a50147c,https://doi.org/10.1523/JNEUROSCI.04-12-02906.1984,,https://www.jneurosci.org/content/jneuro/4/12/2906.full.pdf,,JournalArticle,unknown,brain; cortical; thalamus; eeg; meg; ecog; brain/neural structure in title,"The nicotinic cholinergic antagonist, dihydro-beta-erythroidine, binds to two sites in rat cortical membranes with dissociation constants of 4 and 22 nM and respective apparent Bmax values of 52 and 164 fmol/mg of protein. Binding to the higher affinity site, defined by the use of 2 nM [3H]dihydro-beta-erythroidine, was saturable, reversible, and susceptible to protein denaturation. Binding was highest in the thalamus and lowest in the spinal cord and showed preferential enrichment in a synaptosomal subfraction of rat brain. Nicotine displaced [3H]dihydro-beta-erythroidine in a stereospecific manner, the (-)-isomer being approximately 6 times more potent than the (+)-isomer. The alkaloid nicotinic agonists, cytisine and lobeline, were potent inhibitors of binding, while acetylcholine in the presence of the cholinesterase inhibitor di-isopropylfluorophosphate was equipotent with (+)-nicotine. Binding was also inhibited by the muscarinic ligands, arecoline, atropine, and oxotremorine. The nicotinic antagonists mecamylamine, hexamethonium, and pempidine were essentially inactive in displacing [3H]dihydro-beta-erythroidine. These findings indicate that dihydro-beta-erythroidine binds to a nicotinic recognition site in rat brain which is neuromuscular, rather than ganglionic, in nature and that such binding is similar in several respects to that seen with nicotinic agonists. Whether such binding is to a nicotinic, as opposed to nicotinic cholinergic, recognition site or to a ""common"" nicotinic/muscarinic site is an issue that requires further study."
61,1984,"Brain stimulation reward and dopamine terminal fields. I. Caudate-putamen, nucleus accumbens and amygdala.","R. Prado-Alcalá, R. Wise",Brain Research,1984-04-16,95,3,129.36,General Brain-AI Structure Reviews and Methods,brain-structure,"Positions Brain stimulation reward and dopamine terminal fields. I. Caudate-putamen, nucleus accumbens and amygdala. within Brain Stimulation, Neurotechnology, and BCI.",high citation signal (95); recognized venue; brain-structure signal,"Reviews and methods can dominate citations while obscuring smaller empirical advances.; Bridge terminology can be ambiguous, especially around neural networks, intelligence, and biological plausibility.; Imaging conclusions can depend on acquisition, preprocessing, and model specification.",10.1016/0006-8993(84)90567-5,691cb1c0a573b0b6412dbcb1d1a028b7a55e0bbe,https://doi.org/10.1016/0006-8993(84)90567-5,,,,JournalArticle,unknown,brain; amygdala; bci; brain/neural structure in title; explicit brain-structure/AI bridge,
62,1984,Characterization of alpha-1 adrenergic receptors linked to [3H]inositol metabolism in rat cerebral cortex.,"K. Minneman, R. D. Johnson",Journal of Pharmacology and Experimental Therapeutics,1984-08-01,93,0,99.38,"Connectomics, Graph Models, and Brain Networks",brain-structure;connectome;neuroimaging,The properties of alpha-1 adrenergic receptors in rat cerebral cortex were examined by measuring increases in [3H]inositol metabolism in brain slices.,high citation signal (93); brain-structure signal,"Graph results can depend strongly on parcellation, thresholding, acquisition, and preprocessing choices.; Correlation networks are often interpreted more causally than the evidence supports.; Imaging conclusions can depend on acquisition, preprocessing, and model specification.",10.1016/s0022-3565(25)21469-0,9c2af9c678a2f122f83f083b072b83d805d20b7b,https://doi.org/10.1016/s0022-3565(25)21469-0,,,,JournalArticle,unknown,brain; cerebral; cortex; cortical; brain/neural structure in title,"The properties of alpha-1 adrenergic receptors in rat cerebral cortex were examined by measuring increases in [3H]inositol metabolism in brain slices. Slices of rat cerebral cortex were incubated in the presence of 0.23 microM [3H]inositol in Krebs-Ringer-bicarbonate buffer containing 10 mM lithium chloride, and the production of water-soluble [3H]inositol phosphates was monitored after extraction and anion-exchange chromatography. Norepinephrine caused a 4- to 6-fold increase in [3H]inositol metabolism in cerebral cortical slices, and this response was blocked much more potently by the alpha-1-selective antagonist prazosin than by the alpha-2-selective antagonist yohimbine. Epinephrine and norepinephrine were both full agonists and stimulated [3H]inositol metabolism to the same extent in this system. The synthetic drugs phenylephrine and methoxamine were both partial agonists at these receptors, with intrinsic activities only 56 to 58% of epinephrine and norepinephrine. A variety of imidazoline and other partial agonists caused no measurable stimulation of [3H]inositol metabolism in this preparation. The response to norepinephrine was completely blocked by alpha adrenergic receptor antagonists with the potency order prazosin greater than BE 2254 greater than indoramin = phentolamine greater than azapetine greater than piperoxan greater than yohimbine. In the absence of calcium, basal [3H]inositol metabolism was increased, but norepinephrine caused the same 5-fold stimulation as in the presence of 2.5 mM CaCl2. The potencies of both antagonists and agonists in inhibiting or activating [3H]inositol metabolism in slices of rat cerebral cortex were highly correlated with their ability to displace the alpha-1 adrenergic receptor selective radioligand [125I]BE 2254 from specific binding sites in membrane preparations of rat cerebral cortex.(ABSTRACT TRUNCATED AT 250 WORDS)"
63,1984,Bilateral α-melanocyte stimulating hormonergic fiber system from zona incerta to cerebral cortex: combined retrograde axonal transport and immunohistochemical study,"Sadao Shiosaka, T. Shibasaki, M. Tohyama",Unknown venue,1984-09-10,88,0,94.0,General Brain-AI Structure Reviews and Methods,brain-structure,Positions Bilateral α-melanocyte stimulating hormonergic fiber system from zona incerta to cerebral cortex: combined retrograde axonal transport and immunohistochemical study within General Brain Science and Reviews.,high citation signal (88); brain-structure signal,"Reviews and methods can dominate citations while obscuring smaller empirical advances.; Bridge terminology can be ambiguous, especially around neural networks, intelligence, and biological plausibility.; Imaging conclusions can depend on acquisition, preprocessing, and model specification.",10.1016/0006-8993(84)90602-4,3a6079ecf88bc8b3e781fdd2ed4a3fcc4fdb9cf3,https://doi.org/10.1016/0006-8993(84)90602-4,,,,paper,unknown,brain; cerebral; cortex; brain/neural structure in title,
64,1984,GM1 ganglioside enhances regrowth of noradrenaline nerve terminals in rat cerebral cortex lesioned by the neurotoxin 6-hydroxydopamine.,"H. Kojima, Alfredo Gorio, D. Janigro, Gösta Jonsson",Neuroscience,1984-12-01,86,0,105.59,General Brain-AI Structure Reviews and Methods,brain-structure,Positions GM1 ganglioside enhances regrowth of noradrenaline nerve terminals in rat cerebral cortex lesioned by the neurotoxin 6-hydroxydopamine. within General Brain Science and Reviews.,high citation signal (86); recognized venue; brain-structure signal,"Reviews and methods can dominate citations while obscuring smaller empirical advances.; Bridge terminology can be ambiguous, especially around neural networks, intelligence, and biological plausibility.; Imaging conclusions can depend on acquisition, preprocessing, and model specification.",10.1016/0306-4522(84)90285-9,5a4d35c284fa6a081afbe35e950cdafe328b89dc,https://doi.org/10.1016/0306-4522(84)90285-9,,,,JournalArticle,unknown,brain; cerebral; cortex; brain/neural structure in title,
65,1984,"Neuronal nuclei and glial nuclei from mammalian cerebral cortex. Nucleosome repeat lengths, DNA contents and H1 contents.","E. C. Pearson, D. Bates, T. Prospero, J. Thomas",European Journal of Biochemistry,1984-10-01,83,8,95.95,"Cellular, Synaptic, and Neuromorphic Foundations",brain-structure,"Positions Neuronal nuclei and glial nuclei from mammalian cerebral cortex. Nucleosome repeat lengths, DNA contents and H1 contents. within Cellular, Molecular, and Synaptic Neuroscience.",high citation signal (83); open-access PDF metadata; brain-structure signal,"Cellular mechanisms rarely scale directly into whole-brain behavior or modern AI architectures.; Animal and ex vivo findings require careful translation to human cognition and deployed systems.; Imaging conclusions can depend on acquisition, preprocessing, and model specification.",10.1111/J.1432-1033.1984.TB08471.X,a3175074ad0e66939222a9551c06a3e8b9a5128e,https://doi.org/10.1111/J.1432-1033.1984.TB08471.X,,https://onlinelibrary.wiley.com/doi/pdfdirect/10.1111/j.1432-1033.1984.tb08471.x,,JournalArticle,unknown,cerebral; cortex; neuron; brain/neural structure in title,
66,1984,Patterns of afferent projections to transitional zones in the somatic sensorimotor cerebral cortex of albino rats.,"W. Welker, K. Sanderson, G. M. Shambes",Brain Research,1984-02-06,80,3,104.3,General Brain-AI Structure Reviews and Methods,brain-structure,Positions Patterns of afferent projections to transitional zones in the somatic sensorimotor cerebral cortex of albino rats. within General Brain Science and Reviews.,high citation signal (80); recognized venue; brain-structure signal,"Reviews and methods can dominate citations while obscuring smaller empirical advances.; Bridge terminology can be ambiguous, especially around neural networks, intelligence, and biological plausibility.; Imaging conclusions can depend on acquisition, preprocessing, and model specification.",10.1016/0006-8993(84)90762-5,fda63971bd7be8a1860c3552fa0356c7a1f79cf6,https://doi.org/10.1016/0006-8993(84)90762-5,,,,JournalArticle,unknown,brain; cerebral; cortex; brain/neural structure in title,
67,1984,Connections made by transplants to the cerebral cortex of rat brains damaged in utero,"M. Floeter, E. C. Jones",Journal of Neuroscience,1984-01-01,79,3,113.08,"Cellular, Synaptic, and Neuromorphic Foundations",brain-structure,"Homografts consisting of pieces of neocortex or dissociated cortical cells were transplanted from fetal rats into the cortex of newborn, microcephalic hosts.",high citation signal (79); recognized venue; open-access PDF metadata; brain-structure signal,"Cellular mechanisms rarely scale directly into whole-brain behavior or modern AI architectures.; Animal and ex vivo findings require careful translation to human cognition and deployed systems.; Imaging conclusions can depend on acquisition, preprocessing, and model specification.",10.1523/JNEUROSCI.04-01-00141.1984,fb18b1dfd916bfdb8df7a25bd3e78d67773b4e35,https://doi.org/10.1523/JNEUROSCI.04-01-00141.1984,,http://www.jneurosci.org/content/jneuro/4/1/141.full.pdf,,JournalArticle,unknown,brain; cerebral; cortex; cortical; thalamus; neuron; brain/neural structure in title,"Homografts consisting of pieces of neocortex or dissociated cortical cells were transplanted from fetal rats into the cortex of newborn, microcephalic hosts. The cortex of the hosts lacked cells of the superficial layers, as a result of prenatal administration of a cytotoxic drug methylazoxymethanol. Grafts exhibited an internal organization with a tendency to form a molecular layer, and alternating cell and fiber zones, although these were not consistently oriented with respect to the host cortex. Both pyramidal and nonpyramidal cells survived. Some grafts were shown to receive callosal connections. Axonal outgrowth from transplanted neurons to several host brain areas was demonstrated with retrograde tracers. Outgrowth occurred not only to the contralateral cortex, in which the host's own callosal projection was deficient, but also to the thalamus and spinal cord, in which the host projection was intact. Thus, grafted fetal cortex is capable of making connections in the methylazoxymethanol-damaged host, but the pattern of connections made is not influenced by host deficiencies."
68,1984,Cerebral cortex. Vol. 1. Cellular components of the cerebral cortex,J. R. Hughes,Unknown venue,1984-10-01,77,2,91.62,"Cellular, Synaptic, and Neuromorphic Foundations",brain-structure,Positions Cerebral cortex. Vol. 1. Cellular components of the cerebral cortex within General Brain Science and Reviews.,high citation signal (77); brain-structure signal,"Cellular mechanisms rarely scale directly into whole-brain behavior or modern AI architectures.; Animal and ex vivo findings require careful translation to human cognition and deployed systems.; Imaging conclusions can depend on acquisition, preprocessing, and model specification.",10.1016/0013-4694(84)90066-X,ed4744f2f59833db2c5847faac3f910f96001ab0,https://doi.org/10.1016/0013-4694(84)90066-X,,,,paper,unknown,brain; cerebral; cortex; brain/neural structure in title,
69,1984,Norepinephrine Stimulation of Phosphoinositide Hydrolysis in Rat Cerebral Cortex Is Associated with the Alpha1-Adrenoceptor,"D. Schoepp, S. Knepper, C. Rutledge",Journal of Neurochemistry,1984-12-01,69,0,89.67,General Brain-AI Structure Reviews and Methods,brain-structure,Positions Norepinephrine Stimulation of Phosphoinositide Hydrolysis in Rat Cerebral Cortex Is Associated with the Alpha1-Adrenoceptor within General Brain Science and Reviews.,high citation signal (69); brain-structure signal,"Reviews and methods can dominate citations while obscuring smaller empirical advances.; Bridge terminology can be ambiguous, especially around neural networks, intelligence, and biological plausibility.; Imaging conclusions can depend on acquisition, preprocessing, and model specification.",10.1111/j.1471-4159.1984.tb06106.x,2e69fb1490c8731ab9dcad568e9cbbf557bbc483,https://doi.org/10.1111/j.1471-4159.1984.tb06106.x,,,,JournalArticle,unknown,brain; cerebral; cortex; brain/neural structure in title,
70,1984,Regulation of neuropeptide Y (NPY) binding by guanine nucleotides in the rat cerebral cortex,"A. Undén, T. Bártfai",FEBS Letters,1984-11-05,69,1,92.67,General Brain-AI Structure Reviews and Methods,brain-structure,Positions Regulation of neuropeptide Y (NPY) binding by guanine nucleotides in the rat cerebral cortex within General Brain Science and Reviews.,high citation signal (69); open-access PDF metadata; brain-structure signal,"Reviews and methods can dominate citations while obscuring smaller empirical advances.; Bridge terminology can be ambiguous, especially around neural networks, intelligence, and biological plausibility.; Imaging conclusions can depend on acquisition, preprocessing, and model specification.",10.1016/0014-5793(84)80995-3,38d0250b992ed3be5ab90bbe9f63c3f49d3e7d5d,https://doi.org/10.1016/0014-5793(84)80995-3,,https://onlinelibrary.wiley.com/doi/pdfdirect/10.1016/0014-5793%2884%2980995-3,,JournalArticle,unknown,brain; cerebral; cortex; brain/neural structure in title,
71,1984,GM1 ganglioside facilitates the recovery of high-affinity choline uptake in the cerebral cortex of rats with a lesion of the nucleus basalis magnocellularis,"F. Pedata, L. Giovannelli, G. Pepeu",Journal of Neuroscience Research,1984,67,0,101.15,"Cellular, Synaptic, and Neuromorphic Foundations",brain-structure,Positions GM1 ganglioside facilitates the recovery of high-affinity choline uptake in the cerebral cortex of rats with a lesion of the nucleus basalis magnocellularis within General Brain Science and Reviews.,high citation signal (67); recognized venue; brain-structure signal,"Cellular mechanisms rarely scale directly into whole-brain behavior or modern AI architectures.; Animal and ex vivo findings require careful translation to human cognition and deployed systems.; Imaging conclusions can depend on acquisition, preprocessing, and model specification.",10.1002/jnr.490120226,19a0e6e3de3e8d3675183b48d3d7b0c158f2cf25,https://doi.org/10.1002/jnr.490120226,,,,JournalArticle,unknown,brain; cerebral; cortex; brain/neural structure in title,
72,1984,"Locus ceruleus lesion by local 6-hydroxydopamine infusion causes marked and specific destruction of noradrenergic neurons, long-term depletion of norepinephrine and the enzymes that synthesize it, and enhanced dopaminergic mechanisms in the ipsilateral cerebral cortex",S. Harik,Journal of Neuroscience,1984-03-01,65,2,105.61,"Cellular, Synaptic, and Neuromorphic Foundations",brain-structure,The local stereotaxic microinfusion of 5 micrograms of 6- hydroxydopamine in the region of the nucleus locus ceruleus causes severe loss of noradrenergic neurons with little evidence of nonspecific tissue reaction or destruction that could be detected by conventional light microscopic methods.,high citation signal (65); recognized venue; open-access PDF metadata; brain-structure signal,"Cellular mechanisms rarely scale directly into whole-brain behavior or modern AI architectures.; Animal and ex vivo findings require careful translation to human cognition and deployed systems.; Imaging conclusions can depend on acquisition, preprocessing, and model specification.",10.1523/JNEUROSCI.04-03-00699.1984,df2d0d0bd5d42ad8504c70a78cb88887cf9b3ce1,https://doi.org/10.1523/JNEUROSCI.04-03-00699.1984,,http://www.jneurosci.org/content/jneuro/4/3/699.full.pdf,,JournalArticle,unknown,cerebral; cortex; cortical; neuron; brain/neural structure in title,"The local stereotaxic microinfusion of 5 micrograms of 6- hydroxydopamine in the region of the nucleus locus ceruleus causes severe loss of noradrenergic neurons with little evidence of nonspecific tissue reaction or destruction that could be detected by conventional light microscopic methods. Such lesion is accompanied by a marked and long-term depletion of norepinephrine and comparable loss of activity of its synthesizing enzymes, dopamine beta-hydroxylase and tyrosine hydroxylase, in the ipsilateral cerebral cortex. Locus ceruleus lesion was also found to increase tissue levels of dopamine and its metabolites, 3,4-dihydroxyphenylacetic acid and homovanillic acid, in the ipsilateral cortex. These results add further evidence to support the hypothesis that enhanced dopaminergic mechanisms may play a central role in compensating for chronic cortical noradrenergic denervation."
73,1984,Embryonic cerebral cortex placed in the occipital region of newborn rats makes connections with the host brain.,"F. Chang, J. Steedman, Raymond D. Lund",Brain Research,1984-03-01,64,3,100.34,General Brain-AI Structure Reviews and Methods,brain-structure,Positions Embryonic cerebral cortex placed in the occipital region of newborn rats makes connections with the host brain. within General Brain Science and Reviews.,high citation signal (64); recognized venue; brain-structure signal,"Reviews and methods can dominate citations while obscuring smaller empirical advances.; Bridge terminology can be ambiguous, especially around neural networks, intelligence, and biological plausibility.; Imaging conclusions can depend on acquisition, preprocessing, and model specification.",10.1016/0165-3806(84)90088-9,55c359177fc93f47d3d0482e8bec1d85548fff7b,https://doi.org/10.1016/0165-3806(84)90088-9,,,,JournalArticle,unknown,brain; cerebral; cortex; brain/neural structure in title,
74,1984,Effects of idebenone (CV-2619) on the concentrations of acetylcholine and choline in various brain regions of rats with cerebral ischemia.,"M. Kakihana, N. Yamazaki, Akinobu Nagaoka",Japanese Journal of Pharmacology,1984,57,0,94.49,"Connectomics, Graph Models, and Brain Networks",brain-structure;connectome,"The concentrations of acetylcholine (Ach) and choline in various brain regions of rats with and without cerebral ischemia and the effects of 6-(10-hydroxy-decyl)-2,3-dimethoxy-5-methyl-1,4-benzoquinone (idebenone, CV-2619) on the levels of these parameters were investigated.",high citation signal (57); open-access PDF metadata; brain-structure signal,"Graph results can depend strongly on parcellation, thresholding, acquisition, and preprocessing choices.; Correlation networks are often interpreted more causally than the evidence supports.; Imaging conclusions can depend on acquisition, preprocessing, and model specification.",10.1254/JJP.36.357,562ba0c82d26bd44407f5fd360d289e9698774c7,https://doi.org/10.1254/JJP.36.357,,https://doi.org/10.1254/jjp.36.357,,JournalArticle,unknown,brain; cerebral; cortex; hippocampus; cerebellum; brain/neural structure in title,"The concentrations of acetylcholine (Ach) and choline in various brain regions of rats with and without cerebral ischemia and the effects of 6-(10-hydroxy-decyl)-2,3-dimethoxy-5-methyl-1,4-benzoquinone (idebenone, CV-2619) on the levels of these parameters were investigated. Cerebral ischemia was induced by a 200-sec occlusion of both common carotid arteries in animals in which both vertebral arteries had been permanently cauterized. The concentrations of Ach and choline in the brain were determined by means of pyrolysis gas chromatography. In normal rats, CV-2619 (10, 30 and 100 mg/kg, i.p.) did not alter the concentrations of Ach and choline in the brain regions examined. In the ischemic rats, a significant decrease in Ach and a marked increase in choline were observed in the cerebral cortex, hippocampus, striatum, and diencephalon. A slight increase in the concentration of choline was also observed in the cerebellum and brain stem. Pretreatment with CV-2619 (10 mg/kg, i.p.) inhibited the decrease in Ach and the increase in choline in the forebrain regions. Moreover, the same dose of CV-2619 inhibited the increment of lactate content and tended to inhibit the decrement of ATP content in the cerebral cortex. These results indicate that CV-2619 inhibits alterations of the concentrations of Ach and choline in the brain of the ischemic rats; this inhibition may be due to the ameliorating effect of CV-2619 on the disturbance of cerebral energy metabolism under ischemic conditions."
75,1984,Differences in the neurotoxic effects of manganese during development and aging: some observations on brain regional neurotransmitter and non-neurotransmitter metabolism in a developmental rat model of chronic manganese encephalopathy.,"J. Lai, T. Leung, L. Lim",Neurotoxicology,1984,55,1,89.66,Computational Neuroscience and Brain-Inspired AI,brain-structure,"Positions Differences in the neurotoxic effects of manganese during development and aging: some observations on brain regional neurotransmitter and non-neurotransmitter metabolism in a developmental rat model of chronic manganese encephalopathy. within Brain Development, Plasticity, and Connectomics.",high citation signal (55); brain-structure signal,"Model fit does not by itself prove biological mechanism.; Brain-inspired analogies can become too loose unless tied to measurable neural evidence.; Imaging conclusions can depend on acquisition, preprocessing, and model specification.",,8944f7ac9d5ff316d660c81e6a25643dbf8a67d0,https://www.semanticscholar.org/paper/8944f7ac9d5ff316d660c81e6a25643dbf8a67d0,,,,JournalArticle,unknown,brain; brain/neural structure in title; historical computation/learning bridge,
76,1984,The distribution and chromatographic characterization of PHI (peptide histidine isoleucine amide)-27-like peptides in rat and porcine brain,"M. Beinfeld, DM Korchak, B. Roth, T. O'Donohue",Journal of Neuroscience,1984-11-01,54,0,105.53,"Connectomics, Graph Models, and Brain Networks",brain-structure;connectome,This study was initiated to characterize PHI (peptide histidine isoleucine amide)-27-like peptides (PLPs) in rat and porcine brain in comparison with other members of the vasoactive intestinal polypeptide (VIP) family and to investigate their distribution by radioimmunoassay.,high citation signal (54); recognized venue; open-access PDF metadata; brain-structure signal,"Graph results can depend strongly on parcellation, thresholding, acquisition, and preprocessing choices.; Correlation networks are often interpreted more causally than the evidence supports.; Imaging conclusions can depend on acquisition, preprocessing, and model specification.",10.1523/JNEUROSCI.04-11-02681.1984,8ae5351fe9ba66b3998bd22912ecbd79f38d4bb4,https://doi.org/10.1523/JNEUROSCI.04-11-02681.1984,,https://www.jneurosci.org/content/jneuro/4/11/2681.full.pdf,,JournalArticle; Study,unknown,brain; cerebral; cortex; hippocampus; amygdala; brain/neural structure in title,"This study was initiated to characterize PHI (peptide histidine isoleucine amide)-27-like peptides (PLPs) in rat and porcine brain in comparison with other members of the vasoactive intestinal polypeptide (VIP) family and to investigate their distribution by radioimmunoassay. The peptidic nature of the rat brain PLP was indicated by its trypsin sensitivity. On Sephadex chromatography rat brain PLP has the same molecular weight as synthetic (porcine intestinal) PHI-27. High pressure liquid chromatographic separations revealed that PLP in rat and porcine brain extracts elutes as a single peak distinct from VIP or secretin. Porcine brain PLP elutes in the same position as synthetic PHI-27, whereas rat brain PLP immunoreactivity consistently separates from synthetic PHI-27. This suggests that porcine brain PLP is identical to synthetic PHI-27, in agreement with the reported sequence of Tatemoto et al. (Tatemoto, K., M. Carlquist, T. McDonald, and V. Mutt (1983) FEBS Lett. 153: 248-252), whereas PLP may have a different amino acid sequence (or may be post-translationally modified). Using specific PHI and VIP radioimmunoassays, the distribution of PLP was found to parallel that of VIP in rat and porcine brain, being highest in cerebral cortex, amygdala, and hippocampus. PLP, like VIP, is abundant in rat retina and can be included in the growing list of retinal peptides. This highly correlated distribution of VIP and PLP may be explained by the recent discovery that they are derived from the same precursor (Itoh, N., K. Obata, N. Yanaihara, and H. Okamoto (1983) Nature 304: 547-549).(ABSTRACT TRUNCATED AT 250 WORDS)"
77,1984,Blood flow in the cerebral cortex during cardiac resuscitation in dogs.,"R. Jackson, K. Joyce, S. F. Danosi, B. White, David N. Vigor, T. Hoehner",Annals of Emergency Medicine,1984-09-01,52,1,84.67,General Brain-AI Structure Reviews and Methods,brain-structure,Positions Blood flow in the cerebral cortex during cardiac resuscitation in dogs. within General Brain Science and Reviews.,high citation signal (52); brain-structure signal,"Reviews and methods can dominate citations while obscuring smaller empirical advances.; Bridge terminology can be ambiguous, especially around neural networks, intelligence, and biological plausibility.; Imaging conclusions can depend on acquisition, preprocessing, and model specification.",10.1016/S0196-0644(84)80721-0,d564da06b72ceafb28b9221290e6273cb4062cb6,https://doi.org/10.1016/S0196-0644(84)80721-0,,,,JournalArticle,unknown,brain; cerebral; cortex; brain/neural structure in title,
78,1984,Pharmacological differences between the high-affinity muscarinic agonist binding states of the rat heart and cerebral cortex labeled with (+)-[3H]cismethyldioxolane.,"T. Vickroy, W. Roeske, Henry I. Yamamura",Journal of Pharmacology and Experimental Therapeutics,1984-06-01,51,0,115.92,Structural Neuroimaging and AI,brain-structure;machine-learning;neuroimaging;neural-signals,The high-affinity agonist binding state of muscarinic receptors in the rat heart and cerebral cortex has been pharmacologically characterized in parallel studies.,high citation signal (51); explicit AI/modeling signal; brain-structure signal,"Scanner, site, protocol, and preprocessing differences can be learned as shortcuts by AI models.; High predictive accuracy does not guarantee anatomical validity or causal interpretation.; Model performance should be checked for leakage, confounding, calibration, and external validity.",10.1016/s0022-3565(25)21922-x,46760f8ac8441c50d2b4ce4aae5627317b9e73c4,https://doi.org/10.1016/s0022-3565(25)21922-x,,,,JournalArticle,unknown,brain; cerebral; cortex; cortical; ecog; classification; brain/neural structure in title; explicit brain-structure/AI bridge,"The high-affinity agonist binding state of muscarinic receptors in the rat heart and cerebral cortex has been pharmacologically characterized in parallel studies. Muscarinic sites were labeled and studied with the aid of a highly specific, rapid filtration binding assay using the potent muscarinic agonist (+)-[3H]CD. Homogenates of both tissues were found to contain a saturable high-affinity (Kd = 1-2 nM), low capacity (6-17% of (-)-[3H]QNB sites) (+)-[3H]CD binding state which demonstrated stereoselectivity and drug specificity typical of a muscarinic site. However, comparative studies of drug potency profiles in competition for myocardial and cerebral cortical (+)-[3H]CD-labeled membranes revealed several major pharmacological differences between muscarinic sites in these tissues. Whereas the muscarinic agonists pilocarpine and McN-A-343, the nonclassical antagonist pirenzepine, and the acetylcholinesterase inhibitor physostigmine reduced (+)-[3H]CD binding in both tissues, their inhibitory effects were more potent (4- to 77-fold) in cerebral cortical membranes. Conversely, gallamine, a nicotinic cholinergic antagonist, demonstrated a 36-fold greater potency at the high-affinity (+)-[3H]CD binding state in myocardial membranes. By comparison, other classical muscarinic agonists and antagonists were nearly equipotent as inhibitors of high-affinity (+)-[3H]CD binding in these two tissues. Thus, these studies for the first time demonstrate that muscarinic receptors in the heart and cerebral cortex can be distinguished pharmacologically by certain drugs which interfere with the high-affinity agonist binding state of the muscarinic recognition site and provide support for the subclassification of these receptors."
79,1984,Brain stimulation reward and dopamine terminal fields. II. Septal and cortical projections.,"R. Prado-Alcalá, A. Streather, R. Wise",Brain Research,1984-06-03,51,1,118.32,General Brain-AI Structure Reviews and Methods,brain-structure,"Positions Brain stimulation reward and dopamine terminal fields. II. Septal and cortical projections. within Brain Stimulation, Neurotechnology, and BCI.",high citation signal (51); recognized venue; brain-structure signal,"Reviews and methods can dominate citations while obscuring smaller empirical advances.; Bridge terminology can be ambiguous, especially around neural networks, intelligence, and biological plausibility.; Imaging conclusions can depend on acquisition, preprocessing, and model specification.",10.1016/0006-8993(84)91089-8,2bd40c5a7268b493f427427bfdea75028d8150af,https://doi.org/10.1016/0006-8993(84)91089-8,,,,JournalArticle,unknown,brain; cortical; bci; brain/neural structure in title; explicit brain-structure/AI bridge,
80,1984,Free Fatty Acids and Energy Metabolites in Ischemic Cerebral Cortex with Noradrenaline Depletion,"S. Yoshida, S. Harik, R. Busto, M. Santiso, E. Martinez, M. Ginsberg",Journal of Neurochemistry,1984-03-01,50,1,83.97,General Brain-AI Structure Reviews and Methods,brain-structure,Positions Free Fatty Acids and Energy Metabolites in Ischemic Cerebral Cortex with Noradrenaline Depletion within General Brain Science and Reviews.,high citation signal (50); brain-structure signal,"Reviews and methods can dominate citations while obscuring smaller empirical advances.; Bridge terminology can be ambiguous, especially around neural networks, intelligence, and biological plausibility.; Imaging conclusions can depend on acquisition, preprocessing, and model specification.",10.1111/j.1471-4159.1984.tb02741.x,e52933331336f92b798aaa0af5734f70f72a3fa4,https://doi.org/10.1111/j.1471-4159.1984.tb02741.x,,,,JournalArticle,unknown,brain; cerebral; cortex; brain/neural structure in title,
81,1984,Folding of the cerebral cortex in mammals. A scaling model.,"J. Prothero, J. Sundsten","Brain, Behavior and Evolution",1984,49,5,101.62,Computational Neuroscience and Brain-Inspired AI,brain-structure,Positions Folding of the cerebral cortex in mammals. A scaling model. within Cognitive and Systems Neuroscience.,high citation signal (49); recognized venue; brain-structure signal,"Model fit does not by itself prove biological mechanism.; Brain-inspired analogies can become too loose unless tied to measurable neural evidence.; Imaging conclusions can depend on acquisition, preprocessing, and model specification.",,824ea6de0513ac97f039431644c80d741624a4d2,https://www.semanticscholar.org/paper/824ea6de0513ac97f039431644c80d741624a4d2,,,,JournalArticle; Study,unknown,cerebral; cortex; brain/neural structure in title; historical computation/learning bridge,
82,1984,Perfusion of the cerebral cortex by use of abdominal counterpulsation during cardiopulmonary resuscitation.,"John W. Walker, John W. Walker, James C. Bruestle, James C. Bruestle, B. White, B. White, et al.",American Journal of Emergency Medicine,1984-09-01,48,0,85.25,"Electrophysiology, Neural Signals, and AI Decoding",brain-structure,"Positions Perfusion of the cerebral cortex by use of abdominal counterpulsation during cardiopulmonary resuscitation. within EEG, MEG, and Electrophysiology.",high citation signal (48); brain-structure signal,"Signal artifacts, montage choices, source localization, and session drift can dominate apparent model performance.; Temporal precision does not automatically imply anatomical specificity.; Imaging conclusions can depend on acquisition, preprocessing, and model specification.",10.1016/0735-6757(84)90039-1,ccff95e5377ff41b964851badec90302f0f82f39,https://doi.org/10.1016/0735-6757(84)90039-1,,,,JournalArticle,unknown,cerebral; cortex; eeg; meg; brain/neural structure in title,
83,1984,Neuron generation in dissociated cell cultures from fetal rat cerebral cortex.,"A. Kriegstein, Marc A. Dichter, Marc A. Dichter",Brain Research,1984-03-12,46,3,94.5,"Cellular, Synaptic, and Neuromorphic Foundations",brain-structure,"Positions Neuron generation in dissociated cell cultures from fetal rat cerebral cortex. within Cellular, Molecular, and Synaptic Neuroscience.",high citation signal (46); recognized venue; brain-structure signal,"Cellular mechanisms rarely scale directly into whole-brain behavior or modern AI architectures.; Animal and ex vivo findings require careful translation to human cognition and deployed systems.; Imaging conclusions can depend on acquisition, preprocessing, and model specification.",10.1016/0006-8993(84)90829-1,9c2be2f5d898aac521aaadc3584fadef7371b38e,https://doi.org/10.1016/0006-8993(84)90829-1,,,,JournalArticle,unknown,cerebral; cortex; neuron; brain/neural structure in title,
84,1984,Peptide-Containing Neurons of the Cerebral Cortex,"P. Emson, S. Hunt",Unknown venue,1984,46,0,82.5,"Cellular, Synaptic, and Neuromorphic Foundations",brain-structure,"Positions Peptide-Containing Neurons of the Cerebral Cortex within Cellular, Molecular, and Synaptic Neuroscience.",high citation signal (46); brain-structure signal,"Cellular mechanisms rarely scale directly into whole-brain behavior or modern AI architectures.; Animal and ex vivo findings require careful translation to human cognition and deployed systems.; Imaging conclusions can depend on acquisition, preprocessing, and model specification.",10.1007/978-1-4615-6610-6_6,1f6f0757363e1b358e99797e3b6d1c2e8b167526,https://doi.org/10.1007/978-1-4615-6610-6_6,,,,paper,unknown,cerebral; cortex; neuron; brain/neural structure in title,
85,1984,Changes in local cerebral glucose utilization during rewarding brain stimulation.,"R. Esposito, L. Porrino, T. Seeger, A. Crane, H. Everist, A. Pert",Proceedings of the National Academy of Sciences of the United States of America,1984,44,1,118.72,General Brain-AI Structure Reviews and Methods,brain-structure,"Positions Changes in local cerebral glucose utilization during rewarding brain stimulation. within Brain Stimulation, Neurotechnology, and BCI.",high citation signal (44); recognized venue; open-access PDF metadata; brain-structure signal,"Reviews and methods can dominate citations while obscuring smaller empirical advances.; Bridge terminology can be ambiguous, especially around neural networks, intelligence, and biological plausibility.; Imaging conclusions can depend on acquisition, preprocessing, and model specification.",10.1073/PNAS.81.2.635,7620140acb3eb0ead51a77aeda52241e548c1c6d,https://doi.org/10.1073/PNAS.81.2.635,,https://www.pnas.org/doi/pdf/10.1073/pnas.81.2.635,,JournalArticle,unknown,brain; cerebral; bci; brain/neural structure in title; explicit brain-structure/AI bridge,
86,1984,Rhythmic processes in the cerebral cortex.,M. Zhadin,Journal of Theoretical Biology,1984-06-21,44,0,81.72,General Brain-AI Structure Reviews and Methods,brain-structure,Positions Rhythmic processes in the cerebral cortex. within General Brain Science and Reviews.,high citation signal (44); brain-structure signal,"Reviews and methods can dominate citations while obscuring smaller empirical advances.; Bridge terminology can be ambiguous, especially around neural networks, intelligence, and biological plausibility.; Imaging conclusions can depend on acquisition, preprocessing, and model specification.",10.1016/S0022-5193(84)80080-6,193088a7f178fec7bf5f3f81b32c914f688ec116,https://doi.org/10.1016/S0022-5193(84)80080-6,,,,JournalArticle,unknown,brain; cerebral; cortex; brain/neural structure in title,
87,1984,On the Status of Lysolecithin in Rat Cerebral Cortex During Ischemia,"G. Sun, L. Foudin",Journal of Neurochemistry,1984-10-01,43,1,81.32,General Brain-AI Structure Reviews and Methods,brain-structure,"Positions On the Status of Lysolecithin in Rat Cerebral Cortex During Ischemia within Cerebrovascular, Metabolism, and Brain Injury.",high citation signal (43); brain-structure signal,"Reviews and methods can dominate citations while obscuring smaller empirical advances.; Bridge terminology can be ambiguous, especially around neural networks, intelligence, and biological plausibility.; Imaging conclusions can depend on acquisition, preprocessing, and model specification.",10.1111/j.1471-4159.1984.tb12847.x,d4ad782465491725bd606add1ce710808463c3a3,https://doi.org/10.1111/j.1471-4159.1984.tb12847.x,,,,JournalArticle,unknown,brain; cerebral; cortex; brain/neural structure in title,
88,1984,"Reduction of serotonin-2 receptors in rat cerebral cortex after subchronic administration of imipramine, chlorpromazine, and the combination thereof.","M. Mikuni, H. Meltzer",Life Science,1984-01-02,43,0,93.32,General Brain-AI Structure Reviews and Methods,brain-structure,"Positions Reduction of serotonin-2 receptors in rat cerebral cortex after subchronic administration of imipramine, chlorpromazine, and the combination thereof. within General Brain Science and Reviews.",high citation signal (43); recognized venue; brain-structure signal,"Reviews and methods can dominate citations while obscuring smaller empirical advances.; Bridge terminology can be ambiguous, especially around neural networks, intelligence, and biological plausibility.; Imaging conclusions can depend on acquisition, preprocessing, and model specification.",10.1016/0024-3205(84)90334-5,1895406d78f3df1a1f4bb590fababc3478241bdd,https://doi.org/10.1016/0024-3205(84)90334-5,,,,JournalArticle,unknown,brain; cerebral; cortex; brain/neural structure in title,
89,1984,"Binding of the imidazoline UK-14, 304, a putative full alpha 2-adrenoceptor agonist, to rat cerebral cortex membranes.","D. Loftus, Jon M. Stolk, D. U'prichard",Life Science,1984-07-02,42,2,92.9,General Brain-AI Structure Reviews and Methods,brain-structure,"Positions Binding of the imidazoline UK-14, 304, a putative full alpha 2-adrenoceptor agonist, to rat cerebral cortex membranes. within General Brain Science and Reviews.",high citation signal (42); recognized venue; brain-structure signal,"Reviews and methods can dominate citations while obscuring smaller empirical advances.; Bridge terminology can be ambiguous, especially around neural networks, intelligence, and biological plausibility.; Imaging conclusions can depend on acquisition, preprocessing, and model specification.",10.1016/0024-3205(84)90152-8,277ea14c39c4c868a76a09f7f6288123ce8c5cf5,https://doi.org/10.1016/0024-3205(84)90152-8,,,,JournalArticle,unknown,brain; cerebral; cortex; brain/neural structure in title,
90,1984,Histopathologic analysis of intraarterial polyvinyl alcohol microemboli in rat cerebral cortex.,"R. Quisling, J. Mickle, W. Ballinger, C. C. Carver, B. Kaplan",AJNR. American journal of neuroradiology,1984,42,2,80.9,General Brain-AI Structure Reviews and Methods,brain-structure,Positions Histopathologic analysis of intraarterial polyvinyl alcohol microemboli in rat cerebral cortex. within General Brain Science and Reviews.,high citation signal (42); brain-structure signal,"Reviews and methods can dominate citations while obscuring smaller empirical advances.; Bridge terminology can be ambiguous, especially around neural networks, intelligence, and biological plausibility.; Imaging conclusions can depend on acquisition, preprocessing, and model specification.",,85c6ad1f05a151ca4ce12202d9c86ce45714fb9d,https://www.semanticscholar.org/paper/85c6ad1f05a151ca4ce12202d9c86ce45714fb9d,,,,JournalArticle,unknown,brain; cerebral; cortex; brain/neural structure in title,
91,1984,Development of a synaptosomal model to determine drug-induced in vivo changes in GABA-levels of nerve endings in 11 brain regions of the rat.,"W. Löscher, M. Vetter, F. Müller, G. Böhme, G. Stoltenburg-Didinger",Neurochemistry International,1984,41,0,84.48,Computational Neuroscience and Brain-Inspired AI,brain-structure,"Positions Development of a synaptosomal model to determine drug-induced in vivo changes in GABA-levels of nerve endings in 11 brain regions of the rat. within Brain Development, Plasticity, and Connectomics.",high citation signal (41); brain-structure signal,"Model fit does not by itself prove biological mechanism.; Brain-inspired analogies can become too loose unless tied to measurable neural evidence.; Imaging conclusions can depend on acquisition, preprocessing, and model specification.",10.1016/0197-0186(84)90113-X,f5505646b5c54dc20538e15fe012ff06008c6358,https://doi.org/10.1016/0197-0186(84)90113-X,,,,JournalArticle,unknown,brain; brain/neural structure in title; historical computation/learning bridge,
92,1984,Binding specificity of the mouse cerebral cortex receptor for small cholecystokinin peptides.,"R. Steigerwalt, John A. Williams",Regulatory Peptides,1984,41,2,80.48,General Brain-AI Structure Reviews and Methods,brain-structure,Positions Binding specificity of the mouse cerebral cortex receptor for small cholecystokinin peptides. within General Brain Science and Reviews.,high citation signal (41); brain-structure signal,"Reviews and methods can dominate citations while obscuring smaller empirical advances.; Bridge terminology can be ambiguous, especially around neural networks, intelligence, and biological plausibility.; Imaging conclusions can depend on acquisition, preprocessing, and model specification.",10.1016/0167-0115(84)90028-4,e9368236b4ebe70654c5ea14f88e8b1331acc098,https://doi.org/10.1016/0167-0115(84)90028-4,,,,JournalArticle; Study,unknown,brain; cerebral; cortex; brain/neural structure in title,
93,1984,Differential kinetics of histone H1(0) accumulation in neuronal and glial cells from rat cerebral cortex during postnatal development.,"Benjamin Piña, P. Martinez, L. Simón, Pedro Suau",Biochemical and Biophysical Research Communications - BBRC,1984-09-17,41,2,80.48,"Cellular, Synaptic, and Neuromorphic Foundations",brain-structure,"Positions Differential kinetics of histone H1(0) accumulation in neuronal and glial cells from rat cerebral cortex during postnatal development. within Cellular, Molecular, and Synaptic Neuroscience.",high citation signal (41); brain-structure signal,"Cellular mechanisms rarely scale directly into whole-brain behavior or modern AI architectures.; Animal and ex vivo findings require careful translation to human cognition and deployed systems.; Imaging conclusions can depend on acquisition, preprocessing, and model specification.",10.1016/0006-291X(84)90285-7,4f91c0c20428265593df07e413d78a46f59d147b,https://doi.org/10.1016/0006-291X(84)90285-7,,,,JournalArticle,unknown,cerebral; cortex; neuron; brain/neural structure in title,
94,1984,[3H]Pirenzepine and [3H]quinuclidinyl benzilate binding to brain muscarinic cholinergic receptors. Differences in measured receptor density are not explained by differences in receptor isomerization.,"G. Luthin, B. Wolfe",Molecular Pharmacology,1984-09-01,40,1,88.04,Computational Neuroscience and Brain-Inspired AI,brain-structure,Muscarinic receptor densities were measured in membranes prepared from rat cerebral cortex using [3H]pirenzepine and [3H]quinuclidinyl benzilate.,high citation signal (40); brain-structure signal,"Model fit does not by itself prove biological mechanism.; Brain-inspired analogies can become too loose unless tied to measurable neural evidence.; Imaging conclusions can depend on acquisition, preprocessing, and model specification.",10.1016/s0026-895x(25)15116-x,bb218ac171447c1b8e6a197d12cf35ae1ef403f0,https://doi.org/10.1016/s0026-895x(25)15116-x,,,,JournalArticle,unknown,brain; cerebral; cortex; brain/neural structure in title; historical computation/learning bridge,"Muscarinic receptor densities were measured in membranes prepared from rat cerebral cortex using [3H]pirenzepine and [3H]quinuclidinyl benzilate. Isotherms of equilibrium binding data modeled to a single apparent binding site for both ligands. However, as has been reported previously, [3H]pirenzepine labeled only a small fraction of the binding sites that were labeled by [3H]quinuclidinyl benzilate. This observation has been used to support the hypothesis that subtypes of muscarinic receptors exist. Several investigators have previously suggested that antagonist binding to muscarinic receptors involves an isomerization of the receptor-antagonist complex, and it is only the isomerized form of the receptor that is identified by radioligand binding studies. To examine the possibility that the difference in the density of binding sites identified by [3H]pirenzepine and [3H]quinuclidinyl benzilate is due to differences in the degree of isomerization of the receptor associated with the binding of each ligand, the kinetics of the binding of [3H]pirenzepine and [3H]quinuclidinyl benzilate to membranes prepared from rat cerebral cortex were examined. The pseudo-first-order rate constant of association for both ligands showed a nonlinear (hyperbolic) dependence on ligand concentration. These results suggested that a rapidly equilibrating initial binding step was followed by a more slowly equilibrating isomerization of the initially formed ligand-receptor complex. The kinetic data were computer-modeled to obtain estimates of the equilibrium constants for both reaction steps. The equilibrium constants for the isomerization step were 0.1 and 0.004 for [3H]pirenzepine and [3H]quinuclidinyl benzilate, respectively. Our measurements, in agreement with others, suggested that only the fraction of receptors which isomerized were measurable using filtration binding assays. Although essentially all (99.6%) of the [3H]quinuclidinyl benzilate binding sites appeared to isomerize, only 90% of the [3H]pirenzepine binding sites isomerized, and thus only 90% were measured in our assay. It therefore appears that differences in receptor isomerization can partially, but not wholly, account for the differences between [3H]pirenzepine and [3H]quinuclidinyl benzilate binding in rat cerebral cortex."
95,1984,Deoxyglucose uptake and choline acetyltransferase activity in cerebral cortex following lesions of the nucleus basalis magnocellularis.,"M. V. Lamarca, H. Fibiger",Brain Research,1984-07-30,39,0,91.6,"Cellular, Synaptic, and Neuromorphic Foundations",brain-structure,Positions Deoxyglucose uptake and choline acetyltransferase activity in cerebral cortex following lesions of the nucleus basalis magnocellularis. within General Brain Science and Reviews.,high citation signal (39); recognized venue; brain-structure signal,"Cellular mechanisms rarely scale directly into whole-brain behavior or modern AI architectures.; Animal and ex vivo findings require careful translation to human cognition and deployed systems.; Imaging conclusions can depend on acquisition, preprocessing, and model specification.",10.1016/0006-8993(84)90497-9,3d0f670632f0a2183753cae1a57c3b376e9f9a24,https://doi.org/10.1016/0006-8993(84)90497-9,,,,JournalArticle,unknown,brain; cerebral; cortex; brain/neural structure in title,
96,1984,Dopamine-β-hydroxylase-like immunoreactivity in the fetal cerebral cortex of the rat: Noradrenergic ascending pathways and terminal fields,"C. Verney, B. Berger, M. Baulac, Karen B. Helle, C. Alvarez",International Journal of Developmental Neuroscience,1984,39,1,91.6,General Brain-AI Structure Reviews and Methods,brain-structure,"Positions Dopamine-β-hydroxylase-like immunoreactivity in the fetal cerebral cortex of the rat: Noradrenergic ascending pathways and terminal fields within Brain Development, Plasticity, and Connectomics.",high citation signal (39); recognized venue; brain-structure signal,"Reviews and methods can dominate citations while obscuring smaller empirical advances.; Bridge terminology can be ambiguous, especially around neural networks, intelligence, and biological plausibility.; Imaging conclusions can depend on acquisition, preprocessing, and model specification.",10.1016/0736-5748(84)90051-0,7dafd1d9e7c64852716496bac0a296e819495cb3,https://doi.org/10.1016/0736-5748(84)90051-0,,,,JournalArticle,unknown,brain; cerebral; cortex; brain/neural structure in title,
97,1984,[3H]WB4101 labels S1 serotonin receptors in rat cerebral cortex.,"Andrew B. Norman, G. Battaglia, A. Leslie Morrow, Ian Creese",European Journal of Pharmacology,1984-11-13,38,1,79.14,General Brain-AI Structure Reviews and Methods,brain-structure,Positions [3H]WB4101 labels S1 serotonin receptors in rat cerebral cortex. within General Brain Science and Reviews.,high citation signal (38); brain-structure signal,"Reviews and methods can dominate citations while obscuring smaller empirical advances.; Bridge terminology can be ambiguous, especially around neural networks, intelligence, and biological plausibility.; Imaging conclusions can depend on acquisition, preprocessing, and model specification.",10.1016/0014-2999(84)90743-X,56e7478cffe94fb154f376e58e26d59daad3a711,https://doi.org/10.1016/0014-2999(84)90743-X,,,,JournalArticle,unknown,brain; cerebral; cortex; brain/neural structure in title,
98,1984,CT Assessment of Right-Left Asymmetries in the Human Cerebral Cortex,"M. Habib, R. Renucci, M. Vanier, J. Corbaz, G. Salamon",Journal of computer assisted tomography,1984-10-01,37,1,79.88,"Connectomics, Graph Models, and Brain Networks",brain-structure;connectome,Positions CT Assessment of Right-Left Asymmetries in the Human Cerebral Cortex within General Brain Science and Reviews.,high citation signal (37); brain-structure signal,"Graph results can depend strongly on parcellation, thresholding, acquisition, and preprocessing choices.; Correlation networks are often interpreted more causally than the evidence supports.; Imaging conclusions can depend on acquisition, preprocessing, and model specification.",10.1097/00004728-198410000-00022,04199720da369e9d678453b327b2dfae79c2070f,https://doi.org/10.1097/00004728-198410000-00022,,,,JournalArticle,unknown,brain; cerebral; cortex; brain/neural structure in title,
99,1984,Basal forebrain efferents reach the whole cerebral cortex of the cat.,"E. Irle, H. Markowitsch",Brain Research Bulletin,1984-05-01,36,0,90.2,General Brain-AI Structure Reviews and Methods,brain-structure,Positions Basal forebrain efferents reach the whole cerebral cortex of the cat. within General Brain Science and Reviews.,high citation signal (36); recognized venue; brain-structure signal,"Reviews and methods can dominate citations while obscuring smaller empirical advances.; Bridge terminology can be ambiguous, especially around neural networks, intelligence, and biological plausibility.; Imaging conclusions can depend on acquisition, preprocessing, and model specification.",10.1016/0361-9230(84)90165-5,f182614be272057ad515c7da425a5ff908c0d8b9,https://doi.org/10.1016/0361-9230(84)90165-5,,,,JournalArticle; Study,unknown,brain; cerebral; cortex; brain/neural structure in title,
100,1984,Comparison of Two Superfusion Systems for Study of Neurotransmitter Release from Rat Cerebral Cortex Slices,"E. Korpi, S. Oja",Journal of Neurochemistry,1984-07-01,35,0,77.7,General Brain-AI Structure Reviews and Methods,brain-structure,Positions Comparison of Two Superfusion Systems for Study of Neurotransmitter Release from Rat Cerebral Cortex Slices within General Brain Science and Reviews.,high citation signal (35); brain-structure signal,"Reviews and methods can dominate citations while obscuring smaller empirical advances.; Bridge terminology can be ambiguous, especially around neural networks, intelligence, and biological plausibility.; Imaging conclusions can depend on acquisition, preprocessing, and model specification.",10.1111/j.1471-4159.1984.tb06701.x,91cc85401612851f9ec10a3d12721a84fda5ae6d,https://doi.org/10.1111/j.1471-4159.1984.tb06701.x,,,,JournalArticle,unknown,brain; cerebral; cortex; brain/neural structure in title,
