rank,year,title,authors,venue,publicationDate,citationCount,influentialCitationCount,importanceScore,category,keywordTags,keyIdea,strengths,limitations,doi,sourceId,url,semanticScholarUrl,openAccessPdf,githubUrl,workType,language,relevanceReason,abstract
1,1958,The perceptron: a probabilistic model for information storage and organization in the brain.,F. Rosenblatt,Psychology Review,1958-11-01,12187,503,202.55,Computational Neuroscience and Brain-Inspired AI,brain-structure,Positions The perceptron: a probabilistic model for information storage and organization in the brain. within Computational Neuroscience and AI.,"high citation signal (12,187); brain-structure signal","Model fit does not by itself prove biological mechanism.; Brain-inspired analogies can become too loose unless tied to measurable neural evidence.; Imaging conclusions can depend on acquisition, preprocessing, and model specification.",10.1037/H0042519,5d11aad09f65431b5d3cb1d85328743c9e53ba96,https://doi.org/10.1037/H0042519,,,,JournalArticle,unknown,brain; computational neuroscience; brain/neural structure in title; explicit brain-structure/AI bridge,
2,1958,CUNNINGHAM'S MANUAL OF PRACTICAL ANATOMY,"J. Brash, D. Sc, Wr R M M",Ulster medical journal,1958-11-01,359,17,138.55,Clinical NeuroAI and Brain Disorders,brain-structure;machine-learning;clinical-neuroai,"think in terms of the integration of parts of the nervous system, not in tcrms of higlher and lower centres.",high citation signal (359); open-access PDF metadata; explicit AI/modeling signal; brain-structure signal,"Clinical cohorts vary by disease stage, comorbidity, treatment history, and follow-up.; Models can learn site or demographic artifacts instead of disease mechanisms.; Model performance should be checked for leakage, confounding, calibration, and external validity.",10.1001/jama.1941.02820210093027,7cf60220e71cf024319567b640f579ca14c1bdd1,https://doi.org/10.1001/jama.1941.02820210093027,,http://europepmc.org/articles/pmc1250038?pdf=render,,paper,unknown,brain; classification; explicit brain-structure/AI bridge,"think in terms of the integration of parts of the nervous system, not in tcrms of higlher and lower centres. The chapters on neuropathology follow the same patterni of dcalinig with principles rather than lists of pathological conditions. The studcnt may filnd these chapters useful for revision purposes. The author is very conservative in his views otn the part played by psychological factors in the precipitation of epileptic fits. He does not go beyond observed facts when hie draws his conclusions. It is rather disappointinig, however, that hc (does not deal more fully with temporal lobe epilepsy. Some reference to the important contributions of British workers to the understanding of this subject would haec helped to (levelop his thesis of mind-body unity. Only a small part of the book, just over one-fiftlh, deals specifically witlh psychology and psyclhopathology However, he introduces the reader to the work of Lorenz and Tinbergen on the comparative study of animal behaviour, and draws attention to the views of those who oppose their idea that innate behaviour patterns are laid down in the neurological pattern of the brain to be released by appropriate stimuli. The classification of emotion is simple and is attempted on a physiological basis. The final chapter dealing with psychopathology expresses some views that vould be sharply debated here. It is not helpful to the student that he should regard affective disorder and schizophrenia as' a clinical continuum. Herc the author wvould appear to have departed with disadvantage from his principlc of simplification anid schematisatioln. This book supplements but does not replace a textbook of psychiatry. It is intcnldedl to start the student with a three-dimensional orientation towvards neurology and psychiatry. It does this admirably, and so it should be read with profit by the student, whether he be undergraduate or postgraduate. Had more been included concerning modem psychophysio-logical investigations in humans, a further valuable step would have been taken in bridging the gap that exists in minds of many who regard psyche and soma as separate cntities. THIS is a new edition of the admirable War Memorandum No. 9 (1943). The rapid advance in this branch of hxmatology has necessitated the rewriting of most of the text, with the enlargement of some sections and the addition of nev ones. Minor criticisms are that Chown's well-tried capillary tube method for rapid and economical Rh testing is not mentioned, whereas the rather more …"
3,1958,The effect of drugs on arousal responses produced by electrical stimulation of the reticular formation of the brain.,"P. Bradley, B. Key",Electroencephalography and Clinical Neurophysiology,1958-02-01,221,2,114.05,"Connectomics, Graph Models, and Brain Networks",brain-structure;connectome;neural-signals;clinical-neuroai,"Positions The effect of drugs on arousal responses produced by electrical stimulation of the reticular formation of the brain. within EEG, MEG, and Electrophysiology.",high citation signal (221); brain-structure signal,"Graph results can depend strongly on parcellation, thresholding, acquisition, and preprocessing choices.; Correlation networks are often interpreted more causally than the evidence supports.; Imaging conclusions can depend on acquisition, preprocessing, and model specification.",10.1016/0013-4694(58)90107-X,b16ce75073be1a921d53c7356d6676c32fab90bd,https://doi.org/10.1016/0013-4694(58)90107-X,,,,JournalArticle,unknown,brain; eeg; meg; brain/neural structure in title,
4,1958,"The endothelial hyperplasia of the cerebral blood vessels with brain tumors, and its sarcomatous transformation","I. Feigin, LucretiaB. Allen, Lewis Lipkin, S. W. Gross",Cancer,1958-03-01,184,4,109.17,Clinical NeuroAI and Brain Disorders,brain-structure,"Positions The endothelial hyperplasia of the cerebral blood vessels with brain tumors, and its sarcomatous transformation within EEG, MEG, and Electrophysiology.",high citation signal (184); brain-structure signal,"Clinical cohorts vary by disease stage, comorbidity, treatment history, and follow-up.; Models can learn site or demographic artifacts instead of disease mechanisms.; Imaging conclusions can depend on acquisition, preprocessing, and model specification.",10.1002/1097-0142(195803/04)11:2<264::AID-CNCR2820110207>3.0.CO;2-D,aa93523efea158321686e9843bbb82e6ee5ceec4,https://doi.org/10.1002/1097-0142(195803/04)11:2<264::AID-CNCR2820110207>3.0.CO;2-D,,,,JournalArticle,unknown,brain; cerebral; eeg; meg; brain/neural structure in title,
5,1958,THE EFFECTS OF 2-DEOXY-d-GLUCOSE ON METABOLISM OF SLICES OF CEREBRAL CORTEX INCUBATED IN VITRO,D. B. Tower,Journal of Neurochemistry,1958-12-01,159,3,104.55,General Brain-AI Structure Reviews and Methods,brain-structure,"Positions THE EFFECTS OF 2-DEOXY-d-GLUCOSE ON METABOLISM OF SLICES OF CEREBRAL CORTEX INCUBATED IN VITRO within Cerebrovascular, Metabolism, and Brain Injury.",high citation signal (159); brain-structure signal,"Reviews and methods can dominate citations while obscuring smaller empirical advances.; Bridge terminology can be ambiguous, especially around neural networks, intelligence, and biological plausibility.; Imaging conclusions can depend on acquisition, preprocessing, and model specification.",10.1111/j.1471-4159.1958.tb12625.x,d7199d532badc78cdef77e596c88796c143d1745,https://doi.org/10.1111/j.1471-4159.1958.tb12625.x,,,,JournalArticle,unknown,brain; cerebral; cortex; brain/neural structure in title,
6,1958,Potentials evoked in cat cerebral cortex by diffuse and by punctiform photic stimuli.,R. W. Doty,Journal of Neurophysiology,1958-09-01,141,0,102.4,General Brain-AI Structure Reviews and Methods,brain-structure,Positions Potentials evoked in cat cerebral cortex by diffuse and by punctiform photic stimuli. within General Brain Science and Reviews.,high citation signal (141); brain-structure signal,"Reviews and methods can dominate citations while obscuring smaller empirical advances.; Bridge terminology can be ambiguous, especially around neural networks, intelligence, and biological plausibility.; Imaging conclusions can depend on acquisition, preprocessing, and model specification.",10.1152/JN.1958.21.5.437,f6ae80db09804b1c8284384a2e57e3578d51d797,https://doi.org/10.1152/JN.1958.21.5.437,,,,JournalArticle,unknown,brain; cerebral; cortex; brain/neural structure in title,
7,1958,Effects of acrylamide on the central nervous system of the cat.,A. Kuperman,Journal of Pharmacology and Experimental Therapeutics,1958-07-01,127,3,104.94,"Connectomics, Graph Models, and Brain Networks",brain-structure;connectome;neural-signals,The neurologic effects of acrylamide on the cat have been described and some of the neural loci of the intoxication elucidated.,high citation signal (127); brain-structure signal,"Graph results can depend strongly on parcellation, thresholding, acquisition, and preprocessing choices.; Correlation networks are often interpreted more causally than the evidence supports.; Imaging conclusions can depend on acquisition, preprocessing, and model specification.",10.1016/s0022-3565(25)12490-7,883c61d6ac3d882ba4e60fed0ac6d6ba988e9ea1,https://doi.org/10.1016/s0022-3565(25)12490-7,,,,JournalArticle,unknown,brain; cerebral; cortex; cortical; eeg; meg,"The neurologic effects of acrylamide on the cat have been described and some of the neural loci of the intoxication elucidated. The nature of the syndrome depended upon the dose magnitude, rate of administration and the length of time during which the agent was given. Severe tonic-clonic convulsions and other signs of a diffuse central excitation were produced by lethal doses. The repeated or single administration of sublethal doses gave rise to a chronic and reversible intoxication. This was characterized by an ataxia and tremor which were identical to those of cerebellar asynergia. No other biological effects were apparent at the dose levels required to initiate this syndrome. Histological alterations in neural tissue have not been revealed. The administration of convulsive doses to cats with specific neural ablations and transections revealed that the excitatory effect was exerted on the entire central neuraxis but with significant quantitative variations. The presence of the cerebral cortex was required for a maximal convulsive effect and the spinal cord was found to be particularly insensitive to the excitatory effects of acrylamide. On the other hand, observations on the same type of surgical preparations suggested that the primary site of action of the nonconvulsive dose was subcortical. Electroencephalographic studies confirmed the diffuse nature of the excitatory action. The nonconvulsive dose produced a striking but reversible electrocortical response which resembled that invoked by stimulation of the brain stem reticular activating system. Further EEG experiments on cerveau isole, encephale isole and infracollicular decerebrate preparations clearly showed that the focus of this disturbance was subcortical. On the basis of available anatomical and physiological information and the experimental data reported herein, the mesencephalic tegmentum has been proposed as the primary neural locus of chronic acrylamide intoxication."
8,1958,Cortical blood flow related to EEG patterns evoked by stimulation of the brain stem.,"D. Ingvar, U. Soderberg",Acta Physiologica Scandinavica,1958-02-04,89,0,97.4,"Electrophysiology, Neural Signals, and AI Decoding",brain-structure;neural-signals,"Positions Cortical blood flow related to EEG patterns evoked by stimulation of the brain stem. within EEG, MEG, and Electrophysiology.",high citation signal (89); brain-structure signal,"Signal artifacts, montage choices, source localization, and session drift can dominate apparent model performance.; Temporal precision does not automatically imply anatomical specificity.; Imaging conclusions can depend on acquisition, preprocessing, and model specification.",10.1111/J.1748-1716.1958.TB01547.X,a9026f4f6c1e2f76f093b35a2be13cb11263a58a,https://doi.org/10.1111/J.1748-1716.1958.TB01547.X,,,,JournalArticle,unknown,brain; cortical; eeg; meg; brain/neural structure in title,
9,1958,The cerebral cortex and the internal organs,B. Weiss,Unknown venue,1958-09-01,79,4,92.08,General Brain-AI Structure Reviews and Methods,brain-structure,Positions The cerebral cortex and the internal organs within General Brain Science and Reviews.,high citation signal (79); brain-structure signal,"Reviews and methods can dominate citations while obscuring smaller empirical advances.; Bridge terminology can be ambiguous, especially around neural networks, intelligence, and biological plausibility.; Imaging conclusions can depend on acquisition, preprocessing, and model specification.",10.1016/0021-9681(58)90205-4,1f5e476a2d52c4c1ad99218f40bf0e83d96983c7,https://doi.org/10.1016/0021-9681(58)90205-4,,,,paper,unknown,brain; cerebral; cortex; brain/neural structure in title,
10,1958,The Mammalian Cerebral Cortex,D. Purpura,Unknown venue,1958-05-01,76,2,94.39,General Brain-AI Structure Reviews and Methods,brain-structure,Positions The Mammalian Cerebral Cortex within General Brain Science and Reviews.,high citation signal (76); open-access PDF metadata; brain-structure signal,"Reviews and methods can dominate citations while obscuring smaller empirical advances.; Bridge terminology can be ambiguous, especially around neural networks, intelligence, and biological plausibility.; Imaging conclusions can depend on acquisition, preprocessing, and model specification.",10.5694/j.1326-5377.1958.tb58501.x,8f21c288fb247b98bb5523671e97748bf3519744,https://doi.org/10.5694/j.1326-5377.1958.tb58501.x,,https://europepmc.org/articles/pmc1871198?pdf=render,,paper,unknown,brain; cerebral; cortex; brain/neural structure in title,
11,1958,"A one-year, controlled study of the effect of low-phenylalanine diet on phenylketonuria.","D. Hsia, W. Knox, K. V. Quinn, R. Paine",Pediatrics,1958-02-01,73,0,99.07,"Cognitive Architectures, Learning, and Systems Neuroscience",brain-structure;neural-signals;clinical-neuroai,"Twenty-four patients with phenylketonuria from the state institutions of Massachusetts were divided into 12 matched pairs, comparable as to age, sex, intelligence and length of institutional placement.",high citation signal (73); brain-structure signal,"Task designs can oversimplify cognition and limit ecological validity.; Circuit-behavior correlations need causal perturbation or strong model comparison before mechanistic claims are secure.; Imaging conclusions can depend on acquisition, preprocessing, and model specification.",10.1542/peds.21.2.178,979743d1c93f77c5aa31c7f57d9d6e3a12becc73,https://doi.org/10.1542/peds.21.2.178,,,,JournalArticle,unknown,brain; cerebral; eeg; meg; ecog; historical computation/learning bridge,"Twenty-four patients with phenylketonuria from the state institutions of Massachusetts were divided into 12 matched pairs, comparable as to age, sex, intelligence and length of institutional placement. One member of each pair was selected by lot to receive a phenylalanine deficient diet for a 12-month period, the other member of the pair receiving a control diet identical in appearance and flavor. The identity of the control and experimental patients was not known to those caring for them. Five unpaired, institutionalized patients and five outpatients also received low-phenylalanine diets. At the end of a test period of 12 to 15 months, the patients were evaluated in terms of adequacy of chemical control and changes observed in intelligence, behavior, skin condition, hair color, seizures and electroencephalograms. Although prolonged therapy of patients with low-phenylalanine diets is generally feasible while they are at home with their parents and under close medical observation, the program seems more difficult to achieve on a large scale in an institutional setting. A number of patients receiving the diet developed malnutrition severe enough to require discontinuance of the diet for temporary periods. The low-phenylalanine diet is undoubtedly dangerous unless the patients are closely observed. It is impossible to know whether or not the diet is achieving the desired chemical effect of reduction of phenylalanine to normal concentrations in the blood, unless the plasma concentration of phenylalanine is followed. Estimation of phenylalanine in plasma is a more difficult test than that for urine phenylpyruvate, but is essential since plasma concentration may remain high when the urine is negative. Extremely low values for phenylalanine in plasma may require slight increase in phenylalanine intake. Death in status epilepticus has been reported, possibly associated with extremely rapid decrease in phenylalanine in the plasma to nearly zero. Without this chemical control apparent failure, based on nonachievement of chemical control, might be erroneously ascribed to uselessness of the diet. Possible beneficial effect on intelligence was limited to four patients, 6 months, 7 months, 1½ years and 3 years of age at the time the diet was begun. Improvement in skin condition, behavior, and possibly in electroencephalograms, was obtained in older individuals, but such benefits would not seem to justify the difficulties and dangers of dietary therapy. These observations, together with the reported results of other investigators, support the tentative conclusion that the metabolic disturbances associated with the elevated concentration of phenylalanine in the plasma, characteristic of phenylketonuria, interfere with normal cerebral development rather than with the function of a normally developed brain. Recognition of phenylketonuria at the earliest possible age, and prompt institution of dietary control, are essential if the possible therapeutic benefits of a low-phenylalanine diet are to be conclusively evaluated."
12,1958,Biochemical and electroencephalographic changes in the brain of rabbits injected with 5-hydroxytryptophan (influence of chlorpromazine premedication).,"E. Costa, F. Rinaldi",American Journal of Physiology,1958-07-01,68,1,91.81,"Connectomics, Graph Models, and Brain Networks",brain-structure;connectome;neural-signals,"Positions Biochemical and electroencephalographic changes in the brain of rabbits injected with 5-hydroxytryptophan (influence of chlorpromazine premedication). within EEG, MEG, and Electrophysiology.",high citation signal (68); brain-structure signal,"Graph results can depend strongly on parcellation, thresholding, acquisition, and preprocessing choices.; Correlation networks are often interpreted more causally than the evidence supports.; Imaging conclusions can depend on acquisition, preprocessing, and model specification.",10.1152/AJPLEGACY.1958.194.1.214,9c8c03dda353ea705f1c4245e00f4aada94d082e,https://doi.org/10.1152/AJPLEGACY.1958.194.1.214,,,,JournalArticle,unknown,brain; eeg; meg; brain/neural structure in title,
13,1958,Representation of cutaneous tactile sensibility in cerebral cortex of Cebus.,"J. Hirsch, W. Coxe",Journal of Neurophysiology,1958-09-01,46,0,83.7,"Brain Decoding, Representation Learning, and BCI",brain-structure;decoding,Positions Representation of cutaneous tactile sensibility in cerebral cortex of Cebus. within General Brain Science and Reviews.,high citation signal (46); brain-structure signal; brain-to-model interface signal,"Small cohorts, session drift, invasive risk, and nonstationary signals limit generalization.; Offline decoding accuracy may not reflect real-time user burden or long-term deployment reliability.; Imaging conclusions can depend on acquisition, preprocessing, and model specification.",10.1152/JN.1958.21.5.481,03f74b880bcfa9f0b697117fefe137047bb9a680,https://doi.org/10.1152/JN.1958.21.5.481,,,,JournalArticle,unknown,brain; cerebral; cortex; brain/neural structure in title,
14,1958,CHANGES OF BRAIN GLYCOGEN IN THE SPREADING EEG-DEPRESSION OF LEAO,J. Křivánek,Journal of Neurochemistry,1958-06-01,45,0,83.32,"Electrophysiology, Neural Signals, and AI Decoding",brain-structure;neural-signals,"Positions CHANGES OF BRAIN GLYCOGEN IN THE SPREADING EEG-DEPRESSION OF LEAO within EEG, MEG, and Electrophysiology.",high citation signal (45); brain-structure signal,"Signal artifacts, montage choices, source localization, and session drift can dominate apparent model performance.; Temporal precision does not automatically imply anatomical specificity.; Imaging conclusions can depend on acquisition, preprocessing, and model specification.",10.1111/j.1471-4159.1958.tb12383.x,35b500da6bf9633e1e972d9b0d93f4a5d52675fa,https://doi.org/10.1111/j.1471-4159.1958.tb12383.x,,,,JournalArticle,unknown,brain; eeg; meg; brain/neural structure in title,
15,1958,A STATISTICAL ANALYZER FOR OPTIC NERVE MESSAGES,R. FitzHugh,The Journal of General Physiology,1958-03-20,43,2,100.32,Computational Neuroscience and Brain-Inspired AI,brain-structure,"A statistical mathematical model of the discharge in a single optic nerve fiber is proposed, based on a discharge with intervals between impulses distributed independently according to a gamma distribution (""gamma discharge"").",high citation signal (43); open-access PDF metadata; brain-structure signal,"Model fit does not by itself prove biological mechanism.; Brain-inspired analogies can become too loose unless tied to measurable neural evidence.; Imaging conclusions can depend on acquisition, preprocessing, and model specification.",10.1085/jgp.41.4.675,468e3ff395db9d4916975acc0e205a841bc2a83b,https://doi.org/10.1085/jgp.41.4.675,,https://rupress.org/jgp/article-pdf/41/4/675/1241707/675.pdf,,JournalArticle,unknown,brain; neural; computational neuroscience; explicit brain-structure/AI bridge,"A statistical mathematical model of the discharge in a single optic nerve fiber is proposed, based on a discharge with intervals between impulses distributed independently according to a gamma distribution (""gamma discharge""). A light stimulus distorts the time axis of this discharge according to a ""frequency function"" which is characteristic of the stimulus. A linear filter is described which calculates the likelihood of a certain stimulus when the nerve fiber message is fed into it. This filter forms the basis of theoretical nerve message analyzers for three visual experiments: (a) The detection of the occurrence of a flash of light of known intensity and time of occurrence, (b) the detection of the time of occurrence of a flash of known intensity, and (c) The estimation of the intensity of a flash occurring at a known time. Possible neural mechanisms in the brain for analyzing optic nerve messages, based on the above mathematical models, are suggested. Changes of excitability or discharge frequency correspond to the output of the likelihood filter. Any such mechanism must be sufficiently plastic to have a response matched to each expected stimuus for most efficient vision near threshold."
16,1958,The effect of stimulation of autonomic areas in the cerebral cortex upon the adrenaline and noradrenaline secretion from the adrenal gland in the cat.,"U. Euler, Björn Folkow",Acta Physiologica Scandinavica,1958-06-02,38,1,79.14,General Brain-AI Structure Reviews and Methods,brain-structure,Positions The effect of stimulation of autonomic areas in the cerebral cortex upon the adrenaline and noradrenaline secretion from the adrenal gland in the cat. within General Brain Science and Reviews.,high citation signal (38); brain-structure signal,"Reviews and methods can dominate citations while obscuring smaller empirical advances.; Bridge terminology can be ambiguous, especially around neural networks, intelligence, and biological plausibility.; Imaging conclusions can depend on acquisition, preprocessing, and model specification.",10.1111/J.1748-1716.1958.TB01565.X,dba3df17e482bd17a56b563d3fc51674d1821fbe,https://doi.org/10.1111/J.1748-1716.1958.TB01565.X,,,,JournalArticle,unknown,brain; cerebral; cortex; brain/neural structure in title,
17,1958,gamma-Aminobutyric acid: a substrate for oxidative metabolism of cerebral cortex.,"G. McKhann, D. B. Tower",American Journal of Physiology,1958-12-31,36,0,78.2,General Brain-AI Structure Reviews and Methods,brain-structure,"Positions gamma-Aminobutyric acid: a substrate for oxidative metabolism of cerebral cortex. within Cerebrovascular, Metabolism, and Brain Injury.",high citation signal (36); brain-structure signal,"Reviews and methods can dominate citations while obscuring smaller empirical advances.; Bridge terminology can be ambiguous, especially around neural networks, intelligence, and biological plausibility.; Imaging conclusions can depend on acquisition, preprocessing, and model specification.",10.1152/ajplegacy.1958.196.1.36,1bb4b216883a1fea3a911e22426da2aad758a7de,https://doi.org/10.1152/ajplegacy.1958.196.1.36,,,,JournalArticle,unknown,brain; cerebral; cortex; brain/neural structure in title,
18,1958,Effects of systemically administered omega-amino and guanidino acids on spontaneous and evoked cortical activity in regions of blood-brain barrier destruction.,"D. Purpura, M. Girado, T. G. Smith, J. Gomez",Electroencephalography and Clinical Neurophysiology,1958-11-01,28,0,79.41,"Connectomics, Graph Models, and Brain Networks",brain-structure;connectome;neural-signals;clinical-neuroai,"Positions Effects of systemically administered omega-amino and guanidino acids on spontaneous and evoked cortical activity in regions of blood-brain barrier destruction. within EEG, MEG, and Electrophysiology.",high citation signal (28); brain-structure signal,"Graph results can depend strongly on parcellation, thresholding, acquisition, and preprocessing choices.; Correlation networks are often interpreted more causally than the evidence supports.; Imaging conclusions can depend on acquisition, preprocessing, and model specification.",10.1016/0013-4694(58)90068-3,3fcdf005624246a40498dacbd0f2f252e56cf7b3,https://doi.org/10.1016/0013-4694(58)90068-3,,,,JournalArticle,unknown,brain; cortical; eeg; meg; brain/neural structure in title,
19,1958,The electroencephalogram in brain stem vascular disease; some observations relating electroencephalographic findings to various combinations of infarction and vascular insufficiency.,J. S. Tucker,Electroencephalography and Clinical Neurophysiology,1958-08-01,27,0,76.78,"Connectomics, Graph Models, and Brain Networks",brain-structure;connectome;neural-signals;clinical-neuroai,"Positions The electroencephalogram in brain stem vascular disease; some observations relating electroencephalographic findings to various combinations of infarction and vascular insufficiency. within EEG, MEG, and Electrophysiology.",high citation signal (27); brain-structure signal,"Graph results can depend strongly on parcellation, thresholding, acquisition, and preprocessing choices.; Correlation networks are often interpreted more causally than the evidence supports.; Imaging conclusions can depend on acquisition, preprocessing, and model specification.",10.1016/0013-4694(58)90002-6,33dab1666fcb12bf9f0321c63746ce1dbae07aea,https://doi.org/10.1016/0013-4694(58)90002-6,,,,JournalArticle,unknown,brain; eeg; meg; brain/neural structure in title,
20,1958,Effect of Reserpine on the Intracellular Distribution of Catecholamines in the Brain Stem of the Rabbit,"H. Weil-Malherbe, A. D. Bone",Nature,1958-05-24,26,0,84.53,"Cellular, Synaptic, and Neuromorphic Foundations",brain-structure,"Positions Effect of Reserpine on the Intracellular Distribution of Catecholamines in the Brain Stem of the Rabbit within EEG, MEG, and Electrophysiology.",high citation signal (26); recognized venue; brain-structure signal,"Cellular mechanisms rarely scale directly into whole-brain behavior or modern AI architectures.; Animal and ex vivo findings require careful translation to human cognition and deployed systems.; Imaging conclusions can depend on acquisition, preprocessing, and model specification.",10.1038/1811474A0,f5863fc983b39a33d7aeb05ec0feeddca6c62490,https://doi.org/10.1038/1811474A0,,,,JournalArticle,unknown,brain; eeg; meg; brain/neural structure in title,
21,1958,Brain Reserpine Levels Following Large and Small Doses of Reserpine-H3,"H. Sheppard, W. Tsien, A. Plummer, E. Peets, B. Giletti, A. Schulert",Proceedings of the Society for Experimental Biology and Medicine. Society for Experimental Biology and Medicine,1958-04-01,24,0,71.14,"Electrophysiology, Neural Signals, and AI Decoding",brain-structure,"Positions Brain Reserpine Levels Following Large and Small Doses of Reserpine-H3 within EEG, MEG, and Electrophysiology.",high citation signal (24); brain-structure signal,"Signal artifacts, montage choices, source localization, and session drift can dominate apparent model performance.; Temporal precision does not automatically imply anatomical specificity.; Imaging conclusions can depend on acquisition, preprocessing, and model specification.",10.3181/00379727-97-23856,c75455d5db7a10182ce450d81e70aa58b873e659,https://doi.org/10.3181/00379727-97-23856,,,,JournalArticle,unknown,brain; eeg; meg; brain/neural structure in title,
22,1958,The effect of varying the intertrial interval in discrimination learning by normal and brain-operated monkeys.,"Riopelle Aj, Churukian Ga",Unknown venue,1958-02-01,22,0,73.64,"Cognitive Architectures, Learning, and Systems Neuroscience",brain-structure,Positions The effect of varying the intertrial interval in discrimination learning by normal and brain-operated monkeys. within Cognitive and Systems Neuroscience.,high citation signal (22); brain-structure signal,"Task designs can oversimplify cognition and limit ecological validity.; Circuit-behavior correlations need causal perturbation or strong model comparison before mechanistic claims are secure.; Imaging conclusions can depend on acquisition, preprocessing, and model specification.",10.1037/H0040286,c1e5232719342d20708e951580257bb154779301,https://doi.org/10.1037/H0040286,,,,paper,unknown,brain; brain/neural structure in title; historical computation/learning bridge,
23,1958,Singly and repetitively evoked potentials in human cerebral cortex with D.C. changes.,"S. Goldring, J. O'leary, R. King",Electroencephalography and Clinical Neurophysiology,1958-05-01,22,0,76.44,"Connectomics, Graph Models, and Brain Networks",brain-structure;connectome;neuroimaging;neural-signals;clinical-neuroai,"Positions Singly and repetitively evoked potentials in human cerebral cortex with D.C. changes. within EEG, MEG, and Electrophysiology.",high citation signal (22); brain-structure signal,"Graph results can depend strongly on parcellation, thresholding, acquisition, and preprocessing choices.; Correlation networks are often interpreted more causally than the evidence supports.; Imaging conclusions can depend on acquisition, preprocessing, and model specification.",10.1016/0013-4694(58)90030-0,ac00c83b46875d5ff9968c8da5b85ce1633f4d18,https://doi.org/10.1016/0013-4694(58)90030-0,,,,JournalArticle,unknown,cerebral; cortex; eeg; meg; brain/neural structure in title,
24,1958,Electrode and cannulae implantation in the brain by a simple percutaneous method.,J. Lilly,Science,1958-05-16,18,1,99.4,General Brain-AI Structure Reviews and Methods,brain-structure;neuromorphic-bci,"Positions Electrode and cannulae implantation in the brain by a simple percutaneous method. within Brain Stimulation, Neurotechnology, and BCI.",high citation signal (18); recognized venue; brain-structure signal; brain-to-model interface signal,"Reviews and methods can dominate citations while obscuring smaller empirical advances.; Bridge terminology can be ambiguous, especially around neural networks, intelligence, and biological plausibility.; Imaging conclusions can depend on acquisition, preprocessing, and model specification.",10.1126/SCIENCE.127.3307.1181,1d58b469cd4cd113319c53488318301c92322da9,https://doi.org/10.1126/SCIENCE.127.3307.1181,,,,JournalArticle,unknown,brain; bci; brain/neural structure in title; explicit brain-structure/AI bridge,
25,1958,The digit span test and the prediction of cerebral pathology.,A. Heilbrun,A M A Archives of Neurology & Psychiatry,1958-08-01,17,0,92.43,General Brain-AI Structure Reviews and Methods,brain-structure;machine-learning,Positions The digit span test and the prediction of cerebral pathology. within Clinical Neurology and Neurodegeneration.,high citation signal (17); recognized venue; explicit AI/modeling signal; brain-structure signal,"Reviews and methods can dominate citations while obscuring smaller empirical advances.; Bridge terminology can be ambiguous, especially around neural networks, intelligence, and biological plausibility.; Model performance should be checked for leakage, confounding, calibration, and external validity.",10.1001/ARCHNEURPSYC.1958.02340080098021,a82b15820d3fbf06884c0a667adae32e0d8b3553,https://doi.org/10.1001/ARCHNEURPSYC.1958.02340080098021,,,,JournalArticle,unknown,cerebral; prediction; explicit brain-structure/AI bridge,
26,1958,Effect of γ-Aminobutyryl-Choline upon the Electrical Activity of the Cerebral Cortex,"Hidehiko Takahashi, A. Nagashima, C. Koshino",Nature,1958-11-22,16,0,76.2,General Brain-AI Structure Reviews and Methods,brain-structure,Positions Effect of γ-Aminobutyryl-Choline upon the Electrical Activity of the Cerebral Cortex within General Brain Science and Reviews.,high citation signal (16); recognized venue; brain-structure signal,"Reviews and methods can dominate citations while obscuring smaller empirical advances.; Bridge terminology can be ambiguous, especially around neural networks, intelligence, and biological plausibility.; Imaging conclusions can depend on acquisition, preprocessing, and model specification.",10.1038/1821443A0,cffc4498c544455e29e8a12303389e9208aa87ab,https://doi.org/10.1038/1821443A0,,,,paper,unknown,brain; cerebral; cortex; brain/neural structure in title,
27,1958,Learning disabilities associated with lesser brain damage.,"H. Thelander, Jane K. Phelps, E. Kirk",Jornal de Pediatria,1958-10-01,15,0,67.11,"Cognitive Architectures, Learning, and Systems Neuroscience",brain-structure,Positions Learning disabilities associated with lesser brain damage. within Cognitive and Systems Neuroscience.,high citation signal (15); brain-structure signal,"Task designs can oversimplify cognition and limit ecological validity.; Circuit-behavior correlations need causal perturbation or strong model comparison before mechanistic claims are secure.; Imaging conclusions can depend on acquisition, preprocessing, and model specification.",10.1016/S0022-3476(58)80232-2,5f6a0f1cb790d766761f4a46b6d4d445d70f6249,https://doi.org/10.1016/S0022-3476(58)80232-2,,,,JournalArticle,unknown,brain; brain/neural structure in title; historical computation/learning bridge,
28,1958,Effect of bemegride (megimide) on cerebral blood flow and electrical activity of brain; studies in cats and rabbits.,U. Söderberg,Unknown venue,1958-03-01,13,0,63.9,"Electrophysiology, Neural Signals, and AI Decoding",brain-structure;neural-signals,"Positions Effect of bemegride (megimide) on cerebral blood flow and electrical activity of brain; studies in cats and rabbits. within EEG, MEG, and Electrophysiology.",high citation signal (13); brain-structure signal,"Signal artifacts, montage choices, source localization, and session drift can dominate apparent model performance.; Temporal precision does not automatically imply anatomical specificity.; Imaging conclusions can depend on acquisition, preprocessing, and model specification.",10.1001/ARCHNEURPSYC.1958.02340030003001,7d89ec18c573673e241e564e1678c05cf7e15437,https://doi.org/10.1001/ARCHNEURPSYC.1958.02340030003001,,,,paper,unknown,brain; cerebral; eeg; meg; brain/neural structure in title,
29,1958,Simplified technique for chronic implantation of electrodes or cannulae in the brain: positioning and fixation of indwelling cannulae in the cerebral ventricles of the dog.,"H. J. Bartelstone, H. Reilly, S. C. Wang",Journal of applied physiology,1958-07-01,12,0,82.57,General Brain-AI Structure Reviews and Methods,brain-structure;neuromorphic-bci,"Positions Simplified technique for chronic implantation of electrodes or cannulae in the brain: positioning and fixation of indwelling cannulae in the cerebral ventricles of the dog. within Brain Stimulation, Neurotechnology, and BCI.",high citation signal (12); brain-structure signal; brain-to-model interface signal,"Reviews and methods can dominate citations while obscuring smaller empirical advances.; Bridge terminology can be ambiguous, especially around neural networks, intelligence, and biological plausibility.; Imaging conclusions can depend on acquisition, preprocessing, and model specification.",10.1152/JAPPL.1958.13.1.142,a732038d71913ec173c401675e6339f40062fb3f,https://doi.org/10.1152/JAPPL.1958.13.1.142,,,,JournalArticle,unknown,brain; cerebral; bci; brain/neural structure in title; explicit brain-structure/AI bridge,
30,1958,Biochemical and physiological differentiation during morphogenesis. XXII. Observations on amino acid and protein synthesis in the cerebral cortex and liver of the newborn mouse,"L. B. Flexner, J. B. Flexner, R. Roberts",Unknown venue,1958-06-01,10,0,56.36,General Brain-AI Structure Reviews and Methods,brain-structure,Positions Biochemical and physiological differentiation during morphogenesis. XXII. Observations on amino acid and protein synthesis in the cerebral cortex and liver of the newborn mouse within General Brain Science and Reviews.,high citation signal (10); brain-structure signal,"Reviews and methods can dominate citations while obscuring smaller empirical advances.; Bridge terminology can be ambiguous, especially around neural networks, intelligence, and biological plausibility.; Imaging conclusions can depend on acquisition, preprocessing, and model specification.",10.1002/JCP.1030510306,5891a3178be8e44b834b6b265dbf88f2417892cf,https://doi.org/10.1002/JCP.1030510306,,,,paper,unknown,brain; cerebral; cortex; brain/neural structure in title,
31,1958,On cytoplasmic basophilia in the nerve cells of the cerebral cortex. I. Methodology.,H. Pakkenberg,Acta Anatomica,1958,10,0,56.36,"Cellular, Synaptic, and Neuromorphic Foundations",brain-structure,Positions On cytoplasmic basophilia in the nerve cells of the cerebral cortex. I. Methodology. within General Brain Science and Reviews.,high citation signal (10); brain-structure signal,"Cellular mechanisms rarely scale directly into whole-brain behavior or modern AI architectures.; Animal and ex vivo findings require careful translation to human cognition and deployed systems.; Imaging conclusions can depend on acquisition, preprocessing, and model specification.",10.1159/000141400,e47a4e197c947b67bc9b45c0bff95b1e5d056b32,https://doi.org/10.1159/000141400,,,,JournalArticle,unknown,brain; cerebral; cortex; brain/neural structure in title,
32,1958,The electroencephalogram in metastatic tumors of the brain,"D. Klass, R. Bickford",Neurology,1958-05-01,10,0,69.56,Clinical NeuroAI and Brain Disorders,brain-structure;neural-signals,"Positions The electroencephalogram in metastatic tumors of the brain within EEG, MEG, and Electrophysiology.",high citation signal (10); recognized venue; brain-structure signal,"Clinical cohorts vary by disease stage, comorbidity, treatment history, and follow-up.; Models can learn site or demographic artifacts instead of disease mechanisms.; Imaging conclusions can depend on acquisition, preprocessing, and model specification.",10.1212/WNL.8.5.333,f4d19c9179d49d3a0bc6e2179168b57a561f6269,https://doi.org/10.1212/WNL.8.5.333,,,,JournalArticle; Review,unknown,brain; eeg; meg; brain/neural structure in title,
33,1958,Evidence for a Relation between Creatine Phosphate Level and Polarity of the Cerebral Cortex,"J. Křivánek, J. Bureš, O. Burešová",Nature,1958-12-27,7,0,65.63,General Brain-AI Structure Reviews and Methods,brain-structure,Positions Evidence for a Relation between Creatine Phosphate Level and Polarity of the Cerebral Cortex within General Brain Science and Reviews.,high citation signal (7); recognized venue; open-access PDF metadata; brain-structure signal,"Reviews and methods can dominate citations while obscuring smaller empirical advances.; Bridge terminology can be ambiguous, especially around neural networks, intelligence, and biological plausibility.; Imaging conclusions can depend on acquisition, preprocessing, and model specification.",10.1038/1821799A0,9a512b4b1394e66e59cc0c2fd1f913f852e20834,https://doi.org/10.1038/1821799A0,,https://www.nature.com/articles/1821799a0.pdf,,JournalArticle,unknown,brain; cerebral; cortex; brain/neural structure in title,
34,1958,Learning Characteristics of Brain-Injured Children,M. H. Fouracre,Unknown venue,1958-01-01,6,1,52.23,"Cognitive Architectures, Learning, and Systems Neuroscience",brain-structure,Positions Learning Characteristics of Brain-Injured Children within Cognitive and Systems Neuroscience.,high citation signal (6); brain-structure signal,"Task designs can oversimplify cognition and limit ecological validity.; Circuit-behavior correlations need causal perturbation or strong model comparison before mechanistic claims are secure.; Imaging conclusions can depend on acquisition, preprocessing, and model specification.",10.1177/001440295802400504,ecec30c40405e427624f4916ba0f614cf52c1b13,https://doi.org/10.1177/001440295802400504,,,,JournalArticle,unknown,brain; brain/neural structure in title; historical computation/learning bridge,
35,1958,Cytoplasmic basophilia in the nerve cells of the cerebral cortex,"H. Pakkenberg, J. Vraa-Jensen",Acta Neuropathologica,1958-07-01,5,0,45.45,"Cellular, Synaptic, and Neuromorphic Foundations",brain-structure,Positions Cytoplasmic basophilia in the nerve cells of the cerebral cortex within General Brain Science and Reviews.,high citation signal (5); brain-structure signal,"Cellular mechanisms rarely scale directly into whole-brain behavior or modern AI architectures.; Animal and ex vivo findings require careful translation to human cognition and deployed systems.; Imaging conclusions can depend on acquisition, preprocessing, and model specification.",10.1007/BF00684396,34e1fdb96cf305c0fe5f9435be09d97b8ab04976,https://doi.org/10.1007/BF00684396,,,,paper,unknown,brain; cerebral; cortex; brain/neural structure in title,
36,1958,The effect of hypothyroidism on the development of the ground substance of the cerebral cortex.,"G. Horn, A. Hess",Journal of Anatomy,1958-07-01,4,0,42.17,General Brain-AI Structure Reviews and Methods,brain-structure,"Positions The effect of hypothyroidism on the development of the ground substance of the cerebral cortex. within Brain Development, Plasticity, and Connectomics.",high citation signal (4); brain-structure signal,"Reviews and methods can dominate citations while obscuring smaller empirical advances.; Bridge terminology can be ambiguous, especially around neural networks, intelligence, and biological plausibility.; Imaging conclusions can depend on acquisition, preprocessing, and model specification.",,244bd5468675f7a6a02ea8f307c281f7c6c31ac6,https://www.semanticscholar.org/paper/244bd5468675f7a6a02ea8f307c281f7c6c31ac6,,,,JournalArticle,unknown,brain; cerebral; cortex; brain/neural structure in title,
37,1958,[Toxic brain diseases caused by stalinon; anatomo-clinical and electroencephalographic aspects].,"P. Cossa, Duplay, Fischgold, ARFEL-CAPDEVIELLE, Lafon, Passouant, et al.",Revue neurologique (Paris),1958-02-01,3,0,41.75,"Connectomics, Graph Models, and Brain Networks",brain-structure;connectome;neural-signals;clinical-neuroai,"Positions [Toxic brain diseases caused by stalinon; anatomo-clinical and electroencephalographic aspects]. within EEG, MEG, and Electrophysiology.",high citation signal (3); brain-structure signal,"Graph results can depend strongly on parcellation, thresholding, acquisition, and preprocessing choices.; Correlation networks are often interpreted more causally than the evidence supports.; Imaging conclusions can depend on acquisition, preprocessing, and model specification.",,95a4b569cb227a2b543d4c306f64502872fc5ce5,https://www.semanticscholar.org/paper/95a4b569cb227a2b543d4c306f64502872fc5ce5,,,,JournalArticle,unknown,brain; eeg; meg; brain/neural structure in title,
38,1958,The effect of varying the intertrial interval in discrimination learning by normal and brain-operated monkeys.,"A. Riopelle, G. A. Churukian",Journal of Comparative and Physiological Psychology,1958,2,0,36.98,"Cognitive Architectures, Learning, and Systems Neuroscience",brain-structure,Positions The effect of varying the intertrial interval in discrimination learning by normal and brain-operated monkeys. within Cognitive and Systems Neuroscience.,high citation signal (2); brain-structure signal,"Task designs can oversimplify cognition and limit ecological validity.; Circuit-behavior correlations need causal perturbation or strong model comparison before mechanistic claims are secure.; Imaging conclusions can depend on acquisition, preprocessing, and model specification.",,f8a9b7e3731f53c0d2ded8708a73ef08e74bf67b,https://www.semanticscholar.org/paper/f8a9b7e3731f53c0d2ded8708a73ef08e74bf67b,,,,JournalArticle,unknown,brain; brain/neural structure in title; historical computation/learning bridge,
39,1958,[Culture of the cerebral cortex of adult animals; an original method for obtaining cultures of cortical neurons of the frontal lobes of rabbits & monkeys].,M. Mastrogiovanni,Revue neurologique (Paris),1958-06-01,2,0,34.98,"Cellular, Synaptic, and Neuromorphic Foundations",brain-structure,"Positions [Culture of the cerebral cortex of adult animals; an original method for obtaining cultures of cortical neurons of the frontal lobes of rabbits & monkeys]. within Cellular, Molecular, and Synaptic Neuroscience.",high citation signal (2); brain-structure signal,"Cellular mechanisms rarely scale directly into whole-brain behavior or modern AI architectures.; Animal and ex vivo findings require careful translation to human cognition and deployed systems.; Imaging conclusions can depend on acquisition, preprocessing, and model specification.",,341eb81f1fb5ebcf6f4c1b703e9cef41fa12ae85,https://www.semanticscholar.org/paper/341eb81f1fb5ebcf6f4c1b703e9cef41fa12ae85,,,,JournalArticle,unknown,cerebral; cortex; cortical; neuron; brain/neural structure in title,
40,1958,A quantitative analysis of volume of cell-body in the cerebral cortex. I. Methodology.,T. Kojima,Okajimas Folia Anatomica Japonica,1958-03-01,2,0,35.98,"Cellular, Synaptic, and Neuromorphic Foundations",brain-structure,Positions A quantitative analysis of volume of cell-body in the cerebral cortex. I. Methodology. within General Brain Science and Reviews.,high citation signal (2); open-access PDF metadata; brain-structure signal,"Cellular mechanisms rarely scale directly into whole-brain behavior or modern AI architectures.; Animal and ex vivo findings require careful translation to human cognition and deployed systems.; Imaging conclusions can depend on acquisition, preprocessing, and model specification.",10.2535/OFAJ1936.30.6_395,d20de14b848ed68c72c0684e0bed76dcb74bae1b,https://doi.org/10.2535/OFAJ1936.30.6_395,,https://doi.org/10.2535/ofaj1936.30.6_395,,JournalArticle,unknown,brain; cerebral; cortex; brain/neural structure in title,
41,1958,Autonomic function of the cerebral cortex,Grinshteĭn Am,Unknown venue,1958,2,0,32.98,General Brain-AI Structure Reviews and Methods,brain-structure,Positions Autonomic function of the cerebral cortex within General Brain Science and Reviews.,high citation signal (2); brain-structure signal,"Reviews and methods can dominate citations while obscuring smaller empirical advances.; Bridge terminology can be ambiguous, especially around neural networks, intelligence, and biological plausibility.; Imaging conclusions can depend on acquisition, preprocessing, and model specification.",,a4caf8bda66912709927cdd537da5ab517313758,https://www.semanticscholar.org/paper/a4caf8bda66912709927cdd537da5ab517313758,,,,paper,unknown,brain; cerebral; cortex; brain/neural structure in title,
42,1958,The characteristics of some points of cardiovascular and respiratory representation in the cerebral cortex of sheep.,Mitchell Jf,Unknown venue,1958-11-10,2,0,34.18,"Brain Decoding, Representation Learning, and BCI",brain-structure;decoding,Positions The characteristics of some points of cardiovascular and respiratory representation in the cerebral cortex of sheep. within General Brain Science and Reviews.,high citation signal (2); brain-structure signal; brain-to-model interface signal,"Small cohorts, session drift, invasive risk, and nonstationary signals limit generalization.; Offline decoding accuracy may not reflect real-time user burden or long-term deployment reliability.; Imaging conclusions can depend on acquisition, preprocessing, and model specification.",,33c7a2d007451cc267b097e7d7305d8352ee6c80,https://www.semanticscholar.org/paper/33c7a2d007451cc267b097e7d7305d8352ee6c80,,,,paper,unknown,brain; cerebral; cortex; brain/neural structure in title,
43,1958,"THE MAMMALIAN CEREBRAL CORTEX. By B. Delisle Burns. Monographs of the Physiological Society, No. 5. London: Arnold. Pp. vii + 119. 21s",C. G. Phillips,Unknown venue,1958-07-16,2,0,37.18,"Connectomics, Graph Models, and Brain Networks",brain-structure;connectome,"Positions THE MAMMALIAN CEREBRAL CORTEX. By B. Delisle Burns. Monographs of the Physiological Society, No. 5. London: Arnold. Pp. vii + 119. 21s within General Brain Science and Reviews.",high citation signal (2); open-access PDF metadata; brain-structure signal,"Graph results can depend strongly on parcellation, thresholding, acquisition, and preprocessing choices.; Correlation networks are often interpreted more causally than the evidence supports.; Imaging conclusions can depend on acquisition, preprocessing, and model specification.",10.1113/EXPPHYSIOL.1958.SP001341,040204141cca57301f67d899d6f317c5c7acbcdc,https://doi.org/10.1113/EXPPHYSIOL.1958.SP001341,,https://physoc.onlinelibrary.wiley.com/doi/pdf/10.1113/expphysiol.1958.sp001341,,paper,unknown,brain; cerebral; cortex; brain/neural structure in title,
44,1958,[Model of synaptic connection in the brain stem nuclei of the auditory tract].,J. Matzker,"Zeitschrift fur Laryngologie, Rhinologie, Otologie und ihre Grenzgebiete",1958-03-01,1,0,29.68,Computational Neuroscience and Brain-Inspired AI,brain-structure,"Positions [Model of synaptic connection in the brain stem nuclei of the auditory tract]. within Cellular, Molecular, and Synaptic Neuroscience.",high citation signal (1); brain-structure signal,"Model fit does not by itself prove biological mechanism.; Brain-inspired analogies can become too loose unless tied to measurable neural evidence.; Imaging conclusions can depend on acquisition, preprocessing, and model specification.",,4cafade4bcea26807439d5bff3c61d2760a8ac7a,https://www.semanticscholar.org/paper/4cafade4bcea26807439d5bff3c61d2760a8ac7a,,,,JournalArticle,unknown,brain; brain/neural structure in title; historical computation/learning bridge,
45,1958,INFLUENCE OF ELECTRICAL STIMULATION OF HYPOTHALAMUS UPON ELECTRICAL ACTIVITY OF CEREBRAL CORTEX IN CAT,I. Nakagawa,Unknown venue,1958-12-01,1,0,29.68,General Brain-AI Structure Reviews and Methods,brain-structure,Positions INFLUENCE OF ELECTRICAL STIMULATION OF HYPOTHALAMUS UPON ELECTRICAL ACTIVITY OF CEREBRAL CORTEX IN CAT within General Brain Science and Reviews.,high citation signal (1); brain-structure signal,"Reviews and methods can dominate citations while obscuring smaller empirical advances.; Bridge terminology can be ambiguous, especially around neural networks, intelligence, and biological plausibility.; Imaging conclusions can depend on acquisition, preprocessing, and model specification.",10.1111/j.1440-1819.1958.tb00740.x,6da0300c08aaa00d8a9414625e2d04ad8e36b43b,https://doi.org/10.1111/j.1440-1819.1958.tb00740.x,,,,paper,unknown,brain; cerebral; cortex; thalamus; hypothalamus; brain/neural structure in title,
46,1958,Studies in the Neurophysiology of Learning: IV. Effect of Brain Stimulation on the Learning Behavior of the White Rat in the Skinner Box,"J. A. Gengerelli, M. H. Woskow",Unknown venue,1958-06-01,1,0,29.68,"Cognitive Architectures, Learning, and Systems Neuroscience",brain-structure,Positions Studies in the Neurophysiology of Learning: IV. Effect of Brain Stimulation on the Learning Behavior of the White Rat in the Skinner Box within Cognitive and Systems Neuroscience.,high citation signal (1); brain-structure signal,"Task designs can oversimplify cognition and limit ecological validity.; Circuit-behavior correlations need causal perturbation or strong model comparison before mechanistic claims are secure.; Imaging conclusions can depend on acquisition, preprocessing, and model specification.",10.2466/pr0.1958.4.3.199,7f392d10d4cbedf3d00794fb52aaae28643ab198,https://doi.org/10.2466/pr0.1958.4.3.199,,,,JournalArticle,unknown,brain; brain/neural structure in title; historical computation/learning bridge,
47,1958,Effect of bemegride (megimide) on cerebral blood flow and electrical activity of brain; studies in cats and rabbits.,U. Soderberg,A M A Archives of Neurology & Psychiatry,1958,1,0,40.88,"Electrophysiology, Neural Signals, and AI Decoding",brain-structure;neural-signals,"Positions Effect of bemegride (megimide) on cerebral blood flow and electrical activity of brain; studies in cats and rabbits. within EEG, MEG, and Electrophysiology.",high citation signal (1); recognized venue; brain-structure signal,"Signal artifacts, montage choices, source localization, and session drift can dominate apparent model performance.; Temporal precision does not automatically imply anatomical specificity.; Imaging conclusions can depend on acquisition, preprocessing, and model specification.",,7d3b7143b24ec73e633d3b3cbd66b5a855e31919,https://www.semanticscholar.org/paper/7d3b7143b24ec73e633d3b3cbd66b5a855e31919,,,,JournalArticle,unknown,brain; cerebral; eeg; meg; brain/neural structure in title,
48,1958,[Autonomic function of the cerebral cortex].,A. Grinshtein,Zhurnal Nevropatologii I Psikhiatrii Imeni S S Korsakova,1958,1,0,25.68,General Brain-AI Structure Reviews and Methods,brain-structure,Positions [Autonomic function of the cerebral cortex]. within General Brain Science and Reviews.,high citation signal (1); brain-structure signal,"Reviews and methods can dominate citations while obscuring smaller empirical advances.; Bridge terminology can be ambiguous, especially around neural networks, intelligence, and biological plausibility.; Imaging conclusions can depend on acquisition, preprocessing, and model specification.",,9ab99fb63f7b2aeb03bdf8f37854eb9f1153ce48,https://www.semanticscholar.org/paper/9ab99fb63f7b2aeb03bdf8f37854eb9f1153ce48,,,,JournalArticle,unknown,brain; cerebral; cortex; brain/neural structure in title,
49,1958,[Direct connections of the optic tract with the cerebral cortex].,S. B. Dzugaeva,Zhurnal vyssheĭ nervnoĭ deiatelnosti imeni I P Pavlova,1958,1,0,25.68,General Brain-AI Structure Reviews and Methods,brain-structure,Positions [Direct connections of the optic tract with the cerebral cortex]. within General Brain Science and Reviews.,high citation signal (1); brain-structure signal,"Reviews and methods can dominate citations while obscuring smaller empirical advances.; Bridge terminology can be ambiguous, especially around neural networks, intelligence, and biological plausibility.; Imaging conclusions can depend on acquisition, preprocessing, and model specification.",,1167d0c0b41bdef03c6f772e9fb19eba390d5307,https://www.semanticscholar.org/paper/1167d0c0b41bdef03c6f772e9fb19eba390d5307,,,,JournalArticle,unknown,brain; cerebral; cortex; brain/neural structure in title,
50,1958,[Effect of reserpine-serotonin preparation on the brain and their suppression by reserpine antagonists: Iproniazid (marsilid) and LSD].,"M. Monnier, R. Tissot",Schweizer Archiv fur Neurologie und Psychiatrie. Archives suisses de neurologie et de psychiatrie. Archivio svizzero di neurologia e psichiatria,1958,1,0,25.68,"Electrophysiology, Neural Signals, and AI Decoding",brain-structure,"Positions [Effect of reserpine-serotonin preparation on the brain and their suppression by reserpine antagonists: Iproniazid (marsilid) and LSD]. within EEG, MEG, and Electrophysiology.",high citation signal (1); brain-structure signal,"Signal artifacts, montage choices, source localization, and session drift can dominate apparent model performance.; Temporal precision does not automatically imply anatomical specificity.; Imaging conclusions can depend on acquisition, preprocessing, and model specification.",,5e18ea448c2db6b10467d652c9857bc20b87de81,https://www.semanticscholar.org/paper/5e18ea448c2db6b10467d652c9857bc20b87de81,,,,JournalArticle,unknown,brain; eeg; meg; brain/neural structure in title,
51,1958,[Effect of stimulation of gastric mechanoreceptors on bio-electrical activity of the cortex and subcortical formations of the brain in normal and pathological conditions].,Raĭtses Vs,Unknown venue,1958-10-01,1,0,25.68,General Brain-AI Structure Reviews and Methods,brain-structure,Positions [Effect of stimulation of gastric mechanoreceptors on bio-electrical activity of the cortex and subcortical formations of the brain in normal and pathological conditions]. within General Brain Science and Reviews.,high citation signal (1); brain-structure signal,"Reviews and methods can dominate citations while obscuring smaller empirical advances.; Bridge terminology can be ambiguous, especially around neural networks, intelligence, and biological plausibility.; Imaging conclusions can depend on acquisition, preprocessing, and model specification.",,f6ca58af3e99bdd35cbafb23fd87812466fb0f07,https://www.semanticscholar.org/paper/f6ca58af3e99bdd35cbafb23fd87812466fb0f07,,,,paper,unknown,brain; cortex; cortical; brain/neural structure in title,
52,1958,[Electrophysiological indices of irritation and inhibition of the cerebral cortex].,A. Kogan,Fiziologicheskii zhurnal SSSR imeni I. M. Sechenova,1958,1,0,25.68,General Brain-AI Structure Reviews and Methods,brain-structure,Positions [Electrophysiological indices of irritation and inhibition of the cerebral cortex]. within General Brain Science and Reviews.,high citation signal (1); brain-structure signal,"Reviews and methods can dominate citations while obscuring smaller empirical advances.; Bridge terminology can be ambiguous, especially around neural networks, intelligence, and biological plausibility.; Imaging conclusions can depend on acquisition, preprocessing, and model specification.",,d8a3a9c682efb5402f0add9b7684df4865595c56,https://www.semanticscholar.org/paper/d8a3a9c682efb5402f0add9b7684df4865595c56,,,,JournalArticle,unknown,brain; cerebral; cortex; brain/neural structure in title,
53,1958,[Relation of functional development to structure of the cerebral cortex in ontogenesis. I. Development of conditioned reflex activity in ontogenesis in rabbits].,A. M. Ivanitskii,Biulleten' eksperimental'noi biologii i meditsiny,1958,1,1,25.68,General Brain-AI Structure Reviews and Methods,brain-structure,"Positions [Relation of functional development to structure of the cerebral cortex in ontogenesis. I. Development of conditioned reflex activity in ontogenesis in rabbits]. within Brain Development, Plasticity, and Connectomics.",high citation signal (1); brain-structure signal,"Reviews and methods can dominate citations while obscuring smaller empirical advances.; Bridge terminology can be ambiguous, especially around neural networks, intelligence, and biological plausibility.; Imaging conclusions can depend on acquisition, preprocessing, and model specification.",,382014aa38bea2b17fe8a6cc394158a011d51142,https://www.semanticscholar.org/paper/382014aa38bea2b17fe8a6cc394158a011d51142,,,,JournalArticle,unknown,brain; cerebral; cortex; brain/neural structure in title,
54,1958,[Role of the cerebral cortex in spatial orientation].,I. Beritov,Fiziologicheskii zhurnal SSSR imeni I. M. Sechenova,1958,1,0,25.68,General Brain-AI Structure Reviews and Methods,brain-structure,Positions [Role of the cerebral cortex in spatial orientation]. within General Brain Science and Reviews.,high citation signal (1); brain-structure signal,"Reviews and methods can dominate citations while obscuring smaller empirical advances.; Bridge terminology can be ambiguous, especially around neural networks, intelligence, and biological plausibility.; Imaging conclusions can depend on acquisition, preprocessing, and model specification.",,2c4db760db55597f72562ac95e92bf2809a4419a,https://www.semanticscholar.org/paper/2c4db760db55597f72562ac95e92bf2809a4419a,,,,JournalArticle,unknown,brain; cerebral; cortex; brain/neural structure in title,
55,1958,[Study in situ of the concentration of 4-C14-3-methyl-5-phenyl-5-ethyl-hydantoin in the cerebral cortex].,"Vigne Jp, Fondarai Ja",Unknown venue,1958,1,0,25.68,General Brain-AI Structure Reviews and Methods,brain-structure,Positions [Study in situ of the concentration of 4-C14-3-methyl-5-phenyl-5-ethyl-hydantoin in the cerebral cortex]. within General Brain Science and Reviews.,high citation signal (1); brain-structure signal,"Reviews and methods can dominate citations while obscuring smaller empirical advances.; Bridge terminology can be ambiguous, especially around neural networks, intelligence, and biological plausibility.; Imaging conclusions can depend on acquisition, preprocessing, and model specification.",,55aa73943dc17bcca8e5a3a8427391d686bf4018,https://www.semanticscholar.org/paper/55aa73943dc17bcca8e5a3a8427391d686bf4018,,,,paper,unknown,brain; cerebral; cortex; brain/neural structure in title,
56,1958,Effect of gamma-aminobutyryl-choline upon the electrical activity of the cerebral cortex.,"H. Takahashi, A. Nagashima, C. Koshino",Nature,1958,1,0,37.68,General Brain-AI Structure Reviews and Methods,brain-structure,Positions Effect of gamma-aminobutyryl-choline upon the electrical activity of the cerebral cortex. within General Brain Science and Reviews.,high citation signal (1); recognized venue; brain-structure signal,"Reviews and methods can dominate citations while obscuring smaller empirical advances.; Bridge terminology can be ambiguous, especially around neural networks, intelligence, and biological plausibility.; Imaging conclusions can depend on acquisition, preprocessing, and model specification.",,17412edd5ea583cba0b1f7a550827bd531b5792c,https://www.semanticscholar.org/paper/17412edd5ea583cba0b1f7a550827bd531b5792c,,,,JournalArticle,unknown,brain; cerebral; cortex; brain/neural structure in title,
57,1958,On the relationship between the functional and structural development of the cerebral cortex in the process of ontogenesis,A. M. Ivanitskii,Bulletin of experimental biology and medicine,1958-07-01,1,0,25.68,General Brain-AI Structure Reviews and Methods,brain-structure,"Positions On the relationship between the functional and structural development of the cerebral cortex in the process of ontogenesis within Brain Development, Plasticity, and Connectomics.",high citation signal (1); brain-structure signal,"Reviews and methods can dominate citations while obscuring smaller empirical advances.; Bridge terminology can be ambiguous, especially around neural networks, intelligence, and biological plausibility.; Imaging conclusions can depend on acquisition, preprocessing, and model specification.",10.1007/BF00837788,ea836322cb66bc9d22153bbb392b51dc23518cb3,https://doi.org/10.1007/BF00837788,,,,paper,unknown,brain; cerebral; cortex; brain/neural structure in title,
58,1958,Pathways of glucose metabolism in rabbit cerebral cortex.,"M. Villavicencio, F. Rosales, A. Olivera, E. Melgar, R. Guerra",Unknown venue,1958,1,0,25.68,General Brain-AI Structure Reviews and Methods,brain-structure,"Positions Pathways of glucose metabolism in rabbit cerebral cortex. within Cerebrovascular, Metabolism, and Brain Injury.",high citation signal (1); brain-structure signal,"Reviews and methods can dominate citations while obscuring smaller empirical advances.; Bridge terminology can be ambiguous, especially around neural networks, intelligence, and biological plausibility.; Imaging conclusions can depend on acquisition, preprocessing, and model specification.",,dea49898f40d8d60498c0623fc15d82378b3f756,https://www.semanticscholar.org/paper/dea49898f40d8d60498c0623fc15d82378b3f756,,,,paper,unknown,brain; cerebral; cortex; brain/neural structure in title,
59,1958,Relation of functional development to structure of the cerebral cortex in ontogenesis. I. Development of conditioned reflex activity in ontogenesis in rabbits,Ivanitskiĭ Am,Unknown venue,1958-07-01,1,0,25.68,General Brain-AI Structure Reviews and Methods,brain-structure,"Positions Relation of functional development to structure of the cerebral cortex in ontogenesis. I. Development of conditioned reflex activity in ontogenesis in rabbits within Brain Development, Plasticity, and Connectomics.",high citation signal (1); brain-structure signal,"Reviews and methods can dominate citations while obscuring smaller empirical advances.; Bridge terminology can be ambiguous, especially around neural networks, intelligence, and biological plausibility.; Imaging conclusions can depend on acquisition, preprocessing, and model specification.",,02155293e091a390e17812b38038d2f8a17f4590,https://www.semanticscholar.org/paper/02155293e091a390e17812b38038d2f8a17f4590,,,,paper,unknown,brain; cerebral; cortex; brain/neural structure in title,
60,1958,Role of the cerebral cortex in spatial orientation,Beritov Is,Unknown venue,1958-11-01,1,0,25.68,General Brain-AI Structure Reviews and Methods,brain-structure,Positions Role of the cerebral cortex in spatial orientation within General Brain Science and Reviews.,high citation signal (1); brain-structure signal,"Reviews and methods can dominate citations while obscuring smaller empirical advances.; Bridge terminology can be ambiguous, especially around neural networks, intelligence, and biological plausibility.; Imaging conclusions can depend on acquisition, preprocessing, and model specification.",,4917ba9a6dc7def19fabc7ecbebd5bc833b727d7,https://www.semanticscholar.org/paper/4917ba9a6dc7def19fabc7ecbebd5bc833b727d7,,,,paper,unknown,brain; cerebral; cortex; brain/neural structure in title,
61,1958,Serotonin in Relation to Brain Function: III. The Action of Psychotropic Drugs (A Biochemical and Physiological Interpretation).,"B. Brodie, D. Bogdanski, P. A. Shore",Unknown venue,1958,1,0,25.68,"Electrophysiology, Neural Signals, and AI Decoding",brain-structure,"Positions Serotonin in Relation to Brain Function: III. The Action of Psychotropic Drugs (A Biochemical and Physiological Interpretation). within EEG, MEG, and Electrophysiology.",high citation signal (1); brain-structure signal,"Signal artifacts, montage choices, source localization, and session drift can dominate apparent model performance.; Temporal precision does not automatically imply anatomical specificity.; Imaging conclusions can depend on acquisition, preprocessing, and model specification.",10.1037/11190-015,75bf8aea9ede8e111fc01e95240df79bada18fad,https://doi.org/10.1037/11190-015,,,,paper,unknown,brain; eeg; meg; brain/neural structure in title,
62,1958,The characteristics of some points of cardiovascular and respiratory representation in the cerebral cortex of sheep.,J. Mitchell,Journal of Physiology,1958,1,0,26.88,"Brain Decoding, Representation Learning, and BCI",brain-structure;decoding,Positions The characteristics of some points of cardiovascular and respiratory representation in the cerebral cortex of sheep. within General Brain Science and Reviews.,high citation signal (1); brain-structure signal; brain-to-model interface signal,"Small cohorts, session drift, invasive risk, and nonstationary signals limit generalization.; Offline decoding accuracy may not reflect real-time user burden or long-term deployment reliability.; Imaging conclusions can depend on acquisition, preprocessing, and model specification.",,8e41769b8ada883ce55df45a3a41b2a3db167f9f,https://www.semanticscholar.org/paper/8e41769b8ada883ce55df45a3a41b2a3db167f9f,,,,JournalArticle,unknown,brain; cerebral; cortex; brain/neural structure in title,
63,1958,"The effect of partial and total extirpation of the cerebral cortex on the ""mechanical secretion"" of gastric juice",A. S. Chechulin,Bulletin of experimental biology and medicine,1958-06-01,1,0,25.68,General Brain-AI Structure Reviews and Methods,brain-structure,"Positions The effect of partial and total extirpation of the cerebral cortex on the ""mechanical secretion"" of gastric juice within General Brain Science and Reviews.",high citation signal (1); brain-structure signal,"Reviews and methods can dominate citations while obscuring smaller empirical advances.; Bridge terminology can be ambiguous, especially around neural networks, intelligence, and biological plausibility.; Imaging conclusions can depend on acquisition, preprocessing, and model specification.",10.1007/BF00824585,1bb5419fadd63cb6e0b799dea4c39f8ca6a0bb96,https://doi.org/10.1007/BF00824585,,,,JournalArticle,unknown,brain; cerebral; cortex; brain/neural structure in title,
64,1958,Effect of Electric Shock Upon Brain Calcium,I. Pangrac,Unknown venue,1958,0,0,19.2,"Cognitive Architectures, Learning, and Systems Neuroscience",brain-structure,This paper reports a study of one aspect of perseveration learning theory.,high citation signal (0); brain-structure signal,"Task designs can oversimplify cognition and limit ecological validity.; Circuit-behavior correlations need causal perturbation or strong model comparison before mechanistic claims are secure.; Imaging conclusions can depend on acquisition, preprocessing, and model specification.",10.58809/shob3417,d33a701e8e63e7165c8afb24ff3d1dfe78c15094,https://doi.org/10.58809/shob3417,,,,paper,unknown,brain; neural; brain/neural structure in title; historical computation/learning bridge,"This paper reports a study of one aspect of perseveration learning theory. Three assumptions led to this study. The first was the theory that the perseveration of neural activity initiated by a learning stimulus results in the removal of calcium from brain tissues. The second assumption leading to this study was that electroshock will initiate neural activity that is similar to the neural activity created by a learning stimulus. The third assumption was that electroshock might be a faster way to produce neural change than would a learning stimulus. The subjects were 46 naive hooded and albino rats. The subjects were divided into matched experimental and control groups, 23 animals in each group. The experimental group was administered electroshock through the head by alligator clips attached to the ears. Each experimental subject was administered 200 shocks. After 200 shocks had been administered, all of the animals were sacrificed and the brains were removed and analyzed. The results of the analyses of the brains were treated statistically by the two-tailed signs test. There was no significant difference between the actual results and those which would have been expected by chance."
65,1958,The Adrenal Cortex,J. T. Velardo,The Yale Journal of Biology and Medicine,1958-04-01,0,0,22.8,General Brain-AI Structure Reviews and Methods,brain-structure;connectome;neural-signals;neuromorphic-bci,detail. The interesting discussion of this paper briefly covers considerations of cerebral influences on perception and sensory input in general.,high citation signal (0); brain-structure signal; brain-to-model interface signal,"Reviews and methods can dominate citations while obscuring smaller empirical advances.; Bridge terminology can be ambiguous, especially around neural networks, intelligence, and biological plausibility.; Imaging conclusions can depend on acquisition, preprocessing, and model specification.",10.1002/jps.3030470136,37f38a092d06a79df5b3baecf18ada20283c0d2d,https://doi.org/10.1002/jps.3030470136,,,,Review,unknown,brain; cerebral; cortex; cortical; eeg; meg; brain/neural structure in title,"detail. The interesting discussion of this paper briefly covers considerations of cerebral influences on perception and sensory input in general. The next section of the book consists of an extensive, 90-page report by Joel Elkes on the effects of psychosomimetic drugs in animals and man. This represents a detailed presentation of the valuable work of Elkes and his group, and one may be very grateful for its inclusion in such complete form in this volume. Elkes reviews the experimental rationale and his analysis of effects of psychosomimetic drugs on the nervous system particularly, emphasizing physiological and enzymatic mechanisms. In considering physiological mechanisms of these drug effects, the next paper by Dominick Purpura is concerned mainly with the origin of surface cortical potentials and the effects on these potentials of drugs such as LSD-25 and mescalin. Many thoughtful comments concerning the origin of dendritic potentials and their relationship to electroencephalographic activity were made in the rather complete discussion. Serotonin and norepinephrine as antagonistic mediators regulating the central autonomic nervous system are discussed by Bernard B. Brodie. This is a very significant and stimulating concept summarized well by Brodie who has been developing it during the past few years. The volume terminates with a discussion by James Olds of brain response to drugs in relation to self stimulation. This represents an account of the effects of various drugs on the ability of experimental animals to initiate self-stimulation, apparently rewarding or pleasurable, through electrodes chronically implanted at particular points in the brain, especially the subcortical upper brain stem nuclei. Taken as a whole, the publication of the three volumes on neuropharma-cology by the Josiah Macy, Jr. Foundation is an extremely useful contribution. In most instances the bibliographies and reference lists are extremely complete and the material presented relatively available. The papers and discussions are critical, stimulating, and especially valuable to workers already somewhat familiar with the field. Yet, to the unfamiliar, reading these volumes would be a rewarding experience. by I. Chester Jones represents a tottr de force in literary style, accturacy, and pedagogy. Professor Chester Jones writes as easily as he speaks. There are no tacit assumptions in this work. Through the use of approximately 2,100 references, each statement is carefully documented, and the primary source materials are critically evaluated in numerous instances. The latter is rarely accomplished in scientific treatises, and the attempts of Chester Jones are indeed refreshing. His association …"
66,1958,[Non-specific projection from the subcortical region to the cerebral cortex in spreading EEG depression].,"T. Weiss, J. Bureš",Ceskoslovenska fysiologie,1958-05-01,0,0,18.4,"Electrophysiology, Neural Signals, and AI Decoding",brain-structure;neural-signals,"Positions [Non-specific projection from the subcortical region to the cerebral cortex in spreading EEG depression]. within EEG, MEG, and Electrophysiology.",high citation signal (0); brain-structure signal,"Signal artifacts, montage choices, source localization, and session drift can dominate apparent model performance.; Temporal precision does not automatically imply anatomical specificity.; Imaging conclusions can depend on acquisition, preprocessing, and model specification.",,3ca42b40d48a71458db0db9a96403c9cb1a391fb,https://www.semanticscholar.org/paper/3ca42b40d48a71458db0db9a96403c9cb1a391fb,,,,JournalArticle,unknown,cerebral; cortex; cortical; eeg; meg; brain/neural structure in title,
67,1958,Changes in Intelligence Consequent to Brain Damage.,D. Wechsler,Unknown venue,1958,0,0,17.2,General Brain-AI Structure Reviews and Methods,brain-structure,Positions Changes in Intelligence Consequent to Brain Damage. within General Brain Science and Reviews.,high citation signal (0); brain-structure signal,"Reviews and methods can dominate citations while obscuring smaller empirical advances.; Bridge terminology can be ambiguous, especially around neural networks, intelligence, and biological plausibility.; Imaging conclusions can depend on acquisition, preprocessing, and model specification.",10.1037/11167-013,ffcd9b36662d39985c8500e45ee4de4eca3ca668,https://doi.org/10.1037/11167-013,,,,paper,unknown,brain; brain/neural structure in title; historical computation/learning bridge,
68,1958,[Modification of arterial system of subcortical nuclei following removal of a part of the cerebral cortex].,A. N. Gabuzov,"Arkhiv anatomii, gistologii i embriologii",1958,0,0,15.2,General Brain-AI Structure Reviews and Methods,brain-structure,Positions [Modification of arterial system of subcortical nuclei following removal of a part of the cerebral cortex]. within General Brain Science and Reviews.,high citation signal (0); brain-structure signal,"Reviews and methods can dominate citations while obscuring smaller empirical advances.; Bridge terminology can be ambiguous, especially around neural networks, intelligence, and biological plausibility.; Imaging conclusions can depend on acquisition, preprocessing, and model specification.",,2c5fd829caaaf2fd3a05e8fd3ff13719f76263c7,https://www.semanticscholar.org/paper/2c5fd829caaaf2fd3a05e8fd3ff13719f76263c7,,,,JournalArticle,unknown,brain; cerebral; cortex; cortical; brain/neural structure in title,
69,1958,"[Neurophysiological study of the effect of a vitamin B group on cerebral cortex, thalamus & rhinencephalon of active & free rabbit].",J. Faure,Comptes rendus des seances de la Societe de biologie et de ses filiales,1958,0,0,15.2,General Brain-AI Structure Reviews and Methods,brain-structure,"Positions [Neurophysiological study of the effect of a vitamin B group on cerebral cortex, thalamus & rhinencephalon of active & free rabbit]. within General Brain Science and Reviews.",high citation signal (0); brain-structure signal,"Reviews and methods can dominate citations while obscuring smaller empirical advances.; Bridge terminology can be ambiguous, especially around neural networks, intelligence, and biological plausibility.; Imaging conclusions can depend on acquisition, preprocessing, and model specification.",,1e2f0a88e0c63414765596bc04fa8966bced02b2,https://www.semanticscholar.org/paper/1e2f0a88e0c63414765596bc04fa8966bced02b2,,,,JournalArticle,unknown,brain; cerebral; cortex; thalamus; brain/neural structure in title,
70,1958,Modification of arterial system of subcortical nuclei following removal of a part of the cerebral cortex,Gabuzov An,Unknown venue,1958-07-01,0,0,15.2,General Brain-AI Structure Reviews and Methods,brain-structure,Positions Modification of arterial system of subcortical nuclei following removal of a part of the cerebral cortex within General Brain Science and Reviews.,high citation signal (0); brain-structure signal,"Reviews and methods can dominate citations while obscuring smaller empirical advances.; Bridge terminology can be ambiguous, especially around neural networks, intelligence, and biological plausibility.; Imaging conclusions can depend on acquisition, preprocessing, and model specification.",,93f8e499ab5fb5873bfd423231b345faa9c4a59b,https://www.semanticscholar.org/paper/93f8e499ab5fb5873bfd423231b345faa9c4a59b,,,,paper,unknown,brain; cerebral; cortex; cortical; brain/neural structure in title,
71,1958,On Transmission of Stimuli in Central Nervous System With Special References to Substance P.,Pavel Štern,Acta Medica Academica,1958-06-27,0,0,17.6,"Cellular, Synaptic, and Neuromorphic Foundations",brain-structure;connectome;neural-signals,Transmission of stimuli in the central nervous system in relation to the peripheral and autonomic nervous systems presents serious difficulties to the research worker trying to solve this highly complicated problem.,high citation signal (0); brain-structure signal,"Cellular mechanisms rarely scale directly into whole-brain behavior or modern AI architectures.; Animal and ex vivo findings require careful translation to human cognition and deployed systems.; Imaging conclusions can depend on acquisition, preprocessing, and model specification.",10.5644/radovi.32,37c90a0e87316ae69862b853708b50faec69b315,https://doi.org/10.5644/radovi.32,,,,JournalArticle; Review,unknown,brain; thalamus; basal ganglia; eeg; meg; ecog,"Transmission of stimuli in the central nervous system in relation to the peripheral and autonomic nervous systems presents serious difficulties to the research worker trying to solve this highly complicated problem. Because of the very complex nature of the organs condemned owing to their anatomic structure we are preluded from making any simple experiments, such as those regarding the autonomic nervous system, which makes research work in this field most difficult. Hence, the results obtained are as a rule not clear enough to allow of any definite interpretation. To illustrate the point reference is made to similar experimental methods used a research work about the peripheral nervous system (perfusion of galaiglia, work on axonal fibres and the end-plate, etc.). Any application of such methods to the central nervous system would obviously be impossible. Indeed, we were entirely successful in demonstrating the existence of a complete ""order"" and the peripheral and anatomic systems as regards the theoretically possible combinations of cholinergic and adrenergic neurons. Among other methods and techniques used in research work concerned with the central nervous system, attention is drawn to the great value of Horsley-Clarsce apparatus and to the importance of modem biochemical method B, electroencephalography, etc. Novel biochemical methods have produced great results, especially as regards the function of biogenous amines. The latter peripheral amines are also to be found in the central nervous system (Ach, adrenaline, noradrenaline 5 HT, histamine, butyril choliae). This fact, and many others as well, leads to the conclusion that the latter substances are transmitters in the central nervous system and 'in the periphery alike. The extreme diversity and multiplicity of transmission of stimuli in the central nervous system cannot be accounted for by Ach alone. In addition to biogenous amines, due consideration should be given to polypeptides, SP, and Florey's substance as possible transmitters, and to some other substance as well, including lipo-nucleotides. Such an imposing array- of transmitters makes possible an extremely \Vide range of variations and combinations. The number grows even greater when account is taken of the fact that each substance may have an excitatory and (or inhibitory action. Moreover, there are tracts that break off in places again and again, which makes the number of possible variations grow out of all proportion. In dealing with the central nervous system, this is a supposition that must of necessity be recognised. The substance mentioned above are merely those we are familiar with; there must be some others as well which we have failed to discover. To deal adequately with each transmitter enumerated above within the limits of a single paper would obviously be impossible; as well instead confine ourselves to a discussion about the present views held on. the position of the polypeptide called Substance P, which has been the object of our special studies lately. By way of introduction, some general properties of the substance P will need to be reported on (its isolation tin larger quantities as well as from smaller tissues, its physiological and pharmacologic properties, testing and distribution, especially in the Central nervous system). Substance P is found distributed in large amounts in the basal ganglia and in the formatil reticularis, one region often containing much of it and the next one very little. This fact speaks for its transmitting function. The substance interferes with neither histamine nor adrenaline nor 5 HT. The substance P has been known for over twenty-five years, yet it is only since the publication of the work of Pernov and Lambeck 'in 1953 and that of Zettler in 1956 that we have learnt more about its function. Lembeck was the first to show that the substance is to be found in quantity in the dorsal roots of medulla spinalis, which suggested the possibility of it having a transmitting function in the first sensible neuron. Zettler pointed out that the substance P participates in the Central nervous system as the transmitting substance of certain inhibitory systems. After a series of experiments Zettler succeeded in testing the substance P in its relation to various neurotropic pharmacons. We have been particularly impressed by the great similarity between the properties of mephenesine - an excellent relaxar.t of musculature - and those of the substance P, as demonstrated by Zettler. He found, for instance, that the substance P has a sedative effect, preventing strychnine cramps and prolonging at the same time the evipan narcosis and latency of the onset of picrotoxin spasm, etc. In order to complete the picture, we decided to carry out experiments with the substance P as done by Zettler with mephesine, and vice versa, experiments with mephesine as done by Zettler with the substance P only. The results went to show that the substance P reduces the intensity of cramps due to tetanus toxin as well as those provoked by W 181. Strychnine and tetanus toxin are known to act in the same way, so the prevention of cramps brought about by W 181 speaks for the synergism of substance P and that of mephenesin'e, if only because of the fact that mephenesine is the only anticonvulsant - according to Berger - that prevents convulsions due to W 181. In subsequent experiments we were able to show that mephenesine prevents tremor due to harmine and catalepsy provoked by bulbocapnine, in addition to liits removing the analgetic effect due to morphine. Eventually, we carried out experiments that established the fact that SKT 525 A, which prolongs and potentiates the effect of a number of neurotropic pharmaceutical drugs, also prolongs the action of the substance P. IDNH, which is provocative of intense psyho-motor agitation, can also be removed by the substance P. As the Table shows, the results of fourteen various experiments made with mephenesine can also be obtained with the substance P. This fact speaks definitely for the synergism of the substance P and that of mephene sine. Subsequently, we compared the results of these experiments with those obtained with meprobamat, the classic tranquilliser. The latter also showed, in a great majority of cases, synergism with the substance P. Since mephenesine and meprobamat do not remove monosynajptic reflexes, while being able to do so in respect of polysynaptic reflexes, we attempted to draw a parallel in this instance also. The results went to show that the substance P does in fact remove the polysynaptic reflexes (homolateral flexoral and contralateral extensory) provoked in a decerebrated cat, while tit fails to do so when the reflexes are monosynaptic patellar. Likewise, the substance P inhibits the stimulating action of nicotine on polysynaptic reflexes. In addition to these non-conditioned reflexes we also made experiments with a conditioned reflex on rats (stimulus of current and sound of bell). We found Substance P to have no effect on the conditioned reflex. The results of further experiments on rats - in the so-called ""Irrgarten"" - showed that the substance P has no appreciable influence, as a stimulant, upon nervous activity of the animals. At the same time, the substance P was found to stop vomiting, in pigeons, provoked by digitalis. This is of interest because area potstrema contains large quantities of Substance P, and the area is known to be the so-called receptor zone of the vomiting reflex. We failed to establish the existence of synergism of Substance P and mephesine only on the peripheral-afferent impulse of a hare's ear, as shown by Lambeck in respect of the substance P. However, we did find the substance P to remove the rotatory mystagmus of the mouse, which is known to be the effect of mephesine also. Some authors were reported to have tried to test concentrations of Substance P by administration of various pharmaceutical drugs known to have an exciting or sedative effect on the Central nervous system. The results so far have been contradictory in parts, allowing of no general conclusions. For this reason, we effected stimulation of a nerve organ .in a different way, it was shown that in a darkened eye of a cow there occurs a gathering together of the substance P. This ds most interesting when related to Krlvoya's finding that LSD has an inhibitory effect upon a ferment that acts destructively on the substance P. On the other- hand, Pfeffler is of the opinion that LSD only acts peripherally over the eye since it does not cause hallucinations in the blind. In actual fact, all these effects are to be accounted for by the action of the substance P in the central nervous system, for we were able to show an increase in the level of the substance P in the brain of rats after intraperitoneal injection of larger doses. Present position of Substance P and its physiology and pharmacology has thus been reviewed. The findings of Lambeck and Zettler stand confirmed. In all probability the substance P is the transmitter substance in the Central nervous system. In the main it has a rousing effect on inhibitory mechanisms. This corresponds with the findings of Perov and Euler to the effect that Substance P administered intracysterally provokes inhibition of spontaneity. A great number of experiments go to show that there is synerghm between Substance P, mephesine and meprobamat; consequently, that we are concerned with a physiological tranquilliser. Hence, the question arises what effects, if any, might the substance have on the course of mental diseases. The question is all the more interesting as mephesine has been found to produce an excellent sedative effect on hares, and also because of the hypothesis that Substance P might be the substance responsible for secretion of ACTH - knowing as we do that an accumulation of ACTH in hvpothalamus produces inhibition of the sensation of tear. It was Berger who divided tranquillisers in tw"
72,1958,[Analysis of pathological conditions of the cerebral cortex].,J. Sedláček,Sbornik lekarsky,1958-07-01,0,0,13.2,General Brain-AI Structure Reviews and Methods,brain-structure,Positions [Analysis of pathological conditions of the cerebral cortex]. within General Brain Science and Reviews.,high citation signal (0); brain-structure signal,"Reviews and methods can dominate citations while obscuring smaller empirical advances.; Bridge terminology can be ambiguous, especially around neural networks, intelligence, and biological plausibility.; Imaging conclusions can depend on acquisition, preprocessing, and model specification.",,450344c8450ad6107a5babe149f357fa4f048a21,https://www.semanticscholar.org/paper/450344c8450ad6107a5babe149f357fa4f048a21,,,,JournalArticle,unknown,brain; cerebral; cortex; brain/neural structure in title,
73,1958,[Antagonism between corazole and narcotics and their effects on the cerebral cortex].,N. G. Stroĭkova,Zhurnal vyssheĭ nervnoĭ deiatelnosti imeni I P Pavlova,1958,0,0,13.2,General Brain-AI Structure Reviews and Methods,brain-structure,Positions [Antagonism between corazole and narcotics and their effects on the cerebral cortex]. within General Brain Science and Reviews.,high citation signal (0); brain-structure signal,"Reviews and methods can dominate citations while obscuring smaller empirical advances.; Bridge terminology can be ambiguous, especially around neural networks, intelligence, and biological plausibility.; Imaging conclusions can depend on acquisition, preprocessing, and model specification.",,7c60236ad3cb0c76e97cbdbad4aaf0fa156630b4,https://www.semanticscholar.org/paper/7c60236ad3cb0c76e97cbdbad4aaf0fa156630b4,,,,JournalArticle,unknown,brain; cerebral; cortex; brain/neural structure in title,
74,1958,[Bioelectric changes in the cerebral cortex during tourniquet application and the use of some preventive measures before its removal; experimental study].,Danovich Fm,Unknown venue,1958-06-01,0,0,13.2,General Brain-AI Structure Reviews and Methods,brain-structure,Positions [Bioelectric changes in the cerebral cortex during tourniquet application and the use of some preventive measures before its removal; experimental study]. within General Brain Science and Reviews.,high citation signal (0); brain-structure signal,"Reviews and methods can dominate citations while obscuring smaller empirical advances.; Bridge terminology can be ambiguous, especially around neural networks, intelligence, and biological plausibility.; Imaging conclusions can depend on acquisition, preprocessing, and model specification.",,08f83ea3bfdc6234cad5ed759259668f8afaf8b2,https://www.semanticscholar.org/paper/08f83ea3bfdc6234cad5ed759259668f8afaf8b2,,,,paper,unknown,brain; cerebral; cortex; brain/neural structure in title,
75,1958,[Bioelectric changes in the cerebral cortex during tourniquet application and the use of some preventive measures before its removal; experimental study].,F. M. Danovich,Vestnik khirurgii imeni I. I. Grekova,1958,0,0,13.2,General Brain-AI Structure Reviews and Methods,brain-structure,Positions [Bioelectric changes in the cerebral cortex during tourniquet application and the use of some preventive measures before its removal; experimental study]. within General Brain Science and Reviews.,high citation signal (0); brain-structure signal,"Reviews and methods can dominate citations while obscuring smaller empirical advances.; Bridge terminology can be ambiguous, especially around neural networks, intelligence, and biological plausibility.; Imaging conclusions can depend on acquisition, preprocessing, and model specification.",,07f4e5fd570c8f7bc6736f4dd31bc0daac794957,https://www.semanticscholar.org/paper/07f4e5fd570c8f7bc6736f4dd31bc0daac794957,,,,JournalArticle,unknown,brain; cerebral; cortex; brain/neural structure in title,
76,1958,[Blinker light effects in the electrocorticogram (ECG) of rabbits before and after local microtrauma of the cerebral cortex].,"H. Hippius, L. Rosenkotter, H. Selbach",Deutsche Zeitschrift für Nervenheilkunde,1958,0,0,13.2,General Brain-AI Structure Reviews and Methods,brain-structure,Positions [Blinker light effects in the electrocorticogram (ECG) of rabbits before and after local microtrauma of the cerebral cortex]. within General Brain Science and Reviews.,high citation signal (0); brain-structure signal,"Reviews and methods can dominate citations while obscuring smaller empirical advances.; Bridge terminology can be ambiguous, especially around neural networks, intelligence, and biological plausibility.; Imaging conclusions can depend on acquisition, preprocessing, and model specification.",,03c32c90625418ba1609e543e05bfa089716f760,https://www.semanticscholar.org/paper/03c32c90625418ba1609e543e05bfa089716f760,,,,JournalArticle,unknown,brain; cerebral; cortex; brain/neural structure in title,
77,1958,[Certain symptoms of the limbic region of the cerebral cortex in man according to experimental and morphological data].,I. Zambrzhitskiĭ,Zhurnal Nevropatologii I Psikhiatrii Imeni S S Korsakova,1958,0,0,13.2,General Brain-AI Structure Reviews and Methods,brain-structure,Positions [Certain symptoms of the limbic region of the cerebral cortex in man according to experimental and morphological data]. within General Brain Science and Reviews.,high citation signal (0); brain-structure signal,"Reviews and methods can dominate citations while obscuring smaller empirical advances.; Bridge terminology can be ambiguous, especially around neural networks, intelligence, and biological plausibility.; Imaging conclusions can depend on acquisition, preprocessing, and model specification.",,8d75170374b7f552c418602449fe17bac16c8fa1,https://www.semanticscholar.org/paper/8d75170374b7f552c418602449fe17bac16c8fa1,,,,JournalArticle,unknown,brain; cerebral; cortex; brain/neural structure in title,
78,1958,[Changes in central nerve fibers during phenomena of neuronophagia in human cerebral cortex].,A. Weber,Comptes rendus des seances de la Societe de biologie et de ses filiales,1958,0,0,13.2,"Cellular, Synaptic, and Neuromorphic Foundations",brain-structure,"Positions [Changes in central nerve fibers during phenomena of neuronophagia in human cerebral cortex]. within Cellular, Molecular, and Synaptic Neuroscience.",high citation signal (0); brain-structure signal,"Cellular mechanisms rarely scale directly into whole-brain behavior or modern AI architectures.; Animal and ex vivo findings require careful translation to human cognition and deployed systems.; Imaging conclusions can depend on acquisition, preprocessing, and model specification.",,d68ddc859c0033bb51937bec12235f1417e3bd6e,https://www.semanticscholar.org/paper/d68ddc859c0033bb51937bec12235f1417e3bd6e,,,,JournalArticle,unknown,cerebral; cortex; neuron; brain/neural structure in title,
79,1958,[Changes of bio-electrical activity of the cerebral cortex during orientation and conditioned reflexes in ontogenesis in animals].,N. Shiliagina,Zhurnal vyssheĭ nervnoĭ deiatelnosti imeni I P Pavlova,1958,0,0,13.2,General Brain-AI Structure Reviews and Methods,brain-structure,Positions [Changes of bio-electrical activity of the cerebral cortex during orientation and conditioned reflexes in ontogenesis in animals]. within General Brain Science and Reviews.,high citation signal (0); brain-structure signal,"Reviews and methods can dominate citations while obscuring smaller empirical advances.; Bridge terminology can be ambiguous, especially around neural networks, intelligence, and biological plausibility.; Imaging conclusions can depend on acquisition, preprocessing, and model specification.",,abc7fac227c23a82d846a16e8edbfbddb5574cd4,https://www.semanticscholar.org/paper/abc7fac227c23a82d846a16e8edbfbddb5574cd4,,,,JournalArticle,unknown,brain; cerebral; cortex; brain/neural structure in title,
80,1958,[Changes of bio-electrical activity of the cerebral cortex during orientation and conditioned reflexes in ontogenesis in animals].,Shiliagina Nn,Unknown venue,1958-07-01,0,0,13.2,General Brain-AI Structure Reviews and Methods,brain-structure,Positions [Changes of bio-electrical activity of the cerebral cortex during orientation and conditioned reflexes in ontogenesis in animals]. within General Brain Science and Reviews.,high citation signal (0); brain-structure signal,"Reviews and methods can dominate citations while obscuring smaller empirical advances.; Bridge terminology can be ambiguous, especially around neural networks, intelligence, and biological plausibility.; Imaging conclusions can depend on acquisition, preprocessing, and model specification.",,909a7a0f980db8ac58f088120671f65ab100caaf,https://www.semanticscholar.org/paper/909a7a0f980db8ac58f088120671f65ab100caaf,,,,paper,unknown,brain; cerebral; cortex; brain/neural structure in title,
81,1958,[Changes of electrical activity of the cerebral cortex in the region of auditory and motor analyzers in dogs during the formation and alteration of motor defense reflexes].,O. V. Verzilova,Zhurnal vyssheĭ nervnoĭ deiatelnosti imeni I P Pavlova,1958,0,0,13.2,General Brain-AI Structure Reviews and Methods,brain-structure,Positions [Changes of electrical activity of the cerebral cortex in the region of auditory and motor analyzers in dogs during the formation and alteration of motor defense reflexes]. within General Brain Science and Reviews.,high citation signal (0); brain-structure signal,"Reviews and methods can dominate citations while obscuring smaller empirical advances.; Bridge terminology can be ambiguous, especially around neural networks, intelligence, and biological plausibility.; Imaging conclusions can depend on acquisition, preprocessing, and model specification.",,3f2f873345787e344df61db47f63f75098d7e08c,https://www.semanticscholar.org/paper/3f2f873345787e344df61db47f63f75098d7e08c,,,,JournalArticle,unknown,brain; cerebral; cortex; brain/neural structure in title,
82,1958,[Comparative studies on electrical activity of the cerebral cortex and of the brain stem in strychnine & toxin induced tetanus].,"R. Naquet, H. Régis, H. Gastaut",Journal of Physiology,1958-03-01,0,0,13.2,General Brain-AI Structure Reviews and Methods,brain-structure,Positions [Comparative studies on electrical activity of the cerebral cortex and of the brain stem in strychnine & toxin induced tetanus]. within General Brain Science and Reviews.,high citation signal (0); brain-structure signal,"Reviews and methods can dominate citations while obscuring smaller empirical advances.; Bridge terminology can be ambiguous, especially around neural networks, intelligence, and biological plausibility.; Imaging conclusions can depend on acquisition, preprocessing, and model specification.",,ff7145134255ca360b0468133b008b29e5b262f9,https://www.semanticscholar.org/paper/ff7145134255ca360b0468133b008b29e5b262f9,,,,JournalArticle,unknown,brain; cerebral; cortex; brain/neural structure in title,
83,1958,[Comparative study of certain physical modifications occurring in mitochondria isolated from the liver and from the cerebral cortex].,J. Gayet,Comptes rendus hebdomadaires des séances de l Académie des sciences,1958-04-21,0,0,25.2,General Brain-AI Structure Reviews and Methods,brain-structure,Positions [Comparative study of certain physical modifications occurring in mitochondria isolated from the liver and from the cerebral cortex]. within General Brain Science and Reviews.,high citation signal (0); recognized venue; brain-structure signal,"Reviews and methods can dominate citations while obscuring smaller empirical advances.; Bridge terminology can be ambiguous, especially around neural networks, intelligence, and biological plausibility.; Imaging conclusions can depend on acquisition, preprocessing, and model specification.",,90160d5bde84a34d0309f26b67d09834981f8f17,https://www.semanticscholar.org/paper/90160d5bde84a34d0309f26b67d09834981f8f17,,,,JournalArticle,unknown,brain; cerebral; cortex; brain/neural structure in title,
84,1958,[Dendrite-vascular connections in the cerebral cortex.],Gusev As,Unknown venue,1958,0,0,13.2,General Brain-AI Structure Reviews and Methods,brain-structure,Positions [Dendrite-vascular connections in the cerebral cortex.] within General Brain Science and Reviews.,high citation signal (0); brain-structure signal,"Reviews and methods can dominate citations while obscuring smaller empirical advances.; Bridge terminology can be ambiguous, especially around neural networks, intelligence, and biological plausibility.; Imaging conclusions can depend on acquisition, preprocessing, and model specification.",,eaf79143ccfc3ca29b2674ac9e7c6d020dadb665,https://www.semanticscholar.org/paper/eaf79143ccfc3ca29b2674ac9e7c6d020dadb665,,,,paper,unknown,brain; cerebral; cortex; brain/neural structure in title,
85,1958,[Dendrite-vascular connections in the cerebral cortex].,A. S. Gusev,"Arkhiv anatomii, gistologii i embriologii",1958,0,0,13.2,General Brain-AI Structure Reviews and Methods,brain-structure,Positions [Dendrite-vascular connections in the cerebral cortex]. within General Brain Science and Reviews.,high citation signal (0); brain-structure signal,"Reviews and methods can dominate citations while obscuring smaller empirical advances.; Bridge terminology can be ambiguous, especially around neural networks, intelligence, and biological plausibility.; Imaging conclusions can depend on acquisition, preprocessing, and model specification.",,03922a508c277032cd229d15f725f9d0eed6c4d7,https://www.semanticscholar.org/paper/03922a508c277032cd229d15f725f9d0eed6c4d7,,,,JournalArticle,unknown,brain; cerebral; cortex; brain/neural structure in title,
86,1958,[Development of area 17 cortex in human cerebral hemispheres during the second half of intrauterine life].,E. N. Kosmarskaia,"Arkhiv anatomii, gistologii i embriologii",1958,0,0,13.2,General Brain-AI Structure Reviews and Methods,brain-structure,"Positions [Development of area 17 cortex in human cerebral hemispheres during the second half of intrauterine life]. within Brain Development, Plasticity, and Connectomics.",high citation signal (0); brain-structure signal,"Reviews and methods can dominate citations while obscuring smaller empirical advances.; Bridge terminology can be ambiguous, especially around neural networks, intelligence, and biological plausibility.; Imaging conclusions can depend on acquisition, preprocessing, and model specification.",,0ba45649e968b923661d0cf618840741dfe65838,https://www.semanticscholar.org/paper/0ba45649e968b923661d0cf618840741dfe65838,,,,JournalArticle,unknown,brain; cerebral; cortex; brain/neural structure in title,
87,1958,[Dynamics of the higher nervous activity in adult rats in normal conditions in following postnatal excision of the cerebral cortex].,J. Myslivecek,Ceskoslovenska fysiologie,1958-05-01,0,0,13.2,General Brain-AI Structure Reviews and Methods,brain-structure,Positions [Dynamics of the higher nervous activity in adult rats in normal conditions in following postnatal excision of the cerebral cortex]. within General Brain Science and Reviews.,high citation signal (0); brain-structure signal,"Reviews and methods can dominate citations while obscuring smaller empirical advances.; Bridge terminology can be ambiguous, especially around neural networks, intelligence, and biological plausibility.; Imaging conclusions can depend on acquisition, preprocessing, and model specification.",,c8091bd49c0c1aa903082562e5daf4ad3c36476d,https://www.semanticscholar.org/paper/c8091bd49c0c1aa903082562e5daf4ad3c36476d,,,,JournalArticle,unknown,brain; cerebral; cortex; brain/neural structure in title,
88,1958,[Effect of a modified functional state of the cerebral cortex on renal activity].,A. A. Pavlovskaia,Zhurnal vyssheĭ nervnoĭ deiatelnosti imeni I P Pavlova,1958,0,0,13.2,General Brain-AI Structure Reviews and Methods,brain-structure,Positions [Effect of a modified functional state of the cerebral cortex on renal activity]. within General Brain Science and Reviews.,high citation signal (0); brain-structure signal,"Reviews and methods can dominate citations while obscuring smaller empirical advances.; Bridge terminology can be ambiguous, especially around neural networks, intelligence, and biological plausibility.; Imaging conclusions can depend on acquisition, preprocessing, and model specification.",,0c0ecfb0e2a5a6fc7de9cd4d50165d8f955a4345,https://www.semanticscholar.org/paper/0c0ecfb0e2a5a6fc7de9cd4d50165d8f955a4345,,,,JournalArticle,unknown,brain; cerebral; cortex; brain/neural structure in title,
89,1958,[Effect of eserine on structural changes of the synapses and on bio-electric potentials of the cerebral cortex].,"S. Sarkisov, T. M. Mokhova",Zhurnal Nevropatologii I Psikhiatrii Imeni S S Korsakova,1958,0,0,13.2,"Cellular, Synaptic, and Neuromorphic Foundations",brain-structure,"Positions [Effect of eserine on structural changes of the synapses and on bio-electric potentials of the cerebral cortex]. within Cellular, Molecular, and Synaptic Neuroscience.",high citation signal (0); brain-structure signal,"Cellular mechanisms rarely scale directly into whole-brain behavior or modern AI architectures.; Animal and ex vivo findings require careful translation to human cognition and deployed systems.; Imaging conclusions can depend on acquisition, preprocessing, and model specification.",,997eaa3103be59c972b3b83930707c28266d915a,https://www.semanticscholar.org/paper/997eaa3103be59c972b3b83930707c28266d915a,,,,JournalArticle,unknown,cerebral; cortex; synapse; brain/neural structure in title,
90,1958,[Effect of eserine on structural changes of the synapses and on bio-electric potentials of the cerebral cortex].,"Sarkisov Sa, Mokhova Tm",Unknown venue,1958,0,0,13.2,"Cellular, Synaptic, and Neuromorphic Foundations",brain-structure,"Positions [Effect of eserine on structural changes of the synapses and on bio-electric potentials of the cerebral cortex]. within Cellular, Molecular, and Synaptic Neuroscience.",high citation signal (0); brain-structure signal,"Cellular mechanisms rarely scale directly into whole-brain behavior or modern AI architectures.; Animal and ex vivo findings require careful translation to human cognition and deployed systems.; Imaging conclusions can depend on acquisition, preprocessing, and model specification.",,3e702302f832a311443a1bce80fbb2481e76d940,https://www.semanticscholar.org/paper/3e702302f832a311443a1bce80fbb2481e76d940,,,,paper,unknown,cerebral; cortex; synapse; brain/neural structure in title,
91,1958,[Effect of functional state of the cerebral cortex on the secretery cycle of the thyroid gland].,M. Amiragova,Biulleten' eksperimental'noi biologii i meditsiny,1958,0,0,13.2,General Brain-AI Structure Reviews and Methods,brain-structure,Positions [Effect of functional state of the cerebral cortex on the secretery cycle of the thyroid gland]. within General Brain Science and Reviews.,high citation signal (0); brain-structure signal,"Reviews and methods can dominate citations while obscuring smaller empirical advances.; Bridge terminology can be ambiguous, especially around neural networks, intelligence, and biological plausibility.; Imaging conclusions can depend on acquisition, preprocessing, and model specification.",,be54ca2e87c6cac12e463ccb922e3be113ee800e,https://www.semanticscholar.org/paper/be54ca2e87c6cac12e463ccb922e3be113ee800e,,,,JournalArticle,unknown,brain; cerebral; cortex; brain/neural structure in title,
92,1958,[Effect of interoceptive stimulation on electrical activity of the cerebral cortex in hypothermia].,N. Bratus',Patologicheskaia fiziologiia i eksperimental'naia terapiia,1958,0,0,13.2,General Brain-AI Structure Reviews and Methods,brain-structure,Positions [Effect of interoceptive stimulation on electrical activity of the cerebral cortex in hypothermia]. within General Brain Science and Reviews.,high citation signal (0); brain-structure signal,"Reviews and methods can dominate citations while obscuring smaller empirical advances.; Bridge terminology can be ambiguous, especially around neural networks, intelligence, and biological plausibility.; Imaging conclusions can depend on acquisition, preprocessing, and model specification.",,5944e6cd81541cab93bfc2f8fe3d4351967eb90a,https://www.semanticscholar.org/paper/5944e6cd81541cab93bfc2f8fe3d4351967eb90a,,,,JournalArticle,unknown,brain; cerebral; cortex; brain/neural structure in title,
93,1958,[Effect of interventions on the cerebral cortex in audiogenic seizures in rats].,J. Šterc,Ceskoslovenska fysiologie,1958-05-01,0,0,13.2,General Brain-AI Structure Reviews and Methods,brain-structure,Positions [Effect of interventions on the cerebral cortex in audiogenic seizures in rats]. within General Brain Science and Reviews.,high citation signal (0); brain-structure signal,"Reviews and methods can dominate citations while obscuring smaller empirical advances.; Bridge terminology can be ambiguous, especially around neural networks, intelligence, and biological plausibility.; Imaging conclusions can depend on acquisition, preprocessing, and model specification.",,663967a6e1f158942dbe17bf73c393c522113005,https://www.semanticscholar.org/paper/663967a6e1f158942dbe17bf73c393c522113005,,,,JournalArticle,unknown,brain; cerebral; cortex; brain/neural structure in title,
94,1958,[Effect of lysergic acid diethylamide on focal convulsion potential of the cerebral cortex of the rabbit].,K. Winkel,Pflugers Archiv fur die gesamte Physiologie des Menschen und der Tiere,1958,0,0,13.2,General Brain-AI Structure Reviews and Methods,brain-structure,Positions [Effect of lysergic acid diethylamide on focal convulsion potential of the cerebral cortex of the rabbit]. within General Brain Science and Reviews.,high citation signal (0); brain-structure signal,"Reviews and methods can dominate citations while obscuring smaller empirical advances.; Bridge terminology can be ambiguous, especially around neural networks, intelligence, and biological plausibility.; Imaging conclusions can depend on acquisition, preprocessing, and model specification.",,f9afc631b500ec897fcebf3882be9eb091b7a2e4,https://www.semanticscholar.org/paper/f9afc631b500ec897fcebf3882be9eb091b7a2e4,,,,JournalArticle,unknown,brain; cerebral; cortex; brain/neural structure in title,
95,1958,[Effect of protein-sensitization of the organism on function conditions of the cerebral cortex].,Markov KhM,Unknown venue,1958-09-01,0,0,13.2,General Brain-AI Structure Reviews and Methods,brain-structure,Positions [Effect of protein-sensitization of the organism on function conditions of the cerebral cortex]. within General Brain Science and Reviews.,high citation signal (0); brain-structure signal,"Reviews and methods can dominate citations while obscuring smaller empirical advances.; Bridge terminology can be ambiguous, especially around neural networks, intelligence, and biological plausibility.; Imaging conclusions can depend on acquisition, preprocessing, and model specification.",,d8ff27f973184817b0a1d6b8909e5bb1b610fcde,https://www.semanticscholar.org/paper/d8ff27f973184817b0a1d6b8909e5bb1b610fcde,,,,paper,unknown,brain; cerebral; cortex; brain/neural structure in title,
96,1958,[Effect of protein-sensitization of the organism on function conditions of the cerebral cortex].,K. M. Markov,Patologicheskaia fiziologiia i eksperimental'naia terapiia,1958,0,0,13.2,General Brain-AI Structure Reviews and Methods,brain-structure,Positions [Effect of protein-sensitization of the organism on function conditions of the cerebral cortex]. within General Brain Science and Reviews.,high citation signal (0); brain-structure signal,"Reviews and methods can dominate citations while obscuring smaller empirical advances.; Bridge terminology can be ambiguous, especially around neural networks, intelligence, and biological plausibility.; Imaging conclusions can depend on acquisition, preprocessing, and model specification.",,5939787ea95130497da20be2cf3fd92b50743d4f,https://www.semanticscholar.org/paper/5939787ea95130497da20be2cf3fd92b50743d4f,,,,JournalArticle,unknown,brain; cerebral; cortex; brain/neural structure in title,
97,1958,[Electrical activity of the visual and motor regions of the cerebral cortex in rabbits following reinforcement of dominant focus in the motor region by photic stimuli].,A. A. Sokolova,Zhurnal vyssheĭ nervnoĭ deiatelnosti imeni I P Pavlova,1958,0,0,13.2,General Brain-AI Structure Reviews and Methods,brain-structure,Positions [Electrical activity of the visual and motor regions of the cerebral cortex in rabbits following reinforcement of dominant focus in the motor region by photic stimuli]. within General Brain Science and Reviews.,high citation signal (0); brain-structure signal,"Reviews and methods can dominate citations while obscuring smaller empirical advances.; Bridge terminology can be ambiguous, especially around neural networks, intelligence, and biological plausibility.; Imaging conclusions can depend on acquisition, preprocessing, and model specification.",,262a1de34bd12dca1d4ad70583b28c88c5bde8c6,https://www.semanticscholar.org/paper/262a1de34bd12dca1d4ad70583b28c88c5bde8c6,,,,JournalArticle,unknown,brain; cerebral; cortex; brain/neural structure in title,
98,1958,[Electrical indices of irreversible ischemic changes in the cerebral cortex in rats].,"O. Burešová, J. Bureš",Ceskoslovenska fysiologie,1958-09-01,0,0,13.2,General Brain-AI Structure Reviews and Methods,brain-structure,Positions [Electrical indices of irreversible ischemic changes in the cerebral cortex in rats]. within General Brain Science and Reviews.,high citation signal (0); brain-structure signal,"Reviews and methods can dominate citations while obscuring smaller empirical advances.; Bridge terminology can be ambiguous, especially around neural networks, intelligence, and biological plausibility.; Imaging conclusions can depend on acquisition, preprocessing, and model specification.",,194a58350c9a450ca5f4f262aaf21a438ce60620,https://www.semanticscholar.org/paper/194a58350c9a450ca5f4f262aaf21a438ce60620,,,,JournalArticle,unknown,brain; cerebral; cortex; brain/neural structure in title,
99,1958,[Electrographic research on the mechanism of release of convulsive activity of the cerebral cortex].,"E. Crighel, V. Nestiano",Journal of Physiology,1958-06-01,0,0,14.4,"Connectomics, Graph Models, and Brain Networks",brain-structure;connectome,Positions [Electrographic research on the mechanism of release of convulsive activity of the cerebral cortex]. within General Brain Science and Reviews.,high citation signal (0); brain-structure signal,"Graph results can depend strongly on parcellation, thresholding, acquisition, and preprocessing choices.; Correlation networks are often interpreted more causally than the evidence supports.; Imaging conclusions can depend on acquisition, preprocessing, and model specification.",,be05a05409eb785cb9819c7918cd8741001df65b,https://www.semanticscholar.org/paper/be05a05409eb785cb9819c7918cd8741001df65b,,,,JournalArticle,unknown,brain; cerebral; cortex; brain/neural structure in title,
100,1958,[Electrophysiological studies on the cerebral cortex in survival].,"J. Bureš, O. Burešová, O. Benešová",Ceskoslovenska fysiologie,1958-02-01,0,0,13.2,General Brain-AI Structure Reviews and Methods,brain-structure,Positions [Electrophysiological studies on the cerebral cortex in survival]. within General Brain Science and Reviews.,high citation signal (0); brain-structure signal,"Reviews and methods can dominate citations while obscuring smaller empirical advances.; Bridge terminology can be ambiguous, especially around neural networks, intelligence, and biological plausibility.; Imaging conclusions can depend on acquisition, preprocessing, and model specification.",,07534f78a45d1888b668b1429f58056c8a8ae1a9,https://www.semanticscholar.org/paper/07534f78a45d1888b668b1429f58056c8a8ae1a9,,,,JournalArticle,unknown,brain; cerebral; cortex; brain/neural structure in title,
