rank,year,title,authors,venue,publicationDate,citationCount,influentialCitationCount,importanceScore,category,keywordTags,keyIdea,strengths,limitations,doi,sourceId,url,semanticScholarUrl,openAccessPdf,githubUrl,workType,language,relevanceReason,abstract
1,2022,Swin UNETR: Swin Transformers for Semantic Segmentation of Brain Tumors in MRI Images,"Ali Hatamizadeh, V. Nath, Yucheng Tang, Dong Yang, H. Roth, Daguang Xu",BrainLes@MICCAI,2022-01-04,2271,250,198.31,Structural Neuroimaging and AI,brain-structure;connectome;machine-learning;deep-learning;neuroimaging;clinical-neuroai,Semantic segmentation of brain tumors is a fundamental medical image analysis task involving multiple MRI imaging modalities that can assist clinicians in diagnosing the patient and successively studying the progression of the malignant entity.,"high citation signal (2,271); recognized venue; explicit AI/modeling signal; brain-structure signal","Scanner, site, protocol, and preprocessing differences can be learned as shortcuts by AI models.; High predictive accuracy does not guarantee anatomical validity or causal interpretation.; Model performance should be checked for leakage, confounding, calibration, and external validity.",10.1007/978-3-031-08999-2_22,f7410f535bda5b5a9888512fb954193245c1d0b2,https://doi.org/10.1007/978-3-031-08999-2_22,,,,JournalArticle,unknown,brain; mri; neural; neural network; prediction; transformer; brain/neural structure in title; explicit brain-structure/AI bridge,"Semantic segmentation of brain tumors is a fundamental medical image analysis task involving multiple MRI imaging modalities that can assist clinicians in diagnosing the patient and successively studying the progression of the malignant entity. In recent years, Fully Convolutional Neural Networks (FCNNs) approaches have become the de facto standard for 3D medical image segmentation. The popular""U-shaped""network architecture has achieved state-of-the-art performance benchmarks on different 2D and 3D semantic segmentation tasks and across various imaging modalities. However, due to the limited kernel size of convolution layers in FCNNs, their performance of modeling long-range information is sub-optimal, and this can lead to deficiencies in the segmentation of tumors with variable sizes. On the other hand, transformer models have demonstrated excellent capabilities in capturing such long-range information in multiple domains, including natural language processing and computer vision. Inspired by the success of vision transformers and their variants, we propose a novel segmentation model termed Swin UNEt TRansformers (Swin UNETR). Specifically, the task of 3D brain tumor semantic segmentation is reformulated as a sequence to sequence prediction problem wherein multi-modal input data is projected into a 1D sequence of embedding and used as an input to a hierarchical Swin transformer as the encoder. The swin transformer encoder extracts features at five different resolutions by utilizing shifted windows for computing self-attention and is connected to an FCNN-based decoder at each resolution via skip connections. We have participated in BraTS 2021 segmentation challenge, and our proposed model ranks among the top-performing approaches in the validation phase. Code: https://monai.io/research/swin-unetr"
2,2022,Reproducible brain-wide association studies require thousands of individuals,"Scott A. Marek, B. Tervo-Clemmens, Finnegan J. Calabro, D. Montez, B. Kay, Alexander S. Hatoum, et al.",Nature,2022-03-16,1660,79,162.87,Structural Neuroimaging and AI,brain-structure;neuroimaging,"Magnetic resonance imaging (MRI) has transformed our understanding of the human brain through well-replicated mapping of abilities to specific structures (for example, lesion studies) and functions1-3 (for example, task functional MRI (fMRI)).","high citation signal (1,660); recognized venue; open-access PDF metadata; brain-structure signal","Scanner, site, protocol, and preprocessing differences can be learned as shortcuts by AI models.; High predictive accuracy does not guarantee anatomical validity or causal interpretation.; Imaging conclusions can depend on acquisition, preprocessing, and model specification.",10.1038/s41586-022-04492-9,a0ccfc56e9e22f8d0a073d98d4d1eaf1d8244c0f,https://doi.org/10.1038/s41586-022-04492-9,,https://www.nature.com/articles/s41586-022-04492-9.pdf,,JournalArticle,unknown,brain; fmri; mri; brain/neural structure in title,"Magnetic resonance imaging (MRI) has transformed our understanding of the human brain through well-replicated mapping of abilities to specific structures (for example, lesion studies) and functions1-3 (for example, task functional MRI (fMRI)). Mental health research and care have yet to realize similar advances from MRI. A primary challenge has been replicating associations between inter-individual differences in brain structure or function and complex cognitive or mental health phenotypes (brain-wide association studies (BWAS)). Such BWAS have typically relied on sample sizes appropriate for classical brain mapping4 (the median neuroimaging study sample size is about 25), but potentially too small for capturing reproducible brain-behavioural phenotype associations5,6. Here we used three of the largest neuroimaging datasets currently available-with a total sample size of around 50,000 individuals-to quantify BWAS effect sizes and reproducibility as a function of sample size. BWAS associations were smaller than previously thought, resulting in statistically underpowered studies, inflated effect sizes and replication failures at typical sample sizes. As sample sizes grew into the thousands, replication rates began to improve and effect size inflation decreased. More robust BWAS effects were detected for functional MRI (versus structural), cognitive tests (versus mental health questionnaires) and multivariate methods (versus univariate). Smaller than expected brain-phenotype associations and variability across population subsamples can explain widespread BWAS replication failures. In contrast to non-BWAS approaches with larger effects (for example, lesions, interventions and within-person), BWAS reproducibility requires samples with thousands of individuals. Combined data from three large studies, with a total sample size of around 50,000 individuals, indicate that many previous studies linking the brain to complex phenotypes have been statistically underpowered, producing inflated and irreproducible effects."
3,2022,EEG Conformer: Convolutional Transformer for EEG Decoding and Visualization,"Yonghao Song, Qingqing Zheng, Bingchuan Liu, Xiaorong Gao",IEEE transactions on neural systems and rehabilitation engineering,2022-12-16,921,99,173.08,"Electrophysiology, Neural Signals, and AI Decoding",brain-structure;connectome;machine-learning;deep-learning;decoding;neural-signals,"Due to the limited perceptual field, convolutional neural networks (CNN) only extract local temporal features and may fail to capture long-term dependencies for EEG decoding.",high citation signal (921); open-access PDF metadata; explicit AI/modeling signal; brain-structure signal,"Signal artifacts, montage choices, source localization, and session drift can dominate apparent model performance.; Temporal precision does not automatically imply anatomical specificity.; Model performance should be checked for leakage, confounding, calibration, and external validity.",10.1109/TNSRE.2022.3230250,db10636e62862c9a4bd3e75012ae0273492ec125,https://doi.org/10.1109/TNSRE.2022.3230250,,https://ieeexplore.ieee.org/ielx7/7333/10031624/09991178.pdf,,JournalArticle,unknown,brain; eeg; ecog; neural; neural network; classification; decoding; transformer; explicit brain-structure/AI bridge,"Due to the limited perceptual field, convolutional neural networks (CNN) only extract local temporal features and may fail to capture long-term dependencies for EEG decoding. In this paper, we propose a compact Convolutional Transformer, named EEG Conformer, to encapsulate local and global features in a unified EEG classification framework. Specifically, the convolution module learns the low-level local features throughout the one-dimensional temporal and spatial convolution layers. The self-attention module is straightforwardly connected to extract the global correlation within the local temporal features. Subsequently, the simple classifier module based on fully-connected layers is followed to predict the categories for EEG signals. To enhance interpretability, we also devise a visualization strategy to project the class activation mapping onto the brain topography. Finally, we have conducted extensive experiments to evaluate our method on three public datasets in EEG-based motor imagery and emotion recognition paradigms. The experimental results show that our method achieves state-of-the-art performance and has great potential to be a new baseline for general EEG decoding. The code has been released in https://github.com/eeyhsong/EEG-Conformer."
4,2022,SLEAP: A deep learning system for multi-animal pose tracking,"Talmo D. Pereira, Nathaniel Tabris, Arie Matsliah, David Turner, Junyu Li, Shruthi Ravindranath, et al.",Nature Methods,2022-04-01,679,58,172.4,Structural Neuroimaging and AI,brain-structure;connectome;machine-learning;deep-learning;brain-inspired-ai,The desire to understand how the brain generates and patterns behavior has driven rapid methodological innovation in tools to quantify natural animal behavior.,high citation signal (679); recognized venue; open-access PDF metadata; explicit AI/modeling signal,"Scanner, site, protocol, and preprocessing differences can be learned as shortcuts by AI models.; High predictive accuracy does not guarantee anatomical validity or causal interpretation.; Model performance should be checked for leakage, confounding, calibration, and external validity.",10.1038/s41592-022-01426-1,e82be0af5d5e84d5f6ba8b3b804c7e6d548ec4dd,https://doi.org/10.1038/s41592-022-01426-1,,https://www.nature.com/articles/s41592-022-01426-1.pdf,,JournalArticle,unknown,brain; machine learning; deep learning; explicit brain-structure/AI bridge,"The desire to understand how the brain generates and patterns behavior has driven rapid methodological innovation in tools to quantify natural animal behavior. While advances in deep learning and computer vision have enabled markerless pose estimation in individual animals, extending these to multiple animals presents unique challenges for studies of social behaviors or animals in their natural environments. Here we present Social LEAP Estimates Animal Poses (SLEAP), a machine learning system for multi-animal pose tracking. This system enables versatile workflows for data labeling, model training and inference on previously unseen data. SLEAP features an accessible graphical user interface, a standardized data model, a reproducible configuration system, over 30 model architectures, two approaches to part grouping and two approaches to identity tracking. We applied SLEAP to seven datasets across flies, bees, mice and gerbils to systematically evaluate each approach and architecture, and we compare it with other existing approaches. SLEAP achieves greater accuracy and speeds of more than 800 frames per second, with latencies of less than 3.5 ms at full 1,024 × 1,024 image resolution. This makes SLEAP usable for real-time applications, which we demonstrate by controlling the behavior of one animal on the basis of the tracking and detection of social interactions with another animal. SLEAP is a versatile deep learning-based multi-animal pose-tracking tool designed to work on videos of diverse animals, including during social behavior."
5,2022,Mid and long-term neurological and neuropsychiatric manifestations of post-COVID-19 syndrome: A meta-analysis,"Lavienraj Premraj, N. Kannapadi, J. Briggs, Stella Seal, D. Battaglini, J. Fanning, et al.",Journal of Neurological Sciences,2022-01-01,627,22,159.37,"Cognitive Architectures, Learning, and Systems Neuroscience",brain-structure;clinical-neuroai,Importance Neurological and neuropsychiatric symptoms that persist or develop three months after the onset of COVID-19 pose a significant threat to the global healthcare system.,high citation signal (627); recognized venue; open-access PDF metadata; brain-structure signal,"Task designs can oversimplify cognition and limit ecological validity.; Circuit-behavior correlations need causal perturbation or strong model comparison before mechanistic claims are secure.; Imaging conclusions can depend on acquisition, preprocessing, and model specification.",10.1016/j.jns.2022.120162,c478a95d55184ce9517b3120fe732869780ce14a,https://doi.org/10.1016/j.jns.2022.120162,,https://www.ncbi.nlm.nih.gov/pmc/articles/PMC8798975,,Review; JournalArticle,unknown,brain; cognitive architecture; explicit brain-structure/AI bridge,"Importance Neurological and neuropsychiatric symptoms that persist or develop three months after the onset of COVID-19 pose a significant threat to the global healthcare system. These symptoms are yet to be synthesized and quantified via meta-analysis. Objective To determine the prevalence of neurological and neuropsychiatric symptoms reported 12 weeks (3 months) or more after acute COVID-19 onset in adults. Data sources A systematic search of PubMed, EMBASE, Web of Science, Google Scholar and Scopus was conducted for studies published between January 1st, 2020 and August 1st, 2021. The systematic review was guided by Preferred Reporting Items for Systematic Review and Meta-Analyses. Study selection Studies were included if the length of follow-up satisfied the National Institute for Healthcare Excellence (NICE) definition of post-COVID-19 syndrome (symptoms that develop or persist ≥3 months after the onset of COVID-19). Additional criteria included the reporting of neurological or neuropsychiatric symptoms in individuals with COVID-19. Data extraction and synthesis Two authors independently extracted data on patient characteristics, hospital and/or ICU admission, acute-phase COVID-19 symptoms, length of follow-up, and neurological and neuropsychiatric symptoms. Main outcome(s) and measure(s) The primary outcome was the prevalence of neurological and neuropsychiatric symptoms reported ≥3 months post onset of COVID-19. We also compared post-COVID-19 syndrome in hospitalised vs. non-hospitalised patients, with vs. without ICU admission during the acute phase of infection, and with mid-term (3 to 6 months) and long-term (>6 months) follow-up. Results Of 1458 articles, 18 studies, encompassing a total of 10,530 patients, were analysed. Overall prevalence for neurological post-COVID-19 symptoms were: fatigue (37%, 95% CI: 25%-48%), brain fog (32%, 10%-54%), memory issues (28%, 22%-35%), attention disorder (22%, 7%-36%), myalgia (17%, 9%-25%), anosmia (12%, 8%-16%), dysgeusia (10%, 6%-14%) and headache (15%, 4%-26%). Neuropsychiatric conditions included sleep disturbances (31%, 19%-42%), anxiety (23%, 14%-32%) and depression (17%, 10%-24%). Neuropsychiatric symptoms substantially increased in prevalence between mid- and long-term follow-up. Compared to non-hospitalised patients, patients hospitalised for acute COVID-19 had reduced frequency of anosmia, anxiety, depression, dysgeusia, fatigue, headache, myalgia, and sleep disturbance at three (or more) months post-infection. Cohorts with >20% of patients admitted to the ICU during acute COVID-19 experienced higher prevalence of fatigue, anxiety, depression, and sleep disturbances than cohorts with <20% of ICU admission. Conclusions and relevance Fatigue, cognitive dysfunction (brain fog, memory issues, attention disorder) and sleep disturbances appear to be key features of post-COVID-19 syndrome. Psychiatric manifestations (sleep disturbances, anxiety, and depression) are common and increase significantly in prevalence over time. Randomised controlled trials are necessary to develop intervention strategy to reduce disease burden."
6,2022,A human brain vascular atlas reveals diverse mediators of Alzheimer's risk,"Andrew C. Yang, Ryan T. Vest, Fabian Kern, Davis P. Lee, M. Agam, Christina A. Maat, et al.",Nature,2022-02-14,621,48,145.19,General Brain-AI Structure Reviews and Methods,brain-structure;clinical-neuroai,"The human brain vasculature is of great medical importance: its dysfunction causes disability and death1, and the specialized structure it forms-the blood-brain barrier-impedes the treatment of nearly all brain disorders2,3.",high citation signal (621); recognized venue; open-access PDF metadata; brain-structure signal,"Reviews and methods can dominate citations while obscuring smaller empirical advances.; Bridge terminology can be ambiguous, especially around neural networks, intelligence, and biological plausibility.; Imaging conclusions can depend on acquisition, preprocessing, and model specification.",10.1038/s41586-021-04369-3,449cc6d56d81ab1f4f778a7ad15a013e3fcd4c9a,https://doi.org/10.1038/s41586-021-04369-3,,https://www.nature.com/articles/s41586-021-04369-3.pdf,,JournalArticle; Review,unknown,brain; cortex; hippocampus; brain/neural structure in title,"The human brain vasculature is of great medical importance: its dysfunction causes disability and death1, and the specialized structure it forms-the blood-brain barrier-impedes the treatment of nearly all brain disorders2,3. Yet so far, we have no molecular map of the human brain vasculature. Here we develop vessel isolation and nuclei extraction for sequencing (VINE-seq) to profile the major vascular and perivascular cell types of the human brain through 143,793 single-nucleus transcriptomes from 25 hippocampus and cortex samples of 9 individuals with Alzheimer's disease and 8 individuals with no cognitive impairment. We identify brain-region- and species-enriched genes and pathways. We reveal molecular principles of human arteriovenous organization, recapitulating a gradual endothelial and punctuated mural cell continuum. We discover two subtypes of human pericytes, marked by solute transport and extracellular matrix (ECM) organization; and define perivascular versus meningeal fibroblast specialization. In Alzheimer's disease, we observe selective vulnerability of ECM-maintaining pericytes and gene expression patterns that implicate dysregulated blood flow. With an expanded survey of brain cell types, we find that 30 of the top 45 genes that have been linked to Alzheimer's disease risk by genome-wide association studies (GWASs) are expressed in the human brain vasculature, and we confirm this by immunostaining. Vascular GWAS genes map to endothelial protein transport, adaptive immune and ECM pathways. Many are microglia-specific in mice, suggesting a partial evolutionary transfer of Alzheimer's disease risk. Our work uncovers the molecular basis of the human brain vasculature, which will inform our understanding of overall brain health, disease and therapy. A method called vessel isolation and nuclei extraction for sequencing (VINE-seq) produces a molecular map of vascular and perivascular cell types in the human brain and reveals their contributions to Alzheimer's disease risk."
7,2022,Positive feedback regulation of microglial glucose metabolism by histone H4 lysine 12 lactylation in Alzheimer's disease.,"Ruiyuan Pan, Lin He, Jing Zhang, Xinhua Liu, Yajin Liao, Ju Gao, et al.",Cell Metabolism,2022-03-01,616,25,159.05,"Cognitive Architectures, Learning, and Systems Neuroscience",brain-structure;clinical-neuroai,"The pro-inflammatory activation of microglia is a hallmark of Alzheimer's disease (AD), and this process involves a switch from oxidative phosphorylation (OXPHOS) toward glycolysis.",high citation signal (616); recognized venue; open-access PDF metadata; brain-structure signal,"Task designs can oversimplify cognition and limit ecological validity.; Circuit-behavior correlations need causal perturbation or strong model comparison before mechanistic claims are secure.; Imaging conclusions can depend on acquisition, preprocessing, and model specification.",10.1016/j.cmet.2022.02.013,6858955d9548274a981b1a815d07e95781031a67,https://doi.org/10.1016/j.cmet.2022.02.013,,https://doi.org/10.1016/j.cmet.2022.02.013,,JournalArticle,unknown,brain; cognitive architecture; explicit brain-structure/AI bridge,"The pro-inflammatory activation of microglia is a hallmark of Alzheimer's disease (AD), and this process involves a switch from oxidative phosphorylation (OXPHOS) toward glycolysis. Here, we show how a positive feedback loop in microglia drives AD pathogenesis, and we demonstrate that inhibiting this cycle in microglia can ameliorate Aβ burden and cognitive deficits in an AD mouse model (5XFAD). After first detecting elevated histone lactylation in brain samples from both 5XFAD mice and individuals with AD, we observed that H4K12la levels are elevated in Aβ plaque-adjacent microglia. This lactate-dependent histone modification is enriched at the promoters of glycolytic genes and activates transcription, thereby increasing glycolytic activity. Ultimately, the glycolysis/H4K12la/PKM2 positive feedback loop exacerbates microglial dysfunction in AD. Pharmacologic inhibition of PKM2 attenuated microglial activation, and microglia-specific ablation of Pkm2 improved spatial learning and memory in AD mice. Thus, our study illustrates that disruption of the positive feedback loop may be a potential therapeutic approach for the treatment of AD."
8,2022,Short chain fatty acids: Microbial metabolites for gut-brain axis signalling.,"Kenneth J. O'Riordan, M. Collins, G. Moloney, Emily G. Knox, M. R. Aburto, C. Fülling, et al.",Molecular and Cellular Endocrinology,2022-01-01,596,9,165.25,"Cellular, Synaptic, and Neuromorphic Foundations",brain-structure,The role of the intestinal microbiota as a regulator of gut-brain axis signalling has risen to prominence in recent years.,high citation signal (596); recognized venue; open-access PDF metadata; brain-structure signal,"Cellular mechanisms rarely scale directly into whole-brain behavior or modern AI architectures.; Animal and ex vivo findings require careful translation to human cognition and deployed systems.; Imaging conclusions can depend on acquisition, preprocessing, and model specification.",10.1016/j.mce.2022.111572,50f3db015460f92c7b28f1c18c6056830bc8aaa2,https://doi.org/10.1016/j.mce.2022.111572,,https://doi.org/10.1016/j.mce.2022.111572,,Review; JournalArticle,unknown,brain; cerebral; neuromorphic; brain/neural structure in title; explicit brain-structure/AI bridge,"The role of the intestinal microbiota as a regulator of gut-brain axis signalling has risen to prominence in recent years. Understanding the relationship between the gut microbiota, the metabolites it produces, and the brain will be critical for the subsequent development of new therapeutic approaches, including the identification of novel psychobiotics. A key focus in this regard have been the short-chain fatty acids (SCFAs) produced by bacterial fermentation of dietary fibre, which include butyrate, acetate, and propionate. Ongoing research is focused on the entry of SCFAs into systemic circulation from the gut lumen, their migration to cerebral circulation and across the blood brain barrier, and their potential to exert acute and chronic effects on brain structure and function. This review aims to discuss our current mechanistic understanding of the direct and indirect influence that SCFAs have on brain function, behaviour and physiology, which will inform future microbiota-targeted interventions for brain disorders."
9,2022,Transcriptomic diversity of cell types across the adult human brain,"K. Siletti, R. Hodge, Alejandro Mossi Albiach, Lijuan Hu, K. Lee, P. Lönnerberg, et al.",bioRxiv,2022-10-14,585,65,138.92,"Cellular, Synaptic, and Neuromorphic Foundations",brain-structure,The human brain directs a wide range of complex behaviors ranging from fine motor skills to abstract intelligence and emotion.,high citation signal (585); open-access PDF metadata; brain-structure signal,"Cellular mechanisms rarely scale directly into whole-brain behavior or modern AI architectures.; Animal and ex vivo findings require careful translation to human cognition and deployed systems.; Imaging conclusions can depend on acquisition, preprocessing, and model specification.",10.1126/science.add7046,9cbcb2be6591664177c628d3db477ba3eefd0117,https://doi.org/10.1126/science.add7046,,https://www.biorxiv.org/content/biorxiv/early/2022/10/14/2022.10.12.511898.full.pdf,,JournalArticle; Review,unknown,brain; cortical; neuron; brain/neural structure in title; historical computation/learning bridge,"The human brain directs a wide range of complex behaviors ranging from fine motor skills to abstract intelligence and emotion. However, the diversity of cell types that support these skills has not been fully described. Here we used high-throughput single-nucleus RNA sequencing to systematically survey cells across the entire adult human brain in three postmortem donors. We sampled over three million nuclei from approximately 100 dissections across the forebrain, midbrain, and hindbrain. Our analysis identified 461 clusters and 3313 subclusters organized largely according to developmental origins. We found area-specific cortical neurons, as well as an unexpectedly high diversity of midbrain and hindbrain neurons. Astrocytes also exhibited regional diversity at multiple scales, comprising subtypes specific to the telencephalon and to more precise anatomical locations. Oligodendrocyte precursors comprised two distinct major types specific to the telencephalon and to the rest of the brain. Together, these findings demonstrate the unique cellular composition of the telencephalon with respect to all major brain cell types. As the first single-cell transcriptomic census of the entire human brain, we provide a resource for understanding the molecular diversity of the human brain in health and disease."
10,2022,Glioma targeted therapy: insight into future of molecular approaches,"Keyang Yang, Zhijing Wu, Hao Zhang, Nan Zhang, Wantao Wu, Zeyu Wang, et al.",Molecular Cancer,2022-02-08,577,15,148.27,Clinical NeuroAI and Brain Disorders,brain-structure;connectome;machine-learning;clinical-neuroai,Gliomas are the common type of brain tumors originating from glial cells.,high citation signal (577); open-access PDF metadata; explicit AI/modeling signal; brain-structure signal,"Clinical cohorts vary by disease stage, comorbidity, treatment history, and follow-up.; Models can learn site or demographic artifacts instead of disease mechanisms.; Model performance should be checked for leakage, confounding, calibration, and external validity.",10.1186/s12943-022-01513-z,155b0d1599257d68e958a7e24cc9a745306301a7,https://doi.org/10.1186/s12943-022-01513-z,,https://molecular-cancer.biomedcentral.com/track/pdf/10.1186/s12943-022-01513-z,,Review; JournalArticle,unknown,brain; classification; explicit brain-structure/AI bridge,"Gliomas are the common type of brain tumors originating from glial cells. Epidemiologically, gliomas occur among all ages, more often seen in adults, which males are more susceptible than females. According to the fifth edition of the WHO Classification of Tumors of the Central Nervous System (WHO CNS5), standard of care and prognosis of gliomas can be dramatically different. Generally, circumscribed gliomas are usually benign and recommended to early complete resection, with chemotherapy if necessary. Diffuse gliomas and other high-grade gliomas according to their molecule subtype are slightly intractable, with necessity of chemotherapy. However, for glioblastoma, feasible resection followed by radiotherapy plus temozolomide chemotherapy define the current standard of care. Here, we discuss novel feasible or potential targets for treatment of gliomas, especially IDH-wild type glioblastoma. Classic targets such as the p53 and retinoblastoma (RB) pathway and epidermal growth factor receptor (EGFR) gene alteration have met failure due to complex regulatory network. There is ever-increasing interest in immunotherapy (immune checkpoint molecule, tumor associated macrophage, dendritic cell vaccine, CAR-T), tumor microenvironment, and combination of several efficacious methods. With many targeted therapy options emerging, biomarkers guiding the prescription of a particular targeted therapy are also attractive. More pre-clinical and clinical trials are urgently needed to explore and evaluate the feasibility of targeted therapy with the corresponding biomarkers for effective personalized treatment options."
11,2022,"Genome-wide analyses of attention deficit hyperactivity disorder identify 27 risk loci, refine the genetic architecture, and implicate several cognitive domains","D. Demontis, G. Walters, G. Athanasiadis, R. Walters, K. Therrien, Trine Tollerup Nielsen, et al.",Nature Genetics,2022-02-16,568,43,158.39,"Cognitive Architectures, Learning, and Systems Neuroscience",brain-structure,Attention-deficit hyperactivity disorder (ADHD) is a prevalent neurodevelopmental disorder with a major genetic component.,high citation signal (568); recognized venue; open-access PDF metadata; brain-structure signal,"Task designs can oversimplify cognition and limit ecological validity.; Circuit-behavior correlations need causal perturbation or strong model comparison before mechanistic claims are secure.; Imaging conclusions can depend on acquisition, preprocessing, and model specification.",10.1038/s41588-022-01285-8,7a649a661006c4d9b3957bcdabc19d305241cbe7,https://doi.org/10.1038/s41588-022-01285-8,,https://repository.ubn.ru.nl//bitstream/handle/2066/290804/290804.pdf,,JournalArticle,unknown,brain; neuron; cognitive architecture; explicit brain-structure/AI bridge,"Attention-deficit hyperactivity disorder (ADHD) is a prevalent neurodevelopmental disorder with a major genetic component. Here, we present a genome-wide association study meta-analysis of ADHD comprising 38,691 individuals with ADHD and 186,843 controls. We identified 27 genome-wide significant loci, highlighting 76 potential risk genes enriched among genes expressed particularly in early brain development. Overall, ADHD genetic risk was associated with several brain-specific neuronal subtypes and midbrain dopaminergic neurons. In exome-sequencing data from 17,896 individuals, we identified an increased load of rare protein-truncating variants in ADHD for a set of risk genes enriched with probable causal common variants, potentially implicating SORCS3 in ADHD by both common and rare variants. Bivariate Gaussian mixture modeling estimated that 84-98% of ADHD-influencing variants are shared with other psychiatric disorders. In addition, common-variant ADHD risk was associated with impaired complex cognition such as verbal reasoning and a range of executive functions, including attention. Genome-wide analyses identify 27 loci associated with attention-deficit hyperactivity disorder and provide insights into its genetic architecture in relation to other psychiatric disorders and cognitive traits."
12,2022,Post-Stroke Cognitive Impairment and Dementia.,"N. Rost, A. Brodtmann, M. Pase, Susanne J. van Veluw, A. Biffi, Marco Duering, et al.",Circulation Research,2022-04-15,546,27,159.28,Clinical NeuroAI and Brain Disorders,brain-structure;machine-learning;neuroimaging;clinical-neuroai,Poststroke cognitive impairment and dementia (PSCID) is a major source of morbidity and mortality after stroke worldwide.,high citation signal (546); open-access PDF metadata; explicit AI/modeling signal; brain-structure signal,"Clinical cohorts vary by disease stage, comorbidity, treatment history, and follow-up.; Models can learn site or demographic artifacts instead of disease mechanisms.; Model performance should be checked for leakage, confounding, calibration, and external validity.",10.1161/CIRCRESAHA.122.319951,3404abc2e1183407cbb836f86ff7616a151db01e,https://doi.org/10.1161/CIRCRESAHA.122.319951,,https://www.ahajournals.org/doi/pdf/10.1161/CIRCRESAHA.122.319951,,Review; JournalArticle,unknown,brain; cerebral; cortical; classification; prediction; explicit brain-structure/AI bridge,"Poststroke cognitive impairment and dementia (PSCID) is a major source of morbidity and mortality after stroke worldwide. PSCID occurs as a consequence of ischemic stroke, intracerebral hemorrhage, or subarachnoid hemorrhage. Cognitive impairment and dementia manifesting after a clinical stroke is categorized as vascular even in people with comorbid neurodegenerative pathology, which is common in elderly individuals and can contribute to the clinical expression of PSCID. Manifestations of cerebral small vessel disease, such as covert brain infarcts, white matter lesions, microbleeds, and cortical microinfarcts, are also common in patients with stroke and likewise contribute to cognitive outcomes. Although studies of PSCID historically varied in the approach to timing and methods of diagnosis, most of them demonstrate that older age, lower educational status, socioeconomic disparities, premorbid cognitive or functional decline, life-course exposure to vascular risk factors, and a history of prior stroke increase risk of PSCID. Stroke characteristics, in particular stroke severity, lesion volume, lesion location, multiplicity and recurrence, also influence PSCID risk. Understanding the complex interaction between an acute stroke event and preexisting brain pathology remains a priority and will be critical for developing strategies for personalized prediction, prevention, targeted interventions, and rehabilitation. Current challenges in the field relate to a lack of harmonization of definition and classification of PSCID, timing of diagnosis, approaches to neurocognitive assessment, and duration of follow-up after stroke. However, evolving knowledge on pathophysiology, neuroimaging, and biomarkers offers potential for clinical applications and may inform clinical trials. Preventing stroke and PSCID remains a cornerstone of any strategy to achieve optimal brain health. We summarize recent developments in the field and discuss future directions closing with a call for action to systematically include cognitive outcome assessment into any clinical studies of poststroke outcome."
13,2022,"Deep learning, reinforcement learning, and world models","Yu Matsuo, Yann LeCun, M. Sahani, Doina Precup, David Silver, Masashi Sugiyama, et al.",Neural Networks,2022-04-01,490,4,159.34,Computational Neuroscience and Brain-Inspired AI,brain-structure;connectome;deep-learning;brain-inspired-ai,Deep learning (DL) and reinforcement learning (RL) methods seem to be a part of indispensable factors to achieve human-level or super-human AI systems.,high citation signal (490); open-access PDF metadata; explicit AI/modeling signal; brain-structure signal,"Model fit does not by itself prove biological mechanism.; Brain-inspired analogies can become too loose unless tied to measurable neural evidence.; Model performance should be checked for leakage, confounding, calibration, and external validity.",10.1016/j.neunet.2022.03.037,effa7077e6580a8ab22c30d3c876744b4e51cd6e,https://doi.org/10.1016/j.neunet.2022.03.037,,https://doi.org/10.1016/j.neunet.2022.03.037,,JournalArticle; Review,unknown,brain; artificial intelligence; deep learning; reinforcement learning; computational neuroscience; brain-inspired; explicit brain-structure/AI bridge,"Deep learning (DL) and reinforcement learning (RL) methods seem to be a part of indispensable factors to achieve human-level or super-human AI systems. On the other hand, both DL and RL have strong connections with our brain functions and with neuroscientific findings. In this review, we summarize talks and discussions in the ""Deep Learning and Reinforcement Learning"" session of the symposium, International Symposium on Artificial Intelligence and Brain Science. In this session, we discussed whether we can achieve comprehensive understanding of human intelligence based on the recent advances of deep learning and reinforcement learning algorithms. Speakers contributed to provide talks about their recent studies that can be key technologies to achieve human-level intelligence."
14,2022,Shared computational principles for language processing in humans and deep language models,"Ariel Goldstein, Zaid Zada, Eliav Buchnik, Mariano Schain, A. Price, Bobbi Aubrey, et al.",Nature Neuroscience,2022-03-01,481,33,173.4,Computational Neuroscience and Brain-Inspired AI,brain-structure;connectome;machine-learning;deep-learning;brain-inspired-ai;neural-signals,"Departing from traditional linguistic models, advances in deep learning have resulted in a new type of predictive (autoregressive) deep language models (DLMs).",high citation signal (481); recognized venue; open-access PDF metadata; explicit AI/modeling signal,"Model fit does not by itself prove biological mechanism.; Brain-inspired analogies can become too loose unless tied to measurable neural evidence.; Model performance should be checked for leakage, confounding, calibration, and external validity.",10.1038/s41593-022-01026-4,b4206dd288958affeb314aee0ec1397de5c74c23,https://doi.org/10.1038/s41593-022-01026-4,,https://www.nature.com/articles/s41593-022-01026-4.pdf,,JournalArticle,unknown,brain; ecog; neural; deep learning; prediction; predictive; computational neuroscience; brain-inspired; explicit brain-structure/AI bridge,"Departing from traditional linguistic models, advances in deep learning have resulted in a new type of predictive (autoregressive) deep language models (DLMs). Using a self-supervised next-word prediction task, these models generate appropriate linguistic responses in a given context. In the current study, nine participants listened to a 30-min podcast while their brain responses were recorded using electrocorticography (ECoG). We provide empirical evidence that the human brain and autoregressive DLMs share three fundamental computational principles as they process the same natural narrative: (1) both are engaged in continuous next-word prediction before word onset; (2) both match their pre-onset predictions to the incoming word to calculate post-onset surprise; (3) both rely on contextual embeddings to represent words in natural contexts. Together, our findings suggest that autoregressive DLMs provide a new and biologically feasible computational framework for studying the neural basis of language. Deep language models have revolutionized natural language processing. The paper discovers three computational principles shared between deep language models and the human brain, which can transform our understanding of the neural basis of language."
15,2022,Glioblastoma hijacks neuronal mechanisms for brain invasion.,"V. Venkataramani, Yvonne Yang, M. Schubert, Ekin Reyhan, Svenja K. Tetzlaff, Niklas Wißmann, et al.",Cell,2022-07-01,476,21,165.62,"Cellular, Synaptic, and Neuromorphic Foundations",brain-structure;connectome;neuromorphic-bci,Glioblastomas are incurable tumors infiltrating the brain.,high citation signal (476); recognized venue; open-access PDF metadata; brain-structure signal,"Cellular mechanisms rarely scale directly into whole-brain behavior or modern AI architectures.; Animal and ex vivo findings require careful translation to human cognition and deployed systems.; Imaging conclusions can depend on acquisition, preprocessing, and model specification.",10.1016/j.cell.2022.06.054,5b3591461e92ab012ddcd7b7706b9d94fc1c5c23,https://doi.org/10.1016/j.cell.2022.06.054,,http://www.cell.com/article/S0092867422008479/pdf,,JournalArticle,unknown,brain; neuron; neural; neuromorphic; brain/neural structure in title; explicit brain-structure/AI bridge,"Glioblastomas are incurable tumors infiltrating the brain. A subpopulation of glioblastoma cells forms a functional and therapy-resistant tumor cell network interconnected by tumor microtubes (TMs). Other subpopulations appear unconnected, and their biological role remains unclear. Here, we demonstrate that whole-brain colonization is fueled by glioblastoma cells that lack connections with other tumor cells and astrocytes yet receive synaptic input from neurons. This subpopulation corresponds to neuronal and neural-progenitor-like tumor cell states, as defined by single-cell transcriptomics, both in mouse models and in the human disease. Tumor cell invasion resembled neuronal migration mechanisms and adopted a Lévy-like movement pattern of probing the environment. Neuronal activity induced complex calcium signals in glioblastoma cells followed by the de novo formation of TMs and increased invasion speed. Collectively, superimposing molecular and functional single-cell data revealed that neuronal mechanisms govern glioblastoma cell invasion on multiple levels. This explains how glioblastoma's dissemination and cellular heterogeneity are closely interlinked."
16,2022,Dynamical memristors for higher-complexity neuromorphic computing,"Suhas Kumar, Xinxin Wang, J. Strachan, Yuchao Yang, Wei D. Lu",Nature Reviews Materials,2022-04-08,466,3,152.23,Structural Neuroimaging and AI,brain-structure;neuroimaging;neuromorphic-bci,Positions Dynamical memristors for higher-complexity neuromorphic computing within Neuroimaging and Brain Mapping.,high citation signal (466); recognized venue; brain-structure signal; brain-to-model interface signal,"Scanner, site, protocol, and preprocessing differences can be learned as shortcuts by AI models.; High predictive accuracy does not guarantee anatomical validity or causal interpretation.; Imaging conclusions can depend on acquisition, preprocessing, and model specification.",10.1038/s41578-022-00434-z,8f36e0f6a4f5684fab550ae0d0e99566dac26342,https://doi.org/10.1038/s41578-022-00434-z,,,,Review,unknown,mri; neuromorphic; explicit brain-structure/AI bridge,
17,2022,Hippocampus and its involvement in Alzheimer's disease: a review,"Y. Rao, B. Ganaraja, B. Murlimanju, Teresa Joy, A. Krishnamurthy, A. Agrawal",3 Biotech,2022-02-01,463,6,159.12,"Cellular, Synaptic, and Neuromorphic Foundations",brain-structure;neuroimaging;clinical-neuroai,"Hippocampus is the significant component of the limbic lobe, which is further subdivided into the dentate gyrus and parts of Cornu Ammonis.",high citation signal (463); open-access PDF metadata; synthesis or review value; brain-structure signal,"Cellular mechanisms rarely scale directly into whole-brain behavior or modern AI architectures.; Animal and ex vivo findings require careful translation to human cognition and deployed systems.; Imaging conclusions can depend on acquisition, preprocessing, and model specification.",10.1007/s13205-022-03123-4,84338b50a288b320cba29c82e937cfaa5fd969b2,https://doi.org/10.1007/s13205-022-03123-4,,https://link.springer.com/content/pdf/10.1007/s13205-022-03123-4.pdf,,Review; JournalArticle,unknown,brain; hippocampus; mri; neuron; neural; neuromorphic; explicit brain-structure/AI bridge,"Hippocampus is the significant component of the limbic lobe, which is further subdivided into the dentate gyrus and parts of Cornu Ammonis. It is the crucial region for learning and memory; its sub-regions aid in the generation of episodic memory. However, the hippocampus is one of the brain areas affected by Alzheimer's (AD). In the early stages of AD, the hippocampus shows rapid loss of its tissue, which is associated with the functional disconnection with other parts of the brain. In the progression of AD, atrophy of medial temporal and hippocampal regions are the structural markers in magnetic resonance imaging (MRI). Lack of sirtuin (SIRT) expression in the hippocampal neurons will impair cognitive function, including recent memory and spatial learning. Proliferation, differentiation, and migrations are the steps involved in adult neurogenesis. The microglia in the hippocampal region are more immunologically active than the other regions of the brain. Intrinsic factors like hormones, glia, and vascular nourishment are instrumental in the neural stem cell (NSC) functions by maintaining the brain's microenvironment. Along with the intrinsic factors, many extrinsic factors like dietary intake and physical activity may also influence the NSCs. Hence, pro-neurogenic lifestyle could delay neurodegeneration."
18,2022,Machine learning in medical applications: A review of state-of-the-art methods,"Mohammad Shehab, L. Abualigah, Q. Shambour, Muhannad A. Abu-Hashem, M. Y. Shambour, A. I. Alsalibi, et al.",Comput. Biol. Medicine,2022-03-28,461,4,148.04,General Brain-AI Structure Reviews and Methods,brain-structure;machine-learning;clinical-neuroai,"Applications of machine learning (ML) methods have been used extensively to solve various complex challenges in recent years in various application areas, such as medical, financial, environmental, marketing, security, and industrial applications.",high citation signal (461); synthesis or review value; explicit AI/modeling signal; brain-structure signal,"Reviews and methods can dominate citations while obscuring smaller empirical advances.; Bridge terminology can be ambiguous, especially around neural networks, intelligence, and biological plausibility.; Model performance should be checked for leakage, confounding, calibration, and external validity.",10.1016/j.compbiomed.2022.105458,e6953924b6eb8fb3e62e98e45b8aa6f5a194b90d,https://doi.org/10.1016/j.compbiomed.2022.105458,,,,Review; JournalArticle,unknown,brain; machine learning; explicit brain-structure/AI bridge,"Applications of machine learning (ML) methods have been used extensively to solve various complex challenges in recent years in various application areas, such as medical, financial, environmental, marketing, security, and industrial applications. ML methods are characterized by their ability to examine many data and discover exciting relationships, provide interpretation, and identify patterns. ML can help enhance the reliability, performance, predictability, and accuracy of diagnostic systems for many diseases. This survey provides a comprehensive review of the use of ML in the medical field highlighting standard technologies and how they affect medical diagnosis. Five major medical applications are deeply discussed, focusing on adapting the ML models to solve the problems in cancer, medical chemistry, brain, medical imaging, and wearable sensors. Finally, this survey provides valuable references and guidance for researchers, practitioners, and decision-makers framing future research and development directions."
19,2022,MedSegDiff: Medical Image Segmentation with Diffusion Probabilistic Model,"Junde Wu, Huihui Fang, Yu Zhang, Yehui Yang, Yanwu Xu",International Conference on Medical Imaging with Deep Learning,2022-11-01,460,34,129.0,Structural Neuroimaging and AI,brain-structure;deep-learning;neuroimaging,Diffusion probabilistic model (DPM) recently becomes one of the hottest topic in computer vision.,high citation signal (460); open-access PDF metadata; explicit AI/modeling signal; brain-structure signal,"Scanner, site, protocol, and preprocessing differences can be learned as shortcuts by AI models.; High predictive accuracy does not guarantee anatomical validity or causal interpretation.; Model performance should be checked for leakage, confounding, calibration, and external validity.",10.48550/arXiv.2211.00611,c266aedf9660a70d15d02f53242c6fcebe7b4b8c,https://doi.org/10.48550/arXiv.2211.00611,,http://arxiv.org/pdf/2211.00611,,JournalArticle,unknown,brain; mri; historical computation/learning bridge,"Diffusion probabilistic model (DPM) recently becomes one of the hottest topic in computer vision. Its image generation application such as Imagen, Latent Diffusion Models and Stable Diffusion have shown impressive generation capabilities, which aroused extensive discussion in the community. Many recent studies also found it is useful in many other vision tasks, like image deblurring, super-resolution and anomaly detection. Inspired by the success of DPM, we propose the first DPM based model toward general medical image segmentation tasks, which we named MedSegDiff. In order to enhance the step-wise regional attention in DPM for the medical image segmentation, we propose dynamic conditional encoding, which establishes the state-adaptive conditions for each sampling step. We further propose Feature Frequency Parser (FF-Parser), to eliminate the negative effect of high-frequency noise component in this process. We verify MedSegDiff on three medical segmentation tasks with different image modalities, which are optic cup segmentation over fundus images, brain tumor segmentation over MRI images and thyroid nodule segmentation over ultrasound images. The experimental results show that MedSegDiff outperforms state-of-the-art (SOTA) methods with considerable performance gap, indicating the generalization and effectiveness of the proposed model. Our code is released at https://github.com/WuJunde/MedSegDiff."
20,2022,SynthStrip: skull-stripping for any brain image,"Andrew Hoopes, Jocelyn S. Mora, Adrian V. Dalca, B. Fischl, Malte Hoffmann",NeuroImage,2022-03-18,458,46,145.72,Structural Neuroimaging and AI,brain-structure;neuroimaging,"The removal of non-brain signal from magnetic resonance imaging (MRI) data, known as skull-stripping, is an integral component of many neuroimage analysis streams.",high citation signal (458); recognized venue; open-access PDF metadata; brain-structure signal,"Scanner, site, protocol, and preprocessing differences can be learned as shortcuts by AI models.; High predictive accuracy does not guarantee anatomical validity or causal interpretation.; Imaging conclusions can depend on acquisition, preprocessing, and model specification.",10.1016/j.neuroimage.2022.119474,220fa61fc328646c3401b8b0baad635c07ebb418,https://doi.org/10.1016/j.neuroimage.2022.119474,,https://doi.org/10.1016/j.neuroimage.2022.119474,,JournalArticle,unknown,brain; mri; brain/neural structure in title; historical computation/learning bridge,"The removal of non-brain signal from magnetic resonance imaging (MRI) data, known as skull-stripping, is an integral component of many neuroimage analysis streams. Despite their abundance, popular classical skull-stripping methods are usually tailored to images with specific acquisition properties, namely near-isotropic resolution and T1-weighted (T1w) MRI contrast, which are prevalent in research settings. As a result, existing tools tend to adapt poorly to other image types, such as stacks of thick slices acquired with fast spin-echo (FSE) MRI that are common in the clinic. While learning-based approaches for brain extraction have gained traction in recent years, these methods face a similar burden, as they are only effective for image types seen during the training procedure. To achieve robust skull-stripping across a landscape of imaging protocols, we introduce SynthStrip, a rapid, learning-based brain-extraction tool. By leveraging anatomical segmentations to generate an entirely synthetic training dataset with anatomies, intensity distributions, and artifacts that far exceed the realistic range of medical images, SynthStrip learns to successfully generalize to a variety of real acquired brain images, removing the need for training data with target contrasts. We demonstrate the efficacy of SynthStrip for a diverse set of image acquisitions and resolutions across subject populations, ranging from newborn to adult. We show substantial improvements in accuracy over popular skull-stripping baselines - all with a single trained model. Our method and labeled evaluation data are available at https://w3id.org/synthstrip."
21,2022,Brain Imaging Generation with Latent Diffusion Models,"W. H. Pinaya, Petru-Daniel Dan Tudosiu, Jessica Dafflon, P. F. D. Costa, Virginia Fernandez, P. Nachev, et al.",DGM4MICCAI@MICCAI,2022-09-15,455,30,154.0,"Connectomics, Graph Models, and Brain Networks",brain-structure;connectome;deep-learning;neuroimaging,Deep neural networks have brought remarkable breakthroughs in medical image analysis.,high citation signal (455); open-access PDF metadata; explicit AI/modeling signal; brain-structure signal,"Graph results can depend strongly on parcellation, thresholding, acquisition, and preprocessing choices.; Correlation networks are often interpreted more causally than the evidence supports.; Model performance should be checked for leakage, confounding, calibration, and external validity.",10.48550/arXiv.2209.07162,e924a5cc4739f18fb225b7a8b506099042567ffa,https://doi.org/10.48550/arXiv.2209.07162,,http://arxiv.org/pdf/2209.07162,,JournalArticle,unknown,brain; mri; neural; neural network; brain/neural structure in title; explicit brain-structure/AI bridge,"Deep neural networks have brought remarkable breakthroughs in medical image analysis. However, due to their data-hungry nature, the modest dataset sizes in medical imaging projects might be hindering their full potential. Generating synthetic data provides a promising alternative, allowing to complement training datasets and conducting medical image research at a larger scale. Diffusion models recently have caught the attention of the computer vision community by producing photorealistic synthetic images. In this study, we explore using Latent Diffusion Models to generate synthetic images from high-resolution 3D brain images. We used T1w MRI images from the UK Biobank dataset (N=31,740) to train our models to learn about the probabilistic distribution of brain images, conditioned on covariables, such as age, sex, and brain structure volumes. We found that our models created realistic data, and we could use the conditioning variables to control the data generation effectively. Besides that, we created a synthetic dataset with 100,000 brain images and made it openly available to the scientific community."
22,2022,Microglia in depression: an overview of microglia in the pathogenesis and treatment of depression,"Haixia Wang, Yi He, Zuoli Sun, Si-yu Ren, Mingxia Liu, G. Wang, et al.",Journal of Neuroinflammation,2022-06-06,452,7,157.09,"Cellular, Synaptic, and Neuromorphic Foundations",brain-structure;connectome;deep-learning;neural-signals;clinical-neuroai,Major depressive disorder is a highly debilitating psychiatric disorder involving the dysfunction of different cell types in the brain.,high citation signal (452); open-access PDF metadata; explicit AI/modeling signal; brain-structure signal,"Cellular mechanisms rarely scale directly into whole-brain behavior or modern AI architectures.; Animal and ex vivo findings require careful translation to human cognition and deployed systems.; Model performance should be checked for leakage, confounding, calibration, and external validity.",10.1186/s12974-022-02492-0,499d69ddf9b38f803c9ff67938eda1e4f4f66426,https://doi.org/10.1186/s12974-022-02492-0,,https://jneuroinflammation.biomedcentral.com/counter/pdf/10.1186/s12974-022-02492-0,,Review; JournalArticle,unknown,brain; ecog; neural; neural network; neuromorphic; explicit brain-structure/AI bridge,"Major depressive disorder is a highly debilitating psychiatric disorder involving the dysfunction of different cell types in the brain. Microglia are the predominant resident immune cells in the brain and exhibit a critical role in depression. Recent studies have suggested that depression can be regarded as a microglial disease. Microglia regulate inflammation, synaptic plasticity, and the formation of neural networks, all of which affect depression. In this review, we highlighted the role of microglia in the pathology of depression. First, we described microglial activation in animal models and clinically depressed patients. Second, we emphasized the possible mechanisms by which microglia recognize depression-associated stress and regulate conditions. Third, we described how antidepressants (clinical medicines and natural products) affect microglial activation. Thus, this review aimed to objectively analyze the role of microglia in depression and focus on potential antidepressants. These data suggested that regulation of microglial actions might be a novel therapeutic strategy to counteract the adverse effects of devastating mental disorders."
23,2022,Brain-derived neurotrophic factor in Alzheimer's disease and its pharmaceutical potential,"Li Gao, Yun Zhang, Keenan Sterling, Weihong Song",Translational Neurodegeneration,2022-01-28,432,16,150.67,"Cellular, Synaptic, and Neuromorphic Foundations",brain-structure;clinical-neuroai,Synaptic abnormalities are a cardinal feature of Alzheimer's disease (AD) that are known to arise as the disease progresses.,high citation signal (432); open-access PDF metadata; brain-structure signal,"Cellular mechanisms rarely scale directly into whole-brain behavior or modern AI architectures.; Animal and ex vivo findings require careful translation to human cognition and deployed systems.; Imaging conclusions can depend on acquisition, preprocessing, and model specification.",10.1186/s40035-022-00279-0,8e2d702b3daab433d5125284895c1ddf8e9a83e9,https://doi.org/10.1186/s40035-022-00279-0,,https://translationalneurodegeneration.biomedcentral.com/counter/pdf/10.1186/s40035-022-00279-0,,Review; JournalArticle,unknown,brain; neuron; synapse; neuromorphic; brain/neural structure in title; explicit brain-structure/AI bridge,"Synaptic abnormalities are a cardinal feature of Alzheimer's disease (AD) that are known to arise as the disease progresses. A growing body of evidence suggests that pathological alterations to neuronal circuits and synapses may provide a mechanistic link between amyloid β (Aβ) and tau pathology and thus may serve as an obligatory relay of the cognitive impairment in AD. Brain-derived neurotrophic factors (BDNFs) play an important role in maintaining synaptic plasticity in learning and memory. Considering AD as a synaptic disorder, BDNF has attracted increasing attention as a potential diagnostic biomarker and a therapeutical molecule for AD. Although depletion of BDNF has been linked with Aβ accumulation, tau phosphorylation, neuroinflammation and neuronal apoptosis, the exact mechanisms underlying the effect of impaired BDNF signaling on AD are still unknown. Here, we present an overview of how BDNF genomic structure is connected to factors that regulate BDNF signaling. We then discuss the role of BDNF in AD and the potential of BDNF-targeting therapeutics for AD."
24,2022,Molecular basis of astrocyte diversity and morphology across the CNS in health and disease,"F. Endo, A. Kasai, Joselyn S. Soto, Xinzhu Yu, Zhe Qu, Hitoshi Hashimoto, et al.",Science,2022-11-04,432,18,161.07,"Cellular, Synaptic, and Neuromorphic Foundations",brain-structure;connectome;decoding;clinical-neuroai,"Astrocytes, a type of glia, are abundant and morphologically complex cells.",high citation signal (432); recognized venue; open-access PDF metadata; brain-structure signal,"Cellular mechanisms rarely scale directly into whole-brain behavior or modern AI architectures.; Animal and ex vivo findings require careful translation to human cognition and deployed systems.; Imaging conclusions can depend on acquisition, preprocessing, and model specification.",10.1126/science.adc9020,7128df4a0d67b11c4ef030b030ee35758cc71fbb,https://doi.org/10.1126/science.adc9020,,https://www.ncbi.nlm.nih.gov/pmc/articles/PMC9873482,,JournalArticle,unknown,brain; hippocampus; neuron; neural; neuromorphic; explicit brain-structure/AI bridge,"Astrocytes, a type of glia, are abundant and morphologically complex cells. Here, we report astrocyte molecular profiles, diversity, and morphology across the mouse central nervous system (CNS). We identified shared and region-specific astrocytic genes and functions and explored the cellular origins of their regional diversity. We identified gene networks correlated with astrocyte morphology, several of which unexpectedly contained Alzheimer's disease (AD) risk genes. CRISPR/Cas9-mediated reduction of candidate genes reduced astrocyte morphological complexity and resulted in cognitive deficits. The same genes were down-regulated in human AD, in an AD mouse model that displayed reduced astrocyte morphology, and in other human brain disorders. We thus provide comprehensive molecular data on astrocyte diversity and mechanisms across the CNS and on the molecular basis of astrocyte morphology in health and disease. Description Astrocyte diversity and morphology Astrocytes are the major type of glia, displaying complex bushy morphologies as their defining feature. Endo et al. studied astrocyte similarities, diversity, and morphology across the mouse central nervous system (CNS) (see the Perspective by Baldwin). They identified gene networks related to astrocyte morphology between CNS regions, several of which unexpectedly included genes related to risk of Alzheimer's disease (AD). When expression of these genes was reduced in mice, astrocyte morphological complexity was diminished, and mice exhibited impairments in a cognitive test. Remarkably, the same genes are down-regulated in both a mouse model of AD and in human AD and several other CNS disorders. These findings suggest that loss of astrocyte morphology may be therapeutically targetable in diverse CNS disorders. -SMH The molecular basis of astrocyte diversity and of their complex morphology in health and disease states is elucidated. INTRODUCTION The central nervous system (CNS) comprises a large population of non-neuronal cells called glia. The predominant type of glia are astrocytes, which were discovered ~140 years ago. Astrocytes tile the entire CNS, serve critical homeostatic functions, and display complex, ""bushy"" morphologies-their defining feature. Unlike CNS neurons, which are highly diverse, astrocytes have historically been considered largely homogenous, serving as a type of omnipresent glue that is equivalent between CNS areas. Although recent studies have challenged this belief, there has been no broad assessment of astrocyte diversity, similarity, or morphology across the CNS of any species. An important goal, therefore, is to rigorously understand the molecular similarities and differences between astrocytes in the CNS, to determine how they affect astrocyte morphology, and to determine how these properties relate to normal and disease conditions. RATIONALE It is critical to understand all cell types of the CNS in detail as part of our quest to explore fundamental biology and to develop new therapeutic strategies to treat CNS disorders. We studied astrocyte regional diversity and major signaling pathways using whole-brain imaging, astrocyte-neuron density, marker expression, astrocyte-specific and bulk tissue gene expression, single-cell gene expression, astrocyte morphology, and interrelationships between gene expression and morphology using bioinformatic methods across the CNS. The data were mined to identify genes and pathways related to astrocyte morphological complexity, which we explored experimentally using gene knockdowns. We then compared these morphology-related genes with astrocytic differentially expressed genes from an Alzheimer's disease (AD) mouse model displaying reduced astrocyte morphology, as well as in relation to gene expression in AD and other CNS disorders. RESULTS We found several hundred genes that were enriched within and shared among astrocytes in the CNS, with functions related to metabolism, cholesterol, and neurotransmitter uptake and biosynthesis. These genes represent the core functions of astrocytes, but little is known about approximately a third of them, implying that understanding the fundamental physiology of astrocytes across CNS areas is an important ongoing experimental goal. Our data also reveal that astrocytes have molecular features and functions specific to CNS regions, and that these region-specific functions arise from the local tissue environment and by variable representation of seven distinct astrocyte subclusters. We mined our data to identify gene networks related to astrocyte morphology, and unexpectedly discovered several AD risk genes. We developed astrocyte-specific CRISPR/Cas9-based gene knockdown to reduce the expression of such genes in the hippocampus. We found a reduction of astrocyte morphology with changes in a cognitive task after knockdown of key morphology-related genes, indicating that astrocyte morphological changes affect neural circuit function. In addition to AD risk genes that were astrocyte morphology related, we found a significant association between morphology-related genes and those related to several other common CNS disorders. CONCLUSION We provide comprehensive molecular data that will allow many new types of experiments to explore core features of astrocytes across the CNS, in particular, those unique to specific regions and how they relate to the dynamics and biophysics of neural circuits in specific CNS regions. We used our data to identify the molecular underpinnings of astrocyte morphology between CNS regions and to show that reduced astrocyte morphological complexity, and the attendant loss of tissue support, is common to diverse CNS disorders. This raises the prospect that restoring astrocyte morphology, and thus the ensuing neuronal and tissue support functions, may be therapeutically beneficial in disease. Our findings provide the molecular basis to explore such strategies and to unravel the nascent underlying biology determining how astrocytes contribute to CNS function and dysfunction. Astrocyte diversity and morphology across the CNS. (1) Astrocyte morphology and gene expression was measured across CNS regions. (2) Gene expression data revealed the molecular signatures of astrocyte diversity and its origins. (3) Gene expression and morphological data identified gene networks related to complex morphology. Causal roles were explored. (4) Several astrocyte morphology genes were Alzheimer's disease risk genes, a disorder in which astrocytes displayed reduced morphology."
25,2022,Three tissue resident macrophage subsets coexist across organs with conserved origins and life cycles,"Sarah A. Dick, Anthony Wong, Homaira Hamidzada, S. Nejat, Robert Nechanitzky, S. Vohra, et al.",Science immunology,2022-01-07,423,26,167.5,Computational Neuroscience and Brain-Inspired AI,brain-structure;machine-learning;neuroimaging,Description High-dimensional analysis reveals three macrophage subsets with common transcriptional and biological properties across organs.,high citation signal (423); recognized venue; open-access PDF metadata; explicit AI/modeling signal,"Model fit does not by itself prove biological mechanism.; Brain-inspired analogies can become too loose unless tied to measurable neural evidence.; Model performance should be checked for leakage, confounding, calibration, and external validity.",10.1126/sciimmunol.abf7777,2c64b1512a9fe87cfa8602c6ffbdec9528bf56c2,https://doi.org/10.1126/sciimmunol.abf7777,,https://www.science.org/doi/pdf/10.1126/sciimmunol.abf7777?download=true,,JournalArticle,unknown,brain; random forest; computational neuroscience; brain-inspired; explicit brain-structure/AI bridge,"Description High-dimensional analysis reveals three macrophage subsets with common transcriptional and biological properties across organs. Mapping macrophage heterogeneity Tissue resident macrophages have specific roles in homeostasis, inflammation, and tissue repair, but how macrophage populations between tissues are related is not well understood. Dick et al. used single-cell RNA sequencing to identify macrophage subpopulations and examine transcriptional similarities across multiple mouse organs. They defined three recurring transcriptionally related macrophage subsets with unique core gene signatures, which can be stratified based on expression of TIMD4, LYVE1, FOLR2, CCR2, and MHC-II. The three subpopulations (TLF+, CCR2+, and MHC-IIhi) have unique life cycles and developmental origins, and the TLF+ subset was the most highly conserved between mouse organs, developmental stages, and with human tissues. Together, these findings identify key similarities between macrophage subsets across multiple tissues and provide a common starting point for investigating macrophage heterogeneity and biology. Resident macrophages orchestrate homeostatic, inflammatory, and reparative activities. It is appreciated that different tissues instruct specialized macrophage functions. However, individual tissues contain heterogeneous subpopulations, and how these subpopulations are related is unclear. We asked whether common transcriptional and functional elements could reveal an underlying framework across tissues. Using single-cell RNA sequencing and random forest modeling, we observed that four genes could predict three macrophage subsets that were present in murine heart, liver, lung, kidney, and brain. Parabiotic and genetic fate mapping studies revealed that these core markers predicted three unique life cycles across 17 tissues. TLF+ (expressing TIMD4 and/or LYVE1 and/or FOLR2) macrophages were maintained through self-renewal with minimal monocyte input; CCR2+ (TIMD4−LYVE1−FOLR2−) macrophages were almost entirely replaced by monocytes, and MHC-IIhi macrophages (TIMD4−LYVE1−FOLR2−CCR2−), while receiving modest monocyte contribution, were not continually replaced. Rather, monocyte-derived macrophages contributed to the resident macrophage population until they reached a defined upper limit after which they did not outcompete pre-existing resident macrophages. Developmentally, TLF+ macrophages were first to emerge in the yolk sac and early fetal organs. Fate mapping studies in the mouse and human single-cell RNA sequencing indicated that TLF+ macrophages originated from both yolk sac and fetal monocyte precursors. Furthermore, TLF+ macrophages were the most transcriptionally conserved subset across mouse tissues and between mice and humans, despite organ- and species-specific transcriptional differences. Here, we define the existence of three murine macrophage subpopulations based on common life cycle properties and core gene signatures and provide a common starting point to understand tissue macrophage heterogeneity."
26,2022,Molecular pathways of major depressive disorder converge on the synapse,"G. Fries, Valeria A. Saldana, Johannes Finnstein, T. Rein",Molecular Psychiatry,2022-10-06,420,16,142.17,"Cellular, Synaptic, and Neuromorphic Foundations",brain-structure;decoding,Major depressive disorder (MDD) is a psychiatric disease of still poorly understood molecular etiology.,high citation signal (420); open-access PDF metadata; brain-structure signal; brain-to-model interface signal,"Cellular mechanisms rarely scale directly into whole-brain behavior or modern AI architectures.; Animal and ex vivo findings require careful translation to human cognition and deployed systems.; Imaging conclusions can depend on acquisition, preprocessing, and model specification.",10.1038/s41380-022-01806-1,8f9a425a9071149d3b7eb245abf0e27b740e3901,https://doi.org/10.1038/s41380-022-01806-1,,https://www.nature.com/articles/s41380-022-01806-1.pdf,,Review; JournalArticle,unknown,brain; synapse; neuromorphic; explicit brain-structure/AI bridge,"Major depressive disorder (MDD) is a psychiatric disease of still poorly understood molecular etiology. Extensive studies at different molecular levels point to a high complexity of numerous interrelated pathways as the underpinnings of depression. Major systems under consideration include monoamines, stress, neurotrophins and neurogenesis, excitatory and inhibitory neurotransmission, mitochondrial dysfunction, (epi)genetics, inflammation, the opioid system, myelination, and the gut-brain axis, among others. This review aims at illustrating how these multiple signaling pathways and systems may interact to provide a more comprehensive view of MDD's neurobiology. In particular, considering the pattern of synaptic activity as the closest physical representation of mood, emotion, and conscience we can conceptualize, each pathway or molecular system will be scrutinized for links to synaptic neurotransmission. Models of the neurobiology of MDD will be discussed as well as future actions to improve the understanding of the disease and treatment options."
27,2022,The Microbiota-Gut-Brain Axis in Psychiatric Disorders,"A. Góralczyk-Bińkowska, Dagmara Szmajda-Krygier, E. Kozłowska",International Journal of Molecular Sciences,2022-09-24,419,11,156.92,"Cognitive Architectures, Learning, and Systems Neuroscience",brain-structure,Modulating the gut microbiome and its influence on human health is the subject of intense research.,high citation signal (419); recognized venue; open-access PDF metadata; brain-structure signal,"Task designs can oversimplify cognition and limit ecological validity.; Circuit-behavior correlations need causal perturbation or strong model comparison before mechanistic claims are secure.; Imaging conclusions can depend on acquisition, preprocessing, and model specification.",10.3390/ijms231911245,80fab0f61aa1f31b033fcf94883ba4a8f8d602dd,https://doi.org/10.3390/ijms231911245,,https://www.mdpi.com/1422-0067/23/19/11245/pdf?version=1664252814,,Review; JournalArticle,unknown,brain; cognitive architecture; brain/neural structure in title; explicit brain-structure/AI bridge,"Modulating the gut microbiome and its influence on human health is the subject of intense research. The gut microbiota could be associated not only with gastroenterological diseases but also with psychiatric disorders. The importance of factors such as stress, mode of delivery, the role of probiotics, circadian clock system, diet, and occupational and environmental exposure in the relationship between the gut microbiota and brain function through bidirectional communication, described as ""the microbiome-gut-brain axis"", is especially underlined. In this review, we discuss the link between the intestinal microbiome and the brain and host response involving different pathways between the intestinal microbiota and the nervous system (e.g., neurotransmitters, endocrine system, immunological mechanisms, or bacterial metabolites). We review the microbiota alterations and their results in the development of psychiatric disorders, including major depressive disorder (MDD), schizophrenia (SCZ), bipolar disorder (BD), autism spectrum disorder (ASD), and attention-deficit hyperactivity disorder (ADHD)."
28,2022,neuromaps: structural and functional interpretation of brain maps,"R. Markello, J. Hansen, Zhen-Qi Liu, Vincent Bazinet, G. Shafiei, Laura E. Suárez, et al.",bioRxiv,2022-01-06,418,35,130.08,Structural Neuroimaging and AI,brain-structure;neuroimaging,Imaging technologies are increasingly used to generate high-resolution reference maps of brain structure and function.,high citation signal (418); open-access PDF metadata; brain-structure signal,"Scanner, site, protocol, and preprocessing differences can be learned as shortcuts by AI models.; High predictive accuracy does not guarantee anatomical validity or causal interpretation.; Imaging conclusions can depend on acquisition, preprocessing, and model specification.",10.1038/s41592-022-01625-w,f8734292a35badebb013a9213b12a52f35b02a91,https://doi.org/10.1038/s41592-022-01625-w,,https://www.nature.com/articles/s41592-022-01625-w.pdf,,JournalArticle,unknown,brain; brain/neural structure in title; historical computation/learning bridge,"Imaging technologies are increasingly used to generate high-resolution reference maps of brain structure and function. Comparing experimentally generated maps to these reference maps facilitates cross-disciplinary scientific discovery. Although recent data sharing initiatives increase the accessibility of brain maps, data are often shared in disparate coordinate systems, precluding systematic and accurate comparisons. Here we introduce neuromaps, a toolbox for accessing, transforming and analyzing structural and functional brain annotations. We implement functionalities for generating high-quality transformations between four standard coordinate systems. The toolbox includes curated reference maps and biological ontologies of the human brain, such as molecular, microstructural, electrophysiological, developmental and functional ontologies. Robust quantitative assessment of map-to-map similarity is enabled via a suite of spatial autocorrelation-preserving null models. neuromaps combines open-access data with transparent functionality for standardizing and comparing brain maps, providing a systematic workflow for comprehensive structural and functional annotation enrichment analysis of the human brain. neuromaps is a toolbox for accessing, transforming and comparing human neuroimaging data."
29,2022,Transcranial magnetic stimulation of the brain: What is stimulated? - A consensus and critical position paper,"H. Siebner, K. Funke, A. Aberra, A. Antal, S. Bestmann, Robert Chen, et al.",Clinical Neurophysiology,2022-05-01,414,13,154.31,"Cellular, Synaptic, and Neuromorphic Foundations",brain-structure;connectome;clinical-neuroai;neuromorphic-bci,Transcranial (electro)magnetic stimulation (TMS) is currently the method of choice to non-invasively induce neural activity in the human brain.,high citation signal (414); open-access PDF metadata; brain-structure signal; brain-to-model interface signal,"Cellular mechanisms rarely scale directly into whole-brain behavior or modern AI architectures.; Animal and ex vivo findings require careful translation to human cognition and deployed systems.; Imaging conclusions can depend on acquisition, preprocessing, and model specification.",10.1016/j.clinph.2022.04.022,6c65999d98e3d947fa732c33fd5db483d8e73221,https://doi.org/10.1016/j.clinph.2022.04.022,,https://doi.org/10.1016/j.clinph.2022.04.022,,Review; JournalArticle,unknown,brain; cortical; neuron; neural; neuromorphic; brain/neural structure in title; explicit brain-structure/AI bridge,"Transcranial (electro)magnetic stimulation (TMS) is currently the method of choice to non-invasively induce neural activity in the human brain. A single transcranial stimulus induces a time-varying electric field in the brain that may evoke action potentials in cortical neurons. The spatial relationship between the locally induced electric field and the stimulated neurons determines axonal depolarization. The induced electric field is influenced by the conductive properties of the tissue compartments and is strongest in the superficial parts of the targeted cortical gyri and underlying white matter. TMS likely targets axons of both excitatory and inhibitory neurons. The propensity of individual axons to fire an action potential in response to TMS depends on their geometry, myelination and spatial relation to the imposed electric field and the physiological state of the neuron. The latter is determined by its transsynaptic dendritic and somatic inputs, intrinsic membrane potential and firing rate. Modeling work suggests that the primary target of TMS is axonal terminals in the crown top and lip regions of cortical gyri. The induced electric field may additionally excite bends of myelinated axons in the juxtacortical white matter below the gyral crown. Neuronal excitation spreads ortho- and antidromically along the stimulated axons and causes secondary excitation of connected neuronal populations within local intracortical microcircuits in the target area. Axonal and transsynaptic spread of excitation also occurs along cortico-cortical and cortico-subcortical connections, impacting on neuronal activity in the targeted network. Both local and remote neural excitation depend critically on the functional state of the stimulated target area and network. TMS also causes substantial direct co-stimulation of the peripheral nervous system. Peripheral co-excitation propagates centrally in auditory and somatosensory networks, but also produces brain responses in other networks subserving multisensory integration, orienting or arousal. The complexity of the response to TMS warrants cautious interpretation of its physiological and behavioural consequences, and a deeper understanding of the mechanistic underpinnings of TMS will be critical for advancing it as a scientific and therapeutic tool."
30,2022,Perception-to-Cognition Tactile Sensing Based on Artificial-Intelligence-Motivated Human Full-Skin Bionic Electronic Skin,"Hongsen Niu, Hao Li, Song Gao, Yang Li, Xiao Wei, Yuke Chen, et al.",Advances in Materials,2022-06-01,412,3,152.02,Computational Neuroscience and Brain-Inspired AI,brain-structure;connectome;deep-learning,"Traditional electronic skin (e-skin), due to the lack of human-brain-like thinking and judging capability, is powerless to accelerate the pace to the intelligent era.",high citation signal (412); explicit AI/modeling signal; brain-structure signal,"Model fit does not by itself prove biological mechanism.; Brain-inspired analogies can become too loose unless tied to measurable neural evidence.; Model performance should be checked for leakage, confounding, calibration, and external validity.",10.1002/adma.202202622,5258d361322a50628cd80e690514b3b2c20b8ea7,https://doi.org/10.1002/adma.202202622,,,,JournalArticle,unknown,brain; neural; artificial intelligence; neural network; computational neuroscience; brain-inspired; explicit brain-structure/AI bridge,"Traditional electronic skin (e-skin), due to the lack of human-brain-like thinking and judging capability, is powerless to accelerate the pace to the intelligent era. Herein, artificial intelligence (AI)-motivated full-skin bionic (FSB) e-skin consisting of the structures of human vellus hair, epidermis-dermis-hypodermis, is proposed. Benefiting from the double interlocked layered microcone structure and supercapacitive iontronic effect, the FSB e-skin exhibits ultrahigh sensitivity of 8053.1 kPa−1 (<1 kPa), linear sensitivity of 3103.5 kPa−1 (1-34 kPa), and fast response/recovery time of <5.6 ms. In addition, it can realize the evolution from tactile perception to advanced intelligent tactile cognition after being equipped with a ""brain"". First, static/dynamic contactless tactile perception is achieved based on the triboelectric effect of the vellus hair bionics. Second, the supercapacitive iontronic effect based structural bionics of the epidermis-dermis-hypodermis and a five-layer multilayer perception (MLP) enable the general intelligent tactile cognition of gesture cognition and robot interaction. Most importantly, by making full use of the FSB e-skin with a six-layer MLP neural network, an advanced intelligent material cognition system is developed for real-time cognition of the object material species and locations via one contact, which surpasses the capability of humans."
31,2022,Gut microbiota regulate Alzheimer's disease pathologies and cognitive disorders via PUFA-associated neuroinflammation,"Chun Chen, Jianming Liao, Yiyuan Xia, Xia Liu, Rheinallt M. Jones, J. Haran, et al.",Gut,2022-01-11,409,6,122.69,Clinical NeuroAI and Brain Disorders,brain-structure;clinical-neuroai,Objective This study is to investigate the role of gut dysbiosis in triggering inflammation in the brain and its contribution to Alzheimer's disease (AD) pathogenesis.,high citation signal (409); brain-structure signal,"Clinical cohorts vary by disease stage, comorbidity, treatment history, and follow-up.; Models can learn site or demographic artifacts instead of disease mechanisms.; Imaging conclusions can depend on acquisition, preprocessing, and model specification.",10.1136/gutjnl-2021-326269,c7ea69fdd428d369bafa2953470c0e69890841ca,https://doi.org/10.1136/gutjnl-2021-326269,,,,JournalArticle,unknown,brain; cerebral; historical computation/learning bridge,"Objective This study is to investigate the role of gut dysbiosis in triggering inflammation in the brain and its contribution to Alzheimer's disease (AD) pathogenesis. Design We analysed the gut microbiota composition of 3×Tg mice in an age-dependent manner. We generated germ-free 3×Tg mice and recolonisation of germ-free 3×Tg mice with fecal samples from both patients with AD and age-matched healthy donors. Results Microbial 16S rRNA sequencing revealed Bacteroides enrichment. We found a prominent reduction of cerebral amyloid-β plaques and neurofibrillary tangles pathology in germ-free 3×Tg mice as compared with specific-pathogen-free mice. And hippocampal RNAseq showed that inflammatory pathway and insulin/IGF-1 signalling in 3×Tg mice brain are aberrantly altered in the absence of gut microbiota. Poly-unsaturated fatty acid metabolites identified by metabolomic analysis, and their oxidative enzymes were selectively elevated, corresponding with microglia activation and inflammation. AD patients' gut microbiome exacerbated AD pathologies in 3×Tg mice, associated with C/EBPβ/asparagine endopeptidase pathway activation and cognitive dysfunctions compared with healthy donors' microbiota transplants. Conclusions These findings support that a complex gut microbiome is required for behavioural defects, microglia activation and AD pathologies, the gut microbiome contributes to pathologies in an AD mouse model and that dysbiosis of the human microbiome might be a risk factor for AD."
32,2022,Cryo-EM structures of amyloid-β 42 filaments from human brain,"Yang Yang, Diana Arseni, Wenjuan Zhang, Melissa Huang, Sofia Lövestam, M. Schweighauser, et al.",Science,2022-01-13,399,18,165.25,"Cognitive Architectures, Learning, and Systems Neuroscience",brain-structure;clinical-neuroai,Description Hi-res view of human Aβ42 filaments Alzheimer's disease is characterized by a loss of memory and other cognitive functions and the filamentous assembly of Aβ and tau in the brain.,high citation signal (399); recognized venue; open-access PDF metadata; brain-structure signal,"Task designs can oversimplify cognition and limit ecological validity.; Circuit-behavior correlations need causal perturbation or strong model comparison before mechanistic claims are secure.; Imaging conclusions can depend on acquisition, preprocessing, and model specification.",10.1126/science.abm7285,12b42bdb2ae9b645af7ae53c6ec663ba3058843b,https://doi.org/10.1126/science.abm7285,,https://www.ncbi.nlm.nih.gov/pmc/articles/PMC7612234,,JournalArticle,unknown,brain; computational neuroscience; brain-inspired; brain/neural structure in title; explicit brain-structure/AI bridge,"Description Hi-res view of human Aβ42 filaments Alzheimer's disease is characterized by a loss of memory and other cognitive functions and the filamentous assembly of Aβ and tau in the brain. The assembly of Aβ peptides into filaments that end at residue 42 is a central event. Yang et al. used electron cryo-electron microscopy to determine the structures of Aβ42 filaments from human brain (see the Perspective by Willem and Fändrich). They identified two types of related S-shaped filaments, each consisting of two identical protofilaments. These structures will inform the development of better in vitro and animal models, inhibitors of Aβ42 assembly, and imaging agents with increased specificity and sensitivity. -SMH In Alzheimer's disease and other conditions, two structurally related protofilaments form type I and type II Aβ42 filaments. Filament assembly of amyloid-β peptides ending at residue 42 (Aβ42) is a central event in Alzheimer's disease. Here, we report the cryo-electron microscopy (cryo-EM) structures of Aβ42 filaments from human brains. Two structurally related S-shaped protofilament folds give rise to two types of filaments. Type I filaments were found mostly in the brains of individuals with sporadic Alzheimer's disease, and type II filaments were found in individuals with familial Alzheimer's disease and other conditions. The structures of Aβ42 filaments from the brain differ from those of filaments assembled in vitro. By contrast, in AppNL-F knock-in mice, Aβ42 deposits were made of type II filaments. Knowledge of Aβ42 filament structures from human brains may lead to the development of inhibitors of assembly and improved imaging agents."
33,2022,Focused ultrasound excites cortical neurons via mechanosensitive calcium accumulation and ion channel amplification,"Sangjin Yoo, D. Mittelstein, Robert C. Hurt, Jérôme J. Lacroix, Mikhail G. Shapiro",Nature Communications,2022-01-25,399,26,157.25,"Cellular, Synaptic, and Neuromorphic Foundations",brain-structure;clinical-neuroai,Ultrasonic neuromodulation has the unique potential to provide non-invasive control of neural activity in deep brain regions with high spatial precision and without chemical or genetic modification.,high citation signal (399); recognized venue; open-access PDF metadata; brain-structure signal,"Cellular mechanisms rarely scale directly into whole-brain behavior or modern AI architectures.; Animal and ex vivo findings require careful translation to human cognition and deployed systems.; Imaging conclusions can depend on acquisition, preprocessing, and model specification.",10.1038/s41467-022-28040-1,f9bf5bba72d33e58bbdcfa92a6ad5bbf7ff2d3ab,https://doi.org/10.1038/s41467-022-28040-1,,https://www.nature.com/articles/s41467-022-28040-1.pdf,,JournalArticle,unknown,brain; cortical; neuron; neural; neuromorphic; explicit brain-structure/AI bridge,"Ultrasonic neuromodulation has the unique potential to provide non-invasive control of neural activity in deep brain regions with high spatial precision and without chemical or genetic modification. However, the biomolecular and cellular mechanisms by which focused ultrasound excites mammalian neurons have remained unclear, posing significant challenges for the use of this technology in research and potential clinical applications. Here, we show that focused ultrasound excites primary murine cortical neurons in culture through a primarily mechanical mechanism mediated by specific calcium-selective mechanosensitive ion channels. The activation of these channels results in a gradual build-up of calcium, which is amplified by calcium- and voltage-gated channels, generating a burst firing response. Cavitation, temperature changes, large-scale deformation, and synaptic transmission are not required for this excitation to occur. Pharmacological and genetic inhibition of specific ion channels leads to reduced responses to ultrasound, while over-expressing these channels results in stronger ultrasonic stimulation. These findings provide a mechanistic explanation for the effect of ultrasound on neurons to facilitate the further development of ultrasonic neuromodulation and sonogenetics as tools for neuroscience research. The mechanisms underlying the effects of ultrasonic modulation of neural activity are unclear. Here, the authors show that focused ultrasound excites cultured primary murine cortical neurons via calcium accumulation through specific mechanosensitive ion channels."
34,2022,Optimal Brain Compression: A Framework for Accurate Post-Training Quantization and Pruning,"Elias Frantar, Dan Alistarh",Neural Information Processing Systems,2022-08-24,394,65,155.42,Computational Neuroscience and Brain-Inspired AI,brain-structure;connectome;deep-learning;brain-inspired-ai,"We consider the problem of model compression for deep neural networks (DNNs) in the challenging one-shot/post-training setting, in which we are given an accurate trained model, and must compress it without any retraining, based only on a small amount of calibration input data.",high citation signal (394); open-access PDF metadata; explicit AI/modeling signal; brain-structure signal,"Model fit does not by itself prove biological mechanism.; Brain-inspired analogies can become too loose unless tied to measurable neural evidence.; Model performance should be checked for leakage, confounding, calibration, and external validity.",10.48550/arXiv.2208.11580,30a7390ec0103684eba9fb6bde1983d706fb57b3,https://doi.org/10.48550/arXiv.2208.11580,,http://arxiv.org/pdf/2208.11580,,JournalArticle,unknown,brain; neural; neural network; computational neuroscience; brain-inspired; brain/neural structure in title; explicit brain-structure/AI bridge,"We consider the problem of model compression for deep neural networks (DNNs) in the challenging one-shot/post-training setting, in which we are given an accurate trained model, and must compress it without any retraining, based only on a small amount of calibration input data. This problem has become popular in view of the emerging software and hardware support for executing models compressed via pruning and/or quantization with speedup, and well-performing solutions have been proposed independently for both compression approaches. In this paper, we introduce a new compression framework which covers both weight pruning and quantization in a unified setting, is time- and space-efficient, and considerably improves upon the practical performance of existing post-training methods. At the technical level, our approach is based on an exact and efficient realization of the classical Optimal Brain Surgeon (OBS) framework of [LeCun, Denker, and Solla, 1990] extended to also cover weight quantization at the scale of modern DNNs. From the practical perspective, our experimental results show that it can improve significantly upon the compression-accuracy trade-offs of existing post-training methods, and that it can enable the accurate compound application of both pruning and quantization in a post-training setting."
35,2022,The Different Autophagy Degradation Pathways and Neurodegeneration,"Angeleen Fleming, M. Bourdenx, M. Fujimaki, C. Karabiyik, Gregory J. Krause, Ana Lopez, et al.",Neuron,2022-01-31,390,6,151.64,"Cellular, Synaptic, and Neuromorphic Foundations",brain-structure,"The term autophagy encompasses different pathways that route cytoplasmic material to lysosomes for degradation and include macroautophagy, chaperone-mediated autophagy and microautophagy.",high citation signal (390); recognized venue; open-access PDF metadata; brain-structure signal,"Cellular mechanisms rarely scale directly into whole-brain behavior or modern AI architectures.; Animal and ex vivo findings require careful translation to human cognition and deployed systems.; Imaging conclusions can depend on acquisition, preprocessing, and model specification.",10.1016/j.neuron.2022.01.017,b6c83a7d76c31fa5fa523c2ac6ee4a5aed2777d7,https://doi.org/10.1016/j.neuron.2022.01.017,,https://www.ncbi.nlm.nih.gov/pmc/articles/PMC8930707,,Review; JournalArticle,unknown,brain; neuron; neuromorphic; explicit brain-structure/AI bridge,"The term autophagy encompasses different pathways that route cytoplasmic material to lysosomes for degradation and include macroautophagy, chaperone-mediated autophagy and microautophagy. Since these pathways are crucial for degradation of aggregate-prone proteins and dysfunctional organelles like mitochondria, they help to maintain cellular homeostasis. As post-mitotic neurons cannot dilute unwanted protein and organelle accumulation by cell division, the nervous system is particularly dependent on autophagic pathways. This dependence may be a vulnerability as people age and these processes become less effective in the brain. Here we will review how the different autophagic pathways may protect against neurodegeneration, giving examples of both polygenic and monogenic diseases. We have considered how autophagy may have roles in normal CNS functions and the relationships between these degradative pathways and different types of programmed cell death. Finally, we will provide an overview of recently described strategies for upregulating autophagic pathways for therapeutic purposes."
36,2022,APOE4 impairs myelination via cholesterol dysregulation in oligodendrocytes,"Joel W. Blanchard, L. Akay, J. Dávila-Velderrain, Djuna von Maydell, H. Mathys, S. Davidson, et al.",Nature,2022-11-01,389,19,152.79,"Cellular, Synaptic, and Neuromorphic Foundations",brain-structure;clinical-neuroai,"APOE4 is the strongest genetic risk factor for Alzheimer's disease1, 2-3.",high citation signal (389); recognized venue; open-access PDF metadata; brain-structure signal,"Cellular mechanisms rarely scale directly into whole-brain behavior or modern AI architectures.; Animal and ex vivo findings require careful translation to human cognition and deployed systems.; Imaging conclusions can depend on acquisition, preprocessing, and model specification.",10.1038/s41586-022-05439-w,ed3eceb79c1bd481fa49f11f8fc6abc894968ec1,https://doi.org/10.1038/s41586-022-05439-w,,https://www.ncbi.nlm.nih.gov/pmc/articles/PMC9870060,,JournalArticle,unknown,brain; neuron; neuromorphic; explicit brain-structure/AI bridge,"APOE4 is the strongest genetic risk factor for Alzheimer's disease1, 2-3. However, the effects of APOE4 on the human brain are not fully understood, limiting opportunities to develop targeted therapeutics for individuals carrying APOE4 and other risk factors for Alzheimer's disease4, 5, 6, 7-8. Here, to gain more comprehensive insights into the impact of APOE4 on the human brain, we performed single-cell transcriptomics profiling of post-mortem human brains from APOE4 carriers compared with non-carriers. This revealed that APOE4 is associated with widespread gene expression changes across all cell types of the human brain. Consistent with the biological function of APOE2, 3, 4, 5-6, APOE4 significantly altered signalling pathways associated with cholesterol homeostasis and transport. Confirming these findings with histological and lipidomic analysis of the post-mortem human brain, induced pluripotent stem-cell-derived cells and targeted-replacement mice, we show that cholesterol is aberrantly deposited in oligodendrocytes-myelinating cells that are responsible for insulating and promoting the electrical activity of neurons. We show that altered cholesterol localization in the APOE4 brain coincides with reduced myelination. Pharmacologically facilitating cholesterol transport increases axonal myelination and improves learning and memory in APOE4 mice. We provide a single-cell atlas describing the transcriptional effects of APOE4 on the aging human brain and establish a functional link between APOE4, cholesterol, myelination and memory, offering therapeutic opportunities for Alzheimer's disease. APOE4 is associated with widespread gene expression changes across all cell types of the human brain, altered cholesterol homeostasis and transport signalling pathways, and decreased myelination in the brain."
37,2022,Polystyrene nanoplastics penetrate across the blood-brain barrier and induce activation of microglia in the brain of mice.,"Shan Shan, Yifan Zhang, Huiwen W. Zhao, Tao Zeng, Xiulan Zhao",Chemosphere,2022-03-14,388,13,144.54,"Cellular, Synaptic, and Neuromorphic Foundations",brain-structure,"Microplastics (MPs) have been well demonstrated as potential threats to the ecosystem, whereas the neurotoxicity of MPs in mammals remains to be elucidated.",high citation signal (388); brain-structure signal,"Cellular mechanisms rarely scale directly into whole-brain behavior or modern AI architectures.; Animal and ex vivo findings require careful translation to human cognition and deployed systems.; Imaging conclusions can depend on acquisition, preprocessing, and model specification.",10.1016/j.chemosphere.2022.134261,e85dd53cf1c661edfd54f044ce339aa8a8c05244,https://doi.org/10.1016/j.chemosphere.2022.134261,,,,JournalArticle,unknown,brain; cerebral; neuron; neuromorphic; brain/neural structure in title; explicit brain-structure/AI bridge,"Microplastics (MPs) have been well demonstrated as potential threats to the ecosystem, whereas the neurotoxicity of MPs in mammals remains to be elucidated. The current study was designed to investigate whether 50 nm polystyrene nanoplastics (PS-NPs) could pass through the blood-brain barrier (BBB), and to elucidate the underlying mechanisms and the following neurotoxic manifestation. In vivo study showed that PS-NPs (0.5-50 mg/kg. bw PS-NPs for 7 days) significantly induced the increase of permeability of BBB, and dose-dependently accumulated in the brain of mice. In addition, PS-NPs were found to be present in microglia, and induced microglia activation and neuron damage in the mouse brain. In vitro studies using the immortalized human cerebral microvascular endothelial cell (hCMEC/D3), the most commonly used cell model for BBB-related studies, revealed that PS-NPs could be internalized into cells, and caused reactive oxygen species (ROS) production, nuclear factor kappa-B (NF-κB) activation, tumor necrosis factors α (TNF-α) secretion, and necroptosis of hCMEC/D3 cells. Furthermore, PS-NPs exposure led to disturbance of the tight junction (TJ) formed by hCMEC/D3, as demonstrated by the decline of transendothelial electrical resistance (TEER) and decreased expression of occludin. Lastly, PS-NPs exposure resulted in the activation of murine microglia BV2 cells, and the cell medium of PS-NPs-exposed BV2 induced obvious damage to murine neuron HT-22 cells. Collectively, these results suggest that PS-NPs could pass through BBB and induce neurotoxicity in mammals probably by inducing activation of microglia."
38,2022,A gut-derived metabolite alters brain activity and anxiety behaviour in mice,"Brittany D. Needham, Masanori Funabashi, M. D. Adame, Zhuo Wang, Joseph C. Boktor, J. Haney, et al.",Nature,2022-02-01,386,12,144.65,"Connectomics, Graph Models, and Brain Networks",brain-structure;connectome,Integration of sensory and molecular inputs from the environment shapes animal behaviour.,high citation signal (386); recognized venue; open-access PDF metadata; brain-structure signal,"Graph results can depend strongly on parcellation, thresholding, acquisition, and preprocessing choices.; Correlation networks are often interpreted more causally than the evidence supports.; Imaging conclusions can depend on acquisition, preprocessing, and model specification.",10.1038/s41586-022-04396-8,f3d6f604eb2f4f99eb2049488b17f90441c6cc65,https://doi.org/10.1038/s41586-022-04396-8,,https://authors.library.caltech.edu/records/cafan-6as93/files/nihms-1798333.pdf?download=1,,JournalArticle,unknown,brain; connectivity; neuron; brain/neural structure in title; historical computation/learning bridge,"Integration of sensory and molecular inputs from the environment shapes animal behaviour. A major site of exposure to environmental molecules is the gastrointestinal tract, in which dietary components are chemically transformed by the microbiota1 and gut-derived metabolites are disseminated to all organs, including the brain2. In mice, the gut microbiota impacts behaviour3, modulates neurotransmitter production in the gut and brain4,5, and influences brain development and myelination patterns6,7. The mechanisms that mediate the gut-brain interactions remain poorly defined, although they broadly involve humoral or neuronal connections. We previously reported that the levels of the microbial metabolite 4-ethylphenyl sulfate (4EPS) were increased in a mouse model of atypical neurodevelopment8. Here we identified biosynthetic genes from the gut microbiome that mediate the conversion of dietary tyrosine to 4-ethylphenol (4EP), and bioengineered gut bacteria to selectively produce 4EPS in mice. 4EPS entered the brain and was associated with changes in region-specific activity and functional connectivity. Gene expression signatures revealed altered oligodendrocyte function in the brain, and 4EPS impaired oligodendrocyte maturation in mice and decreased oligodendrocyte-neuron interactions in ex vivo brain cultures. Mice colonized with 4EP-producing bacteria exhibited reduced myelination of neuronal axons. Altered myelination dynamics in the brain have been associated with behavioural outcomes7,9-14. Accordingly, we observed that mice exposed to 4EPS displayed anxiety-like behaviours, and pharmacological treatments that promote oligodendrocyte differentiation prevented the behavioural effects of 4EPS. These findings reveal that a gut-derived molecule influences complex behaviours in mice through effects on oligodendrocyte function and myelin patterning in the brain. The gut-derived molecule 4-ethylphenol influences complex behaviours in mice through effects on oligodendrocyte function and myelin patterning in the brain."
39,2022,Maturation and circuit integration of transplanted human cortical organoids,"Omer Revah, Felicity Gore, Kevin W. Kelley, Jimena Andersen, N. Sakai, Xiaoyu Chen, et al.",Nature,2022-10-01,381,17,164.82,"Cellular, Synaptic, and Neuromorphic Foundations",brain-structure;connectome;neuroimaging;clinical-neuroai,Self-organizing neural organoids represent a promising in vitro platform with which to model human development and disease1-5.,high citation signal (381); recognized venue; open-access PDF metadata; brain-structure signal,"Cellular mechanisms rarely scale directly into whole-brain behavior or modern AI architectures.; Animal and ex vivo findings require careful translation to human cognition and deployed systems.; Imaging conclusions can depend on acquisition, preprocessing, and model specification.",10.1038/s41586-022-05277-w,57e751de615d9e154922d135c67398d19d35a757,https://doi.org/10.1038/s41586-022-05277-w,,https://www.nature.com/articles/s41586-022-05277-w.pdf,,JournalArticle,unknown,brain; cortex; cortical; connectivity; mri; neuron; neuromorphic; explicit brain-structure/AI bridge,"Self-organizing neural organoids represent a promising in vitro platform with which to model human development and disease1-5. However, organoids lack the connectivity that exists in vivo, which limits maturation and makes integration with other circuits that control behaviour impossible. Here we show that human stem cell-derived cortical organoids transplanted into the somatosensory cortex of newborn athymic rats develop mature cell types that integrate into sensory and motivation-related circuits. MRI reveals post-transplantation organoid growth across multiple stem cell lines and animals, whereas single-nucleus profiling shows progression of corticogenesis and the emergence of activity-dependent transcriptional programs. Indeed, transplanted cortical neurons display more complex morphological, synaptic and intrinsic membrane properties than their in vitro counterparts, which enables the discovery of defects in neurons derived from individuals with Timothy syndrome. Anatomical and functional tracings show that transplanted organoids receive thalamocortical and corticocortical inputs, and in vivo recordings of neural activity demonstrate that these inputs can produce sensory responses in human cells. Finally, cortical organoids extend axons throughout the rat brain and their optogenetic activation can drive reward-seeking behaviour. Thus, transplanted human cortical neurons mature and engage host circuits that control behaviour. We anticipate that this approach will be useful for detecting circuit-level phenotypes in patient-derived cells that cannot otherwise be uncovered. Human stem cell-derived cortical organoids transplanted into rats mature and integrate into sensory and motivation circuits to influence behaviour."
40,2022,Temporal Efficient Training of Spiking Neural Network via Gradient Re-weighting,"Shi-Wee Deng, Yuhang Li, Shanghang Zhang, Shi Gu",International Conference on Learning Representations,2022-02-24,378,76,154.08,Computational Neuroscience and Brain-Inspired AI,brain-structure;connectome;deep-learning;decoding;brain-inspired-ai;neuromorphic-bci,"Recently, brain-inspired spiking neuron networks (SNNs) have attracted widespread research interest because of their event-driven and energy-efficient characteristics.",high citation signal (378); explicit AI/modeling signal; brain-structure signal; brain-to-model interface signal,"Model fit does not by itself prove biological mechanism.; Brain-inspired analogies can become too loose unless tied to measurable neural evidence.; Model performance should be checked for leakage, confounding, calibration, and external validity.",,0faf7b08fc18a22ccd0eac8fae0eee13913755ba,https://www.semanticscholar.org/paper/0faf7b08fc18a22ccd0eac8fae0eee13913755ba,,,,JournalArticle,unknown,brain; neuron; neural; neural network; computational neuroscience; brain-inspired; brain/neural structure in title; explicit brain-structure/AI bridge,"Recently, brain-inspired spiking neuron networks (SNNs) have attracted widespread research interest because of their event-driven and energy-efficient characteristics. Still, it is difficult to efficiently train deep SNNs due to the non-differentiability of its activation function, which disables the typically used gradient descent approaches for traditional artificial neural networks (ANNs). Although the adoption of surrogate gradient (SG) formally allows for the back-propagation of losses, the discrete spiking mechanism actually differentiates the loss landscape of SNNs from that of ANNs, failing the surrogate gradient methods to achieve comparable accuracy as for ANNs. In this paper, we first analyze why the current direct training approach with surrogate gradient results in SNNs with poor generalizability. Then we introduce the temporal efficient training (TET) approach to compensate for the loss of momentum in the gradient descent with SG so that the training process can converge into flatter minima with better generalizability. Meanwhile, we demonstrate that TET improves the temporal scalability of SNN and induces a temporal inheritable training for acceleration. Our method consistently outperforms the SOTA on all reported mainstream datasets, including CIFAR-10/100 and ImageNet. Remarkably on DVS-CIFAR10, we obtained 83$\%$ top-1 accuracy, over 10$\%$ improvement compared to existing state of the art. Codes are available at \url{https://github.com/Gus-Lab/temporal_efficient_training}."
41,2022,Performance of plasma phosphorylated tau 181 and 217 in the community,"M. Mielke, Jeffrey L. Dage, R. Frank, A. Algeciras-Schimnich, D. Knopman, V. Lowe, et al.",Nature Medicine,2022-05-26,378,22,155.88,Clinical NeuroAI and Brain Disorders,brain-structure;connectome;machine-learning;neuroimaging;clinical-neuroai,"Plasma phosphorylated tau 181 (P-tau181) and 217 (P-tau217) are indicators of both amyloid and tau pathology in clinical settings, but their performance in heterogeneous community-based populations is unclear.",high citation signal (378); recognized venue; open-access PDF metadata; explicit AI/modeling signal,"Clinical cohorts vary by disease stage, comorbidity, treatment history, and follow-up.; Models can learn site or demographic artifacts instead of disease mechanisms.; Model performance should be checked for leakage, confounding, calibration, and external validity.",10.1038/s41591-022-01822-2,89d13f1d53ab2a2072be0a634efec348c94bfe50,https://doi.org/10.1038/s41591-022-01822-2,,https://www.ncbi.nlm.nih.gov/pmc/articles/PMC9329262,,JournalArticle,unknown,brain; cortex; predictive; explicit brain-structure/AI bridge,"Plasma phosphorylated tau 181 (P-tau181) and 217 (P-tau217) are indicators of both amyloid and tau pathology in clinical settings, but their performance in heterogeneous community-based populations is unclear. We examined P-tau181 and P-tau217 (n = 1,329, aged 30-98 years), in the population-based Mayo Clinic Study of Aging. Continuous, unadjusted plasma P-tau181 and P-tau217 predicted abnormal amyloid positron-emission tomography (PET) (area under the receiver operating characteristic curve (AUROC) = 0.81-0.86) and tau PET entorhinal cortex (AUROC > 0.80), but was less predictive of a tau PET temporal region of interest (AUROC < 0.70). Multiple comorbidities were associated with higher plasma P-tau181 and P-tau217 levels; the difference between participants with and without chronic kidney disease (CKD) was similar to the difference between participants with and without elevated brain amyloid. The exclusion of participants with CKD and other comorbidities affected the establishment of a normal reference range and cutpoints. Understanding the effect of comorbidities on P-tau181 and P-tau217 levels is important for their future interpretation in the context of clinical screening, diagnosis or prognosis at the population level. Multiple comorbidities are associated with higher plasma P-tau181 and P-tau217 levels, and affects their normal reference ranges and cutpoints."
42,2022,Gut Bacteria and Neurotransmitters,L. Dicks,Microorganisms,2022-09-01,377,13,143.03,"Cellular, Synaptic, and Neuromorphic Foundations",brain-structure,"Gut bacteria play an important role in the digestion of food, immune activation, and regulation of entero-endocrine signaling pathways, but also communicate with the central nervous system (CNS) through the production of specific metabolic compounds, e.g., bile acids, short-chain fatty acids (SCFAs), glutamate (Glu), γ-aminobutyric acid (GABA), dopamine (DA), norepinephrine (NE), serotonin (5-HT) and histamine.",high citation signal (377); open-access PDF metadata; brain-structure signal,"Cellular mechanisms rarely scale directly into whole-brain behavior or modern AI architectures.; Animal and ex vivo findings require careful translation to human cognition and deployed systems.; Imaging conclusions can depend on acquisition, preprocessing, and model specification.",10.3390/microorganisms10091838,3fe7ddc725a028fa07df1fc024b8010ffb5ea849,https://doi.org/10.3390/microorganisms10091838,,https://www.mdpi.com/2076-2607/10/9/1838/pdf?version=1663309812,,Review; JournalArticle,unknown,brain; thalamus; hypothalamus; neuron; neuromorphic; explicit brain-structure/AI bridge,"Gut bacteria play an important role in the digestion of food, immune activation, and regulation of entero-endocrine signaling pathways, but also communicate with the central nervous system (CNS) through the production of specific metabolic compounds, e.g., bile acids, short-chain fatty acids (SCFAs), glutamate (Glu), γ-aminobutyric acid (GABA), dopamine (DA), norepinephrine (NE), serotonin (5-HT) and histamine. Afferent vagus nerve (VN) fibers that transport signals from the gastro-intestinal tract (GIT) and gut microbiota to the brain are also linked to receptors in the esophagus, liver, and pancreas. In response to these stimuli, the brain sends signals back to entero-epithelial cells via efferent VN fibers. Fibers of the VN are not in direct contact with the gut wall or intestinal microbiota. Instead, signals reach the gut microbiota via 100 to 500 million neurons from the enteric nervous system (ENS) in the submucosa and myenteric plexus of the gut wall. The modulation, development, and renewal of ENS neurons are controlled by gut microbiota, especially those with the ability to produce and metabolize hormones. Signals generated by the hypothalamus reach the pituitary and adrenal glands and communicate with entero-epithelial cells via the hypothalamic pituitary adrenal axis (HPA). SCFAs produced by gut bacteria adhere to free fatty acid receptors (FFARs) on the surface of intestinal epithelial cells (IECs) and interact with neurons or enter the circulatory system. Gut bacteria alter the synthesis and degradation of neurotransmitters. This review focuses on the effect that gut bacteria have on the production of neurotransmitters and vice versa."
43,2022,RadImageNet: An Open Radiologic Deep Learning Research Dataset for Effective Transfer Learning,"X. Mei, Zelong Liu, P. Robson, Brett Marinelli, Mingqian Huang, A. Doshi, et al.",Radiology: Artificial Intelligence,2022-07-27,374,52,154.08,Structural Neuroimaging and AI,brain-structure;connectome;machine-learning;deep-learning;brain-inspired-ai;neuroimaging;clinical-neuroai,Purpose To demonstrate the value of pretraining with millions of radiologic images compared with ImageNet photographic images on downstream medical applications when using transfer learning.,high citation signal (374); open-access PDF metadata; explicit AI/modeling signal; brain-structure signal,"Scanner, site, protocol, and preprocessing differences can be learned as shortcuts by AI models.; High predictive accuracy does not guarantee anatomical validity or causal interpretation.; Model performance should be checked for leakage, confounding, calibration, and external validity.",10.1148/ryai.210315,ce20bf0c54b7828995bcfb351ddd988b24403355,https://doi.org/10.1148/ryai.210315,,https://www.ncbi.nlm.nih.gov/pmc/articles/PMC9530758,,JournalArticle,unknown,brain; mri; deep learning; classification; explicit brain-structure/AI bridge,"Purpose To demonstrate the value of pretraining with millions of radiologic images compared with ImageNet photographic images on downstream medical applications when using transfer learning. Materials and Methods This retrospective study included patients who underwent a radiologic study between 2005 and 2020 at an outpatient imaging facility. Key images and associated labels from the studies were retrospectively extracted from the original study interpretation. These images were used for RadImageNet model training with random weight initiation. The RadImageNet models were compared with ImageNet models using the area under the receiver operating characteristic curve (AUC) for eight classification tasks and using Dice scores for two segmentation problems. Results The RadImageNet database consists of 1.35 million annotated medical images in 131 872 patients who underwent CT, MRI, and US for musculoskeletal, neurologic, oncologic, gastrointestinal, endocrine, abdominal, and pulmonary pathologic conditions. For transfer learning tasks on small datasets-thyroid nodules (US), breast masses (US), anterior cruciate ligament injuries (MRI), and meniscal tears (MRI)-the RadImageNet models demonstrated a significant advantage (P < .001) to ImageNet models (9.4%, 4.0%, 4.8%, and 4.5% AUC improvements, respectively). For larger datasets-pneumonia (chest radiography), COVID-19 (CT), SARS-CoV-2 (CT), and intracranial hemorrhage (CT)-the RadImageNet models also illustrated improved AUC (P < .001) by 1.9%, 6.1%, 1.7%, and 0.9%, respectively. Additionally, lesion localizations of the RadImageNet models were improved by 64.6% and 16.4% on thyroid and breast US datasets, respectively. Conclusion RadImageNet pretrained models demonstrated better interpretability compared with ImageNet models, especially for smaller radiologic datasets. Keywords: CT, MR Imaging, US, Head/Neck, Thorax, Brain/Brain Stem, Evidence-based Medicine, Computer Applications-General (Informatics) Supplemental material is available for this article. Published under a CC BY 4.0 license. See also the commentary by Cadrin-Chênevert in this issue."
44,2022,Phosphorylated Tau in Alzheimer's Disease and Other Tauopathies,"P. Rawat, Ujala Sehar, Jasbir Bisht, Ashley Selman, J. Culberson, P. Reddy",International Journal of Molecular Sciences,2022-10-25,374,7,152.08,"Cellular, Synaptic, and Neuromorphic Foundations",brain-structure;clinical-neuroai,Alzheimer's disease (AD) is the leading cause of dementia in elderly people.,high citation signal (374); recognized venue; open-access PDF metadata; brain-structure signal,"Cellular mechanisms rarely scale directly into whole-brain behavior or modern AI architectures.; Animal and ex vivo findings require careful translation to human cognition and deployed systems.; Imaging conclusions can depend on acquisition, preprocessing, and model specification.",10.3390/ijms232112841,e161f9c8f0929a2b89f5cb7546edc7ea69a61984,https://doi.org/10.3390/ijms232112841,,https://www.mdpi.com/1422-0067/23/21/12841/pdf?version=1667195097,,Review; JournalArticle,unknown,brain; neuron; neuromorphic; explicit brain-structure/AI bridge,"Alzheimer's disease (AD) is the leading cause of dementia in elderly people. Amyloid beta (Aβ) deposits and neurofibrillary tangles are the major pathological features in an Alzheimer's brain. These proteins are highly expressed in nerve cells and found in most tissues. Tau primarily provides stabilization to microtubules in the part of axons and dendrites. However, tau in a pathological state becomes hyperphosphorylated, causing tau dysfunction and leading to synaptic impairment and degeneration of neurons. This article presents a summary of the role of tau, phosphorylated tau (p-tau) in AD, and other tauopathies. Tauopathies, including Pick's disease, frontotemporal dementia, corticobasal degeneration, Alzheimer's disease, argyrophilic grain disease, progressive supranuclear palsy, and Huntington's disease, are the result of misprocessing and accumulation of tau within the neuronal and glial cells. This article also focuses on current research on the post-translational modifications and genetics of tau, tau pathology, the role of tau in tauopathies and the development of new drugs targeting p-tau, and the therapeutics for treating and possibly preventing tauopathies."
45,2022,A tissue-like neurotransmitter sensor for the brain and gut,"Jinxing Li, Yuxin Liu, Lei Yuan, Baibing Zhang, E. S. Bishop, Kecheng Wang, et al.",Nature,2022-06-01,366,10,141.7,"Connectomics, Graph Models, and Brain Networks",brain-structure;connectome,"Neurotransmitters play essential roles in regulating neural circuit dynamics both in the central nervous system as well as at the peripheral, including the gastrointestinal tract1-3.",high citation signal (366); recognized venue; open-access PDF metadata; brain-structure signal,"Graph results can depend strongly on parcellation, thresholding, acquisition, and preprocessing choices.; Correlation networks are often interpreted more causally than the evidence supports.; Imaging conclusions can depend on acquisition, preprocessing, and model specification.",10.1038/s41586-022-04615-2,6dfee365f95d29d96c53665931f8ba3099058796,https://doi.org/10.1038/s41586-022-04615-2,,https://www.ncbi.nlm.nih.gov/pmc/articles/PMC9210986,,JournalArticle,unknown,brain; neural; brain/neural structure in title; historical computation/learning bridge,"Neurotransmitters play essential roles in regulating neural circuit dynamics both in the central nervous system as well as at the peripheral, including the gastrointestinal tract1-3. Their real-time monitoring will offer critical information for understanding neural function and diagnosing disease1-3. However, bioelectronic tools to monitor the dynamics of neurotransmitters in vivo, especially in the enteric nervous systems, are underdeveloped. This is mainly owing to the limited availability of biosensing tools that are capable of examining soft, complex and actively moving organs. Here we introduce a tissue-mimicking, stretchable, neurochemical biological interface termed NeuroString, which is prepared by laser patterning of a metal-complexed polyimide into an interconnected graphene/nanoparticle network embedded in an elastomer. NeuroString sensors allow chronic in vivo real-time, multichannel and multiplexed monoamine sensing in the brain of behaving mouse, as well as measuring serotonin dynamics in the gut without undesired stimulations and perturbing peristaltic movements. The described elastic and conformable biosensing interface has broad potential for studying the impact of neurotransmitters on gut microbes, brain-gut communication and may ultimately be extended to biomolecular sensing in other soft organs across the body. NeuroString, a tissue-like biological interface created by laser patterning of polyimide into a graphene/nanoparticle network embedded in an elastomer, is introduced, allowing in vivo real-time detection of neurotransmitters in the brain and gut."
46,2022,First clinical-grade porcine kidney xenotransplant using a human decedent model,"P. Porrett, B. Orandi, Vineeta Kumar, J. Houp, Douglas J. Anderson, A. Cozette Killian, et al.",American Journal of Transplantation,2022-01-20,361,4,145.45,Computational Neuroscience and Brain-Inspired AI,brain-structure;clinical-neuroai,"A radical solution is needed for the organ supply crisis, and the domestic pig is a promising organ source.",high citation signal (361); open-access PDF metadata; brain-structure signal,"Model fit does not by itself prove biological mechanism.; Brain-inspired analogies can become too loose unless tied to measurable neural evidence.; Imaging conclusions can depend on acquisition, preprocessing, and model specification.",10.1111/ajt.16930,c25b9989c82222282618e546ad930706a78ab511,https://doi.org/10.1111/ajt.16930,,http://www.amjtransplant.org/article/S1600613522081655/pdf,,JournalArticle,unknown,brain; computational neuroscience; brain-inspired; explicit brain-structure/AI bridge,"A radical solution is needed for the organ supply crisis, and the domestic pig is a promising organ source. In preparation for a clinical trial of xenotransplantation, we developed an in vivo pre-clinical human model to test safety and feasibility tenets established in animal models. After performance of a novel, prospective compatible crossmatch, we performed bilateral native nephrectomies in a human brain-dead decedent and subsequently transplanted two kidneys from a pig genetically engineered for human xenotransplantation. The decedent was hemodynamically stable through reperfusion, and vascular integrity was maintained despite the exposure of the xenografts to human blood pressure. No hyperacute rejection was observed, and the kidneys remained viable until termination 74 h later. No chimerism or transmission of porcine retroviruses was detected. Longitudinal biopsies revealed thrombotic microangiopathy that did not progress in severity, without evidence of cellular rejection or deposition of antibody or complement proteins. Although the xenografts produced variable amounts of urine, creatinine clearance did not recover. Whether renal recovery was impacted by the milieu of brain death and/or microvascular injury remains unknown. In summary, our study suggests that major barriers to human xenotransplantation have been surmounted and identifies where new knowledge is needed to optimize xenotransplantation outcomes in humans."
47,2022,Crossing the Blood-Brain Barrier: Advances in Nanoparticle Technology for Drug Delivery in Neuro-Oncology,"Andrew M Hersh, Safwan O. Alomari, B. Tyler",International Journal of Molecular Sciences,2022-04-01,360,15,139.4,"Connectomics, Graph Models, and Brain Networks",brain-structure;connectome,The blood-brain barrier (BBB) constitutes a microvascular network responsible for excluding most drugs from the brain.,high citation signal (360); recognized venue; open-access PDF metadata; brain-structure signal,"Graph results can depend strongly on parcellation, thresholding, acquisition, and preprocessing choices.; Correlation networks are often interpreted more causally than the evidence supports.; Imaging conclusions can depend on acquisition, preprocessing, and model specification.",10.3390/ijms23084153,d07d6675d58d3012348c73a914aa34a944bcfcfb,https://doi.org/10.3390/ijms23084153,,https://www.mdpi.com/1422-0067/23/8/4153/pdf?version=1649659739,,Review; JournalArticle,unknown,brain; brain/neural structure in title; historical computation/learning bridge,"The blood-brain barrier (BBB) constitutes a microvascular network responsible for excluding most drugs from the brain. Treatment of brain tumors is limited by the impermeability of the BBB and, consequently, survival outcomes for malignant brain tumors remain poor. Nanoparticles (NPs) represent a potential solution to improve drug transport to brain tumors, given their small size and capacity to target tumor cells. Here, we review the unique physical and chemical properties of NPs that aid in BBB transport and discuss mechanisms of NP transport across the BBB, including paracellular transport, carrier-mediated transport, and adsorptive- and receptor-mediated transcytosis. The major types of NPs investigated for treatment of brain tumors are detailed, including polymeric NPs, liposomes, solid lipid NPs, dendrimers, metals, quantum dots, and nanogels. In addition to their role in drug delivery, NPs can be used as imaging contrast agents and can be conjugated with imaging probes to assist in visualizing tumors, demarcating lesion boundaries and margins, and monitoring drug delivery and treatment response. Multifunctional NPs can be designed that are capable of targeting tumors for both imaging and therapeutic purposes. Finally, limitations of NPs for brain tumor treatment are discussed."
48,2022,Accurate brain tumor detection using deep convolutional neural network,"Md. Saikat Islam Khan, Anichur Rahman, Tanoy Debnath, Md. Razaul Karim, Mostofa Kamal Nasir, Shahab S. Band, et al.",Computational and Structural Biotechnology Journal,2022-08-01,358,23,147.7,"Connectomics, Graph Models, and Brain Networks",brain-structure;connectome;deep-learning;brain-inspired-ai,Graphical abstract,high citation signal (358); open-access PDF metadata; explicit AI/modeling signal; brain-structure signal,"Graph results can depend strongly on parcellation, thresholding, acquisition, and preprocessing choices.; Correlation networks are often interpreted more causally than the evidence supports.; Model performance should be checked for leakage, confounding, calibration, and external validity.",10.1016/j.csbj.2022.08.039,a9dc3df50f16d0db85adba1f0bc7974c1111ca38,https://doi.org/10.1016/j.csbj.2022.08.039,,https://doi.org/10.1016/j.csbj.2022.08.039,,JournalArticle,unknown,brain; neural; neural network; brain/neural structure in title; explicit brain-structure/AI bridge,Graphical abstract
49,2022,"Excitotoxicity, calcium and mitochondria: a triad in synaptic neurodegeneration","M. Verma, Britney N. Lizama, C. Chu",Translational Neurodegeneration,2022-01-25,358,4,139.3,"Cellular, Synaptic, and Neuromorphic Foundations",brain-structure;clinical-neuroai,"Glutamate is the most commonly engaged neurotransmitter in the mammalian central nervous system, acting to mediate excitatory neurotransmission.",high citation signal (358); open-access PDF metadata; brain-structure signal,"Cellular mechanisms rarely scale directly into whole-brain behavior or modern AI architectures.; Animal and ex vivo findings require careful translation to human cognition and deployed systems.; Imaging conclusions can depend on acquisition, preprocessing, and model specification.",10.1186/s40035-021-00278-7,2adb652868940eae59d7c46b451b4bb61dadf001,https://doi.org/10.1186/s40035-021-00278-7,,https://translationalneurodegeneration.biomedcentral.com/track/pdf/10.1186/s40035-021-00278-7,,Review; JournalArticle,unknown,brain; neuron; neuromorphic; explicit brain-structure/AI bridge,"Glutamate is the most commonly engaged neurotransmitter in the mammalian central nervous system, acting to mediate excitatory neurotransmission. However, high levels of glutamatergic input elicit excitotoxicity, contributing to neuronal cell death following acute brain injuries such as stroke and trauma. While excitotoxic cell death has also been implicated in some neurodegenerative disease models, the role of acute apoptotic cell death remains controversial in the setting of chronic neurodegeneration. Nevertheless, it is clear that excitatory synaptic dysregulation contributes to neurodegeneration, as evidenced by protective effects of partial N-methyl-D-aspartate receptor antagonists. Here, we review evidence for sublethal excitatory injuries in relation to neurodegeneration associated with Parkinson's disease, Alzheimer's disease, amyotrophic lateral sclerosis and Huntington's disease. In contrast to classic excitotoxicity, emerging evidence implicates dysregulation of mitochondrial calcium handling in excitatory post-synaptic neurodegeneration. We discuss mechanisms that regulate mitochondrial calcium uptake and release, the impact of LRRK2, PINK1, Parkin, beta-amyloid and glucocerebrosidase on mitochondrial calcium transporters, and the role of autophagic mitochondrial loss in axodendritic shrinkage. Finally, we discuss strategies for normalizing the flux of calcium into and out of the mitochondrial matrix, thereby preventing mitochondrial calcium toxicity and excitotoxic dendritic loss. While the mechanisms that underlie increased uptake or decreased release of mitochondrial calcium vary in different model systems, a common set of strategies to normalize mitochondrial calcium flux can prevent excitatory mitochondrial toxicity and may be neuroprotective in multiple disease contexts."
50,2022,TREM2 Drives Microglia Response to Amyloid-β via SYK-dependent and -independent Paths,"Shoutang Wang, R. Sudan, Vincent Peng, Yingyue Zhou, Siling Du, Carla M. Yuede, et al.",Cell,2022-10-01,354,8,149.1,"Cellular, Synaptic, and Neuromorphic Foundations",brain-structure;clinical-neuroai,SUMMARY Genetic studies have highlighted microglia as pivotal in orchestrating Alzheimer's disease (AD).,high citation signal (354); recognized venue; open-access PDF metadata; brain-structure signal,"Cellular mechanisms rarely scale directly into whole-brain behavior or modern AI architectures.; Animal and ex vivo findings require careful translation to human cognition and deployed systems.; Imaging conclusions can depend on acquisition, preprocessing, and model specification.",10.1016/j.cell.2022.09.033,f89aca779896ee7ca10d3991e390cf69ab0bb2c3,https://doi.org/10.1016/j.cell.2022.09.033,,https://doi.org/10.1016/j.cell.2022.09.033,,JournalArticle,unknown,brain; neuromorphic; explicit brain-structure/AI bridge,"SUMMARY Genetic studies have highlighted microglia as pivotal in orchestrating Alzheimer's disease (AD). Microglia that adhere to Aβ plaques acquire a transcriptional signature, ""disease-associated microglia"" (DAM), which largely emanates from the TREM2-DAP12 receptor complex that transmits intracellular signals through the protein tyrosine kinase SYK. The human TREM2R47H variant associated with high AD risk fails to activate microglia via SYK. We found that SYK-deficient microglia cannot encase Aβ plaques, accelerating brain pathology and behavioral deficits. SYK deficiency impaired the PI3K-AKT-GSK3β-mTOR pathway, incapacitating anabolic support required for attaining the DAM profile. However, SYK-deficient microglia proliferated and advanced to an Apoe-expressing prodromal stage of DAM; this pathway relied on the adaptor DAP10, which also binds TREM2. Thus, microglial responses to Aβ involve non-redundant SYK- and DAP10-pathways. Systemic administration of an antibody against CLEC7A, a receptor that directly activates SYK, rescued microglia activation in mice expressing the TREM2R47H allele, unveiling new options for AD immunotherapy."
51,2022,Multimodal deep learning for Alzheimer's disease dementia assessment,"S. Qiu, Matthew I. Miller, P. Joshi, Joyce Lee, Chonghua Xue, Yunruo Ni, et al.",Nature Communications,2022-06-20,353,10,161.85,Clinical NeuroAI and Brain Disorders,brain-structure;connectome;machine-learning;deep-learning;neuroimaging;clinical-neuroai,"Worldwide, there are nearly 10 million new cases of dementia annually, of which Alzheimer's disease (AD) is the most common.",high citation signal (353); recognized venue; open-access PDF metadata; explicit AI/modeling signal,"Clinical cohorts vary by disease stage, comorbidity, treatment history, and follow-up.; Models can learn site or demographic artifacts instead of disease mechanisms.; Model performance should be checked for leakage, confounding, calibration, and external validity.",10.1038/s41467-022-31037-5,7a60758ef1185fb82b74715813d9c2a8f5d3fa16,https://doi.org/10.1038/s41467-022-31037-5,,https://www.nature.com/articles/s41467-022-31037-5.pdf,,JournalArticle,unknown,brain; deep learning; prediction; explicit brain-structure/AI bridge,"Worldwide, there are nearly 10 million new cases of dementia annually, of which Alzheimer's disease (AD) is the most common. New measures are needed to improve the diagnosis of individuals with cognitive impairment due to various etiologies. Here, we report a deep learning framework that accomplishes multiple diagnostic steps in successive fashion to identify persons with normal cognition (NC), mild cognitive impairment (MCI), AD, and non-AD dementias (nADD). We demonstrate a range of models capable of accepting flexible combinations of routinely collected clinical information, including demographics, medical history, neuropsychological testing, neuroimaging, and functional assessments. We then show that these frameworks compare favorably with the diagnostic accuracy of practicing neurologists and neuroradiologists. Lastly, we apply interpretability methods in computer vision to show that disease-specific patterns detected by our models track distinct patterns of degenerative changes throughout the brain and correspond closely with the presence of neuropathological lesions on autopsy. Our work demonstrates methodologies for validating computational predictions with established standards of medical diagnosis. Here the authors present a deep learning framework for dementia diagnosis, which can identify persons with normal cognition, mild cognitive impairment, Alzheimer's disease, and dementia due to other etiologies."
52,2022,Human emotion recognition from EEG-based brain-computer interface using machine learning: a comprehensive review,"Essam H. Houssein, A. Hammad, Abdelmgeid A. Ali",Neural computing & applications (Print),2022-05-07,349,11,164.84,"Cognitive Architectures, Learning, and Systems Neuroscience",brain-structure;connectome;machine-learning;deep-learning;decoding;neural-signals;neuromorphic-bci,"Affective computing, a subcategory of artificial intelligence, detects, processes, interprets, and mimics human emotions.",high citation signal (349); open-access PDF metadata; synthesis or review value; explicit AI/modeling signal,"Task designs can oversimplify cognition and limit ecological validity.; Circuit-behavior correlations need causal perturbation or strong model comparison before mechanistic claims are secure.; Model performance should be checked for leakage, confounding, calibration, and external validity.",10.1007/s00521-022-07292-4,50b54c1212e1a1439e66ccfbedefb119163a59e1,https://doi.org/10.1007/s00521-022-07292-4,,https://link.springer.com/content/pdf/10.1007/s00521-022-07292-4.pdf,,JournalArticle; Review,unknown,brain; eeg; ecog; neural; artificial intelligence; machine learning; deep learning; neural network; support vector; random forest; brain/neural structure in title; explicit brain-structure/AI bridge,"Affective computing, a subcategory of artificial intelligence, detects, processes, interprets, and mimics human emotions. Thanks to the continued advancement of portable non-invasive human sensor technologies, like brain-computer interfaces (BCI), emotion recognition has piqued the interest of academics from a variety of domains. Facial expressions, speech, behavior (gesture/posture), and physiological signals can all be used to identify human emotions. However, the first three may be ineffectual because people may hide their true emotions consciously or unconsciously (so-called social masking). Physiological signals can provide more accurate and objective emotion recognition. Electroencephalogram (EEG) signals respond in real time and are more sensitive to changes in affective states than peripheral neurophysiological signals. Thus, EEG signals can reveal important features of emotional states. Recently, several EEG-based BCI emotion recognition techniques have been developed. In addition, rapid advances in machine and deep learning have enabled machines or computers to understand, recognize, and analyze emotions. This study reviews emotion recognition methods that rely on multi-channel EEG signal-based BCIs and provides an overview of what has been accomplished in this area. It also provides an overview of the datasets and methods used to elicit emotional states. According to the usual emotional recognition pathway, we review various EEG feature extraction, feature selection/reduction, machine learning methods (e.g., k-nearest neighbor), support vector machine, decision tree, artificial neural network, random forest, and naive Bayes) and deep learning methods (e.g., convolutional and recurrent neural networks with long short term memory). In addition, EEG rhythms that are strongly linked to emotions as well as the relationship between distinct brain areas and emotions are discussed. We also discuss several human emotion recognition studies, published between 2015 and 2021, that use EEG data and compare different machine and deep learning algorithms. Finally, this review suggests several challenges and future research directions in the recognition and classification of human emotional states using EEG."
53,2022,Aerobic glycolysis promotes tumor immune evasion by hexokinase2-mediated phosphorylation of IκBα.,"Dong Guo, Y. Tong, Xiaoming Jiang, Ying Meng, Hongfei Jiang, Linyong Du, et al.",Cell Metabolism,2022-08-01,347,5,147.54,"Cellular, Synaptic, and Neuromorphic Foundations",brain-structure,High expression of PD-L1 in tumor cells contributes to tumor immune evasion.,high citation signal (347); recognized venue; open-access PDF metadata; brain-structure signal,"Cellular mechanisms rarely scale directly into whole-brain behavior or modern AI architectures.; Animal and ex vivo findings require careful translation to human cognition and deployed systems.; Imaging conclusions can depend on acquisition, preprocessing, and model specification.",10.1016/j.cmet.2022.08.002,b89c1a0a3dbd437f4502c347d43747fe086a58e7,https://doi.org/10.1016/j.cmet.2022.08.002,,https://doi.org/10.1016/j.cmet.2022.08.002,,JournalArticle,unknown,brain; neuromorphic; explicit brain-structure/AI bridge,"High expression of PD-L1 in tumor cells contributes to tumor immune evasion. However, whether PD-L1 expression in tumor cells is regulated by the availability of nutrients is unknown. Here, we show that in human glioblastoma cells, high glucose promotes hexokinase (HK) 2 dissociation from mitochondria and its subsequent binding and phosphorylation of IκBα at T291. This leads to increased interaction between IκBα and μ-calpain protease and subsequent μ-calpain-mediated IκBα degradation and NF-κB activation-dependent transcriptional upregulation of PD-L1 expression. Expression of IκBα T291A in glioblastoma cells blocked high glucose-induced PD-L1 expression and promoted CD8+ T cell activation and infiltration into the tumor tissue, reducing brain tumor growth. Combined treatment with an HK inhibitor and an anti-PD-1 antibody eliminates tumor immune evasion and remarkably enhances the anti-tumor effect of immune checkpoint blockade. These findings elucidate a novel mechanism underlying the upregulation of PD-L1 expression mediated by aerobic glycolysis and underscore the roles of HK2 as a glucose sensor and a protein kinase in regulation of tumor immune evasion."
54,2022,Results of Two Cases of Pig-to-Human Kidney Xenotransplantation.,"R. Montgomery, J. Stern, B. Lonze, V. Tatapudi, M. Mangiola, Ming-Hsiou Wu, et al.",New England Journal of Medicine,2022-05-19,345,6,145.84,"Brain Decoding, Representation Learning, and BCI",brain-structure;decoding;neuromorphic-bci,BACKGROUND Xenografts from genetically modified pigs have become one of the most promising solutions to the dearth of human organs available for transplantation.,high citation signal (345); open-access PDF metadata; brain-structure signal; brain-to-model interface signal,"Small cohorts, session drift, invasive risk, and nonstationary signals limit generalization.; Offline decoding accuracy may not reflect real-time user burden or long-term deployment reliability.; Imaging conclusions can depend on acquisition, preprocessing, and model specification.",10.1056/NEJMoa2120238,085d4cfbf4b7fe69de8ee62aa2c1dac7a46ae11a,https://doi.org/10.1056/NEJMoa2120238,,https://www.nejm.org/doi/pdf/10.1056/NEJMoa2120238?articleTools=true,,JournalArticle,unknown,brain; computational neuroscience; brain-inspired; explicit brain-structure/AI bridge,"BACKGROUND Xenografts from genetically modified pigs have become one of the most promising solutions to the dearth of human organs available for transplantation. The challenge in this model has been hyperacute rejection. To avoid this, pigs have been bred with a knockout of the alpha-1,3-galactosyltransferase gene and with subcapsular autologous thymic tissue. METHODS We transplanted kidneys from these genetically modified pigs into two brain-dead human recipients whose circulatory and respiratory activity was maintained on ventilators for the duration of the study. We performed serial biopsies and monitored the urine output and kinetic estimated glomerular filtration rate (eGFR) to assess renal function and xenograft rejection. RESULTS The xenograft in both recipients began to make urine within moments after reperfusion. Over the 54-hour study, the kinetic eGFR increased from 23 ml per minute per 1.73 m2 of body-surface area before transplantation to 62 ml per minute per 1.73 m2 after transplantation in Recipient 1 and from 55 to 109 ml per minute per 1.73 m2 in Recipient 2. In both recipients, the creatinine level, which had been at a steady state, decreased after implantation of the xenograft, from 1.97 to 0.82 mg per deciliter in Recipient 1 and from 1.10 to 0.57 mg per deciliter in Recipient 2. The transplanted kidneys remained pink and well-perfused, continuing to make urine throughout the study. Biopsies that were performed at 6, 24, 48, and 54 hours revealed no signs of hyperacute or antibody-mediated rejection. Hourly urine output with the xenograft was more than double the output with the native kidneys. CONCLUSIONS Genetically modified kidney xenografts from pigs remained viable and functioning in brain-dead human recipients for 54 hours, without signs of hyperacute rejection. (Funded by Lung Biotechnology.)."
55,2022,The connectome of an insect brain,"Michael Winding, B. Pedigo, C. L. Barnes, Heather G. Patsolic, Youngser Park, Tom Kazimiers, et al.",bioRxiv,2022-11-28,343,6,151.73,"Cellular, Synaptic, and Neuromorphic Foundations",brain-structure;connectome;machine-learning,"Brains contain networks of interconnected neurons, so knowing the network architecture is essential for understanding brain function.",high citation signal (343); open-access PDF metadata; explicit AI/modeling signal; brain-structure signal,"Cellular mechanisms rarely scale directly into whole-brain behavior or modern AI architectures.; Animal and ex vivo findings require careful translation to human cognition and deployed systems.; Model performance should be checked for leakage, confounding, calibration, and external validity.",10.1126/science.add9330,0910cb7d82c4b4f0212b06ea14e1fe5637970289,https://doi.org/10.1126/science.add9330,,https://www.ncbi.nlm.nih.gov/pmc/articles/PMC7614541,,JournalArticle,unknown,brain; connectome; neuron; neural; synapse; machine learning; neuromorphic; brain/neural structure in title; explicit brain-structure/AI bridge,"Brains contain networks of interconnected neurons, so knowing the network architecture is essential for understanding brain function. We therefore mapped the synaptic-resolution connectome of an insect brain (Drosophila larva) with rich behavior, including learning, value-computation, and action-selection, comprising 3,013 neurons and 544,000 synapses. We characterized neuron-types, hubs, feedforward and feedback pathways, and cross-hemisphere and brain-nerve cord interactions. We found pervasive multisensory and interhemispheric integration, highly recurrent architecture, abundant feedback from descending neurons, and multiple novel circuit motifs. The brain's most recurrent circuits comprised the input and output neurons of the learning center. Some structural features, including multilayer shortcuts and nested recurrent loops, resembled powerful machine learning architectures. The identified brain architecture provides a basis for future experimental and theoretical studies of neural circuits. One-Sentence Summary We generated a synaptic-resolution brain connectome and characterized its connection types, neuron types, and circuit motifs."
56,2022,Brains and algorithms partially converge in natural language processing,"Charlotte Caucheteux, J. King",Communications Biology,2022-02-16,339,25,157.52,Structural Neuroimaging and AI,brain-structure;connectome;machine-learning;deep-learning;decoding;brain-inspired-ai;neuroimaging;neural-signals,Deep learning algorithms trained to predict masked words from large amount of text have recently been shown to generate activations similar to those of the human brain.,high citation signal (339); open-access PDF metadata; explicit AI/modeling signal; brain-structure signal,"Scanner, site, protocol, and preprocessing differences can be learned as shortcuts by AI models.; High predictive accuracy does not guarantee anatomical validity or causal interpretation.; Model performance should be checked for leakage, confounding, calibration, and external validity.",10.1038/s42003-022-03036-1,83a491b6dfab0a9f30ce66d7dad1d7409e4d6e4d,https://doi.org/10.1038/s42003-022-03036-1,,https://www.nature.com/articles/s42003-022-03036-1.pdf,,JournalArticle,unknown,brain; cortical; fmri; mri; meg; neural; deep learning; neural network; prediction; transformer; brain/neural structure in title; explicit brain-structure/AI bridge,"Deep learning algorithms trained to predict masked words from large amount of text have recently been shown to generate activations similar to those of the human brain. However, what drives this similarity remains currently unknown. Here, we systematically compare a variety of deep language models to identify the computational principles that lead them to generate brain-like representations of sentences. Specifically, we analyze the brain responses to 400 isolated sentences in a large cohort of 102 subjects, each recorded for two hours with functional magnetic resonance imaging (fMRI) and magnetoencephalography (MEG). We then test where and when each of these algorithms maps onto the brain responses. Finally, we estimate how the architecture, training, and performance of these models independently account for the generation of brain-like representations. Our analyses reveal two main findings. First, the similarity between the algorithms and the brain primarily depends on their ability to predict words from context. Second, this similarity reveals the rise and maintenance of perceptual, lexical, and compositional representations within each cortical region. Overall, this study shows that modern language algorithms partially converge towards brain-like solutions, and thus delineates a promising path to unravel the foundations of natural language processing. Charlotte Caucheteux and Jean-Rémi King examine the ability of transformer neural networks trained on word prediction tasks to fit representations in the human brain measured with fMRI and MEG. Their results provide further insight into the workings of transformer language models and their relevance to brain responses."
57,2022,"Functional Neurological Disorder: New Phenotypes, Common Mechanisms","M. Hallett, S. Aybek, B. Dworetzky, L. Mcwhirter, J. Staab, J. Stone",Lancet Neurology,2022-04-01,332,26,154.75,Clinical NeuroAI and Brain Disorders,brain-structure;connectome;machine-learning;brain-inspired-ai;neural-signals;clinical-neuroai,People with functional neurological disorder (FND) are frequent in neurological practice.,high citation signal (332); recognized venue; open-access PDF metadata; explicit AI/modeling signal,"Clinical cohorts vary by disease stage, comorbidity, treatment history, and follow-up.; Models can learn site or demographic artifacts instead of disease mechanisms.; Model performance should be checked for leakage, confounding, calibration, and external validity.",10.1016/s1474-4422(21)00422-1,10219895a6ffb6599d98a11b8487abe11b9961b2,https://doi.org/10.1016/s1474-4422(21)00422-1,,http://manuscript.elsevier.com/S1474442221004221/pdf/S1474442221004221.pdf,,Review; JournalArticle,unknown,brain; ecog; predictive; explicit brain-structure/AI bridge,"People with functional neurological disorder (FND) are frequent in neurological practice. A new approach to the positive diagnosis of FND focuses on recognisable patterns of genuinely experienced symptoms with signs that show variability within and between tasks over time. Psychological stressors are common risk factors but may be absent. We review four entities, functional seizures, functional movement disorders, persistent perceptual postural dizziness, and functional cognitive disorder, outlining similarities and arguing they are variants of a disorder at the interface between neurology and psychiatry. All four have distinctive features and are increasingly possible to diagnose with the support of clinical neurophysiology and other biomarkers. Current understanding of FND pathophysiology includes overactivity of the limbic system, symptom modelling as part of a predictive coding framework, and dysfunction of brain networks that gives movement the sense of voluntariness. Evidence increasingly supports tailored multidisciplinary treatment that may involve physical and psychological therapy approaches."
58,2022,Autism genes converge on asynchronous development of shared neuron classes,"B. Paulsen, Silvia Velasco, Amanda J. Kedaigle, Martina Pigoni, Giorgia Quadrato, A. Deo, et al.",Nature,2022-02-01,330,14,154.64,"Cellular, Synaptic, and Neuromorphic Foundations",brain-structure,Genetic risk for autism spectrum disorder (ASD) is associated with hundreds of genes spanning a wide range of biological functions1-6.,high citation signal (330); recognized venue; open-access PDF metadata; brain-structure signal,"Cellular mechanisms rarely scale directly into whole-brain behavior or modern AI architectures.; Animal and ex vivo findings require careful translation to human cognition and deployed systems.; Imaging conclusions can depend on acquisition, preprocessing, and model specification.",10.1038/s41586-021-04358-6,d49f795fad2104dc55b9053223bf3f3e06249641,https://doi.org/10.1038/s41586-021-04358-6,,https://www.ncbi.nlm.nih.gov/pmc/articles/PMC8852827,,JournalArticle,unknown,brain; cerebral; cortex; cortical; neuron; neuromorphic; explicit brain-structure/AI bridge,"Genetic risk for autism spectrum disorder (ASD) is associated with hundreds of genes spanning a wide range of biological functions1-6. The alterations in the human brain resulting from mutations in these genes remain unclear. Furthermore, their phenotypic manifestation varies across individuals7,8. Here we used organoid models of the human cerebral cortex to identify cell-type-specific developmental abnormalities that result from haploinsufficiency in three ASD risk genes-SUV420H1 (also known as KMT5B), ARID1B and CHD8-in multiple cell lines from different donors, using single-cell RNA-sequencing (scRNA-seq) analysis of more than 745,000 cells and proteomic analysis of individual organoids, to identify phenotypic convergence. Each of the three mutations confers asynchronous development of two main cortical neuronal lineages-γ-aminobutyric-acid-releasing (GABAergic) neurons and deep-layer excitatory projection neurons-but acts through largely distinct molecular pathways. Although these phenotypes are consistent across cell lines, their expressivity is influenced by the individual genomic context, in a manner that is dependent on both the risk gene and the developmental defect. Calcium imaging in intact organoids shows that these early-stage developmental changes are followed by abnormal circuit activity. This research uncovers cell-type-specific neurodevelopmental abnormalities that are shared across ASD risk genes and are finely modulated by human genomic context, finding convergence in the neurobiological basis of how different risk genes contribute to ASD pathology. Haploinsufficiency in three genes associated with risk of autism spectrum disorder-KMT5B, ARID1B and CHD8-in cell lines from multiple donors results in cell-type-specific asynchronous development of GABAergic neurons and cortical deep-layer excitatory projection neurons."
59,2022,"Astrocyte contribution to dysfunction, risk and progression in neurodegenerative disorders","Ashley N. Brandebura, Adrien Paumier, T. Onur, N. J. Allen",Nature Reviews Neuroscience,2022-10-31,330,6,149.84,"Cellular, Synaptic, and Neuromorphic Foundations",brain-structure;clinical-neuroai,There is increasing evidence that neurons are not the only cells affected by and contributing to neurodegenerative disorders.,high citation signal (330); recognized venue; open-access PDF metadata; brain-structure signal,"Cellular mechanisms rarely scale directly into whole-brain behavior or modern AI architectures.; Animal and ex vivo findings require careful translation to human cognition and deployed systems.; Imaging conclusions can depend on acquisition, preprocessing, and model specification.",10.1038/s41583-022-00641-1,ac97e50b218ab00dddb7c2b95867b3d3e7d9a001,https://doi.org/10.1038/s41583-022-00641-1,,https://www.ncbi.nlm.nih.gov/pmc/articles/PMC10198620,,Review; JournalArticle,unknown,brain; neuron; neuromorphic; explicit brain-structure/AI bridge,"There is increasing evidence that neurons are not the only cells affected by and contributing to neurodegenerative disorders. In this Review, Brandebura and colleagues discuss the role astrocytes play in neurodegenerative disorders as initiators of and contributors to disease progression. There is increasing appreciation that non-neuronal cells contribute to the initiation, progression and pathology of diverse neurodegenerative disorders. This Review focuses on the role of astrocytes in disorders including Alzheimer disease, Parkinson disease, Huntington disease and amyotrophic lateral sclerosis. The important roles astrocytes have in supporting neuronal function in the healthy brain are considered, along with studies that have demonstrated how the physiological properties of astrocytes are altered in neurodegenerative disorders and may explain their contribution to neurodegeneration. Further, the question of whether in neurodegenerative disorders with specific genetic mutations these mutations directly impact on astrocyte function, and may suggest a driving role for astrocytes in disease initiation, is discussed. A summary of how astrocyte transcriptomic and proteomic signatures are altered during the progression of neurodegenerative disorders and may relate to functional changes is provided. Given the central role of astrocytes in neurodegenerative disorders, potential strategies to target these cells for future therapeutic avenues are discussed."
60,2022,The emergent properties of the connected brain,"Michel Thiebaut de Schotten, S. Forkel",Science,2022-11-04,324,3,158.71,"Connectomics, Graph Models, and Brain Networks",brain-structure;connectome;machine-learning,There is more to brain connections than the mere transfer of signals between brain regions.,high citation signal (324); recognized venue; open-access PDF metadata; explicit AI/modeling signal,"Graph results can depend strongly on parcellation, thresholding, acquisition, and preprocessing choices.; Correlation networks are often interpreted more causally than the evidence supports.; Model performance should be checked for leakage, confounding, calibration, and external validity.",10.1126/science.abq2591,0d1f82861dca4c8e7d5f91a79f0ab216694f4ddd,https://doi.org/10.1126/science.abq2591,,https://repository.ubn.ru.nl//bitstream/handle/2066/284963/284963.pdf,,Review; JournalArticle,unknown,brain; cortical; connectivity; prediction; brain/neural structure in title; explicit brain-structure/AI bridge,"There is more to brain connections than the mere transfer of signals between brain regions. Behavior and cognition emerge through cortical area interaction. This requires integration between local and distant areas orchestrated by densely connected networks. Brain connections determine the brain's functional organization. The imaging of connections in the living brain has provided an opportunity to identify the driving factors behind the neurobiology of cognition. Connectivity differences between species and among humans have furthered the understanding of brain evolution and of diverging cognitive profiles. Brain pathologies amplify this variability through disconnections and, consequently, the disintegration of cognitive functions. The prediction of long-term symptoms is now preferentially based on brain disconnections. This paradigm shift will reshape our brain maps and challenge current brain models. Description"
61,2022,Molecular and spatial signatures of mouse brain aging at single-cell resolution,"W. Allen, Timothy R. Blosser, Zuri A. Sullivan, C. Dulac, X. Zhuang",Cell,2022-12-01,321,19,158.14,"Cellular, Synaptic, and Neuromorphic Foundations",brain-structure,"SUMMARY The diversity and complex organization of cells in the brain have hindered systematic characterization of age-related changes in its cellular and molecular architecture, limiting our ability to understand the mechanisms underlying its functional decline during aging.",high citation signal (321); recognized venue; open-access PDF metadata; brain-structure signal,"Cellular mechanisms rarely scale directly into whole-brain behavior or modern AI architectures.; Animal and ex vivo findings require careful translation to human cognition and deployed systems.; Imaging conclusions can depend on acquisition, preprocessing, and model specification.",10.1016/j.cell.2022.12.010,d1ec6f23a711e326e8b19142388f230f6ed3233a,https://doi.org/10.1016/j.cell.2022.12.010,,http://www.cell.com/article/S0092867422015239/pdf,,JournalArticle,unknown,brain; cortex; cortical; neuron; neuromorphic; brain/neural structure in title; explicit brain-structure/AI bridge,"SUMMARY The diversity and complex organization of cells in the brain have hindered systematic characterization of age-related changes in its cellular and molecular architecture, limiting our ability to understand the mechanisms underlying its functional decline during aging. Here, we generated a high-resolution cell atlas of brain aging within the frontal cortex and striatum using spatially resolved single-cell transcriptomics and quantified changes in gene expression and spatial organization of major cell types in these regions over the mouse lifespan. We observed substantially more pronounced changes in cell state, gene expression, and spatial organization of non-neuronal cells over neurons. Our data revealed molecular and spatial signatures of glial and immune cell activation during aging, particularly enriched in the subcortical white matter, and identified both similarities and notable differences in cell-activation patterns induced by aging and systemic inflammatory challenge. These results provide critical insights into age-related decline and inflammation in the brain."
62,2022,Early-Stage Alzheimer's Disease Prediction Using Machine Learning Models,"C. Kavitha, V. Mani, S. Srividhya, O. I. Khalaf, Carlos Andrés Tavera Romero",Frontiers in Public Health,2022-03-03,318,26,150.37,"Cognitive Architectures, Learning, and Systems Neuroscience",brain-structure;machine-learning;clinical-neuroai,Alzheimer's disease (AD) is the leading cause of dementia in older adults.,high citation signal (318); open-access PDF metadata; explicit AI/modeling signal; brain-structure signal,"Task designs can oversimplify cognition and limit ecological validity.; Circuit-behavior correlations need causal perturbation or strong model comparison before mechanistic claims are secure.; Model performance should be checked for leakage, confounding, calibration, and external validity.",10.3389/fpubh.2022.853294,4f28ec72db0792948f85f6cd294ec9594796af37,https://doi.org/10.3389/fpubh.2022.853294,,https://www.frontiersin.org/articles/10.3389/fpubh.2022.853294/pdf,,JournalArticle,unknown,brain; machine learning; support vector; random forest; classification; prediction; cognitive architecture; explicit brain-structure/AI bridge,"Alzheimer's disease (AD) is the leading cause of dementia in older adults. There is currently a lot of interest in applying machine learning to find out metabolic diseases like Alzheimer's and Diabetes that affect a large population of people around the world. Their incidence rates are increasing at an alarming rate every year. In Alzheimer's disease, the brain is affected by neurodegenerative changes. As our aging population increases, more and more individuals, their families, and healthcare will experience diseases that affect memory and functioning. These effects will be profound on the social, financial, and economic fronts. In its early stages, Alzheimer's disease is hard to predict. A treatment given at an early stage of AD is more effective, and it causes fewer minor damage than a treatment done at a later stage. Several techniques such as Decision Tree, Random Forest, Support Vector Machine, Gradient Boosting, and Voting classifiers have been employed to identify the best parameters for Alzheimer's disease prediction. Predictions of Alzheimer's disease are based on Open Access Series of Imaging Studies (OASIS) data, and performance is measured with parameters like Precision, Recall, Accuracy, and F1-score for ML models. The proposed classification scheme can be used by clinicians to make diagnoses of these diseases. It is highly beneficial to lower annual mortality rates of Alzheimer's disease in early diagnosis with these ML algorithms. The proposed work shows better results with the best validation average accuracy of 83% on the test data of AD. This test accuracy score is significantly higher in comparison with existing works."
63,2022,The glymphatic system: Current understanding and modeling,"T. Bohr, P. Hjorth, S. C. Holst, S. Hrabetova, V. Kiviniemi, Tuomas O. Lilius, et al.",iScience,2022-08-01,315,6,150.2,Clinical NeuroAI and Brain Disorders,brain-structure;machine-learning;clinical-neuroai,"Summary We review theoretical and numerical models of the glymphatic system, which circulates cerebrospinal fluid and interstitial fluid around the brain, facilitating solute transport.",high citation signal (315); recognized venue; open-access PDF metadata; explicit AI/modeling signal,"Clinical cohorts vary by disease stage, comorbidity, treatment history, and follow-up.; Models can learn site or demographic artifacts instead of disease mechanisms.; Model performance should be checked for leakage, confounding, calibration, and external validity.",10.1016/j.isci.2022.104987,b5745d7ca573f9f63e17a509174b3e0b408930e0,https://doi.org/10.1016/j.isci.2022.104987,,http://www.cell.com/article/S2589004222012597/pdf,,Review; JournalArticle,unknown,brain; neuron; prediction; explicit brain-structure/AI bridge,"Summary We review theoretical and numerical models of the glymphatic system, which circulates cerebrospinal fluid and interstitial fluid around the brain, facilitating solute transport. Models enable hypothesis development and predictions of transport, with clinical applications including drug delivery, stroke, cardiac arrest, and neurodegenerative disorders like Alzheimer's disease. We sort existing models into broad categories by anatomical function: Perivascular flow, transport in brain parenchyma, interfaces to perivascular spaces, efflux routes, and links to neuronal activity. Needs and opportunities for future work are highlighted wherever possible; new models, expanded models, and novel experiments to inform models could all have tremendous value for advancing the field."
64,2022,A Hybrid Deep Learning-Based Approach for Brain Tumor Classification,"Asaf Raza, Huma Ayub, J. Khan, Ijaz Ahmad, Ahmed S. Salama, Y. Daradkeh, et al.",Electronics,2022-04-05,308,15,153.4,Structural Neuroimaging and AI,brain-structure;connectome;machine-learning;deep-learning;brain-inspired-ai;neuroimaging,Brain tumors (BTs) are spreading very rapidly across the world.,high citation signal (308); open-access PDF metadata; explicit AI/modeling signal; brain-structure signal,"Scanner, site, protocol, and preprocessing differences can be learned as shortcuts by AI models.; High predictive accuracy does not guarantee anatomical validity or causal interpretation.; Model performance should be checked for leakage, confounding, calibration, and external validity.",10.3390/electronics11071146,14423203488806f1340e7d20a75414a67de93b09,https://doi.org/10.3390/electronics11071146,,https://www.mdpi.com/2079-9292/11/7/1146/pdf?version=1649243379,,paper,unknown,brain; mri; neural; machine learning; deep learning; neural network; classification; brain/neural structure in title; explicit brain-structure/AI bridge,"Brain tumors (BTs) are spreading very rapidly across the world. Every year, thousands of people die due to deadly brain tumors. Therefore, accurate detection and classification are essential in the treatment of brain tumors. Numerous research techniques have been introduced for BT detection as well as classification based on traditional machine learning (ML) and deep learning (DL). The traditional ML classifiers require hand-crafted features, which is very time-consuming. On the contrary, DL is very robust in feature extraction and has recently been widely used for classification and detection purposes. Therefore, in this work, we propose a hybrid deep learning model called DeepTumorNet for three types of brain tumors (BTs)-glioma, meningioma, and pituitary tumor classification-by adopting a basic convolutional neural network (CNN) architecture. The GoogLeNet architecture of the CNN model was used as a base. While developing the hybrid DeepTumorNet approach, the last 5 layers of GoogLeNet were removed, and 15 new layers were added instead of these 5 layers. Furthermore, we also utilized a leaky ReLU activation function in the feature map to increase the expressiveness of the model. The proposed model was tested on a publicly available research dataset for evaluation purposes, and it obtained 99.67% accuracy, 99.6% precision, 100% recall, and a 99.66% F1-score. The proposed methodology obtained the highest accuracy compared with the state-of-the-art classification results obtained with Alex net, Resnet50, darknet53, Shufflenet, GoogLeNet, SqueezeNet, ResNet101, Exception Net, and MobileNetv2. The proposed model showed its superiority over the existing models for BT classification from the MRI images."
65,2022,Ageing and rejuvenation of tissue stem cells and their niches,"A. Brunet, M. Goodell, T. Rando",Nature reviews. Molecular cell biology,2022-07-20,307,9,145.34,"Cellular, Synaptic, and Neuromorphic Foundations",brain-structure,"Most adult organs contain regenerative stem cells, often organized in specific niches.",high citation signal (307); recognized venue; open-access PDF metadata; brain-structure signal,"Cellular mechanisms rarely scale directly into whole-brain behavior or modern AI architectures.; Animal and ex vivo findings require careful translation to human cognition and deployed systems.; Imaging conclusions can depend on acquisition, preprocessing, and model specification.",10.1038/s41580-022-00510-w,f044f571a493f0ac2fe479eeae376cf4391e24e5,https://doi.org/10.1038/s41580-022-00510-w,,https://www.ncbi.nlm.nih.gov/pmc/articles/PMC9879573,,Review; JournalArticle,unknown,brain; neuromorphic; explicit brain-structure/AI bridge,"Most adult organs contain regenerative stem cells, often organized in specific niches. Stem cell function is critical for tissue homeostasis and repair upon injury, and it is dependent on interactions with the niche. During ageing, stem cells decline in their regenerative potential and ability to give rise to differentiated cells in the tissue, which is associated with a deterioration of tissue integrity and health. Ageing-associated changes in regenerative tissue regions include defects in maintenance of stem cell quiescence, differentiation ability and bias, clonal expansion and infiltration of immune cells in the niche. In this Review, we discuss cellular and molecular mechanisms underlying ageing in the regenerative regions of different tissues as well as potential rejuvenation strategies. We focus primarily on brain, muscle and blood tissues, but also provide examples from other tissues, such as skin and intestine. We describe the complex interactions between different cell types, non-cell-autonomous mechanisms between ageing niches and stem cells, and the influence of systemic factors. We also compare different interventions for the rejuvenation of old regenerative regions. Future outlooks in the field of stem cell ageing are discussed, including strategies to counter ageing and age-dependent disease. Stem cell function declines during ageing, resulting in the loss of tissue integrity and health deterioration. Ageing is associated with defects in the maintenance of stem cell quiescence and cell differentiation ability, clonal expansion and infiltration of immune cells in the niche. This Review discusses the mechanisms underlying ageing in stem cells and their niches, and potential rejuvenation strategies."
66,2022,Microglia ferroptosis is regulated by SEC24B and contributes to neurodegeneration,"Sean K. Ryan, Matija Zelic, Yingnan Han, E. Teeple, Luoman Chen, M. Sadeghi, et al.",Nature Neuroscience,2022-12-19,305,9,146.42,"Cellular, Synaptic, and Neuromorphic Foundations",brain-structure;clinical-neuroai,"Iron dysregulation has been implicated in multiple neurodegenerative diseases, including Parkinson's disease (PD).",high citation signal (305); recognized venue; open-access PDF metadata; brain-structure signal,"Cellular mechanisms rarely scale directly into whole-brain behavior or modern AI architectures.; Animal and ex vivo findings require careful translation to human cognition and deployed systems.; Imaging conclusions can depend on acquisition, preprocessing, and model specification.",10.1038/s41593-022-01221-3,aa96e81bf42a165c07b79c2f5313ec182e05474d,https://doi.org/10.1038/s41593-022-01221-3,,https://www.nature.com/articles/s41593-022-01221-3.pdf,,JournalArticle,unknown,brain; neuromorphic; explicit brain-structure/AI bridge,"Iron dysregulation has been implicated in multiple neurodegenerative diseases, including Parkinson's disease (PD). Iron-loaded microglia are frequently found in affected brain regions, but how iron accumulation influences microglia physiology and contributes to neurodegeneration is poorly understood. Here we show that human induced pluripotent stem cell-derived microglia grown in a tri-culture system are highly responsive to iron and susceptible to ferroptosis, an iron-dependent form of cell death. Furthermore, iron overload causes a marked shift in the microglial transcriptional state that overlaps with a transcriptomic signature found in PD postmortem brain microglia. Our data also show that this microglial response contributes to neurodegeneration, as removal of microglia from the tri-culture system substantially delayed iron-induced neurotoxicity. To elucidate the mechanisms regulating iron response in microglia, we performed a genome-wide CRISPR screen and identified novel regulators of ferroptosis, including the vesicle trafficking gene SEC24B . These data suggest a critical role for microglia iron overload and ferroptosis in neurodegeneration. Iron-laden microglia assume a disease-relevant, ferroptosis-associated signature and cause neurotoxicity. CRISPR screen uncovered regulators of ferroptosis in microglia. This ferroptosis-microglia-neurodegeneration axis could be targeted therapeutically."
67,2022,European consensus-based interdisciplinary guideline for melanoma. Part 1: Diagnostics: Update 2022.,"C. Garbe, T. Amaral, K. Peris, A. Hauschild, P. Arenberger, N. Basset-Seguin, et al.",European Journal of Cancer,2022-05-01,299,17,137.67,Clinical NeuroAI and Brain Disorders,brain-structure;connectome;machine-learning;neuroimaging;clinical-neuroai,Cutaneous melanoma (CM) is potentially the most dangerous form of skin tumor and causes 90% of skin cancer mortality.,high citation signal (299); open-access PDF metadata; explicit AI/modeling signal; brain-structure signal,"Clinical cohorts vary by disease stage, comorbidity, treatment history, and follow-up.; Models can learn site or demographic artifacts instead of disease mechanisms.; Model performance should be checked for leakage, confounding, calibration, and external validity.",10.1016/j.ejca.2022.03.008,a6d4f25b309e9bc3a27de54cb7b175e200c74b9e,https://doi.org/10.1016/j.ejca.2022.03.008,,http://www.ejcancer.com/article/S0959804922001526/pdf,,Review; JournalArticle,unknown,brain; classification; explicit brain-structure/AI bridge,"Cutaneous melanoma (CM) is potentially the most dangerous form of skin tumor and causes 90% of skin cancer mortality. A unique collaboration of multi-disciplinary experts from the European Dermatology Forum (EDF), the European Association of Dermato-Oncology (EADO) and the European Organization for Research and Treatment of Cancer (EORTC) was formed to make recommendations on CM diagnosis and treatment, based on systematic literature reviews and the experts' experience. The diagnosis of melanoma can be made clinically and shall always be confirmed with dermatoscopy. If a melanoma is suspected, a histopathological examination is always required. Sequential digital dermatoscopy and full body photography can be used in high-risk patients to improve the detection of early melanoma. Where available, confocal reflectance microscopy can also improve clinical diagnosis in special cases. Melanoma shall be classified according to the 8th version of the American Joint Committee on Cancer classification. Thin melanomas up to 0.8 mm tumor thickness do not require further imaging diagnostics. From stage IB onwards, examinations with lymph node sonography are recommended, but no further imaging examinations. From stage IIC onwards whole-body examinations with computed tomography (CT) or positron emission tomography CT (PET-CT) in combination with brain magnetic resonance imaging are recommended. From stage III and higher, mutation testing is recommended, particularly for BRAF V600 mutation. It is important to provide a structured follow-up to detect relapses and secondary primary melanomas as early as possible. There is no evidence to define the frequency and extent of examinations. A stage-based follow-up scheme is proposed which, according to the experience of the guideline group, covers the optimal requirements, but further studies may be considered. This guideline is valid until the end of 2024."
68,2022,Artificial tactile perception smart finger for material identification based on triboelectric sensing,"Xuecheng Qu, Zhuo Liu, Puchuan Tan, Chan Wang, Ying Liu, Hongqing Feng, et al.",Science Advances,2022-08-01,298,3,157.21,"Cognitive Architectures, Learning, and Systems Neuroscience",brain-structure;machine-learning;neural-signals,Tactile perception includes the direct response of tactile corpuscles to environmental stimuli and psychological parameters associated with brain recognition.,high citation signal (298); recognized venue; open-access PDF metadata; explicit AI/modeling signal,"Task designs can oversimplify cognition and limit ecological validity.; Circuit-behavior correlations need causal perturbation or strong model comparison before mechanistic claims are secure.; Model performance should be checked for leakage, confounding, calibration, and external validity.",10.1126/sciadv.abq2521,603b18d4e487aa747d83f8de7c620eb80791701c,https://doi.org/10.1126/sciadv.abq2521,,https://doi.org/10.1126/sciadv.abq2521,,JournalArticle,unknown,brain; ecog; machine learning; cognitive architecture; explicit brain-structure/AI bridge,"Tactile perception includes the direct response of tactile corpuscles to environmental stimuli and psychological parameters associated with brain recognition. To date, several artificial haptic-based sensing techniques can accurately measure physical stimuli. However, quantifying the psychological parameters of tactile perception to achieve texture and roughness identification remains challenging. Here, we developed a smart finger with surpassed human tactile perception, which enabled accurate identification of material type and roughness through the integration of triboelectric sensing and machine learning. In principle, as each material has different capabilities to gain or lose electrons, a unique triboelectric fingerprint output will be generated when the triboelectric sensor is in contact with the measured object. The construction of a triboelectric sensor array could further eliminate interference from the environment, and the accuracy rate of material identification was as high as 96.8%. The proposed smart finger provides the possibility to impart artificial tactile perception to manipulators or prosthetics."
69,2022,Astrocytes and oligodendrocytes undergo subtype-specific transcriptional changes in Alzheimer's disease,"J. Sadick, Michael R. O'Dea, P. Hasel, Taitea Dykstra, A. Faustin, SA Liddelow",Neuron,2022-03-28,298,11,148.01,"Cellular, Synaptic, and Neuromorphic Foundations",brain-structure;clinical-neuroai,"SUMMARY Resolving glial contributions to Alzheimer's disease (AD) is necessary because changes in neuronal function, like reduced synaptic density, altered electrophysiological properties, and degeneration, are not entirely cell autonomous.",high citation signal (298); recognized venue; open-access PDF metadata; brain-structure signal,"Cellular mechanisms rarely scale directly into whole-brain behavior or modern AI architectures.; Animal and ex vivo findings require careful translation to human cognition and deployed systems.; Imaging conclusions can depend on acquisition, preprocessing, and model specification.",10.1016/j.neuron.2022.03.008,087c2fa2e13941a31d1094c55a550d8c925ae430,https://doi.org/10.1016/j.neuron.2022.03.008,,http://www.cell.com/article/S0896627322002446/pdf,,JournalArticle,unknown,brain; neuron; neuromorphic; explicit brain-structure/AI bridge,"SUMMARY Resolving glial contributions to Alzheimer's disease (AD) is necessary because changes in neuronal function, like reduced synaptic density, altered electrophysiological properties, and degeneration, are not entirely cell autonomous. To improve understanding of transcriptomic heterogeneity in glia during AD, we used single nuclei RNA sequencing (snRNA-seq) to characterize astrocytes and oligodendrocytes from APOE ε2/3 human AD and age- and genotype-matched non-symptomatic (NS) brains. We enriched for astrocytes before sequencing and characterized pathology from the same location as the sequenced material. We characterized baseline heterogeneity in both astrocytes and oligodendrocytes, and identified global and subtype-specific transcriptomic changes between AD and NS astrocytes and oligodendrocytes. We also take advantage of recent human and mouse spatial transcriptomics resources to localize heterogeneous astrocyte subtypes to specific regions in the healthy and inflamed brain. Finally, we integrated our data with published AD snRNA-seq datasets, highlighting the power of combining datasets to resolve previously unidentifiable astrocyte subpopulations."
70,2022,MRI-based Brain Tumor Image Detection Using CNN based Deep Learning Method,"Arkapravo Chattopadhyay, Mausumi Maitra",Neuroscience Informatics,2022-02-01,296,10,152.09,Structural Neuroimaging and AI,brain-structure;deep-learning;neuroimaging,Positions MRI-based Brain Tumor Image Detection Using CNN based Deep Learning Method within Neuroimaging and Brain Mapping.,high citation signal (296); recognized venue; explicit AI/modeling signal; brain-structure signal,"Scanner, site, protocol, and preprocessing differences can be learned as shortcuts by AI models.; High predictive accuracy does not guarantee anatomical validity or causal interpretation.; Model performance should be checked for leakage, confounding, calibration, and external validity.",10.1016/j.neuri.2022.100060,b753ecc8184fc2349499989d3b4b3da5fbee74e9,https://doi.org/10.1016/j.neuri.2022.100060,,,,paper,unknown,brain; mri; deep learning; brain/neural structure in title; explicit brain-structure/AI bridge,
71,2022,Attention Spiking Neural Networks,"Man Yao, Guangshe Zhao, Hengyu Zhang, Yifan Hu, Lei Deng, Yonghong Tian, et al.",IEEE Transactions on Pattern Analysis and Machine Intelligence,2022-09-28,294,19,153.77,"Electrophysiology, Neural Signals, and AI Decoding",brain-structure;connectome;machine-learning;deep-learning;brain-inspired-ai;neural-signals;neuromorphic-bci,Brain-inspired spiking neural networks (SNNs) are becoming a promising energy-efficient alternative to traditional artificial neural networks (ANNs).,high citation signal (294); open-access PDF metadata; explicit AI/modeling signal; brain-structure signal,"Signal artifacts, montage choices, source localization, and session drift can dominate apparent model performance.; Temporal precision does not automatically imply anatomical specificity.; Model performance should be checked for leakage, confounding, calibration, and external validity.",10.1109/TPAMI.2023.3241201,9c5cd94bbe92b831b12149b9504c25afc8d00d3d,https://doi.org/10.1109/TPAMI.2023.3241201,,http://arxiv.org/pdf/2209.13929,,JournalArticle,unknown,brain; ecog; neural; neural network; classification; computational neuroscience; brain-inspired; brain/neural structure in title; explicit brain-structure/AI bridge,"Brain-inspired spiking neural networks (SNNs) are becoming a promising energy-efficient alternative to traditional artificial neural networks (ANNs). However, the performance gap between SNNs and ANNs has been a significant hindrance to deploying SNNs ubiquitously. To leverage the full potential of SNNs, in this paper we study the attention mechanisms, which can help human focus on important information. We present our idea of attention in SNNs with a multi-dimensional attention module, which infers attention weights along the temporal, channel, as well as spatial dimension separately or simultaneously. Based on the existing neuroscience theories, we exploit the attention weights to optimize membrane potentials, which in turn regulate the spiking response. Extensive experimental results on event-based action recognition and image classification datasets demonstrate that attention facilitates vanilla SNNs to achieve sparser spiking firing, better performance, and energy efficiency concurrently. In particular, we achieve top-1 accuracy of 75.92% and 77.08% on ImageNet-1 K with single/4-step Res-SNN-104, which are state-of-the-art results in SNNs. Compared with counterpart Res-ANN-104, the performance gap becomes -0.95/+0.21 percent and the energy efficiency is 31.8×/7.4×. To analyze the effectiveness of attention SNNs, we theoretically prove that the spiking degradation or the gradient vanishing, which usually holds in general SNNs, can be resolved by introducing the block dynamical isometry theory. We also analyze the efficiency of attention SNNs based on our proposed spiking response visualization method. Our work lights up SNN's potential as a general backbone to support various applications in the field of SNN research, with a great balance between effectiveness and energy efficiency."
72,2022,Cholesterol and matrisome pathways dysregulated in astrocytes and microglia,"J. Tcw, L. Qian, N. Pipalia, M. Chao, Shuang A. Liang, Yang Shi, et al.",Cell,2022-06-01,294,16,147.77,"Cellular, Synaptic, and Neuromorphic Foundations",brain-structure;clinical-neuroai,"Summary The impact of Apolipoprotein E ε4 (APOE4), the strongest genetic risk factor for Alzheimer's disease (AD), on human brain cellular function remains unclear.",high citation signal (294); recognized venue; open-access PDF metadata; brain-structure signal,"Cellular mechanisms rarely scale directly into whole-brain behavior or modern AI architectures.; Animal and ex vivo findings require careful translation to human cognition and deployed systems.; Imaging conclusions can depend on acquisition, preprocessing, and model specification.",10.1016/j.cell.2022.05.017,b3bb0cb7f71d3e29d4f912283756435156dc09bb,https://doi.org/10.1016/j.cell.2022.05.017,,http://www.cell.com/article/S0092867422006481/pdf,,JournalArticle,unknown,brain; neuron; neuromorphic; explicit brain-structure/AI bridge,"Summary The impact of Apolipoprotein E ε4 (APOE4), the strongest genetic risk factor for Alzheimer's disease (AD), on human brain cellular function remains unclear. Here we investigated the effects of APOE4 on brain cell types derived from population and isogenic human induced pluripotent stem cells (hiPSCs), post-mortem brain and APOE targeted replacement (APOE-TR) mice. Population and isogenic models demonstrate that APOE4 local haplotype rather than a single risk allele contributes to risk. Global transcriptomic analyses reveal human specific, APOE4-driven lipid metabolic dysregulation in astrocytes and microglia. APOE4 enhances de novo cholesterol synthesis despite elevated intracellular cholesterol due to lysosomal cholesterol sequestration in astrocytes. Further, matrisome dysregulation is associated with upregulated chemotaxis, glial activation and lipid biosynthesis in astrocytes co-cultured with neurons that recapitulates altered astrocyte matrisome signaling in human brain. Thus, APOE4 initiates glia-specific cell and non-cell autonomous dysregulation that may contribute to increased AD risk."
73,2022,Spatial profiling of chromatin accessibility in mouse and human tissues,"Yanxiang Deng, Marek Bartošovič, Sai Ma, Di Zhang, P. Kukanja, Yang Xiao, et al.",Nature,2022-08-17,294,5,145.77,"Electrophysiology, Neural Signals, and AI Decoding",brain-structure;neural-signals,"Cellular function in tissue is dependent on the local environment, requiring new methods for spatial mapping of biomolecules and cells in the tissue context1.",high citation signal (294); recognized venue; open-access PDF metadata; brain-structure signal,"Signal artifacts, montage choices, source localization, and session drift can dominate apparent model performance.; Temporal precision does not automatically imply anatomical specificity.; Imaging conclusions can depend on acquisition, preprocessing, and model specification.",10.1038/s41586-022-05094-1,acb9c3cf785a6b61f6eacab1bc69218862acc009,https://doi.org/10.1038/s41586-022-05094-1,,https://www.nature.com/articles/s41586-022-05094-1.pdf,,JournalArticle,unknown,brain; neuromorphic; explicit brain-structure/AI bridge,"Cellular function in tissue is dependent on the local environment, requiring new methods for spatial mapping of biomolecules and cells in the tissue context1. The emergence of spatial transcriptomics has enabled genome-scale gene expression mapping2-5, but the ability to capture spatial epigenetic information of tissue at the cellular level and genome scale is lacking. Here we describe a method for spatially resolved chromatin accessibility profiling of tissue sections using next-generation sequencing (spatial-ATAC-seq) by combining in situ Tn5 transposition chemistry6 and microfluidic deterministic barcoding5. Profiling mouse embryos using spatial-ATAC-seq delineated tissue-region-specific epigenetic landscapes and identified gene regulators involved in the development of the central nervous system. Mapping the accessible genome in the mouse and human brain revealed the intricate arealization of brain regions. Applying spatial-ATAC-seq to tonsil tissue resolved the spatially distinct organization of immune cell types and states in lymphoid follicles and extrafollicular zones. This technology progresses spatial biology by enabling spatially resolved chromatin accessibility profiling to improve our understanding of cell identity, cell state and cell fate decision in relation to epigenetic underpinnings in development and disease. Spatial-ATAC-seq-spatially resolved chromatin accessibility profiling of tissue sections using next-generation sequencing-delineated tissue-region-specific epigenetic landscapes in mouse embryos and identified gene regulators involved in the development of the central nervous system and the lymphoid tissue."
74,2022,"Fecal microbiota transfer between young and aged mice reverses hallmarks of the aging gut, eye, and brain","Aimée Parker, S. Romano, Rebecca Ansorge, Asmaa Aboelnour, Gwénaëlle Le Gall, G. Savva, et al.",Microbiome,2022-04-29,293,8,139.7,"Cognitive Architectures, Learning, and Systems Neuroscience",brain-structure;clinical-neuroai,"Altered intestinal microbiota composition in later life is associated with inflammaging, declining tissue function, and increased susceptibility to age-associated chronic diseases, including neurodegenerative dementias.",high citation signal (293); open-access PDF metadata; brain-structure signal,"Task designs can oversimplify cognition and limit ecological validity.; Circuit-behavior correlations need causal perturbation or strong model comparison before mechanistic claims are secure.; Imaging conclusions can depend on acquisition, preprocessing, and model specification.",10.1186/s40168-022-01243-w,d8741fdf8834b11999b9de7067487b00b947a0c6,https://doi.org/10.1186/s40168-022-01243-w,,https://microbiomejournal.biomedcentral.com/counter/pdf/10.1186/s40168-022-01243-w,,JournalArticle,unknown,brain; cognitive architecture; brain/neural structure in title; explicit brain-structure/AI bridge,"Altered intestinal microbiota composition in later life is associated with inflammaging, declining tissue function, and increased susceptibility to age-associated chronic diseases, including neurodegenerative dementias. Here, we tested the hypothesis that manipulating the intestinal microbiota influences the development of major comorbidities associated with aging and, in particular, inflammation affecting the brain and retina. Using fecal microbiota transplantation, we exchanged the intestinal microbiota of young (3 months), old (18 months), and aged (24 months) mice. Whole metagenomic shotgun sequencing and metabolomics were used to develop a custom analysis workflow, to analyze the changes in gut microbiota composition and metabolic potential. Effects of age and microbiota transfer on the gut barrier, retina, and brain were assessed using protein assays, immunohistology, and behavioral testing. We show that microbiota composition profiles and key species enriched in young or aged mice are successfully transferred by FMT between young and aged mice and that FMT modulates resulting metabolic pathway profiles. The transfer of aged donor microbiota into young mice accelerates age-associated central nervous system (CNS) inflammation, retinal inflammation, and cytokine signaling and promotes loss of key functional protein in the eye, effects which are coincident with increased intestinal barrier permeability. Conversely, these detrimental effects can be reversed by the transfer of young donor microbiota. These findings demonstrate that the aging gut microbiota drives detrimental changes in the gut-brain and gut-retina axes suggesting that microbial modulation may be of therapeutic benefit in preventing inflammation-related tissue decline in later life. A2ymqPEb5xjd37hjwT7XDQ Video abstract Video abstract"
75,2022,Long-term memory and synapse-like dynamics in two-dimensional nanofluidic channels,"P. Robin, T. Emmerich, A. Ismail, A. Niguès, Y. You, Gi-Hong Nam, et al.",Science,2022-05-16,291,8,152.78,"Cellular, Synaptic, and Neuromorphic Foundations",brain-structure;neuroimaging;neuromorphic-bci,"Fine-tuned ion transport across nanoscale pores is key to many biological processes, including neurotransmission.",high citation signal (291); recognized venue; open-access PDF metadata; brain-structure signal,"Cellular mechanisms rarely scale directly into whole-brain behavior or modern AI architectures.; Animal and ex vivo findings require careful translation to human cognition and deployed systems.; Imaging conclusions can depend on acquisition, preprocessing, and model specification.",10.1126/science.adc9931,6af85a6028a02e7540281922261e14de11c47949,https://doi.org/10.1126/science.adc9931,,https://arxiv.org/pdf/2205.07653,,JournalArticle,unknown,brain; mri; neuron; synapse; neuromorphic; explicit brain-structure/AI bridge,"Fine-tuned ion transport across nanoscale pores is key to many biological processes, including neurotransmission. Recent advances have enabled the confinement of water and ions to two dimensions, unveiling transport properties inaccessible at larger scales and triggering hopes of reproducing the ionic machinery of biological systems. Here we report experiments demonstrating the emergence of memory in the transport of aqueous electrolytes across (sub)nanoscale channels. We unveil two types of nanofluidic memristors depending on channel material and confinement, with memory ranging from minutes to hours. We explain how large time scales could emerge from interfacial processes such as ionic self-assembly or surface adsorption. Such behavior allowed us to implement Hebbian learning with nanofluidic systems. This result lays the foundation for biomimetic computations on aqueous electrolytic chips. Description Toward fluidic neuromorphic computing There is considerable interest in strategies that mimic the structure of human brain and could lead to the development of next-generation neuromorphic devices. Many recent studies have focused on solid-state devices, although information in biological systems is conveyed by ions solvated in water, an approach now explored in two papers in this issue (see the Perspective by Noy and Darling). Robin et al. created nanofluidic devices consisting of nanometer-thick two-dimensional slits filled with a salt solution, whereas Xiong et al. present a nanofluidic ionic memristor based on confined polyelectrolyte-ion interactions. The two studies are focused on different aspects of neuromorphic engineering, but both show precise control of ion transport in water across nanoscale channels. These studies show promising directions for creating neuromorphic functions using energy-efficient fluidic memristors that could mimic biological systems down to their fundamental principles. -YS Two nanofluidic devices can reproduce Hebbian learning using ions in water as charge carriers, similar to how neurons work."
76,2022,Deep Transfer Learning Approaches in Performance Analysis of Brain Tumor Classification Using MRI Images,"Chetana Srinivas, N. K. S., Mohammed Zakariah, Yousef Ajmi Alothaibi, K. Shaukat, B. Partibane, et al.",Journal of Healthcare Engineering,2022-03-08,289,15,153.46,Computational Neuroscience and Brain-Inspired AI,brain-structure;connectome;machine-learning;deep-learning;brain-inspired-ai;neuroimaging;clinical-neuroai,Brain tumor classification is a very important and the most prominent step for assessing life-threatening abnormal tissues and providing an efficient treatment in patient recovery.,high citation signal (289); open-access PDF metadata; explicit AI/modeling signal; brain-structure signal,"Model fit does not by itself prove biological mechanism.; Brain-inspired analogies can become too loose unless tied to measurable neural evidence.; Model performance should be checked for leakage, confounding, calibration, and external validity.",10.1155/2022/3264367,511bd804b4b702a779d65c6b0caf298b6496a2a5,https://doi.org/10.1155/2022/3264367,,https://downloads.hindawi.com/journals/jhe/2022/3264367.pdf,,JournalArticle,unknown,brain; mri; neural; artificial intelligence; deep learning; neural network; classification; prediction; brain/neural structure in title; explicit brain-structure/AI bridge,"Brain tumor classification is a very important and the most prominent step for assessing life-threatening abnormal tissues and providing an efficient treatment in patient recovery. To identify pathological conditions in the brain, there exist various medical imaging technologies. Magnetic Resonance Imaging (MRI) is extensively used in medical imaging due to its excellent image quality and independence from ionizing radiations. The significance of deep learning, a subset of artificial intelligence in the area of medical diagnosis applications, has macadamized the path in rapid developments for brain tumor detection from MRI to higher prediction rate. For brain tumor analysis and classification, the convolution neural network (CNN) is the most extensive and widely used deep learning algorithm. In this work, we present a comparative performance analysis of transfer learning-based CNN-pretrained VGG-16, ResNet-50, and Inception-v3 models for automatic prediction of tumor cells in the brain. Pretrained models are demonstrated on the MRI brain tumor images dataset consisting of 233 images. Our paper aims to locate brain tumors with the utilization of the VGG-16 pretrained CNN model. The performance of our model will be evaluated on accuracy. As an outcome, we can estimate that the pretrained model VGG-16 determines highly adequate results with an increase in the accuracy rate of training and validation."
77,2022,"Past, Present, and Future of EEG-Based BCI Applications","Kaido Värbu, M. Naveed, Yar Muhammad",Italian National Conference on Sensors,2022-04-26,286,4,152.07,"Electrophysiology, Neural Signals, and AI Decoding",brain-structure;connectome;decoding;neural-signals;clinical-neuroai;neuromorphic-bci,An electroencephalography (EEG)-based brain-computer interface (BCI) is a system that provides a pathway between the brain and external devices by interpreting EEG.,high citation signal (286); open-access PDF metadata; brain-structure signal; brain-to-model interface signal,"Signal artifacts, montage choices, source localization, and session drift can dominate apparent model performance.; Temporal precision does not automatically imply anatomical specificity.; Imaging conclusions can depend on acquisition, preprocessing, and model specification.",10.3390/s22093331,30186f466b7456a20e29cde48c20f0192548a59a,https://doi.org/10.3390/s22093331,,https://www.mdpi.com/1424-8220/22/9/3331/pdf?version=1651135666,,Review; JournalArticle,unknown,brain; eeg; neural; decoding; brain-computer; bci; explicit brain-structure/AI bridge,"An electroencephalography (EEG)-based brain-computer interface (BCI) is a system that provides a pathway between the brain and external devices by interpreting EEG. EEG-based BCI applications have initially been developed for medical purposes, with the aim of facilitating the return of patients to normal life. In addition to the initial aim, EEG-based BCI applications have also gained increasing significance in the non-medical domain, improving the life of healthy people, for instance, by making it more efficient, collaborative and helping develop themselves. The objective of this review is to give a systematic overview of the literature on EEG-based BCI applications from the period of 2009 until 2019. The systematic literature review has been prepared based on three databases PubMed, Web of Science and Scopus. This review was conducted following the PRISMA model. In this review, 202 publications were selected based on specific eligibility criteria. The distribution of the research between the medical and non-medical domain has been analyzed and further categorized into fields of research within the reviewed domains. In this review, the equipment used for gathering EEG data and signal processing methods have also been reviewed. Additionally, current challenges in the field and possibilities for the future have been analyzed."
78,2022,Activated Drp1 regulates p62-mediated autophagic flux and aggravates inflammation in cerebral ischemia-reperfusion via the ROS-RIP1/RIP3-exosome axis,"Xue Zeng, Yun-Dong Zhang, Ruiyan Ma, Yuanmei Chen, Xinming Xiang, D. Hou, et al.",Military Medical Research,2022-05-27,284,11,133.94,"Cellular, Synaptic, and Neuromorphic Foundations",brain-structure,Background Cerebral ischemia-reperfusion injury (CIRI) refers to a secondary brain injury that can occur when the blood supply to the ischemic brain tissue is restored.,high citation signal (284); open-access PDF metadata; brain-structure signal,"Cellular mechanisms rarely scale directly into whole-brain behavior or modern AI architectures.; Animal and ex vivo findings require careful translation to human cognition and deployed systems.; Imaging conclusions can depend on acquisition, preprocessing, and model specification.",10.1186/s40779-022-00383-2,bfd566d1ea4561aff6b1e6cc0c060293100b681a,https://doi.org/10.1186/s40779-022-00383-2,,https://mmrjournal.biomedcentral.com/counter/pdf/10.1186/s40779-022-00383-2,,JournalArticle,unknown,brain; cerebral; neuromorphic; explicit brain-structure/AI bridge,"Background Cerebral ischemia-reperfusion injury (CIRI) refers to a secondary brain injury that can occur when the blood supply to the ischemic brain tissue is restored. However, the mechanism underlying such injury remains elusive. Methods The 150 male C57 mice underwent middle cerebral artery occlusion (MCAO) for 1 h and reperfusion for 24 h, Among them, 50 MCAO mice were further treated with Mitochondrial division inhibitor 1 (Mdivi-1) and 50 MCAO mice were further treated with N-acetylcysteine (NAC). SH-SY5Y cells were cultured in a low-glucose culture medium for 4 h under hypoxic conditions and then transferred to normal conditions for 12 h. Then, cerebral blood flow, mitochondrial structure, mitochondrial DNA (mtDNA) copy number, intracellular and mitochondrial reactive oxygen species (ROS), autophagic flux, aggresome and exosome expression profiles, cardiac tissue structure, mitochondrial length and cristae density, mtDNA and ROS content, as well as the expression of Drp1-Ser616/Drp1, RIP1/RIP3, LC3 II/LC3 I, TNF-α, IL-1β, etc., were detected under normal or Drp1 interference conditions. Results The mtDNA content, ROS levels, and Drp1-Ser616/Drp1 were elevated by 2.2, 1.7 and 2.7 times after CIRI ( P < 0.05). However, the high cytoplasmic LC3 II/I ratio and increased aggregation of p62 could be reversed by 44% and 88% by Drp1 short hairpin RNA (shRNA) ( P < 0.05). The low fluorescence intensity of autophagic flux and the increased phosphorylation of RIP3 induced by CIRI could be attenuated by ROS scavenger, NAC ( P < 0.05). RIP1/RIP3 inhibitor Necrostatin-1 (Nec-1) restored 75% to a low LC3 II/LC3 I ratio and enhanced 2 times to a high RFP-LC3 after Drp1 activation ( P < 0.05). In addition, although CIRI-induced ROS production caused no considerable accumulation of autophagosomes ( P > 0.05), it increased the packaging and extracellular secretion of exosomes containing p62 by 4 - 5 times, which could be decreased by Mdivi-1, Drp1 shRNA, and Nec-1 ( P < 0.05). Furthermore, TNF-α and IL-1β increased in CIRI-derived exosomes could increase RIP3 phosphorylation in normal or oxygen-glucose deprivation/reoxygenation (OGD/R) conditions ( P < 0.05). Conclusions CIRI activated Drp1 and accelerated the p62-mediated formation of autophagosomes while inhibiting the transition of autophagosomes to autolysosomes via the RIP1/RIP3 pathway activation. Undegraded autophagosomes were secreted extracellularly in the form of exosomes, leading to inflammatory cascades that further damaged mitochondria, resulting in excessive ROS generation and the blockage of autophagosome degradation, triggering a vicious cycle."
79,2022,Adaptive Diffusion Priors for Accelerated MRI Reconstruction,"S. Dar, cSaban Ozturk, Yilmaz Korkmaz, Gokberk Elmas, Muzaffer Ozbey, Alper Gungor, et al.",Medical Image Anal.,2022-07-12,279,8,118.83,Structural Neuroimaging and AI,brain-structure;neuroimaging,Deep MRI reconstruction is commonly performed with conditional models that de-alias undersampled acquisitions to recover images consistent with fully-sampled data.,high citation signal (279); open-access PDF metadata; brain-structure signal,"Scanner, site, protocol, and preprocessing differences can be learned as shortcuts by AI models.; High predictive accuracy does not guarantee anatomical validity or causal interpretation.; Imaging conclusions can depend on acquisition, preprocessing, and model specification.",10.1016/j.media.2023.102872,f1409ad3eb093888cd69b103adbeea574649467e,https://doi.org/10.1016/j.media.2023.102872,,https://arxiv.org/pdf/2207.05876,,JournalArticle,unknown,brain; mri; historical computation/learning bridge,"Deep MRI reconstruction is commonly performed with conditional models that de-alias undersampled acquisitions to recover images consistent with fully-sampled data. Since conditional models are trained with knowledge of the imaging operator, they can show poor generalization across variable operators. Unconditional models instead learn generative image priors decoupled from the operator to improve reliability against domain shifts related to the imaging operator. Recent diffusion models are particularly promising given their high sample fidelity. Nevertheless, inference with a static image prior can perform suboptimally. Here we propose the first adaptive diffusion prior for MRI reconstruction, AdaDiff, to improve performance and reliability against domain shifts. AdaDiff leverages an efficient diffusion prior trained via adversarial mapping over large reverse diffusion steps. A two-phase reconstruction is executed following training: a rapid-diffusion phase that produces an initial reconstruction with the trained prior, and an adaptation phase that further refines the result by updating the prior to minimize data-consistency loss. Demonstrations on multi-contrast brain MRI clearly indicate that AdaDiff outperforms competing conditional and unconditional methods under domain shifts, and achieves superior or on par within-domain performance."
80,2022,Spatial-CUT&Tag: Spatially Resolved Chromatin Modification Profiling at Cellular Level,"Yanxiang Deng, Marek Bartošovič, P. Kukanja, Di Zhang, Yang Liu, Graham Su, et al.",Science,2022-02-10,278,10,145.56,"Cellular, Synaptic, and Neuromorphic Foundations",brain-structure,Spatial omics emerged as a new frontier of biological and biomedical research.,high citation signal (278); recognized venue; open-access PDF metadata; brain-structure signal,"Cellular mechanisms rarely scale directly into whole-brain behavior or modern AI architectures.; Animal and ex vivo findings require careful translation to human cognition and deployed systems.; Imaging conclusions can depend on acquisition, preprocessing, and model specification.",10.1126/science.abg7216,fd92e7e91235fc49f9a635c264c8ec3fc7e606ff,https://doi.org/10.1126/science.abg7216,,https://www.ncbi.nlm.nih.gov/pmc/articles/PMC7612972,,JournalArticle,unknown,brain; cortical; neuromorphic; explicit brain-structure/AI bridge,"Spatial omics emerged as a new frontier of biological and biomedical research. Here, we present spatial-CUT&Tag for spatially resolved genome-wide profiling of histone modifications by combining in situ CUT&Tag chemistry, microfluidic deterministic barcoding, and next-generation sequencing. Spatially resolved chromatin states in mouse embryos revealed tissue-type-specific epigenetic regulations in concordance with ENCODE references and provide spatial information at tissue scale. Spatial-CUT&Tag revealed epigenetic control of the cortical layer development and spatial patterning of cell types determined by histone modification in mouse brain. Single-cell epigenomes can be derived in situ by identifying 20-micrometer pixels containing only one nucleus using immunofluorescence imaging. Spatial chromatin modification profiling in tissue may offer new opportunities to study epigenetic regulation, cell function, and fate decision in normal physiology and pathogenesis. Description Close-up on chromatin modifications Despite recent advances in spatial transcriptomics to map gene expression, it has not be possible to determine the underlying epigenetic mechanisms controlling gene expression and tissue development with high spatial resolution. Deng et al. report on a technique called spatial-CUT&Tag for genome-wide profiling of histone modifications pixel by pixel on a frozen tissue section without dissociation. This method resolved spatially distinct and cell-type-specific chromatin modifications in mouse embryonic organogenesis and postnatal brain development. Single-cell epigenomic profiles were derived from the tissue pixels containing single nuclei. Spatial-CUT&Tag adds a new dimension to spatial biology by enabling the mapping of epigenetic regulations broadly implicated in development and disease. -DJ Spatial-CUT&Tag enables genome-wide tissue mapping of chromatin modification states at a cellular level."
81,2022,Amyloid Beta in Aging and Alzheimer's Disease,"Ujala Sehar, Priya Rawat, Arubala P. Reddy, J. Kopel, P. Reddy",International Journal of Molecular Sciences,2022-10-26,277,3,148.7,"Cellular, Synaptic, and Neuromorphic Foundations",brain-structure;clinical-neuroai,"Alzheimer's disease (AD), is a progressive neurodegenerative disease that affects behavior, thinking, learning, and memory in elderly individuals.",high citation signal (277); recognized venue; open-access PDF metadata; brain-structure signal,"Cellular mechanisms rarely scale directly into whole-brain behavior or modern AI architectures.; Animal and ex vivo findings require careful translation to human cognition and deployed systems.; Imaging conclusions can depend on acquisition, preprocessing, and model specification.",10.3390/ijms232112924,7be83da5f600d7406257ef9f7c15c2a10bada14d,https://doi.org/10.3390/ijms232112924,,https://www.mdpi.com/1422-0067/23/21/12924/pdf?version=1666945200,,Review; JournalArticle,unknown,brain; neuron; synapse; neuromorphic; explicit brain-structure/AI bridge,"Alzheimer's disease (AD), is a progressive neurodegenerative disease that affects behavior, thinking, learning, and memory in elderly individuals. AD occurs in two forms, early onset familial and late-onset sporadic; genetic mutations in PS1, PS2, and APP genes cause early onset familial AD, and a combination of lifestyle, environment and genetic factors causes the late-onset sporadic form of the disease. However, accelerated disease progression is noticed in patients with familial AD. Disease-causing pathological changes are synaptic damage, and mitochondrial structural and functional changes, in addition to increased production and accumulation of phosphorylated tau (p-tau), and amyloid beta (Aβ) in the affected brain regions in AD patients. Aβ is a peptide derived from amyloid precursor protein (APP) by proteolytic cleavage of beta and gamma secretases. APP is a glycoprotein that plays a significant role in maintaining neuronal homeostasis like signaling, neuronal development, and intracellular transport. Aβ is reported to have both protective and toxic effects in neurons. The purpose of our article is to summarize recent developments of Aβ and its association with synapses, mitochondria, microglia, astrocytes, and its interaction with p-tau. Our article also covers the therapeutic strategies that reduce Aβ toxicities in disease progression and discusses the reasons for the failures of Aβ therapeutics."
82,2022,Insomnia disorder: State of the science and challenges for the future,"D. Riemann, F. Benz, Raphael J. Dressle, C. Espie, A. Johann, T. Blanken, et al.",Journal of Sleep Research,2022-04-22,277,10,136.3,Structural Neuroimaging and AI,brain-structure;connectome;machine-learning;neuroimaging;clinical-neuroai,Insomnia disorder comprises symptoms during night and day that strongly affect quality of life and wellbeing.,high citation signal (277); open-access PDF metadata; explicit AI/modeling signal; brain-structure signal,"Scanner, site, protocol, and preprocessing differences can be learned as shortcuts by AI models.; High predictive accuracy does not guarantee anatomical validity or causal interpretation.; Model performance should be checked for leakage, confounding, calibration, and external validity.",10.1111/jsr.13604,67342be494ca54399730119f2ffa88c87254e2ae,https://doi.org/10.1111/jsr.13604,,https://onlinelibrary.wiley.com/doi/pdfdirect/10.1111/jsr.13604,,Review; JournalArticle,unknown,brain; classification; explicit brain-structure/AI bridge,"Insomnia disorder comprises symptoms during night and day that strongly affect quality of life and wellbeing. Prolonged sleep latency, difficulties to maintain sleep and early morning wakening characterize sleep complaints, whereas fatigue, reduced attention, impaired cognitive functioning, irritability, anxiety and low mood are key daytime impairments. Insomnia disorder is well acknowledged in all relevant diagnostic systems: Diagnostic and Statistical Manual of the American Psychiatric Association, 5th revision, International Classification of Sleep Disorders, 3rd version, and International Classification of Diseases, 11th revision. Insomnia disorder as a chronic condition is frequent (up to 10% of the adult population, with a preponderance of females), and signifies an important and independent risk factor for physical and, especially, mental health. Insomnia disorder diagnosis primarily rests on self-report. Objective measures like actigraphy or polysomnography are not (yet) part of the routine diagnostic canon, but play an important role in research. Disease concepts of insomnia range from cognitive-behavioural models to (epi-) genetics and psychoneurobiological approaches. The latter is derived from knowledge about basic sleep-wake regulation and encompass theories like rapid eye movement sleep instability/restless rapid eye movement sleep. Cognitive-behavioural models of insomnia led to the conceptualization of cognitive-behavioural therapy for insomnia, which is now considered as first-line treatment for insomnia worldwide. Future research strategies will include the combination of experimental paradigms with neuroimaging and may benefit from more attention to dysfunctional overnight alleviation of distress in insomnia. With respect to therapy, cognitive-behavioural therapy for insomnia merits widespread implementation, and digital cognitive-behavioural therapy may assist delivery along treatment guidelines. However, given the still considerable proportion of patients responding insufficiently to cognitive-behavioural therapy for insomnia, fundamental studies are highly necessary to better understand the brain and behavioural mechanisms underlying insomnia. Mediators and moderators of treatment response/non-response and the associated development of tailored and novel interventions also require investigation. Recent studies suggest that treatment of insomnia may prove to add significantly as a preventive strategy to combat the global burden of mental disorders."
83,2022,Amelioration of Alzheimer's disease pathology by mitophagy inducers identified via machine learning and a cross-species workflow,"Chenglong Xie, Xu-Xu Zhuang, Zhangming Niu, Rui-ting Ai, Sofie Lautrup, Shuangjia Zheng, et al.",Nature Biomedical Engineering,2022-01-01,274,7,160.9,Computational Neuroscience and Brain-Inspired AI,brain-structure;machine-learning;decoding;clinical-neuroai,A reduced removal of dysfunctional mitochondria is common to aging and age-related neurodegenerative pathologies such as Alzheimer's disease (AD).,high citation signal (274); recognized venue; open-access PDF metadata; explicit AI/modeling signal,"Model fit does not by itself prove biological mechanism.; Brain-inspired analogies can become too loose unless tied to measurable neural evidence.; Model performance should be checked for leakage, confounding, calibration, and external validity.",10.1038/s41551-021-00819-5,1d9cb39dc0493d509f5a6ddbdcd7e2ca0b6613ca,https://doi.org/10.1038/s41551-021-00819-5,,https://www.nature.com/articles/s41551-021-00819-5.pdf,,JournalArticle,unknown,brain; neuron; machine learning; computational neuroscience; brain-inspired; explicit brain-structure/AI bridge,"A reduced removal of dysfunctional mitochondria is common to aging and age-related neurodegenerative pathologies such as Alzheimer's disease (AD). Strategies for treating such impaired mitophagy would benefit from the identification of mitophagy modulators. Here we report the combined use of unsupervised machine learning (involving vector representations of molecular structures, pharmacophore fingerprinting and conformer fingerprinting) and a cross-species approach for the screening and experimental validation of new mitophagy-inducing compounds. From a library of naturally occurring compounds, the workflow allowed us to identify 18 small molecules, and among them two potent mitophagy inducers (Kaempferol and Rhapontigenin). In nematode and rodent models of AD, we show that both mitophagy inducers increased the survival and functionality of glutamatergic and cholinergic neurons, abrogated amyloid-β and tau pathologies, and improved the animals' memory. Our findings suggest the existence of a conserved mechanism of memory loss across the AD models, this mechanism being mediated by defective mitophagy. The computational-experimental screening and validation workflow might help uncover potent mitophagy modulators that stimulate neuronal health and brain homeostasis. Two potent mitophagy inducers, identified and characterized via unsupervised machine learning and a cross-species screening approach, ameliorated the pathology of Alzheimer's disease in worms and mice."
84,2022,Image Segmentation for MR Brain Tumor Detection Using Machine Learning: A Review,"T. Soomro, Lihong Zheng, Ahmed J. Afifi, Ahmed Ali, Shafiullah Soomro, Ming Yin, et al.",IEEE Reviews in Biomedical Engineering,2022-06-23,274,10,153.9,Structural Neuroimaging and AI,brain-structure;machine-learning;deep-learning;neuroimaging,Magnetic Resonance Imaging (MRI) has commonly been used to detect and diagnose brain disease and monitor treatment as non-invasive imaging technology.,high citation signal (274); synthesis or review value; explicit AI/modeling signal; brain-structure signal,"Scanner, site, protocol, and preprocessing differences can be learned as shortcuts by AI models.; High predictive accuracy does not guarantee anatomical validity or causal interpretation.; Model performance should be checked for leakage, confounding, calibration, and external validity.",10.1109/RBME.2022.3185292,d538d343d61bb3cd3120557a7a44ca68ec8941e9,https://doi.org/10.1109/RBME.2022.3185292,,,,JournalArticle; Review,unknown,brain; mri; machine learning; deep learning; brain/neural structure in title; explicit brain-structure/AI bridge,"Magnetic Resonance Imaging (MRI) has commonly been used to detect and diagnose brain disease and monitor treatment as non-invasive imaging technology. MRI produces three-dimensional images that help neurologists to identify anomalies from brain images precisely. However, this is a time-consuming and labor-intensive process. The improvement in machine learning and efficient computation provides a computer-aid solution to analyze MRI images and identify the abnormality quickly and accurately. Image segmentation has become a hot and research-oriented area in the medical image analysis community. The computer-aid system for brain abnormalities identification provides the possibility for quickly classifying the disease for early treatment. This article presents a review of the research papers (from 1998 to 2020) on brain tumors segmentation from MRI images. We examined the core segmentation algorithms of each research paper in detail. This article provides readers with a complete overview of the topic and new dimensions of how numerous machine learning and image segmentation approaches are applied to identify brain tumors. By comparing the state-of-the-art and new cutting-edge methods, the deep learning methods are more effective for the segmentation of the tumor from MRI images of the brain."
85,2022,A deep learning approach for brain tumor classification using MRI images,"M. Aamir, Ziaur Rahman, Z. Dayo, W. A. Abro, M. Irfan Uddin, Inayat Khan, et al.",Computers & electrical engineering,2022-07-01,272,11,148.77,Structural Neuroimaging and AI,brain-structure;machine-learning;deep-learning;neuroimaging,Positions A deep learning approach for brain tumor classification using MRI images within Neuroimaging and Brain Mapping.,high citation signal (272); open-access PDF metadata; explicit AI/modeling signal; brain-structure signal,"Scanner, site, protocol, and preprocessing differences can be learned as shortcuts by AI models.; High predictive accuracy does not guarantee anatomical validity or causal interpretation.; Model performance should be checked for leakage, confounding, calibration, and external validity.",10.1016/j.compeleceng.2022.108105,04618b6d5950f508bae2fcb714e5a618c63341b4,https://doi.org/10.1016/j.compeleceng.2022.108105,,https://ntnuopen.ntnu.no/ntnu-xmlui/bitstream/11250/3062473/1/1-s2.0-S0045790622003603-main-3-2.pdf,,paper,unknown,brain; mri; deep learning; classification; brain/neural structure in title; explicit brain-structure/AI bridge,
86,2022,The ILAE consensus classification of focal cortical dysplasia: An update proposed by an ad hoc task force of the ILAE diagnostic methods commission,"I. Najm, Dennis Lal, M. Alonso Vanegas, F. Cendes, Í. Lopes-Cendes, A. Palmini, et al.",Epilepsia,2022-06-15,272,12,136.77,Clinical NeuroAI and Brain Disorders,brain-structure;machine-learning;neuroimaging;clinical-neuroai,Ongoing challenges in diagnosing focal cortical dysplasia (FCD) mandate continuous research and consensus agreement to improve disease definition and classification.,high citation signal (272); open-access PDF metadata; explicit AI/modeling signal; brain-structure signal,"Clinical cohorts vary by disease stage, comorbidity, treatment history, and follow-up.; Models can learn site or demographic artifacts instead of disease mechanisms.; Model performance should be checked for leakage, confounding, calibration, and external validity.",10.1111/epi.17301,b0b82c2515195a2796c6fe5c1d574ad75a3a2560,https://doi.org/10.1111/epi.17301,,https://onlinelibrary.wiley.com/doi/pdfdirect/10.1111/epi.17301,,JournalArticle; Review,unknown,brain; cortical; classification; explicit brain-structure/AI bridge,"Ongoing challenges in diagnosing focal cortical dysplasia (FCD) mandate continuous research and consensus agreement to improve disease definition and classification. An International League Against Epilepsy (ILAE) Task Force (TF) reviewed the FCD classification of 2011 to identify existing gaps and provide a timely update. The following methodology was applied to achieve this goal: a survey of published literature indexed with ((Focal Cortical Dysplasia) AND (epilepsy)) between 01/01/2012 and 06/30/2021 (n = 1349) in PubMed identified the knowledge gained since 2012 and new developments in the field. An online survey consulted the ILAE community about the current use of the FCD classification scheme with 367 people answering. The TF performed an iterative clinico-pathological and genetic agreement study to objectively measure the diagnostic gap in blood/brain samples from 22 patients suspicious for FCD and submitted to epilepsy surgery. The literature confirmed new molecular-genetic characterizations involving the mechanistic Target Of Rapamycin (mTOR) pathway in FCD type II (FCDII), and SLC35A2 in mild malformations of cortical development (mMCDs) with oligodendroglial hyperplasia (MOGHE). The electro-clinical-imaging phenotypes and surgical outcomes were better defined and validated for FCDII. Little new information was acquired on clinical, histopathological, or genetic characteristics of FCD type I (FCDI) and FCD type III (FCDIII). The survey identified mMCDs, FCDI, and genetic characterization as fields for improvement in an updated classification. Our iterative clinico-pathological and genetic agreement study confirmed the importance of immunohistochemical staining, neuroimaging, and genetic tests to improve the diagnostic yield. The TF proposes to include mMCDs, MOGHE, and ""no definite FCD on histopathology"" as new categories in the updated FCD classification. The histopathological classification can be further augmented by advanced neuroimaging and genetic studies to comprehensively diagnose FCD subtypes; these different levels should then be integrated into a multi-layered diagnostic scheme. This update may help to foster multidisciplinary efforts toward a better understanding of FCD and the development of novel targeted treatment options."
87,2022,Experimental demonstration of highly reliable dynamic memristor for artificial neuron and neuromorphic computing,"See-On Park, Hakcheon Jeong, Jongyong Park, J. Bae, Shinhyun Choi",Nature Communications,2022-06-03,270,2,161.84,"Cellular, Synaptic, and Neuromorphic Foundations",brain-structure;connectome;deep-learning;neuroimaging;neuromorphic-bci,"Neuromorphic computing, a computing paradigm inspired by the human brain, enables energy-efficient and fast artificial neural networks.",high citation signal (270); recognized venue; open-access PDF metadata; explicit AI/modeling signal,"Cellular mechanisms rarely scale directly into whole-brain behavior or modern AI architectures.; Animal and ex vivo findings require careful translation to human cognition and deployed systems.; Model performance should be checked for leakage, confounding, calibration, and external validity.",10.1038/s41467-022-30539-6,0a7d928f311dca77e6d8bd80e8252c1c6d8da845,https://doi.org/10.1038/s41467-022-30539-6,,https://www.nature.com/articles/s41467-022-30539-6.pdf,,JournalArticle,unknown,brain; mri; neuron; neural; neural network; neuromorphic; explicit brain-structure/AI bridge,"Neuromorphic computing, a computing paradigm inspired by the human brain, enables energy-efficient and fast artificial neural networks. To process information, neuromorphic computing directly mimics the operation of biological neurons in a human brain. To effectively imitate biological neurons with electrical devices, memristor-based artificial neurons attract attention because of their simple structure, energy efficiency, and excellent scalability. However, memristor's non-reliability issues have been one of the main obstacles for the development of memristor-based artificial neurons and neuromorphic computings. Here, we show a memristor 1R cross-bar array without transistor devices for individual memristor access with low variation, 100% yield, large dynamic range, and fast speed for artificial neuron and neuromorphic computing. Based on the developed memristor, we experimentally demonstrate a memristor-based neuron with leaky-integrate and fire property with excellent reliability. Furthermore, we develop a neuro-memristive computing system based on the short-term memory effect of the developed memristor for efficient processing of sequential data. Our neuro-memristive computing system successfully trains and generates bio-medical sequential data (antimicrobial peptides) while using a small number of training parameters. Our results open up the possibility of memristor-based artificial neurons and neuromorphic computing systems, which are essential for energy-efficient edge computing devices. Designing energy efficient, uniform and reliable memristive devices for neuromorphic computing remains a challenge. By leveraging the self-rectifying behavior of gradual oxygen concentration of titanium dioxide, Choi et al. develop a transistor-free 1R cross-bar array with good uniformity and high yield."
88,2022,Decoding speech perception from non-invasive brain recordings,"Alexandre D'efossez, Charlotte Caucheteux, J. Rapin, Ori Kabeli, J. King",Nature Machine Intelligence,2022-08-25,269,33,164.17,"Brain Decoding, Representation Learning, and BCI",brain-structure;connectome;machine-learning;deep-learning;decoding;brain-inspired-ai;clinical-neuroai,Decoding speech from brain activity is a long-awaited goal in both healthcare and neuroscience.,high citation signal (269); recognized venue; open-access PDF metadata; explicit AI/modeling signal,"Small cohorts, session drift, invasive risk, and nonstationary signals limit generalization.; Offline decoding accuracy may not reflect real-time user burden or long-term deployment reliability.; Model performance should be checked for leakage, confounding, calibration, and external validity.",10.1038/s42256-023-00714-5,e52479dc9f0f52f65222ff7ca86d9f59c2e6d12f,https://doi.org/10.1038/s42256-023-00714-5,,https://www.nature.com/articles/s42256-023-00714-5.pdf,,JournalArticle,unknown,brain; deep learning; prediction; decoding; representation learning; bci; brain/neural structure in title; explicit brain-structure/AI bridge,"Decoding speech from brain activity is a long-awaited goal in both healthcare and neuroscience. Invasive devices have recently led to major milestones in this regard: deep-learning algorithms trained on intracranial recordings can now start to decode elementary linguistic features such as letters, words and audio-spectrograms. However, extending this approach to natural speech and non-invasive brain recordings remains a major challenge. Here we introduce a model trained with contrastive learning to decode self-supervised representations of perceived speech from the non-invasive recordings of a large cohort of healthy individuals. To evaluate this approach, we curate and integrate four public datasets, encompassing 175 volunteers recorded with magneto-encephalography or electro-encephalography while they listened to short stories and isolated sentences. The results show that our model can identify, from 3 seconds of magneto-encephalography signals, the corresponding speech segment with up to 41% accuracy out of more than 1,000 distinct possibilities on average across participants, and with up to 80% in the best participants-a performance that allows the decoding of words and phrases absent from the training set. The comparison of our model with a variety of baselines highlights the importance of a contrastive objective, pretrained representations of speech and a common convolutional architecture simultaneously trained across multiple participants. Finally, the analysis of the decoder's predictions suggests that they primarily depend on lexical and contextual semantic representations. Overall, this effective decoding of perceived speech from non-invasive recordings delineates a promising path to decode language from brain activity, without putting patients at risk of brain surgery. Deep learning can help develop non-invasive technology for decoding speech from brain activity, which could improve the lives of patients with brain injuries. Défossez et al. report a contrastive-learning approach to decode speech listening from human participants, using public databases of recordings based on non-invasive magnetic and electrical measurements."
89,2022,Brain tumor segmentation of MRI images: A comprehensive review on the application of artificial intelligence tools,"R. Ranjbarzadeh, A. Caputo, E. B. Tirkolaee, S. J. Ghoushchi, Malika Bendechache",Comput. Biol. Medicine,2022-12-01,269,4,153.57,Structural Neuroimaging and AI,brain-structure;deep-learning;neuroimaging;clinical-neuroai,BACKGROUND Brain cancer is a destructive and life-threatening disease that imposes immense negative effects on patients' lives.,high citation signal (269); synthesis or review value; explicit AI/modeling signal; brain-structure signal,"Scanner, site, protocol, and preprocessing differences can be learned as shortcuts by AI models.; High predictive accuracy does not guarantee anatomical validity or causal interpretation.; Model performance should be checked for leakage, confounding, calibration, and external validity.",10.1016/j.compbiomed.2022.106405,5e9a23c4e66f1044d1bcf828c0ba69537efcb1ee,https://doi.org/10.1016/j.compbiomed.2022.106405,,,,Review; JournalArticle,unknown,brain; mri; artificial intelligence; deep learning; brain/neural structure in title; explicit brain-structure/AI bridge,"BACKGROUND Brain cancer is a destructive and life-threatening disease that imposes immense negative effects on patients' lives. Therefore, the detection of brain tumors at an early stage improves the impact of treatments and increases the patients survival rates. However, detecting brain tumors in their initial stages is a demanding task and an unmet need. METHODS The present study presents a comprehensive review of the recent Artificial Intelligence (AI) methods of diagnosing brain tumors using MRI images. These AI techniques can be divided into Supervised, Unsupervised, and Deep Learning (DL) methods. RESULTS Diagnosing and segmenting brain tumors usually begin with Magnetic Resonance Imaging (MRI) on the brain since MRI is a noninvasive imaging technique. Another existing challenge is that the growth of technology is faster than the rate of increase in the number of medical staff who can employ these technologies. It has resulted in an increased risk of diagnostic misinterpretation. Therefore, developing robust automated brain tumor detection techniques has been studied widely over the past years. CONCLUSION The current review provides an analysis of the performance of modern methods in this area. Moreover, various image segmentation methods in addition to the recent efforts of researchers are summarized. Finally, the paper discusses open questions and suggests directions for future research."
90,2022,Sex hormone fluctuation and increased female risk for depression and anxiety disorders: from clinical evidence to molecular mechanisms,"M. Kundakovic, Devin Rocks",Frontiers in neuroendocrinology (Print),2022-06-01,268,3,134.1,"Cellular, Synaptic, and Neuromorphic Foundations",brain-structure;clinical-neuroai,"Women are at twice the risk for anxiety and depression disorders as men are, although the underlying biological factors and mechanisms are largely unknown.",high citation signal (268); open-access PDF metadata; brain-structure signal,"Cellular mechanisms rarely scale directly into whole-brain behavior or modern AI architectures.; Animal and ex vivo findings require careful translation to human cognition and deployed systems.; Imaging conclusions can depend on acquisition, preprocessing, and model specification.",10.1016/j.yfrne.2022.101010,22c57456a68e6232d4611efba6ea8814c70d9c01,https://doi.org/10.1016/j.yfrne.2022.101010,,https://doi.org/10.1016/j.yfrne.2022.101010,,Review; JournalArticle,unknown,brain; neuron; neuromorphic; explicit brain-structure/AI bridge,"Women are at twice the risk for anxiety and depression disorders as men are, although the underlying biological factors and mechanisms are largely unknown. In this review, we address this sex disparity at both the etiological and mechanistic level. We dissect the role of fluctuating sex hormones as a critical biological factor contributing to the increased depression and anxiety risk in women. We provide parallel evidence in humans and rodents that brain structure and function vary with naturally-cycling ovarian hormones. This female-unique brain plasticity and associated vulnerability are primarily driven by estrogen level changes. For the first time, we provide a sex hormone-driven molecular mechanism, namely chromatin organizational changes, that regulates neuronal gene expression and brain plasticity but may also prime the (epi)genome for psychopathology. Finally, we map out future directions including experimental and clinical studies that will facilitate novel sex- and gender-informed approaches to treat depression and anxiety disorders."
91,2022,Stroke Risk Prediction with Machine Learning Techniques,"Elias Dritsas, M. Trigka",Italian National Conference on Sensors,2022-06-21,267,28,148.44,Structural Neuroimaging and AI,brain-structure;machine-learning;neural-signals;clinical-neuroai,A stroke is caused when blood flow to a part of the brain is stopped abruptly.,high citation signal (267); open-access PDF metadata; explicit AI/modeling signal; brain-structure signal,"Scanner, site, protocol, and preprocessing differences can be learned as shortcuts by AI models.; High predictive accuracy does not guarantee anatomical validity or causal interpretation.; Model performance should be checked for leakage, confounding, calibration, and external validity.",10.3390/s22134670,1eca74d024b4b99c7e23a03e8c1e444d51f4a9fd,https://doi.org/10.3390/s22134670,,https://www.mdpi.com/1424-8220/22/13/4670/pdf?version=1655814480,,JournalArticle,unknown,brain; ecog; machine learning; classification; prediction; explicit brain-structure/AI bridge,"A stroke is caused when blood flow to a part of the brain is stopped abruptly. Without the blood supply, the brain cells gradually die, and disability occurs depending on the area of the brain affected. Early recognition of symptoms can significantly carry valuable information for the prediction of stroke and promoting a healthy life. In this research work, with the aid of machine learning (ML), several models are developed and evaluated to design a robust framework for the long-term risk prediction of stroke occurrence. The main contribution of this study is a stacking method that achieves a high performance that is validated by various metrics, such as AUC, precision, recall, F-measure and accuracy. The experiment results showed that the stacking classification outperforms the other methods, with an AUC of 98.9%, F-measure, precision and recall of 97.4% and an accuracy of 98%."
92,2022,Non-invasive temporal interference electrical stimulation of the human hippocampus,"I. Violante, Ketevan Alania, A. Cassarà, E. Neufeld, E. Acerbo, R. Carron, et al.",bioRxiv,2022-11-02,267,18,125.64,Clinical NeuroAI and Brain Disorders,brain-structure;decoding;neuroimaging;clinical-neuroai;neuromorphic-bci,Deep brain stimulation (DBS) via implanted electrodes is used worldwide to treat patients with severe neurological and psychiatric disorders.,high citation signal (267); open-access PDF metadata; brain-structure signal; brain-to-model interface signal,"Clinical cohorts vary by disease stage, comorbidity, treatment history, and follow-up.; Models can learn site or demographic artifacts instead of disease mechanisms.; Imaging conclusions can depend on acquisition, preprocessing, and model specification.",10.1038/s41593-023-01456-8,63680be167b4493d4209354413988b1db1ff3905,https://doi.org/10.1038/s41593-023-01456-8,,https://www.nature.com/articles/s41593-023-01456-8.pdf,,JournalArticle,unknown,brain; cortex; hippocampus; neural; historical computation/learning bridge,"Deep brain stimulation (DBS) via implanted electrodes is used worldwide to treat patients with severe neurological and psychiatric disorders. However, its invasiveness precludes widespread clinical use and deployment in research. Temporal interference (TI) is a strategy for non-invasive steerable DBS using multiple kHz-range electric fields with a difference frequency within the range of neural activity. Here we report the validation of the non-invasive DBS concept in humans. We used electric field modeling and measurements in a human cadaver to verify that the locus of the transcranial TI stimulation can be steerably focused in the hippocampus with minimal exposure to the overlying cortex. We then used functional magnetic resonance imaging and behavioral experiments to show that TI stimulation can focally modulate hippocampal activity and enhance the accuracy of episodic memories in healthy humans. Our results demonstrate targeted, non-invasive electrical stimulation of deep structures in the human brain. Electrical deep brain stimulation therapy is limited by the risks of inserting electrodes into the brain. Here the authors report non-invasive deep brain stimulation in the human hippocampus using temporal interference of kHz electric fields."
93,2022,Exosomes derived from bone-marrow mesenchymal stem cells alleviate cognitive decline in AD-like mice by improving BDNF-related neuropathology,"Sen Liu, Min Fan, Jing-Xian Xu, Long-Jun Yang, Cong-cong Qi, Qingqing Xia, et al.",Journal of Neuroinflammation,2022-02-07,264,6,139.04,"Cognitive Architectures, Learning, and Systems Neuroscience",brain-structure;neural-signals;clinical-neuroai,Alzheimer's disease (AD) is a neurodegenerative disease characterized by a progressive decline in cognitive ability.,high citation signal (264); open-access PDF metadata; brain-structure signal,"Task designs can oversimplify cognition and limit ecological validity.; Circuit-behavior correlations need causal perturbation or strong model comparison before mechanistic claims are secure.; Imaging conclusions can depend on acquisition, preprocessing, and model specification.",10.1186/s12974-022-02393-2,853e47bd5aae0e8e834d012b611be5bb81de4a4a,https://doi.org/10.1186/s12974-022-02393-2,,https://jneuroinflammation.biomedcentral.com/track/pdf/10.1186/s12974-022-02393-2,,JournalArticle,unknown,brain; hippocampus; ecog; synapse; neuromorphic; explicit brain-structure/AI bridge,"Alzheimer's disease (AD) is a neurodegenerative disease characterized by a progressive decline in cognitive ability. Exosomes derived from bone-marrow mesenchymal stem cells (BMSC-exos) are extracellular vesicles that can execute the function of bone-marrow mesenchymal stem cells (BMSCs). Given the versatile therapeutic potential of BMSC and BMSC-exos, especially their neuroprotective effect, the aim of this study was to investigate the potential effect of BMSC-exos on AD-like behavioral dysfunction in mice and explore the possible molecular mechanism. BMSC-exos were extracted from the supernatant of cultured mouse BMSCs, which were isolated from the femur and tibia of adult C57BL/6 mice, purified and sorted via flow cytometry, and cultured in vitro. BMSC-exos were identified via transmission electron microscopy, and typical marker proteins of exosomes were also detected via Western blot. A sporadic AD mouse model was established by intracerebroventricular injection of streptozotocin (STZ). Six weeks later, BMSC-exos were administered via lateral ventricle injection or caudal vein injection lasting five consecutive days, and the control mice were intracerebroventricularly administered an equal volume of solvent. Behavioral performance was observed via the open field test (OFT), elevated plus maze test (EPM), novel object recognition test (NOR), Y maze test (Y-maze), and tail suspension test (TST). The mRNA and protein expression levels of IL-1β, IL-6, and TNF-α in the hippocampus were measured via quantitative polymerase chain reaction (qPCR) and Western blot, respectively. Moreover, the protein expression of Aβ1-42, BACE, IL-1β, IL-6, TNF-α, GFAP, p-Tau (Ser396), Tau5, synaptotagmin-1 (Syt-1), synapsin-1, and brain-derived neurotrophic factor (BDNF) in the hippocampus was detected using Western blot, and the expression of GFAP, IBA1, Aβ1−42 and DCX in the hippocampus was measured via immunofluorescence staining. Lateral ventricle administration, but not caudal vein injection of BMSC-exos improved AD-like behaviors in the STZ-injected mouse model, as indicated by the increased number of rearing, increased frequency to the central area, and increased duration and distance traveled in the central area in the OFT, and improved preference index of the novel object in the NOR. Moreover, the hyperactivation of microglia and astrocytes in the hippocampus of the model mice was inhibited after treatment with BMSC-exos via lateral ventricle administration, accompanied by the reduced expression of IL-1β, IL-6, TNF-α, Aβ1-42, and p-Tau and upregulated protein expression of synapse-related proteins and BDNF. Furthermore, the results of the Pearson test showed that the preference index of the novel object in the NOR was positively correlated with the hippocampal expression of BDNF, but negatively correlated with the expression of GFAP, IBA1, and IL-1β. Apart from a positive correlation between the hippocampal expression of BDNF and Syt-1, BDNF abundance was found to be negatively correlated with markers of glial activation and the expression of the inflammatory cytokines, Aβ1-42, and p-Tau, which are characteristic neuropathological features of AD. Lateral ventricle administration, but not caudal vein injection of BMSC-exos, can improve AD-like behavioral performance in STZ-injected mice, the mechanism of which might be involved in the regulation of glial activation and its associated neuroinflammation and BDNF-related neuropathological changes in the hippocampus."
94,2022,Forsythoside A Mitigates Alzheimer's-like Pathology by Inhibiting Ferroptosis-mediated Neuroinflammation via Nrf2/GPX4 Axis Activation,"Chunyue Wang, Shanshan Chen, Han Guo, Hongbo Jiang, Honghan Liu, H. Fu, et al.",International Journal on Biological Sciences,2022-02-28,264,6,143.84,"Cellular, Synaptic, and Neuromorphic Foundations",brain-structure;clinical-neuroai,Ferroptosis and neuroinflammation play crucial roles in Alzheimer's disease (AD) pathophysiology.,high citation signal (264); recognized venue; open-access PDF metadata; brain-structure signal,"Cellular mechanisms rarely scale directly into whole-brain behavior or modern AI architectures.; Animal and ex vivo findings require careful translation to human cognition and deployed systems.; Imaging conclusions can depend on acquisition, preprocessing, and model specification.",10.7150/ijbs.69714,bab137753139e61564eff6590e6524cea84044de,https://doi.org/10.7150/ijbs.69714,,https://www.ijbs.com/v18p2075.pdf,,JournalArticle,unknown,brain; neuromorphic; explicit brain-structure/AI bridge,"Ferroptosis and neuroinflammation play crucial roles in Alzheimer's disease (AD) pathophysiology. Forsythoside A (FA), the main constituent of Forsythia suspensa (Thunb.) Vahl., possesses anti-inflammatory, antibacterial, antioxidant, and neuroprotective properties. The present study aimed to investigate the potential role of FA in AD neuropathology using male APP/PS1 double transgenic AD mice, Aβ1-42-exposed N2a cells, erastin-stimulated HT22 cells, and LPS-induced BV2 cells. FA treatment significantly improved mitochondrial function and inhibited lipid peroxidation in Aβ1-42-exposed N2a cells. In LPS-stimulated BV2 cells, FA treatment decreased the formation of the pro-inflammatory factors IL-6, IL-1β, and NO. In male APP/PS1 mice, FA treatment ameliorated memory and cognitive impairments and suppressed Aβ deposition and p-tau levels in the brain. Analyses using proteomics, immunohistochemistry, ELISA, and western blot revealed that FA treatment significantly augmented dopaminergic signaling, inhibited iron deposition and lipid peroxidation, prevented the activation of IKK/IκB/NF-κB signaling, reduced the secretion of pro-inflammatory factors, and promoted the production of anti-inflammatory factors in the brain. FA treatment exerted anti-ferroptosis and anti-neuroinflammatory effects in erastin-stimulated HT22 cells, and the Nrf2/GPX4 axis played a key role in these effects. Collectively, these results demonstrate the protective effects of FA and highlight its therapeutic potential as a drug component for AD treatment."
95,2022,Dual ontogeny of disease-associated microglia and disease inflammatory macrophages in aging and neurodegeneration.,"A. Silvin, S. Uderhardt, Cécile Piot, Sandro Da Mesquita, K. Yang, Laufey Geirsdóttir, et al.",Immunity,2022-08-01,263,17,136.77,Computational Neuroscience and Brain-Inspired AI,brain-structure;clinical-neuroai,"Brain macrophage populations include parenchymal microglia, border-associated macrophages, and recruited monocyte-derived cells; together, they control brain development and homeostasis but are also implicated in aging pathogenesis and neurodegeneration.",high citation signal (263); brain-structure signal,"Model fit does not by itself prove biological mechanism.; Brain-inspired analogies can become too loose unless tied to measurable neural evidence.; Imaging conclusions can depend on acquisition, preprocessing, and model specification.",10.1016/j.immuni.2022.07.004,af5490b78936aff07a089567e1d9bda8d73d831d,https://doi.org/10.1016/j.immuni.2022.07.004,,,,JournalArticle,unknown,brain; computational neuroscience; brain-inspired; explicit brain-structure/AI bridge,"Brain macrophage populations include parenchymal microglia, border-associated macrophages, and recruited monocyte-derived cells; together, they control brain development and homeostasis but are also implicated in aging pathogenesis and neurodegeneration. The phenotypes, localization, and functions of each population in different contexts have yet to be resolved. We generated a murine brain myeloid scRNA-seq integration to systematically delineate brain macrophage populations. We show that the previously identified disease-associated microglia (DAM) population detected in murine Alzheimer's disease models actually comprises two ontogenetically and functionally distinct cell lineages: embryonically derived triggering receptor expressed on myeloid cells 2 (TREM2)-dependent DAM expressing a neuroprotective signature and monocyte-derived TREM2-expressing disease inflammatory macrophages (DIMs) accumulating in the brain during aging. These two distinct populations appear to also be conserved in the human brain. Herein, we generate an ontogeny-resolved model of brain myeloid cell heterogeneity in development, homeostasis, and disease and identify cellular targets for the treatment of neurodegeneration."
96,2022,Microbiota in neuroinflammation and synaptic dysfunction: a focus on Alzheimer's disease,"Diane Bairamian, S. Sha, N. Rolhion, H. Sokol, G. Dorothée, C. Lemere, et al.",Molecular Neurodegeneration,2022-03-05,263,4,136.97,"Cellular, Synaptic, and Neuromorphic Foundations",brain-structure;neural-signals;clinical-neuroai,"Background The implication of gut microbiota in the control of brain functions in health and disease is a novel, currently emerging concept.",high citation signal (263); open-access PDF metadata; brain-structure signal,"Cellular mechanisms rarely scale directly into whole-brain behavior or modern AI architectures.; Animal and ex vivo findings require careful translation to human cognition and deployed systems.; Imaging conclusions can depend on acquisition, preprocessing, and model specification.",10.1186/s13024-022-00522-2,be3a4c51ab47198fdeeeeef5137fc569da2fa1db,https://doi.org/10.1186/s13024-022-00522-2,,https://molecularneurodegeneration.biomedcentral.com/track/pdf/10.1186/s13024-022-00522-2,,Review; JournalArticle,unknown,brain; ecog; neuron; neuromorphic; explicit brain-structure/AI bridge,"Background The implication of gut microbiota in the control of brain functions in health and disease is a novel, currently emerging concept. Accumulating data suggest that the gut microbiota exert its action at least in part by modulating neuroinflammation. Given the link between neuroinflammatory changes and neuronal activity, it is plausible that gut microbiota may affect neuronal functions indirectly by impacting microglia, a key player in neuroinflammation. Indeed, increasing evidence suggests that interplay between microglia and synaptic dysfunction may involve microbiota, among other factors. In addition to these indirect microglia-dependent actions of microbiota on neuronal activity, it has been recently recognized that microbiota could also affect neuronal activity directly by stimulation of the vagus nerve. Main messages The putative mechanisms of the indirect and direct impact of microbiota on neuronal activity are discussed by focusing on Alzheimer's disease, one of the most studied neurodegenerative disorders and the prime cause of dementia worldwide. More specifically, the mechanisms of microbiota-mediated microglial alterations are discussed in the context of the peripheral and central inflammation cross-talk. Next, we highlight the role of microbiota in the regulation of humoral mediators of peripheral immunity and their impact on vagus nerve stimulation. Finally, we address whether and how microbiota perturbations could affect synaptic neurotransmission and downstream cognitive dysfunction. Conclusions There is strong increasing evidence supporting a role for the gut microbiome in the pathogenesis of Alzheimer's disease, including effects on synaptic dysfunction and neuroinflammation, which contribute to cognitive decline. Putative early intervention strategies based on microbiota modulation appear therapeutically promising for Alzheimer's disease but still require further investigation."
97,2022,Multi-Modal Brain Tumor Detection Using Deep Neural Network and Multiclass SVM,"Sarmad Maqsood, R. Damaševičius, R. Maskeliūnas",Medicina,2022-08-01,261,16,150.43,Clinical NeuroAI and Brain Disorders,brain-structure;connectome;machine-learning;deep-learning;neuroimaging;clinical-neuroai,Background and Objectives: Clinical diagnosis has become very significant in today's health system.,high citation signal (261); open-access PDF metadata; explicit AI/modeling signal; brain-structure signal,"Clinical cohorts vary by disease stage, comorbidity, treatment history, and follow-up.; Models can learn site or demographic artifacts instead of disease mechanisms.; Model performance should be checked for leakage, confounding, calibration, and external validity.",10.3390/medicina58081090,df04b5d025f3b026ef7eb3cfd438ae35f514990e,https://doi.org/10.3390/medicina58081090,,https://www.mdpi.com/1648-9144/58/8/1090/pdf?version=1661303954,,JournalArticle,unknown,brain; neural; artificial intelligence; neural network; support vector; classification; brain/neural structure in title; explicit brain-structure/AI bridge,"Background and Objectives: Clinical diagnosis has become very significant in today's health system. The most serious disease and the leading cause of mortality globally is brain cancer which is a key research topic in the field of medical imaging. The examination and prognosis of brain tumors can be improved by an early and precise diagnosis based on magnetic resonance imaging. For computer-aided diagnosis methods to assist radiologists in the proper detection of brain tumors, medical imagery must be detected, segmented, and classified. Manual brain tumor detection is a monotonous and error-prone procedure for radiologists; hence, it is very important to implement an automated method. As a result, the precise brain tumor detection and classification method is presented. Materials and Methods: The proposed method has five steps. In the first step, a linear contrast stretching is used to determine the edges in the source image. In the second step, a custom 17-layered deep neural network architecture is developed for the segmentation of brain tumors. In the third step, a modified MobileNetV2 architecture is used for feature extraction and is trained using transfer learning. In the fourth step, an entropy-based controlled method was used along with a multiclass support vector machine (M-SVM) for the best features selection. In the final step, M-SVM is used for brain tumor classification, which identifies the meningioma, glioma and pituitary images. Results: The proposed method was demonstrated on BraTS 2018 and Figshare datasets. Experimental study shows that the proposed brain tumor detection and classification method outperforms other methods both visually and quantitatively, obtaining an accuracy of 97.47% and 98.92%, respectively. Finally, we adopt the eXplainable Artificial Intelligence (XAI) method to explain the result. Conclusions: Our proposed approach for brain tumor detection and classification has outperformed prior methods. These findings demonstrate that the proposed approach obtained higher performance in terms of both visually and enhanced quantitative evaluation with improved accuracy."
98,2022,"Digital Twin of Wireless Systems: Overview, Taxonomy, Challenges, and Opportunities","L. U. Khan, Zhu Han, W. Saad, E. Hossain, M. Guizani, C. Hong",IEEE Communications Surveys and Tutorials,2022-02-05,261,11,142.03,General Brain-AI Structure Reviews and Methods,brain-structure;machine-learning;decoding;neuromorphic-bci,"Future wireless services will focus on improving the quality of life by enabling various applications, such as extended reality, brain-computer interaction, and healthcare.",high citation signal (261); open-access PDF metadata; explicit AI/modeling signal; brain-structure signal,"Reviews and methods can dominate citations while obscuring smaller empirical advances.; Bridge terminology can be ambiguous, especially around neural networks, intelligence, and biological plausibility.; Model performance should be checked for leakage, confounding, calibration, and external validity.",10.1109/COMST.2022.3198273,b9f54e3b6ae1414991b9770f393c0065f471c749,https://doi.org/10.1109/COMST.2022.3198273,,https://arxiv.org/pdf/2202.02559,,JournalArticle; Review,unknown,brain; machine learning; brain-computer; explicit brain-structure/AI bridge,"Future wireless services will focus on improving the quality of life by enabling various applications, such as extended reality, brain-computer interaction, and healthcare. These applications will have diverse performance requirements (e.g., user-defined quality of experience metrics, latency, and reliability) which will be challenging to be fulfilled by existing wireless systems. To meet the diverse requirements of the emerging applications, the concept of digital twins has been recently proposed. A digital twin uses a virtual representation along with security-related technologies (e.g., blockchain), communication technologies (e.g., 6G), computing technologies (e.g., edge computing), and machine learning, so as to enable the smart applications. In this tutorial, we present a comprehensive overview on digital twins for wireless systems. First, we present the fundamental concepts (i.e., design aspects, high-level architecture, and frameworks) of digital twins for wireless systems. Second, a comprehensive taxonomy is devised for two aspects, namely, twins for wireless and wireless for twins. For the twins for wireless aspect, we consider issues related to design of twin objects, physical devices, and interface, as well as prototyping, deployment trends, incentive mechanism, isolation of twins, and decoupling. For the wireless for twins aspect, we consider issues related to accessing twin objects, security and privacy, and air interface design are considered. Finally, open research challenges and opportunities are discussed."
99,2022,AGA Clinical Practice Update on the Personalized Approach to the Evaluation and Management of GERD: Expert Review,"Rena H. Yadlapati, C. Gyawali, J. Pandolfino",Clinical Gastroenterology and Hepatology,2022-02-01,259,9,148.69,"Cognitive Architectures, Learning, and Systems Neuroscience",brain-structure;machine-learning;clinical-neuroai,BACKGROUND & AIMS: As many as one-half of all patients with suspected gastroesophageal reflux disease (GERD) do not derive benefit from acid suppression.,high citation signal (259); open-access PDF metadata; synthesis or review value; explicit AI/modeling signal,"Task designs can oversimplify cognition and limit ecological validity.; Circuit-behavior correlations need causal perturbation or strong model comparison before mechanistic claims are secure.; Model performance should be checked for leakage, confounding, calibration, and external validity.",10.1016/j.cgh.2022.01.025,521fde263cc36387ee1427165f2dfed2a76a2c6d,https://doi.org/10.1016/j.cgh.2022.01.025,,https://www.ncbi.nlm.nih.gov/pmc/articles/PMC9838103,,Review,unknown,brain; classification; cognitive architecture; explicit brain-structure/AI bridge,"BACKGROUND & AIMS: As many as one-half of all patients with suspected gastroesophageal reflux disease (GERD) do not derive benefit from acid suppression. This review outlines a personalized diagnostic and therapeutic approach to GERD symptoms. METHODS: The Best Practice Advice statements presented here were developed from expert review of existing literature combined with extensive discussion and expert opinion to provide practical advice. Formal rating of the quality of evidence or strength of recommendations was not the intent of this clinical practice update. BEST PRACTICE ADVICE 1: Clinicians should develop a care plan for investigation of symptoms suggestive of GERD, selection of therapy (with explanation of potential risks and benefits), and long-term management, including possible de-escalation, in a shared-decision making model with the patient. BEST PRACTICE ADVICE 2: Clinicians should provide standardized educational material on GERD mechanisms, weight management, lifestyle and dietary behaviors, relaxation strategies, and awareness about the brain-gut axis relationship to patients with reflux symptoms. BEST PRACTICE ADVICE 3: Clinicians should emphasize safety of proton pump inhibitors (PPIs) for the treatment of GERD. BEST PRACTICE ADVICE 4: Clinicians should provide patients presenting with troublesome heartburn, regurgitation, and/ or non-cardiac chest pain without alarm symptoms a 4- to 8-week trial of single-dose PPI therapy. With inadequate response, dosing can be increased to twice a day or switched to a more effective acid suppressive agent once a day. When there is adequate response, PPI should be tapered to the lowest effective dose. BEST PRACTICE ADVICE 5: If PPI therapy is continued in a patient with unproven GERD, clinicians should evaluate the appropriateness and dosing within 12 months after initiation, and offer endoscopy with prolonged wireless reflux monitoring off PPI therapy to establish appropriateness of long-term PPI therapy. BEST PRACTICE ADVICE 6: If troublesome heartburn, regurgitation, and/or non-cardiac chest pain do not respond adequately to a PPI trial or when alarm symptoms exist, clinicians should investigate with endoscopy and, in the absence of erosive reflux disease (Los Angeles B or greater) or long-segment (≥3 cm) Barrett's esophagus, perform prolonged wireless pH monitoring off medication (96-hour preferred if available) to confirm and phenotype GERD or to rule out GERD. BEST PRACTICE ADVICE 7: Complete endoscopic evaluation of GERD symptoms includes inspection for erosive esophagitis (graded according to the Los Angeles classification when present), diaphragmatic hiatus (Hill grade of flap valve), axial hiatus hernia length, and inspection for Barrett's esophagus (graded according to the Prague classification and biopsied when present). BEST PRACTICE ADVICE 8: Clinicians should perform upfront objective reflux testing off medication (rather than an empiric PPI trial) in patients with isolated extra-esophageal symptoms and suspicion for reflux etiology. BEST PRACTICE ADVICE 9: In symptomatic patients with proven GERD, clinicians should consider ambulatory 24-hour pHimpedance monitoring on PPI as an option to determine the mechanism of persisting esophageal symptoms despite therapy (if adequate expertise exists for interpretation). BEST PRACTICE ADVICE 10: Clinicians should personalize adjunctive pharmacotherapy to the GERD phenotype, in contrast to empiric use of these agents. Adjunctive agents include alginate antacids for breakthrough symptoms, nighttime H2 receptor antagonists for nocturnal symptoms, baclofen for regurgitation or belch predominant symptoms, and prokinetics for coexistent gastroparesis. BEST PRACTICE ADVICE 11: Clinicians should provide pharmacologic neuromodulation, and/or referral to a behavioral therapist for hypnotherapy, cognitive behavioral therapy, diaphragmatic breathing, and relaxation strategies in patients with functional heartburn or reflux disease associated with esophageal hypervigilance reflux hypersensitivity and/or behavioral disorders. BEST PRACTICE ADVICE 12: In patients with proven GERD, laparoscopic fundoplication and magnetic sphincter augmentation are effective surgical options, and transoral incisionless fundoplication is an effective endoscopic option in carefully selected patients. BEST PRACTICE ADVICE 13: In patients with proven GERD, Roux-en-Y gastric bypass is an effective primary anti-reflux intervention in obese patients, and a salvage option in non-obese patients, whereas sleeve gastrectomy has potential to worsen GERD. BEST PRACTICE ADVICE 14: Candidacy for invasive anti-reflux procedures includes confirmatory evidence of pathologic GERD, exclusion of achalasia, and assessment of esophageal peristaltic function."
100,2022,Brain lipidomics: From functional landscape to clinical significance,"J. Yoon, Youngsuk Seo, Yeon Suk Jo, Seulah Lee, Eunji Cho, A. Cazenave-Gassiot, et al.",Science Advances,2022-09-01,259,6,149.49,Clinical NeuroAI and Brain Disorders,brain-structure;clinical-neuroai,"Lipids are crucial components of cellular function owing to their role in membrane formation, intercellular signaling, energy storage, and homeostasis maintenance.",high citation signal (259); recognized venue; open-access PDF metadata; brain-structure signal,"Clinical cohorts vary by disease stage, comorbidity, treatment history, and follow-up.; Models can learn site or demographic artifacts instead of disease mechanisms.; Imaging conclusions can depend on acquisition, preprocessing, and model specification.",10.1126/sciadv.adc9317,9871d7a732ebf67d85010978ab26cc01b6ed7c68,https://doi.org/10.1126/sciadv.adc9317,,https://www.science.org/doi/pdf/10.1126/sciadv.adc9317?download=true,,Review; JournalArticle,unknown,brain; artificial intelligence; brain/neural structure in title; explicit brain-structure/AI bridge,"Lipids are crucial components of cellular function owing to their role in membrane formation, intercellular signaling, energy storage, and homeostasis maintenance. In the brain, lipid dysregulations have been associated with the etiology and progression of neurodegeneration and other neurological pathologies. Hence, brain lipids are emerging as important potential targets for the early diagnosis and prognosis of neurological diseases. This review aims to highlight the significance and usefulness of lipidomics in diagnosing and treating brain diseases. We explored lipid alterations associated with brain diseases, paying attention to organ-specific characteristics and the functions of brain lipids. As the recent advances in brain lipidomics would have been impossible without advances in analytical techniques, we provide up-to-date information on mass spectrometric approaches and integrative analysis with other omic approaches. Last, we present the potential applications of lipidomics combined with artificial intelligence techniques and interdisciplinary collaborative research for treating brain diseases with clinical heterogeneities."
