rank,year,title,authors,venue,publicationDate,citationCount,influentialCitationCount,importanceScore,category,keywordTags,keyIdea,strengths,limitations,doi,sourceId,url,semanticScholarUrl,openAccessPdf,githubUrl,workType,language,relevanceReason,abstract
1,1972,Magnetoencephalography: Detection of the Brain's Electrical Activity with a Superconducting Magnetometer,D. Cohen,Science,1972-02-11,784,24,147.58,"Connectomics, Graph Models, and Brain Networks",brain-structure;connectome;neural-signals,"Positions Magnetoencephalography: Detection of the Brain's Electrical Activity with a Superconducting Magnetometer within EEG, MEG, and Electrophysiology.",high citation signal (784); recognized venue; brain-structure signal,"Graph results can depend strongly on parcellation, thresholding, acquisition, and preprocessing choices.; Correlation networks are often interpreted more causally than the evidence supports.; Imaging conclusions can depend on acquisition, preprocessing, and model specification.",10.1126/science.175.4022.664,8a530c2588a3468d9707a5640e941ceb1af793da,https://doi.org/10.1126/science.175.4022.664,,,,JournalArticle,unknown,brain; eeg; meg; brain/neural structure in title,
2,1972,A simple neural network generating an interactive memory,J.A. Anderson,Unknown venue,1972-08-01,639,24,150.71,"Connectomics, Graph Models, and Brain Networks",connectome;deep-learning,Positions A simple neural network generating an interactive memory within Cognitive and Systems Neuroscience.,high citation signal (639); explicit AI/modeling signal; brain-structure signal,"Graph results can depend strongly on parcellation, thresholding, acquisition, and preprocessing choices.; Correlation networks are often interpreted more causally than the evidence supports.; Model performance should be checked for leakage, confounding, calibration, and external validity.",10.1016/0025-5564(72)90075-2,97671dde585824f5aa1192067e98e1a5db42c10f,https://doi.org/10.1016/0025-5564(72)90075-2,,,,paper,unknown,neural; neural network; brain/neural structure in title; explicit brain-structure/AI bridge,
3,1972,Learning centers of rat brain mapped by measuring latencies of conditioned unit responses.,"James L Olds, J. Disterhoft, M. Segal, C. Kornblith, R. Hirsh",Journal of Neurophysiology,1972-03-01,424,3,126.14,"Cognitive Architectures, Learning, and Systems Neuroscience",brain-structure,Positions Learning centers of rat brain mapped by measuring latencies of conditioned unit responses. within Cognitive and Systems Neuroscience.,high citation signal (424); brain-structure signal,"Task designs can oversimplify cognition and limit ecological validity.; Circuit-behavior correlations need causal perturbation or strong model comparison before mechanistic claims are secure.; Imaging conclusions can depend on acquisition, preprocessing, and model specification.",10.1152/JN.1972.35.2.202,b49e535fec1e566147bbfa77f885567fd136682f,https://doi.org/10.1152/JN.1972.35.2.202,,,,JournalArticle,unknown,brain; brain/neural structure in title; historical computation/learning bridge,
4,1972,Cortical Afferents to the Entorhinal Cortex of the Rhesus Monkey,"G. V. Van Hoesen, D. Pandya, N. Butters",Science,1972-03-31,380,9,132.17,General Brain-AI Structure Reviews and Methods,brain-structure,Positions Cortical Afferents to the Entorhinal Cortex of the Rhesus Monkey within General Brain Science and Reviews.,high citation signal (380); recognized venue; brain-structure signal,"Reviews and methods can dominate citations while obscuring smaller empirical advances.; Bridge terminology can be ambiguous, especially around neural networks, intelligence, and biological plausibility.; Imaging conclusions can depend on acquisition, preprocessing, and model specification.",10.1126/science.175.4029.1471,c42b0e4b24a357e9e8242593ba7ca03aa69e4027,https://doi.org/10.1126/science.175.4029.1471,,,,JournalArticle,unknown,brain; cortex; cortical; brain/neural structure in title,
5,1972,"A comparison of the capacities of isomers of amphetamine, deoxypipradrol and methylphenidate to inhibit the uptake of tritiated catecholamines into rat cerebral cortex slices, synaptosomal preparations of rat cerebral cortex, hypothalamus and striatum and into adrenergic nerves of rabbit aorta.","R. Ferris, F. Tang, R. Maxwell",Journal of Pharmacology and Experimental Therapeutics,1972-06-01,308,2,120.4,General Brain-AI Structure Reviews and Methods,brain-structure,"The uptake of tritiated catecholamines into crude synaptosomal preparations of rat cere bral cortex, hypothalamus and striatum, into rat cerebral cortex slices and into adrenergic nerves of rabbit aorta is inhibited equally by the isomers of amphetamine.",high citation signal (308); brain-structure signal,"Reviews and methods can dominate citations while obscuring smaller empirical advances.; Bridge terminology can be ambiguous, especially around neural networks, intelligence, and biological plausibility.; Imaging conclusions can depend on acquisition, preprocessing, and model specification.",10.1016/s0022-3565(25)29222-9,c707941330b85c95b7ee8969944689ae12724e69,https://doi.org/10.1016/s0022-3565(25)29222-9,,,,JournalArticle,unknown,brain; cerebral; cortex; thalamus; hypothalamus; brain/neural structure in title,"The uptake of tritiated catecholamines into crude synaptosomal preparations of rat cere bral cortex, hypothalamus and striatum, into rat cerebral cortex slices and into adrenergic nerves of rabbit aorta is inhibited equally by the isomers of amphetamine. In distinction, the uptake of catecholamines into these same preparations is uniformly more sensitive to inhibition by the R-(-) isomer of deoxypipradrol and the 2R:2'R-(+) isomer of methylphenidate than to the S-(+) and 2R: 2'S-(+) Isomers of these compounds, respectively. The data indicate that the receptor sites for all the ``phenethylamine pumps'' studied are similar in not distinguishing between the stereochemical display of a small hydrophobic group at the α carbon (the methyl group of amphetamine) and in readily distinguishing between the stereochemical display of a larger hydrophobic group at this carbon, as exemplified by the piperidine ring in deoxypipradrol and methylphenidate. In addition, since the R-(-) isomer of deoxypipradrol is a very potent inhibitor of catecholamine uptake into the striatum, the diphenyl arrangement in this molecule must be readily accepted by the striatal receptor. This high potency of deoxypipradrol contrasts with the low inhibitory potency of tricyclic antidepressants in the striatum. Since the tricyclic molecules are bridged diphenyl compounds, the configuration of the two phenyl groups with respect to each other is relatively fixed whereas in deoxypipradrol the phenyl groups are relatively mobile. The suggestion is made that the receptor in the striatum, in common with the receptors in the other pumps studied, is capable of receiving two phenyl rings but that the position of the two receptive areas for these rings, with respect to each other, is different in the stniatum than it is in those Pumps in which the tricyclic antidepressants are potent inhibitors of catecholamine uptake."
6,1972,Structural abnormalities of the cerebral cortex in human chromosomal aberrations: a Golgi study.,M. Marín-padilla,Brain Research,1972-09-29,284,4,126.94,General Brain-AI Structure Reviews and Methods,brain-structure,Positions Structural abnormalities of the cerebral cortex in human chromosomal aberrations: a Golgi study. within General Brain Science and Reviews.,high citation signal (284); recognized venue; brain-structure signal,"Reviews and methods can dominate citations while obscuring smaller empirical advances.; Bridge terminology can be ambiguous, especially around neural networks, intelligence, and biological plausibility.; Imaging conclusions can depend on acquisition, preprocessing, and model specification.",10.1016/0006-8993(72)90324-1,f5a156a635e61962a28328a2420069c25c90e0c4,https://doi.org/10.1016/0006-8993(72)90324-1,,,,JournalArticle,unknown,brain; cerebral; cortex; brain/neural structure in title,
7,1972,"Cyclic nucleotide-dependent protein kinases. X. An assay method for the measurement of quanosine 3',5'-monophosphate in various biological materials and a study of agents regulating its levels in heart and brain.","J. Kuo, Tee-Ping Lee, Procerfina L. Reyes, K. Walton, T. Donnelly, P. Greengard",Journal of Biological Chemistry,1972-01-10,245,2,117.3,General Brain-AI Structure Reviews and Methods,brain-structure,"Abstract An assay method has been developed for the measurement of tissue levels of guanosine 3',5'-monophosphate (cyclic GMP) based upon the ability of the cyclic nucleotide to activate cyclic GMP-dependent protein kinase prepared from either lobster tail muscle or silkmoth pupal fat body.",high citation signal (245); open-access PDF metadata; brain-structure signal,"Reviews and methods can dominate citations while obscuring smaller empirical advances.; Bridge terminology can be ambiguous, especially around neural networks, intelligence, and biological plausibility.; Imaging conclusions can depend on acquisition, preprocessing, and model specification.",10.1016/S0021-9258(19)45752-9,a338e06d0fef73d0eaaddcdfc89c8e43b83a08c0,https://doi.org/10.1016/S0021-9258(19)45752-9,,https://doi.org/10.1016/s0021-9258(19)45752-9,,JournalArticle,unknown,brain; cerebral; cortex; cerebellum; brain/neural structure in title,"Abstract An assay method has been developed for the measurement of tissue levels of guanosine 3',5'-monophosphate (cyclic GMP) based upon the ability of the cyclic nucleotide to activate cyclic GMP-dependent protein kinase prepared from either lobster tail muscle or silkmoth pupal fat body. The method has been used to measure cyclic GMP levels in various biological tissues and human urine, and in slices of heart and brain incubated under various conditions. The results obtained with this new method agree well with published values of tissue levels of cyclic GMP. The limit of the sensitivity of the assay method is about 0.5 pmole of cyclic GMP in an incubation volume of 0.2 ml (2.5 x 10-9m). Acetylcholine caused a rapid (within 0.5 min) increase of 5- to 10-fold in the cyclic GMP level in rat ventricular slices. The cyclic GMP level returned to the basal value within 5 min. Acetylcholine also effectively lowered the increase in myocardial adenosine 3',5'-monophosphate (cyclic AMP) caused by isoproterenol or glucagon. Isoproterenol or glucagon, in reverse fashion, effectively lowered the increase in myocardial cyclic GMP level caused by acetylcholine. The basal level of myocardial cyclic AMP was not significantly influenced by acetylcholine, nor the basal cyclic GMP level by isoproterenol or glucagon alone. Acetylcholine increased cyclic GMP levels and decreased cyclic AMP levels in rabbit cerebellar slices. In cerebral cortex slices, acetylcholine increased cyclic GMP levels without affecting cyclic AMP levels. Norepinephrine, on the other hand, lowered the cyclic GMP levels while greatly increasing the cyclic AMP levels of cerebellum. Histamine was without effect on cyclic GMP levels in cerebellum but increased cyclic AMP levels. In cerebral cortex, histamine caused a slight increase in cyclic GMP levels accompanied by a great elevation in cyclic AMP levels. These data support the concept that the levels of cyclic GMP and cyclic AMP are under separate regulatory control."
8,1972,PLEASURE AND BRAIN ACTIVITY IN MAN: Deep and Surface Electroencephalograms During Orgasm,R. Heath,Journal of Nervous and Mental Disease,1972-01-01,240,10,113.13,General Brain-AI Structure Reviews and Methods,brain-structure;neural-signals,"Positions PLEASURE AND BRAIN ACTIVITY IN MAN: Deep and Surface Electroencephalograms During Orgasm within EEG, MEG, and Electrophysiology.",high citation signal (240); brain-structure signal,"Reviews and methods can dominate citations while obscuring smaller empirical advances.; Bridge terminology can be ambiguous, especially around neural networks, intelligence, and biological plausibility.; Imaging conclusions can depend on acquisition, preprocessing, and model specification.",10.1097/00005053-197201000-00002,a579c4fe6e3d3b819f04ae9db33ddcde8f234f6d,https://doi.org/10.1097/00005053-197201000-00002,,,,JournalArticle,unknown,brain; eeg; meg; brain/neural structure in title,
9,1972,Effects of environmental enrichment and impoverishment on rat cerebral cortex.,"M. Diamond, M. Rosenzweig, Edward L. Bennett, Bernice Lindner, L. Lyon",Journal of Neurobiology,1972,208,2,109.36,General Brain-AI Structure Reviews and Methods,brain-structure,Positions Effects of environmental enrichment and impoverishment on rat cerebral cortex. within General Brain Science and Reviews.,high citation signal (208); brain-structure signal,"Reviews and methods can dominate citations while obscuring smaller empirical advances.; Bridge terminology can be ambiguous, especially around neural networks, intelligence, and biological plausibility.; Imaging conclusions can depend on acquisition, preprocessing, and model specification.",10.1002/NEU.480030105,725a20fc3befca395fababae8dc06f977e9c5299,https://doi.org/10.1002/NEU.480030105,,,,JournalArticle,unknown,brain; cerebral; cortex; brain/neural structure in title,
10,1972,"Uptake, metabolism and efflux of 14 C-5-hydroxytryptamine in isolated perfused rat lungs.",A. Junod,Journal of Pharmacology and Experimental Therapeutics,1972-11-01,193,3,110.02,Computational Neuroscience and Brain-Inspired AI,brain-structure,"The uptake, metabolism and efflux of 14C-5-hydroxytryptamine (5-HT) were studied in isolated rat lungs, artificially ventilated and perfused via the pulmonary artery with Krebs' medium containing 5 mM glucose and 4.5% bovine serum albumin.",high citation signal (193); brain-structure signal,"Model fit does not by itself prove biological mechanism.; Brain-inspired analogies can become too loose unless tied to measurable neural evidence.; Imaging conclusions can depend on acquisition, preprocessing, and model specification.",10.1016/s0022-3565(25)29346-6,6f2f336d010b5d4e7c2c1a0b9e7990035a5ed6ff,https://doi.org/10.1016/s0022-3565(25)29346-6,,,,JournalArticle,unknown,brain; eeg; meg; historical computation/learning bridge,"The uptake, metabolism and efflux of 14C-5-hydroxytryptamine (5-HT) were studied in isolated rat lungs, artificially ventilated and perfused via the pulmonary artery with Krebs' medium containing 5 mM glucose and 4.5% bovine serum albumin. Infusion of 0.11 to 17 µM 14C-5-HT resulted in concentration of radioactivity in the lungs. The uptake was a saturable process with the same Km and Vmax whether the main product found in the lungs was 5-hydroxyindoleacetic acid (control conditions) or 5-HT (treatment with iproniazid, an inhibitor of monoamine oxidase). This finding indicates that the rate-limiting step in the uptake of 14C-5-HT was its intracellular transport, not its subsequent metabolism. Once taken up, 14C-5-HT was located in the soluble fraction of lung homogenate. Cocaine, imipramine, chlorpromazine and cold markedly inhibited the pulmonary uptake of 14C-5-HT; anoxia, norepinephrine and tryptamine had only a partial inhibitor effect. Pretreatment with reserpine or perfusion with glucose-free medium had no effect on the uptake. Changes in the ionic composition of the medium were also studied: the absence of Na+ resulted in nearly complete inhibition of concentration of 14C-5-HT in the lungs, and lowered Na+, as well as increased K+, caused a decrease in the affinity of the transport system for 14C-5-HT. Ouabain at 10-3 M had only a partial inhibitory effect. The efflux of 14C-5-HT from the lungs was accelerated by cocaine, imipramine or chlorpromazine, by the absence of extracellular Na+ and by low extracellular Na+. These results indicate that the mechanisms of uptake of 5-HT by perfused lungs, platelets and brain are similar and compatible with the model of Na+-dependent transport; however, the lungs, unlike the other cellular systems, do not store 5-HT, but metabolize it rapidly."
11,1972,The metaphorical brain 2 - neural networks and beyond (2. ed.),M. Arbib,Unknown venue,1972,168,7,129.94,"Connectomics, Graph Models, and Brain Networks",brain-structure;connectome;deep-learning,"Positions The metaphorical brain 2 - neural networks and beyond (2. ed.) within Brain Development, Plasticity, and Connectomics.",high citation signal (168); explicit AI/modeling signal; brain-structure signal,"Graph results can depend strongly on parcellation, thresholding, acquisition, and preprocessing choices.; Correlation networks are often interpreted more causally than the evidence supports.; Model performance should be checked for leakage, confounding, calibration, and external validity.",,08b176e59c6ec3fbdb975542d3913ccf88780170,https://www.semanticscholar.org/paper/08b176e59c6ec3fbdb975542d3913ccf88780170,,,,paper,unknown,brain; neural; neural network; brain/neural structure in title; explicit brain-structure/AI bridge,
12,1972,7 - Representation in the Cerebral Cortex and Its Areal Lamination Patterns,F. Sanides,Unknown venue,1972,168,3,106.74,"Brain Decoding, Representation Learning, and BCI",brain-structure;decoding,Positions 7 - Representation in the Cerebral Cortex and Its Areal Lamination Patterns within General Brain Science and Reviews.,high citation signal (168); brain-structure signal; brain-to-model interface signal,"Small cohorts, session drift, invasive risk, and nonstationary signals limit generalization.; Offline decoding accuracy may not reflect real-time user burden or long-term deployment reliability.; Imaging conclusions can depend on acquisition, preprocessing, and model specification.",10.1016/B978-0-12-119285-3.50013-1,a8bd08ad84f6b860d85392cbcdf7ac2fbccc573d,https://doi.org/10.1016/B978-0-12-119285-3.50013-1,,,,paper,unknown,brain; cerebral; cortex; brain/neural structure in title,
13,1972,The metaphorical brain : an introduction to cybernetics as artificial intelligence and brain theory,"M. Arbib, A. Lecci",Unknown venue,1972,150,1,131.51,Computational Neuroscience and Brain-Inspired AI,brain-structure,Positions The metaphorical brain : an introduction to cybernetics as artificial intelligence and brain theory within Computational Neuroscience and AI.,high citation signal (150); brain-structure signal,"Model fit does not by itself prove biological mechanism.; Brain-inspired analogies can become too loose unless tied to measurable neural evidence.; Imaging conclusions can depend on acquisition, preprocessing, and model specification.",,93f62439427a60f18ccc769111d2364356e44b52,https://www.semanticscholar.org/paper/93f62439427a60f18ccc769111d2364356e44b52,,,,paper,unknown,brain; artificial intelligence; computational neuroscience; brain/neural structure in title; explicit brain-structure/AI bridge,
14,1972,An analysis of lesion development in the brain and in plastics by high-intensity focused ultrasound at low-megahertz frequencies.,"T. Robinson, P. P. Lele",Journal of the Acoustical Society of America,1972-04-01,143,2,103.86,"Electrophysiology, Neural Signals, and AI Decoding",brain-structure;neural-signals,"Positions An analysis of lesion development in the brain and in plastics by high-intensity focused ultrasound at low-megahertz frequencies. within EEG, MEG, and Electrophysiology.",high citation signal (143); brain-structure signal,"Signal artifacts, montage choices, source localization, and session drift can dominate apparent model performance.; Temporal precision does not automatically imply anatomical specificity.; Imaging conclusions can depend on acquisition, preprocessing, and model specification.",10.1121/1.1912979,3014bc69ca352acb2650474a4dbbe024d51a5249,https://doi.org/10.1121/1.1912979,,,,JournalArticle,unknown,brain; eeg; meg; brain/neural structure in title,
15,1972,Cholinergic mechanisms in the rat somatosensory cerebral cortex,T. Stone,Journal of Physiology,1972-09-01,127,2,103.54,General Brain-AI Structure Reviews and Methods,brain-structure,Positions Cholinergic mechanisms in the rat somatosensory cerebral cortex within General Brain Science and Reviews.,high citation signal (127); open-access PDF metadata; brain-structure signal,"Reviews and methods can dominate citations while obscuring smaller empirical advances.; Bridge terminology can be ambiguous, especially around neural networks, intelligence, and biological plausibility.; Imaging conclusions can depend on acquisition, preprocessing, and model specification.",10.1113/jphysiol.1972.sp009951,b1a337fb5a3c0c1ca178f4de8be0b82cc4790aa3,https://doi.org/10.1113/jphysiol.1972.sp009951,,https://www.ncbi.nlm.nih.gov/pmc/articles/PMC1331117,,JournalArticle,unknown,brain; cerebral; cortex; brain/neural structure in title,
16,1972,Morphine-induced increases in the incorporation of 14 C-Tyrosine into 14 C-Dopamine and 14 C-norepinephrine in the mouse brain: antagonism by naloxone and tolerance.,"C. Smith, M. Sheldon, J. H. Bednarczyk, J. Villarreal",Journal of Pharmacology and Experimental Therapeutics,1972-03-01,123,0,103.97,General Brain-AI Structure Reviews and Methods,brain-structure,The effects of morphine and levorphanol upon the incorporation of 14 C-tyrosine into 14 C-catecholamines in various tissues of the mouse were determined.,high citation signal (123); brain-structure signal,"Reviews and methods can dominate citations while obscuring smaller empirical advances.; Bridge terminology can be ambiguous, especially around neural networks, intelligence, and biological plausibility.; Imaging conclusions can depend on acquisition, preprocessing, and model specification.",10.1016/s0022-3565(25)29138-8,0861bcd829996def994837d0487af908f6617ff3,https://doi.org/10.1016/s0022-3565(25)29138-8,,,,JournalArticle,unknown,brain; cerebral; cortex; cerebellum; brainstem; brain/neural structure in title,"The effects of morphine and levorphanol upon the incorporation of 14 C-tyrosine into 14 C-catecholamines in various tissues of the mouse were determined. Morphine, 100 mg/kg, increased the synthesis of 14 C-catecholamines in mouse brain and adrenals but not in heart or spleen. Morphine, 100 mg/kg, had no effect upon the free tyrosine or 14 C-tyrosine content of the mouse brain. d -Amphetamine, 10 mg/kg, did not increase the incorporation of 14 C-tyrosine into 14 C-eatecholamines in these four tissues. Morphine, 100 mg/kg, and levorphanol, 10 mg/kg, nearly doubled the incorporation of 14 C-tyrosine into both 14 C-dopamine and 14 C-norepinephrine in the brain. Morphine-induced increases in 14 C-catecholamine synthesis occurred in the cerebral cortex, diencephalon, striatum, brainstem and cerebellum. After repeated administration of either morphine, 100 mg/kg, or levorphanol, 30 mg/kg, tolerance and cross-tolerance developed to the effects of these drugs upon the synthesis of 14 C-dopamine and 14 C-norepinephrine. Naloxone, a specific morphine antagonist, blocked the effects of morphine upon 14 C-dopamine and 14 C-norepinephrine synthesis. The present study suggests that the catecholamines may play an important role in the mechanisms by which narcotic analgesics produce certain specific effects."
17,1972,Phospholipids and acyl groups of synaptosomal and myelin membranes isolated from the cerebral cortex of squirrel monkey (Saimiri sciureus).,"G. Sun, Y. Sun",Biochimica et Biophysica Acta,1972-10-05,122,1,99.82,General Brain-AI Structure Reviews and Methods,brain-structure,Positions Phospholipids and acyl groups of synaptosomal and myelin membranes isolated from the cerebral cortex of squirrel monkey (Saimiri sciureus). within General Brain Science and Reviews.,high citation signal (122); brain-structure signal,"Reviews and methods can dominate citations while obscuring smaller empirical advances.; Bridge terminology can be ambiguous, especially around neural networks, intelligence, and biological plausibility.; Imaging conclusions can depend on acquisition, preprocessing, and model specification.",10.1016/0005-2760(72)90098-7,b7ba0c660555c84867a3883bdbe7b8ec3c331916,https://doi.org/10.1016/0005-2760(72)90098-7,,,,JournalArticle,unknown,brain; cerebral; cortex; brain/neural structure in title,
18,1972,Phosphoprotein phosphatases from rat cerebral cortex. Subcellular distribution and characterization.,"H. Maeno, P. Greengard",Journal of Biological Chemistry,1972-05-25,122,0,99.82,"Cellular, Synaptic, and Neuromorphic Foundations",brain-structure,Positions Phosphoprotein phosphatases from rat cerebral cortex. Subcellular distribution and characterization. within General Brain Science and Reviews.,high citation signal (122); brain-structure signal,"Cellular mechanisms rarely scale directly into whole-brain behavior or modern AI architectures.; Animal and ex vivo findings require careful translation to human cognition and deployed systems.; Imaging conclusions can depend on acquisition, preprocessing, and model specification.",,113af507ba57be404b8cb2bbae8df780268707c8,https://www.semanticscholar.org/paper/113af507ba57be404b8cb2bbae8df780268707c8,,,,JournalArticle,unknown,brain; cerebral; cortex; brain/neural structure in title,
19,1972,Choline metabolism in the cerebral cortex of guinea pigs. Stable-bound acetylcholine.,"L. A. Barker, M. Dowdall, V. P. Whittaker",Biochemical Journal,1972-12-01,119,1,102.37,General Brain-AI Structure Reviews and Methods,brain-structure,"Positions Choline metabolism in the cerebral cortex of guinea pigs. Stable-bound acetylcholine. within Cerebrovascular, Metabolism, and Brain Injury.",high citation signal (119); open-access PDF metadata; brain-structure signal,"Reviews and methods can dominate citations while obscuring smaller empirical advances.; Bridge terminology can be ambiguous, especially around neural networks, intelligence, and biological plausibility.; Imaging conclusions can depend on acquisition, preprocessing, and model specification.",10.1042/BJ1301063,4fbfd16530fb7b8364b0a74886b36695b0024493,https://doi.org/10.1042/BJ1301063,,https://europepmc.org/articles/pmc1174556?pdf=render,,JournalArticle,unknown,brain; cerebral; cortex; brain/neural structure in title,
20,1972,Effects of acetylcholine on labeling of phosphatidate and phosphoinositides by ( 32 P) orthophosphate in nerve ending fractions of guinea pig cortex.,"J. Schacht, B. Agranoff",Journal of Biological Chemistry,1972-02-10,116,0,101.92,"Cellular, Synaptic, and Neuromorphic Foundations",brain-structure,Abstract The effect of acetylcholine on the incorporation of 32Pi into phospholipids was studied in subfractions of guinea pig cerebral cortex obtained by sucrose density fractionation.,high citation signal (116); open-access PDF metadata; brain-structure signal,"Cellular mechanisms rarely scale directly into whole-brain behavior or modern AI architectures.; Animal and ex vivo findings require careful translation to human cognition and deployed systems.; Imaging conclusions can depend on acquisition, preprocessing, and model specification.",10.1016/s0021-9258(19)45674-3,438dcd800d08c48699b3bf096d8de72e9ea93416,https://doi.org/10.1016/s0021-9258(19)45674-3,,https://doi.org/10.1016/s0021-9258(19)45674-3,,JournalArticle,unknown,brain; cerebral; cortex; brain/neural structure in title,"Abstract The effect of acetylcholine on the incorporation of 32Pi into phospholipids was studied in subfractions of guinea pig cerebral cortex obtained by sucrose density fractionation. Incorporation of label into phosphatidic acid and phosphatidylinositol was stimulated approximately 100 and 70%, respectively, by 10-4 m acetylcholine in a nerve ending fraction rich in acetylcholine esterase. The effect was not significant in other subcellular fractions investigated, including a denser nerve ending fraction. This action of acetylcholine was blocked by the addition of atropine but not by tubocurare. Labeling of phosphatidylinositol phosphate and phosphatidylinositol diphosphate was inhibited by about 20% in the presence of 10-4 m acetylcholine. This inhibition was not specific for any of the subfractions and was not affected by the addition of atropine."
21,1972,Steric requirements for catecholamine uptake by rat brain synaptosomes: studies with rigid analogs of amphetamine.,"A. Horn, S. Snyder",Journal of Pharmacology and Experimental Therapeutics,1972-03-01,114,1,98.61,General Brain-AI Structure Reviews and Methods,brain-structure,"The effects of cis - and trans -2-phenylcyclopropylamine and 1- and 2-amino-indanes, all rigid analogs of amphetamine, were examined for their ability to inhibit catecholamine uptake into synaptosomes from the hypothalamus and corpus striatum.",high citation signal (114); brain-structure signal,"Reviews and methods can dominate citations while obscuring smaller empirical advances.; Bridge terminology can be ambiguous, especially around neural networks, intelligence, and biological plausibility.; Imaging conclusions can depend on acquisition, preprocessing, and model specification.",10.1016/s0022-3565(25)29135-2,f9ac0d7512fe8d6ae7c15c8d1952c7e3fdf4aec7,https://doi.org/10.1016/s0022-3565(25)29135-2,,,,JournalArticle,unknown,brain; thalamus; hypothalamus; brain/neural structure in title,"The effects of cis - and trans -2-phenylcyclopropylamine and 1- and 2-amino-indanes, all rigid analogs of amphetamine, were examined for their ability to inhibit catecholamine uptake into synaptosomes from the hypothalamus and corpus striatum. trans -2-Phenylcyclopropylamine (tranylcypromine) was found to be a more potent inhibitor in both brain areas than the cis -isomer. Studies on the separate optical isomers of tranylcypromine showed that the (-)-isomer was more active than the (+)-form in both the hypothalamus and corpus striatum. 2-Aminoindane was a better inhibitor than 1-aminoindane in both regions of the brain. The above results suggest that the conformation of amphetamine at the catecholamine uptake site is with the side chain fully extended and the amino group above the plane of the ring. i.e. , in an anti conformation. It is also suggested that knowledge of the differential antidepressant efficacy of (+)- and (-)-tranylcypromine might indicate the extent to which the drug's antidepressant activity is related to inhibition of monoamine oxidase activity or to impairment of catecholamine reuptake."
22,1972,The pharmacology of hallucinogens.,"P. Brawley, J. Duffield",Pharmacological Reviews,1972-03-01,112,4,111.49,"Cellular, Synaptic, and Neuromorphic Foundations",brain-structure;neural-signals,"neurons; no antagonism of 5-HT depressions has been observed; data on other psychotomimetics in this respect is lacking; (k) LSD has non-specific depressant effects on neurons at many locations in the brain; (l) LSD increases the spontaneous firing rates of retinal ganglion cells; (m) LSD has an inhibitory effect upon transmission through the lateral geniculate nucleus, but so do several non-hallucinogenic substances.",high citation signal (112); brain-structure signal,"Cellular mechanisms rarely scale directly into whole-brain behavior or modern AI architectures.; Animal and ex vivo findings require careful translation to human cognition and deployed systems.; Imaging conclusions can depend on acquisition, preprocessing, and model specification.",10.1016/s0031-6997(25)06903-0,97051d1dd8930c0382f403e53f540386c237b451,https://doi.org/10.1016/s0031-6997(25)06903-0,,,,Review; JournalArticle,unknown,brain; cortex; cortical; hippocampus; amygdala; brainstem; historical computation/learning bridge,"From the foregoing there emerge a small number of reasonably well confirmed observations: (a) on the basis of similarity (though not identicality) of subjective and behavioural effects, cross-tolerance, and some structure-activity considerations, psychotomimetics form a pharmacological class of hallucinogenic materials whose common properties deserve further investigation; (b) there exist important differences in both chemical structure and in behavioral effects amongst these compounds, and there is little likelihood of finding a simple, unitary explanation of their mechanism of action; (c) a second and reasonably distinct class of hallucinogenic chemicals is formed by those anticholinergic substances which induce delirious states; (d) psychotomimetics appear to exert effects principally upon aminergic systems of the brain, whereas deliriants appear to act principally upon cholinergic systems; (e) the degree to which a molecule can assume the configuration of all or part of the structure of LSD partially predicts hallucinogenic eotency in the case of psychotomimetics, but not in the case of deliriants; (f) investigation of some submolecular properties of psychotomimetics yields the conclusion that electron donation plays an important part in drug-receptor interaction for these substances; (g) no known psychotomimetic fails to diminish 5-HT turnover in brain; (h) psychotomimetics activate the ECoG and cause behavioural alerting if and only if connections between medulla and midbrain are intact; in this respect they differ from all known non-hallucinogenic activators; (i) several psychotomimetics depress the firing rates of some raphe neurons; in the case of LSD, the mechanism appears to be 5-HT antagonism; (i) LSD antagonizes 5-HT excitations in some raphe, reticular, and cortical neurons; no antagonism of 5-HT depressions has been observed; data on other psychotomimetics in this respect is lacking; (k) LSD has non-specific depressant effects on neurons at many locations in the brain; (l) LSD increases the spontaneous firing rates of retinal ganglion cells; (m) LSD has an inhibitory effect upon transmission through the lateral geniculate nucleus, but so do several non-hallucinogenic substances. In the context of the yawning abyss of ignorance and speculation which separates biochemical and behavioural data, the contribution of these few observations on psychotomimetics may be regarded as vanishingly small. Clearly, neither the serotonin nor the sensory system hypothesis gives a full account of the effects of these drugs. A few reasonably sure facts can, however, provide empirical bases for further investigation. For example, the odd and until recently unsuspected fact that neurons in the raphe nuclei both contain 5-HT and can be excited by 5-HT applied to their membranes allows an explanation of the slowed 5-HT turnover induced by psychotomimetics in terms of the postsynaptic, anti-5-HT effects of these drugs. Since there is very good evidence that the raphe nuclei form part of an inhibitory lower brainstem system, and since separation of the lower brainstem from the midbrain abolishes the ECoG-activating effects of psychotomimetics, it is very likely that both the ECoG-activating and the 5-HT turnover effects of psychotomimetics result from lower brainstem, anti-5-HT actions. The relation of these lower brainstem actions, however, to perceptual and cognitive functions-that is, the relation between the serotonin and sensory system theories-remains hypothetical until it is shown that the lower brainstem effects have an impact upon more rostral sensory systems. There appear to be no very strong reasons for assuming that these raphe and reticular effects are sufficient in themselves for the induction of psychotic functioning, and therefore it is to be hoped that the demonstrated effects of psychotomimetics on diencephalic and telencephalic structures-for example the retina, the lateral geniculate nucleus, the cortex, the hippocampus and amygdala-will attract further investigation. An explanation of psychotomimetic action must in the end relate drug effects to events at specified neural sites. In this regard, the application of recent improvements in histochemical technique for the study of more discrete brain areas ought to be rewarding. Microelectrophoresis, which allows under some circumstances reasonably quantitative dose-response studies of the impact of a drug on the physiological functioning of single neurons, can profitably be combined in experimental design with techniques of sensory physiology; in this regard the experiments of Satinsky (188) and Tebecis (224) are models, although dose-response studies were not attempted. Also, it would be useful to have dose-response data on more global effects of psychotomimetics, for example on temperature, activity, autonomic activity, and ECoG rhythms. Finally, it must be remembered that many of the general statements on psychotomimetic drug actions rest upon data regarding a single drug, lysergic acid diethylamide, and that the hypothesis implicit in these generalizations require confirmation from experiments with the methoxylated amphetamines, indolealkylamines, and other lysergic acid derivatives before they can be admitted to the pharmacological archives."
23,1972,Facilitation of lordosis in ovariectomized rats by intracerebral progesterone implants.,J. Powers,Brain Research,1972-12-24,110,0,130.17,General Brain-AI Structure Reviews and Methods,brain-structure;neuromorphic-bci,"Positions Facilitation of lordosis in ovariectomized rats by intracerebral progesterone implants. within Brain Stimulation, Neurotechnology, and BCI.",high citation signal (110); recognized venue; open-access PDF metadata; brain-structure signal,"Reviews and methods can dominate citations while obscuring smaller empirical advances.; Bridge terminology can be ambiguous, especially around neural networks, intelligence, and biological plausibility.; Imaging conclusions can depend on acquisition, preprocessing, and model specification.",10.1016/0006-8993(72)90186-2,35eb4984fdf91b4d8aa630935b68c277199a825b,https://doi.org/10.1016/0006-8993(72)90186-2,,http://deepblue.lib.umich.edu/bitstream/2027.42/33988/1/0000260.pdf,,JournalArticle,unknown,brain; cerebral; bci; explicit brain-structure/AI bridge,
24,1972,THE MINIMAL BRAIN DYSFUNCTION SYNDROME IN CHILDREN: I-THE SYNDROME AND ITS RELEVANCE FOE PSYCHIATRY II-A PSYCHOLOGICAL AND BIOCHEMICAL MODEL FOR THE SYNDROME,P. Wender,Journal of Nervous and Mental Disease,1972-07-01,105,2,101.14,Computational Neuroscience and Brain-Inspired AI,brain-structure,"Positions THE MINIMAL BRAIN DYSFUNCTION SYNDROME IN CHILDREN: I-THE SYNDROME AND ITS RELEVANCE FOE PSYCHIATRY II-A PSYCHOLOGICAL AND BIOCHEMICAL MODEL FOR THE SYNDROME within Brain Development, Plasticity, and Connectomics.",high citation signal (105); brain-structure signal,"Model fit does not by itself prove biological mechanism.; Brain-inspired analogies can become too loose unless tied to measurable neural evidence.; Imaging conclusions can depend on acquisition, preprocessing, and model specification.",10.1097/00005053-197207000-00007,86a5b66bcc6799faa564e0c41cc262eaf5b09b06,https://doi.org/10.1097/00005053-197207000-00007,,,,JournalArticle; Review,unknown,brain; brain/neural structure in title; historical computation/learning bridge,
25,1972,Some aspects of the morphology of Betz cells in the cerebral cortex of the cat.,"I. R. Kaiserman-Abramof, Alan Peters",Brain Research,1972-08-25,105,2,109.14,"Cellular, Synaptic, and Neuromorphic Foundations",brain-structure,Positions Some aspects of the morphology of Betz cells in the cerebral cortex of the cat. within General Brain Science and Reviews.,high citation signal (105); recognized venue; brain-structure signal,"Cellular mechanisms rarely scale directly into whole-brain behavior or modern AI architectures.; Animal and ex vivo findings require careful translation to human cognition and deployed systems.; Imaging conclusions can depend on acquisition, preprocessing, and model specification.",10.1016/0006-8993(72)90406-4,fba5c7e983ab91ccb6c11eeb8688a8b2b417bbb8,https://doi.org/10.1016/0006-8993(72)90406-4,,,,JournalArticle,unknown,brain; cerebral; cortex; brain/neural structure in title,
26,1972,The effect of lipoxidation on synaptosomal (Na + + K + )-ATPase isolated from the cerebral cortex of squirrel monkey.,A. Sun,Biochimica et Biophysica Acta,1972-05-09,101,1,96.45,General Brain-AI Structure Reviews and Methods,brain-structure,Positions The effect of lipoxidation on synaptosomal (Na + + K + )-ATPase isolated from the cerebral cortex of squirrel monkey. within General Brain Science and Reviews.,high citation signal (101); brain-structure signal,"Reviews and methods can dominate citations while obscuring smaller empirical advances.; Bridge terminology can be ambiguous, especially around neural networks, intelligence, and biological plausibility.; Imaging conclusions can depend on acquisition, preprocessing, and model specification.",10.1016/0005-2736(72)90093-4,b35949593096f83119cde50fe9f936422d77fa3f,https://doi.org/10.1016/0005-2736(72)90093-4,,,,JournalArticle,unknown,brain; cerebral; cortex; brain/neural structure in title,
27,1972,Bacillus cereus-Induced Fluid Accumulation in Rabbit Ileal Loops,"W. Spira, J. Goepfert",Applied microbiology,1972-09-01,93,1,111.98,Computational Neuroscience and Brain-Inspired AI,brain-structure,The usefulness of the ligated rabbit ileal loop as an experimental model of Bacillus cereus food poisoning was investigated.,high citation signal (93); open-access PDF metadata; brain-structure signal,"Model fit does not by itself prove biological mechanism.; Brain-inspired analogies can become too loose unless tied to measurable neural evidence.; Imaging conclusions can depend on acquisition, preprocessing, and model specification.",10.1128/am.24.3.341-348.1972,de1fc852879f99809dabdb8e1431b5d0db03771f,https://doi.org/10.1128/am.24.3.341-348.1972,,https://aem.asm.org/content/aem/24/3/341.full.pdf,,JournalArticle,unknown,brain; computational neuroscience; explicit brain-structure/AI bridge,"The usefulness of the ligated rabbit ileal loop as an experimental model of Bacillus cereus food poisoning was investigated. Positive responses, as measured by fluid accumulation in the loop, were obtained from 19 of 22 strains of B. cereus. Four of six strains of B. thuringiensis also elicited fluid accumulation, but eight strains of other Bacillus spp. failed to evoke a response. The growth medium employed markedly affected the ability of a given strain of B. cereus to provoke a response. Brain heart infusion broth (BHI) (Difco) proved to be best for this purpose. Loop fluid-inducing activity was produced by exponentially growing cells and was present in cell-free culture filtrates and associated with washed vegetative cells. Intraluminal growth of B. cereus did not elicit fluid accumulation. Cultures grown at temperatures in the range of 18 C to 43 C were loop active. When BHI cultures of selected loop positive strains were injected intraluminally into the normal ileum of rabbits, they failed to elicit diarrhea."
28,1972,Contrasts between activity of precentral and postcentral neurons of cerebral cortex during movement in the monkey.,E. Evarts,Brain Research,1972-05-12,92,1,106.79,"Cellular, Synaptic, and Neuromorphic Foundations",brain-structure,"Positions Contrasts between activity of precentral and postcentral neurons of cerebral cortex during movement in the monkey. within Cellular, Molecular, and Synaptic Neuroscience.",high citation signal (92); recognized venue; brain-structure signal,"Cellular mechanisms rarely scale directly into whole-brain behavior or modern AI architectures.; Animal and ex vivo findings require careful translation to human cognition and deployed systems.; Imaging conclusions can depend on acquisition, preprocessing, and model specification.",10.1016/0006-8993(72)90101-1,95ceab7d84af57156383a25eb9897fe4cfbab64c,https://doi.org/10.1016/0006-8993(72)90101-1,,,,JournalArticle,unknown,cerebral; cortex; neuron; brain/neural structure in title,
29,1972,FURTHER STUDIES ON THE K+-DEPENDENT SWELLING OF PRIMATE CEREBRAL CORTEX IN VIVO: THE ENZYMATIC BASIS OF THE K+-DEPENDENT TRANSPORT OF CHLORIDE,"R. S. Bourke, K. M. Nelson",Journal of Neurochemistry,1972-03-01,91,0,94.59,General Brain-AI Structure Reviews and Methods,brain-structure,Positions FURTHER STUDIES ON THE K+-DEPENDENT SWELLING OF PRIMATE CEREBRAL CORTEX IN VIVO: THE ENZYMATIC BASIS OF THE K+-DEPENDENT TRANSPORT OF CHLORIDE within General Brain Science and Reviews.,high citation signal (91); brain-structure signal,"Reviews and methods can dominate citations while obscuring smaller empirical advances.; Bridge terminology can be ambiguous, especially around neural networks, intelligence, and biological plausibility.; Imaging conclusions can depend on acquisition, preprocessing, and model specification.",10.1111/j.1471-4159.1972.tb01383.x,ecabde9dac07a0d1ebe034d7c05c1ca694775b64,https://doi.org/10.1111/j.1471-4159.1972.tb01383.x,,,,JournalArticle,unknown,brain; cerebral; cortex; brain/neural structure in title,
30,1972,Studies on the transplantation of developing neural tissue in the mammalian brain. I. Transplantation of cerebellar slabs into the cerebellum of neonate rats.,"G. Das, J. Altman",Brain Research,1972-03-24,90,0,106.4,General Brain-AI Structure Reviews and Methods,brain-structure,Positions Studies on the transplantation of developing neural tissue in the mammalian brain. I. Transplantation of cerebellar slabs into the cerebellum of neonate rats. within General Brain Science and Reviews.,high citation signal (90); recognized venue; brain-structure signal,"Reviews and methods can dominate citations while obscuring smaller empirical advances.; Bridge terminology can be ambiguous, especially around neural networks, intelligence, and biological plausibility.; Imaging conclusions can depend on acquisition, preprocessing, and model specification.",10.1016/0006-8993(72)90710-X,e4985bfba94d50751e7da35060f59171b870402c,https://doi.org/10.1016/0006-8993(72)90710-X,,,,JournalArticle,unknown,brain; cerebellum; neural; brain/neural structure in title,
31,1972,Acetylcholine receptor. I. Identification and biochemical characteristics of a cholinergic receptor of guinea pig cerebral cortex.,H. Bosmann,Journal of Biological Chemistry,1972-01-10,85,0,93.38,General Brain-AI Structure Reviews and Methods,brain-structure,Positions Acetylcholine receptor. I. Identification and biochemical characteristics of a cholinergic receptor of guinea pig cerebral cortex. within General Brain Science and Reviews.,high citation signal (85); brain-structure signal,"Reviews and methods can dominate citations while obscuring smaller empirical advances.; Bridge terminology can be ambiguous, especially around neural networks, intelligence, and biological plausibility.; Imaging conclusions can depend on acquisition, preprocessing, and model specification.",,44b773599e0bc0f002f110d9ea18c5ef662c6f8e,https://www.semanticscholar.org/paper/44b773599e0bc0f002f110d9ea18c5ef662c6f8e,,,,JournalArticle,unknown,brain; cerebral; cortex; brain/neural structure in title,
32,1972,Reserpine-induced alterations in brain amines and their relationship to changes in the incidence of minimal electroshock seizures in mice.,"A. Azzaro, G. Wenger, C. R. Craig, R. Stitzel",Journal of Pharmacology and Experimental Therapeutics,1972-03-01,85,0,93.38,"Electrophysiology, Neural Signals, and AI Decoding",brain-structure,The injection of a single dose of reserpine to mice leads to a reduction in the threshold for minimal electroshock seizures (MES).,high citation signal (85); brain-structure signal,"Signal artifacts, montage choices, source localization, and session drift can dominate apparent model performance.; Temporal precision does not automatically imply anatomical specificity.; Imaging conclusions can depend on acquisition, preprocessing, and model specification.",10.1016/s0022-3565(25)29139-x,9bde2ef2167dfbfbeb4be6e214a946c4311b7c00,https://doi.org/10.1016/s0022-3565(25)29139-x,,,,JournalArticle,unknown,brain; eeg; meg; brain/neural structure in title,"The injection of a single dose of reserpine to mice leads to a reduction in the threshold for minimal electroshock seizures (MES). This change was accompanied by a decline in brain concentrations of norepinephrine, dopamine and serotonin (5-HT). The return of the incidence of seizures to normal, however, was not accompanied by an equivalent return of brain amine concentrations towards control levels. The administration of an inhibitor of synthesis of either the catecholamines (H44/68) or of 5-HT (H69/17) with reserpine prolonged, but did not prevent, the eventual return of the MES threshold to normal. The administration of both inhibitors to reserpine-treated animals, however, was effective in preventing the MES threshold from returning to control levels. If either synthesis inhibitor was given alone to nonreserpine-treated animals, no increase in seizure activity occurred despite the fact that depletion of the appropriate amine was produced. A reduction in the MES threshold in untreated animals was only produced when both catecholamine and 5-HT synthesis were simultaneously inhibited. The administration of precursors of catecholamines and 5-HT to reserpine-treated mice resulted in an antagonism of reserpine9s effect on minimal electroshock seizures and an elevation of brain amine levels. It is concluded from these studies that brain amines are intimately involved in the effects of reserpine on MES threshold. It is suggested that the recovery of the MES threshold, after reserpine administration, may more closely parallel the return of the ability of the central nervous system nerve granules to accumulate biogenie amines than to total brain amine levels. Our studies suggest that both the catecholamines and 5-HT are involved in the control of the MES threshold."
33,1972,Cortical and subcortical slow potentials in the monkey's brain during a preparatory interval.,Charles S. Rebert,Electroencephalography and Clinical Neurophysiology,1972-10-01,83,0,98.55,"Connectomics, Graph Models, and Brain Networks",brain-structure;connectome;neural-signals;clinical-neuroai,"Positions Cortical and subcortical slow potentials in the monkey's brain during a preparatory interval. within EEG, MEG, and Electrophysiology.",high citation signal (83); brain-structure signal,"Graph results can depend strongly on parcellation, thresholding, acquisition, and preprocessing choices.; Correlation networks are often interpreted more causally than the evidence supports.; Imaging conclusions can depend on acquisition, preprocessing, and model specification.",10.1016/0013-4694(72)90119-8,8614970e0c3a5e125eb4e63a63b4b67487b2b23c,https://doi.org/10.1016/0013-4694(72)90119-8,,,,JournalArticle,unknown,brain; cortical; eeg; meg; brain/neural structure in title,
34,1972,'Seamless' endothelia in brain capillaries during development of the rat's cerebral cortex.,"J. Wolff, T. Bär",Brain Research,1972-06-08,81,1,104.52,General Brain-AI Structure Reviews and Methods,brain-structure,"Positions 'Seamless' endothelia in brain capillaries during development of the rat's cerebral cortex. within Brain Development, Plasticity, and Connectomics.",high citation signal (81); recognized venue; brain-structure signal,"Reviews and methods can dominate citations while obscuring smaller empirical advances.; Bridge terminology can be ambiguous, especially around neural networks, intelligence, and biological plausibility.; Imaging conclusions can depend on acquisition, preprocessing, and model specification.",10.1016/0006-8993(72)90613-0,9beea29798287db4d2ee1e0fad458e048466b186,https://doi.org/10.1016/0006-8993(72)90613-0,,,,JournalArticle,unknown,brain; cerebral; cortex; brain/neural structure in title,
35,1972,Influence of p-chlorophenylalanine on morphine tolerance and physical dependence and regional brain serotonin turnover studies in morphine tolerant-dependent mice.,"Ho Ik, Lu Se, S. Stolman, Loh Hh, Way El",Journal of Pharmacology and Experimental Therapeutics,1972-07-01,78,0,93.05,General Brain-AI Structure Reviews and Methods,brain-structure;neuromorphic-bci,The administration of p -chlorophenylalanine ( p CPA) inhibited partially the development of tolerance to and physical dependence on morphine induced by morphine pellet implantation in the mouse and rat.,high citation signal (78); brain-structure signal; brain-to-model interface signal,"Reviews and methods can dominate citations while obscuring smaller empirical advances.; Bridge terminology can be ambiguous, especially around neural networks, intelligence, and biological plausibility.; Imaging conclusions can depend on acquisition, preprocessing, and model specification.",10.1016/s0022-3565(25)29260-6,3f84a0d84ef03909b9a66f25cc6aa9b620a9cfa0,https://doi.org/10.1016/s0022-3565(25)29260-6,,,,JournalArticle,unknown,brain; thalamus; hypothalamus; brain/neural structure in title,"The administration of p -chlorophenylalanine ( p CPA) inhibited partially the development of tolerance to and physical dependence on morphine induced by morphine pellet implantation in the mouse and rat. Tolerance inhibition by p CPA was evidenced by the decreased amount of morphine necessary to produce analgesia and by the reduction in dependence by the increase in the amount of naloxone necessary to induce precipitated withdrawal jumping after p CPA treatment. Further evidence that p CPA reduced dependence development on morphine was indicated by the fact the p CPA decreased the loss in body weight that occurred after abrupt morphine withdrawal. Regional studies of serotonin turnover in four brain areas indicated that tolerant-dependent mice exhibited higher serotonin levels after pargyline than nontolerant controls, especially in the hypothalamus and brain stem."
36,1972,Characteristics of amphetamine-induced release of norepinephrine from rat cerebral cortex in vitro.,"R. Ziance, A. Azzaro, C. Rutledge",Journal of Pharmacology and Experimental Therapeutics,1972-08-01,75,0,91.15,"Cellular, Synaptic, and Neuromorphic Foundations",brain-structure,"Release of 3 H-norepinephrine from central nervous system neurons was studied by incubating cerebral cortex tissue with 3 H-norepinephrine, allowing the 3 H-amine to be taken up into the tissue and observing the amount of 3 H-norepinephrine released into the incubation medium upon addition of amphetamine.",high citation signal (75); brain-structure signal,"Cellular mechanisms rarely scale directly into whole-brain behavior or modern AI architectures.; Animal and ex vivo findings require careful translation to human cognition and deployed systems.; Imaging conclusions can depend on acquisition, preprocessing, and model specification.",10.1016/s0022-3565(25)29275-8,1392b77d975dab56f5455234e086a61b84224d24,https://doi.org/10.1016/s0022-3565(25)29275-8,,,,JournalArticle,unknown,cerebral; cortex; neuron; brain/neural structure in title,"Release of 3 H-norepinephrine from central nervous system neurons was studied by incubating cerebral cortex tissue with 3 H-norepinephrine, allowing the 3 H-amine to be taken up into the tissue and observing the amount of 3 H-norepinephrine released into the incubation medium upon addition of amphetamine. It was observed that amphetamine released 3 H-norepinephrine into the incubation medium from chopped tissue, homogenates and synaptosomes. The amphetamine concentration-effect curves for release from the three tissue preparations were similar. When the d and l isomers of amphetamine (10 -5 M) were compared in the chopped tissue preparation, it was found that the d isomer caused greater release of 3 H-norepinephrine. The release of 3 H-norepinephrine by d -amphetamine was markedly temperature-dependent with maximal release occurring at 37°C. Uptake of 3 H-norepinephrine into the tissue was less sensitive to temperature than release of 3 H-norepinephrine by d -amphetamine. d -Amphetarnine did not release 14 C-urea or 3 H-inulin and the release of 3 H-norepinephrine by d -amphetamine was only partially dependent upon the calcium concentration in the incubation medium. In contrast, release of 3 H-norepinephrine by potassium was markedly calcium dependent. The d -amphetamine concentration-effect curve for the release of 3 H-norepinephrine newly formed from 3 H-dopamine was similar to the curve for the release of exogenous 3 H-norepinephrine. The release of 3 H-dopamine was markedly different: higher concentrations of d -amphetamine were required for initial release and the proportion of 3 H-dopamine released into the incubation medium at 10 -3 M d -amphetamine was high compared to 3 H-norepinephrine. These results suggest that the release of 3 H-norepinephrine by amphetamine is a selective process which has characteristics different from 1) release of dopamine by amphetamine and 2) release of norepinephrine by potassium."
37,1972,"Waves, Pulses, and the Theory of Neural Masses",W. Freeman,Unknown venue,1972,73,11,125.27,"Cellular, Synaptic, and Neuromorphic Foundations",brain-structure;connectome;deep-learning;neural-signals,"Author(s): Freeman, Walter J, III | Abstract: It is a truism that systems as complex as vertebrate nervous systems are more than the sum of their parts.",high citation signal (73); open-access PDF metadata; explicit AI/modeling signal; brain-structure signal,"Cellular mechanisms rarely scale directly into whole-brain behavior or modern AI architectures.; Animal and ex vivo findings require careful translation to human cognition and deployed systems.; Model performance should be checked for leakage, confounding, calibration, and external validity.",10.1016/B978-0-12-543102-6.50010-8,db86228a2bd68a777614821efb71ab7b62582754,https://doi.org/10.1016/B978-0-12-543102-6.50010-8,,https://escholarship.org/content/qt97r1q6vj/qt97r1q6vj.pdf?t=m83lj9,,Review,unknown,brain; eeg; meg; neuron; neural; neural network; brain/neural structure in title; explicit brain-structure/AI bridge,"Author(s): Freeman, Walter J, III | Abstract: It is a truism that systems as complex as vertebrate nervous systems are more than the sum of their parts. What is meant is that the interconnection of numbers of neurons gives rise to collective properties belonging to the neural populations and not to the neurons taken one at a time. The purpose of this essay is to explore some facets of the nature of neural collective properties. Conventional wisdom holds that such properties emerge from the interconnection of finite numbers of neurons in discrete chains and networks, which are logical and anatomical counterparts of the Jacksonian-Sherringtonian heirarchy of reflex arcs. According to a popular analogy, neurons are like the electronic components of a television receiver which can be connected in a certain way or set of ways to give the properties of the receiver. The central thesis of this essay is the idea that, when neurons strongly interact in sufficiently large numbers (on the order of 10' or more), new collective properties emerge that demand a different kind or level of conceptualization. An analogy equivalent to that given above is the notion that temperature and pressure exist only for a mass, in contrast to the thermal kinetic energy of molecules in the mass. The suggestion is that certain interactive phenomena in vertebrate brains occur only as broadly distributed and continuous events or waves across masses of neurons, and that in some instances these cooperative phenomena may be essential aspects of normal brain function. The task is to describe some of these wave phenomena in terms of underlying collective properties, and to do so in such a way as to minimize confusion between observables and principles. Again by analogy, brain potentials (EEG waves) appear to have somewhat the relation to wave activity of neural masses that flow patterns have to temperature and pressure waves in atmospheric storms. They are observable side effects that are of interest mainly because they give access to the internal dynamics. The approach used is to review the historical interplay between ideas concerning neural networks and masses, to develop a set of rules for describing neural masses as dynamic entities, and then to discuss some of the implications of those rules for neurophysiology. Throughout the development the emphasis is placed on the idea of graded neural synaptic interaction, because it is interaction of neurons that gives rise to something more than the sum of parts. Neurons are connected to each other by structural synaptic linkages. For each neuron there is a certain density of these anatomical connections, referring to the number and size of contacts of each neuron with its neighbors within each unit volume of neural mass. But the significant quantity is the momentary functional or effective connection density, which denotes the level of transfer of influence across a given set of connections at a given time and place. If, for example, a volley arrives on an afferent path to a neuron that is in an absolute refractory state, the functional connection density is zero, even though the anatomical connection density is nonzero. Two kinds of massive connections are distinguished. The first is a one-way or forward connection from one neuron to neurons in another mass; the second is feedback connection of one neuron with many others in the same mass. Both types give rise to mass actions of many neurons, but only the second gives rise to the collective properties of interest in the present context. That is, neural interactions based on functional interconnection densities give rise to wave phenomena, and, as is shown for some of the neural masses in the mammalian olfactory system, the observable effects of wave patterns in turn provide the means for measuring the intensities of interactions."
38,1972,TRANSPORT OF l-TRYPTOPHAN INTO SLICES OF RAT CEREBRAL CORTEX 1,"M. E. Kiely, T. L. Sourkes",Journal of Neurochemistry,1972-12-01,71,0,90.18,General Brain-AI Structure Reviews and Methods,brain-structure,Positions TRANSPORT OF l-TRYPTOPHAN INTO SLICES OF RAT CEREBRAL CORTEX 1 within General Brain Science and Reviews.,high citation signal (71); brain-structure signal,"Reviews and methods can dominate citations while obscuring smaller empirical advances.; Bridge terminology can be ambiguous, especially around neural networks, intelligence, and biological plausibility.; Imaging conclusions can depend on acquisition, preprocessing, and model specification.",10.1111/j.1471-4159.1972.tb03824.x,899c283ba829a44b0e94e057ac5d5bab6a42c6cb,https://doi.org/10.1111/j.1471-4159.1972.tb03824.x,,,,JournalArticle,unknown,brain; cerebral; cortex; brain/neural structure in title,
39,1972,An electron microscopic study of intravascular agglutination in the cerebral cortex due to Babesia argentina infection.,I. G. Wright,International Journal of Parasitology,1972-06-01,70,1,89.93,General Brain-AI Structure Reviews and Methods,brain-structure,Positions An electron microscopic study of intravascular agglutination in the cerebral cortex due to Babesia argentina infection. within General Brain Science and Reviews.,high citation signal (70); brain-structure signal,"Reviews and methods can dominate citations while obscuring smaller empirical advances.; Bridge terminology can be ambiguous, especially around neural networks, intelligence, and biological plausibility.; Imaging conclusions can depend on acquisition, preprocessing, and model specification.",10.1016/0020-7519(72)90008-2,e850cd41fc30b5b9508246429a2a68dc32552d50,https://doi.org/10.1016/0020-7519(72)90008-2,,,,JournalArticle,unknown,brain; cerebral; cortex; brain/neural structure in title,
40,1972,On the physiological response of the cerebral cortex to acute stress (reversible asphyxia),"L. Bito, R. Myers",Journal of Physiology,1972-03-01,69,0,92.67,General Brain-AI Structure Reviews and Methods,brain-structure,Positions On the physiological response of the cerebral cortex to acute stress (reversible asphyxia) within General Brain Science and Reviews.,high citation signal (69); open-access PDF metadata; brain-structure signal,"Reviews and methods can dominate citations while obscuring smaller empirical advances.; Bridge terminology can be ambiguous, especially around neural networks, intelligence, and biological plausibility.; Imaging conclusions can depend on acquisition, preprocessing, and model specification.",10.1113/jphysiol.1972.sp009755,5108aae566344e96637b07c13cef15055d6ee140,https://doi.org/10.1113/jphysiol.1972.sp009755,,https://www.ncbi.nlm.nih.gov/pmc/articles/PMC1331337,,JournalArticle,unknown,brain; cerebral; cortex; brain/neural structure in title,
41,1972,A comparison of the effects of fenfluramine and amphetamine on uptake release and catabolism of norepinephrine in rat brain.,"R. Ziance, C. Rutledge",Journal of Pharmacology and Experimental Therapeutics,1972-01-01,67,0,92.35,Structural Neuroimaging and AI,brain-structure;neuroimaging,"Fenfluramine and amphetamine both inhibit the accumulation of 3H-norepinephrine into rat brain cortex tissue slices but d -amphetamine is about 50 times more potent than either d -, l - or dl -fenfluramine.",high citation signal (67); brain-structure signal,"Scanner, site, protocol, and preprocessing differences can be learned as shortcuts by AI models.; High predictive accuracy does not guarantee anatomical validity or causal interpretation.; Imaging conclusions can depend on acquisition, preprocessing, and model specification.",10.1016/s0022-3565(25)29093-0,df6ce98dc2a344f89c1a6b078d857957a4d2e99a,https://doi.org/10.1016/s0022-3565(25)29093-0,,,,JournalArticle,unknown,brain; cortex; mri; neuron; brain/neural structure in title,"Fenfluramine and amphetamine both inhibit the accumulation of 3H-norepinephrine into rat brain cortex tissue slices but d -amphetamine is about 50 times more potent than either d -, l - or dl -fenfluramine. When 3H-norepinephrine is added to cortex slices in the presence of fenfluramine, oxidative deamination of 3H-norepinephrine is reduced markedly. This effect is similar to that observed with d -amphetamine and it is suggested that it is due to inhibition of neuronal uptake, thus limiting access of norepinephrine to intraneuronal monoamine oxidase. When tissues are incubated with 3H-norepinephrine prior to exposure to the drugs, both fenfluramine and amphetamine release 3H-norepinepimrine into the media; fenfluramine is again less potent than amphetamine. Under these conditions, fenfluramime increases the amount of 3H-deaminated metabolites which are formed. This is in contrast to amphetamine which either causes no change or decreases the amount of 3H-deaminated metabolites. If the tissue is exposed to pargyline, a monoamine oxidase inhibitor, the amount of 3H-norepinephrine released into the media by fenfluramine is increased markedly when compared to the amount released by fenfluramine alone. After pargyline treatment, fenfluramine is equipoteat with amphetamine. The effect of amphetamine on the release of norepinephrine is not increased significantly by treatment with pargyline. These results suggest that fenfluramine and amphetamine differ in the mechanism by which they release norepinephrine from brain tissue. Amphetamime releases unmetabolized norepinephrine, whereas fenfluramine releases norepinephrine in such a manner that it has increased access to monoamine oxidase."
42,1972,Simulation and malingering after injuries to the brain and spinal cord.,"H. Miller, N. Cartlidge",The Lancet,1972-03-11,65,0,120.61,General Brain-AI Structure Reviews and Methods,brain-structure,Positions Simulation and malingering after injuries to the brain and spinal cord. within Computational Neuroscience and AI.,high citation signal (65); recognized venue; brain-structure signal,"Reviews and methods can dominate citations while obscuring smaller empirical advances.; Bridge terminology can be ambiguous, especially around neural networks, intelligence, and biological plausibility.; Imaging conclusions can depend on acquisition, preprocessing, and model specification.",10.1016/S0140-6736(72)90368-6,8e55ba0627adee51a888b0d58453bf97930c68ff,https://doi.org/10.1016/S0140-6736(72)90368-6,,,,JournalArticle,unknown,brain; computational neuroscience; brain/neural structure in title; explicit brain-structure/AI bridge,
43,1972,Metabolism of prostaglandin E1 in the cerebral cortex and cerebellum of the dog and rat,"J. Nakano, A. Prancan, S. Moore",Unknown venue,1972-04-28,63,0,90.06,General Brain-AI Structure Reviews and Methods,brain-structure,"Positions Metabolism of prostaglandin E1 in the cerebral cortex and cerebellum of the dog and rat within Cerebrovascular, Metabolism, and Brain Injury.",high citation signal (63); brain-structure signal,"Reviews and methods can dominate citations while obscuring smaller empirical advances.; Bridge terminology can be ambiguous, especially around neural networks, intelligence, and biological plausibility.; Imaging conclusions can depend on acquisition, preprocessing, and model specification.",10.1016/0006-8993(72)90462-3,921c75a9c483f5c6de6ec1e283a54d6f078791d8,https://doi.org/10.1016/0006-8993(72)90462-3,,,,paper,unknown,brain; cerebral; cortex; cerebellum; brain/neural structure in title,
44,1972,"Investigations into the release of acetylcholine from the cerebral cortex of the cat: effects of amphetamine, of scopolamine and of septal lesions.","A. Nistri, A. Bartolini, G. Deffenu, G. Pepeu",Neuropharmacology,1972-09-01,63,0,88.06,General Brain-AI Structure Reviews and Methods,brain-structure,"Positions Investigations into the release of acetylcholine from the cerebral cortex of the cat: effects of amphetamine, of scopolamine and of septal lesions. within General Brain Science and Reviews.",high citation signal (63); brain-structure signal,"Reviews and methods can dominate citations while obscuring smaller empirical advances.; Bridge terminology can be ambiguous, especially around neural networks, intelligence, and biological plausibility.; Imaging conclusions can depend on acquisition, preprocessing, and model specification.",10.1016/0028-3908(72)90074-3,8d0098e553de0e5632e8ebfa52bd5f9785510a28,https://doi.org/10.1016/0028-3908(72)90074-3,,,,JournalArticle,unknown,brain; cerebral; cortex; brain/neural structure in title,
45,1972,The Structure of the Cerebral Cortex in Down's Syndrome - A quantitative analysis -,E. Colon,Unknown venue,1972-10-01,62,1,87.78,General Brain-AI Structure Reviews and Methods,brain-structure,Positions The Structure of the Cerebral Cortex in Down's Syndrome - A quantitative analysis - within General Brain Science and Reviews.,high citation signal (62); brain-structure signal,"Reviews and methods can dominate citations while obscuring smaller empirical advances.; Bridge terminology can be ambiguous, especially around neural networks, intelligence, and biological plausibility.; Imaging conclusions can depend on acquisition, preprocessing, and model specification.",10.1055/s-0028-1091775,ced89f26bf4c68f9e17780150b59d25dbe0f4e59,https://doi.org/10.1055/s-0028-1091775,,,,paper,unknown,brain; cerebral; cortex; brain/neural structure in title,
46,1972,The Brain in Hominid Evolution,J. Zielonka,The Yale Journal of Biology and Medicine,1972-12-01,61,1,93.49,"Cognitive Architectures, Learning, and Systems Neuroscience",brain-structure,"613 one of the indispensible reference sources for anyone interested in the art or science of human genetics, attests to both the great breadth of knowledge and the enormous energy of its author.",high citation signal (61); brain-structure signal,"Task designs can oversimplify cognition and limit ecological validity.; Circuit-behavior correlations need causal perturbation or strong model comparison before mechanistic claims are secure.; Imaging conclusions can depend on acquisition, preprocessing, and model specification.",10.1016/s0047-2484(77)80033-x,2821e367ca5f3dbf91ab1deeec7b67893f59aa7e,https://doi.org/10.1016/s0047-2484(77)80033-x,,,,Review,unknown,brain; neural; brain/neural structure in title; historical computation/learning bridge,"613 one of the indispensible reference sources for anyone interested in the art or science of human genetics, attests to both the great breadth of knowledge and the enormous energy of its author. Owners of previous editions will continue to marvel at the utility of this new one. Wlhile Sir William Osler statedl that ""the desire to take medicine is one feature which (listinguislhes man from the lower animals,"" most people would differentiate these categories more directly by comparing brain ""potential"" and by cul-ttural and nonctultural abilities. The relationslhip of brain evolution and be-lhavioral clhanges were (lisctussed by Dr. this book is based. Mutichi more than a revised, polislhe(d lecture, lhowever, Dr. Tobias' book is a (lefinitive study of the metho(ds, results, and implications of the study of endocranial capacity and its correlation with behavior patterns. The concluisions are of major importance to the (liverse groups studying behavior and learning: archeologists, anthropologists, and psychiatrists, to name a few. Dr. Tobias begins by discussinig whetlher there is any reliable means of mneastur-ilig brain evolution. The effects of age of specimen, species differences, andl anatomic variationis (e.g., (lural and ventricular voltumes) are considered. Endo-cranial capacity is accepted an(I a sample calculation is performed to show all the factors considerecl. The remaindler of the first portion of the text analyses in detail each of the hominid species, giving data on in(lividual samples as well as average figures. Included here are corrections and recent developments presented for the first time [e.g., reevaltuation of the endocranial capacity of Homo erectus I (Indonesia), an(l (lata on H. erectus VIII (discovered 30 March 1971)], as well as several concepts not considered previously (e.g., the correlation of brain weigiht andl body heiglht). In the remaindler of the text, Dr. Tobias reviews the accepted capabilities of eaclh h-ominid species and tries to relate this to neural system evolution. He states that ""moclern man-whetlher in Africa or Europe would seem to lhave some-wlhat lower mean brain sizes than his forebears of the Upper Pleistocene."" Thlls, the final brain volume in H. e-ectuis apparently reached a point beyond whiclh further increase is no longer necessary for ""humanity""; why then has there been a further increase of 650%o in endocranial capacity? Tobias expands on G. S. Krantz's thesis that this increase in final size (but maintaining a small initial size) causes a capacity of 750 cm3 to occur much earlier (1 year …"
47,1972,Uptake and release of glutamate in cerebral-cortex slices from the rat.,"K. Okamoto, J. H. Quastel",Biochemical Journal,1972-08-01,59,0,89.9,General Brain-AI Structure Reviews and Methods,brain-structure,Positions Uptake and release of glutamate in cerebral-cortex slices from the rat. within General Brain Science and Reviews.,high citation signal (59); open-access PDF metadata; brain-structure signal,"Reviews and methods can dominate citations while obscuring smaller empirical advances.; Bridge terminology can be ambiguous, especially around neural networks, intelligence, and biological plausibility.; Imaging conclusions can depend on acquisition, preprocessing, and model specification.",10.1042/BJ1281117,479f65c01f355ed586afce49ef6484dec102bfa1,https://doi.org/10.1042/BJ1281117,,https://europepmc.org/articles/pmc1174000?pdf=render,,JournalArticle,unknown,brain; cerebral; cortex; brain/neural structure in title,
48,1972,THE PRESENCE OF BIOLOGICALLY LABILE COMPOUNDS DURING ISCHEMIA AND THEIR RELATIONSHIP TO THE EEG IN RAT CEREBRAL CORTEX AND HYPOTHALAMUS,"D. F. Swaab, K. Boer",Journal of Neurochemistry,1972-12-01,58,0,96.8,"Electrophysiology, Neural Signals, and AI Decoding",brain-structure;neural-signals,"Positions THE PRESENCE OF BIOLOGICALLY LABILE COMPOUNDS DURING ISCHEMIA AND THEIR RELATIONSHIP TO THE EEG IN RAT CEREBRAL CORTEX AND HYPOTHALAMUS within EEG, MEG, and Electrophysiology.",high citation signal (58); open-access PDF metadata; brain-structure signal,"Signal artifacts, montage choices, source localization, and session drift can dominate apparent model performance.; Temporal precision does not automatically imply anatomical specificity.; Imaging conclusions can depend on acquisition, preprocessing, and model specification.",10.1111/j.1471-4159.1972.tb03822.x,ae9a71f35181a2de5d7759c3325c2e6d74222e5e,https://doi.org/10.1111/j.1471-4159.1972.tb03822.x,,https://pure.knaw.nl/portal/files/548240/14640_285_swaab.pdf,,JournalArticle,unknown,cerebral; cortex; thalamus; hypothalamus; eeg; meg; brain/neural structure in title,
49,1972,Stimulation by acetylcholine of phosphatidylinositol labelling. Subcellular distribution in rat cerebral-cortex slices.,"E. Lapetina, R. Michell",Biochemical Journal,1972-03-01,56,0,88.97,"Cellular, Synaptic, and Neuromorphic Foundations",brain-structure,Positions Stimulation by acetylcholine of phosphatidylinositol labelling. Subcellular distribution in rat cerebral-cortex slices. within General Brain Science and Reviews.,high citation signal (56); open-access PDF metadata; brain-structure signal,"Cellular mechanisms rarely scale directly into whole-brain behavior or modern AI architectures.; Animal and ex vivo findings require careful translation to human cognition and deployed systems.; Imaging conclusions can depend on acquisition, preprocessing, and model specification.",10.1042/BJ1261141,ade6cfb76a07dcbd15016171846d763201a2e020,https://doi.org/10.1042/BJ1261141,,https://europepmc.org/articles/pmc1178537?pdf=render,,JournalArticle,unknown,brain; cerebral; cortex; brain/neural structure in title,
50,1972,"The effects of chronic imipramine administration on rat brain levels of serotonin, 5-hydroxyindoleacetic acid, norepinephrine and dopamine.","H. Alpers, H. Himwich",Journal of Pharmacology and Experimental Therapeutics,1972-03-01,54,0,87.33,General Brain-AI Structure Reviews and Methods,brain-structure,"The effects of chronic imipramine admimlistration on levels of serotonin, 5-hydroxyin doleacetic acid (5-HIAA), norepinephrine and dopamine in six areas of the brain were studied in four groups of female rats; 1) a noninjected.",high citation signal (54); brain-structure signal,"Reviews and methods can dominate citations while obscuring smaller empirical advances.; Bridge terminology can be ambiguous, especially around neural networks, intelligence, and biological plausibility.; Imaging conclusions can depend on acquisition, preprocessing, and model specification.",10.1016/s0022-3565(25)29136-4,5c65b7839e9220ae4bc24493fc74e5dbacac74cb,https://doi.org/10.1016/s0022-3565(25)29136-4,,,,JournalArticle,unknown,brain; cortex; hippocampus; cerebellum; brain/neural structure in title,"The effects of chronic imipramine admimlistration on levels of serotonin, 5-hydroxyin doleacetic acid (5-HIAA), norepinephrine and dopamine in six areas of the brain were studied in four groups of female rats; 1) a noninjected. nonhandled group; 2) animals injected i.p. with 0.9% saline for 10 days; 3) animals injected with imipramine HCI for 10 clays (20 mg/kg i.p. daily); and 4) animals receiving imipramine HCI with food (approximately 20 mg/kg daily) for 19 days. Levels of the monoamines and 5-HIAA were determined by fluorometric analyses subsequent to the solvent extraction of these compounds from brain tissues. Compared to the nontreated group, animals given imipramine HCI either by injection or in food had significantly reduced levels of 5-HIAA in most brain areas. 5-HIAA levels were unchanged in the saline-treated group except for the reduced amounts found in the pons-medulla oblongata. Tile amimals fed imipramine had significantly reduced concemltrations of serotonin in the hippocampus, mesodien cephalon and pomis-medulla. Similar decreases, probably drug related, were also found in the imipramine-injected group. However, the extent of the drug-induced changes in the latter group was somewhat obscured by the diminution of serotonin in the cortex and medulla by saline injections only. Norepinephrine levels in the three groups of treated animals did not differ significantly from those of the nontreated group. All three schedules of treatment diminished levels of striatal dopamine. In contrast, imipramine-treated animals had significantly increased levels of dopamine in the cerebellum and the ponsmedulla oblongata."
51,1972,ATPase activity in glial cells and in neuronal perikarya of rat cerebral cortex during early postnatal development 1,"F. Medzihradsky, O. Z. Sellinger, P. Nandhasri, J. Santiago",Journal of Neurochemistry,1972-02-01,54,0,88.33,"Cellular, Synaptic, and Neuromorphic Foundations",brain-structure,"Positions ATPase activity in glial cells and in neuronal perikarya of rat cerebral cortex during early postnatal development 1 within Cellular, Molecular, and Synaptic Neuroscience.",high citation signal (54); open-access PDF metadata; brain-structure signal,"Cellular mechanisms rarely scale directly into whole-brain behavior or modern AI architectures.; Animal and ex vivo findings require careful translation to human cognition and deployed systems.; Imaging conclusions can depend on acquisition, preprocessing, and model specification.",10.1111/j.1471-4159.1972.tb01365.x,c50c293fe448e773df5c5972601228ff3b701ce4,https://doi.org/10.1111/j.1471-4159.1972.tb01365.x,,http://deepblue.lib.umich.edu/bitstream/2027.42/65822/1/j.1471-4159.1972.tb01365.x.pdf,,JournalArticle,unknown,cerebral; cortex; neuron; brain/neural structure in title,
52,1972,"EXPERIMENTAL ALCOHOLISM IN RATS: PROTEIN SYNTHESIS IN SUBCELLULAR FRACTIONS FROM CEREBELLUM, CEREBRAL CORTEX AND LIVER AFTER LONG TERM TREATMENT 1",J. Jarlstedt,Journal of Neurochemistry,1972-03-01,53,1,87.0,"Cellular, Synaptic, and Neuromorphic Foundations",brain-structure,"Positions EXPERIMENTAL ALCOHOLISM IN RATS: PROTEIN SYNTHESIS IN SUBCELLULAR FRACTIONS FROM CEREBELLUM, CEREBRAL CORTEX AND LIVER AFTER LONG TERM TREATMENT 1 within General Brain Science and Reviews.",high citation signal (53); brain-structure signal,"Cellular mechanisms rarely scale directly into whole-brain behavior or modern AI architectures.; Animal and ex vivo findings require careful translation to human cognition and deployed systems.; Imaging conclusions can depend on acquisition, preprocessing, and model specification.",10.1111/j.1471-4159.1972.tb01377.x,b5e7912f7f928f0a249d1b95d050f7a25c9c93ee,https://doi.org/10.1111/j.1471-4159.1972.tb01377.x,,,,JournalArticle,unknown,brain; cerebral; cortex; cerebellum; brain/neural structure in title,
53,1972,Acetylcholine inhibition in the intact and chronically isolated cerebral cortex,"L. M. Jordan, J. Phillis",British Journal of Pharmacology,1972-08-01,52,0,87.67,General Brain-AI Structure Reviews and Methods,brain-structure,Positions Acetylcholine inhibition in the intact and chronically isolated cerebral cortex within General Brain Science and Reviews.,high citation signal (52); open-access PDF metadata; brain-structure signal,"Reviews and methods can dominate citations while obscuring smaller empirical advances.; Bridge terminology can be ambiguous, especially around neural networks, intelligence, and biological plausibility.; Imaging conclusions can depend on acquisition, preprocessing, and model specification.",10.1111/j.1476-5381.1972.tb08116.x,81dcdbc718c487939d3b59657b6d35283a41ffbe,https://doi.org/10.1111/j.1476-5381.1972.tb08116.x,,https://onlinelibrary.wiley.com/doi/pdfdirect/10.1111/j.1476-5381.1972.tb08116.x,,JournalArticle,unknown,brain; cerebral; cortex; brain/neural structure in title,
54,1972,Studies on factors influencing enzyme responses to adenylate energy charge.,"D. Purich, H. Fromm",Journal of Biological Chemistry,1972-01-10,51,2,101.32,Computational Neuroscience and Brain-Inspired AI,brain-structure,"Abstract The responses of rat brain hexokinase, human red cell hexokinase, and human red cell pyruvate kinase to changes in the adenylate energy charge were observed.",high citation signal (51); open-access PDF metadata; brain-structure signal,"Model fit does not by itself prove biological mechanism.; Brain-inspired analogies can become too loose unless tied to measurable neural evidence.; Imaging conclusions can depend on acquisition, preprocessing, and model specification.",10.1016/s0021-9258(19)45782-7,78ba2b53c03d12b4fd684398f7a4f82b167d4c92,https://doi.org/10.1016/s0021-9258(19)45782-7,,https://doi.org/10.1016/s0021-9258(19)45782-7,,JournalArticle,unknown,brain; computational neuroscience; explicit brain-structure/AI bridge,"Abstract The responses of rat brain hexokinase, human red cell hexokinase, and human red cell pyruvate kinase to changes in the adenylate energy charge were observed. A number of factors were found to be capable of altering these responses. These include the concentration of total adenylates, the level of free uncomplexed Mg2+, the kinetic reaction mechanism of the enzyme under study, and the concentration of the other substrate (or substrates) and product (or products) involved in the reaction. The effects of some of these factors are further explored by computation of the energy charge response curves for rabbit muscle creatine kinase. These stimulations with a digital computer serve to show a possible role for the kinetic reaction mechanism in cellular regulation. The findings presented in this report suggest that the above enzymes may not be effectively modulated by the adenylate energy charge. They also suggest conditions under which the energy charge model can be best evaluated, limitations of the model, and point out where possible exceptions to the energy charge model may arise."
55,1972,Reverberation of cortical spreading depression along closed-loop pathways in rat cerebral cortex.,"M. Shibata, J. Bureš",Journal of Neurophysiology,1972-05-01,50,0,111.17,"Brain Decoding, Representation Learning, and BCI",brain-structure;neuromorphic-bci,"Positions Reverberation of cortical spreading depression along closed-loop pathways in rat cerebral cortex. within Brain Stimulation, Neurotechnology, and BCI.",high citation signal (50); brain-structure signal; brain-to-model interface signal,"Small cohorts, session drift, invasive risk, and nonstationary signals limit generalization.; Offline decoding accuracy may not reflect real-time user burden or long-term deployment reliability.; Imaging conclusions can depend on acquisition, preprocessing, and model specification.",10.1152/JN.1972.35.3.381,206245cb19fd10dc35e72c28b25ad64253913baa,https://doi.org/10.1152/JN.1972.35.3.381,,,,JournalArticle,unknown,brain; cerebral; cortex; cortical; bci; brain/neural structure in title; explicit brain-structure/AI bridge,
56,1972,Some actions of pentazocine on behavior and brain monoamines in the rat.,"S. Holtzman, R. Jewett",Journal of Pharmacology and Experimental Therapeutics,1972-05-01,50,0,83.97,"Cognitive Architectures, Learning, and Systems Neuroscience",brain-structure,"The effects of pentazocine, a weak narcotic-antagonist analgesic, were studied on operant behavior (continuous avoidance schedule), locomotor activity and brain nonoamines in the rat.",high citation signal (50); brain-structure signal,"Task designs can oversimplify cognition and limit ecological validity.; Circuit-behavior correlations need causal perturbation or strong model comparison before mechanistic claims are secure.; Imaging conclusions can depend on acquisition, preprocessing, and model specification.",10.1016/s0022-3565(25)29212-6,d7309bef7438bbb786af16568c691ad86a7e9f23,https://doi.org/10.1016/s0022-3565(25)29212-6,,,,JournalArticle,unknown,brain; eeg; meg; brain/neural structure in title,"The effects of pentazocine, a weak narcotic-antagonist analgesic, were studied on operant behavior (continuous avoidance schedule), locomotor activity and brain nonoamines in the rat. Operant behavior was increased in a graded manner by 2 to 16 mg/kg of pentazocine and decreased by 32 mg/kg. Both stimulant and depressant effects were antagonized by the potent narcotic antagonist naloxone (8 mg/kg) . Pentazocine, 8 to 64 mg/kg, produced a graded increase in locomotor activity which was not prevented by as much as 16 mg/kg of naloxone. Stimulation of locomotor activity was blocked by α-methyltyrosine, an inhibitor of catecholamine synthesis. The total brain content of norepinephrine, dopamine, and serotonin was reduced by pentazocine; turnover rates were not affected. The depletion of the catecholamines was 2½-3½ times greater than that of serotonin. Morphine, in doses as high as 256 mg/kg, caused a much smaller reduction in brain norepinephrine than did pentazocine and elevated brain levels of dopamine. Naloxone (16 mg/kg) failed to block the effects of pentazocine on brain monoamines but did block those of morphine. These findings have been interpreted as follows: 1) the actions of pentazocine on operant behavior appear to be independent of its effects on brain monoamines; 2) stimulation of locomotor activity by pentazocine may be related to the release of brain monoamines; and 3) some of pentazocine's agonistic effects are mediated by mechanisms distinct from those which mediate the actions of morphine."
57,1972,Brain stem serotonin depletion and ponto-geniculo-occipital wave activity in the cat treated with reserpine.,"Dana C. Brooks, Michael D. Gershon, R. Simon",Neuropharmacology,1972-07-01,49,1,83.62,"Electrophysiology, Neural Signals, and AI Decoding",brain-structure,"Positions Brain stem serotonin depletion and ponto-geniculo-occipital wave activity in the cat treated with reserpine. within EEG, MEG, and Electrophysiology.",high citation signal (49); brain-structure signal,"Signal artifacts, montage choices, source localization, and session drift can dominate apparent model performance.; Temporal precision does not automatically imply anatomical specificity.; Imaging conclusions can depend on acquisition, preprocessing, and model specification.",10.1016/0028-3908(72)90006-8,acf6dd63c3d13c39a77cd0c4d3d305b2b6cd18f8,https://doi.org/10.1016/0028-3908(72)90006-8,,,,JournalArticle,unknown,brain; eeg; meg; brain/neural structure in title,
58,1972,Thein vivo neuropharmacology of amino-oxyacetic acid in the cerebral cortex of the cat,"Z. Gottesfeld, J. Kelly, L. Renaud",Unknown venue,1972-07-20,48,0,83.25,General Brain-AI Structure Reviews and Methods,brain-structure,Positions Thein vivo neuropharmacology of amino-oxyacetic acid in the cerebral cortex of the cat within General Brain Science and Reviews.,high citation signal (48); brain-structure signal,"Reviews and methods can dominate citations while obscuring smaller empirical advances.; Bridge terminology can be ambiguous, especially around neural networks, intelligence, and biological plausibility.; Imaging conclusions can depend on acquisition, preprocessing, and model specification.",10.1016/0006-8993(72)90534-3,c5ad5313738996e41c39c11fa313b115a1125baf,https://doi.org/10.1016/0006-8993(72)90534-3,,,,paper,unknown,brain; cerebral; cortex; brain/neural structure in title,
59,1972,Brain stem encephalitis caused by Herpesvirus hominis.,"A. Dayan, W. Gooddy, M. Harrison, P. Rudge",British medical journal,1972-11-18,47,0,85.88,"Electrophysiology, Neural Signals, and AI Decoding",brain-structure,"Positions Brain stem encephalitis caused by Herpesvirus hominis. within EEG, MEG, and Electrophysiology.",high citation signal (47); open-access PDF metadata; brain-structure signal,"Signal artifacts, montage choices, source localization, and session drift can dominate apparent model performance.; Temporal precision does not automatically imply anatomical specificity.; Imaging conclusions can depend on acquisition, preprocessing, and model specification.",10.1136/BMJ.4.5837.405,faa7b4c5f088c7dd10034db6608dd070192c3622,https://doi.org/10.1136/BMJ.4.5837.405,,https://www.bmj.com/content/bmj/4/5837/405.full.pdf,,JournalArticle; CaseReport,unknown,brain; eeg; meg; brain/neural structure in title,
60,1972,Localization of sensory zones in the dolphin cerebral cortex,"Sokolov Ve, Ladygina Tf, Supin AIa",Unknown venue,1972-01-11,43,0,81.32,General Brain-AI Structure Reviews and Methods,brain-structure,Positions Localization of sensory zones in the dolphin cerebral cortex within General Brain Science and Reviews.,high citation signal (43); brain-structure signal,"Reviews and methods can dominate citations while obscuring smaller empirical advances.; Bridge terminology can be ambiguous, especially around neural networks, intelligence, and biological plausibility.; Imaging conclusions can depend on acquisition, preprocessing, and model specification.",,97fb1293d3775be19bb1066d296ae9ca4ecd1fa2,https://www.semanticscholar.org/paper/97fb1293d3775be19bb1066d296ae9ca4ecd1fa2,,,,paper,unknown,brain; cerebral; cortex; brain/neural structure in title,
61,1972,DEVELOPMENT AND CHARACTERISTICS OF THE HISTAMINE-INDUCED ACCUMULATION OF CYCLIC AMP IN THE RABBIT CEREBRAL CORTEX,"G. C. Palmer, M. Schmidt, G. Robison",Journal of Neurochemistry,1972-10-01,40,0,80.04,General Brain-AI Structure Reviews and Methods,brain-structure,"Positions DEVELOPMENT AND CHARACTERISTICS OF THE HISTAMINE-INDUCED ACCUMULATION OF CYCLIC AMP IN THE RABBIT CEREBRAL CORTEX within Brain Development, Plasticity, and Connectomics.",high citation signal (40); brain-structure signal,"Reviews and methods can dominate citations while obscuring smaller empirical advances.; Bridge terminology can be ambiguous, especially around neural networks, intelligence, and biological plausibility.; Imaging conclusions can depend on acquisition, preprocessing, and model specification.",10.1111/j.1471-4159.1972.tb01278.x,d9d895926119bb40b55ee937fe8261340d3168d6,https://doi.org/10.1111/j.1471-4159.1972.tb01278.x,,,,JournalArticle,unknown,brain; cerebral; cortex; brain/neural structure in title,
62,1972,The Production and Detection of Epileptogenic Lesions in Rat Cerebral Cortex,"R. Dow, J. McQueen, H. Townsend",Epilepsia,1972-07-01,40,0,80.04,General Brain-AI Structure Reviews and Methods,brain-structure,Positions The Production and Detection of Epileptogenic Lesions in Rat Cerebral Cortex within General Brain Science and Reviews.,high citation signal (40); brain-structure signal,"Reviews and methods can dominate citations while obscuring smaller empirical advances.; Bridge terminology can be ambiguous, especially around neural networks, intelligence, and biological plausibility.; Imaging conclusions can depend on acquisition, preprocessing, and model specification.",10.1111/j.1528-1157.1972.tb04585.x,2c620a7fa981f97ab0a4f0673545811df84c6bc8,https://doi.org/10.1111/j.1528-1157.1972.tb04585.x,,,,JournalArticle,unknown,brain; cerebral; cortex; brain/neural structure in title,
63,1972,Effects of black widow spider venom on acetylcholine release from rat cerebral cortex slices in vitro.,"N. Frontali, F. Granata, P. Parisi",Biochemical Pharmacology,1972-04-01,39,0,79.6,General Brain-AI Structure Reviews and Methods,brain-structure,Positions Effects of black widow spider venom on acetylcholine release from rat cerebral cortex slices in vitro. within General Brain Science and Reviews.,high citation signal (39); brain-structure signal,"Reviews and methods can dominate citations while obscuring smaller empirical advances.; Bridge terminology can be ambiguous, especially around neural networks, intelligence, and biological plausibility.; Imaging conclusions can depend on acquisition, preprocessing, and model specification.",10.1016/0006-2952(72)90401-7,acb5dadb9fff10ae36ba67d33666f5e4bb27b341,https://doi.org/10.1016/0006-2952(72)90401-7,,,,JournalArticle,unknown,brain; cerebral; cortex; brain/neural structure in title,
64,1972,"Stereoselectivity of catecholamine uptake by brain synaptosomes: studies with ephedrine, methylphenidate and phenyl-2-piperidyl carbinol.","E. Hendley, S. Snyder, J. J. Fauley, J. Lapidus",Journal of Pharmacology and Experimental Therapeutics,1972-10-01,39,1,79.6,General Brain-AI Structure Reviews and Methods,brain-structure,"In this study we examined the stereoselectivity of catecholamine uptake into synaptosomes prepared from rat cerebral cortex or corpus striatum with isomers of ephedrine, methylphenidate and phenyl-2-piperidyl carbinol, compounds possessing two asymmetric carbons, hence, four possible stereoisomers.",high citation signal (39); brain-structure signal,"Reviews and methods can dominate citations while obscuring smaller empirical advances.; Bridge terminology can be ambiguous, especially around neural networks, intelligence, and biological plausibility.; Imaging conclusions can depend on acquisition, preprocessing, and model specification.",10.1016/s0022-3565(25)29320-x,cddf47660dcfce890487ac847012a880fdc70a05,https://doi.org/10.1016/s0022-3565(25)29320-x,,,,JournalArticle,unknown,brain; cerebral; cortex; brain/neural structure in title,"In this study we examined the stereoselectivity of catecholamine uptake into synaptosomes prepared from rat cerebral cortex or corpus striatum with isomers of ephedrine, methylphenidate and phenyl-2-piperidyl carbinol, compounds possessing two asymmetric carbons, hence, four possible stereoisomers. The four ephedrine isomers were more potent inhibitors of catecholamine uptake in the cerebral cortex than in the corpus striatum. There was a 100-fold variation in potency among the ephedrine isomers in the cerebral cortex but only a 7-fold variation in the corpus striatum. The optimal configuration at the α (S) and β(R) carbons ( erythro configuration) for activity of the ephedrines in both brain regions corresponds to the configurations of (+)-amphetamine and (-)-norepinephrine, respectively. In contrast, the four phenyl-2-piperidyl carbinol isomers were more potent in the corpus striatum than in the cerebral cortex, and the configuration of the most potent isomer was R at both α and β carbons, i.e., threo . Also unlike the ephedrines, there was a greater variation in potency among the various phenyl-2-piperidyl carbinol isomers in the striatum than in the cerebral cortex. The methylphenidates, like phenyl-2-piperidyl carbinol, were more potent inhibitors of catecholamine uptake in the corpus striatum than in the cerebral cortex, and the threo racemate of methylphenidate was about 100 times more active than the erythro racemate in both areas. Although ephedrine, amphetamine and norepinephrine isomers show much less stereoselectivity in the corpus striatum than in the cerebral cortex, phenyl-2-piperidyl carbinol and methylphenidate isomers display more stereoselectivity in the corpus striatum than in the cerebral cortex. The relative activity among phenyl-2-piperidyl carbinol and methylphenidate isomers in inhibiting catecholamine uptake is opposite to that of ephedrine isomers."
65,1972,A mathematical model for the determination of viscoelastic behavior of brain in vivo. I. Oscillatory response.,"Han, Chou, Wang, Alan, S. WlNEMANt",Journal of Biomechanics,1972-09-01,38,0,86.14,Computational Neuroscience and Brain-Inspired AI,brain-structure,Positions A mathematical model for the determination of viscoelastic behavior of brain in vivo. I. Oscillatory response. within Cognitive and Systems Neuroscience.,high citation signal (38); open-access PDF metadata; brain-structure signal,"Model fit does not by itself prove biological mechanism.; Brain-inspired analogies can become too loose unless tied to measurable neural evidence.; Imaging conclusions can depend on acquisition, preprocessing, and model specification.",10.1016/0021-9290(72)90002-4,035e79ad47b18e089e7d65290e6dad08980a932c,https://doi.org/10.1016/0021-9290(72)90002-4,,http://deepblue.lib.umich.edu/bitstream/2027.42/34042/1/0000319.pdf,,JournalArticle,unknown,brain; brain/neural structure in title; historical computation/learning bridge,
66,1972,Regional effects of L-dihydroxyphenylalanine (L-dopa) on norepinephrine metabolism in rat brain.,"J. A. Romero, J. Chalmers, K. Cottman, L. D. Lytle, R. Wurtman",Journal of Pharmacology and Experimental Therapeutics,1972-02-01,38,0,83.14,General Brain-AI Structure Reviews and Methods,brain-structure,"After 10 daily doses of L-dihydroxyphenylalanine (L-dopa) (100 mg/kg i.p.), rats received intracisternal tritiated norepinephrine ( 3 H-NE) and a final dose of L-dopa five minutes later.",high citation signal (38); brain-structure signal,"Reviews and methods can dominate citations while obscuring smaller empirical advances.; Bridge terminology can be ambiguous, especially around neural networks, intelligence, and biological plausibility.; Imaging conclusions can depend on acquisition, preprocessing, and model specification.",10.1016/s0022-3565(25)29111-x,120ac75e06c6360ff3600d92fc3d9149de460f3a,https://doi.org/10.1016/s0022-3565(25)29111-x,,,,JournalArticle,unknown,brain; thalamus; hypothalamus; cerebellum; brainstem; brain/neural structure in title,"After 10 daily doses of L-dihydroxyphenylalanine (L-dopa) (100 mg/kg i.p.), rats received intracisternal tritiated norepinephrine ( 3 H-NE) and a final dose of L-dopa five minutes later. They were killed at intervals during the next six hours and their brains were dissected into five regions (striatum, hypothalamus, brainstem, telencephalon and cerebellum) and assayed for NE, L-dopa, dopamine, 3 H-NE and 3 H-NE metabolites. L-Dopa caused decreases in the concentrations of O-methylated 3 H-NE metabolites especially in the telencephalon, brainstem and cerebellum. As long as L-dopa was detectable in the brain, total NE pools were generally enlarged in these regions, as were dopamine levels in both the striatum and the rest of the brain. 3 H-NE utilization was studied by examining three parameters: disappearance of 3 H-NE, decline of 3 H-NE specific activity and calculated turnover rate. Generally, these three parameters of 3 H-NE kinetics were accelerated initially and then decelerated as a result of L-dopa treatment, with regional differences in magnitude and time course. In the hypothalamus, accelerated 3 H-NE disappearance and turnover persisted throughout the period examined."
67,1972,Free and membrane-bound ribosomes of rat cerebral cortex. Protein synthesis in vivo and in vitro.,M. Murthy,Journal of Biological Chemistry,1972-03-25,38,0,82.14,General Brain-AI Structure Reviews and Methods,brain-structure,Abstract Free ribosomes and membrane-bound ribosomes were prepared from cerebral cortex of 2-week-old rats using a discontinuous sucrose density gradient centrifugation technique.,high citation signal (38); open-access PDF metadata; brain-structure signal,"Reviews and methods can dominate citations while obscuring smaller empirical advances.; Bridge terminology can be ambiguous, especially around neural networks, intelligence, and biological plausibility.; Imaging conclusions can depend on acquisition, preprocessing, and model specification.",10.1016/s0021-9258(19)45560-9,d0ea0b4db01d9fda6b58aa2e99e3a93d27bac66d,https://doi.org/10.1016/s0021-9258(19)45560-9,,https://doi.org/10.1016/s0021-9258(19)45560-9,,JournalArticle,unknown,brain; cerebral; cortex; brain/neural structure in title,"Abstract Free ribosomes and membrane-bound ribosomes were prepared from cerebral cortex of 2-week-old rats using a discontinuous sucrose density gradient centrifugation technique. Analysis of protein, RNA, and phospholipid contents of these ribosomes, as well as experiments in which radioactively labeled and unlabeled ribosomes were mixed together and separated, showed that there was no more than 5% cross-contamination between free and membrane-bound ribosomes. The requirements for in vitro incorporation of amino acids were similar for the two ribosomal preparations, but the membrane-bound ribosomes showed higher incorporation activity during brief incubation periods. Our results show that a higher proportion of polysomes or heavy ribosomal aggregates in the membrane-bound ribosomes could be one of the reasons for this activity. During prolonged incubation, the capacity of membrane-bound ribosomes to incorporate amino acids declined. This was accompanied by an accumulation of undetermined heat-labile and heat-stable inhibitors into the reaction medium. A larger proportion of polypeptides was completed and released by membrane-bound ribosomes as compared to free ribosomes. The pattern of labeling of ribosomal aggregates in vivo after intracerebral injection of [3H]leucine showed that, during the period immediately following the injection, polypeptides were synthesized mainly in the heavy aggregates of both free ribosomes and membrane-bound ribosomes. Subsequently, the radioactivity was progressively transferred from the heavy aggregates to the light aggregates, and this change occurred more rapidly in the free ribosomes than in the membrane-bound ribosomes. It is suggested that, in the course of polysome turnover in vivo in the cerebral cortex, the larger aggregates could be degraded to smaller aggregates and that membrane-bound ribosomes could be less susceptible than free ribosomes to this degradation."
68,1972,The elderly brain. A quantitative analysis in the cerebral cortex of two cases.,Colon Ej,Unknown venue,1972-07-01,37,0,78.68,General Brain-AI Structure Reviews and Methods,brain-structure,Positions The elderly brain. A quantitative analysis in the cerebral cortex of two cases. within General Brain Science and Reviews.,high citation signal (37); brain-structure signal,"Reviews and methods can dominate citations while obscuring smaller empirical advances.; Bridge terminology can be ambiguous, especially around neural networks, intelligence, and biological plausibility.; Imaging conclusions can depend on acquisition, preprocessing, and model specification.",,45b2b791cfc11d2bc73eea7aa11bd5805a93b6b1,https://www.semanticscholar.org/paper/45b2b791cfc11d2bc73eea7aa11bd5805a93b6b1,,,,paper,unknown,brain; cerebral; cortex; brain/neural structure in title,
69,1972,"SYNTHESIS OF GLYCOPROTEINS IN BRAIN: IDENTIFICATION, PURIFICATION AND PROPERTIES OF GLYCOSYL TRANSFERASES FROM PURIFIED SYNAPTOSOMES OF GUINEA PIG CEREBRAL CORTEX",H. Bosmann,Journal of Neurochemistry,1972-03-01,34,0,77.2,General Brain-AI Structure Reviews and Methods,brain-structure,"Positions SYNTHESIS OF GLYCOPROTEINS IN BRAIN: IDENTIFICATION, PURIFICATION AND PROPERTIES OF GLYCOSYL TRANSFERASES FROM PURIFIED SYNAPTOSOMES OF GUINEA PIG CEREBRAL CORTEX within General Brain Science and Reviews.",high citation signal (34); brain-structure signal,"Reviews and methods can dominate citations while obscuring smaller empirical advances.; Bridge terminology can be ambiguous, especially around neural networks, intelligence, and biological plausibility.; Imaging conclusions can depend on acquisition, preprocessing, and model specification.",10.1111/J.1471-4159.1972.TB01391.X,58e00b2d6063ddca84b6abcc4c8d9feaedbc61cc,https://doi.org/10.1111/J.1471-4159.1972.TB01391.X,,,,JournalArticle,unknown,brain; cerebral; cortex; brain/neural structure in title,
70,1972,Mechanism of noradrenaline action in cat cerebral cortex.,"N. Lake, L. M. Jordan, J. Phillis",Nature: New biology,1972-12-20,33,0,88.67,General Brain-AI Structure Reviews and Methods,brain-structure,Positions Mechanism of noradrenaline action in cat cerebral cortex. within General Brain Science and Reviews.,high citation signal (33); recognized venue; brain-structure signal,"Reviews and methods can dominate citations while obscuring smaller empirical advances.; Bridge terminology can be ambiguous, especially around neural networks, intelligence, and biological plausibility.; Imaging conclusions can depend on acquisition, preprocessing, and model specification.",10.1038/NEWBIO240249A0,e4b7b29047186e85d025ab41b2c8f867858207af,https://doi.org/10.1038/NEWBIO240249A0,,,,JournalArticle,unknown,brain; cerebral; cortex; brain/neural structure in title,
71,1972,Choline metabolism in the cerebral cortex of guinea pigs. Phosphorylcholine and lipid choline.,"M. Dowdall, L. A. Barker, V. P. Whittaker",Biochemical Journal,1972-12-01,31,0,78.58,General Brain-AI Structure Reviews and Methods,brain-structure,"Positions Choline metabolism in the cerebral cortex of guinea pigs. Phosphorylcholine and lipid choline. within Cerebrovascular, Metabolism, and Brain Injury.",high citation signal (31); open-access PDF metadata; brain-structure signal,"Reviews and methods can dominate citations while obscuring smaller empirical advances.; Bridge terminology can be ambiguous, especially around neural networks, intelligence, and biological plausibility.; Imaging conclusions can depend on acquisition, preprocessing, and model specification.",10.1042/BJ1301081,539403268559e7751872dda533cef0326b3ee328,https://doi.org/10.1042/BJ1301081,,https://europepmc.org/articles/pmc1174558?pdf=render,,JournalArticle,unknown,brain; cerebral; cortex; brain/neural structure in title,
72,1972,Effects of various psychotomimetic agents on the EEG and acetylcholine release from the cerebral cortex of brainstem transected cats.,"E. Domino, A. Bartolini",Neuropharmacology,1972-09-01,30,1,85.21,"Electrophysiology, Neural Signals, and AI Decoding",brain-structure;neural-signals,"Positions Effects of various psychotomimetic agents on the EEG and acetylcholine release from the cerebral cortex of brainstem transected cats. within EEG, MEG, and Electrophysiology.",high citation signal (30); open-access PDF metadata; brain-structure signal,"Signal artifacts, montage choices, source localization, and session drift can dominate apparent model performance.; Temporal precision does not automatically imply anatomical specificity.; Imaging conclusions can depend on acquisition, preprocessing, and model specification.",10.1016/0028-3908(72)90079-2,92fdcec5d4ea1ee300321f3c7db50459a19faaec,https://doi.org/10.1016/0028-3908(72)90079-2,,http://deepblue.lib.umich.edu/bitstream/2027.42/34044/1/0000321.pdf,,JournalArticle,unknown,brain; cerebral; cortex; brainstem; eeg; meg; brain/neural structure in title,
73,1972,Subcellular distribution of proteins synthesized in slices of rat cerebral cortex.,"F. P. White, W. Mcbride, H. Mahler, W. Moore",Journal of Biological Chemistry,1972-02-25,29,0,77.42,"Cellular, Synaptic, and Neuromorphic Foundations",brain-structure,"Abstract The incorporation of l-[4,5-3H]leucine into slices of rat cerebral cortex has been measured, with emphasis on the time course of the distribution of label in subcellular fractions prepared by zonal isopycnic centrifugation in continuous sucrose gradients.",high citation signal (29); open-access PDF metadata; brain-structure signal,"Cellular mechanisms rarely scale directly into whole-brain behavior or modern AI architectures.; Animal and ex vivo findings require careful translation to human cognition and deployed systems.; Imaging conclusions can depend on acquisition, preprocessing, and model specification.",10.1016/s0021-9258(19)45640-8,10e0bbeecc55cd4ade9519c38f342744103d0dc1,https://doi.org/10.1016/s0021-9258(19)45640-8,,https://doi.org/10.1016/s0021-9258(19)45640-8,,JournalArticle,unknown,cerebral; cortex; neuron; brain/neural structure in title,"Abstract The incorporation of l-[4,5-3H]leucine into slices of rat cerebral cortex has been measured, with emphasis on the time course of the distribution of label in subcellular fractions prepared by zonal isopycnic centrifugation in continuous sucrose gradients. Rapidly labeled proteins are found in both the soluble and membranous components of the nerve end particles. Except for a minor part of the mitochondrial protein, the synthesis of all membrane-bound proteins is inhibited drastically by cycloheximide. When synthesis is blocked by cycloheximide, the supply of label continues for some minutes to certain membrane fractions derived from synaptic structures, apparently by a rapid transport of newly synthesized proteins from cytoplasmic ribosomes in the neuronal perikaryon. An increased extracellular concentration of potassium ion inhibits and ouabain accelerates protein synthesis in some fractions. These effects suggest a coupling of the protein synthesizing system with the (Na+ + K+)-activated ouabain-sensitive adenosine triphosphatase in the plasma membranes."
74,1972,The elderly brain. A quantitative analysis in the cerebral cortex of two cases.,E. Colon,"Psychiatria, neurologia, neurochirurgia",1972,29,0,74.42,General Brain-AI Structure Reviews and Methods,brain-structure,Positions The elderly brain. A quantitative analysis in the cerebral cortex of two cases. within General Brain Science and Reviews.,high citation signal (29); brain-structure signal,"Reviews and methods can dominate citations while obscuring smaller empirical advances.; Bridge terminology can be ambiguous, especially around neural networks, intelligence, and biological plausibility.; Imaging conclusions can depend on acquisition, preprocessing, and model specification.",,76c0e667cd0ec2c6a5f7d2b40550cfe06e019fcc,https://www.semanticscholar.org/paper/76c0e667cd0ec2c6a5f7d2b40550cfe06e019fcc,,,,JournalArticle,unknown,brain; cerebral; cortex; brain/neural structure in title,
75,1972,Light and electron microscopic features and frequencies of the glial cells present in the cerebral cortex of the rat brain.,Shiro Mori,Archivum histologicum Japonicum = Nihon soshikigaku kiroku,1972-05-01,28,0,76.81,"Cellular, Synaptic, and Neuromorphic Foundations",brain-structure,"Positions Light and electron microscopic features and frequencies of the glial cells present in the cerebral cortex of the rat brain. within Cellular, Molecular, and Synaptic Neuroscience.",high citation signal (28); open-access PDF metadata; brain-structure signal,"Cellular mechanisms rarely scale directly into whole-brain behavior or modern AI architectures.; Animal and ex vivo findings require careful translation to human cognition and deployed systems.; Imaging conclusions can depend on acquisition, preprocessing, and model specification.",10.1679/AOHC1950.34.231,471a282214242ca06ebf2e67ef42c1c3ae979dd2,https://doi.org/10.1679/AOHC1950.34.231,,https://doi.org/10.1679/aohc1950.34.231,,JournalArticle,unknown,brain; cerebral; cortex; brain/neural structure in title,
76,1972,SUBCELLULAR DISTRIBUTION OF PYRUVATE KINASE (EC 2.7.1.40) IN CEREBRAL CORTEX,"H. Tamir, H. Kaufman, M. Rapport",Journal of Neurochemistry,1972-07-01,28,0,73.81,"Cellular, Synaptic, and Neuromorphic Foundations",brain-structure,Positions SUBCELLULAR DISTRIBUTION OF PYRUVATE KINASE (EC 2.7.1.40) IN CEREBRAL CORTEX within General Brain Science and Reviews.,high citation signal (28); brain-structure signal,"Cellular mechanisms rarely scale directly into whole-brain behavior or modern AI architectures.; Animal and ex vivo findings require careful translation to human cognition and deployed systems.; Imaging conclusions can depend on acquisition, preprocessing, and model specification.",10.1111/j.1471-4159.1972.tb06220.x,d67ba35dc7f2ff63c1e3685277203307f93666c5,https://doi.org/10.1111/j.1471-4159.1972.tb06220.x,,,,JournalArticle,unknown,brain; cerebral; cortex; brain/neural structure in title,
77,1972,Antagonism of GABA by picrotoxin in the feline cerebral cortex,"R. G. Hill, Michael A. Simmonds, D. Straughan",British Journal of Pharmacology,1972-04-01,27,0,76.18,General Brain-AI Structure Reviews and Methods,brain-structure,Positions Antagonism of GABA by picrotoxin in the feline cerebral cortex within General Brain Science and Reviews.,high citation signal (27); open-access PDF metadata; brain-structure signal,"Reviews and methods can dominate citations while obscuring smaller empirical advances.; Bridge terminology can be ambiguous, especially around neural networks, intelligence, and biological plausibility.; Imaging conclusions can depend on acquisition, preprocessing, and model specification.",10.1111/j.1476-5381.1972.tb07319.x,3c39b2791c38623a3d77dbab04f6ce734f46c2ab,https://doi.org/10.1111/j.1476-5381.1972.tb07319.x,,https://onlinelibrary.wiley.com/doi/pdfdirect/10.1111/j.1476-5381.1972.tb07319.x,,JournalArticle,unknown,brain; cerebral; cortex; brain/neural structure in title,
78,1972,The effects of prostaglandins on cyclic-AMP formation in cerebral cortex of different mammalian species,"F. Berti, M. Trabucchi, V. Bernareggi, R. Fumagalli",Unknown venue,1972-09-01,27,0,73.18,General Brain-AI Structure Reviews and Methods,brain-structure,Positions The effects of prostaglandins on cyclic-AMP formation in cerebral cortex of different mammalian species within General Brain Science and Reviews.,high citation signal (27); brain-structure signal,"Reviews and methods can dominate citations while obscuring smaller empirical advances.; Bridge terminology can be ambiguous, especially around neural networks, intelligence, and biological plausibility.; Imaging conclusions can depend on acquisition, preprocessing, and model specification.",10.1016/0031-6989(72)90012-4,0d9889f9f6492480186574138ca820af92dbd3ee,https://doi.org/10.1016/0031-6989(72)90012-4,,,,paper,unknown,brain; cerebral; cortex; brain/neural structure in title,
79,1972,"Effect of etorphine, morphine and diprenorphine on neurones of the cerebral cortex and spinal cord of the rat","T. Biscoe, A. W. Duggan, D. Lodge",British Journal of Pharmacology,1972-10-01,26,0,75.53,"Cellular, Synaptic, and Neuromorphic Foundations",brain-structure,"Positions Effect of etorphine, morphine and diprenorphine on neurones of the cerebral cortex and spinal cord of the rat within Cellular, Molecular, and Synaptic Neuroscience.",high citation signal (26); open-access PDF metadata; brain-structure signal,"Cellular mechanisms rarely scale directly into whole-brain behavior or modern AI architectures.; Animal and ex vivo findings require careful translation to human cognition and deployed systems.; Imaging conclusions can depend on acquisition, preprocessing, and model specification.",10.1111/j.1476-5381.1972.tb06865.x,681a2f9d858346f53b99fe20895e6ad39f5ecded,https://doi.org/10.1111/j.1476-5381.1972.tb06865.x,,https://onlinelibrary.wiley.com/doi/pdfdirect/10.1111/j.1476-5381.1972.tb06865.x,,JournalArticle,unknown,cerebral; cortex; neuron; brain/neural structure in title,
80,1972,Excitatory action of dibutyryl cyclic adenosine monophosphate on immature cerebral cortex.,"D. Purpura, R. Shofer",Brain Research,1972-03-10,26,0,84.53,General Brain-AI Structure Reviews and Methods,brain-structure,Positions Excitatory action of dibutyryl cyclic adenosine monophosphate on immature cerebral cortex. within General Brain Science and Reviews.,high citation signal (26); recognized venue; brain-structure signal,"Reviews and methods can dominate citations while obscuring smaller empirical advances.; Bridge terminology can be ambiguous, especially around neural networks, intelligence, and biological plausibility.; Imaging conclusions can depend on acquisition, preprocessing, and model specification.",10.1016/0006-8993(72)90599-9,33b766ee813b184baac3e278e4c64887cfcb7374,https://doi.org/10.1016/0006-8993(72)90599-9,,,,JournalArticle,unknown,brain; cerebral; cortex; brain/neural structure in title,
81,1972,Projection of forelimb group I muscle afferents to the cat cerebral cortex.,I. Rosén,International review of neurobiology,1972,25,1,71.85,General Brain-AI Structure Reviews and Methods,brain-structure,Positions Projection of forelimb group I muscle afferents to the cat cerebral cortex. within General Brain Science and Reviews.,high citation signal (25); brain-structure signal,"Reviews and methods can dominate citations while obscuring smaller empirical advances.; Bridge terminology can be ambiguous, especially around neural networks, intelligence, and biological plausibility.; Imaging conclusions can depend on acquisition, preprocessing, and model specification.",10.1016/S0074-7742(08)60327-X,3d0a601383d742be5d3f56ed9727015922adad63,https://doi.org/10.1016/S0074-7742(08)60327-X,,,,Review; JournalArticle,unknown,brain; cerebral; cortex; brain/neural structure in title,
82,1972,Free and membrane-bound ribosomes of rat cerebral cortex. Metabolism of ribosomal and messenger ribonucleic acid.,M. Murthy,Journal of Biological Chemistry,1972-03-25,23,0,75.4,"Electrophysiology, Neural Signals, and AI Decoding",brain-structure,Abstract Free and membrane-bound ribosomes were isolated from cerebral cortex of young rats at various times after they received simultaneous intracerebral injections of [14C]uridine and [methyl-3H]methionine.,high citation signal (23); open-access PDF metadata; brain-structure signal,"Signal artifacts, montage choices, source localization, and session drift can dominate apparent model performance.; Temporal precision does not automatically imply anatomical specificity.; Imaging conclusions can depend on acquisition, preprocessing, and model specification.",10.1016/s0021-9258(19)45561-0,0db255e768fdd9935f4ab079dd0e2198e71d7439,https://doi.org/10.1016/s0021-9258(19)45561-0,,https://doi.org/10.1016/s0021-9258(19)45561-0,,JournalArticle,unknown,cerebral; cortex; eeg; meg; brain/neural structure in title,"Abstract Free and membrane-bound ribosomes were isolated from cerebral cortex of young rats at various times after they received simultaneous intracerebral injections of [14C]uridine and [methyl-3H]methionine. Using acid and alkaline extraction with phenol, two types of doubly labeled RNA were prepared from these ribosomes, one rich in ribosomal RNA (pH 6) and the other rich in messenger RNA (pH 8.3). The pH-6 RNA was further resolved into 18 S and 28 S RNA by sucrose density gradient centrifugation. An examination of the rate of incorporation of [14C]uridine into different RNA fractions showed that there was no difference in the 14C labeling of the 18 S and 28 S RNA's of free and membrane-bound ribosomes, indicating similar rates of polymerization and cytoplasmic transfer for these polynucleotides. The kinetics of 3H incorporation, however, revealed that the membrane-bound ribosomal RNA's had higher rates of methylation and might possess more methylated bases in comparison with their free ribosomal counterparts. The relative rates of incorporation of 14C and 3H indicated that the mRNA attached to the membrane-bound ribosomes may have a lower rate of turnover than the mRNA of free ribosomes. This view was supported by the comparatively slower incorporation in vivo of [3H]uridine into EDTA extract of membrane-bound polysomes, the lower rate of degradation subsequent to actinomycin D injection, and lower susceptibility to RNase of membrane-bound ribosomes as compared to free ribosomes."
83,1972,Labelling of cholinergic receptors in subcellular fractions from rat cerebral cortex.,"C. Hiley, J. Young, A. Burgen",Biochemical Journal,1972-05-01,23,0,73.4,"Cellular, Synaptic, and Neuromorphic Foundations",brain-structure,Positions Labelling of cholinergic receptors in subcellular fractions from rat cerebral cortex. within General Brain Science and Reviews.,high citation signal (23); open-access PDF metadata; brain-structure signal,"Cellular mechanisms rarely scale directly into whole-brain behavior or modern AI architectures.; Animal and ex vivo findings require careful translation to human cognition and deployed systems.; Imaging conclusions can depend on acquisition, preprocessing, and model specification.",10.1042/BJ1270086PA,ee4aa64e8d4bfc83d100cd690972ae27a0effd4f,https://doi.org/10.1042/BJ1270086PA,,https://europepmc.org/articles/pmc1178811?pdf=render,,JournalArticle,unknown,brain; cerebral; cortex; brain/neural structure in title,
84,1972,Effect of p-chlorophenylalanine on hydroxylation of tryptophan in pineal and brain of rats.,"Takeo Deguchi, Jack D. Barchas",Molecular Pharmacology,1972-11-01,22,0,69.64,General Brain-AI Structure Reviews and Methods,brain-structure,"Tryptophan hydroxylase activity was measured in vitro in the pineal gland, brain stem, and cerebral cortex of rats after treatment with p-chlorophenylalanine.",high citation signal (22); brain-structure signal,"Reviews and methods can dominate citations while obscuring smaller empirical advances.; Bridge terminology can be ambiguous, especially around neural networks, intelligence, and biological plausibility.; Imaging conclusions can depend on acquisition, preprocessing, and model specification.",10.1016/s0026-895x(25)12809-5,45249edd74e99875c6ad9e54fd3c524191155d36,https://doi.org/10.1016/s0026-895x(25)12809-5,,,,JournalArticle,unknown,brain; cerebral; cortex; brain/neural structure in title,"Tryptophan hydroxylase activity was measured in vitro in the pineal gland, brain stem, and cerebral cortex of rats after treatment with p-chlorophenylalanine. Enzyme activity in the brain stem or cortex, assayed at 10 µM tryptophan, decreased to 5% of control 1-3 days after treatment with p-chlorophenylalanine. Enzyme activity in the pineal remained at 60-75% of that in control rats. When the tryptophan concentration was greater than 100 µM, tryptophan hydroxylase activity in the pineal did not differ between control and p-chlorophenylalanine-treated rats. Tryptophan hydroxylase in the pineal is thus relatively resistant to inhibition with p-chlorophenylalanine. p-Chlorophenylalanine depleted serotonin levels in the pineal as well as in the brain. Neither the pineal nor the brain could convert tracer doses of radioactive tryptophan to serotonin, indicating that the biosynthetic capacity was impaired by treatment of the rats with p-chlorophenylalanine. However, after injection of a large dose of L-tryptophan, the pineals of p-chlorophenylalanine-treated rats synthesized serotonin from tryptophan at almost the same rate as the pineals of control rats. Smaller doses of L-tryptophan were less effective in increasing serotonin levels. These results indicate that, although the pineals of p-chlorophenylalanine-treated rats retained tryptophan hydroxylase, the affinity of the enzyme for tryptophan was reduced. The differential sensitivity to p-chlorophenylalanine of pineal tryptophan hydroxylase as compared to the enzyme from various brain regions suggests that the pineal enzyme has distinctive molecular properties."
85,1972,ON THE PHOSPHOLIPASE A2 ACTIVITY OF HUMAN CEREBRAL CORTEX,"M. Cooper, G. Webster",Unknown venue,1972-02-01,22,0,69.64,General Brain-AI Structure Reviews and Methods,brain-structure,Positions ON THE PHOSPHOLIPASE A2 ACTIVITY OF HUMAN CEREBRAL CORTEX within General Brain Science and Reviews.,high citation signal (22); brain-structure signal,"Reviews and methods can dominate citations while obscuring smaller empirical advances.; Bridge terminology can be ambiguous, especially around neural networks, intelligence, and biological plausibility.; Imaging conclusions can depend on acquisition, preprocessing, and model specification.",10.1111/j.1471-4159.1972.tb01343.x,19af614131f10c025b615d27ee236e6668ae19c1,https://doi.org/10.1111/j.1471-4159.1972.tb01343.x,,,,paper,unknown,brain; cerebral; cortex; brain/neural structure in title,
86,1972,"Norepinephrine concentration in the hypothalamus, amygdala, hippocampus, and cerebral cortex during postnatal development and vaginal opening.","R. Weiner, W. Ganong",Neuroendocrinology,1972,21,0,74.84,General Brain-AI Structure Reviews and Methods,brain-structure,"Positions Norepinephrine concentration in the hypothalamus, amygdala, hippocampus, and cerebral cortex during postnatal development and vaginal opening. within Cognitive and Systems Neuroscience.",high citation signal (21); brain-structure signal,"Reviews and methods can dominate citations while obscuring smaller empirical advances.; Bridge terminology can be ambiguous, especially around neural networks, intelligence, and biological plausibility.; Imaging conclusions can depend on acquisition, preprocessing, and model specification.",10.1159/000122038,457778dca1e31f8a1e4c3fe1980baea46fbacd83,https://doi.org/10.1159/000122038,,,,JournalArticle,unknown,cerebral; cortex; hippocampus; amygdala; thalamus; hypothalamus; brain/neural structure in title,
87,1972,Responses of neurones in the cat's visual cerebral cortex to relative movement of patterns,"B. Burns, U. Gassanov, A. C. Webb",Journal of Physiology,1972-10-01,21,0,71.84,"Cellular, Synaptic, and Neuromorphic Foundations",brain-structure,"Positions Responses of neurones in the cat's visual cerebral cortex to relative movement of patterns within Cellular, Molecular, and Synaptic Neuroscience.",high citation signal (21); open-access PDF metadata; brain-structure signal,"Cellular mechanisms rarely scale directly into whole-brain behavior or modern AI architectures.; Animal and ex vivo findings require careful translation to human cognition and deployed systems.; Imaging conclusions can depend on acquisition, preprocessing, and model specification.",10.1113/jphysiol.1972.sp009977,4e7c25994fd5c4572cf92dbc60bfb4ed3cd1eac0,https://doi.org/10.1113/jphysiol.1972.sp009977,,https://www.ncbi.nlm.nih.gov/pmc/articles/PMC1331157,,JournalArticle,unknown,cerebral; cortex; neuron; brain/neural structure in title,
88,1972,Synapses and malnutrition. Morphological and biochemical study of synaptosomal fractions from rat cerebral cortex.,"P. Gambetti, L. Autilio-Gambetti, N. Gonatas, B. Shafer, A. Stieber",Brain Research,1972-12-12,21,1,80.84,"Cellular, Synaptic, and Neuromorphic Foundations",brain-structure,"Positions Synapses and malnutrition. Morphological and biochemical study of synaptosomal fractions from rat cerebral cortex. within Cellular, Molecular, and Synaptic Neuroscience.",high citation signal (21); recognized venue; brain-structure signal,"Cellular mechanisms rarely scale directly into whole-brain behavior or modern AI architectures.; Animal and ex vivo findings require careful translation to human cognition and deployed systems.; Imaging conclusions can depend on acquisition, preprocessing, and model specification.",10.1016/0006-8993(72)90654-3,533eb3006df2cb8dddcfb3f86aeb9c552b5b0b56,https://doi.org/10.1016/0006-8993(72)90654-3,,,,JournalArticle,unknown,cerebral; cortex; synapse; brain/neural structure in title,
89,1972,CONTROL OF AEROBIC GLYCOLYSIS IN GUINEA-PIG CEREBRAL CORTEX SLICES,G. Takagaki,Journal of Neurochemistry,1972-07-01,20,1,68.0,General Brain-AI Structure Reviews and Methods,brain-structure,Positions CONTROL OF AEROBIC GLYCOLYSIS IN GUINEA-PIG CEREBRAL CORTEX SLICES within General Brain Science and Reviews.,high citation signal (20); brain-structure signal,"Reviews and methods can dominate citations while obscuring smaller empirical advances.; Bridge terminology can be ambiguous, especially around neural networks, intelligence, and biological plausibility.; Imaging conclusions can depend on acquisition, preprocessing, and model specification.",10.1111/j.1471-4159.1972.tb06218.x,d5552c89d1108826271b7523ca6bd049890b4a5e,https://doi.org/10.1111/j.1471-4159.1972.tb06218.x,,,,JournalArticle,unknown,brain; cerebral; cortex; brain/neural structure in title,
90,1972,THE ABSENCE OF 'SURPLUS' ACETYLCHOLINE FORMATION IN PRISMS PREPARED FROM RAT CEREBRAL CORTEX,"P. Bourdois, J. Szerb",Journal of Neurochemistry,1972-04-01,20,0,68.0,General Brain-AI Structure Reviews and Methods,brain-structure,Positions THE ABSENCE OF 'SURPLUS' ACETYLCHOLINE FORMATION IN PRISMS PREPARED FROM RAT CEREBRAL CORTEX within General Brain Science and Reviews.,high citation signal (20); brain-structure signal,"Reviews and methods can dominate citations while obscuring smaller empirical advances.; Bridge terminology can be ambiguous, especially around neural networks, intelligence, and biological plausibility.; Imaging conclusions can depend on acquisition, preprocessing, and model specification.",10.1111/j.1471-4159.1972.tb01439.x,aada2fd47153b1b440d762af4c2a02f994c58457,https://doi.org/10.1111/j.1471-4159.1972.tb01439.x,,,,JournalArticle,unknown,brain; cerebral; cortex; brain/neural structure in title,
91,1972,Hormonal regulation of brain development. V. Effect of neonatal thyroidectomy on lipid changes in cerebral cortex and cerebellum of developing rats.,"I. Faryna de Raveglia, C. J. Gomez, N. E. Ghittoni",Brain Research,1972-08-11,16,0,78.2,General Brain-AI Structure Reviews and Methods,brain-structure,"Positions Hormonal regulation of brain development. V. Effect of neonatal thyroidectomy on lipid changes in cerebral cortex and cerebellum of developing rats. within Brain Development, Plasticity, and Connectomics.",high citation signal (16); recognized venue; brain-structure signal,"Reviews and methods can dominate citations while obscuring smaller empirical advances.; Bridge terminology can be ambiguous, especially around neural networks, intelligence, and biological plausibility.; Imaging conclusions can depend on acquisition, preprocessing, and model specification.",10.1016/0006-8993(72)90283-1,b536b1c201b8c3cb41694d2005bce1ccd889a425,https://doi.org/10.1016/0006-8993(72)90283-1,,,,JournalArticle,unknown,brain; cerebral; cortex; cerebellum; brain/neural structure in title,
92,1972,CATIONIC COMPOSITION OF RAT CEREBRAL CORTEX SLICES. COMPARATIVE STUDY DURING DEVELOPMENT,"G. Franck, E. Schoffeniels",Journal of Neurochemistry,1972-02-01,16,0,64.2,General Brain-AI Structure Reviews and Methods,brain-structure,"Positions CATIONIC COMPOSITION OF RAT CEREBRAL CORTEX SLICES. COMPARATIVE STUDY DURING DEVELOPMENT within Brain Development, Plasticity, and Connectomics.",high citation signal (16); brain-structure signal,"Reviews and methods can dominate citations while obscuring smaller empirical advances.; Bridge terminology can be ambiguous, especially around neural networks, intelligence, and biological plausibility.; Imaging conclusions can depend on acquisition, preprocessing, and model specification.",10.1111/j.1471-4159.1972.tb01349.x,6f1a1b81dc3a49f2f258ff85f748269520fe42ba,https://doi.org/10.1111/j.1471-4159.1972.tb01349.x,,,,JournalArticle,unknown,brain; cerebral; cortex; brain/neural structure in title,
93,1972,Effect of insulin on glucose metabolism in cerebral cortex slices under aerobic and anaerobic conditions,K. G. Prasannan,Journal of Neurochemistry,1972-07-01,16,0,64.2,General Brain-AI Structure Reviews and Methods,brain-structure,"Positions Effect of insulin on glucose metabolism in cerebral cortex slices under aerobic and anaerobic conditions within Cerebrovascular, Metabolism, and Brain Injury.",high citation signal (16); brain-structure signal,"Reviews and methods can dominate citations while obscuring smaller empirical advances.; Bridge terminology can be ambiguous, especially around neural networks, intelligence, and biological plausibility.; Imaging conclusions can depend on acquisition, preprocessing, and model specification.",10.1111/j.1471-4159.1972.tb06231.x,7fb008930e2af5ded6c2c2c3f31fe43d99902628,https://doi.org/10.1111/j.1471-4159.1972.tb06231.x,,,,JournalArticle,unknown,brain; cerebral; cortex; brain/neural structure in title,
94,1972,PROTEIN SYNTHESIS IN NEURONAL PERIKARYA ISOLATED FROM CEREBRAL CORTEX OF THE IMMATURE RAT 1,"H. Kohl, O. Z. Sellinger",Journal of Neurochemistry,1972-03-01,16,0,67.2,"Cellular, Synaptic, and Neuromorphic Foundations",brain-structure,"Positions PROTEIN SYNTHESIS IN NEURONAL PERIKARYA ISOLATED FROM CEREBRAL CORTEX OF THE IMMATURE RAT 1 within Cellular, Molecular, and Synaptic Neuroscience.",high citation signal (16); open-access PDF metadata; brain-structure signal,"Cellular mechanisms rarely scale directly into whole-brain behavior or modern AI architectures.; Animal and ex vivo findings require careful translation to human cognition and deployed systems.; Imaging conclusions can depend on acquisition, preprocessing, and model specification.",10.1111/j.1471-4159.1972.tb01385.x,2e663a7418ccc372a2c43b3f3e52847a94d44be1,https://doi.org/10.1111/j.1471-4159.1972.tb01385.x,,http://deepblue.lib.umich.edu/bitstream/2027.42/65135/1/j.1471-4159.1972.tb01385.x.pdf,,JournalArticle,unknown,cerebral; cortex; neuron; brain/neural structure in title,
95,1972,"SUBCELLULAR DISTRIBUTION OF POTASSIUM, SODIUM, MAGNESIUM, CALCIUM AND CHLORIDE IN CEREBRAL CORTEX 1","Ruth C. Hanig, K. Tachiki, M. H. Aprison",Journal of Neurochemistry,1972-06-01,16,0,64.2,"Cellular, Synaptic, and Neuromorphic Foundations",brain-structure,"Positions SUBCELLULAR DISTRIBUTION OF POTASSIUM, SODIUM, MAGNESIUM, CALCIUM AND CHLORIDE IN CEREBRAL CORTEX 1 within General Brain Science and Reviews.",high citation signal (16); brain-structure signal,"Cellular mechanisms rarely scale directly into whole-brain behavior or modern AI architectures.; Animal and ex vivo findings require careful translation to human cognition and deployed systems.; Imaging conclusions can depend on acquisition, preprocessing, and model specification.",10.1111/j.1471-4159.1972.tb05093.x,8b0ffa0c16929e25f9a18a0eb9a07975a5ba94df,https://doi.org/10.1111/j.1471-4159.1972.tb05093.x,,,,JournalArticle,unknown,brain; cerebral; cortex; brain/neural structure in title,
96,1972,Influence of neonatal undernutrition on the lipid composition of cerebral cortex and cerebellum of the rat.,"Ghittoni Ne, I. FarynadeRaveglia",Unknown venue,1972,15,0,65.11,General Brain-AI Structure Reviews and Methods,brain-structure,Positions Influence of neonatal undernutrition on the lipid composition of cerebral cortex and cerebellum of the rat. within General Brain Science and Reviews.,high citation signal (15); brain-structure signal,"Reviews and methods can dominate citations while obscuring smaller empirical advances.; Bridge terminology can be ambiguous, especially around neural networks, intelligence, and biological plausibility.; Imaging conclusions can depend on acquisition, preprocessing, and model specification.",,3b6915c521c27bb38097e66faaeae546b83c76ea,https://www.semanticscholar.org/paper/3b6915c521c27bb38097e66faaeae546b83c76ea,,,,paper,unknown,brain; cerebral; cortex; cerebellum; brain/neural structure in title,
97,1972,Biosynthesis of RNA in two nuclear classes separated from rat cerebral cortex.,"A. Giuditta, B. Rutigliano, L. Casola, M. Romano",Brain Research,1972-11-13,15,0,75.11,General Brain-AI Structure Reviews and Methods,brain-structure,Positions Biosynthesis of RNA in two nuclear classes separated from rat cerebral cortex. within General Brain Science and Reviews.,high citation signal (15); recognized venue; brain-structure signal,"Reviews and methods can dominate citations while obscuring smaller empirical advances.; Bridge terminology can be ambiguous, especially around neural networks, intelligence, and biological plausibility.; Imaging conclusions can depend on acquisition, preprocessing, and model specification.",10.1016/0006-8993(72)90022-4,cd3d6b87c1d9e651463b065de93db1e0ef08da6a,https://doi.org/10.1016/0006-8993(72)90022-4,,,,JournalArticle,unknown,brain; cerebral; cortex; brain/neural structure in title,
98,1972,Operant controlled neural event: functional bioelectric coding in primary components of cortical evoked response in cat brain.,"A. Rudell, S. S. Fox",Journal of Neurophysiology,1972-11-01,15,0,63.11,General Brain-AI Structure Reviews and Methods,brain-structure,Positions Operant controlled neural event: functional bioelectric coding in primary components of cortical evoked response in cat brain. within General Brain Science and Reviews.,high citation signal (15); brain-structure signal,"Reviews and methods can dominate citations while obscuring smaller empirical advances.; Bridge terminology can be ambiguous, especially around neural networks, intelligence, and biological plausibility.; Imaging conclusions can depend on acquisition, preprocessing, and model specification.",10.1152/JN.1972.35.6.892,1b237e7149c71044193b4d7f386837a3b0616372,https://doi.org/10.1152/JN.1972.35.6.892,,,,JournalArticle,unknown,brain; cortical; neural; brain/neural structure in title,
99,1972,Studies on the ultrastructural distribution of H 3 -dimetacrine in rat cerebral cortex.,"R. Ishitani, T. Sato, T. Suga, H. Kitagawa",Japanese Journal of Pharmacology,1972,15,0,66.11,General Brain-AI Structure Reviews and Methods,brain-structure,Positions Studies on the ultrastructural distribution of H 3 -dimetacrine in rat cerebral cortex. within General Brain Science and Reviews.,high citation signal (15); open-access PDF metadata; brain-structure signal,"Reviews and methods can dominate citations while obscuring smaller empirical advances.; Bridge terminology can be ambiguous, especially around neural networks, intelligence, and biological plausibility.; Imaging conclusions can depend on acquisition, preprocessing, and model specification.",10.1254/JJP.22.313,2b761ab746cb881cb861247691a3d46a9989c54c,https://doi.org/10.1254/JJP.22.313,,https://www.jstage.jst.go.jp/article/jphs1951/22/3/22_3_313/_pdf,,JournalArticle,unknown,brain; cerebral; cortex; brain/neural structure in title,
100,1972,The effect of morphine on primary somatosensory evoked responses in the rat cerebral cortex.,"I. Jurna, W. Schlue, U. Tamm",Neuropharmacology,1972-05-01,15,0,63.11,General Brain-AI Structure Reviews and Methods,brain-structure,Positions The effect of morphine on primary somatosensory evoked responses in the rat cerebral cortex. within General Brain Science and Reviews.,high citation signal (15); brain-structure signal,"Reviews and methods can dominate citations while obscuring smaller empirical advances.; Bridge terminology can be ambiguous, especially around neural networks, intelligence, and biological plausibility.; Imaging conclusions can depend on acquisition, preprocessing, and model specification.",10.1016/0028-3908(72)90026-3,47f851e7ac987320f645e6a9b34118091386846b,https://doi.org/10.1016/0028-3908(72)90026-3,,,,JournalArticle,unknown,brain; cerebral; cortex; brain/neural structure in title,
