rank,year,title,authors,venue,publicationDate,citationCount,influentialCitationCount,importanceScore,category,keywordTags,keyIdea,strengths,limitations,doi,sourceId,url,semanticScholarUrl,openAccessPdf,githubUrl,workType,language,relevanceReason,abstract
1,1948,"Immunity to homologous grafted skin; the fate of skin homografts transplanted to the brain, to subcutaneous tissue, and to the anterior chamber of the eye.",P. Medawar,British journal of experimental pathology,1948-02-01,1279,34,137.98,General Brain-AI Structure Reviews and Methods,brain-structure,"Positions Immunity to homologous grafted skin; the fate of skin homografts transplanted to the brain, to subcutaneous tissue, and to the anterior chamber of the eye. within General Brain Science and Reviews.","high citation signal (1,279); brain-structure signal","Reviews and methods can dominate citations while obscuring smaller empirical advances.; Bridge terminology can be ambiguous, especially around neural networks, intelligence, and biological plausibility.; Imaging conclusions can depend on acquisition, preprocessing, and model specification.",,a3a636cc9a2e5626151750b48d6e4eaee7bf54cc,https://www.semanticscholar.org/paper/a3a636cc9a2e5626151750b48d6e4eaee7bf54cc,,,,JournalArticle,unknown,brain; brain/neural structure in title,
2,1948,The copper and iron content of brain and liver in the normal and in hepato-lenticular degeneration.,J. Cumings,Brain : a journal of neurology,1948-12-01,359,2,127.15,General Brain-AI Structure Reviews and Methods,brain-structure,Positions The copper and iron content of brain and liver in the normal and in hepato-lenticular degeneration. within Clinical Neurology and Neurodegeneration.,high citation signal (359); recognized venue; brain-structure signal,"Reviews and methods can dominate citations while obscuring smaller empirical advances.; Bridge terminology can be ambiguous, especially around neural networks, intelligence, and biological plausibility.; Imaging conclusions can depend on acquisition, preprocessing, and model specification.",10.1093/BRAIN/71.4.410,8e6dd553f4ecd76c846cdbabf6b89a89965853b1,https://doi.org/10.1093/BRAIN/71.4.410,,,,JournalArticle,unknown,brain; brain/neural structure in title,
3,1948,Brain and intelligence : a quantitative study of the frontal Lobes,W. C. Halstead,Unknown venue,1948-07-01,322,4,121.2,"Cognitive Architectures, Learning, and Systems Neuroscience",brain-structure,Positions Brain and intelligence : a quantitative study of the frontal Lobes within General Brain Science and Reviews.,high citation signal (322); brain-structure signal,"Task designs can oversimplify cognition and limit ecological validity.; Circuit-behavior correlations need causal perturbation or strong model comparison before mechanistic claims are secure.; Imaging conclusions can depend on acquisition, preprocessing, and model specification.",10.2307/1417176,4e56ecca4a67d16a49c277daca70fe7146112518,https://doi.org/10.2307/1417176,,,,paper,unknown,brain; brain/neural structure in title; historical computation/learning bridge,
4,1948,Medical Addenda,"A. Strauss, L. Lehtinen, Winifred Arrington, M. A. Cannon",The Yale Journal of Biology and Medicine,1948-03-01,322,9,107.2,General Brain-AI Structure Reviews and Methods,brain-structure,"This book can be read with interest by physicians, psychologists, and educators.",high citation signal (322); brain-structure signal,"Reviews and methods can dominate citations while obscuring smaller empirical advances.; Bridge terminology can be ambiguous, especially around neural networks, intelligence, and biological plausibility.; Imaging conclusions can depend on acquisition, preprocessing, and model specification.",,0a2b7f7206a9462e6a5713df26bc4ef3f9bb20f0,https://www.semanticscholar.org/paper/0a2b7f7206a9462e6a5713df26bc4ef3f9bb20f0,,,,Review,unknown,brain,"This book can be read with interest by physicians, psychologists, and educators. It is not a comprehensive treatise on brain injuries occurring in children nor is it intended to be. It deals rather with ""the particular mental make-up of braininjured children and the resulting need for special educational techniques."" The work is divided into two sections. The first deals with the psychopathology of the brain-injured child. It includes a brief historical review and preliminary remarks on the anatomy and function of certain aspects of the central nervous system germane to the problem. It discusses in detail the techniques employed and results obtained from studies designed to depict the handicaps of the brain-injured child, and to differentiate these handicaps from those seen in other types of mental retardation. The second section deals with methods of teaching employed to overcome and compensate for these handicaps. All will not agree with the authors' concepts of brain injury. At times too great an emphasis appears to be placed upon the history of a difficult delivery. However, all should agree that this is a stimulating and thought-provoking piece of work in a field which has often been considered hopeless. -D. L. DUNPHY"
5,1948,"Arteriovenous aneurysms of the brain, their diagnosis and treatment.","H. Olivecrona, J. Riives",Archives of Neurology And Psychiatry,1948-05-01,298,2,125.01,Clinical NeuroAI and Brain Disorders,brain-structure;clinical-neuroai,"Positions Arteriovenous aneurysms of the brain, their diagnosis and treatment. within Clinical Neurology and Neurodegeneration.",high citation signal (298); recognized venue; brain-structure signal,"Clinical cohorts vary by disease stage, comorbidity, treatment history, and follow-up.; Models can learn site or demographic artifacts instead of disease mechanisms.; Imaging conclusions can depend on acquisition, preprocessing, and model specification.",10.1001/ARCHNEURPSYC.1948.02300400003001,9fd007868e2d82875eb991b09e0bfcecf4973e06,https://doi.org/10.1001/ARCHNEURPSYC.1948.02300400003001,,,,JournalArticle,unknown,brain; brain/neural structure in title,
6,1948,The clinical use of fluorescein in neurosurgery; the localization of brain tumors.,"George E. Moore, W. T. Peyton, L. A. French, W. W. Walker",Journal of Neurosurgery,1948-07-01,293,8,112.7,Clinical NeuroAI and Brain Disorders,brain-structure;clinical-neuroai,Positions The clinical use of fluorescein in neurosurgery; the localization of brain tumors. within Clinical Neurology and Neurodegeneration.,high citation signal (293); brain-structure signal,"Clinical cohorts vary by disease stage, comorbidity, treatment history, and follow-up.; Models can learn site or demographic artifacts instead of disease mechanisms.; Imaging conclusions can depend on acquisition, preprocessing, and model specification.",10.3171/JNS.1948.5.4.0392,6bffb35a5e5ea593194cd6b4246975ff66883fa3,https://doi.org/10.3171/JNS.1948.5.4.0392,,,,JournalArticle,unknown,brain; brain/neural structure in title,
7,1948,"Cerebral blood flow and metabolism in schizophrenia; the effects of barbiturate semi-narcosis, insulin coma and electroshock.","S. Kety, R. B. Woodford, Harmel Mh, Freyman Fa, K. Appel, Schmidt Cf",American Journal of Psychiatry,1948-06-01,289,1,107.26,General Brain-AI Structure Reviews and Methods,brain-structure,"Positions Cerebral blood flow and metabolism in schizophrenia; the effects of barbiturate semi-narcosis, insulin coma and electroshock. within Cerebrovascular, Metabolism, and Brain Injury.",high citation signal (289); brain-structure signal,"Reviews and methods can dominate citations while obscuring smaller empirical advances.; Bridge terminology can be ambiguous, especially around neural networks, intelligence, and biological plausibility.; Imaging conclusions can depend on acquisition, preprocessing, and model specification.",10.1176/AJP.104.12.765,236de99539f1944c81ec052a0f36faef8ec60f8c,https://doi.org/10.1176/AJP.104.12.765,,,,JournalArticle,unknown,brain; cerebral,
8,1948,The blood flow and oxygen consumption of the human brain in diabetic acidosis and coma.,"S. S. Kety, B. Polis, C. Nadler, C. F. Schmidt",Journal of Clinical Investigation,1948-07-01,231,4,111.44,Clinical NeuroAI and Brain Disorders,brain-structure;clinical-neuroai,Positions The blood flow and oxygen consumption of the human brain in diabetic acidosis and coma. within Clinical Neurology and Neurodegeneration.,high citation signal (231); open-access PDF metadata; brain-structure signal,"Clinical cohorts vary by disease stage, comorbidity, treatment history, and follow-up.; Models can learn site or demographic artifacts instead of disease mechanisms.; Imaging conclusions can depend on acquisition, preprocessing, and model specification.",10.1172/JCI101997,e0b4ef7156c5c2d035ce76e5992f6d03ef8660eb,https://doi.org/10.1172/JCI101997,,http://www.jci.org/articles/view/101997/files/pdf,,JournalArticle,unknown,brain; brain/neural structure in title,
9,1948,The effects of increased intracranial pressure on cerebral circulatory functions in man.,"S. Kety, H. Shenkin, C. F. Schmidt",Journal of Clinical Investigation,1948-07-01,220,2,106.57,Clinical NeuroAI and Brain Disorders,brain-structure;clinical-neuroai,Positions The effects of increased intracranial pressure on cerebral circulatory functions in man. within Clinical Neurology and Neurodegeneration.,high citation signal (220); open-access PDF metadata; brain-structure signal,"Clinical cohorts vary by disease stage, comorbidity, treatment history, and follow-up.; Models can learn site or demographic artifacts instead of disease mechanisms.; Imaging conclusions can depend on acquisition, preprocessing, and model specification.",10.1172/JCI101996,a7fc8b9765c2eb6928a3875e789bdd6d8f59a374,https://doi.org/10.1172/JCI101996,,http://www.jci.org/articles/view/101996/files/pdf,,JournalArticle,unknown,brain; cerebral,
10,1948,"MOTILITY, BEHAVIOR AND THE BRAIN*: STEREODYNAMIC ORGANIZATION AND NEURAL CO-ORDINATES OF BEHAVIOR",P. Yakovlev,Journal of Nervous and Mental Disease,1948-04-01,212,3,131.7,"Cognitive Architectures, Learning, and Systems Neuroscience",brain-structure,"Positions MOTILITY, BEHAVIOR AND THE BRAIN*: STEREODYNAMIC ORGANIZATION AND NEURAL CO-ORDINATES OF BEHAVIOR within Cognitive and Systems Neuroscience.",high citation signal (212); brain-structure signal,"Task designs can oversimplify cognition and limit ecological validity.; Circuit-behavior correlations need causal perturbation or strong model comparison before mechanistic claims are secure.; Imaging conclusions can depend on acquisition, preprocessing, and model specification.",10.1097/00005053-194810740-00001,adc34e63cdaa4c3b1cc5dc7dbbc43bb486fbdfd9,https://doi.org/10.1097/00005053-194810740-00001,,,,JournalArticle,unknown,brain; neural; cognitive architecture; brain/neural structure in title; explicit brain-structure/AI bridge,
11,1948,NEUROVASCULAR RELATIONS AND ANOMALIES AT THE BASE OF THE BRAIN,S. Sunderland,Journal of Neurology Neurosurgery & Psychiatry,1948-11-01,190,2,118.74,General Brain-AI Structure Reviews and Methods,brain-structure,Positions NEUROVASCULAR RELATIONS AND ANOMALIES AT THE BASE OF THE BRAIN within Clinical Neurology and Neurodegeneration.,high citation signal (190); recognized venue; open-access PDF metadata; brain-structure signal,"Reviews and methods can dominate citations while obscuring smaller empirical advances.; Bridge terminology can be ambiguous, especially around neural networks, intelligence, and biological plausibility.; Imaging conclusions can depend on acquisition, preprocessing, and model specification.",10.1136/jnnp.11.4.243,19aa80039c8a0fe0488198495feb492e789d7276,https://doi.org/10.1136/jnnp.11.4.243,,https://jnnp.bmj.com/content/jnnp/11/4/243.full.pdf,,JournalArticle,unknown,brain; brain/neural structure in title,
12,1948,Brain and Intelligence: A Quantitative study of the frontal lobes,R. Livingston,The Yale Journal of Biology and Medicine,1948-07-01,175,22,110.27,"Cognitive Architectures, Learning, and Systems Neuroscience",brain-structure,Positions Brain and Intelligence: A Quantitative study of the frontal lobes within General Brain Science and Reviews.,high citation signal (175); brain-structure signal,"Task designs can oversimplify cognition and limit ecological validity.; Circuit-behavior correlations need causal perturbation or strong model comparison before mechanistic claims are secure.; Imaging conclusions can depend on acquisition, preprocessing, and model specification.",10.1037/h0049491,7ef00ca1c935529656b50e34e93fe0720a19e4ab,https://doi.org/10.1037/h0049491,,,,paper,unknown,brain; brain/neural structure in title; historical computation/learning bridge,
13,1948,A New Technique for Isolating Listerellae from the Bovine Brain,"M. L. Gray, H. J. Stafseth, F. Thorp, L. Sholl, W. Riley",Journal of Bacteriology,1948-04-01,148,1,102.27,General Brain-AI Structure Reviews and Methods,brain-structure,Positions A New Technique for Isolating Listerellae from the Bovine Brain within General Brain Science and Reviews.,high citation signal (148); open-access PDF metadata; brain-structure signal,"Reviews and methods can dominate citations while obscuring smaller empirical advances.; Bridge terminology can be ambiguous, especially around neural networks, intelligence, and biological plausibility.; Imaging conclusions can depend on acquisition, preprocessing, and model specification.",10.1128/jb.55.4.471-476.1948,b3e789e30e2c9ff494c5f07d5782c909bf2adecb,https://doi.org/10.1128/jb.55.4.471-476.1948,,https://jb.asm.org/content/jb/55/4/471.full.pdf,,JournalArticle,unknown,brain; brain/neural structure in title,
14,1948,NECROSIS OF THE BRAIN DUE TO RADIATION THERAPY,"J. Pennybacker, D. Russell",Journal of Neurology Neurosurgery & Psychiatry,1948-08-01,143,1,113.66,General Brain-AI Structure Reviews and Methods,brain-structure,Positions NECROSIS OF THE BRAIN DUE TO RADIATION THERAPY within Clinical Neurology and Neurodegeneration.,high citation signal (143); recognized venue; open-access PDF metadata; brain-structure signal,"Reviews and methods can dominate citations while obscuring smaller empirical advances.; Bridge terminology can be ambiguous, especially around neural networks, intelligence, and biological plausibility.; Imaging conclusions can depend on acquisition, preprocessing, and model specification.",10.1136/jnnp.11.3.183,a899e0834b24ce50ef34b7dbdce93418ceba0152,https://doi.org/10.1136/jnnp.11.3.183,,https://jnnp.bmj.com/content/jnnp/11/3/183.full.pdf,,JournalArticle,unknown,brain; brain/neural structure in title,
15,1948,Lipids of normal brain.,"A. Johnson, A. R. McNabb, R. Rossiter",Biochemical Journal,1948,142,1,101.53,General Brain-AI Structure Reviews and Methods,brain-structure,Positions Lipids of normal brain. within General Brain Science and Reviews.,high citation signal (142); open-access PDF metadata; brain-structure signal,"Reviews and methods can dominate citations while obscuring smaller empirical advances.; Bridge terminology can be ambiguous, especially around neural networks, intelligence, and biological plausibility.; Imaging conclusions can depend on acquisition, preprocessing, and model specification.",10.1042/BJ0430573,830a3e7d8bd6ead7d23466db3f770aff02a580c4,https://doi.org/10.1042/BJ0430573,,https://europepmc.org/articles/pmc1274777?pdf=render,,JournalArticle,unknown,brain; brain/neural structure in title,
16,1948,The ammonia and glutamine content of the brain.,"D. Richter, R. Dawson",Journal of Biological Chemistry,1948-12-01,131,0,103.29,General Brain-AI Structure Reviews and Methods,brain-structure;neuroimaging,The values given in the literature for the ammonia content of the brain show wide variation (l-3).,high citation signal (131); open-access PDF metadata; brain-structure signal,"Reviews and methods can dominate citations while obscuring smaller empirical advances.; Bridge terminology can be ambiguous, especially around neural networks, intelligence, and biological plausibility.; Imaging conclusions can depend on acquisition, preprocessing, and model specification.",10.1016/s0021-9258(18)57133-7,8aff04646a3d5e4d89ab4ee4d2ef6bfee0325692,https://doi.org/10.1016/s0021-9258(18)57133-7,,https://doi.org/10.1016/s0021-9258(18)57133-7,,JournalArticle,unknown,brain; cerebral; brain/neural structure in title,"The values given in the literature for the ammonia content of the brain show wide variation (l-3). Most of these values are of doubtful reliability, since the methods of estimation have not generally taken into account the presence of labile acid amides such as glutamine, which are now known to occur in the brain and which easily liberate ammonia on treatment with alkalies under the conditions commonly used for the estimation of ammonia (4,5). Interest in the brain ammonia level centers around the fact that ammonia is a powerful cerebral irritant; the administration of ammonium salts causes convulsions and it has long been thought that ammonia may play a part in the precipitation of epileptic seizures (3-6). It would appear that the brain ammonia level is closely related to the glutamic acid-glutaminase system, which can remove ammonia by combination with glutamic acid to form glutamine (7). The report that glutamic acid inhibits ammonium chloride convulsions (8) may be significant in this connection, since it is known to reduce the incidence of attacks of petit ma1 in epileptics (9). The present paper reports an attempt to obtain reliable values for the ammonia content of rat brain with a method by which the free ammonia can be distinguished from the labile acid amide ammonia. At the same time a study has been made of the effect on the brain ammonia level of convulsant drugs and other factors which might affect it."
17,1948,Use of Radioactive Diiodofluorescein in the Diagnosis and Localization of Brain Tumors.,G. Moore,Science,1948-05-28,120,1,108.72,Clinical NeuroAI and Brain Disorders,brain-structure;clinical-neuroai,Positions Use of Radioactive Diiodofluorescein in the Diagnosis and Localization of Brain Tumors. within Clinical Neurology and Neurodegeneration.,high citation signal (120); recognized venue; brain-structure signal,"Clinical cohorts vary by disease stage, comorbidity, treatment history, and follow-up.; Models can learn site or demographic artifacts instead of disease mechanisms.; Imaging conclusions can depend on acquisition, preprocessing, and model specification.",10.1126/SCIENCE.107.2787.569,9019d086f92c410ed0d0d6fc8ecc48eda0a5b9b5,https://doi.org/10.1126/SCIENCE.107.2787.569,,,,JournalArticle,unknown,brain; brain/neural structure in title,
18,1948,Brain metabolism in emotional excitement and in sleep.,"D. Richter, R. Dawson",American Journal of Physiology,1948-07-01,106,0,96.31,General Brain-AI Structure Reviews and Methods,brain-structure,"Positions Brain metabolism in emotional excitement and in sleep. within Cerebrovascular, Metabolism, and Brain Injury.",high citation signal (106); open-access PDF metadata; brain-structure signal,"Reviews and methods can dominate citations while obscuring smaller empirical advances.; Bridge terminology can be ambiguous, especially around neural networks, intelligence, and biological plausibility.; Imaging conclusions can depend on acquisition, preprocessing, and model specification.",10.1152/AJPLEGACY.1948.154.1.73,dfae5120a8052ded3c5c7374bd910fc6d527efc3,https://doi.org/10.1152/AJPLEGACY.1948.154.1.73,,https://www.physiology.org/pb-assets/PDFs/2017-Legacy.pdf,,JournalArticle,unknown,brain; brain/neural structure in title,
19,1948,Microgliomatosis; a form of reticulosis affecting the brain.,"D. Russell, A. Marshall, F. Smith",Brain : a journal of neurology,1948-03-01,100,0,104.27,General Brain-AI Structure Reviews and Methods,brain-structure,Positions Microgliomatosis; a form of reticulosis affecting the brain. within Clinical Neurology and Neurodegeneration.,high citation signal (100); recognized venue; brain-structure signal,"Reviews and methods can dominate citations while obscuring smaller empirical advances.; Bridge terminology can be ambiguous, especially around neural networks, intelligence, and biological plausibility.; Imaging conclusions can depend on acquisition, preprocessing, and model specification.",10.1093/BRAIN/71.1.1,70edd779f6d4ed6c605c522928dab8558fd6094a,https://doi.org/10.1093/BRAIN/71.1.1,,,,JournalArticle,unknown,brain; brain/neural structure in title,
20,1948,Physiologic studies on arteriovenous anomalies of the brain.,"H. Shenkin, E. Spitz",Archives of Neurology And Psychiatry,1948-03-01,88,0,102.0,General Brain-AI Structure Reviews and Methods,brain-structure,Positions Physiologic studies on arteriovenous anomalies of the brain. within Clinical Neurology and Neurodegeneration.,high citation signal (88); recognized venue; brain-structure signal,"Reviews and methods can dominate citations while obscuring smaller empirical advances.; Bridge terminology can be ambiguous, especially around neural networks, intelligence, and biological plausibility.; Imaging conclusions can depend on acquisition, preprocessing, and model specification.",10.3171/JNS.1948.5.2.0165,6301cf2548b752fe65b58f2725daaa9e1713b8de,https://doi.org/10.3171/JNS.1948.5.2.0165,,,,JournalArticle,unknown,brain; brain/neural structure in title,
21,1948,On the permeability of the blood-brain barrier.,A. Querido,Archives neerlandaises de physiologie de l'homme et des animaux,1948,79,4,88.08,General Brain-AI Structure Reviews and Methods,brain-structure,Positions On the permeability of the blood-brain barrier. within General Brain Science and Reviews.,high citation signal (79); brain-structure signal,"Reviews and methods can dominate citations while obscuring smaller empirical advances.; Bridge terminology can be ambiguous, especially around neural networks, intelligence, and biological plausibility.; Imaging conclusions can depend on acquisition, preprocessing, and model specification.",,d56e94c73b80b7a7d1a653ffd067d745b2db14ea,https://www.semanticscholar.org/paper/d56e94c73b80b7a7d1a653ffd067d745b2db14ea,,,,JournalArticle,unknown,brain; brain/neural structure in title,
22,1948,Evolution of the horse brain,T. Edinger,Unknown venue,1948,77,4,87.62,General Brain-AI Structure Reviews and Methods,brain-structure,Positions Evolution of the horse brain within General Brain Science and Reviews.,high citation signal (77); brain-structure signal,"Reviews and methods can dominate citations while obscuring smaller empirical advances.; Bridge terminology can be ambiguous, especially around neural networks, intelligence, and biological plausibility.; Imaging conclusions can depend on acquisition, preprocessing, and model specification.",10.1130/mem25-p1,8c5756fb85ae2a0192e6ad65c8ddc087412cdbb2,https://doi.org/10.1130/mem25-p1,,,,paper,unknown,brain; brain/neural structure in title,
23,1948,Cerebral vascular lesions; electroencephalographic and neuropathologic correlations.,"R. Cohn, G. N. Raines",Archives of Neurology And Psychiatry,1948-08-01,74,1,105.31,"Electrophysiology, Neural Signals, and AI Decoding",brain-structure;connectome;neural-signals,"Positions Cerebral vascular lesions; electroencephalographic and neuropathologic correlations. within EEG, MEG, and Electrophysiology.",high citation signal (74); recognized venue; brain-structure signal,"Signal artifacts, montage choices, source localization, and session drift can dominate apparent model performance.; Temporal precision does not automatically imply anatomical specificity.; Imaging conclusions can depend on acquisition, preprocessing, and model specification.",10.1001/ARCHNEURPSYC.1948.02310020061005,77524fa2e7818bc3944e9c3467e60e47624bfb39,https://doi.org/10.1001/ARCHNEURPSYC.1948.02310020061005,,,,JournalArticle,unknown,brain; cerebral; historical computation/learning bridge,
24,1948,Metabolism of brain tissue slices and suspensions from various mammals.,K. Elliott,Journal of Neurophysiology,1948-11-01,72,0,86.43,General Brain-AI Structure Reviews and Methods,brain-structure,"Positions Metabolism of brain tissue slices and suspensions from various mammals. within Cerebrovascular, Metabolism, and Brain Injury.",high citation signal (72); brain-structure signal,"Reviews and methods can dominate citations while obscuring smaller empirical advances.; Bridge terminology can be ambiguous, especially around neural networks, intelligence, and biological plausibility.; Imaging conclusions can depend on acquisition, preprocessing, and model specification.",10.1152/JN.1948.11.6.473,f003e0aa4b8842a26540497c200a058e6b44d0b4,https://doi.org/10.1152/JN.1948.11.6.473,,,,JournalArticle,unknown,brain; brain/neural structure in title,
25,1948,The chemical cytology of the chorioid plexus and blood brain barrier of the rhesus monkey (Macaca mulatta),"G. B. Wislocki, E. Dempsey",The Journal of comparative neurology,1948-06-01,70,0,97.93,General Brain-AI Structure Reviews and Methods,brain-structure,Positions The chemical cytology of the chorioid plexus and blood brain barrier of the rhesus monkey (Macaca mulatta) within Clinical Neurology and Neurodegeneration.,high citation signal (70); recognized venue; brain-structure signal,"Reviews and methods can dominate citations while obscuring smaller empirical advances.; Bridge terminology can be ambiguous, especially around neural networks, intelligence, and biological plausibility.; Imaging conclusions can depend on acquisition, preprocessing, and model specification.",10.1002/cne.900880302,f38808a959872f3b0a555ad09b3a6fbe091bdd4b,https://doi.org/10.1002/cne.900880302,,,,JournalArticle,unknown,brain; brain/neural structure in title,
26,1948,Studies on Chick Embryo Adapted Rabies Virus,"H. Koprowski, J. Black",Journal of Immunology,1948-12-01,63,0,83.06,General Brain-AI Structure Reviews and Methods,brain-structure,"Four strains of rabies virus, one chick-brain fixed (Flury) and three street strains were adapted to the developing chick embryo.",high citation signal (63); open-access PDF metadata; brain-structure signal,"Reviews and methods can dominate citations while obscuring smaller empirical advances.; Bridge terminology can be ambiguous, especially around neural networks, intelligence, and biological plausibility.; Imaging conclusions can depend on acquisition, preprocessing, and model specification.",10.4049/jimmunol.60.4.533,4ca2a597eb825f48c2cfc419209b6efade7bbbb4,https://doi.org/10.4049/jimmunol.60.4.533,,https://journals.aai.org/jimmunol/article-pdf/60/4/533/1470729/ji0600040533.pdf,,paper,unknown,brain; cerebral,"Four strains of rabies virus, one chick-brain fixed (Flury) and three street strains were adapted to the developing chick embryo. The Flury strain was passaged through 80 chick embryo generations by yolk-sac inoculation of infected chick embryo tissue. The virus multiplied slowly in the fertile hens' eggs and reached its maximal titer on the ninth to tenth day after inoculation. The virus was distributed throughout the egg, with possible exception of the allantoic fluid, the highest concentration being present in the embryo. Death of the infected embryos, inoculated at 7, 9 and 11 days of age, occurred as a rule immediately before or at the time of hatching. When 15-day or older fertile eggs were inoculated most of the embryos hatched but the virus was ""carried over"" to the newly hatched chicks causing either death or development of homologous antibodies in the survivors. The LD50 titer of infected embryo suspensions remained within the range of 10−4.50 to 10−5.50 for mice, guinea pigs, cotton rats and chicks throughout the cultivation period. The intracerebral titration of the Flury strain in rabbits yielded highly irregular results which were discussed in relation to the ""self-sterilizing neuro-infection"" phenomenon. The invasive power of the Flury strain for parenterally inoculated rabbits seemed to be entirely lost, and the virulence of the strain for hamsters and guinea pigs seemed to undergo some attenuation during the series of passages in the developing chick embryo."
27,1948,Abscess of the brain.,E. Fincher,American Journal of Surgery,1948,58,2,82.6,General Brain-AI Structure Reviews and Methods,brain-structure,Positions Abscess of the brain. within General Brain Science and Reviews.,high citation signal (58); brain-structure signal,"Reviews and methods can dominate citations while obscuring smaller empirical advances.; Bridge terminology can be ambiguous, especially around neural networks, intelligence, and biological plausibility.; Imaging conclusions can depend on acquisition, preprocessing, and model specification.",10.1016/0002-9610(48)90291-8,dcc1b315dcccebb8d5b1b676e1ce31c131f32ae5,https://doi.org/10.1016/0002-9610(48)90291-8,,,,JournalArticle,unknown,brain; brain/neural structure in title,
28,1948,"Idea of a new anatomy of the brain, 1811.",C. Bell,Unknown venue,1948,57,0,82.29,General Brain-AI Structure Reviews and Methods,brain-structure,"Positions Idea of a new anatomy of the brain, 1811. within General Brain Science and Reviews.",high citation signal (57); brain-structure signal,"Reviews and methods can dominate citations while obscuring smaller empirical advances.; Bridge terminology can be ambiguous, especially around neural networks, intelligence, and biological plausibility.; Imaging conclusions can depend on acquisition, preprocessing, and model specification.",10.1037/11304-015,d6419bb7aae40760a5002d7e1af0fba72ef1c03d,https://doi.org/10.1037/11304-015,,,,paper,unknown,brain; brain/neural structure in title,
29,1948,Should extirpation be attempted in cases of neoplasm in or near the third ventricle of the brain? experiences with a palliative method.,Arne Torkildsen,Journal of Neurosurgery,1948-05-01,57,0,82.29,General Brain-AI Structure Reviews and Methods,brain-structure,Positions Should extirpation be attempted in cases of neoplasm in or near the third ventricle of the brain? experiences with a palliative method. within General Brain Science and Reviews.,high citation signal (57); brain-structure signal,"Reviews and methods can dominate citations while obscuring smaller empirical advances.; Bridge terminology can be ambiguous, especially around neural networks, intelligence, and biological plausibility.; Imaging conclusions can depend on acquisition, preprocessing, and model specification.",10.3171/JNS.1948.5.3.0249,069d86a4da4e9bf1dc37e4c3cbf3c89047cd9a50,https://doi.org/10.3171/JNS.1948.5.3.0249,,,,JournalArticle,unknown,brain; brain/neural structure in title,
30,1948,The reversible inhibition of acetylesterase by diisopropyl fluorophosphate and tetraethyl pyrophosphate.,"Jansen Ef, Nutting, Balls Ak",Journal of Biological Chemistry,1948-09-01,54,0,79.53,"Electrophysiology, Neural Signals, and AI Decoding",brain-structure;neural-signals,Diisopropyl fluorophosphate (DFP) has been shown to be a remarkably potent inhibitor of the enzymatic hydrolysis of acetylcholine (1).,high citation signal (54); open-access PDF metadata; brain-structure signal,"Signal artifacts, montage choices, source localization, and session drift can dominate apparent model performance.; Temporal precision does not automatically imply anatomical specificity.; Imaging conclusions can depend on acquisition, preprocessing, and model specification.",10.1016/s0021-9258(18)57217-3,124f06f0f6d971b22f2c9c99d21d7bae4f09d1b8,https://doi.org/10.1016/s0021-9258(18)57217-3,,https://doi.org/10.1016/s0021-9258(18)57217-3,,JournalArticle; Review,unknown,brain,"Diisopropyl fluorophosphate (DFP) has been shown to be a remarkably potent inhibitor of the enzymatic hydrolysis of acetylcholine (1). As a result of a wide survey (2), inhibition by dialkyl fluorophosphates appears to be specific for certain esterases and lipases (kidney acid phosphatase was found to be inhibited by relatively high concentrations). Since the cholinesterase of mammalian brain and nerve tissue is narrowly specific for acetylcholine and acetyl-@methylcholine (3), it is often called ""true"" cholinesterase. Other esterases of wider specificity (those hydrolyzing tributyrin, for example) also hydrolyze acetylcholine, but are frequently referred to as ""pseudo"" cholinesterases. While studying the inhibition of cholinesterase by DFP in vitro and in z&o, Mazur and Bodansky (4) found that different tissue cholinesterases show differing degrees of sensitivity to DFP. These results have been interpreted by Hawkins and Mendel (5) and by us (6) as indicating that pseudocholinesterase is about 100 times as sensitive to the inhibitory action of DFP as is cholinesterase. From a correlation of toxicity with inhibition of brain cholinesterase, Nachmansohn and Feld (7) have concluded that the toxicity of DFP is very probably due to its action on ""true"" cholinesterase. Since dialysis or dilution of cholinesterase-DFP mixtures or of tissue cholinesterase from animals poisoned with DFP did not result in any increase in cholinesterase, the DFP inhibition of brain cholinesterase is not to be considered readily reversible (4). However, Nachmansohn et cd. (8) have found that over a relatively short period of time the inhibition by DFP can be reversed by dilution, the extent of the reversal being dependent on temperature, time, and DFP concentration. Eserine, which inhibits cholinesterase reversibly, was found to protect the enzyme against irreversible DFP inhibition (9). Mazur (10) also demonstrated an enzyme in animal tissues capable of hydrolyzing the phosphorus-fluorine bond of alkyl fluorophosphates, so that there exists in vivo concurrent inhibition of cholinesterase and detoxification. Hexaethyl tetraphosphate (HETP) exerts a"
31,1948,The quantitative investigation of the vertebrate brain and the applicability of allometric formulae to its study,"By D. Sholl, G. Beer",Proceedings of the Royal Society of London. Series B - Biological Sciences,1948-06-01,51,4,95.32,General Brain-AI Structure Reviews and Methods,brain-structure,Positions The quantitative investigation of the vertebrate brain and the applicability of allometric formulae to its study within General Brain Science and Reviews.,high citation signal (51); recognized venue; open-access PDF metadata; brain-structure signal,"Reviews and methods can dominate citations while obscuring smaller empirical advances.; Bridge terminology can be ambiguous, especially around neural networks, intelligence, and biological plausibility.; Imaging conclusions can depend on acquisition, preprocessing, and model specification.",10.1098/rspb.1948.0009,9de92ff9e10bb4101553fa5cf69de851df0660a8,https://doi.org/10.1098/rspb.1948.0009,,https://royalsocietypublishing.org/doi/pdf/10.1098/rspb.1948.0009,,paper,unknown,brain; brain/neural structure in title,
32,1948,Upward transtentorial herniation of the brain stem and cerebellum due to tumor of the posterior fossa with special note on tumors of the acoustic nerve.,A. Ecker,Journal of Neurosurgery,1948,49,3,84.62,Clinical NeuroAI and Brain Disorders,brain-structure,Positions Upward transtentorial herniation of the brain stem and cerebellum due to tumor of the posterior fossa with special note on tumors of the acoustic nerve. within General Brain Science and Reviews.,high citation signal (49); open-access PDF metadata; brain-structure signal,"Clinical cohorts vary by disease stage, comorbidity, treatment history, and follow-up.; Models can learn site or demographic artifacts instead of disease mechanisms.; Imaging conclusions can depend on acquisition, preprocessing, and model specification.",10.3171/JNS.1948.5.1.0051,3012ddd19bdf35257d514dc02f2977e717305b9c,https://doi.org/10.3171/JNS.1948.5.1.0051,,https://doi.org/10.3171/jns.1948.5.1.0051,,JournalArticle,unknown,brain; cerebellum; brain/neural structure in title,
33,1948,The solubility of nitrous oxide in blood and brain.,"S. S. Kety, M. H. Harmel, Hannah T. Broomell, Clara Belle Rhode",Journal of Biological Chemistry,1948,47,4,107.88,"Cognitive Architectures, Learning, and Systems Neuroscience",brain-structure,Since the formulation of the lipide theory of anesthesia (1) there has been some interest in the solubilities of various volatile anesthetics in the brain (2-6).,high citation signal (47); open-access PDF metadata; brain-structure signal,"Task designs can oversimplify cognition and limit ecological validity.; Circuit-behavior correlations need causal perturbation or strong model comparison before mechanistic claims are secure.; Imaging conclusions can depend on acquisition, preprocessing, and model specification.",10.1016/s0021-9258(18)57420-2,6786dfff7fece375227bedb90ebc100aeeb6193e,https://doi.org/10.1016/s0021-9258(18)57420-2,,https://doi.org/10.1016/s0021-9258(18)57420-2,,JournalArticle,unknown,brain; cerebral; cognitive architecture; brain/neural structure in title; explicit brain-structure/AI bridge,"Since the formulation of the lipide theory of anesthesia (1) there has been some interest in the solubilities of various volatile anesthetics in the brain (2-6). Unfortunately the results obtained in viva have been equivocal and inexact because of the technical difficulties of obtaining -and analyzing without loss samples of brain containing volatile gas. Even the studies on solubility in vitro, on which the theory was largely based, were made on peanut, olive, or similar oils rather than on brain lipides. Our attention was drawn to the problem of l;he solubility of gases in brain in the course of the development of a method for measurement of cerebral blood flow by means of the blood-brain exchange of an inert gas, nitrous oxide (7). It can be shown that cerebral blood flow may be calculated from the arterial (A) and cerebral venous (V) blood nitrous oxide concentrations over a time interval (u) measured from the onset of inhalation of a comparatively low tension of nitrous oxide. The interval u must be of sufficient length to insure practically complete equilibrium between brain and blood draining the brain with respect to mean nitrous oxide tension. If the results are to be expressed in flow per unit weight of brain rather than in terms of flow per unit of nitrous oxide capacity, a factor (8) must be introduced, representing the brain-blood partition coefficient of nitrous oxide or the ratio of nitrous oxide dissolved per gm. of brain to that dissolved per cc. of blood at a constant nitrous oxide tension and at 37"". The formula for calculation of cerebral blood flow, which is derived elsewhere may be expressed as follows :"
34,1948,The connexions of the frontal lobes of the brain.,W. E. Clark,The Lancet,1948-03-06,44,1,89.72,General Brain-AI Structure Reviews and Methods,brain-structure,Positions The connexions of the frontal lobes of the brain. within General Brain Science and Reviews.,high citation signal (44); recognized venue; brain-structure signal,"Reviews and methods can dominate citations while obscuring smaller empirical advances.; Bridge terminology can be ambiguous, especially around neural networks, intelligence, and biological plausibility.; Imaging conclusions can depend on acquisition, preprocessing, and model specification.",10.1016/S0140-6736(48)90216-5,5c2cc05075b460f2cab88eed23be9d5de9c41ea0,https://doi.org/10.1016/S0140-6736(48)90216-5,,,,JournalArticle,unknown,brain; brain/neural structure in title,
35,1948,Transient cerebral paralysis in hypertension and in cerebral embolism with special reference to the pathogenesis of chronic hypertensive encephalopathy.,G. Pickering,Journal of the American Medical Association,1948-05-29,44,0,73.72,General Brain-AI Structure Reviews and Methods,brain-structure,Positions Transient cerebral paralysis in hypertension and in cerebral embolism with special reference to the pathogenesis of chronic hypertensive encephalopathy. within General Brain Science and Reviews.,high citation signal (44); brain-structure signal,"Reviews and methods can dominate citations while obscuring smaller empirical advances.; Bridge terminology can be ambiguous, especially around neural networks, intelligence, and biological plausibility.; Imaging conclusions can depend on acquisition, preprocessing, and model specification.",10.1001/JAMA.1948.02890390001001,bab9c1fd4ece3dea554e91f577761ee82f51e880,https://doi.org/10.1001/JAMA.1948.02890390001001,,,,JournalArticle,unknown,brain; cerebral,
36,1948,Charting the Sea of Brain Waves.,H. Jasper,Science,1948-10-01,43,0,89.32,General Brain-AI Structure Reviews and Methods,brain-structure,Positions Charting the Sea of Brain Waves. within General Brain Science and Reviews.,high citation signal (43); recognized venue; brain-structure signal,"Reviews and methods can dominate citations while obscuring smaller empirical advances.; Bridge terminology can be ambiguous, especially around neural networks, intelligence, and biological plausibility.; Imaging conclusions can depend on acquisition, preprocessing, and model specification.",10.1126/SCIENCE.108.2805.343,ee9ff927644d2d2c679536e77f8bdc98b3f5de1b,https://doi.org/10.1126/SCIENCE.108.2805.343,,,,JournalArticle,unknown,brain; brain/neural structure in title,
37,1948,Twin Studies and Other Genetical Investigations in the Danish Cancer Registry,"T. Busk, J. Clemmesen, A. Nielsen",British Journal of Cancer,1948-06-01,43,0,74.32,General Brain-AI Structure Reviews and Methods,brain-structure,"League, and working in close collaboration with the National Health Service, is an organization with the primary intention to register all cancer cases, for resbarch purposes.",high citation signal (43); open-access PDF metadata; brain-structure signal,"Reviews and methods can dominate citations while obscuring smaller empirical advances.; Bridge terminology can be ambiguous, especially around neural networks, intelligence, and biological plausibility.; Imaging conclusions can depend on acquisition, preprocessing, and model specification.",10.1038/bjc.1948.23,6fd315894f491f851cc7b6b3eb273f7bed862d15,https://doi.org/10.1038/bjc.1948.23,,https://www.ncbi.nlm.nih.gov/pmc/articles/PMC2007632,,Study; JournalArticle,unknown,brain,"League, and working in close collaboration with the National Health Service, is an organization with the primary intention to register all cancer cases, for resbarch purposes. This is done through a voluntary system ; all hospitals noti.y their cancer cases to the registry, and these notifications are supplemented with death certificates for all persons who are known to have suffered from malignant diseases, including leukaemias, myelomata and brain tumours. From Clemmesen's studies on occupational mortality from cancer in Denmark it was clear, already before the start of the Registry, that a complete investigation of the occurrence of cancer demAnded at least an estimation of the role played by heredity in the origin of various cancers. It-was thought to be especially valuable to carry out such an investigation alongside the mapping out of cancer incidence with regard to age, occupation, and other variables, and to compare the hereditary tendency shown by cancers of various sites in the same population and at the same time."
38,1948,Biochemical and physiological differentiation during morphogenesis; adenylpyrophosphatase and acid phosphatase activities in the developing cerebral cortex and liver of the fetal guinea pig.,"J. B. Flexner, L. B. Flexner",Journal of Cellular and Comparative Physiology,1948-06-01,42,0,114.9,"Cellular, Synaptic, and Neuromorphic Foundations",brain-structure,Positions Biochemical and physiological differentiation during morphogenesis; adenylpyrophosphatase and acid phosphatase activities in the developing cerebral cortex and liver of the fetal guinea pig. within General Brain Science and Reviews.,high citation signal (42); recognized venue; brain-structure signal,"Cellular mechanisms rarely scale directly into whole-brain behavior or modern AI architectures.; Animal and ex vivo findings require careful translation to human cognition and deployed systems.; Imaging conclusions can depend on acquisition, preprocessing, and model specification.",10.1002/JCP.1030310306,951e01d192bbb6c01d0d8626362df2476231cbfe,https://doi.org/10.1002/JCP.1030310306,,,,JournalArticle,unknown,cerebral; cortex; neuromorphic; brain/neural structure in title; explicit brain-structure/AI bridge,
39,1948,PHYSIOLOGICAL MECHANISMS UNDERLYING THE ELECTRICAL ACTIVITY OF THE BRAIN *,M. Brazier,Journal of Neurology Neurosurgery & Psychiatry,1948-05-01,41,0,91.48,General Brain-AI Structure Reviews and Methods,brain-structure,Positions PHYSIOLOGICAL MECHANISMS UNDERLYING THE ELECTRICAL ACTIVITY OF THE BRAIN * within Clinical Neurology and Neurodegeneration.,high citation signal (41); recognized venue; open-access PDF metadata; brain-structure signal,"Reviews and methods can dominate citations while obscuring smaller empirical advances.; Bridge terminology can be ambiguous, especially around neural networks, intelligence, and biological plausibility.; Imaging conclusions can depend on acquisition, preprocessing, and model specification.",10.1136/jnnp.11.2.118,777988ee3afb90ee22d728e0ae4d4d64798239f6,https://doi.org/10.1136/jnnp.11.2.118,,https://jnnp.bmj.com/content/jnnp/11/2/118.full.pdf,,JournalArticle; Review,unknown,brain; brain/neural structure in title,
40,1948,Growth and development of the cerebral cortical pattern in man.,O. Turner,Archives of Neurology And Psychiatry,1948,41,2,86.48,General Brain-AI Structure Reviews and Methods,brain-structure,Positions Growth and development of the cerebral cortical pattern in man. within Clinical Neurology and Neurodegeneration.,high citation signal (41); recognized venue; brain-structure signal,"Reviews and methods can dominate citations while obscuring smaller empirical advances.; Bridge terminology can be ambiguous, especially around neural networks, intelligence, and biological plausibility.; Imaging conclusions can depend on acquisition, preprocessing, and model specification.",10.1001/ARCHNEURPSYC.1948.02300360011001,51fd7865347b09778975ce55aa45fe7270c076de,https://doi.org/10.1001/ARCHNEURPSYC.1948.02300360011001,,,,JournalArticle,unknown,brain; cerebral; cortical,
41,1948,STUDIES ON ACUTE DISSEMINATED ENCEPHALOMYELITIS PRODUCED EXPERIMENTALLY IN RHESUS MONKEYS. III,"E. A. Kabat, Abner Wolf, A. Bezer",Journal of Experimental Medicine,1948-10-01,40,0,99.04,"Cellular, Synaptic, and Neuromorphic Foundations",brain-structure,"The factor in brain tissue which induces acute disseminated encephalomyelitis, when injected into rhesus monkeys as an emulsion with adjuvants, has been found in human, monkey, rabbit, and chicken brain but is absent from frog and fish brain.",high citation signal (40); open-access PDF metadata; brain-structure signal,"Cellular mechanisms rarely scale directly into whole-brain behavior or modern AI architectures.; Animal and ex vivo findings require careful translation to human cognition and deployed systems.; Imaging conclusions can depend on acquisition, preprocessing, and model specification.",10.1084/jem.88.4.417,0da9a67c0ea8bc3b38333bd3b7a45daf16666854,https://doi.org/10.1084/jem.88.4.417,,https://rupress.org/jem/article-pdf/88/4/417/1183833/417.pdf,,JournalArticle,unknown,brain; cerebrum; neuromorphic; explicit brain-structure/AI bridge,"The factor in brain tissue which induces acute disseminated encephalomyelitis, when injected into rhesus monkeys as an emulsion with adjuvants, has been found in human, monkey, rabbit, and chicken brain but is absent from frog and fish brain. It is unaffected by fixation of the brain in formalin, by boiling, and by treatment with ultrasound. It is present in the spinal cord of 3 day old rabbits but does not appear in the rabbit cerebrum until about the 12th day of life; in this respect it parallels the laying down of myelin. Attempts to produce the encephalomyelitis passively with large quantities of serum or of cell exudates, and suspensions of cells from spleen and lymph node from monkeys with encephalomyelitis, were unsuccessful."
42,1948,Activation of the cerebral cortex by antidromic volleys in the pyramidal tract.,"Woolsey Cn, Chang Ht",Unknown venue,1948,40,0,80.04,General Brain-AI Structure Reviews and Methods,brain-structure,Positions Activation of the cerebral cortex by antidromic volleys in the pyramidal tract. within General Brain Science and Reviews.,high citation signal (40); brain-structure signal,"Reviews and methods can dominate citations while obscuring smaller empirical advances.; Bridge terminology can be ambiguous, especially around neural networks, intelligence, and biological plausibility.; Imaging conclusions can depend on acquisition, preprocessing, and model specification.",,db27e0abb05bde34babfa573537290077fa39781,https://www.semanticscholar.org/paper/db27e0abb05bde34babfa573537290077fa39781,,,,paper,unknown,brain; cerebral; cortex; brain/neural structure in title,
43,1948,Nutritional requirements of the early chick embryo; differential nutrient requirements for morphogenesis and differentiation of the heart and brain.,Spratt Nt,The Anatomical Record,1948-08-01,38,0,75.14,General Brain-AI Structure Reviews and Methods,brain-structure,Positions Nutritional requirements of the early chick embryo; differential nutrient requirements for morphogenesis and differentiation of the heart and brain. within General Brain Science and Reviews.,high citation signal (38); brain-structure signal,"Reviews and methods can dominate citations while obscuring smaller empirical advances.; Bridge terminology can be ambiguous, especially around neural networks, intelligence, and biological plausibility.; Imaging conclusions can depend on acquisition, preprocessing, and model specification.",,eecbc24653e440fa29511402e9fb3615b0d25e38,https://www.semanticscholar.org/paper/eecbc24653e440fa29511402e9fb3615b0d25e38,,,,JournalArticle,unknown,brain; brain/neural structure in title,
44,1948,Effect of Removal of Neurosecretory Cells in the Brain of Adult Calliphora erythrocephala Meig.,E. Thomsen,Nature,1948-03-20,35,0,109.7,"Cellular, Synaptic, and Neuromorphic Foundations",brain-structure,Positions Effect of Removal of Neurosecretory Cells in the Brain of Adult Calliphora erythrocephala Meig. within General Brain Science and Reviews.,high citation signal (35); recognized venue; brain-structure signal,"Cellular mechanisms rarely scale directly into whole-brain behavior or modern AI architectures.; Animal and ex vivo findings require careful translation to human cognition and deployed systems.; Imaging conclusions can depend on acquisition, preprocessing, and model specification.",10.1038/161439B0,d56e1745da597c636788db74c18b36ca3cc48e19,https://doi.org/10.1038/161439B0,,,,JournalArticle,unknown,brain; neuromorphic; brain/neural structure in title; explicit brain-structure/AI bridge,
45,1948,Activation of the cerebral cortex by antidromic volleys in the pyramidal tract.,"C. Woolsey, H. T. Chang",Research publications - Association for Research in Nervous and Mental Disease,1948,34,1,77.2,General Brain-AI Structure Reviews and Methods,brain-structure,Positions Activation of the cerebral cortex by antidromic volleys in the pyramidal tract. within General Brain Science and Reviews.,high citation signal (34); brain-structure signal,"Reviews and methods can dominate citations while obscuring smaller empirical advances.; Bridge terminology can be ambiguous, especially around neural networks, intelligence, and biological plausibility.; Imaging conclusions can depend on acquisition, preprocessing, and model specification.",,a6d90c366e75a9d8b5b92a93c18f8ab97a7fad8c,https://www.semanticscholar.org/paper/a6d90c366e75a9d8b5b92a93c18f8ab97a7fad8c,,,,JournalArticle,unknown,brain; cerebral; cortex; brain/neural structure in title,
46,1948,Vascular Tumors of the Brain and Spinal Cord and their Treatment,"M. Trupp, E. Sachs",Unknown venue,1948-07-01,33,0,72.67,Clinical NeuroAI and Brain Disorders,brain-structure,Positions Vascular Tumors of the Brain and Spinal Cord and their Treatment within General Brain Science and Reviews.,high citation signal (33); brain-structure signal,"Clinical cohorts vary by disease stage, comorbidity, treatment history, and follow-up.; Models can learn site or demographic artifacts instead of disease mechanisms.; Imaging conclusions can depend on acquisition, preprocessing, and model specification.",10.3171/JNS.1948.5.4.0354,7934d8cda1e9e76fe915e7580589b713ac41ea4b,https://doi.org/10.3171/JNS.1948.5.4.0354,,,,paper,unknown,brain; brain/neural structure in title,
47,1948,"Studies on the toxicity, distribution and excretion of emetine.","A. Gimble, C. Davison, P. K. Smith",Journal of Pharmacology and Experimental Therapeutics,1948-12-01,33,0,66.67,General Brain-AI Structure Reviews and Methods,brain-structure,1. The LD50 of emetine in mice was 62 mgm.,high citation signal (33); brain-structure signal,"Reviews and methods can dominate citations while obscuring smaller empirical advances.; Bridge terminology can be ambiguous, especially around neural networks, intelligence, and biological plausibility.; Imaging conclusions can depend on acquisition, preprocessing, and model specification.",10.1016/s0022-3565(25)03637-7,9801d6c6f3505384fe6dfc5a486fe52f813b0302,https://doi.org/10.1016/s0022-3565(25)03637-7,,,,JournalArticle,unknown,brain,"1. The LD50 of emetine in mice was 62 mgm. per kgm. and in rats, 17 mgm. per kgm. 2. The relative concentrations of emetine in rat and dog tissues were similar and were of the following order: liver > kidney > spleen > lung > brain > heart > skeletal muscle > blood. 3. Emetine was stored in the tissues of mice, rats, and dogs and was very slowly destroyed or excreted. 4. Emetine was not excreted in the urine to any appreciable extent."
48,1948,The pattern of cutaneous representation in the rat's cerebral cortex.,"Woolsey Cn, Lemessurier Dh",Unknown venue,1948-03-01,32,0,105.34,"Brain Decoding, Representation Learning, and BCI",brain-structure;decoding,Positions The pattern of cutaneous representation in the rat's cerebral cortex. within General Brain Science and Reviews.,high citation signal (32); brain-structure signal; brain-to-model interface signal,"Small cohorts, session drift, invasive risk, and nonstationary signals limit generalization.; Offline decoding accuracy may not reflect real-time user burden or long-term deployment reliability.; Imaging conclusions can depend on acquisition, preprocessing, and model specification.",,91f9fff371efa85724ada49067a3c6903c619adc,https://www.semanticscholar.org/paper/91f9fff371efa85724ada49067a3c6903c619adc,,,,paper,unknown,brain; cerebral; cortex; decoding; representation learning; bci; brain/neural structure in title; explicit brain-structure/AI bridge,
49,1948,Brain Wave Patterns Accompanying Changes in Sleep and Wakefulness During Hypnosis,"W. Barker, S. Burgwin",Psychosomatic Medicine,1948-11-01,31,0,71.58,General Brain-AI Structure Reviews and Methods,brain-structure,Positions Brain Wave Patterns Accompanying Changes in Sleep and Wakefulness During Hypnosis within General Brain Science and Reviews.,high citation signal (31); brain-structure signal,"Reviews and methods can dominate citations while obscuring smaller empirical advances.; Bridge terminology can be ambiguous, especially around neural networks, intelligence, and biological plausibility.; Imaging conclusions can depend on acquisition, preprocessing, and model specification.",10.1097/00006842-194811000-00002,f5c9192f752f9950b61a4df38e6b2933b743889b,https://doi.org/10.1097/00006842-194811000-00002,,,,JournalArticle,unknown,brain; brain/neural structure in title,
50,1948,"A comparison of the influence of 2,4-dinitrophenol on the oxygen consumption of rat brain slices and homogenates.","C. N. Peiss, J. Field",Journal of Biological Chemistry,1948-08-01,29,0,97.42,"Cellular, Synaptic, and Neuromorphic Foundations",brain-structure,"It is well established that the oxygen consumption of various types of intact cells is augmented when low concentrations of 2,4-dinitrophenol (DNP) or certain ot!her substituted phenols are added to the medium in which the cells are suspended.",high citation signal (29); open-access PDF metadata; brain-structure signal,"Cellular mechanisms rarely scale directly into whole-brain behavior or modern AI architectures.; Animal and ex vivo findings require careful translation to human cognition and deployed systems.; Imaging conclusions can depend on acquisition, preprocessing, and model specification.",10.1016/s0021-9258(18)57232-x,29267adeb64a15f835608d01de7522a590a50d39,https://doi.org/10.1016/s0021-9258(18)57232-x,,https://doi.org/10.1016/s0021-9258(18)57232-x,,JournalArticle,unknown,brain; neuromorphic; brain/neural structure in title; explicit brain-structure/AI bridge,"It is well established that the oxygen consumption of various types of intact cells is augmented when low concentrations of 2,4-dinitrophenol (DNP) or certain ot!her substituted phenols are added to the medium in which the cells are suspended. Slightly higher concentrations depress oxygen consumption. This has been shown for yeast (l-6), luminous bacteria (7), various marine eggs (S-14), orthopteran embryos (15), mammalian sperm (16-19), and several amphibian (20) and mammalian (21-25) tissues. Similar observations have been reported in some studies on glycolysis (cf. (26)). The augmentation phase of the concentration-action curves (cf. (27)) which depict the effect of graded concentrations of DNP (and certain other substituted phenols) on oxygen consumption appears to depend upon factors associated with cell structure or rendered inactive by dilution (cf. (28)), because it has not been observed in cytolyzed material (29) or in cell-free preparations of various enzymes directly concerned in cell respiration (13, 30-32). Recently Reiner (33) has described a rat brain homogenate, reinforced with the known co-factors of glycolysis and with nicotinamide, cyt,ochrome c, and fumamte, which is capable of oxidizing glucose. Moreover Reiner has defined the conditions for maximum activity in this system. In order t,o obt,ain further information regarding the action of the substituted phenols in augmenting cell respirat.ion, which is still imperfectly understood (26, 34, 35), we have compared the influence of graded concentrations of DNP on the oxygen consumption of rat brain slices and homogenates with glucose as the fuel in each case. The results are presented in this paper."
51,1948,Respiration and glycolysis of focal epileptogenic human brain tissue.,"K. Elliott, W. Penfield",Journal of Neurophysiology,1948-11-01,29,0,70.42,General Brain-AI Structure Reviews and Methods,brain-structure,Positions Respiration and glycolysis of focal epileptogenic human brain tissue. within General Brain Science and Reviews.,high citation signal (29); brain-structure signal,"Reviews and methods can dominate citations while obscuring smaller empirical advances.; Bridge terminology can be ambiguous, especially around neural networks, intelligence, and biological plausibility.; Imaging conclusions can depend on acquisition, preprocessing, and model specification.",10.1152/JN.1948.11.6.485,d4981991490b53445f66bf5a2a85396dc4a9ebf9,https://doi.org/10.1152/JN.1948.11.6.485,,,,JournalArticle,unknown,brain; brain/neural structure in title,
52,1948,"Hemangioma of the lung; a review of four cases, including two not previously reported, one of which was complicated by brain abscess due to H. influenzae.",G. Wodehouse,The Journal of thoracic surgery,1948-06-01,28,0,80.81,General Brain-AI Structure Reviews and Methods,brain-structure,"Positions Hemangioma of the lung; a review of four cases, including two not previously reported, one of which was complicated by brain abscess due to H. influenzae. within General Brain Science and Reviews.",high citation signal (28); open-access PDF metadata; synthesis or review value; brain-structure signal,"Reviews and methods can dominate citations while obscuring smaller empirical advances.; Bridge terminology can be ambiguous, especially around neural networks, intelligence, and biological plausibility.; Imaging conclusions can depend on acquisition, preprocessing, and model specification.",10.1016/S0096-5588(20)31917-6,f315350a6c83ae26882c547a63f3158a6ac45a1a,https://doi.org/10.1016/S0096-5588(20)31917-6,,https://doi.org/10.1016/s0096-5588(20)31917-6,,JournalArticle; Review,unknown,brain; brain/neural structure in title,
53,1948,The role of the sinus glands in retinal pigment migration in grapsoid crabs.,R. Smith,The Biological Bulletin,1948-10-01,28,0,66.81,General Brain-AI Structure Reviews and Methods,brain-structure,"1. The grapsoid crabs, Hemigrapsus and Pachygrapsus, exhibit in constant darkness a marked diurnal rhythm of retinal pigment migration.2.",high citation signal (28); open-access PDF metadata; brain-structure signal,"Reviews and methods can dominate citations while obscuring smaller empirical advances.; Bridge terminology can be ambiguous, especially around neural networks, intelligence, and biological plausibility.; Imaging conclusions can depend on acquisition, preprocessing, and model specification.",10.2307/1538023,56b7fe63856fd1b04e50c5c5d07a76ce5ebe3e4a,https://doi.org/10.2307/1538023,,https://www.biodiversitylibrary.org/partpdf/3760,,JournalArticle,unknown,brain,"1. The grapsoid crabs, Hemigrapsus and Pachygrapsus, exhibit in constant darkness a marked diurnal rhythm of retinal pigment migration.2. This rhythm is absent in continuous light, and can be induced to become out of phase with solar day in constant darkness.3. About ⅓ of the retinal pigment activator of the eyestalk resides in the sinus gland, with the remaining ⅔ distributed in the optic ganglia. Brain and other nervous tissues also contain an active principle in concentrations comparable to that in optic ganglia.4. The sinus gland is at least 20 times richer than nervous tissue in retinal pigment activator.5. Damage to nerves of the optic tract impairs the attainment of night-adaptation. If sufficiently severe, nerve damage may result in a state of permanent day-adaptation.6. Operative sinus gland removal does not produce full dark-adaptation, a fact which may be in part explainable on the basis of concomitant nerve damage, but it does reduce the extent of day-adaptation in crabs kept in constant darkn..."
54,1948,The assay of animal tissues for respiratory enzymes; oxalacetic acid oxidation and the coupled phosphorylations in isotonic homogenates.,"V. Potter, G. A. Lepage, H. Klug",Journal of Biological Chemistry,1948-09-01,27,0,90.18,"Cellular, Synaptic, and Neuromorphic Foundations",brain-structure,"The ""homogenate technique"" is at present widely used for the study of enzymatic reactions in various types of biological material.",high citation signal (27); open-access PDF metadata; brain-structure signal,"Cellular mechanisms rarely scale directly into whole-brain behavior or modern AI architectures.; Animal and ex vivo findings require careful translation to human cognition and deployed systems.; Imaging conclusions can depend on acquisition, preprocessing, and model specification.",10.1016/s0021-9258(18)57121-0,b868f9efd1d78a19a2d4fe748ebb4c88e0ca933a,https://doi.org/10.1016/s0021-9258(18)57121-0,,https://doi.org/10.1016/s0021-9258(18)57121-0,,JournalArticle,unknown,brain; neuromorphic; explicit brain-structure/AI bridge,"The ""homogenate technique"" is at present widely used for the study of enzymatic reactions in various types of biological material. In the original technique (1)' an attempt n-as made to eliminat,e cell structure and to disperse intracellular constitucnt,s so widely that endogenous respiration was eliminated by dilution, while particular phases of metabolism could be restored by the addition of appropriate substrates and cofact.ors. In 1942, Elliott and Libet (5) made an excellent study which led to t,he conclusion that' ""the effects of homogenization in the different media are mainly due to the tendency of isotonic salts or sugars to prevent cell cytolysis, while in hypotonio medium cytolysis occurs."" They reported that, isotonic preparations of brain cells compared favorably with brain slices for studies on brain metabolism, and they subsequently (6) carried out their st,udies with such preparations unfortified with coenzymes or with cytochrome. On the other hand, Schneider and Potter (7, 8) pursued the alternative which Elliott and Libet's work suggested and homogenized tissues in dist.illed water in order to make cytolysis as complete as possible. We propose to refer to this type of preparation as a ""water homogenate,"" while that of Elliot,t et al. (6) may be referred to as an ""isot,onic hom0genat.e."" On t,he basis of the cytorhrome c content of liver and t.he amount of cytochrome required to saturat,e the succinoxidase system (9) an objective technique for estimating the degree of cytolysis was devised (7, 8). To date no other method of obt.aining a quantit,ative measure of cytolysis has been found; microscopir exa.minations cannot give quantitat,ive data and in fact can give very erroneous impressions. According to the succinoxidase t,est , wtt,er homogenates of rat liver contain about, 5 per cent whole cells, while isot,onic preparations contain 60 to 80 per cent whole cells. As might be"
55,1948,The derivatives of the thalamus ventralis in the human brain and their relation to the so-called subthalamus.,H. Kuhlenbeck,Military Medicine,1948-06-01,27,0,71.18,General Brain-AI Structure Reviews and Methods,brain-structure,Positions The derivatives of the thalamus ventralis in the human brain and their relation to the so-called subthalamus. within General Brain Science and Reviews.,high citation signal (27); brain-structure signal,"Reviews and methods can dominate citations while obscuring smaller empirical advances.; Bridge terminology can be ambiguous, especially around neural networks, intelligence, and biological plausibility.; Imaging conclusions can depend on acquisition, preprocessing, and model specification.",10.1093/MILMED/102.6.433,b1968de29554f9ba7aa9b2129e043583c4f1e327,https://doi.org/10.1093/MILMED/102.6.433,,,,JournalArticle,unknown,brain; thalamus; brain/neural structure in title,
56,1948,Benign Cysts of the Brain,"J. Drew, F. Grant",Unknown venue,1948-03-01,26,0,68.53,General Brain-AI Structure Reviews and Methods,brain-structure,Positions Benign Cysts of the Brain within General Brain Science and Reviews.,high citation signal (26); brain-structure signal,"Reviews and methods can dominate citations while obscuring smaller empirical advances.; Bridge terminology can be ambiguous, especially around neural networks, intelligence, and biological plausibility.; Imaging conclusions can depend on acquisition, preprocessing, and model specification.",10.3171/JNS.1948.5.2.0107,4b02aa124013a432c367073e469d1c7ebe2435b3,https://doi.org/10.3171/JNS.1948.5.2.0107,,,,paper,unknown,brain; brain/neural structure in title,
57,1948,Distribution of lesions of the brain stem in poliomyelitis.,"M. Barnhart, R. Rhines",Archives of Neurology And Psychiatry,1948-03-01,26,0,80.53,General Brain-AI Structure Reviews and Methods,brain-structure,Positions Distribution of lesions of the brain stem in poliomyelitis. within Clinical Neurology and Neurodegeneration.,high citation signal (26); recognized venue; brain-structure signal,"Reviews and methods can dominate citations while obscuring smaller empirical advances.; Bridge terminology can be ambiguous, especially around neural networks, intelligence, and biological plausibility.; Imaging conclusions can depend on acquisition, preprocessing, and model specification.",10.1001/ARCHNEURPSYC.1948.02300380097008,fd80147feb7b0656590e9d4297f7ee087c7fca79,https://doi.org/10.1001/ARCHNEURPSYC.1948.02300380097008,,,,JournalArticle,unknown,brain; brain/neural structure in title,
58,1948,Electronic Mapping of the Activity of the Heart and the Brain.,"S. Goldman, W. E. Vivian, C. Chien, H. N. Bowes",Science,1948-12-24,26,0,80.53,General Brain-AI Structure Reviews and Methods,brain-structure,Positions Electronic Mapping of the Activity of the Heart and the Brain. within General Brain Science and Reviews.,high citation signal (26); recognized venue; brain-structure signal,"Reviews and methods can dominate citations while obscuring smaller empirical advances.; Bridge terminology can be ambiguous, especially around neural networks, intelligence, and biological plausibility.; Imaging conclusions can depend on acquisition, preprocessing, and model specification.",10.1126/SCIENCE.108.2817.720,1e2fe2113c0399c9287a02078ba3deded5567543,https://doi.org/10.1126/SCIENCE.108.2817.720,,,,JournalArticle,unknown,brain; brain/neural structure in title,
59,1948,Rice brain oil. I. Oil obtained by solvent extraction,"P. V. Reddi, K. Murti, R. Feuge",Unknown venue,1948-06-01,26,0,68.53,General Brain-AI Structure Reviews and Methods,brain-structure,Positions Rice brain oil. I. Oil obtained by solvent extraction within General Brain Science and Reviews.,high citation signal (26); brain-structure signal,"Reviews and methods can dominate citations while obscuring smaller empirical advances.; Bridge terminology can be ambiguous, especially around neural networks, intelligence, and biological plausibility.; Imaging conclusions can depend on acquisition, preprocessing, and model specification.",10.1007/BF02645892,6ee4fe2b1552d71ea5df2d5c9b61a24d0b06b406,https://doi.org/10.1007/BF02645892,,,,paper,unknown,brain; brain/neural structure in title,
60,1948,Cerebral complications in pertussis.,"A. Litvak, H. Gibel, Seymour E. Rosenthal, Philip Rosenblatt",Jornal de Pediatria,1948-04-01,26,1,64.53,General Brain-AI Structure Reviews and Methods,brain-structure,Positions Cerebral complications in pertussis. within General Brain Science and Reviews.,high citation signal (26); brain-structure signal,"Reviews and methods can dominate citations while obscuring smaller empirical advances.; Bridge terminology can be ambiguous, especially around neural networks, intelligence, and biological plausibility.; Imaging conclusions can depend on acquisition, preprocessing, and model specification.",10.1016/S0022-3476(48)80245-3,f21f7f2cc149de1425c375099ab7b2d74c0ea4ba,https://doi.org/10.1016/S0022-3476(48)80245-3,,,,JournalArticle,unknown,brain; cerebral,
61,1948,Fiber degeneration in Ammon's horn resulting from extirpations of the piriform and other cortical areas and from transection of the horn at various levels,W. F. Allen,The Journal of comparative neurology,1948-06-01,26,0,76.53,General Brain-AI Structure Reviews and Methods,brain-structure,Positions Fiber degeneration in Ammon's horn resulting from extirpations of the piriform and other cortical areas and from transection of the horn at various levels within Clinical Neurology and Neurodegeneration.,high citation signal (26); recognized venue; brain-structure signal,"Reviews and methods can dominate citations while obscuring smaller empirical advances.; Bridge terminology can be ambiguous, especially around neural networks, intelligence, and biological plausibility.; Imaging conclusions can depend on acquisition, preprocessing, and model specification.",10.1002/cne.900880305,f566fa102d36bdce90b0b9a7cbf678f383ee6580,https://doi.org/10.1002/cne.900880305,,,,JournalArticle,unknown,brain; cortical,
62,1948,Temporal and spatial distribution of changes during spontaneous seizures in monkey brain.,"A. Ward, W. McCulloch, N. Kopeloff",Journal of Neurophysiology,1948-07-01,25,0,67.85,General Brain-AI Structure Reviews and Methods,brain-structure,Positions Temporal and spatial distribution of changes during spontaneous seizures in monkey brain. within General Brain Science and Reviews.,high citation signal (25); brain-structure signal,"Reviews and methods can dominate citations while obscuring smaller empirical advances.; Bridge terminology can be ambiguous, especially around neural networks, intelligence, and biological plausibility.; Imaging conclusions can depend on acquisition, preprocessing, and model specification.",10.1152/JN.1948.11.4.377,ba472dad7e4a2d4803632ab63e3938360e6f5906,https://doi.org/10.1152/JN.1948.11.4.377,,,,JournalArticle,unknown,brain; brain/neural structure in title,
63,1948,Further quantitative studies on locomotor capacity of larval Amblystoma following surgical procedures upon the embryonic brain.,S. Detwiler,The Journal of experimental zoology,1948-06-01,24,0,67.14,General Brain-AI Structure Reviews and Methods,brain-structure,Positions Further quantitative studies on locomotor capacity of larval Amblystoma following surgical procedures upon the embryonic brain. within General Brain Science and Reviews.,high citation signal (24); brain-structure signal,"Reviews and methods can dominate citations while obscuring smaller empirical advances.; Bridge terminology can be ambiguous, especially around neural networks, intelligence, and biological plausibility.; Imaging conclusions can depend on acquisition, preprocessing, and model specification.",10.1002/JEZ.1401080104,2db91c51a232d1bd4ece486484abfde765882894,https://doi.org/10.1002/JEZ.1401080104,,,,JournalArticle,unknown,brain; brain/neural structure in title,
64,1948,The pattern of cutaneous representation in the rat's cerebral cortex.,"C. Woolsey, D. Lemessurier",Federation proceedings,1948,22,1,98.84,"Brain Decoding, Representation Learning, and BCI",brain-structure;decoding,Positions The pattern of cutaneous representation in the rat's cerebral cortex. within General Brain Science and Reviews.,high citation signal (22); brain-structure signal; brain-to-model interface signal,"Small cohorts, session drift, invasive risk, and nonstationary signals limit generalization.; Offline decoding accuracy may not reflect real-time user burden or long-term deployment reliability.; Imaging conclusions can depend on acquisition, preprocessing, and model specification.",,0cd037b66601cb363ddcb8c8081f0a64813eee13,https://www.semanticscholar.org/paper/0cd037b66601cb363ddcb8c8081f0a64813eee13,,,,JournalArticle,unknown,brain; cerebral; cortex; decoding; representation learning; bci; brain/neural structure in title; explicit brain-structure/AI bridge,
65,1948,"Corticocortical connections of the cerebral cortex lying within the arcuate and lunate sulci of the monkey, Macaca mulatta.","J. Chusid, O. Sugar, J. French",Journal of Neuropathology and Experimental Neurology,1948-10-01,21,0,82.84,General Brain-AI Structure Reviews and Methods,brain-structure,"Positions Corticocortical connections of the cerebral cortex lying within the arcuate and lunate sulci of the monkey, Macaca mulatta. within Clinical Neurology and Neurodegeneration.",high citation signal (21); recognized venue; brain-structure signal,"Reviews and methods can dominate citations while obscuring smaller empirical advances.; Bridge terminology can be ambiguous, especially around neural networks, intelligence, and biological plausibility.; Imaging conclusions can depend on acquisition, preprocessing, and model specification.",10.1097/00005072-194810000-00006,6cf4c452b49b73b15203b066a9a440d54939e02d,https://doi.org/10.1097/00005072-194810000-00006,,,,JournalArticle,unknown,brain; cerebral; cortex; cortical; brain/neural structure in title,
66,1948,Specific sympathomimetic substance in the brain.,W. Raab,American Journal of Physiology,1948-02-01,21,0,67.84,General Brain-AI Structure Reviews and Methods,brain-structure,Positions Specific sympathomimetic substance in the brain. within General Brain Science and Reviews.,high citation signal (21); open-access PDF metadata; brain-structure signal,"Reviews and methods can dominate citations while obscuring smaller empirical advances.; Bridge terminology can be ambiguous, especially around neural networks, intelligence, and biological plausibility.; Imaging conclusions can depend on acquisition, preprocessing, and model specification.",10.1152/AJPLEGACY.1948.152.2.324,e7a9b468af45b8672bc2a80c263aad81c5735b88,https://doi.org/10.1152/AJPLEGACY.1948.152.2.324,,https://www.physiology.org/pb-assets/PDFs/2017-Legacy-1516816496183.pdf,,JournalArticle,unknown,brain; brain/neural structure in title,
67,1948,The effect of succinate on respiration and certain metabolic processes of mammalian tissues at low oxygen tensions in vitro.,"R. Furchgott, E. Shorr",Journal of Biological Chemistry,1948-08-01,20,0,88.2,"Electrophysiology, Neural Signals, and AI Decoding",brain-structure;neural-signals,"The striking enhancement by succinate of the 02 consumption of excised tissues suggested the possibility that this substrate might serve to maintain more normal oxidat,ive rates in tissues exposed to the reduced oxygen tensions prevailing in circulatory shock.",high citation signal (20); open-access PDF metadata; brain-structure signal,"Signal artifacts, montage choices, source localization, and session drift can dominate apparent model performance.; Temporal precision does not automatically imply anatomical specificity.; Imaging conclusions can depend on acquisition, preprocessing, and model specification.",10.1016/s0021-9258(18)57250-1,e064da237e34585ba9293514773227261544aa0b,https://doi.org/10.1016/s0021-9258(18)57250-1,,https://doi.org/10.1016/s0021-9258(18)57250-1,,JournalArticle,unknown,brain; neural; decoding; explicit brain-structure/AI bridge,"The striking enhancement by succinate of the 02 consumption of excised tissues suggested the possibility that this substrate might serve to maintain more normal oxidat,ive rates in tissues exposed to the reduced oxygen tensions prevailing in circulatory shock. As part of a coordinated research program on the therapy of shock under the auspices of the Committee on Medical Research of the Office of Scientific Research and Development, this possibility was explored in a number of laboratories. Studies in this laboratory were carried out on excised tissues in order to avoid the difficulties of interpretation inherent in experiments on whole animals and to permit a more specific analysis of the respiratory and metabolic effects of succinate. The experiments were designed with two purposes in mind. The first was to ascertain the effect of succinate on the respiration of a variety of mammalian tissues in vitro under the low 02 tensions characteristic of circulatory shock. The second was to determine the influence of succinate on specific essential metabolic processes, particularly those which require oxidative energy for their maintenance. The following tissues and metabolic processes were investigated: brain (acetylcholine synthesis), liver (urea synthesis), kidney (deamination), cardiac muscle and smooth muscle (""high energy"" phosphate resynthesis), and skeletal muscle. With all of these tissues succinate in substrate concentration* markedly increased the O2 consumption at low as well as at high 02 tensions. However, in no instance was the energy resulting from the extra oxygen con-"
68,1948,Auditory and visual areas of the cerebral cortex of the rat.,Lemessurier Dh,Unknown venue,1948-03-01,20,0,68.0,General Brain-AI Structure Reviews and Methods,brain-structure,Positions Auditory and visual areas of the cerebral cortex of the rat. within General Brain Science and Reviews.,high citation signal (20); brain-structure signal,"Reviews and methods can dominate citations while obscuring smaller empirical advances.; Bridge terminology can be ambiguous, especially around neural networks, intelligence, and biological plausibility.; Imaging conclusions can depend on acquisition, preprocessing, and model specification.",,d2398165d1360b3153143c676f7422fd9b8bb92c,https://www.semanticscholar.org/paper/d2398165d1360b3153143c676f7422fd9b8bb92c,,,,paper,unknown,brain; cerebral; cortex; brain/neural structure in title,
69,1948,A note on the use of the Bellevue-Wechsler scale mental deterioration index with brain injured patients.,R. M. Allen,Journal of Clinical Psychology,1948,19,1,64.32,Clinical NeuroAI and Brain Disorders,brain-structure;clinical-neuroai,Positions A note on the use of the Bellevue-Wechsler scale mental deterioration index with brain injured patients. within Clinical Neurology and Neurodegeneration.,high citation signal (19); brain-structure signal,"Clinical cohorts vary by disease stage, comorbidity, treatment history, and follow-up.; Models can learn site or demographic artifacts instead of disease mechanisms.; Imaging conclusions can depend on acquisition, preprocessing, and model specification.",10.1002/1097-4679(194801)4:1<88::AID-JCLP2270040110>3.0.CO;2-H,f172da325d52a273a8e85af4c4993e9953d1f29f,https://doi.org/10.1002/1097-4679(194801)4:1<88::AID-JCLP2270040110>3.0.CO;2-H,,,,JournalArticle,unknown,brain; brain/neural structure in title,
70,1948,III. Brain Potentials of Babies Born of Mothers Given Seconal Sodium,"J. Hughes, U. A. Brown",Unknown venue,1948-12-01,19,0,63.12,General Brain-AI Structure Reviews and Methods,brain-structure,Positions III. Brain Potentials of Babies Born of Mothers Given Seconal Sodium within General Brain Science and Reviews.,high citation signal (19); brain-structure signal,"Reviews and methods can dominate citations while obscuring smaller empirical advances.; Bridge terminology can be ambiguous, especially around neural networks, intelligence, and biological plausibility.; Imaging conclusions can depend on acquisition, preprocessing, and model specification.",10.1001/ARCHPEDI.1948.02030030641003,6ea003bb78a7feb99c91fa4c40c192d1d5bf3ab2,https://doi.org/10.1001/ARCHPEDI.1948.02030030641003,,,,paper,unknown,brain; brain/neural structure in title,
71,1948,Metastatic brain tumors.,"K. Livingston, G. Horrax, E. Sachs",Surgical Clinics of North America,1948-06-01,19,0,63.12,Clinical NeuroAI and Brain Disorders,brain-structure,Positions Metastatic brain tumors. within Clinical Neurology and Neurodegeneration.,high citation signal (19); brain-structure signal,"Clinical cohorts vary by disease stage, comorbidity, treatment history, and follow-up.; Models can learn site or demographic artifacts instead of disease mechanisms.; Imaging conclusions can depend on acquisition, preprocessing, and model specification.",10.1016/s0039-6109(16)32457-4,ef6859aede2bc7674fd297b36ffde350b37e4b81,https://doi.org/10.1016/s0039-6109(16)32457-4,,,,JournalArticle,unknown,brain; brain/neural structure in title,
72,1948,Brain and muscle potassium in relation to stressful activities and adrenal cortex function.,"H. Hoagland, D. Stone",American Journal of Physiology,1948-01-31,18,0,67.2,General Brain-AI Structure Reviews and Methods,brain-structure,Positions Brain and muscle potassium in relation to stressful activities and adrenal cortex function. within General Brain Science and Reviews.,high citation signal (18); open-access PDF metadata; brain-structure signal,"Reviews and methods can dominate citations while obscuring smaller empirical advances.; Bridge terminology can be ambiguous, especially around neural networks, intelligence, and biological plausibility.; Imaging conclusions can depend on acquisition, preprocessing, and model specification.",10.1152/AJPLEGACY.1948.152.2.423,aa5847f569109536f6f4c1820a63db2aeaeb34fa,https://doi.org/10.1152/AJPLEGACY.1948.152.2.423,,https://www.physiology.org/pb-assets/PDFs/2017-Legacy.pdf,,JournalArticle,unknown,brain; cortex; brain/neural structure in title,
73,1948,Inhibition of coupled phosphorylation in brain homogenates by ferrous sulfate.,"E. Racker, L. Krimsky",Journal of Biological Chemistry,1948-04-01,18,0,65.2,General Brain-AI Structure Reviews and Methods,brain-structure,Positions Inhibition of coupled phosphorylation in brain homogenates by ferrous sulfate. within General Brain Science and Reviews.,high citation signal (18); open-access PDF metadata; brain-structure signal,"Reviews and methods can dominate citations while obscuring smaller empirical advances.; Bridge terminology can be ambiguous, especially around neural networks, intelligence, and biological plausibility.; Imaging conclusions can depend on acquisition, preprocessing, and model specification.",10.1016/s0021-9258(18)57425-1,3486e78ce8986d141b08be6291183fc7566303fc,https://doi.org/10.1016/s0021-9258(18)57425-1,,https://doi.org/10.1016/s0021-9258(18)57425-1,,JournalArticle,unknown,brain; brain/neural structure in title,
74,1948,The chemical nature of the fatty acids of brain and spleen sphingomyelin; the occurrence of saturated and unsaturated sphingosines in the sphingomyelin molecule.,"S. J. Thannhauser, N. Boncoddo",Journal of Biological Chemistry,1948,18,0,65.2,General Brain-AI Structure Reviews and Methods,brain-structure,Positions The chemical nature of the fatty acids of brain and spleen sphingomyelin; the occurrence of saturated and unsaturated sphingosines in the sphingomyelin molecule. within General Brain Science and Reviews.,high citation signal (18); open-access PDF metadata; brain-structure signal,"Reviews and methods can dominate citations while obscuring smaller empirical advances.; Bridge terminology can be ambiguous, especially around neural networks, intelligence, and biological plausibility.; Imaging conclusions can depend on acquisition, preprocessing, and model specification.",10.1016/s0021-9258(18)35622-9,d404d4a47ba1a267027edc95546bfc19765188de,https://doi.org/10.1016/s0021-9258(18)35622-9,,https://doi.org/10.1016/s0021-9258(18)35622-9,,JournalArticle,unknown,brain; brain/neural structure in title,
75,1948,Treatment of thoracogenic brain abscess.,"J. Pennybacker, T. H. Sellors",The Lancet,1948-07-17,18,1,74.2,General Brain-AI Structure Reviews and Methods,brain-structure,Positions Treatment of thoracogenic brain abscess. within General Brain Science and Reviews.,high citation signal (18); recognized venue; brain-structure signal,"Reviews and methods can dominate citations while obscuring smaller empirical advances.; Bridge terminology can be ambiguous, especially around neural networks, intelligence, and biological plausibility.; Imaging conclusions can depend on acquisition, preprocessing, and model specification.",10.1016/S0140-6736(48)91733-4,db4646740a00233cdd31a4d24b28d30cdee8ec01,https://doi.org/10.1016/S0140-6736(48)91733-4,,,,JournalArticle,unknown,brain; brain/neural structure in title,
76,1948,METASTATIC TUMORS OF THE CENTRAL NERVOUS SYSTEM: I. Intracerebral Metastases as the Only Evidence of Dissemination of Visceral Cancer,C. Rupp,Unknown venue,1948-05-01,18,0,58.2,Clinical NeuroAI and Brain Disorders,brain-structure,Positions METASTATIC TUMORS OF THE CENTRAL NERVOUS SYSTEM: I. Intracerebral Metastases as the Only Evidence of Dissemination of Visceral Cancer within General Brain Science and Reviews.,high citation signal (18); brain-structure signal,"Clinical cohorts vary by disease stage, comorbidity, treatment history, and follow-up.; Models can learn site or demographic artifacts instead of disease mechanisms.; Imaging conclusions can depend on acquisition, preprocessing, and model specification.",10.1001/ARCHNEURPSYC.1948.02300400071004,5704e92ed4602f01d90f7f1500944c356034e657,https://doi.org/10.1001/ARCHNEURPSYC.1948.02300400071004,,,,Review,unknown,brain; cerebral,
77,1948,The effect of surface-active substances on the fuchsin reaction of higher fatty aldehydes.,"G. Ehrlich, H. Taylor, H. Waelsch",Journal of Biological Chemistry,1948-04-01,18,1,59.2,General Brain-AI Structure Reviews and Methods,brain-structure,"[Iigher fatty aldehydes are present in considerable quantity in the lipide f::,ction of muscle and brain and may be intermediates in lipide metabolism 1.",high citation signal (18); open-access PDF metadata; brain-structure signal,"Reviews and methods can dominate citations while obscuring smaller empirical advances.; Bridge terminology can be ambiguous, especially around neural networks, intelligence, and biological plausibility.; Imaging conclusions can depend on acquisition, preprocessing, and model specification.",10.1016/s0021-9258(18)57427-5,ffd62cbc79b1773cad6976ea5289eb457fef9f1f,https://doi.org/10.1016/s0021-9258(18)57427-5,,https://doi.org/10.1016/s0021-9258(18)57427-5,,JournalArticle,unknown,brain,"[Iigher fatty aldehydes are present in considerable quantity in the lipide f::,ction of muscle and brain and may be intermediates in lipide metabolism 1. 2). The meager information concerning the quantitative distribution %i the higher fatty aldehydes in tissues has been acquired exclusively by iu:mtitative evaluation of the SchiB reaction, as in the procedure of Feul;. 11 and Griinberg (3) or modifications of it (4), Serious doubt as to the &ability of the method arose when it was found that added pahnitaldeh$e or stearaldehyde or their acetals could not be estimated quantitatively 2 &sue extracts (4). The experiments reported in this paper shorn that the result of the quan'.;:ltive fuschsin reaction for the determination of higher fatty aldehydes ;~pends to a large degree on the presence of surface-active lipides in the : .%-':ie exkact. Naturally occurring lipides or synthetic surface-active i :.:&s inhibit the color development if added at the beginning of t'he reac: .)n, and destroy the color already formed if added later. This effect of .riwe-active agents can be suppressed to a lurge degree by reducing the rater content of the medium through the use of a high concentration of bytic acid."
78,1948,Paranatal factors affecting adjustment in childhood.,Stuart S. Stevenson,Pediatrics,1948-08-01,17,0,63.23,"Cognitive Architectures, Learning, and Systems Neuroscience",brain-structure,"In an unselected series of 226 children, 73.9% were judged to be in good physical condition during the first two days of life.",high citation signal (17); brain-structure signal,"Task designs can oversimplify cognition and limit ecological validity.; Circuit-behavior correlations need causal perturbation or strong model comparison before mechanistic claims are secure.; Imaging conclusions can depend on acquisition, preprocessing, and model specification.",10.1542/peds.2.2.154,7587ff7bbc27214cc1eddb967d4e09a4a29a8dd5,https://doi.org/10.1542/peds.2.2.154,,,,JournalArticle,unknown,brain; historical computation/learning bridge,"In an unselected series of 226 children, 73.9% were judged to be in good physical condition during the first two days of life. Of the children in good physical condition, only 19.2% were later judged to be maladjusted; whereas, of the children in poor physical condition, 39.0% were later considered maladjusted. This is a highly significant difference and it is concluded that a child's neonatal condition may effect his adjustment in later childhood. No single factor among the ones studied is demonstrably critical in affecting later adjustment. However, several maternal factors acting in gestation and during delivery, certain specific neonatal difficulties, and certain factors which might act anatomically or environmentally, are shown to increase the percentage of infants judged to be in poor neonatal condition. Intelligence, as revealed by the intelligence quotient, is not the critical factor which determines adequacy of adjustment in childhood, although it is related to it. The maladjusted child may be a victim of a physically damaged brain. He should be given all possible aid in his development and in his relations to other human beings. A child whose history includes a difficult birth and neonatal period should be brought up with more than the usual regard for his possible emotional deficiencies and difficulties. Many paranatal factors may affect the condition of the newborn infant. With a knowledge of the relationship of neonatal condition to childhood maladjustment, it is hoped that all of these factors may be studied with a broader perspective for their possible effects beyond the first days of life."
79,1948,"PERUNIUM URSOGULO ORLOV, A NEW GIGANTIC EXTINCT MUSTELID (A CONTRIBUTION TO THE MORPHOLOGY OF THE SKULL AND BRAIN AND TO THE PHYLOGENY OF MUSTELIDAE)",J. A. Orlov,Unknown venue,1948-06-01,17,4,61.23,General Brain-AI Structure Reviews and Methods,brain-structure,"Positions PERUNIUM URSOGULO ORLOV, A NEW GIGANTIC EXTINCT MUSTELID (A CONTRIBUTION TO THE MORPHOLOGY OF THE SKULL AND BRAIN AND TO THE PHYLOGENY OF MUSTELIDAE) within General Brain Science and Reviews.",high citation signal (17); brain-structure signal,"Reviews and methods can dominate citations while obscuring smaller empirical advances.; Bridge terminology can be ambiguous, especially around neural networks, intelligence, and biological plausibility.; Imaging conclusions can depend on acquisition, preprocessing, and model specification.",10.1111/J.1463-6395.1948.TB00028.X,bd36fa86ce0fe34a219fab0e90b7bb4ec4580990,https://doi.org/10.1111/J.1463-6395.1948.TB00028.X,,,,paper,unknown,brain; brain/neural structure in title,
80,1948,Cerebral granuloma due to schistosomiasis.,"T. H. Chang, G. W. Smith",Journal of the American Medical Association,1948-01-24,17,0,57.23,General Brain-AI Structure Reviews and Methods,brain-structure,Positions Cerebral granuloma due to schistosomiasis. within General Brain Science and Reviews.,high citation signal (17); brain-structure signal,"Reviews and methods can dominate citations while obscuring smaller empirical advances.; Bridge terminology can be ambiguous, especially around neural networks, intelligence, and biological plausibility.; Imaging conclusions can depend on acquisition, preprocessing, and model specification.",10.1001/JAMA.1948.02890210014003,059df72d1565a87622c43c5af184b317f34d40c3,https://doi.org/10.1001/JAMA.1948.02890210014003,,,,JournalArticle,unknown,brain; cerebral,
81,1948,PRIMARY CEREBRAL HYDATID CYSTS,G. Phillips,Journal of Neurology Neurosurgery & Psychiatry,1948-02-01,16,1,71.2,General Brain-AI Structure Reviews and Methods,brain-structure,Positions PRIMARY CEREBRAL HYDATID CYSTS within Clinical Neurology and Neurodegeneration.,high citation signal (16); recognized venue; open-access PDF metadata; brain-structure signal,"Reviews and methods can dominate citations while obscuring smaller empirical advances.; Bridge terminology can be ambiguous, especially around neural networks, intelligence, and biological plausibility.; Imaging conclusions can depend on acquisition, preprocessing, and model specification.",10.1136/jnnp.11.1.44,c8206d1b8a278b27b07c17d980f4a5a4cab46fe5,https://doi.org/10.1136/jnnp.11.1.44,,https://jnnp.bmj.com/content/jnnp/11/1/44.full.pdf,,JournalArticle; Review,unknown,brain; cerebral,
82,1948,Tissue distribution of a toxicant following oral ingestion of the gamma isomer of benzene hexachloride by rats.,E. P. Laug,Journal of Pharmacology and Experimental Therapeutics,1948-07-01,16,0,54.2,General Brain-AI Structure Reviews and Methods,brain-structure,"1. Using the house fly as a sensitive test insect, a bio-assay method has been developed for the gamma isomer of benzene hexachloride.",high citation signal (16); brain-structure signal,"Reviews and methods can dominate citations while obscuring smaller empirical advances.; Bridge terminology can be ambiguous, especially around neural networks, intelligence, and biological plausibility.; Imaging conclusions can depend on acquisition, preprocessing, and model specification.",10.1016/s0022-3565(25)03417-2,6488f11e465334a08ca1bc0cc77a13b1d704c44e,https://doi.org/10.1016/s0022-3565(25)03417-2,,,,JournalArticle,unknown,brain,"1. Using the house fly as a sensitive test insect, a bio-assay method has been developed for the gamma isomer of benzene hexachloride. 2. Examination of the tissues of rats which had consumed gamma isomer in their diet has shown the presence of a substance having toxicologically identical characteristics to that of the gamma isomer. 3. Largest quantities of toxicant were found in fat and kidney tissues with measurable amounts in blood, liver, spleen, muscle, brain and adrenal. 4. Some excretion of toxicant occurs via the urine but little or none via the feces."
83,1948,Electric burns of the head and arm with residual damage to eyes and brain.,J. North,American Journal of Surgery,1948-11-01,15,0,59.11,General Brain-AI Structure Reviews and Methods,brain-structure,Positions Electric burns of the head and arm with residual damage to eyes and brain. within General Brain Science and Reviews.,high citation signal (15); brain-structure signal,"Reviews and methods can dominate citations while obscuring smaller empirical advances.; Bridge terminology can be ambiguous, especially around neural networks, intelligence, and biological plausibility.; Imaging conclusions can depend on acquisition, preprocessing, and model specification.",10.1016/S0002-9610(48)90254-2,bb84c2c1196c7192fb48d5218da21472f72a5137,https://doi.org/10.1016/S0002-9610(48)90254-2,,,,JournalArticle,unknown,brain; brain/neural structure in title,
84,1948,II. The test performance of the brain diseased,R. M. Allen,Unknown venue,1948-07-01,15,0,59.11,General Brain-AI Structure Reviews and Methods,brain-structure,Positions II. The test performance of the brain diseased within General Brain Science and Reviews.,high citation signal (15); brain-structure signal,"Reviews and methods can dominate citations while obscuring smaller empirical advances.; Bridge terminology can be ambiguous, especially around neural networks, intelligence, and biological plausibility.; Imaging conclusions can depend on acquisition, preprocessing, and model specification.",10.1002/1097-4679(194807)4:3<281::AID-JCLP2270040313>3.0.CO;2-2,a2284e94d6641436d1809fdd22db8811653fb4da,https://doi.org/10.1002/1097-4679(194807)4:3<281::AID-JCLP2270040313>3.0.CO;2-2,,,,paper,unknown,brain; brain/neural structure in title,
85,1948,Reversal of circulation of the brain; partial reversal in four humans treated for paralysis and mental conditions.,G. H. Sciaroni,American Journal of Surgery,1948-08-01,15,0,59.11,General Brain-AI Structure Reviews and Methods,brain-structure,Positions Reversal of circulation of the brain; partial reversal in four humans treated for paralysis and mental conditions. within General Brain Science and Reviews.,high citation signal (15); brain-structure signal,"Reviews and methods can dominate citations while obscuring smaller empirical advances.; Bridge terminology can be ambiguous, especially around neural networks, intelligence, and biological plausibility.; Imaging conclusions can depend on acquisition, preprocessing, and model specification.",10.1016/0002-9610(48)90067-1,29f5eb925f8efeed494a39dafc0084a26d7b82f4,https://doi.org/10.1016/0002-9610(48)90067-1,,,,JournalArticle,unknown,brain; brain/neural structure in title,
86,1948,Impaired cerebral functions in chronic brucellosis.,"N. Apter, W. C. Halstead, C. Eisele, N. B. Mccullough",American Journal of Psychiatry,1948-11-01,14,0,75.94,"Cellular, Synaptic, and Neuromorphic Foundations",brain-structure,Positions Impaired cerebral functions in chronic brucellosis. within General Brain Science and Reviews.,high citation signal (14); brain-structure signal,"Cellular mechanisms rarely scale directly into whole-brain behavior or modern AI architectures.; Animal and ex vivo findings require careful translation to human cognition and deployed systems.; Imaging conclusions can depend on acquisition, preprocessing, and model specification.",10.1176/AJP.105.5.361,df4a3e0eabd278c8477576356981a2dd3414318a,https://doi.org/10.1176/AJP.105.5.361,,,,JournalArticle,unknown,cerebral; neuromorphic; explicit brain-structure/AI bridge,
87,1948,Auditory and visual areas of the cerebral cortex of the rat.,D. Lemessurier,Federation proceedings,1948,14,0,61.94,General Brain-AI Structure Reviews and Methods,brain-structure,Positions Auditory and visual areas of the cerebral cortex of the rat. within General Brain Science and Reviews.,high citation signal (14); brain-structure signal,"Reviews and methods can dominate citations while obscuring smaller empirical advances.; Bridge terminology can be ambiguous, especially around neural networks, intelligence, and biological plausibility.; Imaging conclusions can depend on acquisition, preprocessing, and model specification.",,e41c021e5e6fdf5861d537f0c32b8f3aab9f45eb,https://www.semanticscholar.org/paper/e41c021e5e6fdf5861d537f0c32b8f3aab9f45eb,,,,JournalArticle,unknown,brain; cerebral; cortex; brain/neural structure in title,
88,1948,A comparative evaluation of the Bellevue-Wechsler mental deterioration index distribution of Allen's brain injured patients and of normal subjects.,"R. R. Blake, B. McCarty",Journal of Clinical Psychology,1948-10-01,14,0,59.14,Clinical NeuroAI and Brain Disorders,brain-structure;clinical-neuroai,Positions A comparative evaluation of the Bellevue-Wechsler mental deterioration index distribution of Allen's brain injured patients and of normal subjects. within Clinical Neurology and Neurodegeneration.,high citation signal (14); brain-structure signal,"Clinical cohorts vary by disease stage, comorbidity, treatment history, and follow-up.; Models can learn site or demographic artifacts instead of disease mechanisms.; Imaging conclusions can depend on acquisition, preprocessing, and model specification.",10.1002/1097-4679(194810)4:4<415::AID-JCLP2270040406>3.0.CO;2-Y,6a1a5452702fe8aab8f982572775cf1978dd6e9d,https://doi.org/10.1002/1097-4679(194810)4:4<415::AID-JCLP2270040406>3.0.CO;2-Y,,,,JournalArticle,unknown,brain; brain/neural structure in title,
89,1948,Brain tumors in infancy; a report of seven cases.,Leibner Iw,Unknown venue,1948-03-01,14,0,57.94,Clinical NeuroAI and Brain Disorders,brain-structure,Positions Brain tumors in infancy; a report of seven cases. within Clinical Neurology and Neurodegeneration.,high citation signal (14); brain-structure signal,"Clinical cohorts vary by disease stage, comorbidity, treatment history, and follow-up.; Models can learn site or demographic artifacts instead of disease mechanisms.; Imaging conclusions can depend on acquisition, preprocessing, and model specification.",,33a27b4f9f7656bb84346c133953ec2b0a526582,https://www.semanticscholar.org/paper/33a27b4f9f7656bb84346c133953ec2b0a526582,,,,paper,unknown,brain; brain/neural structure in title,
90,1948,Idiopathic hypoparathyroidism; a case simulating epilepsy and brain tumor.,Unknown authors,Jornal de Pediatria,1948-09-01,14,0,59.14,Clinical NeuroAI and Brain Disorders,brain-structure;clinical-neuroai,Positions Idiopathic hypoparathyroidism; a case simulating epilepsy and brain tumor. within Clinical Neurology and Neurodegeneration.,high citation signal (14); brain-structure signal,"Clinical cohorts vary by disease stage, comorbidity, treatment history, and follow-up.; Models can learn site or demographic artifacts instead of disease mechanisms.; Imaging conclusions can depend on acquisition, preprocessing, and model specification.",10.1016/S0022-3476(48)80112-5,022c86be526b4eafff2723c05ace251db62889e0,https://doi.org/10.1016/S0022-3476(48)80112-5,,,,JournalArticle; Review,unknown,brain; brain/neural structure in title,
91,1948,Investigations of free and bound potassium in rat brain and muscle.,"D. Stone, S. Shapiro",American Journal of Physiology,1948-11-01,14,0,60.94,General Brain-AI Structure Reviews and Methods,brain-structure,Positions Investigations of free and bound potassium in rat brain and muscle. within General Brain Science and Reviews.,high citation signal (14); open-access PDF metadata; brain-structure signal,"Reviews and methods can dominate citations while obscuring smaller empirical advances.; Bridge terminology can be ambiguous, especially around neural networks, intelligence, and biological plausibility.; Imaging conclusions can depend on acquisition, preprocessing, and model specification.",10.1152/AJPLEGACY.1948.155.2.141,01209f20e1ae4f66ea847ef4ec2021bb7399842b,https://doi.org/10.1152/AJPLEGACY.1948.155.2.141,,https://www.physiology.org/pb-assets/PDFs/2017-Legacy-1516816496183.pdf,,JournalArticle,unknown,brain; brain/neural structure in title,
92,1948,Massive hemorrhage in brain tumors.,"S. W. Gross, M. B. Bender",Archives of Neurology And Psychiatry,1948-12-01,14,0,69.94,Clinical NeuroAI and Brain Disorders,brain-structure,Positions Massive hemorrhage in brain tumors. within Clinical Neurology and Neurodegeneration.,high citation signal (14); recognized venue; brain-structure signal,"Clinical cohorts vary by disease stage, comorbidity, treatment history, and follow-up.; Models can learn site or demographic artifacts instead of disease mechanisms.; Imaging conclusions can depend on acquisition, preprocessing, and model specification.",10.1001/ARCHNEURPSYC.1948.02310060065007,2327abf268e5093cf3296c1be21dea49b922eb5a,https://doi.org/10.1001/ARCHNEURPSYC.1948.02310060065007,,,,JournalArticle; Review,unknown,brain; brain/neural structure in title,
93,1948,"The reaction of cerebral tissue to silver, tantalum and zirconium; a discussion of the use of these metals for hemostatic brain clips.","J. Bates, F. H. Lewey, C. Reiners",Journal of Neurosurgery,1948-07-01,13,0,58.7,General Brain-AI Structure Reviews and Methods,brain-structure,"Positions The reaction of cerebral tissue to silver, tantalum and zirconium; a discussion of the use of these metals for hemostatic brain clips. within General Brain Science and Reviews.",high citation signal (13); brain-structure signal,"Reviews and methods can dominate citations while obscuring smaller empirical advances.; Bridge terminology can be ambiguous, especially around neural networks, intelligence, and biological plausibility.; Imaging conclusions can depend on acquisition, preprocessing, and model specification.",10.3171/JNS.1948.5.4.0349,425dc5949ed2b7a43850d23accd1e2826d3e02ba,https://doi.org/10.3171/JNS.1948.5.4.0349,,,,JournalArticle,unknown,brain; cerebral; brain/neural structure in title,
94,1948,Aphasia in Brain Tumors,W. Riese,Unknown venue,1948,13,0,56.7,Clinical NeuroAI and Brain Disorders,brain-structure,Positions Aphasia in Brain Tumors within Clinical Neurology and Neurodegeneration.,high citation signal (13); brain-structure signal,"Clinical cohorts vary by disease stage, comorbidity, treatment history, and follow-up.; Models can learn site or demographic artifacts instead of disease mechanisms.; Imaging conclusions can depend on acquisition, preprocessing, and model specification.",10.1159/000105822,f25413f3d1106e8fa891c5c142f950973d7083ec,https://doi.org/10.1159/000105822,,,,paper,unknown,brain; brain/neural structure in title,
95,1948,Physiologic studies of arteriovenous anomalies of the brain.,"H. Shenkin, E. Spitz",Journal of Neurosurgery,1948,13,0,56.7,General Brain-AI Structure Reviews and Methods,brain-structure,Positions Physiologic studies of arteriovenous anomalies of the brain. within General Brain Science and Reviews.,high citation signal (13); brain-structure signal,"Reviews and methods can dominate citations while obscuring smaller empirical advances.; Bridge terminology can be ambiguous, especially around neural networks, intelligence, and biological plausibility.; Imaging conclusions can depend on acquisition, preprocessing, and model specification.",,b5379443b40c6ee0d08f3c8fb8a3baae9c921b16,https://www.semanticscholar.org/paper/b5379443b40c6ee0d08f3c8fb8a3baae9c921b16,,,,JournalArticle,unknown,brain; brain/neural structure in title,
96,1948,THE BLOOD FLOW AND OXYGEN CONSUMPTION OF THE HUMAN BRAIN IN DIABETIC ACIDOSIS AND COMA.,"S. Kety, B. Polis, C. Nadler, C. Schmidt",Journal of Clinical Investigation,1948,13,0,57.9,Clinical NeuroAI and Brain Disorders,brain-structure;clinical-neuroai,Positions THE BLOOD FLOW AND OXYGEN CONSUMPTION OF THE HUMAN BRAIN IN DIABETIC ACIDOSIS AND COMA. within Clinical Neurology and Neurodegeneration.,high citation signal (13); brain-structure signal,"Clinical cohorts vary by disease stage, comorbidity, treatment history, and follow-up.; Models can learn site or demographic artifacts instead of disease mechanisms.; Imaging conclusions can depend on acquisition, preprocessing, and model specification.",,a15cba0f300f34d9c624816ac405bda5d06aa6a7,https://www.semanticscholar.org/paper/a15cba0f300f34d9c624816ac405bda5d06aa6a7,,,,JournalArticle,unknown,brain; brain/neural structure in title,
97,1948,"The Brain of the Tiger Salamander, Ambystoma tigrinum.",E. Craigie,Unknown venue,1948-08-01,13,1,56.7,General Brain-AI Structure Reviews and Methods,brain-structure,"Positions The Brain of the Tiger Salamander, Ambystoma tigrinum. within General Brain Science and Reviews.",high citation signal (13); brain-structure signal,"Reviews and methods can dominate citations while obscuring smaller empirical advances.; Bridge terminology can be ambiguous, especially around neural networks, intelligence, and biological plausibility.; Imaging conclusions can depend on acquisition, preprocessing, and model specification.",10.1176/ajp.105.2.157-b,588d5d0837df933e745e4b1695c6ed190f5459d7,https://doi.org/10.1176/ajp.105.2.157-b,,,,paper,unknown,brain; brain/neural structure in title,
98,1948,Carbonic anhydrase in the central nervous system of the developing fetus.,"W. Ashby, E. Butler",Journal of Biological Chemistry,1948-08-01,12,0,62.37,General Brain-AI Structure Reviews and Methods,brain-structure,"Well defined patterns of quantitative distribution of carbonic anhydrase have been reported in the central nervous system of man and of animals (1,2).",high citation signal (12); open-access PDF metadata; brain-structure signal,"Reviews and methods can dominate citations while obscuring smaller empirical advances.; Bridge terminology can be ambiguous, especially around neural networks, intelligence, and biological plausibility.; Imaging conclusions can depend on acquisition, preprocessing, and model specification.",10.1016/s0021-9258(18)57272-0,80480d44eb8ab8e38f426c851dacc7a9bc797e2f,https://doi.org/10.1016/s0021-9258(18)57272-0,,https://doi.org/10.1016/s0021-9258(18)57272-0,,JournalArticle,unknown,brain; cerebral; cerebrum; cortex; cortical; basal ganglia,"Well defined patterns of quantitative distribution of carbonic anhydrase have been reported in the central nervous system of man and of animals (1,2). Two reports have been made on deviations from the normal pattern of distribution in man incident to mental disease (3,4). As part of an effort to elucidate the significance of this enzyme in the central nervous system, a study of its fetal distribution was undertaken. Studies by various workers have been reported on oxygen uptake and on increase in individual enzymes with maturation of the central nervous system. These were made both upon the young of animals immature at birth and upon fetuses of species comparatively mature when born. Measurements of 02 uptake by the central nervous system in puppies from birth to 7 weeks of age, made by Himwich and Fazekas (5), show an increase in metabolic rate proceeding from the medulla to the caudate nucleus and approaching the pattern of the adult in which the respiratory metabolism is found to be higher in the newer phylogenic layers than in the older. Adult oxygen consumption was not attained. Similar findings are reported by Tyler and van Harreveld for therat (6). Studies on the distribution of the enzymes choline esterase, cytochrome oxidase, succinic dehydrogenase, and succinic oxidase show a similar rostra1 movement in attainment of maximum content. In the human fetus obtained by hysterotomies and hysterectomies Youngstrom (7) reports a rapid increase in choline esterase content of the cord, medulla, and midbrain from the 56th to the 121st day of fetal age. In the basal ganglia and cerebrum there was a slight increase up to 4 months, when a precipitous increase occurred. A similar study was made by Nachmansohn (8) in fetal goats. Flexner, Flexner, and Straus (9, 10) studied the increases, in the cerebral cortex only, of cytochrome oxidase, succinic dehydrogenase, and succinic oxidase with growth of the fetal pig. Between the 60th day and birth at 114 days there were two increases in these enzymes which correlated with morphologic changes in the cortical tissue. Studies by Meldrum and Roughton (11) on the development of carbonic anhydrase in the blood of fetal goats and those of Stevenson (12) on the"
99,1948,"An experimental study of the relationship between the size of the eye and the size of the optic tectum in the brain of the developing teleost, Fundulus heteroclitus.",E. L. White,The Journal of experimental zoology,1948-08-01,12,0,55.37,General Brain-AI Structure Reviews and Methods,brain-structure,"Positions An experimental study of the relationship between the size of the eye and the size of the optic tectum in the brain of the developing teleost, Fundulus heteroclitus. within General Brain Science and Reviews.",high citation signal (12); brain-structure signal,"Reviews and methods can dominate citations while obscuring smaller empirical advances.; Bridge terminology can be ambiguous, especially around neural networks, intelligence, and biological plausibility.; Imaging conclusions can depend on acquisition, preprocessing, and model specification.",10.1002/JEZ.1401080306,fc6ab2dace0dca398cc38b5316871f4c9bc61070,https://doi.org/10.1002/JEZ.1401080306,,,,JournalArticle,unknown,brain; brain/neural structure in title,
100,1948,Psychotic reactions in the late recovery period following brain injury.,"J. Aita, R. Reitan",American Journal of Psychiatry,1948-09-01,12,0,55.37,General Brain-AI Structure Reviews and Methods,brain-structure,"Positions Psychotic reactions in the late recovery period following brain injury. within Cerebrovascular, Metabolism, and Brain Injury.",high citation signal (12); brain-structure signal,"Reviews and methods can dominate citations while obscuring smaller empirical advances.; Bridge terminology can be ambiguous, especially around neural networks, intelligence, and biological plausibility.; Imaging conclusions can depend on acquisition, preprocessing, and model specification.",10.1176/AJP.105.3.161,73f972f2361d4f7bda988f339abc34bc841011bf,https://doi.org/10.1176/AJP.105.3.161,,,,JournalArticle,unknown,brain; brain/neural structure in title,
